{"timestamp":1572411613.4005000591,"rapl_power_draw_absolute":73.3196883161,"rapl_estimated_attributable_power_draw":21.0959718637,"cpu_time_seconds":{"23676":{"user":10.77,"system":2.92,"children_user":1.15,"children_system":0.34},"23796":{"user":0.01,"system":0.06,"children_user":0.0,"children_system":0.05}},"average_relative_cpu_utilization":0.2865007476,"absolute_cpu_utilization":0.998537297,"relative_mem_usage":0.2995657539,"absolute_mem_usage":3794264064.0,"absolute_mem_percent_usage":0.0280850115,"mem_info_per_process":{"23676":{"rss":3652931584,"vms":11646308352,"shared":564654080,"text":2322432,"lib":0,"data":9918504960,"dirty":0,"uss":118923264,"pss":1880599552,"swap":0},"23796":{"rss":3262201856,"vms":11646308352,"shared":173772800,"text":2322432,"lib":0,"data":9918504960,"dirty":0,"uss":111030272,"pss":1683710976,"swap":0}},"nvidia_draw_absolute":115.8,"nvidia_estimated_attributable_power_draw":115.8,"average_gpu_estimated_utilization_absolute":0.99,"per_gpu_average_estimated_utilization_absolute":{"(0, 23676)":{"sm":99,"mem":55,"enc":0,"dec":0}},"average_gpu_estimated_utilization_relative":1.0,"per_gpu_performance_state":{"0":"P2"},"per_gpu_power_draw":{"0":115.8},"cpu_count_adjusted_average_load":[0.1496875,0.1578125,0.1590625],"realtime_carbon_intensity":337.461173778,"disk_write_speed":35.7515303825,"process_ids":[23676,23796]}
{"timestamp":1572411621.7134859562,"rapl_power_draw_absolute":73.4340275821,"rapl_estimated_attributable_power_draw":19.5138289901,"cpu_time_seconds":{"23676":{"user":18.8,"system":3.2,"children_user":1.15,"children_system":0.34},"23796":{"user":0.21,"system":0.4,"children_user":0.03,"children_system":0.31}},"average_relative_cpu_utilization":0.2621106921,"absolute_cpu_utilization":0.9986751667,"relative_mem_usage":0.3009476096,"absolute_mem_usage":3825683456.0,"absolute_mem_percent_usage":0.0283175767,"mem_info_per_process":{"23676":{"rss":3652931584,"vms":11646308352,"shared":564654080,"text":2322432,"lib":0,"data":9918504960,"dirty":0,"uss":129183744,"pss":1885359104,"swap":0},"23796":{"rss":3268521984,"vms":11646308352,"shared":180080640,"text":2322432,"lib":0,"data":9918504960,"dirty":0,"uss":120680448,"pss":1690460160,"swap":0}},"nvidia_draw_absolute":117.84,"nvidia_estimated_attributable_power_draw":117.84,"average_gpu_estimated_utilization_absolute":0.99,"per_gpu_average_estimated_utilization_absolute":{"(0, 23676)":{"sm":99,"mem":54,"enc":0,"dec":0}},"average_gpu_estimated_utilization_relative":1.0,"per_gpu_performance_state":{"0":"P2"},"per_gpu_power_draw":{"0":117.84},"cpu_count_adjusted_average_load":[0.1484375,0.1575,0.15875],"realtime_carbon_intensity":337.461173778,"disk_write_speed":22.1891405536,"process_ids":[23676,23796]}
{"timestamp":1572411630.1320619583,"rapl_power_draw_absolute":79.1114725821,"rapl_estimated_attributable_power_draw":17.8647613738,"cpu_time_seconds":{"23676":{"user":27.04,"system":3.39,"children_user":1.15,"children_system":0.34},"23796":{"user":0.38,"system":0.74,"children_user":0.04,"children_system":0.63}},"average_relative_cpu_utilization":0.2207361086,"absolute_cpu_utilization":0.9985613483,"relative_mem_usage":0.2737188177,"absolute_mem_usage":3795339264.0,"absolute_mem_percent_usage":0.0280929701,"mem_info_per_process":{"23676":{"rss":3653058560,"vms":11646308352,"shared":564654080,"text":2322432,"lib":0,"data":9918504960,"dirty":0,"uss":129810432,"pss":1854902272,"swap":0},"23796":{"rss":3268521984,"vms":11646308352,"shared":180080640,"text":2322432,"lib":0,"data":9918504960,"dirty":0,"uss":120791040,"pss":1689835520,"swap":0}},"nvidia_draw_absolute":118.92,"nvidia_estimated_attributable_power_draw":118.92,"average_gpu_estimated_utilization_absolute":0.9466666667,"per_gpu_average_estimated_utilization_absolute":{"(0, 23676)":{"sm":94.6666666667,"mem":52.0,"enc":0.0,"dec":0.0}},"average_gpu_estimated_utilization_relative":1.0,"per_gpu_performance_state":{"0":"P2"},"per_gpu_power_draw":{"0":118.92},"cpu_count_adjusted_average_load":[0.1446875,0.15625,0.1584375],"realtime_carbon_intensity":337.461173778,"disk_write_speed":25.7410979372,"process_ids":[23676,23796]}
{"timestamp":1572411638.3771569729,"rapl_power_draw_absolute":77.3411806846,"rapl_estimated_attributable_power_draw":17.4535782156,"cpu_time_seconds":{"23676":{"user":35.02,"system":3.66,"children_user":1.15,"children_system":0.34},"23796":{"user":0.55,"system":1.05,"children_user":0.04,"children_system":0.91}},"average_relative_cpu_utilization":0.2248272998,"absolute_cpu_utilization":1.0037584524,"relative_mem_usage":0.2340872598,"absolute_mem_usage":3768510464.0,"absolute_mem_percent_usage":0.0278943842,"mem_info_per_process":{"23676":{"rss":3653169152,"vms":11646308352,"shared":564654080,"text":2322432,"lib":0,"data":9918504960,"dirty":0,"uss":129802240,"pss":1828272128,"swap":0},"23796":{"rss":3268591616,"vms":11646308352,"shared":180146176,"text":2322432,"lib":0,"data":9918504960,"dirty":0,"uss":120815616,"pss":1689620480,"swap":0}},"nvidia_draw_absolute":119.31,"nvidia_estimated_attributable_power_draw":119.31,"average_gpu_estimated_utilization_absolute":0.99,"per_gpu_average_estimated_utilization_absolute":{"(0, 23676)":{"sm":99.0,"mem":54.5,"enc":0.0,"dec":0.0}},"average_gpu_estimated_utilization_relative":1.0,"per_gpu_performance_state":{"0":"P2"},"per_gpu_power_draw":{"0":119.31},"cpu_count_adjusted_average_load":[0.143125,0.155625,0.1584375],"realtime_carbon_intensity":337.461173778,"disk_write_speed":34.3326853106,"process_ids":[23676,23796]}
{"timestamp":1572411646.667773962,"rapl_power_draw_absolute":77.5511881923,"rapl_estimated_attributable_power_draw":17.1102517364,"cpu_time_seconds":{"23676":{"user":43.06,"system":3.92,"children_user":1.15,"children_system":0.34},"23796":{"user":0.76,"system":1.39,"children_user":0.07,"children_system":1.19}},"average_relative_cpu_utilization":0.2193107666,"absolute_cpu_utilization":1.0085960837,"relative_mem_usage":0.2341248179,"absolute_mem_usage":3768185856.0,"absolute_mem_percent_usage":0.0278919815,"mem_info_per_process":{"23676":{"rss":3653263360,"vms":11646308352,"shared":564654080,"text":2322432,"lib":0,"data":9918504960,"dirty":0,"uss":129896448,"pss":1828188160,"swap":0},"23796":{"rss":3268591616,"vms":11646308352,"shared":180146176,"text":2322432,"lib":0,"data":9918504960,"dirty":0,"uss":120819712,"pss":1689281536,"swap":0}},"nvidia_draw_absolute":119.81,"nvidia_estimated_attributable_power_draw":119.81,"average_gpu_estimated_utilization_absolute":0.99,"per_gpu_average_estimated_utilization_absolute":{"(0, 23676)":{"sm":99,"mem":54,"enc":0,"dec":0}},"average_gpu_estimated_utilization_relative":1.0,"per_gpu_performance_state":{"0":"P2"},"per_gpu_power_draw":{"0":119.81},"cpu_count_adjusted_average_load":[0.1475,0.15625,0.1584375],"realtime_carbon_intensity":337.461173778,"disk_write_speed":33.891883516,"process_ids":[23676,23796]}
{"timestamp":1572411654.9048130512,"rapl_power_draw_absolute":77.8868397276,"rapl_estimated_attributable_power_draw":17.1242526257,"cpu_time_seconds":{"23676":{"user":51.06,"system":4.16,"children_user":1.15,"children_system":0.34},"23796":{"user":0.95,"system":1.72,"children_user":0.09,"children_system":1.47}},"average_relative_cpu_utilization":0.2184660431,"absolute_cpu_utilization":1.0036193775,"relative_mem_usage":0.2341049674,"absolute_mem_usage":3768198144.0,"absolute_mem_percent_usage":0.0278920724,"mem_info_per_process":{"23676":{"rss":3653292032,"vms":11646308352,"shared":564654080,"text":2322432,"lib":0,"data":9918504960,"dirty":0,"uss":129900544,"pss":1828190208,"swap":0},"23796":{"rss":3268591616,"vms":11646308352,"shared":180146176,"text":2322432,"lib":0,"data":9918504960,"dirty":0,"uss":120823808,"pss":1689283584,"swap":0}},"nvidia_draw_absolute":120.58,"nvidia_estimated_attributable_power_draw":120.58,"average_gpu_estimated_utilization_absolute":0.98,"per_gpu_average_estimated_utilization_absolute":{"(0, 23676)":{"sm":98,"mem":54,"enc":0,"dec":0}},"average_gpu_estimated_utilization_relative":1.0,"per_gpu_performance_state":{"0":"P2"},"per_gpu_power_draw":{"0":120.58},"cpu_count_adjusted_average_load":[0.1578125,0.158125,0.1590625],"realtime_carbon_intensity":337.461173778,"disk_write_speed":21.8072641571,"process_ids":[23676,23796]}
