{"timestamp":1573521637.1046628952,"rapl_power_draw_absolute":66.6373604463,"rapl_estimated_attributable_power_draw":14.722240295,"cpu_time_seconds":{"18754":{"user":32.55,"system":3.18,"children_user":0.12,"children_system":0.12},"18803":{"user":0.01,"system":0.02,"children_user":0.0,"children_system":0.03}},"average_relative_cpu_utilization":0.2379628424,"absolute_cpu_utilization":0.9886491805,"relative_mem_usage":0.0400782879,"absolute_mem_usage":3060320256.0,"absolute_mem_percent_usage":0.0226523848,"mem_info_per_process":{"18754":{"rss":1972371456,"vms":8843227136,"shared":114900992,"text":2322432,"lib":0,"data":7445073920,"dirty":0,"uss":619171840,"pss":1298677760,"swap":0},"18803":{"rss":1579036672,"vms":3689869312,"shared":4517888,"text":2322432,"lib":0,"data":2328715264,"dirty":0,"uss":235753472,"pss":906717184,"swap":0}},"nvidia_draw_absolute":37.11,"nvidia_estimated_attributable_power_draw":37.11,"average_gpu_estimated_utilization_absolute":0.025,"per_gpu_average_estimated_utilization_absolute":{"(0, 18754)":{"sm":2.5,"mem":0.0,"enc":0.0,"dec":0.0}},"average_gpu_estimated_utilization_relative":1.0,"per_gpu_performance_state":{"0":"P2"},"per_gpu_power_draw":{"0":37.11},"cpu_count_adjusted_average_load":[0.1359375,0.13,0.1321875],"cpu_freq":[{"current":2399.906,"min":1200.0,"max":3200.0},{"current":1263.843,"min":1200.0,"max":3200.0},{"current":1487.437,"min":1200.0,"max":3200.0},{"current":2399.062,"min":1200.0,"max":3200.0},{"current":1298.906,"min":1200.0,"max":3200.0},{"current":1242.562,"min":1200.0,"max":3200.0},{"current":1299.937,"min":1200.0,"max":3200.0},{"current":2397.843,"min":1200.0,"max":3200.0},{"current":1973.531,"min":1200.0,"max":3200.0},{"current":1700.156,"min":1200.0,"max":3200.0},{"current":3149.531,"min":1200.0,"max":3200.0},{"current":1250.25,"min":1200.0,"max":3200.0},{"current":1227.937,"min":1200.0,"max":3200.0},{"current":1200.187,"min":1200.0,"max":3200.0},{"current":1200.093,"min":1200.0,"max":3200.0},{"current":1293.375,"min":1200.0,"max":3200.0},{"current":2380.687,"min":1200.0,"max":3200.0},{"current":1297.593,"min":1200.0,"max":3200.0},{"current":1299.656,"min":1200.0,"max":3200.0},{"current":1754.156,"min":1200.0,"max":3200.0},{"current":1594.5,"min":1200.0,"max":3200.0},{"current":1202.062,"min":1200.0,"max":3200.0},{"current":1200.093,"min":1200.0,"max":3200.0},{"current":1303.875,"min":1200.0,"max":3200.0},{"current":2034.656,"min":1200.0,"max":3200.0},{"current":1589.625,"min":1200.0,"max":3200.0},{"current":3201.0,"min":1200.0,"max":3200.0},{"current":1204.312,"min":1200.0,"max":3200.0},{"current":1268.531,"min":1200.0,"max":3200.0},{"current":1203.093,"min":1200.0,"max":3200.0},{"current":1215.75,"min":1200.0,"max":3200.0},{"current":1200.093,"min":1200.0,"max":3200.0}],"realtime_carbon_intensity":396.0287013356,"disk_write_speed":34.5196315832,"process_ids":[18754,18803]}
{"timestamp":1573521645.3844590187,"rapl_power_draw_absolute":66.4346229049,"rapl_estimated_attributable_power_draw":15.1383838901,"cpu_time_seconds":{"18754":{"user":39.23,"system":4.65,"children_user":0.12,"children_system":0.12},"18803":{"user":0.26,"system":0.18,"children_user":0.02,"children_system":0.22}},"average_relative_cpu_utilization":0.2364524173,"absolute_cpu_utilization":1.003636265,"relative_mem_usage":0.129793138,"absolute_mem_usage":10293903360.0,"absolute_mem_percent_usage":0.0761951169,"mem_info_per_process":{"18754":{"rss":4468969472,"vms":13739466752,"shared":556871680,"text":2322432,"lib":0,"data":12169555968,"dirty":0,"uss":3861377024,"pss":4162286592,"swap":0},"18803":{"rss":1585889280,"vms":3689869312,"shared":11354112,"text":2322432,"lib":0,"data":2328715264,"dirty":0,"uss":985501696,"pss":1284738048,"swap":0}},"nvidia_draw_absolute":50.74,"nvidia_estimated_attributable_power_draw":50.74,"average_gpu_estimated_utilization_absolute":0.3233333333,"per_gpu_average_estimated_utilization_absolute":{"(0, 18754)":{"sm":32.3333333333,"mem":7.6666666667,"enc":0.0,"dec":0.0}},"average_gpu_estimated_utilization_relative":1.0,"per_gpu_performance_state":{"0":"P2"},"per_gpu_power_draw":{"0":50.74},"cpu_count_adjusted_average_load":[0.1375,0.130625,0.1321875],"cpu_freq":[{"current":1206.0,"min":1200.0,"max":3200.0},{"current":1572.937,"min":1200.0,"max":3200.0},{"current":2399.906,"min":1200.0,"max":3200.0},{"current":2195.062,"min":1200.0,"max":3200.0},{"current":1299.843,"min":1200.0,"max":3200.0},{"current":1281.656,"min":1200.0,"max":3200.0},{"current":2170.968,"min":1200.0,"max":3200.0},{"current":2400.0,"min":1200.0,"max":3200.0},{"current":1473.468,"min":1200.0,"max":3200.0},{"current":1296.656,"min":1200.0,"max":3200.0},{"current":3098.906,"min":1200.0,"max":3200.0},{"current":1365.093,"min":1200.0,"max":3200.0},{"current":1533.468,"min":1200.0,"max":3200.0},{"current":1200.375,"min":1200.0,"max":3200.0},{"current":1239.843,"min":1200.0,"max":3200.0},{"current":1266.187,"min":1200.0,"max":3200.0},{"current":1697.437,"min":1200.0,"max":3200.0},{"current":1419.093,"min":1200.0,"max":3200.0},{"current":2399.906,"min":1200.0,"max":3200.0},{"current":2099.343,"min":1200.0,"max":3200.0},{"current":1299.937,"min":1200.0,"max":3200.0},{"current":1208.812,"min":1200.0,"max":3200.0},{"current":2378.625,"min":1200.0,"max":3200.0},{"current":1997.625,"min":1200.0,"max":3200.0},{"current":1813.968,"min":1200.0,"max":3200.0},{"current":1409.531,"min":1200.0,"max":3200.0},{"current":2605.218,"min":1200.0,"max":3200.0},{"current":1541.906,"min":1200.0,"max":3200.0},{"current":1365.562,"min":1200.0,"max":3200.0},{"current":1630.406,"min":1200.0,"max":3200.0},{"current":1375.312,"min":1200.0,"max":3200.0},{"current":1200.093,"min":1200.0,"max":3200.0}],"realtime_carbon_intensity":396.0287013356,"disk_write_speed":32.7689102475,"process_ids":[18754,18803]}
{"timestamp":1573521653.5480940342,"rapl_power_draw_absolute":66.8267424788,"rapl_estimated_attributable_power_draw":15.819344016,"cpu_time_seconds":{"18754":{"user":47.2,"system":4.85,"children_user":0.12,"children_system":0.12},"18803":{"user":0.46,"system":0.36,"children_user":0.03,"children_system":0.4}},"average_relative_cpu_utilization":0.245693988,"absolute_cpu_utilization":1.0035740028,"relative_mem_usage":0.129841019,"absolute_mem_usage":10301382656.0,"absolute_mem_percent_usage":0.0762504784,"mem_info_per_process":{"18754":{"rss":4469035008,"vms":13739466752,"shared":556937216,"text":2322432,"lib":0,"data":12169555968,"dirty":0,"uss":3863891968,"pss":4163576832,"swap":0},"18803":{"rss":1585889280,"vms":3689869312,"shared":11354112,"text":2322432,"lib":0,"data":2328715264,"dirty":0,"uss":987951104,"pss":1285962752,"swap":0}},"nvidia_draw_absolute":52.69,"nvidia_estimated_attributable_power_draw":52.69,"average_gpu_estimated_utilization_absolute":0.3233333333,"per_gpu_average_estimated_utilization_absolute":{"(0, 18754)":{"sm":32.3333333333,"mem":7.3333333333,"enc":0.0,"dec":0.0}},"average_gpu_estimated_utilization_relative":1.0,"per_gpu_performance_state":{"0":"P2"},"per_gpu_power_draw":{"0":52.69},"cpu_count_adjusted_average_load":[0.188125,0.14125,0.135625],"cpu_freq":[{"current":2352.0,"min":1200.0,"max":3200.0},{"current":2400.0,"min":1200.0,"max":3200.0},{"current":2098.781,"min":1200.0,"max":3200.0},{"current":1204.593,"min":1200.0,"max":3200.0},{"current":1201.968,"min":1200.0,"max":3200.0},{"current":1297.875,"min":1200.0,"max":3200.0},{"current":2151.843,"min":1200.0,"max":3200.0},{"current":1398.75,"min":1200.0,"max":3200.0},{"current":1530.843,"min":1200.0,"max":3200.0},{"current":1200.0,"min":1200.0,"max":3200.0},{"current":3078.937,"min":1200.0,"max":3200.0},{"current":1220.156,"min":1200.0,"max":3200.0},{"current":1200.281,"min":1200.0,"max":3200.0},{"current":1212.937,"min":1200.0,"max":3200.0},{"current":1241.906,"min":1200.0,"max":3200.0},{"current":1360.031,"min":1200.0,"max":3200.0},{"current":1890.093,"min":1200.0,"max":3200.0},{"current":2400.0,"min":1200.0,"max":3200.0},{"current":1796.625,"min":1200.0,"max":3200.0},{"current":1426.312,"min":1200.0,"max":3200.0},{"current":1299.937,"min":1200.0,"max":3200.0},{"current":1261.593,"min":1200.0,"max":3200.0},{"current":2400.0,"min":1200.0,"max":3200.0},{"current":1351.593,"min":1200.0,"max":3200.0},{"current":1560.843,"min":1200.0,"max":3200.0},{"current":1277.718,"min":1200.0,"max":3200.0},{"current":2992.968,"min":1200.0,"max":3200.0},{"current":1379.062,"min":1200.0,"max":3200.0},{"current":1224.937,"min":1200.0,"max":3200.0},{"current":1220.531,"min":1200.0,"max":3200.0},{"current":1274.343,"min":1200.0,"max":3200.0},{"current":1394.437,"min":1200.0,"max":3200.0}],"realtime_carbon_intensity":396.0287013356,"disk_write_speed":38.3316609,"process_ids":[18754,18803]}
{"timestamp":1573521661.6686429977,"rapl_power_draw_absolute":67.1811158045,"rapl_estimated_attributable_power_draw":15.7339272524,"cpu_time_seconds":{"18754":{"user":55.09,"system":5.08,"children_user":0.12,"children_system":0.12},"18803":{"user":0.7,"system":0.52,"children_user":0.06,"children_system":0.57}},"average_relative_cpu_utilization":0.2427322177,"absolute_cpu_utilization":1.0035992797,"relative_mem_usage":0.1298978942,"absolute_mem_usage":10304221184.0,"absolute_mem_percent_usage":0.0762714891,"mem_info_per_process":{"18754":{"rss":4469035008,"vms":13739466752,"shared":556937216,"text":2322432,"lib":0,"data":12169555968,"dirty":0,"uss":3864838144,"pss":4164049920,"swap":0},"18803":{"rss":1585889280,"vms":3689869312,"shared":11354112,"text":2322432,"lib":0,"data":2328715264,"dirty":0,"uss":988897280,"pss":1286435840,"swap":0}},"nvidia_draw_absolute":51.03,"nvidia_estimated_attributable_power_draw":51.03,"average_gpu_estimated_utilization_absolute":0.3266666667,"per_gpu_average_estimated_utilization_absolute":{"(0, 18754)":{"sm":32.6666666667,"mem":7.6666666667,"enc":0.0,"dec":0.0}},"average_gpu_estimated_utilization_relative":1.0,"per_gpu_performance_state":{"0":"P2"},"per_gpu_power_draw":{"0":51.03},"cpu_count_adjusted_average_load":[0.185625,0.1415625,0.1359375],"cpu_freq":[{"current":1206.0,"min":1200.0,"max":3200.0},{"current":1217.25,"min":1200.0,"max":3200.0},{"current":1299.937,"min":1200.0,"max":3200.0},{"current":1977.468,"min":1200.0,"max":3200.0},{"current":1241.25,"min":1200.0,"max":3200.0},{"current":1652.812,"min":1200.0,"max":3200.0},{"current":2400.0,"min":1200.0,"max":3200.0},{"current":1299.937,"min":1200.0,"max":3200.0},{"current":1277.906,"min":1200.0,"max":3200.0},{"current":1295.718,"min":1200.0,"max":3200.0},{"current":3170.437,"min":1200.0,"max":3200.0},{"current":1426.5,"min":1200.0,"max":3200.0},{"current":1200.187,"min":1200.0,"max":3200.0},{"current":1214.156,"min":1200.0,"max":3200.0},{"current":1271.437,"min":1200.0,"max":3200.0},{"current":1200.093,"min":1200.0,"max":3200.0},{"current":1497.937,"min":1200.0,"max":3200.0},{"current":2399.906,"min":1200.0,"max":3200.0},{"current":1200.843,"min":1200.0,"max":3200.0},{"current":2106.562,"min":1200.0,"max":3200.0},{"current":1225.5,"min":1200.0,"max":3200.0},{"current":1601.062,"min":1200.0,"max":3200.0},{"current":1297.968,"min":1200.0,"max":3200.0},{"current":1205.531,"min":1200.0,"max":3200.0},{"current":1390.312,"min":1200.0,"max":3200.0},{"current":1204.406,"min":1200.0,"max":3200.0},{"current":3085.406,"min":1200.0,"max":3200.0},{"current":1300.5,"min":1200.0,"max":3200.0},{"current":1229.156,"min":1200.0,"max":3200.0},{"current":1201.875,"min":1200.0,"max":3200.0},{"current":1254.187,"min":1200.0,"max":3200.0},{"current":1266.0,"min":1200.0,"max":3200.0}],"realtime_carbon_intensity":396.0287013356,"disk_write_speed":38.438289206,"process_ids":[18754,18803]}
{"timestamp":1573521669.7659769058,"rapl_power_draw_absolute":66.7899428284,"rapl_estimated_attributable_power_draw":15.3148258596,"cpu_time_seconds":{"18754":{"user":62.97,"system":5.3,"children_user":0.12,"children_system":0.12},"18803":{"user":0.91,"system":0.73,"children_user":0.08,"children_system":0.74}},"average_relative_cpu_utilization":0.2375623316,"absolute_cpu_utilization":1.0035753671,"relative_mem_usage":0.1299458688,"absolute_mem_usage":10306199552.0,"absolute_mem_percent_usage":0.0762861329,"mem_info_per_process":{"18754":{"rss":4469035008,"vms":13739466752,"shared":556937216,"text":2322432,"lib":0,"data":12169555968,"dirty":0,"uss":3865497600,"pss":4164379648,"swap":0},"18803":{"rss":1585889280,"vms":3689869312,"shared":11354112,"text":2322432,"lib":0,"data":2328715264,"dirty":0,"uss":989556736,"pss":1286765568,"swap":0}},"nvidia_draw_absolute":45.17,"nvidia_estimated_attributable_power_draw":45.17,"average_gpu_estimated_utilization_absolute":0.35,"per_gpu_average_estimated_utilization_absolute":{"(0, 18754)":{"sm":35.0,"mem":7.5,"enc":0.0,"dec":0.0}},"average_gpu_estimated_utilization_relative":1.0,"per_gpu_performance_state":{"0":"P2"},"per_gpu_power_draw":{"0":45.17},"cpu_count_adjusted_average_load":[0.1784375,0.1415625,0.1359375],"cpu_freq":[{"current":2399.906,"min":1200.0,"max":3200.0},{"current":1488.562,"min":1200.0,"max":3200.0},{"current":2399.906,"min":1200.0,"max":3200.0},{"current":2399.906,"min":1200.0,"max":3200.0},{"current":1249.125,"min":1200.0,"max":3200.0},{"current":1200.281,"min":1200.0,"max":3200.0},{"current":2399.906,"min":1200.0,"max":3200.0},{"current":1431.656,"min":1200.0,"max":3200.0},{"current":1387.125,"min":1200.0,"max":3200.0},{"current":1296.562,"min":1200.0,"max":3200.0},{"current":3133.5,"min":1200.0,"max":3200.0},{"current":1452.937,"min":1200.0,"max":3200.0},{"current":1200.093,"min":1200.0,"max":3200.0},{"current":1249.781,"min":1200.0,"max":3200.0},{"current":1208.25,"min":1200.0,"max":3200.0},{"current":1203.656,"min":1200.0,"max":3200.0},{"current":2400.0,"min":1200.0,"max":3200.0},{"current":1499.906,"min":1200.0,"max":3200.0},{"current":2400.0,"min":1200.0,"max":3200.0},{"current":2399.906,"min":1200.0,"max":3200.0},{"current":1368.281,"min":1200.0,"max":3200.0},{"current":1376.718,"min":1200.0,"max":3200.0},{"current":2399.906,"min":1200.0,"max":3200.0},{"current":1799.25,"min":1200.0,"max":3200.0},{"current":1300.968,"min":1200.0,"max":3200.0},{"current":1199.906,"min":1200.0,"max":3200.0},{"current":3054.375,"min":1200.0,"max":3200.0},{"current":1433.625,"min":1200.0,"max":3200.0},{"current":1245.656,"min":1200.0,"max":3200.0},{"current":1304.812,"min":1200.0,"max":3200.0},{"current":1429.593,"min":1200.0,"max":3200.0},{"current":1200.281,"min":1200.0,"max":3200.0}],"realtime_carbon_intensity":396.0287013356,"disk_write_speed":51.0996681508,"process_ids":[18754,18803]}
{"timestamp":1573521677.7870960236,"rapl_power_draw_absolute":65.9536440484,"rapl_estimated_attributable_power_draw":15.4764125093,"cpu_time_seconds":{"18754":{"user":70.67,"system":5.62,"children_user":0.12,"children_system":0.12},"18803":{"user":1.14,"system":0.92,"children_user":0.1,"children_system":0.92}},"average_relative_cpu_utilization":0.2432875242,"absolute_cpu_utilization":0.9994042268,"relative_mem_usage":0.1299416418,"absolute_mem_usage":10307342336.0,"absolute_mem_percent_usage":0.0762945918,"mem_info_per_process":{"18754":{"rss":4469035008,"vms":13739466752,"shared":556937216,"text":2322432,"lib":0,"data":12169555968,"dirty":0,"uss":3865878528,"pss":4164570112,"swap":0},"18803":{"rss":1585889280,"vms":3689869312,"shared":11354112,"text":2322432,"lib":0,"data":2328715264,"dirty":0,"uss":989937664,"pss":1286956032,"swap":0}},"nvidia_draw_absolute":44.89,"nvidia_estimated_attributable_power_draw":44.89,"average_gpu_estimated_utilization_absolute":0.35,"per_gpu_average_estimated_utilization_absolute":{"(0, 18754)":{"sm":35.0,"mem":7.5,"enc":0.0,"dec":0.0}},"average_gpu_estimated_utilization_relative":1.0,"per_gpu_performance_state":{"0":"P2"},"per_gpu_power_draw":{"0":44.89},"cpu_count_adjusted_average_load":[0.1725,0.1415625,0.1359375],"cpu_freq":[{"current":1200.0,"min":1200.0,"max":3200.0},{"current":1396.781,"min":1200.0,"max":3200.0},{"current":1406.343,"min":1200.0,"max":3200.0},{"current":2256.468,"min":1200.0,"max":3200.0},{"current":1294.875,"min":1200.0,"max":3200.0},{"current":1202.531,"min":1200.0,"max":3200.0},{"current":2326.125,"min":1200.0,"max":3200.0},{"current":2399.906,"min":1200.0,"max":3200.0},{"current":1294.781,"min":1200.0,"max":3200.0},{"current":1400.343,"min":1200.0,"max":3200.0},{"current":3135.0,"min":1200.0,"max":3200.0},{"current":1299.656,"min":1200.0,"max":3200.0},{"current":1356.468,"min":1200.0,"max":3200.0},{"current":1200.281,"min":1200.0,"max":3200.0},{"current":1222.781,"min":1200.0,"max":3200.0},{"current":1200.093,"min":1200.0,"max":3200.0},{"current":1206.75,"min":1200.0,"max":3200.0},{"current":1397.531,"min":1200.0,"max":3200.0},{"current":1397.437,"min":1200.0,"max":3200.0},{"current":2277.843,"min":1200.0,"max":3200.0},{"current":1394.062,"min":1200.0,"max":3200.0},{"current":1222.781,"min":1200.0,"max":3200.0},{"current":2395.968,"min":1200.0,"max":3200.0},{"current":2142.562,"min":1200.0,"max":3200.0},{"current":1272.187,"min":1200.0,"max":3200.0},{"current":1478.437,"min":1200.0,"max":3200.0},{"current":3057.0,"min":1200.0,"max":3200.0},{"current":1282.5,"min":1200.0,"max":3200.0},{"current":1263.375,"min":1200.0,"max":3200.0},{"current":1201.031,"min":1200.0,"max":3200.0},{"current":1333.968,"min":1200.0,"max":3200.0},{"current":1300.406,"min":1200.0,"max":3200.0}],"realtime_carbon_intensity":396.0287013356,"disk_write_speed":48.5936663662,"process_ids":[18754,18803]}
{"timestamp":1573521685.8320090771,"rapl_power_draw_absolute":66.4347828038,"rapl_estimated_attributable_power_draw":15.5366242612,"cpu_time_seconds":{"18754":{"user":78.46,"system":5.88,"children_user":0.12,"children_system":0.12},"18803":{"user":1.38,"system":1.1,"children_user":0.1,"children_system":1.1}},"average_relative_cpu_utilization":0.2424052353,"absolute_cpu_utilization":0.9986520109,"relative_mem_usage":0.1299375631,"absolute_mem_usage":10308472832.0,"absolute_mem_percent_usage":0.0763029597,"mem_info_per_process":{"18754":{"rss":4469035008,"vms":13739466752,"shared":556937216,"text":2322432,"lib":0,"data":12169555968,"dirty":0,"uss":3866255360,"pss":4164758528,"swap":0},"18803":{"rss":1585889280,"vms":3689869312,"shared":11354112,"text":2322432,"lib":0,"data":2328715264,"dirty":0,"uss":990314496,"pss":1287144448,"swap":0}},"nvidia_draw_absolute":45.36,"nvidia_estimated_attributable_power_draw":45.36,"average_gpu_estimated_utilization_absolute":0.35,"per_gpu_average_estimated_utilization_absolute":{"(0, 18754)":{"sm":35.0,"mem":7.5,"enc":0.0,"dec":0.0}},"average_gpu_estimated_utilization_relative":1.0,"per_gpu_performance_state":{"0":"P2"},"per_gpu_power_draw":{"0":45.36},"cpu_count_adjusted_average_load":[0.16625,0.140625,0.135625],"cpu_freq":[{"current":1497.468,"min":1200.0,"max":3200.0},{"current":1383.281,"min":1200.0,"max":3200.0},{"current":2399.906,"min":1200.0,"max":3200.0},{"current":1697.906,"min":1200.0,"max":3200.0},{"current":1212.281,"min":1200.0,"max":3200.0},{"current":1200.093,"min":1200.0,"max":3200.0},{"current":1399.968,"min":1200.0,"max":3200.0},{"current":1322.531,"min":1200.0,"max":3200.0},{"current":1313.718,"min":1200.0,"max":3200.0},{"current":2197.125,"min":1200.0,"max":3200.0},{"current":3073.031,"min":1200.0,"max":3200.0},{"current":1368.375,"min":1200.0,"max":3200.0},{"current":1224.0,"min":1200.0,"max":3200.0},{"current":1200.0,"min":1200.0,"max":3200.0},{"current":1200.093,"min":1200.0,"max":3200.0},{"current":1200.093,"min":1200.0,"max":3200.0},{"current":1599.937,"min":1200.0,"max":3200.0},{"current":1299.0,"min":1200.0,"max":3200.0},{"current":2399.906,"min":1200.0,"max":3200.0},{"current":2156.156,"min":1200.0,"max":3200.0},{"current":1281.562,"min":1200.0,"max":3200.0},{"current":1211.156,"min":1200.0,"max":3200.0},{"current":1229.531,"min":1200.0,"max":3200.0},{"current":2400.0,"min":1200.0,"max":3200.0},{"current":1488.562,"min":1200.0,"max":3200.0},{"current":1911.75,"min":1200.0,"max":3200.0},{"current":3137.812,"min":1200.0,"max":3200.0},{"current":1242.562,"min":1200.0,"max":3200.0},{"current":1209.843,"min":1200.0,"max":3200.0},{"current":1257.0,"min":1200.0,"max":3200.0},{"current":1382.062,"min":1200.0,"max":3200.0},{"current":1200.281,"min":1200.0,"max":3200.0}],"realtime_carbon_intensity":396.0287013356,"disk_write_speed":45.0489122263,"process_ids":[18754,18803]}
{"timestamp":1573521693.9183380604,"rapl_power_draw_absolute":66.203952428,"rapl_estimated_attributable_power_draw":15.3254750777,"cpu_time_seconds":{"18754":{"user":86.29,"system":6.14,"children_user":0.12,"children_system":0.12},"18803":{"user":1.56,"system":1.28,"children_user":0.12,"children_system":1.27}},"average_relative_cpu_utilization":0.2398407303,"absolute_cpu_utilization":1.0036843974,"relative_mem_usage":0.1299314075,"absolute_mem_usage":10309492736.0,"absolute_mem_percent_usage":0.076310509,"mem_info_per_process":{"18754":{"rss":4469035008,"vms":13739466752,"shared":556937216,"text":2322432,"lib":0,"data":12169555968,"dirty":0,"uss":3866595328,"pss":4164928512,"swap":0},"18803":{"rss":1585889280,"vms":3689869312,"shared":11354112,"text":2322432,"lib":0,"data":2328715264,"dirty":0,"uss":990654464,"pss":1287314432,"swap":0}},"nvidia_draw_absolute":45.27,"nvidia_estimated_attributable_power_draw":45.27,"average_gpu_estimated_utilization_absolute":0.35,"per_gpu_average_estimated_utilization_absolute":{"(0, 18754)":{"sm":35,"mem":7,"enc":0,"dec":0}},"average_gpu_estimated_utilization_relative":1.0,"per_gpu_performance_state":{"0":"P2"},"per_gpu_power_draw":{"0":45.27},"cpu_count_adjusted_average_load":[0.155,0.1390625,0.1353125],"cpu_freq":[{"current":2399.906,"min":1200.0,"max":3200.0},{"current":1398.0,"min":1200.0,"max":3200.0},{"current":1356.843,"min":1200.0,"max":3200.0},{"current":1882.968,"min":1200.0,"max":3200.0},{"current":1297.031,"min":1200.0,"max":3200.0},{"current":1201.312,"min":1200.0,"max":3200.0},{"current":1743.468,"min":1200.0,"max":3200.0},{"current":1232.343,"min":1200.0,"max":3200.0},{"current":1290.937,"min":1200.0,"max":3200.0},{"current":1604.625,"min":1200.0,"max":3200.0},{"current":3114.093,"min":1200.0,"max":3200.0},{"current":1395.75,"min":1200.0,"max":3200.0},{"current":1387.218,"min":1200.0,"max":3200.0},{"current":1200.187,"min":1200.0,"max":3200.0},{"current":1202.531,"min":1200.0,"max":3200.0},{"current":1200.093,"min":1200.0,"max":3200.0},{"current":2399.906,"min":1200.0,"max":3200.0},{"current":1787.343,"min":1200.0,"max":3200.0},{"current":1399.687,"min":1200.0,"max":3200.0},{"current":1729.687,"min":1200.0,"max":3200.0},{"current":1204.312,"min":1200.0,"max":3200.0},{"current":1211.156,"min":1200.0,"max":3200.0},{"current":1396.125,"min":1200.0,"max":3200.0},{"current":1899.187,"min":1200.0,"max":3200.0},{"current":1391.906,"min":1200.0,"max":3200.0},{"current":1391.437,"min":1200.0,"max":3200.0},{"current":3137.812,"min":1200.0,"max":3200.0},{"current":1310.437,"min":1200.0,"max":3200.0},{"current":1300.968,"min":1200.0,"max":3200.0},{"current":1231.968,"min":1200.0,"max":3200.0},{"current":1272.468,"min":1200.0,"max":3200.0},{"current":1200.468,"min":1200.0,"max":3200.0}],"realtime_carbon_intensity":396.0287013356,"disk_write_speed":41.0010323681,"process_ids":[18754,18803]}
{"timestamp":1573521701.9838058949,"rapl_power_draw_absolute":66.5268662476,"rapl_estimated_attributable_power_draw":15.617486743,"cpu_time_seconds":{"18754":{"user":94.1,"system":6.4,"children_user":0.12,"children_system":0.12},"18803":{"user":1.82,"system":1.46,"children_user":0.12,"children_system":1.46}},"average_relative_cpu_utilization":0.2433168267,"absolute_cpu_utilization":1.0036013051,"relative_mem_usage":0.1299260879,"absolute_mem_usage":10310021120.0,"absolute_mem_percent_usage":0.07631442,"mem_info_per_process":{"18754":{"rss":4469035008,"vms":13739466752,"shared":556937216,"text":2322432,"lib":0,"data":12169555968,"dirty":0,"uss":3866771456,"pss":4165016576,"swap":0},"18803":{"rss":1585889280,"vms":3689869312,"shared":11354112,"text":2322432,"lib":0,"data":2328715264,"dirty":0,"uss":990830592,"pss":1287402496,"swap":0}},"nvidia_draw_absolute":47.47,"nvidia_estimated_attributable_power_draw":47.47,"average_gpu_estimated_utilization_absolute":0.35,"per_gpu_average_estimated_utilization_absolute":{"(0, 18754)":{"sm":35.0,"mem":7.5,"enc":0.0,"dec":0.0}},"average_gpu_estimated_utilization_relative":1.0,"per_gpu_performance_state":{"0":"P2"},"per_gpu_power_draw":{"0":47.47},"cpu_count_adjusted_average_load":[0.1575,0.14,0.135625],"cpu_freq":[{"current":1332.562,"min":1200.0,"max":3200.0},{"current":1592.531,"min":1200.0,"max":3200.0},{"current":2694.75,"min":1200.0,"max":3200.0},{"current":1514.156,"min":1200.0,"max":3200.0},{"current":1317.093,"min":1200.0,"max":3200.0},{"current":1277.343,"min":1200.0,"max":3200.0},{"current":2399.906,"min":1200.0,"max":3200.0},{"current":1398.468,"min":1200.0,"max":3200.0},{"current":1494.937,"min":1200.0,"max":3200.0},{"current":1299.468,"min":1200.0,"max":3200.0},{"current":3164.156,"min":1200.0,"max":3200.0},{"current":1242.187,"min":1200.0,"max":3200.0},{"current":1200.187,"min":1200.0,"max":3200.0},{"current":1200.093,"min":1200.0,"max":3200.0},{"current":1223.718,"min":1200.0,"max":3200.0},{"current":1200.0,"min":1200.0,"max":3200.0},{"current":1368.562,"min":1200.0,"max":3200.0},{"current":1665.0,"min":1200.0,"max":3200.0},{"current":2754.093,"min":1200.0,"max":3200.0},{"current":1395.75,"min":1200.0,"max":3200.0},{"current":1227.75,"min":1200.0,"max":3200.0},{"current":1208.25,"min":1200.0,"max":3200.0},{"current":2400.0,"min":1200.0,"max":3200.0},{"current":1297.875,"min":1200.0,"max":3200.0},{"current":1386.187,"min":1200.0,"max":3200.0},{"current":1199.812,"min":1200.0,"max":3200.0},{"current":3132.093,"min":1200.0,"max":3200.0},{"current":1347.843,"min":1200.0,"max":3200.0},{"current":1362.281,"min":1200.0,"max":3200.0},{"current":1354.593,"min":1200.0,"max":3200.0},{"current":1483.781,"min":1200.0,"max":3200.0},{"current":1200.468,"min":1200.0,"max":3200.0}],"realtime_carbon_intensity":396.0287013356,"disk_write_speed":45.5015157111,"process_ids":[18754,18803]}
{"timestamp":1573521709.9918160439,"rapl_power_draw_absolute":66.5953695535,"rapl_estimated_attributable_power_draw":15.490468856,"cpu_time_seconds":{"18754":{"user":101.86,"system":6.66,"children_user":0.12,"children_system":0.12},"18803":{"user":2.05,"system":1.63,"children_user":0.13,"children_system":1.64}},"average_relative_cpu_utilization":0.2409916859,"absolute_cpu_utilization":1.0036808108,"relative_mem_usage":0.129920597,"absolute_mem_usage":10310545408.0,"absolute_mem_percent_usage":0.0763183008,"mem_info_per_process":{"18754":{"rss":4469088256,"vms":13739466752,"shared":556937216,"text":2322432,"lib":0,"data":12169555968,"dirty":0,"uss":3866963968,"pss":4165139456,"swap":0},"18803":{"rss":1585889280,"vms":3689869312,"shared":11354112,"text":2322432,"lib":0,"data":2328715264,"dirty":0,"uss":990969856,"pss":1287472128,"swap":0}},"nvidia_draw_absolute":48.92,"nvidia_estimated_attributable_power_draw":48.92,"average_gpu_estimated_utilization_absolute":0.35,"per_gpu_average_estimated_utilization_absolute":{"(0, 18754)":{"sm":35,"mem":7,"enc":0,"dec":0}},"average_gpu_estimated_utilization_relative":1.0,"per_gpu_performance_state":{"0":"P2"},"per_gpu_power_draw":{"0":48.92},"cpu_count_adjusted_average_load":[0.155,0.14,0.135625],"cpu_freq":[{"current":1795.687,"min":1200.0,"max":3200.0},{"current":1462.125,"min":1200.0,"max":3200.0},{"current":1800.0,"min":1200.0,"max":3200.0},{"current":1472.437,"min":1200.0,"max":3200.0},{"current":1206.656,"min":1200.0,"max":3200.0},{"current":1232.156,"min":1200.0,"max":3200.0},{"current":2219.531,"min":1200.0,"max":3200.0},{"current":2399.906,"min":1200.0,"max":3200.0},{"current":1271.062,"min":1200.0,"max":3200.0},{"current":1599.75,"min":1200.0,"max":3200.0},{"current":3179.812,"min":1200.0,"max":3200.0},{"current":1879.687,"min":1200.0,"max":3200.0},{"current":1200.187,"min":1200.0,"max":3200.0},{"current":1275.0,"min":1200.0,"max":3200.0},{"current":1282.406,"min":1200.0,"max":3200.0},{"current":1216.031,"min":1200.0,"max":3200.0},{"current":2299.968,"min":1200.0,"max":3200.0},{"current":2704.312,"min":1200.0,"max":3200.0},{"current":1550.531,"min":1200.0,"max":3200.0},{"current":2025.843,"min":1200.0,"max":3200.0},{"current":1352.625,"min":1200.0,"max":3200.0},{"current":1313.156,"min":1200.0,"max":3200.0},{"current":2399.906,"min":1200.0,"max":3200.0},{"current":2400.0,"min":1200.0,"max":3200.0},{"current":1255.031,"min":1200.0,"max":3200.0},{"current":1628.718,"min":1200.0,"max":3200.0},{"current":3132.093,"min":1200.0,"max":3200.0},{"current":1775.531,"min":1200.0,"max":3200.0},{"current":1402.312,"min":1200.0,"max":3200.0},{"current":1215.937,"min":1200.0,"max":3200.0},{"current":1520.25,"min":1200.0,"max":3200.0},{"current":1300.031,"min":1200.0,"max":3200.0}],"realtime_carbon_intensity":396.0287013356,"disk_write_speed":30.4537941732,"process_ids":[18754,18803]}
{"timestamp":1573521718.0339050293,"rapl_power_draw_absolute":66.2084610574,"rapl_estimated_attributable_power_draw":15.1127800883,"cpu_time_seconds":{"18754":{"user":109.64,"system":6.92,"children_user":0.12,"children_system":0.12},"18803":{"user":2.22,"system":1.81,"children_user":0.15,"children_system":1.82}},"average_relative_cpu_utilization":0.2363948039,"absolute_cpu_utilization":0.9986847396,"relative_mem_usage":0.1299108615,"absolute_mem_usage":10311168000.0,"absolute_mem_percent_usage":0.0763229092,"mem_info_per_process":{"18754":{"rss":4469116928,"vms":13739466752,"shared":556937216,"text":2322432,"lib":0,"data":12169555968,"dirty":0,"uss":3867181056,"pss":4165262336,"swap":0},"18803":{"rss":1585889280,"vms":3689869312,"shared":11354112,"text":2322432,"lib":0,"data":2328715264,"dirty":0,"uss":991158272,"pss":1287566336,"swap":0}},"nvidia_draw_absolute":47.87,"nvidia_estimated_attributable_power_draw":47.87,"average_gpu_estimated_utilization_absolute":0.35,"per_gpu_average_estimated_utilization_absolute":{"(0, 18754)":{"sm":35.0,"mem":7.5,"enc":0.0,"dec":0.0}},"average_gpu_estimated_utilization_relative":1.0,"per_gpu_performance_state":{"0":"P2"},"per_gpu_power_draw":{"0":47.87},"cpu_count_adjusted_average_load":[0.1475,0.13875,0.1353125],"cpu_freq":[{"current":2399.906,"min":1200.0,"max":3200.0},{"current":2399.906,"min":1200.0,"max":3200.0},{"current":1299.656,"min":1200.0,"max":3200.0},{"current":1399.687,"min":1200.0,"max":3200.0},{"current":1269.375,"min":1200.0,"max":3200.0},{"current":1210.312,"min":1200.0,"max":3200.0},{"current":2400.0,"min":1200.0,"max":3200.0},{"current":1402.5,"min":1200.0,"max":3200.0},{"current":1531.125,"min":1200.0,"max":3200.0},{"current":1496.156,"min":1200.0,"max":3200.0},{"current":2972.906,"min":1200.0,"max":3200.0},{"current":1460.25,"min":1200.0,"max":3200.0},{"current":1200.0,"min":1200.0,"max":3200.0},{"current":1231.031,"min":1200.0,"max":3200.0},{"current":1395.75,"min":1200.0,"max":3200.0},{"current":1249.593,"min":1200.0,"max":3200.0},{"current":2400.0,"min":1200.0,"max":3200.0},{"current":2400.0,"min":1200.0,"max":3200.0},{"current":1200.0,"min":1200.0,"max":3200.0},{"current":1262.343,"min":1200.0,"max":3200.0},{"current":1214.531,"min":1200.0,"max":3200.0},{"current":1210.218,"min":1200.0,"max":3200.0},{"current":2400.0,"min":1200.0,"max":3200.0},{"current":1299.562,"min":1200.0,"max":3200.0},{"current":1229.156,"min":1200.0,"max":3200.0},{"current":1351.875,"min":1200.0,"max":3200.0},{"current":3166.968,"min":1200.0,"max":3200.0},{"current":1658.156,"min":1200.0,"max":3200.0},{"current":1554.843,"min":1200.0,"max":3200.0},{"current":1378.406,"min":1200.0,"max":3200.0},{"current":1282.031,"min":1200.0,"max":3200.0},{"current":1200.375,"min":1200.0,"max":3200.0}],"realtime_carbon_intensity":396.0287013356,"disk_write_speed":50.7437890547,"process_ids":[18754,18803]}
{"timestamp":1573521726.0548388958,"rapl_power_draw_absolute":66.2004726753,"rapl_estimated_attributable_power_draw":15.1473498338,"cpu_time_seconds":{"18754":{"user":117.44,"system":7.14,"children_user":0.12,"children_system":0.12},"18803":{"user":2.46,"system":1.97,"children_user":0.16,"children_system":2.0}},"average_relative_cpu_utilization":0.2370076123,"absolute_cpu_utilization":1.0036204192,"relative_mem_usage":0.1299291468,"absolute_mem_usage":10311544832.0,"absolute_mem_percent_usage":0.0763256985,"mem_info_per_process":{"18754":{"rss":4469157888,"vms":13739466752,"shared":556937216,"text":2322432,"lib":0,"data":12169555968,"dirty":0,"uss":3867320320,"pss":4165352448,"swap":0},"18803":{"rss":1585889280,"vms":3689869312,"shared":11354112,"text":2322432,"lib":0,"data":2328715264,"dirty":0,"uss":991256576,"pss":1287615488,"swap":0}},"nvidia_draw_absolute":44.5,"nvidia_estimated_attributable_power_draw":44.5,"average_gpu_estimated_utilization_absolute":0.35,"per_gpu_average_estimated_utilization_absolute":{"(0, 18754)":{"sm":35,"mem":7,"enc":0,"dec":0}},"average_gpu_estimated_utilization_relative":1.0,"per_gpu_performance_state":{"0":"P2"},"per_gpu_power_draw":{"0":44.5},"cpu_count_adjusted_average_load":[0.145625,0.13875,0.1353125],"cpu_freq":[{"current":1201.593,"min":1200.0,"max":3200.0},{"current":1697.25,"min":1200.0,"max":3200.0},{"current":2399.906,"min":1200.0,"max":3200.0},{"current":1442.062,"min":1200.0,"max":3200.0},{"current":1438.312,"min":1200.0,"max":3200.0},{"current":1202.156,"min":1200.0,"max":3200.0},{"current":1299.468,"min":1200.0,"max":3200.0},{"current":2400.0,"min":1200.0,"max":3200.0},{"current":1286.156,"min":1200.0,"max":3200.0},{"current":2099.531,"min":1200.0,"max":3200.0},{"current":3146.812,"min":1200.0,"max":3200.0},{"current":1249.593,"min":1200.0,"max":3200.0},{"current":1200.093,"min":1200.0,"max":3200.0},{"current":1204.687,"min":1200.0,"max":3200.0},{"current":1200.093,"min":1200.0,"max":3200.0},{"current":1200.093,"min":1200.0,"max":3200.0},{"current":1199.906,"min":1200.0,"max":3200.0},{"current":1804.218,"min":1200.0,"max":3200.0},{"current":2361.843,"min":1200.0,"max":3200.0},{"current":1999.031,"min":1200.0,"max":3200.0},{"current":1306.406,"min":1200.0,"max":3200.0},{"current":1202.437,"min":1200.0,"max":3200.0},{"current":1383.468,"min":1200.0,"max":3200.0},{"current":2400.0,"min":1200.0,"max":3200.0},{"current":1252.125,"min":1200.0,"max":3200.0},{"current":2059.968,"min":1200.0,"max":3200.0},{"current":3166.968,"min":1200.0,"max":3200.0},{"current":1214.812,"min":1200.0,"max":3200.0},{"current":1215.0,"min":1200.0,"max":3200.0},{"current":1550.718,"min":1200.0,"max":3200.0},{"current":1242.468,"min":1200.0,"max":3200.0},{"current":1200.656,"min":1200.0,"max":3200.0}],"realtime_carbon_intensity":396.0287013356,"disk_write_speed":52.2619730075,"process_ids":[18754,18803]}
{"timestamp":1573521734.071310997,"rapl_power_draw_absolute":68.0578200224,"rapl_estimated_attributable_power_draw":15.4350324015,"cpu_time_seconds":{"18754":{"user":125.2,"system":7.4,"children_user":0.12,"children_system":0.12},"18803":{"user":2.71,"system":2.14,"children_user":0.18,"children_system":2.17}},"average_relative_cpu_utilization":0.23589408,"absolute_cpu_utilization":1.0036032428,"relative_mem_usage":0.1299109075,"absolute_mem_usage":10311901184.0,"absolute_mem_percent_usage":0.0763283362,"mem_info_per_process":{"18754":{"rss":4469219328,"vms":13739466752,"shared":556937216,"text":2322432,"lib":0,"data":12169555968,"dirty":0,"uss":3867459584,"pss":4165452800,"swap":0},"18803":{"rss":1585889280,"vms":3689869312,"shared":11354112,"text":2322432,"lib":0,"data":2328715264,"dirty":0,"uss":991334400,"pss":1287654400,"swap":0}},"nvidia_draw_absolute":46.08,"nvidia_estimated_attributable_power_draw":46.08,"average_gpu_estimated_utilization_absolute":0.35,"per_gpu_average_estimated_utilization_absolute":{"(0, 18754)":{"sm":35,"mem":7,"enc":0,"dec":0}},"average_gpu_estimated_utilization_relative":1.0,"per_gpu_performance_state":{"0":"P2"},"per_gpu_power_draw":{"0":46.08},"cpu_count_adjusted_average_load":[0.146875,0.1390625,0.1353125],"cpu_freq":[{"current":2399.906,"min":1200.0,"max":3200.0},{"current":1673.531,"min":1200.0,"max":3200.0},{"current":1199.906,"min":1200.0,"max":3200.0},{"current":2400.0,"min":1200.0,"max":3200.0},{"current":1346.062,"min":1200.0,"max":3200.0},{"current":1234.687,"min":1200.0,"max":3200.0},{"current":2399.906,"min":1200.0,"max":3200.0},{"current":2399.906,"min":1200.0,"max":3200.0},{"current":1810.781,"min":1200.0,"max":3200.0},{"current":1393.031,"min":1200.0,"max":3200.0},{"current":3084.0,"min":1200.0,"max":3200.0},{"current":1462.968,"min":1200.0,"max":3200.0},{"current":1262.906,"min":1200.0,"max":3200.0},{"current":1306.687,"min":1200.0,"max":3200.0},{"current":1381.968,"min":1200.0,"max":3200.0},{"current":1324.687,"min":1200.0,"max":3200.0},{"current":2399.906,"min":1200.0,"max":3200.0},{"current":1204.406,"min":1200.0,"max":3200.0},{"current":2106.562,"min":1200.0,"max":3200.0},{"current":2334.843,"min":1200.0,"max":3200.0},{"current":1278.656,"min":1200.0,"max":3200.0},{"current":1228.125,"min":1200.0,"max":3200.0},{"current":2400.0,"min":1200.0,"max":3200.0},{"current":2400.093,"min":1200.0,"max":3200.0},{"current":1396.312,"min":1200.0,"max":3200.0},{"current":1507.125,"min":1200.0,"max":3200.0},{"current":3108.843,"min":1200.0,"max":3200.0},{"current":1293.281,"min":1200.0,"max":3200.0},{"current":1287.093,"min":1200.0,"max":3200.0},{"current":1219.5,"min":1200.0,"max":3200.0},{"current":1201.781,"min":1200.0,"max":3200.0},{"current":1208.531,"min":1200.0,"max":3200.0}],"realtime_carbon_intensity":396.0287013356,"disk_write_speed":50.655092455,"process_ids":[18754,18803]}
{"timestamp":1573521742.075165987,"rapl_power_draw_absolute":67.9556954576,"rapl_estimated_attributable_power_draw":15.8516961199,"cpu_time_seconds":{"18754":{"user":132.95,"system":7.66,"children_user":0.12,"children_system":0.12},"18803":{"user":2.92,"system":2.33,"children_user":0.19,"children_system":2.35}},"average_relative_cpu_utilization":0.2436234027,"absolute_cpu_utilization":1.0037062556,"relative_mem_usage":0.1298986227,"absolute_mem_usage":10312196096.0,"absolute_mem_percent_usage":0.0763305191,"mem_info_per_process":{"18754":{"rss":4469219328,"vms":13739466752,"shared":556937216,"text":2322432,"lib":0,"data":12169555968,"dirty":0,"uss":3867557888,"pss":4165501952,"swap":0},"18803":{"rss":1585889280,"vms":3689869312,"shared":11354112,"text":2322432,"lib":0,"data":2328715264,"dirty":0,"uss":991432704,"pss":1287703552,"swap":0}},"nvidia_draw_absolute":47.67,"nvidia_estimated_attributable_power_draw":47.67,"average_gpu_estimated_utilization_absolute":0.35,"per_gpu_average_estimated_utilization_absolute":{"(0, 18754)":{"sm":35.0,"mem":7.5,"enc":0.0,"dec":0.0}},"average_gpu_estimated_utilization_relative":1.0,"per_gpu_performance_state":{"0":"P2"},"per_gpu_power_draw":{"0":47.67},"cpu_count_adjusted_average_load":[0.1428125,0.1384375,0.1353125],"cpu_freq":[{"current":2399.906,"min":1200.0,"max":3200.0},{"current":2399.906,"min":1200.0,"max":3200.0},{"current":1667.156,"min":1200.0,"max":3200.0},{"current":1499.437,"min":1200.0,"max":3200.0},{"current":1247.906,"min":1200.0,"max":3200.0},{"current":1202.343,"min":1200.0,"max":3200.0},{"current":2399.906,"min":1200.0,"max":3200.0},{"current":1587.281,"min":1200.0,"max":3200.0},{"current":1246.218,"min":1200.0,"max":3200.0},{"current":1482.0,"min":1200.0,"max":3200.0},{"current":3159.468,"min":1200.0,"max":3200.0},{"current":1894.593,"min":1200.0,"max":3200.0},{"current":1200.093,"min":1200.0,"max":3200.0},{"current":1200.0,"min":1200.0,"max":3200.0},{"current":1209.937,"min":1200.0,"max":3200.0},{"current":1200.093,"min":1200.0,"max":3200.0},{"current":2399.906,"min":1200.0,"max":3200.0},{"current":2399.906,"min":1200.0,"max":3200.0},{"current":1502.062,"min":1200.0,"max":3200.0},{"current":2400.0,"min":1200.0,"max":3200.0},{"current":1296.0,"min":1200.0,"max":3200.0},{"current":1228.125,"min":1200.0,"max":3200.0},{"current":2399.906,"min":1200.0,"max":3200.0},{"current":1897.687,"min":1200.0,"max":3200.0},{"current":1333.406,"min":1200.0,"max":3200.0},{"current":1539.937,"min":1200.0,"max":3200.0},{"current":3183.375,"min":1200.0,"max":3200.0},{"current":1895.625,"min":1200.0,"max":3200.0},{"current":1200.75,"min":1200.0,"max":3200.0},{"current":1203.937,"min":1200.0,"max":3200.0},{"current":1273.312,"min":1200.0,"max":3200.0},{"current":1200.656,"min":1200.0,"max":3200.0}],"realtime_carbon_intensity":396.0287013356,"disk_write_speed":46.7674101385,"process_ids":[18754,18803]}
{"timestamp":1573521750.0875489712,"rapl_power_draw_absolute":67.3281997846,"rapl_estimated_attributable_power_draw":15.773706508,"cpu_time_seconds":{"18754":{"user":140.66,"system":7.96,"children_user":0.12,"children_system":0.12},"18803":{"user":3.13,"system":2.52,"children_user":0.22,"children_system":2.52}},"average_relative_cpu_utilization":0.243876657,"absolute_cpu_utilization":0.9985996601,"relative_mem_usage":0.1298919586,"absolute_mem_usage":10312404992.0,"absolute_mem_percent_usage":0.0763320654,"mem_info_per_process":{"18754":{"rss":4469223424,"vms":13739466752,"shared":556937216,"text":2322432,"lib":0,"data":12169555968,"dirty":0,"uss":3867627520,"pss":4165536768,"swap":0},"18803":{"rss":1585889280,"vms":3689869312,"shared":11354112,"text":2322432,"lib":0,"data":2328715264,"dirty":0,"uss":991502336,"pss":1287738368,"swap":0}},"nvidia_draw_absolute":49.84,"nvidia_estimated_attributable_power_draw":49.84,"average_gpu_estimated_utilization_absolute":0.345,"per_gpu_average_estimated_utilization_absolute":{"(0, 18754)":{"sm":34.5,"mem":7.5,"enc":0.0,"dec":0.0}},"average_gpu_estimated_utilization_relative":1.0,"per_gpu_performance_state":{"0":"P2"},"per_gpu_power_draw":{"0":49.84},"cpu_count_adjusted_average_load":[0.1496875,0.14,0.1359375],"cpu_freq":[{"current":1245.187,"min":1200.0,"max":3200.0},{"current":2399.906,"min":1200.0,"max":3200.0},{"current":1694.906,"min":1200.0,"max":3200.0},{"current":2399.906,"min":1200.0,"max":3200.0},{"current":1290.375,"min":1200.0,"max":3200.0},{"current":1201.593,"min":1200.0,"max":3200.0},{"current":1899.468,"min":1200.0,"max":3200.0},{"current":1438.218,"min":1200.0,"max":3200.0},{"current":1291.218,"min":1200.0,"max":3200.0},{"current":1914.937,"min":1200.0,"max":3200.0},{"current":3174.187,"min":1200.0,"max":3200.0},{"current":1236.843,"min":1200.0,"max":3200.0},{"current":1200.187,"min":1200.0,"max":3200.0},{"current":1200.093,"min":1200.0,"max":3200.0},{"current":1215.281,"min":1200.0,"max":3200.0},{"current":1200.0,"min":1200.0,"max":3200.0},{"current":1295.718,"min":1200.0,"max":3200.0},{"current":1990.312,"min":1200.0,"max":3200.0},{"current":1497.843,"min":1200.0,"max":3200.0},{"current":2399.906,"min":1200.0,"max":3200.0},{"current":1399.968,"min":1200.0,"max":3200.0},{"current":1224.375,"min":1200.0,"max":3200.0},{"current":1586.812,"min":1200.0,"max":3200.0},{"current":1673.625,"min":1200.0,"max":3200.0},{"current":1269.75,"min":1200.0,"max":3200.0},{"current":2071.968,"min":1200.0,"max":3200.0},{"current":3076.218,"min":1200.0,"max":3200.0},{"current":1522.312,"min":1200.0,"max":3200.0},{"current":1200.75,"min":1200.0,"max":3200.0},{"current":1231.875,"min":1200.0,"max":3200.0},{"current":1273.312,"min":1200.0,"max":3200.0},{"current":1202.343,"min":1200.0,"max":3200.0}],"realtime_carbon_intensity":398.2325810654,"disk_write_speed":41.277547652,"process_ids":[18754,18803]}
{"timestamp":1573521758.183316946,"rapl_power_draw_absolute":66.2003222864,"rapl_estimated_attributable_power_draw":15.320190695,"cpu_time_seconds":{"18754":{"user":148.53,"system":8.2,"children_user":0.12,"children_system":0.12},"18803":{"user":3.37,"system":2.71,"children_user":0.22,"children_system":2.7}},"average_relative_cpu_utilization":0.2404191628,"absolute_cpu_utilization":1.0036908369,"relative_mem_usage":0.1298852538,"absolute_mem_usage":10312712192.0,"absolute_mem_percent_usage":0.0763343393,"mem_info_per_process":{"18754":{"rss":4469223424,"vms":13739466752,"shared":556937216,"text":2322432,"lib":0,"data":12169555968,"dirty":0,"uss":3867729920,"pss":4165587968,"swap":0},"18803":{"rss":1585889280,"vms":3689869312,"shared":11354112,"text":2322432,"lib":0,"data":2328715264,"dirty":0,"uss":991604736,"pss":1287789568,"swap":0}},"nvidia_draw_absolute":50.08,"nvidia_estimated_attributable_power_draw":50.08,"average_gpu_estimated_utilization_absolute":0.35,"per_gpu_average_estimated_utilization_absolute":{"(0, 18754)":{"sm":35.0,"mem":7.5,"enc":0.0,"dec":0.0}},"average_gpu_estimated_utilization_relative":1.0,"per_gpu_performance_state":{"0":"P2"},"per_gpu_power_draw":{"0":50.08},"cpu_count_adjusted_average_load":[0.1459375,0.1396875,0.135625],"cpu_freq":[{"current":2399.906,"min":1200.0,"max":3200.0},{"current":1742.718,"min":1200.0,"max":3200.0},{"current":1424.531,"min":1200.0,"max":3200.0},{"current":2032.5,"min":1200.0,"max":3200.0},{"current":1381.781,"min":1200.0,"max":3200.0},{"current":1241.25,"min":1200.0,"max":3200.0},{"current":1699.968,"min":1200.0,"max":3200.0},{"current":2096.718,"min":1200.0,"max":3200.0},{"current":1293.75,"min":1200.0,"max":3200.0},{"current":1296.937,"min":1200.0,"max":3200.0},{"current":3024.375,"min":1200.0,"max":3200.0},{"current":1563.562,"min":1200.0,"max":3200.0},{"current":1200.093,"min":1200.0,"max":3200.0},{"current":1224.375,"min":1200.0,"max":3200.0},{"current":1217.718,"min":1200.0,"max":3200.0},{"current":1200.468,"min":1200.0,"max":3200.0},{"current":2399.906,"min":1200.0,"max":3200.0},{"current":2400.0,"min":1200.0,"max":3200.0},{"current":1594.406,"min":1200.0,"max":3200.0},{"current":2030.625,"min":1200.0,"max":3200.0},{"current":1300.031,"min":1200.0,"max":3200.0},{"current":1296.375,"min":1200.0,"max":3200.0},{"current":1700.437,"min":1200.0,"max":3200.0},{"current":1597.593,"min":1200.0,"max":3200.0},{"current":1242.093,"min":1200.0,"max":3200.0},{"current":1387.781,"min":1200.0,"max":3200.0},{"current":3076.218,"min":1200.0,"max":3200.0},{"current":1599.562,"min":1200.0,"max":3200.0},{"current":1214.343,"min":1200.0,"max":3200.0},{"current":1372.406,"min":1200.0,"max":3200.0},{"current":1243.125,"min":1200.0,"max":3200.0},{"current":1200.75,"min":1200.0,"max":3200.0}],"realtime_carbon_intensity":398.2325810654,"disk_write_speed":47.7711161731,"process_ids":[18754,18803]}
{"timestamp":1573521766.1908349991,"rapl_power_draw_absolute":66.0689906092,"rapl_estimated_attributable_power_draw":15.412957064,"cpu_time_seconds":{"18754":{"user":156.31,"system":8.42,"children_user":0.12,"children_system":0.12},"18803":{"user":3.56,"system":2.91,"children_user":0.24,"children_system":2.88}},"average_relative_cpu_utilization":0.2418237103,"absolute_cpu_utilization":0.9987006571,"relative_mem_usage":0.1298706323,"absolute_mem_usage":10312990720.0,"absolute_mem_percent_usage":0.0763364009,"mem_info_per_process":{"18754":{"rss":4469252096,"vms":13739466752,"shared":556937216,"text":2322432,"lib":0,"data":12169555968,"dirty":0,"uss":3867832320,"pss":4165653504,"swap":0},"18803":{"rss":1585889280,"vms":3689869312,"shared":11354112,"text":2322432,"lib":0,"data":2328715264,"dirty":0,"uss":991678464,"pss":1287826432,"swap":0}},"nvidia_draw_absolute":48.16,"nvidia_estimated_attributable_power_draw":48.16,"average_gpu_estimated_utilization_absolute":0.35,"per_gpu_average_estimated_utilization_absolute":{"(0, 18754)":{"sm":35,"mem":8,"enc":0,"dec":0}},"average_gpu_estimated_utilization_relative":1.0,"per_gpu_performance_state":{"0":"P2"},"per_gpu_power_draw":{"0":48.16},"cpu_count_adjusted_average_load":[0.1465625,0.1396875,0.1359375],"cpu_freq":[{"current":1372.5,"min":1200.0,"max":3200.0},{"current":2399.906,"min":1200.0,"max":3200.0},{"current":1500.0,"min":1200.0,"max":3200.0},{"current":2198.25,"min":1200.0,"max":3200.0},{"current":1203.468,"min":1200.0,"max":3200.0},{"current":1201.968,"min":1200.0,"max":3200.0},{"current":1201.5,"min":1200.0,"max":3200.0},{"current":2399.906,"min":1200.0,"max":3200.0},{"current":1397.062,"min":1200.0,"max":3200.0},{"current":2097.0,"min":1200.0,"max":3200.0},{"current":3184.5,"min":1200.0,"max":3200.0},{"current":1294.875,"min":1200.0,"max":3200.0},{"current":1219.875,"min":1200.0,"max":3200.0},{"current":1220.156,"min":1200.0,"max":3200.0},{"current":1200.093,"min":1200.0,"max":3200.0},{"current":1200.0,"min":1200.0,"max":3200.0},{"current":1373.062,"min":1200.0,"max":3200.0},{"current":2399.906,"min":1200.0,"max":3200.0},{"current":1599.937,"min":1200.0,"max":3200.0},{"current":2044.593,"min":1200.0,"max":3200.0},{"current":1200.0,"min":1200.0,"max":3200.0},{"current":1224.0,"min":1200.0,"max":3200.0},{"current":1346.531,"min":1200.0,"max":3200.0},{"current":2400.0,"min":1200.0,"max":3200.0},{"current":1312.781,"min":1200.0,"max":3200.0},{"current":2097.187,"min":1200.0,"max":3200.0},{"current":3169.125,"min":1200.0,"max":3200.0},{"current":1279.218,"min":1200.0,"max":3200.0},{"current":1225.312,"min":1200.0,"max":3200.0},{"current":1282.218,"min":1200.0,"max":3200.0},{"current":1270.312,"min":1200.0,"max":3200.0},{"current":1200.375,"min":1200.0,"max":3200.0}],"realtime_carbon_intensity":398.2325810654,"disk_write_speed":42.6885765862,"process_ids":[18754,18803]}
{"timestamp":1573521774.2378370762,"rapl_power_draw_absolute":65.9800455236,"rapl_estimated_attributable_power_draw":14.909589566,"cpu_time_seconds":{"18754":{"user":164.08,"system":8.7,"children_user":0.12,"children_system":0.12},"18803":{"user":3.76,"system":3.08,"children_user":0.26,"children_system":3.03}},"average_relative_cpu_utilization":0.2339038368,"absolute_cpu_utilization":0.9986861534,"relative_mem_usage":0.129867287,"absolute_mem_usage":10313187328.0,"absolute_mem_percent_usage":0.0763378562,"mem_info_per_process":{"18754":{"rss":4469252096,"vms":13739466752,"shared":556937216,"text":2322432,"lib":0,"data":12169555968,"dirty":0,"uss":3867897856,"pss":4165686272,"swap":0},"18803":{"rss":1585889280,"vms":3689869312,"shared":11354112,"text":2322432,"lib":0,"data":2328715264,"dirty":0,"uss":991744000,"pss":1287859200,"swap":0}},"nvidia_draw_absolute":45.74,"nvidia_estimated_attributable_power_draw":45.74,"average_gpu_estimated_utilization_absolute":0.35,"per_gpu_average_estimated_utilization_absolute":{"(0, 18754)":{"sm":35.0,"mem":7.5,"enc":0.0,"dec":0.0}},"average_gpu_estimated_utilization_relative":1.0,"per_gpu_performance_state":{"0":"P2"},"per_gpu_power_draw":{"0":45.74},"cpu_count_adjusted_average_load":[0.148125,0.1403125,0.1359375],"cpu_freq":[{"current":1999.875,"min":1200.0,"max":3200.0},{"current":2361.656,"min":1200.0,"max":3200.0},{"current":2399.906,"min":1200.0,"max":3200.0},{"current":1357.125,"min":1200.0,"max":3200.0},{"current":1200.187,"min":1200.0,"max":3200.0},{"current":1201.875,"min":1200.0,"max":3200.0},{"current":1530.937,"min":1200.0,"max":3200.0},{"current":1298.156,"min":1200.0,"max":3200.0},{"current":1339.406,"min":1200.0,"max":3200.0},{"current":1380.468,"min":1200.0,"max":3200.0},{"current":3131.718,"min":1200.0,"max":3200.0},{"current":1307.343,"min":1200.0,"max":3200.0},{"current":1246.125,"min":1200.0,"max":3200.0},{"current":1200.0,"min":1200.0,"max":3200.0},{"current":1334.062,"min":1200.0,"max":3200.0},{"current":1209.562,"min":1200.0,"max":3200.0},{"current":1998.0,"min":1200.0,"max":3200.0},{"current":1297.687,"min":1200.0,"max":3200.0},{"current":2337.281,"min":1200.0,"max":3200.0},{"current":1399.875,"min":1200.0,"max":3200.0},{"current":1200.0,"min":1200.0,"max":3200.0},{"current":1224.0,"min":1200.0,"max":3200.0},{"current":1497.562,"min":1200.0,"max":3200.0},{"current":1299.937,"min":1200.0,"max":3200.0},{"current":1249.593,"min":1200.0,"max":3200.0},{"current":1419.093,"min":1200.0,"max":3200.0},{"current":3169.125,"min":1200.0,"max":3200.0},{"current":1376.531,"min":1200.0,"max":3200.0},{"current":1233.937,"min":1200.0,"max":3200.0},{"current":1263.093,"min":1200.0,"max":3200.0},{"current":1204.218,"min":1200.0,"max":3200.0},{"current":1200.562,"min":1200.0,"max":3200.0}],"realtime_carbon_intensity":398.2325810654,"disk_write_speed":42.8026336175,"process_ids":[18754,18803]}
{"timestamp":1573521782.2898321152,"rapl_power_draw_absolute":65.6179447467,"rapl_estimated_attributable_power_draw":15.4874236365,"cpu_time_seconds":{"18754":{"user":171.87,"system":8.97,"children_user":0.12,"children_system":0.12},"18803":{"user":3.97,"system":3.3,"children_user":0.28,"children_system":3.22}},"average_relative_cpu_utilization":0.2447976169,"absolute_cpu_utilization":1.0036033978,"relative_mem_usage":0.1298553479,"absolute_mem_usage":10313359360.0,"absolute_mem_percent_usage":0.0763391296,"mem_info_per_process":{"18754":{"rss":4469252096,"vms":13739466752,"shared":556937216,"text":2322432,"lib":0,"data":12169555968,"dirty":0,"uss":3867955200,"pss":4165714944,"swap":0},"18803":{"rss":1585889280,"vms":3689869312,"shared":11354112,"text":2322432,"lib":0,"data":2328715264,"dirty":0,"uss":991801344,"pss":1287887872,"swap":0}},"nvidia_draw_absolute":47.29,"nvidia_estimated_attributable_power_draw":47.29,"average_gpu_estimated_utilization_absolute":0.35,"per_gpu_average_estimated_utilization_absolute":{"(0, 18754)":{"sm":35,"mem":8,"enc":0,"dec":0}},"average_gpu_estimated_utilization_relative":1.0,"per_gpu_performance_state":{"0":"P2"},"per_gpu_power_draw":{"0":47.29},"cpu_count_adjusted_average_load":[0.1471875,0.1403125,0.13625],"cpu_freq":[{"current":1596.656,"min":1200.0,"max":3200.0},{"current":1493.906,"min":1200.0,"max":3200.0},{"current":2234.906,"min":1200.0,"max":3200.0},{"current":2399.906,"min":1200.0,"max":3200.0},{"current":1216.968,"min":1200.0,"max":3200.0},{"current":1278.562,"min":1200.0,"max":3200.0},{"current":1488.187,"min":1200.0,"max":3200.0},{"current":1282.312,"min":1200.0,"max":3200.0},{"current":1396.687,"min":1200.0,"max":3200.0},{"current":1281.75,"min":1200.0,"max":3200.0},{"current":3162.843,"min":1200.0,"max":3200.0},{"current":1592.156,"min":1200.0,"max":3200.0},{"current":1500.093,"min":1200.0,"max":3200.0},{"current":1228.875,"min":1200.0,"max":3200.0},{"current":1200.187,"min":1200.0,"max":3200.0},{"current":1200.093,"min":1200.0,"max":3200.0},{"current":1839.843,"min":1200.0,"max":3200.0},{"current":1299.937,"min":1200.0,"max":3200.0},{"current":2400.0,"min":1200.0,"max":3200.0},{"current":2399.906,"min":1200.0,"max":3200.0},{"current":1315.968,"min":1200.0,"max":3200.0},{"current":1499.343,"min":1200.0,"max":3200.0},{"current":1599.937,"min":1200.0,"max":3200.0},{"current":1991.625,"min":1200.0,"max":3200.0},{"current":1282.312,"min":1200.0,"max":3200.0},{"current":1466.156,"min":1200.0,"max":3200.0},{"current":3160.125,"min":1200.0,"max":3200.0},{"current":1367.531,"min":1200.0,"max":3200.0},{"current":1479.843,"min":1200.0,"max":3200.0},{"current":1263.093,"min":1200.0,"max":3200.0},{"current":1321.218,"min":1200.0,"max":3200.0},{"current":1200.093,"min":1200.0,"max":3200.0}],"realtime_carbon_intensity":398.2325810654,"disk_write_speed":40.7360313899,"process_ids":[18754,18803]}
{"timestamp":1573521790.340045929,"rapl_power_draw_absolute":67.2468804652,"rapl_estimated_attributable_power_draw":15.6609645604,"cpu_time_seconds":{"18754":{"user":179.67,"system":9.22,"children_user":0.12,"children_system":0.12},"18803":{"user":4.2,"system":3.46,"children_user":0.3,"children_system":3.39}},"average_relative_cpu_utilization":0.2426951965,"absolute_cpu_utilization":0.9986059791,"relative_mem_usage":0.1298455446,"absolute_mem_usage":10313482240.0,"absolute_mem_percent_usage":0.0763400391,"mem_info_per_process":{"18754":{"rss":4469252096,"vms":13739466752,"shared":556937216,"text":2322432,"lib":0,"data":12169555968,"dirty":0,"uss":3867996160,"pss":4165735424,"swap":0},"18803":{"rss":1585889280,"vms":3689869312,"shared":11354112,"text":2322432,"lib":0,"data":2328715264,"dirty":0,"uss":991842304,"pss":1287908352,"swap":0}},"nvidia_draw_absolute":45.95,"nvidia_estimated_attributable_power_draw":45.95,"average_gpu_estimated_utilization_absolute":0.35,"per_gpu_average_estimated_utilization_absolute":{"(0, 18754)":{"sm":35.0,"mem":7.5,"enc":0.0,"dec":0.0}},"average_gpu_estimated_utilization_relative":1.0,"per_gpu_performance_state":{"0":"P2"},"per_gpu_power_draw":{"0":45.95},"cpu_count_adjusted_average_load":[0.1478125,0.140625,0.13625],"cpu_freq":[{"current":1391.625,"min":1200.0,"max":3200.0},{"current":2399.906,"min":1200.0,"max":3200.0},{"current":1277.906,"min":1200.0,"max":3200.0},{"current":2399.906,"min":1200.0,"max":3200.0},{"current":1275.656,"min":1200.0,"max":3200.0},{"current":1202.25,"min":1200.0,"max":3200.0},{"current":2172.093,"min":1200.0,"max":3200.0},{"current":1350.656,"min":1200.0,"max":3200.0},{"current":1495.218,"min":1200.0,"max":3200.0},{"current":1641.562,"min":1200.0,"max":3200.0},{"current":2983.968,"min":1200.0,"max":3200.0},{"current":1401.75,"min":1200.0,"max":3200.0},{"current":1213.218,"min":1200.0,"max":3200.0},{"current":1200.0,"min":1200.0,"max":3200.0},{"current":1370.062,"min":1200.0,"max":3200.0},{"current":1245.562,"min":1200.0,"max":3200.0},{"current":1378.031,"min":1200.0,"max":3200.0},{"current":2400.0,"min":1200.0,"max":3200.0},{"current":1229.156,"min":1200.0,"max":3200.0},{"current":2399.906,"min":1200.0,"max":3200.0},{"current":1200.0,"min":1200.0,"max":3200.0},{"current":1499.343,"min":1200.0,"max":3200.0},{"current":2400.0,"min":1200.0,"max":3200.0},{"current":1399.968,"min":1200.0,"max":3200.0},{"current":1432.312,"min":1200.0,"max":3200.0},{"current":1427.437,"min":1200.0,"max":3200.0},{"current":3160.125,"min":1200.0,"max":3200.0},{"current":1394.625,"min":1200.0,"max":3200.0},{"current":1292.25,"min":1200.0,"max":3200.0},{"current":1225.687,"min":1200.0,"max":3200.0},{"current":1267.687,"min":1200.0,"max":3200.0},{"current":1200.093,"min":1200.0,"max":3200.0}],"realtime_carbon_intensity":398.2325810654,"disk_write_speed":35.2974680349,"process_ids":[18754,18803]}
