{"timestamp":1573520569.9259469509,"rapl_power_draw_absolute":65.1098032664,"rapl_estimated_attributable_power_draw":14.2332973468,"cpu_time_seconds":{"15164":{"user":8.68,"system":2.7,"children_user":1.1,"children_system":0.18},"15229":{"user":0.0,"system":0.02,"children_user":0.0,"children_system":0.02}},"average_relative_cpu_utilization":0.2335565699,"absolute_cpu_utilization":0.9936883991,"relative_mem_usage":0.0637175944,"absolute_mem_usage":4950630400.0,"absolute_mem_percent_usage":0.0366443951,"mem_info_per_process":{"15164":{"rss":4339597312,"vms":11051450368,"shared":114364416,"text":2322432,"lib":0,"data":9670078464,"dirty":0,"uss":476229632,"pss":2405641216,"swap":0},"15229":{"rss":3927945216,"vms":10740805632,"shared":4505600,"text":2322432,"lib":0,"data":9359433728,"dirty":0,"uss":70328320,"pss":1998431232,"swap":0}},"nvidia_draw_absolute":37.4,"nvidia_estimated_attributable_power_draw":37.4,"average_gpu_estimated_utilization_absolute":0.025,"per_gpu_average_estimated_utilization_absolute":{"(0, 15164)":{"sm":2.5,"mem":0.0,"enc":0.0,"dec":0.0}},"average_gpu_estimated_utilization_relative":1.0,"per_gpu_performance_state":{"0":"P2"},"per_gpu_power_draw":{"0":37.4},"cpu_count_adjusted_average_load":[0.145,0.1390625,0.13875],"cpu_freq":[{"current":2399.906,"min":1200.0,"max":3200.0},{"current":2033.531,"min":1200.0,"max":3200.0},{"current":2274.562,"min":1200.0,"max":3200.0},{"current":2400.0,"min":1200.0,"max":3200.0},{"current":1200.375,"min":1200.0,"max":3200.0},{"current":1200.187,"min":1200.0,"max":3200.0},{"current":1397.062,"min":1200.0,"max":3200.0},{"current":1710.093,"min":1200.0,"max":3200.0},{"current":3071.156,"min":1200.0,"max":3200.0},{"current":1478.343,"min":1200.0,"max":3200.0},{"current":1519.687,"min":1200.0,"max":3200.0},{"current":1428.562,"min":1200.0,"max":3200.0},{"current":1298.625,"min":1200.0,"max":3200.0},{"current":1200.093,"min":1200.0,"max":3200.0},{"current":1502.25,"min":1200.0,"max":3200.0},{"current":1200.187,"min":1200.0,"max":3200.0},{"current":2271.093,"min":1200.0,"max":3200.0},{"current":2400.093,"min":1200.0,"max":3200.0},{"current":2399.906,"min":1200.0,"max":3200.0},{"current":1942.406,"min":1200.0,"max":3200.0},{"current":1200.0,"min":1200.0,"max":3200.0},{"current":1215.843,"min":1200.0,"max":3200.0},{"current":1260.0,"min":1200.0,"max":3200.0},{"current":2400.0,"min":1200.0,"max":3200.0},{"current":3122.718,"min":1200.0,"max":3200.0},{"current":1297.125,"min":1200.0,"max":3200.0},{"current":1463.718,"min":1200.0,"max":3200.0},{"current":1344.093,"min":1200.0,"max":3200.0},{"current":1246.968,"min":1200.0,"max":3200.0},{"current":1219.593,"min":1200.0,"max":3200.0},{"current":1501.312,"min":1200.0,"max":3200.0},{"current":1200.375,"min":1200.0,"max":3200.0}],"realtime_carbon_intensity":389.3518686997,"disk_write_speed":33.4096080311,"process_ids":[15164,15229]}
{"timestamp":1573520578.1669418812,"rapl_power_draw_absolute":58.7032232975,"rapl_estimated_attributable_power_draw":13.7413892243,"cpu_time_seconds":{"15164":{"user":15.36,"system":4.06,"children_user":1.1,"children_system":0.18},"15229":{"user":0.25,"system":0.2,"children_user":0.02,"children_system":0.2}},"average_relative_cpu_utilization":0.2403602905,"absolute_cpu_utilization":0.9985979457,"relative_mem_usage":0.1519983215,"absolute_mem_usage":12277830656.0,"absolute_mem_percent_usage":0.0908800782,"mem_info_per_process":{"15164":{"rss":7102070784,"vms":15992279040,"shared":567447552,"text":2322432,"lib":0,"data":14395777024,"dirty":0,"uss":3834392576,"pss":5465372672,"swap":0},"15229":{"rss":3934920704,"vms":10740805632,"shared":11464704,"text":2322432,"lib":0,"data":9359433728,"dirty":0,"uss":674394112,"pss":2303671296,"swap":0}},"nvidia_draw_absolute":52.87,"nvidia_estimated_attributable_power_draw":52.87,"average_gpu_estimated_utilization_absolute":0.32,"per_gpu_average_estimated_utilization_absolute":{"(0, 15164)":{"sm":32.0,"mem":8.5,"enc":0.0,"dec":0.0}},"average_gpu_estimated_utilization_relative":1.0,"per_gpu_performance_state":{"0":"P2"},"per_gpu_power_draw":{"0":52.87},"cpu_count_adjusted_average_load":[0.144375,0.1390625,0.13875],"cpu_freq":[{"current":2399.906,"min":1200.0,"max":3200.0},{"current":2400.0,"min":1200.0,"max":3200.0},{"current":2385.468,"min":1200.0,"max":3200.0},{"current":1212.562,"min":1200.0,"max":3200.0},{"current":1274.156,"min":1200.0,"max":3200.0},{"current":1800.375,"min":1200.0,"max":3200.0},{"current":1268.625,"min":1200.0,"max":3200.0},{"current":1404.656,"min":1200.0,"max":3200.0},{"current":1599.937,"min":1200.0,"max":3200.0},{"current":3173.812,"min":1200.0,"max":3200.0},{"current":1283.625,"min":1200.0,"max":3200.0},{"current":1941.375,"min":1200.0,"max":3200.0},{"current":1236.281,"min":1200.0,"max":3200.0},{"current":1359.75,"min":1200.0,"max":3200.0},{"current":1274.531,"min":1200.0,"max":3200.0},{"current":1274.812,"min":1200.0,"max":3200.0},{"current":2399.906,"min":1200.0,"max":3200.0},{"current":1422.468,"min":1200.0,"max":3200.0},{"current":2400.0,"min":1200.0,"max":3200.0},{"current":1398.375,"min":1200.0,"max":3200.0},{"current":1200.0,"min":1200.0,"max":3200.0},{"current":1637.812,"min":1200.0,"max":3200.0},{"current":1327.406,"min":1200.0,"max":3200.0},{"current":1829.906,"min":1200.0,"max":3200.0},{"current":1369.5,"min":1200.0,"max":3200.0},{"current":1624.406,"min":1200.0,"max":3200.0},{"current":1375.5,"min":1200.0,"max":3200.0},{"current":2047.218,"min":1200.0,"max":3200.0},{"current":1219.5,"min":1200.0,"max":3200.0},{"current":1462.406,"min":1200.0,"max":3200.0},{"current":1298.718,"min":1200.0,"max":3200.0},{"current":1335.937,"min":1200.0,"max":3200.0}],"realtime_carbon_intensity":389.3518686997,"disk_write_speed":38.6844014198,"process_ids":[15164,15229]}
{"timestamp":1573520586.178855896,"rapl_power_draw_absolute":65.0199534796,"rapl_estimated_attributable_power_draw":15.2899585509,"cpu_time_seconds":{"15164":{"user":23.12,"system":4.32,"children_user":1.1,"children_system":0.18},"15229":{"user":0.47,"system":0.37,"children_user":0.03,"children_system":0.36}},"average_relative_cpu_utilization":0.2421203887,"absolute_cpu_utilization":0.998735468,"relative_mem_usage":0.1520918751,"absolute_mem_usage":12286297088.0,"absolute_mem_percent_usage":0.0909427465,"mem_info_per_process":{"15164":{"rss":7102070784,"vms":15992279040,"shared":567447552,"text":2322432,"lib":0,"data":14395777024,"dirty":0,"uss":3837214720,"pss":5466783744,"swap":0},"15229":{"rss":3934920704,"vms":10740805632,"shared":11464704,"text":2322432,"lib":0,"data":9359433728,"dirty":0,"uss":677216256,"pss":2305082368,"swap":0}},"nvidia_draw_absolute":53.31,"nvidia_estimated_attributable_power_draw":53.31,"average_gpu_estimated_utilization_absolute":0.33,"per_gpu_average_estimated_utilization_absolute":{"(0, 15164)":{"sm":33,"mem":9,"enc":0,"dec":0}},"average_gpu_estimated_utilization_relative":1.0,"per_gpu_performance_state":{"0":"P2"},"per_gpu_power_draw":{"0":53.31},"cpu_count_adjusted_average_load":[0.1428125,0.13875,0.13875],"cpu_freq":[{"current":1645.031,"min":1200.0,"max":3200.0},{"current":2399.906,"min":1200.0,"max":3200.0},{"current":1209.75,"min":1200.0,"max":3200.0},{"current":2399.906,"min":1200.0,"max":3200.0},{"current":1324.031,"min":1200.0,"max":3200.0},{"current":1248.843,"min":1200.0,"max":3200.0},{"current":2399.906,"min":1200.0,"max":3200.0},{"current":2142.187,"min":1200.0,"max":3200.0},{"current":1525.125,"min":1200.0,"max":3200.0},{"current":3161.531,"min":1200.0,"max":3200.0},{"current":1392.187,"min":1200.0,"max":3200.0},{"current":1301.812,"min":1200.0,"max":3200.0},{"current":1200.093,"min":1200.0,"max":3200.0},{"current":1200.093,"min":1200.0,"max":3200.0},{"current":1243.875,"min":1200.0,"max":3200.0},{"current":1370.718,"min":1200.0,"max":3200.0},{"current":1576.218,"min":1200.0,"max":3200.0},{"current":2400.0,"min":1200.0,"max":3200.0},{"current":1299.656,"min":1200.0,"max":3200.0},{"current":2399.906,"min":1200.0,"max":3200.0},{"current":1200.281,"min":1200.0,"max":3200.0},{"current":1216.781,"min":1200.0,"max":3200.0},{"current":2399.906,"min":1200.0,"max":3200.0},{"current":1399.968,"min":1200.0,"max":3200.0},{"current":1362.375,"min":1200.0,"max":3200.0},{"current":3184.031,"min":1200.0,"max":3200.0},{"current":1432.406,"min":1200.0,"max":3200.0},{"current":1388.343,"min":1200.0,"max":3200.0},{"current":1381.218,"min":1200.0,"max":3200.0},{"current":1206.468,"min":1200.0,"max":3200.0},{"current":1254.656,"min":1200.0,"max":3200.0},{"current":1200.281,"min":1200.0,"max":3200.0}],"realtime_carbon_intensity":389.3518686997,"disk_write_speed":40.12930985,"process_ids":[15164,15229]}
{"timestamp":1573520594.2019200325,"rapl_power_draw_absolute":66.1640804063,"rapl_estimated_attributable_power_draw":15.3526287316,"cpu_time_seconds":{"15164":{"user":30.88,"system":4.58,"children_user":1.1,"children_system":0.18},"15229":{"user":0.65,"system":0.58,"children_user":0.06,"children_system":0.52}},"average_relative_cpu_utilization":0.2385883183,"absolute_cpu_utilization":0.9936292226,"relative_mem_usage":0.1521261699,"absolute_mem_usage":12290468864.0,"absolute_mem_percent_usage":0.0909736258,"mem_info_per_process":{"15164":{"rss":7102070784,"vms":15992279040,"shared":567447552,"text":2322432,"lib":0,"data":14395777024,"dirty":0,"uss":3838590976,"pss":5467471872,"swap":0},"15229":{"rss":3934920704,"vms":10740805632,"shared":11464704,"text":2322432,"lib":0,"data":9359433728,"dirty":0,"uss":678621184,"pss":2305784832,"swap":0}},"nvidia_draw_absolute":54.71,"nvidia_estimated_attributable_power_draw":54.71,"average_gpu_estimated_utilization_absolute":0.33,"per_gpu_average_estimated_utilization_absolute":{"(0, 15164)":{"sm":33,"mem":9,"enc":0,"dec":0}},"average_gpu_estimated_utilization_relative":1.0,"per_gpu_performance_state":{"0":"P2"},"per_gpu_power_draw":{"0":54.71},"cpu_count_adjusted_average_load":[0.155,0.1415625,0.139375],"cpu_freq":[{"current":2332.687,"min":1200.0,"max":3200.0},{"current":2399.906,"min":1200.0,"max":3200.0},{"current":1893.093,"min":1200.0,"max":3200.0},{"current":2400.0,"min":1200.0,"max":3200.0},{"current":1234.5,"min":1200.0,"max":3200.0},{"current":1200.562,"min":1200.0,"max":3200.0},{"current":1298.437,"min":1200.0,"max":3200.0},{"current":1297.781,"min":1200.0,"max":3200.0},{"current":1238.343,"min":1200.0,"max":3200.0},{"current":3078.562,"min":1200.0,"max":3200.0},{"current":1350.093,"min":1200.0,"max":3200.0},{"current":1298.25,"min":1200.0,"max":3200.0},{"current":1200.0,"min":1200.0,"max":3200.0},{"current":1224.0,"min":1200.0,"max":3200.0},{"current":1225.406,"min":1200.0,"max":3200.0},{"current":1266.0,"min":1200.0,"max":3200.0},{"current":1896.0,"min":1200.0,"max":3200.0},{"current":2400.0,"min":1200.0,"max":3200.0},{"current":1791.75,"min":1200.0,"max":3200.0},{"current":2400.0,"min":1200.0,"max":3200.0},{"current":1212.0,"min":1200.0,"max":3200.0},{"current":1239.281,"min":1200.0,"max":3200.0},{"current":1214.437,"min":1200.0,"max":3200.0},{"current":2400.0,"min":1200.0,"max":3200.0},{"current":1236.468,"min":1200.0,"max":3200.0},{"current":3184.031,"min":1200.0,"max":3200.0},{"current":1501.781,"min":1200.0,"max":3200.0},{"current":1365.75,"min":1200.0,"max":3200.0},{"current":1202.718,"min":1200.0,"max":3200.0},{"current":1231.312,"min":1200.0,"max":3200.0},{"current":1254.656,"min":1200.0,"max":3200.0},{"current":1200.093,"min":1200.0,"max":3200.0}],"realtime_carbon_intensity":389.3518686997,"disk_write_speed":40.6392740329,"process_ids":[15164,15229]}
{"timestamp":1573520602.2052619457,"rapl_power_draw_absolute":67.3795381233,"rapl_estimated_attributable_power_draw":15.584924198,"cpu_time_seconds":{"15164":{"user":38.6,"system":4.87,"children_user":1.1,"children_system":0.18},"15229":{"user":0.89,"system":0.76,"children_user":0.06,"children_system":0.71}},"average_relative_cpu_utilization":0.2384699546,"absolute_cpu_utilization":1.0085810034,"relative_mem_usage":0.1521429796,"absolute_mem_usage":12292637696.0,"absolute_mem_percent_usage":0.0909896794,"mem_info_per_process":{"15164":{"rss":7102070784,"vms":15992279040,"shared":567447552,"text":2322432,"lib":0,"data":14395777024,"dirty":0,"uss":3839328256,"pss":5467840512,"swap":0},"15229":{"rss":3934920704,"vms":10740805632,"shared":11464704,"text":2322432,"lib":0,"data":9359433728,"dirty":0,"uss":679329792,"pss":2306139136,"swap":0}},"nvidia_draw_absolute":53.25,"nvidia_estimated_attributable_power_draw":53.25,"average_gpu_estimated_utilization_absolute":0.335,"per_gpu_average_estimated_utilization_absolute":{"(0, 15164)":{"sm":33.5,"mem":9.0,"enc":0.0,"dec":0.0}},"average_gpu_estimated_utilization_relative":1.0,"per_gpu_performance_state":{"0":"P2"},"per_gpu_power_draw":{"0":53.25},"cpu_count_adjusted_average_load":[0.148125,0.1403125,0.1390625],"cpu_freq":[{"current":1394.25,"min":1200.0,"max":3200.0},{"current":2399.906,"min":1200.0,"max":3200.0},{"current":1699.968,"min":1200.0,"max":3200.0},{"current":1202.625,"min":1200.0,"max":3200.0},{"current":1212.75,"min":1200.0,"max":3200.0},{"current":1212.843,"min":1200.0,"max":3200.0},{"current":2399.906,"min":1200.0,"max":3200.0},{"current":2098.218,"min":1200.0,"max":3200.0},{"current":1238.625,"min":1200.0,"max":3200.0},{"current":3102.468,"min":1200.0,"max":3200.0},{"current":1200.375,"min":1200.0,"max":3200.0},{"current":1299.843,"min":1200.0,"max":3200.0},{"current":1241.531,"min":1200.0,"max":3200.0},{"current":1324.406,"min":1200.0,"max":3200.0},{"current":1257.187,"min":1200.0,"max":3200.0},{"current":1200.0,"min":1200.0,"max":3200.0},{"current":1599.281,"min":1200.0,"max":3200.0},{"current":2400.093,"min":1200.0,"max":3200.0},{"current":1800.0,"min":1200.0,"max":3200.0},{"current":1571.718,"min":1200.0,"max":3200.0},{"current":1255.218,"min":1200.0,"max":3200.0},{"current":1216.687,"min":1200.0,"max":3200.0},{"current":2400.093,"min":1200.0,"max":3200.0},{"current":1519.5,"min":1200.0,"max":3200.0},{"current":1278.937,"min":1200.0,"max":3200.0},{"current":3105.281,"min":1200.0,"max":3200.0},{"current":1299.093,"min":1200.0,"max":3200.0},{"current":1311.656,"min":1200.0,"max":3200.0},{"current":1300.875,"min":1200.0,"max":3200.0},{"current":1369.125,"min":1200.0,"max":3200.0},{"current":1249.968,"min":1200.0,"max":3200.0},{"current":1200.093,"min":1200.0,"max":3200.0}],"realtime_carbon_intensity":389.3518686997,"disk_write_speed":33.6795614766,"process_ids":[15164,15229]}
{"timestamp":1573520610.205794096,"rapl_power_draw_absolute":66.337221715,"rapl_estimated_attributable_power_draw":15.7944952477,"cpu_time_seconds":{"15164":{"user":46.34,"system":5.14,"children_user":1.1,"children_system":0.18},"15229":{"user":1.07,"system":0.92,"children_user":0.08,"children_system":0.87}},"average_relative_cpu_utilization":0.2459996285,"absolute_cpu_utilization":1.0036178691,"relative_mem_usage":0.1521566951,"absolute_mem_usage":12294714368.0,"absolute_mem_percent_usage":0.0910050509,"mem_info_per_process":{"15164":{"rss":7102070784,"vms":15992279040,"shared":567447552,"text":2322432,"lib":0,"data":14395777024,"dirty":0,"uss":3840020480,"pss":5468186624,"swap":0},"15229":{"rss":3934920704,"vms":10740805632,"shared":11464704,"text":2322432,"lib":0,"data":9359433728,"dirty":0,"uss":680022016,"pss":2306485248,"swap":0}},"nvidia_draw_absolute":55.04,"nvidia_estimated_attributable_power_draw":55.04,"average_gpu_estimated_utilization_absolute":0.335,"per_gpu_average_estimated_utilization_absolute":{"(0, 15164)":{"sm":33.5,"mem":9.0,"enc":0.0,"dec":0.0}},"average_gpu_estimated_utilization_relative":1.0,"per_gpu_performance_state":{"0":"P2"},"per_gpu_power_draw":{"0":55.04},"cpu_count_adjusted_average_load":[0.14375,0.1396875,0.1390625],"cpu_freq":[{"current":1500.0,"min":1200.0,"max":3200.0},{"current":1250.906,"min":1200.0,"max":3200.0},{"current":2093.531,"min":1200.0,"max":3200.0},{"current":1333.125,"min":1200.0,"max":3200.0},{"current":1223.343,"min":1200.0,"max":3200.0},{"current":1201.875,"min":1200.0,"max":3200.0},{"current":2298.656,"min":1200.0,"max":3200.0},{"current":1854.937,"min":1200.0,"max":3200.0},{"current":1586.625,"min":1200.0,"max":3200.0},{"current":3021.281,"min":1200.0,"max":3200.0},{"current":1207.968,"min":1200.0,"max":3200.0},{"current":1886.25,"min":1200.0,"max":3200.0},{"current":1200.093,"min":1200.0,"max":3200.0},{"current":1203.937,"min":1200.0,"max":3200.0},{"current":1227.75,"min":1200.0,"max":3200.0},{"current":1200.0,"min":1200.0,"max":3200.0},{"current":1486.687,"min":1200.0,"max":3200.0},{"current":1799.343,"min":1200.0,"max":3200.0},{"current":2399.906,"min":1200.0,"max":3200.0},{"current":1515.0,"min":1200.0,"max":3200.0},{"current":1299.562,"min":1200.0,"max":3200.0},{"current":1202.343,"min":1200.0,"max":3200.0},{"current":2400.0,"min":1200.0,"max":3200.0},{"current":2400.093,"min":1200.0,"max":3200.0},{"current":1285.968,"min":1200.0,"max":3200.0},{"current":3105.281,"min":1200.0,"max":3200.0},{"current":1252.781,"min":1200.0,"max":3200.0},{"current":1404.0,"min":1200.0,"max":3200.0},{"current":1220.812,"min":1200.0,"max":3200.0},{"current":1369.125,"min":1200.0,"max":3200.0},{"current":1249.968,"min":1200.0,"max":3200.0},{"current":1200.187,"min":1200.0,"max":3200.0}],"realtime_carbon_intensity":389.3518686997,"disk_write_speed":46.8030491193,"process_ids":[15164,15229]}
{"timestamp":1573520618.2211489677,"rapl_power_draw_absolute":68.4901490364,"rapl_estimated_attributable_power_draw":16.1515621977,"cpu_time_seconds":{"15164":{"user":54.12,"system":5.38,"children_user":1.1,"children_system":0.18},"15229":{"user":1.26,"system":1.1,"children_user":0.1,"children_system":1.03}},"average_relative_cpu_utilization":0.243917725,"absolute_cpu_utilization":1.003706825,"relative_mem_usage":0.1521605045,"absolute_mem_usage":12295844864.0,"absolute_mem_percent_usage":0.0910134188,"mem_info_per_process":{"15164":{"rss":7102070784,"vms":15992279040,"shared":567447552,"text":2322432,"lib":0,"data":14395777024,"dirty":0,"uss":3840397312,"pss":5468375040,"swap":0},"15229":{"rss":3934920704,"vms":10740805632,"shared":11464704,"text":2322432,"lib":0,"data":9359433728,"dirty":0,"uss":680398848,"pss":2306673664,"swap":0}},"nvidia_draw_absolute":52.19,"nvidia_estimated_attributable_power_draw":52.19,"average_gpu_estimated_utilization_absolute":0.335,"per_gpu_average_estimated_utilization_absolute":{"(0, 15164)":{"sm":33.5,"mem":9.0,"enc":0.0,"dec":0.0}},"average_gpu_estimated_utilization_relative":1.0,"per_gpu_performance_state":{"0":"P2"},"per_gpu_power_draw":{"0":52.19},"cpu_count_adjusted_average_load":[0.1459375,0.1403125,0.1390625],"cpu_freq":[{"current":2083.593,"min":1200.0,"max":3200.0},{"current":2400.0,"min":1200.0,"max":3200.0},{"current":2399.906,"min":1200.0,"max":3200.0},{"current":2009.531,"min":1200.0,"max":3200.0},{"current":1211.25,"min":1200.0,"max":3200.0},{"current":1200.281,"min":1200.0,"max":3200.0},{"current":2295.0,"min":1200.0,"max":3200.0},{"current":1598.812,"min":1200.0,"max":3200.0},{"current":1384.218,"min":1200.0,"max":3200.0},{"current":3125.718,"min":1200.0,"max":3200.0},{"current":1297.687,"min":1200.0,"max":3200.0},{"current":1733.906,"min":1200.0,"max":3200.0},{"current":1200.0,"min":1200.0,"max":3200.0},{"current":1200.187,"min":1200.0,"max":3200.0},{"current":1242.75,"min":1200.0,"max":3200.0},{"current":1200.093,"min":1200.0,"max":3200.0},{"current":2014.593,"min":1200.0,"max":3200.0},{"current":2400.0,"min":1200.0,"max":3200.0},{"current":1427.718,"min":1200.0,"max":3200.0},{"current":1200.0,"min":1200.0,"max":3200.0},{"current":1295.625,"min":1200.0,"max":3200.0},{"current":1202.25,"min":1200.0,"max":3200.0},{"current":1200.093,"min":1200.0,"max":3200.0},{"current":1399.968,"min":1200.0,"max":3200.0},{"current":1400.062,"min":1200.0,"max":3200.0},{"current":3162.75,"min":1200.0,"max":3200.0},{"current":1240.5,"min":1200.0,"max":3200.0},{"current":1498.875,"min":1200.0,"max":3200.0},{"current":1201.406,"min":1200.0,"max":3200.0},{"current":1245.093,"min":1200.0,"max":3200.0},{"current":1254.75,"min":1200.0,"max":3200.0},{"current":1200.187,"min":1200.0,"max":3200.0}],"realtime_carbon_intensity":389.3518686997,"disk_write_speed":41.9019959973,"process_ids":[15164,15229]}
{"timestamp":1573520626.2073040009,"rapl_power_draw_absolute":66.3402207938,"rapl_estimated_attributable_power_draw":15.6093365695,"cpu_time_seconds":{"15164":{"user":61.8,"system":5.68,"children_user":1.1,"children_system":0.18},"15229":{"user":1.46,"system":1.29,"children_user":0.11,"children_system":1.21}},"average_relative_cpu_utilization":0.2421143365,"absolute_cpu_utilization":0.9987012274,"relative_mem_usage":0.1521585447,"absolute_mem_usage":12296975360.0,"absolute_mem_percent_usage":0.0910217867,"mem_info_per_process":{"15164":{"rss":7102070784,"vms":15992279040,"shared":567447552,"text":2322432,"lib":0,"data":14395777024,"dirty":0,"uss":3840774144,"pss":5468563456,"swap":0},"15229":{"rss":3934920704,"vms":10740805632,"shared":11464704,"text":2322432,"lib":0,"data":9359433728,"dirty":0,"uss":680775680,"pss":2306862080,"swap":0}},"nvidia_draw_absolute":53.15,"nvidia_estimated_attributable_power_draw":53.15,"average_gpu_estimated_utilization_absolute":0.335,"per_gpu_average_estimated_utilization_absolute":{"(0, 15164)":{"sm":33.5,"mem":9.0,"enc":0.0,"dec":0.0}},"average_gpu_estimated_utilization_relative":1.0,"per_gpu_performance_state":{"0":"P2"},"per_gpu_power_draw":{"0":53.15},"cpu_count_adjusted_average_load":[0.1440625,0.14,0.1390625],"cpu_freq":[{"current":2397.281,"min":1200.0,"max":3200.0},{"current":1399.968,"min":1200.0,"max":3200.0},{"current":1318.781,"min":1200.0,"max":3200.0},{"current":2399.906,"min":1200.0,"max":3200.0},{"current":1240.312,"min":1200.0,"max":3200.0},{"current":1221.656,"min":1200.0,"max":3200.0},{"current":2682.281,"min":1200.0,"max":3200.0},{"current":1687.5,"min":1200.0,"max":3200.0},{"current":1575.0,"min":1200.0,"max":3200.0},{"current":3161.625,"min":1200.0,"max":3200.0},{"current":1297.406,"min":1200.0,"max":3200.0},{"current":1911.0,"min":1200.0,"max":3200.0},{"current":1200.281,"min":1200.0,"max":3200.0},{"current":1200.093,"min":1200.0,"max":3200.0},{"current":1220.906,"min":1200.0,"max":3200.0},{"current":1200.0,"min":1200.0,"max":3200.0},{"current":1622.437,"min":1200.0,"max":3200.0},{"current":1554.281,"min":1200.0,"max":3200.0},{"current":1294.875,"min":1200.0,"max":3200.0},{"current":2400.0,"min":1200.0,"max":3200.0},{"current":1206.093,"min":1200.0,"max":3200.0},{"current":1212.281,"min":1200.0,"max":3200.0},{"current":2357.812,"min":1200.0,"max":3200.0},{"current":1699.968,"min":1200.0,"max":3200.0},{"current":1506.562,"min":1200.0,"max":3200.0},{"current":3162.75,"min":1200.0,"max":3200.0},{"current":1283.906,"min":1200.0,"max":3200.0},{"current":1811.531,"min":1200.0,"max":3200.0},{"current":1211.25,"min":1200.0,"max":3200.0},{"current":1245.093,"min":1200.0,"max":3200.0},{"current":1254.75,"min":1200.0,"max":3200.0},{"current":1200.375,"min":1200.0,"max":3200.0}],"realtime_carbon_intensity":389.3518686997,"disk_write_speed":43.9733914215,"process_ids":[15164,15229]}
{"timestamp":1573520634.1983850002,"rapl_power_draw_absolute":66.6380688016,"rapl_estimated_attributable_power_draw":15.3001144097,"cpu_time_seconds":{"15164":{"user":69.58,"system":5.9,"children_user":1.1,"children_system":0.18},"15229":{"user":1.69,"system":1.47,"children_user":0.13,"children_system":1.38}},"average_relative_cpu_utilization":0.2358895965,"absolute_cpu_utilization":1.0035775084,"relative_mem_usage":0.1521607149,"absolute_mem_usage":12297909248.0,"absolute_mem_percent_usage":0.0910286993,"mem_info_per_process":{"15164":{"rss":7102070784,"vms":15992279040,"shared":567447552,"text":2322432,"lib":0,"data":14395777024,"dirty":0,"uss":3841085440,"pss":5468719104,"swap":0},"15229":{"rss":3934920704,"vms":10740805632,"shared":11464704,"text":2322432,"lib":0,"data":9359433728,"dirty":0,"uss":681086976,"pss":2307017728,"swap":0}},"nvidia_draw_absolute":53.05,"nvidia_estimated_attributable_power_draw":53.05,"average_gpu_estimated_utilization_absolute":0.335,"per_gpu_average_estimated_utilization_absolute":{"(0, 15164)":{"sm":33.5,"mem":9.0,"enc":0.0,"dec":0.0}},"average_gpu_estimated_utilization_relative":1.0,"per_gpu_performance_state":{"0":"P2"},"per_gpu_power_draw":{"0":53.05},"cpu_count_adjusted_average_load":[0.1434375,0.14,0.1390625],"cpu_freq":[{"current":1298.156,"min":1200.0,"max":3200.0},{"current":1238.156,"min":1200.0,"max":3200.0},{"current":2400.0,"min":1200.0,"max":3200.0},{"current":1454.812,"min":1200.0,"max":3200.0},{"current":1201.031,"min":1200.0,"max":3200.0},{"current":1201.968,"min":1200.0,"max":3200.0},{"current":1321.593,"min":1200.0,"max":3200.0},{"current":1297.312,"min":1200.0,"max":3200.0},{"current":1227.187,"min":1200.0,"max":3200.0},{"current":3094.5,"min":1200.0,"max":3200.0},{"current":1372.125,"min":1200.0,"max":3200.0},{"current":1279.5,"min":1200.0,"max":3200.0},{"current":1200.187,"min":1200.0,"max":3200.0},{"current":1365.843,"min":1200.0,"max":3200.0},{"current":1200.187,"min":1200.0,"max":3200.0},{"current":1201.5,"min":1200.0,"max":3200.0},{"current":1302.75,"min":1200.0,"max":3200.0},{"current":1200.093,"min":1200.0,"max":3200.0},{"current":2399.906,"min":1200.0,"max":3200.0},{"current":1598.437,"min":1200.0,"max":3200.0},{"current":1200.0,"min":1200.0,"max":3200.0},{"current":1224.0,"min":1200.0,"max":3200.0},{"current":2400.0,"min":1200.0,"max":3200.0},{"current":2400.0,"min":1200.0,"max":3200.0},{"current":1308.937,"min":1200.0,"max":3200.0},{"current":3076.218,"min":1200.0,"max":3200.0},{"current":1380.656,"min":1200.0,"max":3200.0},{"current":1214.531,"min":1200.0,"max":3200.0},{"current":1231.781,"min":1200.0,"max":3200.0},{"current":1205.062,"min":1200.0,"max":3200.0},{"current":1240.5,"min":1200.0,"max":3200.0},{"current":1200.937,"min":1200.0,"max":3200.0}],"realtime_carbon_intensity":389.3518686997,"disk_write_speed":37.2219977151,"process_ids":[15164,15229]}
{"timestamp":1573520642.1986100674,"rapl_power_draw_absolute":67.2697412886,"rapl_estimated_attributable_power_draw":15.6609215079,"cpu_time_seconds":{"15164":{"user":77.35,"system":6.13,"children_user":1.1,"children_system":0.18},"15229":{"user":1.87,"system":1.66,"children_user":0.14,"children_system":1.55}},"average_relative_cpu_utilization":0.2403731964,"absolute_cpu_utilization":0.9987334707,"relative_mem_usage":0.1521505347,"absolute_mem_usage":12298658816.0,"absolute_mem_percent_usage":0.0910342475,"mem_info_per_process":{"15164":{"rss":7102070784,"vms":15992279040,"shared":567447552,"text":2322432,"lib":0,"data":14395777024,"dirty":0,"uss":3841335296,"pss":5468844032,"swap":0},"15229":{"rss":3934920704,"vms":10740805632,"shared":11464704,"text":2322432,"lib":0,"data":9359433728,"dirty":0,"uss":681336832,"pss":2307142656,"swap":0}},"nvidia_draw_absolute":52.03,"nvidia_estimated_attributable_power_draw":52.03,"average_gpu_estimated_utilization_absolute":0.33,"per_gpu_average_estimated_utilization_absolute":{"(0, 15164)":{"sm":33,"mem":9,"enc":0,"dec":0}},"average_gpu_estimated_utilization_relative":1.0,"per_gpu_performance_state":{"0":"P2"},"per_gpu_power_draw":{"0":52.03},"cpu_count_adjusted_average_load":[0.138125,0.1390625,0.13875],"cpu_freq":[{"current":2399.906,"min":1200.0,"max":3200.0},{"current":2399.906,"min":1200.0,"max":3200.0},{"current":2289.281,"min":1200.0,"max":3200.0},{"current":1526.718,"min":1200.0,"max":3200.0},{"current":1237.031,"min":1200.0,"max":3200.0},{"current":1201.406,"min":1200.0,"max":3200.0},{"current":1526.718,"min":1200.0,"max":3200.0},{"current":2399.906,"min":1200.0,"max":3200.0},{"current":1297.406,"min":1200.0,"max":3200.0},{"current":3186.0,"min":1200.0,"max":3200.0},{"current":1438.687,"min":1200.0,"max":3200.0},{"current":1460.156,"min":1200.0,"max":3200.0},{"current":1200.0,"min":1200.0,"max":3200.0},{"current":1200.093,"min":1200.0,"max":3200.0},{"current":1200.093,"min":1200.0,"max":3200.0},{"current":1235.343,"min":1200.0,"max":3200.0},{"current":2400.0,"min":1200.0,"max":3200.0},{"current":2399.906,"min":1200.0,"max":3200.0},{"current":2399.906,"min":1200.0,"max":3200.0},{"current":1496.812,"min":1200.0,"max":3200.0},{"current":1279.875,"min":1200.0,"max":3200.0},{"current":1204.687,"min":1200.0,"max":3200.0},{"current":1398.375,"min":1200.0,"max":3200.0},{"current":2400.0,"min":1200.0,"max":3200.0},{"current":1335.468,"min":1200.0,"max":3200.0},{"current":3076.218,"min":1200.0,"max":3200.0},{"current":1875.468,"min":1200.0,"max":3200.0},{"current":1227.093,"min":1200.0,"max":3200.0},{"current":1363.5,"min":1200.0,"max":3200.0},{"current":1318.5,"min":1200.0,"max":3200.0},{"current":1205.062,"min":1200.0,"max":3200.0},{"current":1272.468,"min":1200.0,"max":3200.0}],"realtime_carbon_intensity":389.3518686997,"disk_write_speed":52.3437414202,"process_ids":[15164,15229]}
{"timestamp":1573520650.2159190178,"rapl_power_draw_absolute":66.9330510516,"rapl_estimated_attributable_power_draw":15.6540479969,"cpu_time_seconds":{"15164":{"user":85.1,"system":6.4,"children_user":1.1,"children_system":0.18},"15229":{"user":2.07,"system":1.84,"children_user":0.16,"children_system":1.71}},"average_relative_cpu_utilization":0.2415361243,"absolute_cpu_utilization":0.9987516323,"relative_mem_usage":0.1521457446,"absolute_mem_usage":12299064320.0,"absolute_mem_percent_usage":0.0910372491,"mem_info_per_process":{"15164":{"rss":7102070784,"vms":15992279040,"shared":567447552,"text":2322432,"lib":0,"data":14395777024,"dirty":0,"uss":3841470464,"pss":5468911616,"swap":0},"15229":{"rss":3934920704,"vms":10740805632,"shared":11464704,"text":2322432,"lib":0,"data":9359433728,"dirty":0,"uss":681472000,"pss":2307210240,"swap":0}},"nvidia_draw_absolute":54.59,"nvidia_estimated_attributable_power_draw":54.59,"average_gpu_estimated_utilization_absolute":0.325,"per_gpu_average_estimated_utilization_absolute":{"(0, 15164)":{"sm":32.5,"mem":9.0,"enc":0.0,"dec":0.0}},"average_gpu_estimated_utilization_relative":1.0,"per_gpu_performance_state":{"0":"P2"},"per_gpu_power_draw":{"0":54.59},"cpu_count_adjusted_average_load":[0.1346875,0.138125,0.1384375],"cpu_freq":[{"current":1299.187,"min":1200.0,"max":3200.0},{"current":1613.812,"min":1200.0,"max":3200.0},{"current":2399.906,"min":1200.0,"max":3200.0},{"current":2399.906,"min":1200.0,"max":3200.0},{"current":1233.562,"min":1200.0,"max":3200.0},{"current":1255.125,"min":1200.0,"max":3200.0},{"current":1649.062,"min":1200.0,"max":3200.0},{"current":1281.843,"min":1200.0,"max":3200.0},{"current":1214.812,"min":1200.0,"max":3200.0},{"current":2988.656,"min":1200.0,"max":3200.0},{"current":1204.031,"min":1200.0,"max":3200.0},{"current":1389.937,"min":1200.0,"max":3200.0},{"current":1200.187,"min":1200.0,"max":3200.0},{"current":1200.093,"min":1200.0,"max":3200.0},{"current":1234.781,"min":1200.0,"max":3200.0},{"current":1200.0,"min":1200.0,"max":3200.0},{"current":1205.437,"min":1200.0,"max":3200.0},{"current":2385.0,"min":1200.0,"max":3200.0},{"current":2400.0,"min":1200.0,"max":3200.0},{"current":2400.0,"min":1200.0,"max":3200.0},{"current":1200.0,"min":1200.0,"max":3200.0},{"current":1395.843,"min":1200.0,"max":3200.0},{"current":2400.0,"min":1200.0,"max":3200.0},{"current":1298.906,"min":1200.0,"max":3200.0},{"current":1232.906,"min":1200.0,"max":3200.0},{"current":2624.156,"min":1200.0,"max":3200.0},{"current":1644.187,"min":1200.0,"max":3200.0},{"current":1239.562,"min":1200.0,"max":3200.0},{"current":1249.031,"min":1200.0,"max":3200.0},{"current":1200.468,"min":1200.0,"max":3200.0},{"current":1390.218,"min":1200.0,"max":3200.0},{"current":1297.593,"min":1200.0,"max":3200.0}],"realtime_carbon_intensity":389.3518686997,"disk_write_speed":52.4411819457,"process_ids":[15164,15229]}
{"timestamp":1573520658.2243819237,"rapl_power_draw_absolute":66.2852060603,"rapl_estimated_attributable_power_draw":15.4916709209,"cpu_time_seconds":{"15164":{"user":92.88,"system":6.63,"children_user":1.1,"children_system":0.18},"15229":{"user":2.29,"system":2.04,"children_user":0.18,"children_system":1.87}},"average_relative_cpu_utilization":0.2408981748,"absolute_cpu_utilization":0.9936233305,"relative_mem_usage":0.1521390986,"absolute_mem_usage":12299506688.0,"absolute_mem_percent_usage":0.0910405235,"mem_info_per_process":{"15164":{"rss":7102070784,"vms":15992279040,"shared":567447552,"text":2322432,"lib":0,"data":14395777024,"dirty":0,"uss":3841617920,"pss":5468985344,"swap":0},"15229":{"rss":3934920704,"vms":10740805632,"shared":11464704,"text":2322432,"lib":0,"data":9359433728,"dirty":0,"uss":681619456,"pss":2307283968,"swap":0}},"nvidia_draw_absolute":50.58,"nvidia_estimated_attributable_power_draw":50.58,"average_gpu_estimated_utilization_absolute":0.345,"per_gpu_average_estimated_utilization_absolute":{"(0, 15164)":{"sm":34.5,"mem":9.0,"enc":0.0,"dec":0.0}},"average_gpu_estimated_utilization_relative":1.0,"per_gpu_performance_state":{"0":"P2"},"per_gpu_power_draw":{"0":50.58},"cpu_count_adjusted_average_load":[0.133125,0.1378125,0.1384375],"cpu_freq":[{"current":1448.25,"min":1200.0,"max":3200.0},{"current":1291.031,"min":1200.0,"max":3200.0},{"current":2376.468,"min":1200.0,"max":3200.0},{"current":2399.906,"min":1200.0,"max":3200.0},{"current":1200.562,"min":1200.0,"max":3200.0},{"current":1201.593,"min":1200.0,"max":3200.0},{"current":2297.437,"min":1200.0,"max":3200.0},{"current":1299.937,"min":1200.0,"max":3200.0},{"current":1208.062,"min":1200.0,"max":3200.0},{"current":3141.843,"min":1200.0,"max":3200.0},{"current":1800.281,"min":1200.0,"max":3200.0},{"current":1299.187,"min":1200.0,"max":3200.0},{"current":1200.187,"min":1200.0,"max":3200.0},{"current":1222.406,"min":1200.0,"max":3200.0},{"current":1200.093,"min":1200.0,"max":3200.0},{"current":1242.937,"min":1200.0,"max":3200.0},{"current":1988.812,"min":1200.0,"max":3200.0},{"current":1530.375,"min":1200.0,"max":3200.0},{"current":1394.906,"min":1200.0,"max":3200.0},{"current":2400.0,"min":1200.0,"max":3200.0},{"current":1200.0,"min":1200.0,"max":3200.0},{"current":1203.937,"min":1200.0,"max":3200.0},{"current":1371.187,"min":1200.0,"max":3200.0},{"current":1293.937,"min":1200.0,"max":3200.0},{"current":1242.843,"min":1200.0,"max":3200.0},{"current":2624.156,"min":1200.0,"max":3200.0},{"current":1801.312,"min":1200.0,"max":3200.0},{"current":1278.093,"min":1200.0,"max":3200.0},{"current":1258.406,"min":1200.0,"max":3200.0},{"current":1267.781,"min":1200.0,"max":3200.0},{"current":1221.656,"min":1200.0,"max":3200.0},{"current":1299.187,"min":1200.0,"max":3200.0}],"realtime_carbon_intensity":389.3518686997,"disk_write_speed":20.6364681787,"process_ids":[15164,15229]}
{"timestamp":1573520666.2529330254,"rapl_power_draw_absolute":68.0075133656,"rapl_estimated_attributable_power_draw":15.9643454853,"cpu_time_seconds":{"15164":{"user":100.6,"system":6.95,"children_user":1.1,"children_system":0.18},"15229":{"user":2.44,"system":2.22,"children_user":0.19,"children_system":2.04}},"average_relative_cpu_utilization":0.2424356675,"absolute_cpu_utilization":1.0035611679,"relative_mem_usage":0.1521337233,"absolute_mem_usage":12299961344.0,"absolute_mem_percent_usage":0.0910438888,"mem_info_per_process":{"15164":{"rss":7102070784,"vms":15992279040,"shared":567447552,"text":2322432,"lib":0,"data":14395777024,"dirty":0,"uss":3841769472,"pss":5469061120,"swap":0},"15229":{"rss":3934920704,"vms":10740805632,"shared":11464704,"text":2322432,"lib":0,"data":9359433728,"dirty":0,"uss":681771008,"pss":2307359744,"swap":0}},"nvidia_draw_absolute":50.65,"nvidia_estimated_attributable_power_draw":50.65,"average_gpu_estimated_utilization_absolute":0.345,"per_gpu_average_estimated_utilization_absolute":{"(0, 15164)":{"sm":34.5,"mem":9.0,"enc":0.0,"dec":0.0}},"average_gpu_estimated_utilization_relative":1.0,"per_gpu_performance_state":{"0":"P2"},"per_gpu_power_draw":{"0":50.65},"cpu_count_adjusted_average_load":[0.1325,0.1375,0.1384375],"cpu_freq":[{"current":2199.187,"min":1200.0,"max":3200.0},{"current":2399.906,"min":1200.0,"max":3200.0},{"current":2400.0,"min":1200.0,"max":3200.0},{"current":2399.906,"min":1200.0,"max":3200.0},{"current":1382.718,"min":1200.0,"max":3200.0},{"current":1200.187,"min":1200.0,"max":3200.0},{"current":2299.781,"min":1200.0,"max":3200.0},{"current":1403.343,"min":1200.0,"max":3200.0},{"current":1528.687,"min":1200.0,"max":3200.0},{"current":3027.0,"min":1200.0,"max":3200.0},{"current":1244.625,"min":1200.0,"max":3200.0},{"current":1699.968,"min":1200.0,"max":3200.0},{"current":1226.906,"min":1200.0,"max":3200.0},{"current":1225.218,"min":1200.0,"max":3200.0},{"current":1200.0,"min":1200.0,"max":3200.0},{"current":1200.093,"min":1200.0,"max":3200.0},{"current":1608.75,"min":1200.0,"max":3200.0},{"current":2400.187,"min":1200.0,"max":3200.0},{"current":2399.906,"min":1200.0,"max":3200.0},{"current":1394.812,"min":1200.0,"max":3200.0},{"current":1281.843,"min":1200.0,"max":3200.0},{"current":1267.5,"min":1200.0,"max":3200.0},{"current":2299.968,"min":1200.0,"max":3200.0},{"current":2107.875,"min":1200.0,"max":3200.0},{"current":1573.406,"min":1200.0,"max":3200.0},{"current":3004.875,"min":1200.0,"max":3200.0},{"current":1381.687,"min":1200.0,"max":3200.0},{"current":1501.687,"min":1200.0,"max":3200.0},{"current":1227.093,"min":1200.0,"max":3200.0},{"current":1200.75,"min":1200.0,"max":3200.0},{"current":1298.718,"min":1200.0,"max":3200.0},{"current":1200.281,"min":1200.0,"max":3200.0}],"realtime_carbon_intensity":389.3518686997,"disk_write_speed":17.1199420215,"process_ids":[15164,15229]}
{"timestamp":1573520674.2601909637,"rapl_power_draw_absolute":65.7140178464,"rapl_estimated_attributable_power_draw":15.5315684492,"cpu_time_seconds":{"15164":{"user":108.37,"system":7.18,"children_user":1.1,"children_system":0.18},"15229":{"user":2.58,"system":2.38,"children_user":0.21,"children_system":2.21}},"average_relative_cpu_utilization":0.2432819371,"absolute_cpu_utilization":0.9985785156,"relative_mem_usage":0.1521238799,"absolute_mem_usage":12300366848.0,"absolute_mem_percent_usage":0.0910468903,"mem_info_per_process":{"15164":{"rss":7102070784,"vms":15992279040,"shared":567447552,"text":2322432,"lib":0,"data":14395777024,"dirty":0,"uss":3841904640,"pss":5469128704,"swap":0},"15229":{"rss":3934920704,"vms":10740805632,"shared":11464704,"text":2322432,"lib":0,"data":9359433728,"dirty":0,"uss":681906176,"pss":2307427328,"swap":0}},"nvidia_draw_absolute":51.25,"nvidia_estimated_attributable_power_draw":51.25,"average_gpu_estimated_utilization_absolute":0.345,"per_gpu_average_estimated_utilization_absolute":{"(0, 15164)":{"sm":34.5,"mem":9.0,"enc":0.0,"dec":0.0}},"average_gpu_estimated_utilization_relative":1.0,"per_gpu_performance_state":{"0":"P2"},"per_gpu_power_draw":{"0":51.25},"cpu_count_adjusted_average_load":[0.12875,0.1365625,0.1378125],"cpu_freq":[{"current":2399.906,"min":1200.0,"max":3200.0},{"current":2400.0,"min":1200.0,"max":3200.0},{"current":1471.5,"min":1200.0,"max":3200.0},{"current":2188.593,"min":1200.0,"max":3200.0},{"current":1347.75,"min":1200.0,"max":3200.0},{"current":1200.187,"min":1200.0,"max":3200.0},{"current":1299.0,"min":1200.0,"max":3200.0},{"current":2399.906,"min":1200.0,"max":3200.0},{"current":1299.937,"min":1200.0,"max":3200.0},{"current":3168.468,"min":1200.0,"max":3200.0},{"current":1661.25,"min":1200.0,"max":3200.0},{"current":1613.812,"min":1200.0,"max":3200.0},{"current":1200.375,"min":1200.0,"max":3200.0},{"current":1200.187,"min":1200.0,"max":3200.0},{"current":1216.5,"min":1200.0,"max":3200.0},{"current":1222.406,"min":1200.0,"max":3200.0},{"current":2399.062,"min":1200.0,"max":3200.0},{"current":2400.0,"min":1200.0,"max":3200.0},{"current":1298.156,"min":1200.0,"max":3200.0},{"current":2301.843,"min":1200.0,"max":3200.0},{"current":1305.75,"min":1200.0,"max":3200.0},{"current":1267.5,"min":1200.0,"max":3200.0},{"current":1240.312,"min":1200.0,"max":3200.0},{"current":2128.5,"min":1200.0,"max":3200.0},{"current":1238.625,"min":1200.0,"max":3200.0},{"current":2628.375,"min":1200.0,"max":3200.0},{"current":1888.687,"min":1200.0,"max":3200.0},{"current":1628.062,"min":1200.0,"max":3200.0},{"current":1203.187,"min":1200.0,"max":3200.0},{"current":1210.312,"min":1200.0,"max":3200.0},{"current":1229.531,"min":1200.0,"max":3200.0},{"current":1200.093,"min":1200.0,"max":3200.0}],"realtime_carbon_intensity":389.3518686997,"disk_write_speed":15.3158538088,"process_ids":[15164,15229]}
{"timestamp":1573520682.3223230839,"rapl_power_draw_absolute":65.1101221813,"rapl_estimated_attributable_power_draw":15.2111602587,"cpu_time_seconds":{"15164":{"user":116.21,"system":7.42,"children_user":1.1,"children_system":0.18},"15229":{"user":2.7,"system":2.56,"children_user":0.22,"children_system":2.38}},"average_relative_cpu_utilization":0.2404038206,"absolute_cpu_utilization":1.0035733495,"relative_mem_usage":0.1521168072,"absolute_mem_usage":12300624896.0,"absolute_mem_percent_usage":0.0910488004,"mem_info_per_process":{"15164":{"rss":7102070784,"vms":15992279040,"shared":567447552,"text":2322432,"lib":0,"data":14395777024,"dirty":0,"uss":3841990656,"pss":5469171712,"swap":0},"15229":{"rss":3934920704,"vms":10740805632,"shared":11464704,"text":2322432,"lib":0,"data":9359433728,"dirty":0,"uss":681992192,"pss":2307470336,"swap":0}},"nvidia_draw_absolute":53.07,"nvidia_estimated_attributable_power_draw":53.07,"average_gpu_estimated_utilization_absolute":0.34,"per_gpu_average_estimated_utilization_absolute":{"(0, 15164)":{"sm":34,"mem":9,"enc":0,"dec":0}},"average_gpu_estimated_utilization_relative":1.0,"per_gpu_performance_state":{"0":"P2"},"per_gpu_power_draw":{"0":53.07},"cpu_count_adjusted_average_load":[0.125625,0.135625,0.1375],"cpu_freq":[{"current":1795.031,"min":1200.0,"max":3200.0},{"current":1389.843,"min":1200.0,"max":3200.0},{"current":1704.468,"min":1200.0,"max":3200.0},{"current":1202.812,"min":1200.0,"max":3200.0},{"current":1200.656,"min":1200.0,"max":3200.0},{"current":1251.375,"min":1200.0,"max":3200.0},{"current":1286.812,"min":1200.0,"max":3200.0},{"current":2399.906,"min":1200.0,"max":3200.0},{"current":1269.093,"min":1200.0,"max":3200.0},{"current":3000.468,"min":1200.0,"max":3200.0},{"current":1899.375,"min":1200.0,"max":3200.0},{"current":1636.406,"min":1200.0,"max":3200.0},{"current":1223.812,"min":1200.0,"max":3200.0},{"current":1272.093,"min":1200.0,"max":3200.0},{"current":1274.625,"min":1200.0,"max":3200.0},{"current":1225.218,"min":1200.0,"max":3200.0},{"current":1261.218,"min":1200.0,"max":3200.0},{"current":1399.125,"min":1200.0,"max":3200.0},{"current":2400.0,"min":1200.0,"max":3200.0},{"current":1285.593,"min":1200.0,"max":3200.0},{"current":1200.0,"min":1200.0,"max":3200.0},{"current":1237.031,"min":1200.0,"max":3200.0},{"current":1297.125,"min":1200.0,"max":3200.0},{"current":2399.906,"min":1200.0,"max":3200.0},{"current":1399.218,"min":1200.0,"max":3200.0},{"current":2611.125,"min":1200.0,"max":3200.0},{"current":1614.656,"min":1200.0,"max":3200.0},{"current":1499.906,"min":1200.0,"max":3200.0},{"current":1212.0,"min":1200.0,"max":3200.0},{"current":1219.406,"min":1200.0,"max":3200.0},{"current":1340.718,"min":1200.0,"max":3200.0},{"current":1200.468,"min":1200.0,"max":3200.0}],"realtime_carbon_intensity":389.3518686997,"disk_write_speed":7.2397345278,"process_ids":[15164,15229]}
{"timestamp":1573520690.3585169315,"rapl_power_draw_absolute":65.0736083965,"rapl_estimated_attributable_power_draw":15.0967263911,"cpu_time_seconds":{"15164":{"user":123.97,"system":7.69,"children_user":1.1,"children_system":0.18},"15229":{"user":2.79,"system":2.7,"children_user":0.23,"children_system":2.56}},"average_relative_cpu_utilization":0.2386389333,"absolute_cpu_utilization":0.9986096402,"relative_mem_usage":0.1521122613,"absolute_mem_usage":12301288448.0,"absolute_mem_percent_usage":0.091053712,"mem_info_per_process":{"15164":{"rss":7102070784,"vms":15992279040,"shared":567447552,"text":2322432,"lib":0,"data":14395777024,"dirty":0,"uss":3842211840,"pss":5469282304,"swap":0},"15229":{"rss":3934920704,"vms":10740805632,"shared":11464704,"text":2322432,"lib":0,"data":9359433728,"dirty":0,"uss":682213376,"pss":2307580928,"swap":0}},"nvidia_draw_absolute":51.08,"nvidia_estimated_attributable_power_draw":51.08,"average_gpu_estimated_utilization_absolute":0.345,"per_gpu_average_estimated_utilization_absolute":{"(0, 15164)":{"sm":34.5,"mem":9.0,"enc":0.0,"dec":0.0}},"average_gpu_estimated_utilization_relative":1.0,"per_gpu_performance_state":{"0":"P2"},"per_gpu_power_draw":{"0":51.08},"cpu_count_adjusted_average_load":[0.125625,0.1353125,0.1375],"cpu_freq":[{"current":2391.468,"min":1200.0,"max":3200.0},{"current":2399.906,"min":1200.0,"max":3200.0},{"current":1701.187,"min":1200.0,"max":3200.0},{"current":1211.531,"min":1200.0,"max":3200.0},{"current":1200.562,"min":1200.0,"max":3200.0},{"current":1269.0,"min":1200.0,"max":3200.0},{"current":2399.906,"min":1200.0,"max":3200.0},{"current":1199.906,"min":1200.0,"max":3200.0},{"current":1667.25,"min":1200.0,"max":3200.0},{"current":3067.593,"min":1200.0,"max":3200.0},{"current":1396.687,"min":1200.0,"max":3200.0},{"current":1261.593,"min":1200.0,"max":3200.0},{"current":1202.25,"min":1200.0,"max":3200.0},{"current":1238.718,"min":1200.0,"max":3200.0},{"current":1200.093,"min":1200.0,"max":3200.0},{"current":1200.656,"min":1200.0,"max":3200.0},{"current":2095.406,"min":1200.0,"max":3200.0},{"current":2400.0,"min":1200.0,"max":3200.0},{"current":2095.687,"min":1200.0,"max":3200.0},{"current":1200.0,"min":1200.0,"max":3200.0},{"current":1200.0,"min":1200.0,"max":3200.0},{"current":1237.031,"min":1200.0,"max":3200.0},{"current":1295.437,"min":1200.0,"max":3200.0},{"current":1299.75,"min":1200.0,"max":3200.0},{"current":1831.875,"min":1200.0,"max":3200.0},{"current":2611.125,"min":1200.0,"max":3200.0},{"current":1347.75,"min":1200.0,"max":3200.0},{"current":1227.281,"min":1200.0,"max":3200.0},{"current":1212.0,"min":1200.0,"max":3200.0},{"current":1219.406,"min":1200.0,"max":3200.0},{"current":1340.718,"min":1200.0,"max":3200.0},{"current":1200.187,"min":1200.0,"max":3200.0}],"realtime_carbon_intensity":389.3518686997,"disk_write_speed":16.1902371531,"process_ids":[15164,15229]}
{"timestamp":1573520698.4415969849,"rapl_power_draw_absolute":65.6355707232,"rapl_estimated_attributable_power_draw":15.042630763,"cpu_time_seconds":{"15164":{"user":131.8,"system":7.94,"children_user":1.1,"children_system":0.18},"15229":{"user":2.94,"system":2.86,"children_user":0.24,"children_system":2.74}},"average_relative_cpu_utilization":0.2355555652,"absolute_cpu_utilization":0.9986752931,"relative_mem_usage":0.1521016682,"absolute_mem_usage":12301423616.0,"absolute_mem_percent_usage":0.0910547125,"mem_info_per_process":{"15164":{"rss":7102070784,"vms":15992279040,"shared":567447552,"text":2322432,"lib":0,"data":14395777024,"dirty":0,"uss":3842256896,"pss":5469304832,"swap":0},"15229":{"rss":3934920704,"vms":10740805632,"shared":11464704,"text":2322432,"lib":0,"data":9359433728,"dirty":0,"uss":682258432,"pss":2307603456,"swap":0}},"nvidia_draw_absolute":50.19,"nvidia_estimated_attributable_power_draw":50.19,"average_gpu_estimated_utilization_absolute":0.345,"per_gpu_average_estimated_utilization_absolute":{"(0, 15164)":{"sm":34.5,"mem":9.0,"enc":0.0,"dec":0.0}},"average_gpu_estimated_utilization_relative":1.0,"per_gpu_performance_state":{"0":"P2"},"per_gpu_power_draw":{"0":50.19},"cpu_count_adjusted_average_load":[0.123125,0.1346875,0.1371875],"cpu_freq":[{"current":1599.937,"min":1200.0,"max":3200.0},{"current":1292.156,"min":1200.0,"max":3200.0},{"current":1660.031,"min":1200.0,"max":3200.0},{"current":2399.906,"min":1200.0,"max":3200.0},{"current":1344.0,"min":1200.0,"max":3200.0},{"current":1203.187,"min":1200.0,"max":3200.0},{"current":1199.906,"min":1200.0,"max":3200.0},{"current":2400.0,"min":1200.0,"max":3200.0},{"current":1377.656,"min":1200.0,"max":3200.0},{"current":3125.625,"min":1200.0,"max":3200.0},{"current":1295.531,"min":1200.0,"max":3200.0},{"current":1477.781,"min":1200.0,"max":3200.0},{"current":1345.218,"min":1200.0,"max":3200.0},{"current":1207.593,"min":1200.0,"max":3200.0},{"current":1220.906,"min":1200.0,"max":3200.0},{"current":1201.031,"min":1200.0,"max":3200.0},{"current":1430.25,"min":1200.0,"max":3200.0},{"current":1239.187,"min":1200.0,"max":3200.0},{"current":2400.0,"min":1200.0,"max":3200.0},{"current":2400.0,"min":1200.0,"max":3200.0},{"current":1213.968,"min":1200.0,"max":3200.0},{"current":1242.656,"min":1200.0,"max":3200.0},{"current":1399.406,"min":1200.0,"max":3200.0},{"current":1803.281,"min":1200.0,"max":3200.0},{"current":1415.156,"min":1200.0,"max":3200.0},{"current":3099.093,"min":1200.0,"max":3200.0},{"current":1200.375,"min":1200.0,"max":3200.0},{"current":1412.625,"min":1200.0,"max":3200.0},{"current":1246.406,"min":1200.0,"max":3200.0},{"current":1248.843,"min":1200.0,"max":3200.0},{"current":1270.593,"min":1200.0,"max":3200.0},{"current":1200.375,"min":1200.0,"max":3200.0}],"realtime_carbon_intensity":389.3518686997,"disk_write_speed":16.8630677516,"process_ids":[15164,15229]}
{"timestamp":1573520706.4724040031,"rapl_power_draw_absolute":67.5912036455,"rapl_estimated_attributable_power_draw":15.7393936822,"cpu_time_seconds":{"15164":{"user":139.6,"system":8.18,"children_user":1.1,"children_system":0.18},"15229":{"user":3.08,"system":3.04,"children_user":0.26,"children_system":2.9}},"average_relative_cpu_utilization":0.2403687422,"absolute_cpu_utilization":0.9987016101,"relative_mem_usage":0.1520888761,"absolute_mem_usage":12301546496.0,"absolute_mem_percent_usage":0.091055622,"mem_info_per_process":{"15164":{"rss":7102074880,"vms":15992279040,"shared":567447552,"text":2322432,"lib":0,"data":14395777024,"dirty":0,"uss":3842297856,"pss":5469325312,"swap":0},"15229":{"rss":3934920704,"vms":10740805632,"shared":11464704,"text":2322432,"lib":0,"data":9359433728,"dirty":0,"uss":682299392,"pss":2307623936,"swap":0}},"nvidia_draw_absolute":50.56,"nvidia_estimated_attributable_power_draw":50.56,"average_gpu_estimated_utilization_absolute":0.345,"per_gpu_average_estimated_utilization_absolute":{"(0, 15164)":{"sm":34.5,"mem":9.0,"enc":0.0,"dec":0.0}},"average_gpu_estimated_utilization_relative":1.0,"per_gpu_performance_state":{"0":"P2"},"per_gpu_power_draw":{"0":50.56},"cpu_count_adjusted_average_load":[0.12375,0.134375,0.1371875],"cpu_freq":[{"current":2400.0,"min":1200.0,"max":3200.0},{"current":1384.687,"min":1200.0,"max":3200.0},{"current":2400.0,"min":1200.0,"max":3200.0},{"current":1498.125,"min":1200.0,"max":3200.0},{"current":1200.656,"min":1200.0,"max":3200.0},{"current":1534.218,"min":1200.0,"max":3200.0},{"current":2399.906,"min":1200.0,"max":3200.0},{"current":2399.906,"min":1200.0,"max":3200.0},{"current":1223.906,"min":1200.0,"max":3200.0},{"current":3154.781,"min":1200.0,"max":3200.0},{"current":1816.781,"min":1200.0,"max":3200.0},{"current":1309.125,"min":1200.0,"max":3200.0},{"current":1240.687,"min":1200.0,"max":3200.0},{"current":1221.656,"min":1200.0,"max":3200.0},{"current":1200.187,"min":1200.0,"max":3200.0},{"current":1200.0,"min":1200.0,"max":3200.0},{"current":2399.906,"min":1200.0,"max":3200.0},{"current":1498.968,"min":1200.0,"max":3200.0},{"current":2400.0,"min":1200.0,"max":3200.0},{"current":2857.312,"min":1200.0,"max":3200.0},{"current":1200.0,"min":1200.0,"max":3200.0},{"current":1400.906,"min":1200.0,"max":3200.0},{"current":2400.093,"min":1200.0,"max":3200.0},{"current":2400.0,"min":1200.0,"max":3200.0},{"current":1235.906,"min":1200.0,"max":3200.0},{"current":3099.093,"min":1200.0,"max":3200.0},{"current":1904.812,"min":1200.0,"max":3200.0},{"current":1286.906,"min":1200.0,"max":3200.0},{"current":1357.875,"min":1200.0,"max":3200.0},{"current":1287.468,"min":1200.0,"max":3200.0},{"current":1270.593,"min":1200.0,"max":3200.0},{"current":1200.375,"min":1200.0,"max":3200.0}],"realtime_carbon_intensity":389.3518686997,"disk_write_speed":11.4293375334,"process_ids":[15164,15229]}
