{"timestamp":1572290073.908782959,"rapl_power_draw_absolute":71.1830725931,"rapl_estimated_attributable_power_draw":15.1978436505,"cpu_time_seconds":{"5891":{"user":0.04,"system":0.02,"children_user":0.0,"children_system":0.0},"5854":{"user":11.68,"system":2.58,"children_user":0.12,"children_system":0.14},"5910":{"user":0.02,"system":0.01,"children_user":0.0,"children_system":0.02}},"average_relative_cpu_utilization":0.2238371844,"absolute_cpu_utilization":0.9943144415,"relative_mem_usage":0.1219495745,"absolute_mem_usage":2112551936.0,"absolute_mem_percent_usage":0.0156370364,"mem_info_per_process":{"5891":{"rss":11235328,"vms":28168192,"shared":5681152,"text":2322432,"lib":0,"data":5283840,"dirty":0,"uss":5574656,"pss":6128640,"swap":0},"5854":{"rss":1736265728,"vms":8535482368,"shared":123088896,"text":2322432,"lib":0,"data":6889783296,"dirty":0,"uss":403619840,"pss":946481152,"swap":0},"5910":{"rss":1139228672,"vms":8057651200,"shared":8642560,"text":2322432,"lib":0,"data":6411952128,"dirty":0,"uss":122728448,"pss":628019200,"swap":0}},"nvidia_draw_absolute":39.2,"nvidia_estimated_attributable_power_draw":39.2,"average_gpu_estimated_utilization_absolute":0.0133333333,"per_gpu_average_estimated_utilization_absolute":{"(0, 5854)":{"sm":1.3333333333,"mem":0.0,"enc":0.0,"dec":0.0}},"average_gpu_estimated_utilization_relative":1.0,"per_gpu_performance_state":{"0":"P2"},"per_gpu_power_draw":{"0":39.2},"cpu_count_adjusted_average_load":[0.140625,0.141875,0.1453125],"realtime_carbon_intensity":213.692286739,"disk_write_speed":43.7070982178,"process_ids":[5891,5854,5910]}
{"timestamp":1572290081.9913449287,"rapl_power_draw_absolute":64.8531656904,"rapl_estimated_attributable_power_draw":6.8118494325,"cpu_time_seconds":{"5891":{"user":0.04,"system":0.02,"children_user":0.0,"children_system":0.0},"5854":{"user":14.42,"system":3.38,"children_user":0.12,"children_system":0.14},"5910":{"user":0.27,"system":0.14,"children_user":0.02,"children_system":0.19}},"average_relative_cpu_utilization":0.0871898244,"absolute_cpu_utilization":0.319519041,"relative_mem_usage":0.2854841083,"absolute_mem_usage":5402773504.0,"absolute_mem_percent_usage":0.0399911428,"mem_info_per_process":{"5891":{"rss":11235328,"vms":28168192,"shared":5681152,"text":2322432,"lib":0,"data":5283840,"dirty":0,"uss":5574656,"pss":6124544,"swap":0},"5854":{"rss":3273781248,"vms":10748321792,"shared":442736640,"text":2322432,"lib":0,"data":8914083840,"dirty":0,"uss":2011377664,"pss":2621305856,"swap":0},"5910":{"rss":1145942016,"vms":8057651200,"shared":15347712,"text":2322432,"lib":0,"data":6411952128,"dirty":0,"uss":126713856,"pss":631676928,"swap":0}},"nvidia_draw_absolute":38.99,"nvidia_estimated_attributable_power_draw":38.99,"average_gpu_estimated_utilization_absolute":0.005,"per_gpu_average_estimated_utilization_absolute":{"(0, 5854)":{"sm":0.5,"mem":0.0,"enc":0.0,"dec":0.0}},"average_gpu_estimated_utilization_relative":1.0,"per_gpu_performance_state":{"0":"P2"},"per_gpu_power_draw":{"0":38.99},"cpu_count_adjusted_average_load":[0.141875,0.1421875,0.1453125],"realtime_carbon_intensity":213.692286739,"disk_write_speed":52.3481692782,"process_ids":[5891,5854,5910]}
{"timestamp":1572290089.9456999302,"rapl_power_draw_absolute":64.2898675762,"rapl_estimated_attributable_power_draw":7.3649930632,"cpu_time_seconds":{"5891":{"user":0.04,"system":0.02,"children_user":0.0,"children_system":0.0},"5854":{"user":17.65,"system":3.95,"children_user":0.12,"children_system":0.14},"5910":{"user":0.51,"system":0.3,"children_user":0.05,"children_system":0.34}},"average_relative_cpu_utilization":0.084894613,"absolute_cpu_utilization":0.3145202551,"relative_mem_usage":0.3992102472,"absolute_mem_usage":8078070784.0,"absolute_mem_percent_usage":0.0597936008,"mem_info_per_process":{"5891":{"rss":11235328,"vms":28168192,"shared":5681152,"text":2322432,"lib":0,"data":5283840,"dirty":0,"uss":5574656,"pss":6124544,"swap":0},"5854":{"rss":4698861568,"vms":12380106752,"shared":571961344,"text":2322432,"lib":0,"data":10545868800,"dirty":0,"uss":3319353344,"pss":3987853312,"swap":0},"5910":{"rss":1145942016,"vms":8057651200,"shared":15347712,"text":2322432,"lib":0,"data":6411952128,"dirty":0,"uss":127229952,"pss":631934976,"swap":0}},"nvidia_draw_absolute":39.0,"nvidia_estimated_attributable_power_draw":39.0,"average_gpu_estimated_utilization_absolute":0.035,"per_gpu_average_estimated_utilization_absolute":{"(0, 5854)":{"sm":3.5,"mem":0.0,"enc":0.0,"dec":0.0}},"average_gpu_estimated_utilization_relative":1.0,"per_gpu_performance_state":{"0":"P2"},"per_gpu_power_draw":{"0":39.0},"cpu_count_adjusted_average_load":[0.1440625,0.1428125,0.145625],"realtime_carbon_intensity":213.692286739,"disk_write_speed":52.8154531298,"process_ids":[5891,5854,5910]}
{"timestamp":1572290097.9276130199,"rapl_power_draw_absolute":75.8519009781,"rapl_estimated_attributable_power_draw":19.0263149975,"cpu_time_seconds":{"5891":{"user":0.04,"system":0.02,"children_user":0.0,"children_system":0.0},"5854":{"user":25.38,"system":4.12,"children_user":0.12,"children_system":0.14},"5910":{"user":0.72,"system":0.48,"children_user":0.06,"children_system":0.52}},"average_relative_cpu_utilization":0.2302225659,"absolute_cpu_utilization":1.0040026624,"relative_mem_usage":0.4539192352,"absolute_mem_usage":9240512512.0,"absolute_mem_percent_usage":0.0683979543,"mem_info_per_process":{"5891":{"rss":11235328,"vms":28168192,"shared":5681152,"text":2322432,"lib":0,"data":5283840,"dirty":0,"uss":5574656,"pss":6124544,"swap":0},"5854":{"rss":3962957824,"vms":12804308992,"shared":586166272,"text":2322432,"lib":0,"data":10970071040,"dirty":0,"uss":3455311872,"pss":3687889920,"swap":0},"5910":{"rss":1145942016,"vms":8057651200,"shared":15347712,"text":2322432,"lib":0,"data":6411952128,"dirty":0,"uss":1011527680,"pss":1074083840,"swap":0}},"nvidia_draw_absolute":38.79,"nvidia_estimated_attributable_power_draw":0.0,"average_gpu_estimated_utilization_absolute":0.0,"per_gpu_average_estimated_utilization_absolute":{"(0, 5854)":{"sm":0,"mem":0,"enc":0,"dec":0}},"average_gpu_estimated_utilization_relative":0.0,"per_gpu_performance_state":{"0":"P2"},"per_gpu_power_draw":{"0":38.79},"cpu_count_adjusted_average_load":[0.14375,0.1425,0.1453125],"realtime_carbon_intensity":213.692286739,"disk_write_speed":42.6391828036,"process_ids":[5891,5854,5910]}
{"timestamp":1572290105.9021830559,"rapl_power_draw_absolute":79.3796867525,"rapl_estimated_attributable_power_draw":19.6561778471,"cpu_time_seconds":{"5891":{"user":0.04,"system":0.02,"children_user":0.0,"children_system":0.0},"5854":{"user":33.36,"system":4.12,"children_user":0.12,"children_system":0.14},"5910":{"user":0.88,"system":0.67,"children_user":0.08,"children_system":0.68}},"average_relative_cpu_utilization":0.2277713503,"absolute_cpu_utilization":0.9983755574,"relative_mem_usage":0.4537635648,"absolute_mem_usage":9240471552.0,"absolute_mem_percent_usage":0.0683976511,"mem_info_per_process":{"5891":{"rss":11235328,"vms":28168192,"shared":5681152,"text":2322432,"lib":0,"data":5283840,"dirty":0,"uss":5574656,"pss":6122496,"swap":0},"5854":{"rss":3963092992,"vms":12804308992,"shared":586166272,"text":2322432,"lib":0,"data":10970071040,"dirty":0,"uss":3455303680,"pss":3687853056,"swap":0},"5910":{"rss":1145942016,"vms":8057651200,"shared":15347712,"text":2322432,"lib":0,"data":6411952128,"dirty":0,"uss":1011535872,"pss":1074081792,"swap":0}},"nvidia_draw_absolute":38.9,"nvidia_estimated_attributable_power_draw":38.9,"average_gpu_estimated_utilization_absolute":0.1025,"per_gpu_average_estimated_utilization_absolute":{"(0, 5854)":{"sm":10.25,"mem":2.75,"enc":0.0,"dec":0.0}},"average_gpu_estimated_utilization_relative":1.0,"per_gpu_performance_state":{"0":"P2"},"per_gpu_power_draw":{"0":38.9},"cpu_count_adjusted_average_load":[0.1421875,0.1421875,0.1453125],"realtime_carbon_intensity":213.692286739,"disk_write_speed":48.7961918926,"process_ids":[5891,5854,5910]}
{"timestamp":1572290113.8591079712,"rapl_power_draw_absolute":79.5644014103,"rapl_estimated_attributable_power_draw":18.9753331628,"cpu_time_seconds":{"5891":{"user":0.04,"system":0.02,"children_user":0.0,"children_system":0.0},"5854":{"user":41.12,"system":4.31,"children_user":0.12,"children_system":0.14},"5910":{"user":1.11,"system":0.84,"children_user":0.1,"children_system":0.83}},"average_relative_cpu_utilization":0.2192892634,"absolute_cpu_utilization":0.9984869044,"relative_mem_usage":0.4553361176,"absolute_mem_usage":9275272192.0,"absolute_mem_percent_usage":0.0686552442,"mem_info_per_process":{"5891":{"rss":11235328,"vms":28168192,"shared":5681152,"text":2322432,"lib":0,"data":5283840,"dirty":0,"uss":5574656,"pss":6123520,"swap":0},"5854":{"rss":3971657728,"vms":12854759424,"shared":602148864,"text":2322432,"lib":0,"data":10993868800,"dirty":0,"uss":3463434240,"pss":3696167936,"swap":0},"5910":{"rss":1145946112,"vms":8057651200,"shared":15347712,"text":2322432,"lib":0,"data":6411952128,"dirty":0,"uss":1023770624,"pss":1080201216,"swap":0}},"nvidia_draw_absolute":56.24,"nvidia_estimated_attributable_power_draw":56.24,"average_gpu_estimated_utilization_absolute":0.3666666667,"per_gpu_average_estimated_utilization_absolute":{"(0, 5854)":{"sm":36.6666666667,"mem":10.3333333333,"enc":0.0,"dec":0.0}},"average_gpu_estimated_utilization_relative":1.0,"per_gpu_performance_state":{"0":"P2"},"per_gpu_power_draw":{"0":56.24},"cpu_count_adjusted_average_load":[0.1490625,0.14375,0.145625],"realtime_carbon_intensity":213.692286739,"disk_write_speed":46.9382692908,"process_ids":[5891,5854,5910]}
{"timestamp":1572290121.824901104,"rapl_power_draw_absolute":74.2760561976,"rapl_estimated_attributable_power_draw":17.7444451269,"cpu_time_seconds":{"5891":{"user":0.04,"system":0.02,"children_user":0.0,"children_system":0.0},"5854":{"user":48.75,"system":4.66,"children_user":0.12,"children_system":0.14},"5910":{"user":1.34,"system":1.03,"children_user":0.13,"children_system":0.97}},"average_relative_cpu_utilization":0.2168093688,"absolute_cpu_utilization":1.0034168573,"relative_mem_usage":0.4555567986,"absolute_mem_usage":9282055168.0,"absolute_mem_percent_usage":0.0687054516,"mem_info_per_process":{"5891":{"rss":11235328,"vms":28168192,"shared":5681152,"text":2322432,"lib":0,"data":5283840,"dirty":0,"uss":5574656,"pss":6123520,"swap":0},"5854":{"rss":3971657728,"vms":12854759424,"shared":602148864,"text":2322432,"lib":0,"data":10993868800,"dirty":0,"uss":3465695232,"pss":3697298432,"swap":0},"5910":{"rss":1145946112,"vms":8057651200,"shared":15347712,"text":2322432,"lib":0,"data":6411952128,"dirty":0,"uss":1026031616,"pss":1081331712,"swap":0}},"nvidia_draw_absolute":56.54,"nvidia_estimated_attributable_power_draw":56.54,"average_gpu_estimated_utilization_absolute":0.3666666667,"per_gpu_average_estimated_utilization_absolute":{"(0, 5854)":{"sm":36.6666666667,"mem":10.3333333333,"enc":0.0,"dec":0.0}},"average_gpu_estimated_utilization_relative":1.0,"per_gpu_performance_state":{"0":"P2"},"per_gpu_power_draw":{"0":56.54},"cpu_count_adjusted_average_load":[0.1521875,0.1446875,0.1459375],"realtime_carbon_intensity":213.692286739,"disk_write_speed":41.1797247778,"process_ids":[5891,5854,5910]}
{"timestamp":1572290129.7903869152,"rapl_power_draw_absolute":74.7419123001,"rapl_estimated_attributable_power_draw":18.0147897496,"cpu_time_seconds":{"5891":{"user":0.04,"system":0.02,"children_user":0.0,"children_system":0.0},"5854":{"user":56.39,"system":4.98,"children_user":0.12,"children_system":0.14},"5910":{"user":1.53,"system":1.21,"children_user":0.13,"children_system":1.16}},"average_relative_cpu_utilization":0.2200081135,"absolute_cpu_utilization":0.9984259629,"relative_mem_usage":0.4556536408,"absolute_mem_usage":9285090304.0,"absolute_mem_percent_usage":0.0687279176,"mem_info_per_process":{"5891":{"rss":11235328,"vms":28168192,"shared":5681152,"text":2322432,"lib":0,"data":5283840,"dirty":0,"uss":5574656,"pss":6123520,"swap":0},"5854":{"rss":3971657728,"vms":12854759424,"shared":602148864,"text":2322432,"lib":0,"data":10993868800,"dirty":0,"uss":3466706944,"pss":3697804288,"swap":0},"5910":{"rss":1145946112,"vms":8057651200,"shared":15347712,"text":2322432,"lib":0,"data":6411952128,"dirty":0,"uss":1027043328,"pss":1081837568,"swap":0}},"nvidia_draw_absolute":50.97,"nvidia_estimated_attributable_power_draw":50.97,"average_gpu_estimated_utilization_absolute":0.37,"per_gpu_average_estimated_utilization_absolute":{"(0, 5854)":{"sm":37,"mem":10,"enc":0,"dec":0}},"average_gpu_estimated_utilization_relative":1.0,"per_gpu_performance_state":{"0":"P2"},"per_gpu_power_draw":{"0":50.97},"cpu_count_adjusted_average_load":[0.148125,0.1440625,0.145625],"realtime_carbon_intensity":213.692286739,"disk_write_speed":35.1356617035,"process_ids":[5891,5854,5910]}
{"timestamp":1572290137.7847239971,"rapl_power_draw_absolute":74.9694160521,"rapl_estimated_attributable_power_draw":18.325707638,"cpu_time_seconds":{"5891":{"user":0.04,"system":0.02,"children_user":0.0,"children_system":0.0},"5854":{"user":63.96,"system":5.42,"children_user":0.12,"children_system":0.14},"5910":{"user":1.72,"system":1.38,"children_user":0.16,"children_system":1.31}},"average_relative_cpu_utilization":0.2244288427,"absolute_cpu_utilization":1.0084200438,"relative_mem_usage":0.4557907969,"absolute_mem_usage":9287498752.0,"absolute_mem_percent_usage":0.0687457448,"mem_info_per_process":{"5891":{"rss":11235328,"vms":28168192,"shared":5681152,"text":2322432,"lib":0,"data":5283840,"dirty":0,"uss":5574656,"pss":6123520,"swap":0},"5854":{"rss":3971657728,"vms":12854759424,"shared":602148864,"text":2322432,"lib":0,"data":10993868800,"dirty":0,"uss":3467505664,"pss":3698203648,"swap":0},"5910":{"rss":1145946112,"vms":8057651200,"shared":15347712,"text":2322432,"lib":0,"data":6411952128,"dirty":0,"uss":1027850240,"pss":1082241024,"swap":0}},"nvidia_draw_absolute":54.19,"nvidia_estimated_attributable_power_draw":54.19,"average_gpu_estimated_utilization_absolute":0.37,"per_gpu_average_estimated_utilization_absolute":{"(0, 5854)":{"sm":37.0,"mem":10.5,"enc":0.0,"dec":0.0}},"average_gpu_estimated_utilization_relative":1.0,"per_gpu_performance_state":{"0":"P2"},"per_gpu_power_draw":{"0":54.19},"cpu_count_adjusted_average_load":[0.149375,0.144375,0.1459375],"realtime_carbon_intensity":213.692286739,"disk_write_speed":49.3151870361,"process_ids":[5891,5854,5910]}
{"timestamp":1572290145.7669401169,"rapl_power_draw_absolute":76.3293202983,"rapl_estimated_attributable_power_draw":18.1116420873,"cpu_time_seconds":{"5891":{"user":0.04,"system":0.02,"children_user":0.0,"children_system":0.0},"5854":{"user":71.63,"system":5.73,"children_user":0.12,"children_system":0.14},"5910":{"user":1.9,"system":1.56,"children_user":0.18,"children_system":1.48}},"average_relative_cpu_utilization":0.2152768664,"absolute_cpu_utilization":0.9984821505,"relative_mem_usage":0.4558717791,"absolute_mem_usage":9289206784.0,"absolute_mem_percent_usage":0.0687583876,"mem_info_per_process":{"5891":{"rss":11235328,"vms":28168192,"shared":5681152,"text":2322432,"lib":0,"data":5283840,"dirty":0,"uss":5574656,"pss":6123520,"swap":0},"5854":{"rss":3971657728,"vms":12854759424,"shared":602148864,"text":2322432,"lib":0,"data":10993868800,"dirty":0,"uss":3468079104,"pss":3698490368,"swap":0},"5910":{"rss":1145946112,"vms":8057651200,"shared":15347712,"text":2322432,"lib":0,"data":6411952128,"dirty":0,"uss":1028415488,"pss":1082523648,"swap":0}},"nvidia_draw_absolute":54.69,"nvidia_estimated_attributable_power_draw":54.69,"average_gpu_estimated_utilization_absolute":0.37,"per_gpu_average_estimated_utilization_absolute":{"(0, 5854)":{"sm":37.0,"mem":10.5,"enc":0.0,"dec":0.0}},"average_gpu_estimated_utilization_relative":1.0,"per_gpu_performance_state":{"0":"P2"},"per_gpu_power_draw":{"0":54.69},"cpu_count_adjusted_average_load":[0.1475,0.1440625,0.145625],"realtime_carbon_intensity":213.692286739,"disk_write_speed":59.24531962,"process_ids":[5891,5854,5910]}
{"timestamp":1572290153.7368819714,"rapl_power_draw_absolute":74.8639977549,"rapl_estimated_attributable_power_draw":18.0560806276,"cpu_time_seconds":{"5891":{"user":0.04,"system":0.02,"children_user":0.0,"children_system":0.0},"5854":{"user":79.24,"system":6.09,"children_user":0.12,"children_system":0.14},"5910":{"user":2.11,"system":1.76,"children_user":0.2,"children_system":1.65}},"average_relative_cpu_utilization":0.2192787367,"absolute_cpu_utilization":0.9985039558,"relative_mem_usage":0.4558992932,"absolute_mem_usage":9290312704.0,"absolute_mem_percent_usage":0.0687665736,"mem_info_per_process":{"5891":{"rss":11235328,"vms":28168192,"shared":5681152,"text":2322432,"lib":0,"data":5283840,"dirty":0,"uss":5574656,"pss":6123520,"swap":0},"5854":{"rss":3971657728,"vms":12854759424,"shared":602148864,"text":2322432,"lib":0,"data":10993868800,"dirty":0,"uss":3468447744,"pss":3698674688,"swap":0},"5910":{"rss":1145946112,"vms":8057651200,"shared":15347712,"text":2322432,"lib":0,"data":6411952128,"dirty":0,"uss":1028784128,"pss":1082707968,"swap":0}},"nvidia_draw_absolute":53.22,"nvidia_estimated_attributable_power_draw":53.22,"average_gpu_estimated_utilization_absolute":0.375,"per_gpu_average_estimated_utilization_absolute":{"(0, 5854)":{"sm":37.5,"mem":10.5,"enc":0.0,"dec":0.0}},"average_gpu_estimated_utilization_relative":1.0,"per_gpu_performance_state":{"0":"P2"},"per_gpu_power_draw":{"0":53.22},"cpu_count_adjusted_average_load":[0.14625,0.14375,0.145625],"realtime_carbon_intensity":213.692286739,"disk_write_speed":55.5432645809,"process_ids":[5891,5854,5910]}
{"timestamp":1572290161.7042651176,"rapl_power_draw_absolute":75.3708694508,"rapl_estimated_attributable_power_draw":17.7564431554,"cpu_time_seconds":{"5891":{"user":0.04,"system":0.02,"children_user":0.0,"children_system":0.0},"5854":{"user":86.87,"system":6.43,"children_user":0.12,"children_system":0.14},"5910":{"user":2.37,"system":1.89,"children_user":0.22,"children_system":1.82}},"average_relative_cpu_utilization":0.2141134144,"absolute_cpu_utilization":0.9983803326,"relative_mem_usage":0.4558984191,"absolute_mem_usage":9291529216.0,"absolute_mem_percent_usage":0.0687755782,"mem_info_per_process":{"5891":{"rss":11235328,"vms":28168192,"shared":5681152,"text":2322432,"lib":0,"data":5283840,"dirty":0,"uss":5574656,"pss":6123520,"swap":0},"5854":{"rss":3971657728,"vms":12854759424,"shared":602148864,"text":2322432,"lib":0,"data":10993868800,"dirty":0,"uss":3468853248,"pss":3698877440,"swap":0},"5910":{"rss":1145946112,"vms":8057651200,"shared":15347712,"text":2322432,"lib":0,"data":6411952128,"dirty":0,"uss":1029189632,"pss":1082910720,"swap":0}},"nvidia_draw_absolute":56.14,"nvidia_estimated_attributable_power_draw":56.14,"average_gpu_estimated_utilization_absolute":0.37,"per_gpu_average_estimated_utilization_absolute":{"(0, 5854)":{"sm":37,"mem":10,"enc":0,"dec":0}},"average_gpu_estimated_utilization_relative":1.0,"per_gpu_performance_state":{"0":"P2"},"per_gpu_power_draw":{"0":56.14},"cpu_count_adjusted_average_load":[0.1446875,0.1434375,0.145625],"realtime_carbon_intensity":213.692286739,"disk_write_speed":29.0525563334,"process_ids":[5891,5854,5910]}
{"timestamp":1572290169.7094969749,"rapl_power_draw_absolute":75.2400929997,"rapl_estimated_attributable_power_draw":18.1175965285,"cpu_time_seconds":{"5891":{"user":0.04,"system":0.02,"children_user":0.0,"children_system":0.0},"5854":{"user":94.59,"system":6.72,"children_user":0.12,"children_system":0.14},"5910":{"user":2.53,"system":2.07,"children_user":0.24,"children_system":1.99}},"average_relative_cpu_utilization":0.2209908761,"absolute_cpu_utilization":1.0083955598,"relative_mem_usage":0.4559306581,"absolute_mem_usage":9292119040.0,"absolute_mem_percent_usage":0.068779944,"mem_info_per_process":{"5891":{"rss":11235328,"vms":28168192,"shared":5681152,"text":2322432,"lib":0,"data":5283840,"dirty":0,"uss":5574656,"pss":6123520,"swap":0},"5854":{"rss":3971657728,"vms":12854759424,"shared":602148864,"text":2322432,"lib":0,"data":10993868800,"dirty":0,"uss":3469049856,"pss":3698975744,"swap":0},"5910":{"rss":1145946112,"vms":8057651200,"shared":15347712,"text":2322432,"lib":0,"data":6411952128,"dirty":0,"uss":1029386240,"pss":1083009024,"swap":0}},"nvidia_draw_absolute":53.91,"nvidia_estimated_attributable_power_draw":53.91,"average_gpu_estimated_utilization_absolute":0.37,"per_gpu_average_estimated_utilization_absolute":{"(0, 5854)":{"sm":37,"mem":10,"enc":0,"dec":0}},"average_gpu_estimated_utilization_relative":1.0,"per_gpu_performance_state":{"0":"P2"},"per_gpu_power_draw":{"0":53.91},"cpu_count_adjusted_average_load":[0.1415625,0.1428125,0.1453125],"realtime_carbon_intensity":213.692286739,"disk_write_speed":50.2151334396,"process_ids":[5891,5854,5910]}
{"timestamp":1572290177.6922171116,"rapl_power_draw_absolute":75.1619549946,"rapl_estimated_attributable_power_draw":17.7476206474,"cpu_time_seconds":{"5891":{"user":0.04,"system":0.02,"children_user":0.0,"children_system":0.0},"5854":{"user":102.2,"system":7.09,"children_user":0.12,"children_system":0.14},"5910":{"user":2.75,"system":2.26,"children_user":0.26,"children_system":2.15}},"average_relative_cpu_utilization":0.2155842039,"absolute_cpu_utilization":0.9934223399,"relative_mem_usage":0.4559707742,"absolute_mem_usage":9292856320.0,"absolute_mem_percent_usage":0.0687854013,"mem_info_per_process":{"5891":{"rss":11235328,"vms":28168192,"shared":5681152,"text":2322432,"lib":0,"data":5283840,"dirty":0,"uss":5574656,"pss":6123520,"swap":0},"5854":{"rss":3971657728,"vms":12854759424,"shared":602148864,"text":2322432,"lib":0,"data":10993868800,"dirty":0,"uss":3469295616,"pss":3699098624,"swap":0},"5910":{"rss":1145946112,"vms":8057651200,"shared":15347712,"text":2322432,"lib":0,"data":6411952128,"dirty":0,"uss":1029632000,"pss":1083131904,"swap":0}},"nvidia_draw_absolute":52.73,"nvidia_estimated_attributable_power_draw":52.73,"average_gpu_estimated_utilization_absolute":0.37,"per_gpu_average_estimated_utilization_absolute":{"(0, 5854)":{"sm":37.0,"mem":10.5,"enc":0.0,"dec":0.0}},"average_gpu_estimated_utilization_relative":1.0,"per_gpu_performance_state":{"0":"P2"},"per_gpu_power_draw":{"0":52.73},"cpu_count_adjusted_average_load":[0.1403125,0.1425,0.1453125],"realtime_carbon_intensity":213.692286739,"disk_write_speed":55.066691174,"process_ids":[5891,5854,5910]}
{"timestamp":1572290185.6475269794,"rapl_power_draw_absolute":75.4171422958,"rapl_estimated_attributable_power_draw":17.7682031387,"cpu_time_seconds":{"5891":{"user":0.04,"system":0.02,"children_user":0.0,"children_system":0.0},"5854":{"user":109.88,"system":7.37,"children_user":0.12,"children_system":0.14},"5910":{"user":2.97,"system":2.44,"children_user":0.29,"children_system":2.31}},"average_relative_cpu_utilization":0.2152808702,"absolute_cpu_utilization":0.9985194664,"relative_mem_usage":0.45601079,"absolute_mem_usage":9293421568.0,"absolute_mem_percent_usage":0.0687895853,"mem_info_per_process":{"5891":{"rss":11235328,"vms":28168192,"shared":5681152,"text":2322432,"lib":0,"data":5283840,"dirty":0,"uss":5574656,"pss":6123520,"swap":0},"5854":{"rss":3971657728,"vms":12854759424,"shared":602148864,"text":2322432,"lib":0,"data":10993868800,"dirty":0,"uss":3469484032,"pss":3699192832,"swap":0},"5910":{"rss":1145946112,"vms":8057651200,"shared":15347712,"text":2322432,"lib":0,"data":6411952128,"dirty":0,"uss":1029820416,"pss":1083226112,"swap":0}},"nvidia_draw_absolute":53.8,"nvidia_estimated_attributable_power_draw":53.8,"average_gpu_estimated_utilization_absolute":0.37,"per_gpu_average_estimated_utilization_absolute":{"(0, 5854)":{"sm":37.0,"mem":10.5,"enc":0.0,"dec":0.0}},"average_gpu_estimated_utilization_relative":1.0,"per_gpu_performance_state":{"0":"P2"},"per_gpu_power_draw":{"0":53.8},"cpu_count_adjusted_average_load":[0.1403125,0.1425,0.145],"realtime_carbon_intensity":213.692286739,"disk_write_speed":47.1270324166,"process_ids":[5891,5854,5910]}
{"timestamp":1572290193.6421079636,"rapl_power_draw_absolute":75.1823214415,"rapl_estimated_attributable_power_draw":18.0735992732,"cpu_time_seconds":{"5891":{"user":0.04,"system":0.02,"children_user":0.0,"children_system":0.0},"5854":{"user":117.49,"system":7.76,"children_user":0.12,"children_system":0.14},"5910":{"user":3.22,"system":2.61,"children_user":0.3,"children_system":2.48}},"average_relative_cpu_utilization":0.2203781384,"absolute_cpu_utilization":1.0033971241,"relative_mem_usage":0.4560463077,"absolute_mem_usage":9293814784.0,"absolute_mem_percent_usage":0.0687924959,"mem_info_per_process":{"5891":{"rss":11235328,"vms":28168192,"shared":5681152,"text":2322432,"lib":0,"data":5283840,"dirty":0,"uss":5574656,"pss":6123520,"swap":0},"5854":{"rss":3971657728,"vms":12854759424,"shared":602148864,"text":2322432,"lib":0,"data":10993868800,"dirty":0,"uss":3469615104,"pss":3699258368,"swap":0},"5910":{"rss":1145946112,"vms":8057651200,"shared":15347712,"text":2322432,"lib":0,"data":6411952128,"dirty":0,"uss":1029951488,"pss":1083291648,"swap":0}},"nvidia_draw_absolute":54.19,"nvidia_estimated_attributable_power_draw":54.19,"average_gpu_estimated_utilization_absolute":0.37,"per_gpu_average_estimated_utilization_absolute":{"(0, 5854)":{"sm":37.0,"mem":10.5,"enc":0.0,"dec":0.0}},"average_gpu_estimated_utilization_relative":1.0,"per_gpu_performance_state":{"0":"P2"},"per_gpu_power_draw":{"0":54.19},"cpu_count_adjusted_average_load":[0.1403125,0.1425,0.145],"realtime_carbon_intensity":213.692286739,"disk_write_speed":45.3563626516,"process_ids":[5891,5854,5910]}
{"timestamp":1572290201.6164150238,"rapl_power_draw_absolute":74.9768489425,"rapl_estimated_attributable_power_draw":18.1765302259,"cpu_time_seconds":{"5891":{"user":0.04,"system":0.02,"children_user":0.0,"children_system":0.0},"5854":{"user":125.19,"system":8.04,"children_user":0.12,"children_system":0.14},"5910":{"user":3.46,"system":2.77,"children_user":0.31,"children_system":2.64}},"average_relative_cpu_utilization":0.2211058556,"absolute_cpu_utilization":1.0033919572,"relative_mem_usage":0.456049307,"absolute_mem_usage":9294085120.0,"absolute_mem_percent_usage":0.0687944969,"mem_info_per_process":{"5891":{"rss":11235328,"vms":28168192,"shared":5681152,"text":2322432,"lib":0,"data":5283840,"dirty":0,"uss":5574656,"pss":6123520,"swap":0},"5854":{"rss":3971657728,"vms":12854759424,"shared":602148864,"text":2322432,"lib":0,"data":10993868800,"dirty":0,"uss":3469705216,"pss":3699303424,"swap":0},"5910":{"rss":1145946112,"vms":8057651200,"shared":15347712,"text":2322432,"lib":0,"data":6411952128,"dirty":0,"uss":1030041600,"pss":1083336704,"swap":0}},"nvidia_draw_absolute":58.0,"nvidia_estimated_attributable_power_draw":58.0,"average_gpu_estimated_utilization_absolute":0.375,"per_gpu_average_estimated_utilization_absolute":{"(0, 5854)":{"sm":37.5,"mem":10.0,"enc":0.0,"dec":0.0}},"average_gpu_estimated_utilization_relative":1.0,"per_gpu_performance_state":{"0":"P2"},"per_gpu_power_draw":{"0":58.0},"cpu_count_adjusted_average_load":[0.1415625,0.1428125,0.145],"realtime_carbon_intensity":213.692286739,"disk_write_speed":41.6996530252,"process_ids":[5891,5854,5910]}
{"timestamp":1572290209.5721399784,"rapl_power_draw_absolute":76.1878068534,"rapl_estimated_attributable_power_draw":18.2797850836,"cpu_time_seconds":{"5891":{"user":0.04,"system":0.02,"children_user":0.0,"children_system":0.0},"5854":{"user":132.84,"system":8.35,"children_user":0.12,"children_system":0.14},"5910":{"user":3.68,"system":2.96,"children_user":0.34,"children_system":2.79}},"average_relative_cpu_utilization":0.2186992722,"absolute_cpu_utilization":1.0034128434,"relative_mem_usage":0.4561039335,"absolute_mem_usage":9294466048.0,"absolute_mem_percent_usage":0.0687973165,"mem_info_per_process":{"5891":{"rss":11235328,"vms":28168192,"shared":5681152,"text":2322432,"lib":0,"data":5283840,"dirty":0,"uss":5574656,"pss":6123520,"swap":0},"5854":{"rss":3971657728,"vms":12854759424,"shared":602148864,"text":2322432,"lib":0,"data":10993868800,"dirty":0,"uss":3469832192,"pss":3699366912,"swap":0},"5910":{"rss":1145946112,"vms":8057651200,"shared":15347712,"text":2322432,"lib":0,"data":6411952128,"dirty":0,"uss":1030168576,"pss":1083400192,"swap":0}},"nvidia_draw_absolute":54.0,"nvidia_estimated_attributable_power_draw":54.0,"average_gpu_estimated_utilization_absolute":0.375,"per_gpu_average_estimated_utilization_absolute":{"(0, 5854)":{"sm":37.5,"mem":10.0,"enc":0.0,"dec":0.0}},"average_gpu_estimated_utilization_relative":1.0,"per_gpu_performance_state":{"0":"P2"},"per_gpu_power_draw":{"0":54.0},"cpu_count_adjusted_average_load":[0.1390625,0.1421875,0.145],"realtime_carbon_intensity":213.692286739,"disk_write_speed":55.3769292721,"process_ids":[5891,5854,5910]}
{"timestamp":1572290217.5511889458,"rapl_power_draw_absolute":74.9723348214,"rapl_estimated_attributable_power_draw":18.1390103494,"cpu_time_seconds":{"5891":{"user":0.04,"system":0.02,"children_user":0.0,"children_system":0.0},"5854":{"user":140.48,"system":8.69,"children_user":0.12,"children_system":0.14},"5910":{"user":3.9,"system":3.12,"children_user":0.34,"children_system":2.97}},"average_relative_cpu_utilization":0.2208588614,"absolute_cpu_utilization":1.0035081106,"relative_mem_usage":0.4560833823,"absolute_mem_usage":9294674944.0,"absolute_mem_percent_usage":0.0687988627,"mem_info_per_process":{"5891":{"rss":11235328,"vms":28168192,"shared":5681152,"text":2322432,"lib":0,"data":5283840,"dirty":0,"uss":5574656,"pss":6123520,"swap":0},"5854":{"rss":3971657728,"vms":12854759424,"shared":602148864,"text":2322432,"lib":0,"data":10993868800,"dirty":0,"uss":3469901824,"pss":3699401728,"swap":0},"5910":{"rss":1145946112,"vms":8057651200,"shared":15347712,"text":2322432,"lib":0,"data":6411952128,"dirty":0,"uss":1030238208,"pss":1083435008,"swap":0}},"nvidia_draw_absolute":56.63,"nvidia_estimated_attributable_power_draw":56.63,"average_gpu_estimated_utilization_absolute":0.37,"per_gpu_average_estimated_utilization_absolute":{"(0, 5854)":{"sm":37,"mem":10,"enc":0,"dec":0}},"average_gpu_estimated_utilization_relative":1.0,"per_gpu_performance_state":{"0":"P2"},"per_gpu_power_draw":{"0":56.63},"cpu_count_adjusted_average_load":[0.1378125,0.141875,0.1446875],"realtime_carbon_intensity":213.692286739,"disk_write_speed":55.3079491173,"process_ids":[5891,5854,5910]}
{"timestamp":1572290225.4956879616,"rapl_power_draw_absolute":74.6832888994,"rapl_estimated_attributable_power_draw":17.693293788,"cpu_time_seconds":{"5891":{"user":0.04,"system":0.02,"children_user":0.0,"children_system":0.0},"5854":{"user":148.1,"system":9.01,"children_user":0.12,"children_system":0.14},"5910":{"user":4.12,"system":3.29,"children_user":0.37,"children_system":3.13}},"average_relative_cpu_utilization":0.2141935565,"absolute_cpu_utilization":0.9934550835,"relative_mem_usage":0.456001866,"absolute_mem_usage":9294920704.0,"absolute_mem_percent_usage":0.0688006818,"mem_info_per_process":{"5891":{"rss":11235328,"vms":28168192,"shared":5681152,"text":2322432,"lib":0,"data":5283840,"dirty":0,"uss":5574656,"pss":6123520,"swap":0},"5854":{"rss":3971657728,"vms":12854759424,"shared":602148864,"text":2322432,"lib":0,"data":10993868800,"dirty":0,"uss":3469983744,"pss":3699442688,"swap":0},"5910":{"rss":1145946112,"vms":8057651200,"shared":15347712,"text":2322432,"lib":0,"data":6411952128,"dirty":0,"uss":1030320128,"pss":1083475968,"swap":0}},"nvidia_draw_absolute":53.81,"nvidia_estimated_attributable_power_draw":53.81,"average_gpu_estimated_utilization_absolute":0.37,"per_gpu_average_estimated_utilization_absolute":{"(0, 5854)":{"sm":37.0,"mem":10.5,"enc":0.0,"dec":0.0}},"average_gpu_estimated_utilization_relative":1.0,"per_gpu_performance_state":{"0":"P2"},"per_gpu_power_draw":{"0":53.81},"cpu_count_adjusted_average_load":[0.1403125,0.1421875,0.145],"realtime_carbon_intensity":213.692286739,"disk_write_speed":45.9846290469,"process_ids":[5891,5854,5910]}
{"timestamp":1572290233.4593729973,"rapl_power_draw_absolute":80.7821579452,"rapl_estimated_attributable_power_draw":19.554023279,"cpu_time_seconds":{"5891":{"user":0.04,"system":0.02,"children_user":0.0,"children_system":0.0},"5854":{"user":155.72,"system":9.36,"children_user":0.12,"children_system":0.14},"5910":{"user":4.34,"system":3.48,"children_user":0.37,"children_system":3.31}},"average_relative_cpu_utilization":0.2217162661,"absolute_cpu_utilization":0.9984623442,"relative_mem_usage":0.4561018844,"absolute_mem_usage":9295203328.0,"absolute_mem_percent_usage":0.0688027738,"mem_info_per_process":{"5891":{"rss":11235328,"vms":28168192,"shared":5681152,"text":2322432,"lib":0,"data":5283840,"dirty":0,"uss":5574656,"pss":6123520,"swap":0},"5854":{"rss":3971657728,"vms":12854759424,"shared":602148864,"text":2322432,"lib":0,"data":10993868800,"dirty":0,"uss":3470077952,"pss":3699489792,"swap":0},"5910":{"rss":1145946112,"vms":8057651200,"shared":15347712,"text":2322432,"lib":0,"data":6411952128,"dirty":0,"uss":1030414336,"pss":1083523072,"swap":0}},"nvidia_draw_absolute":52.85,"nvidia_estimated_attributable_power_draw":52.85,"average_gpu_estimated_utilization_absolute":0.37,"per_gpu_average_estimated_utilization_absolute":{"(0, 5854)":{"sm":37.0,"mem":10.5,"enc":0.0,"dec":0.0}},"average_gpu_estimated_utilization_relative":1.0,"per_gpu_performance_state":{"0":"P2"},"per_gpu_power_draw":{"0":52.85},"cpu_count_adjusted_average_load":[0.138125,0.1415625,0.1446875],"realtime_carbon_intensity":213.692286739,"disk_write_speed":51.2861302245,"process_ids":[5891,5854,5910]}
{"timestamp":1572290241.446917057,"rapl_power_draw_absolute":80.3291756531,"rapl_estimated_attributable_power_draw":17.8917558974,"cpu_time_seconds":{"5891":{"user":0.04,"system":0.02,"children_user":0.0,"children_system":0.0},"5854":{"user":163.4,"system":9.67,"children_user":0.12,"children_system":0.14},"5910":{"user":4.56,"system":3.65,"children_user":0.38,"children_system":3.48}},"average_relative_cpu_utilization":0.2003853084,"absolute_cpu_utilization":0.9984166549,"relative_mem_usage":0.456103923,"absolute_mem_usage":9295399936.0,"absolute_mem_percent_usage":0.0688042291,"mem_info_per_process":{"5891":{"rss":11235328,"vms":28168192,"shared":5681152,"text":2322432,"lib":0,"data":5283840,"dirty":0,"uss":5574656,"pss":6123520,"swap":0},"5854":{"rss":3971657728,"vms":12854759424,"shared":602148864,"text":2322432,"lib":0,"data":10993868800,"dirty":0,"uss":3470143488,"pss":3699522560,"swap":0},"5910":{"rss":1145946112,"vms":8057651200,"shared":15347712,"text":2322432,"lib":0,"data":6411952128,"dirty":0,"uss":1030479872,"pss":1083555840,"swap":0}},"nvidia_draw_absolute":53.61,"nvidia_estimated_attributable_power_draw":53.61,"average_gpu_estimated_utilization_absolute":0.37,"per_gpu_average_estimated_utilization_absolute":{"(0, 5854)":{"sm":37,"mem":10,"enc":0,"dec":0}},"average_gpu_estimated_utilization_relative":1.0,"per_gpu_performance_state":{"0":"P2"},"per_gpu_power_draw":{"0":53.61},"cpu_count_adjusted_average_load":[0.151875,0.1446875,0.145625],"realtime_carbon_intensity":213.692286739,"disk_write_speed":51.6690415217,"process_ids":[5891,5854,5910]}
