{"timestamp":1573521467.8245930672,"rapl_power_draw_absolute":61.934116442,"rapl_estimated_attributable_power_draw":13.5066506244,"cpu_time_seconds":{"18185":{"user":8.84,"system":2.7,"children_user":1.1,"children_system":0.16},"18244":{"user":0.01,"system":0.02,"children_user":0.0,"children_system":0.03}},"average_relative_cpu_utilization":0.23228251,"absolute_cpu_utilization":0.9986895586,"relative_mem_usage":0.0673988337,"absolute_mem_usage":5296435200.0,"absolute_mem_percent_usage":0.0392040303,"mem_info_per_process":{"18185":{"rss":4514320384,"vms":11216404480,"shared":113356800,"text":2322432,"lib":0,"data":9835032576,"dirty":0,"uss":648118272,"pss":2578875392,"swap":0},"18244":{"rss":3930497024,"vms":10741063680,"shared":4612096,"text":2322432,"lib":0,"data":9359691776,"dirty":0,"uss":69935104,"pss":1999506432,"swap":0}},"nvidia_draw_absolute":37.02,"nvidia_estimated_attributable_power_draw":37.02,"average_gpu_estimated_utilization_absolute":0.0233333333,"per_gpu_average_estimated_utilization_absolute":{"(0, 0)":{"sm":0.0,"mem":0.0,"enc":0.0,"dec":0.0},"(0, 18185)":{"sm":2.3333333333,"mem":0.0,"enc":0.0,"dec":0.0}},"average_gpu_estimated_utilization_relative":1.0,"per_gpu_performance_state":{"0":"P2"},"per_gpu_power_draw":{"0":37.02},"cpu_count_adjusted_average_load":[0.1340625,0.1303125,0.1328125],"cpu_freq":[{"current":1885.218,"min":1200.0,"max":3200.0},{"current":1898.343,"min":1200.0,"max":3200.0},{"current":2388.093,"min":1200.0,"max":3200.0},{"current":1299.937,"min":1200.0,"max":3200.0},{"current":1248.843,"min":1200.0,"max":3200.0},{"current":1245.187,"min":1200.0,"max":3200.0},{"current":2386.031,"min":1200.0,"max":3200.0},{"current":1796.718,"min":1200.0,"max":3200.0},{"current":1222.218,"min":1200.0,"max":3200.0},{"current":1283.531,"min":1200.0,"max":3200.0},{"current":3160.687,"min":1200.0,"max":3200.0},{"current":2370.187,"min":1200.0,"max":3200.0},{"current":1233.468,"min":1200.0,"max":3200.0},{"current":1200.093,"min":1200.0,"max":3200.0},{"current":1230.187,"min":1200.0,"max":3200.0},{"current":1200.093,"min":1200.0,"max":3200.0},{"current":1399.968,"min":1200.0,"max":3200.0},{"current":1595.906,"min":1200.0,"max":3200.0},{"current":2308.968,"min":1200.0,"max":3200.0},{"current":1394.156,"min":1200.0,"max":3200.0},{"current":1295.343,"min":1200.0,"max":3200.0},{"current":1392.656,"min":1200.0,"max":3200.0},{"current":1835.906,"min":1200.0,"max":3200.0},{"current":1728.0,"min":1200.0,"max":3200.0},{"current":1374.375,"min":1200.0,"max":3200.0},{"current":1265.625,"min":1200.0,"max":3200.0},{"current":1859.531,"min":1200.0,"max":3200.0},{"current":2016.75,"min":1200.0,"max":3200.0},{"current":1299.093,"min":1200.0,"max":3200.0},{"current":1251.562,"min":1200.0,"max":3200.0},{"current":1220.343,"min":1200.0,"max":3200.0},{"current":1200.562,"min":1200.0,"max":3200.0}],"realtime_carbon_intensity":396.0287013356,"disk_write_speed":41.8225313632,"process_ids":[18185,18244]}
{"timestamp":1573521475.8858060837,"rapl_power_draw_absolute":66.5476445722,"rapl_estimated_attributable_power_draw":15.4259328361,"cpu_time_seconds":{"18185":{"user":15.32,"system":4.16,"children_user":1.1,"children_system":0.16},"18244":{"user":0.22,"system":0.17,"children_user":0.01,"children_system":0.21}},"average_relative_cpu_utilization":0.2401162478,"absolute_cpu_utilization":1.0035825745,"relative_mem_usage":0.1502390708,"absolute_mem_usage":12241392640.0,"absolute_mem_percent_usage":0.0906103653,"mem_info_per_process":{"18185":{"rss":7098241024,"vms":15986905088,"shared":566677504,"text":2322432,"lib":0,"data":14390403072,"dirty":0,"uss":3819225088,"pss":5455745024,"swap":0},"18244":{"rss":3937370112,"vms":10741063680,"shared":11468800,"text":2322432,"lib":0,"data":9359691776,"dirty":0,"uss":665792512,"pss":2300630016,"swap":0}},"nvidia_draw_absolute":52.47,"nvidia_estimated_attributable_power_draw":52.47,"average_gpu_estimated_utilization_absolute":0.33,"per_gpu_average_estimated_utilization_absolute":{"(0, 18185)":{"sm":33,"mem":10,"enc":0,"dec":0}},"average_gpu_estimated_utilization_relative":1.0,"per_gpu_performance_state":{"0":"P2"},"per_gpu_power_draw":{"0":52.47},"cpu_count_adjusted_average_load":[0.128125,0.129375,0.1325],"cpu_freq":[{"current":1203.75,"min":1200.0,"max":3200.0},{"current":2400.0,"min":1200.0,"max":3200.0},{"current":2399.906,"min":1200.0,"max":3200.0},{"current":1482.843,"min":1200.0,"max":3200.0},{"current":1336.687,"min":1200.0,"max":3200.0},{"current":1342.031,"min":1200.0,"max":3200.0},{"current":1597.312,"min":1200.0,"max":3200.0},{"current":2400.0,"min":1200.0,"max":3200.0},{"current":2185.5,"min":1200.0,"max":3200.0},{"current":1463.343,"min":1200.0,"max":3200.0},{"current":1396.031,"min":1200.0,"max":3200.0},{"current":3092.156,"min":1200.0,"max":3200.0},{"current":1800.187,"min":1200.0,"max":3200.0},{"current":2400.281,"min":1200.0,"max":3200.0},{"current":2214.187,"min":1200.0,"max":3200.0},{"current":1700.531,"min":1200.0,"max":3200.0},{"current":1768.312,"min":1200.0,"max":3200.0},{"current":1877.062,"min":1200.0,"max":3200.0},{"current":2400.0,"min":1200.0,"max":3200.0},{"current":1317.562,"min":1200.0,"max":3200.0},{"current":1373.156,"min":1200.0,"max":3200.0},{"current":1220.062,"min":1200.0,"max":3200.0},{"current":2400.0,"min":1200.0,"max":3200.0},{"current":2400.0,"min":1200.0,"max":3200.0},{"current":2200.031,"min":1200.0,"max":3200.0},{"current":1375.968,"min":1200.0,"max":3200.0},{"current":1317.093,"min":1200.0,"max":3200.0},{"current":1820.062,"min":1200.0,"max":3200.0},{"current":1844.625,"min":1200.0,"max":3200.0},{"current":2401.312,"min":1200.0,"max":3200.0},{"current":2101.781,"min":1200.0,"max":3200.0},{"current":1908.093,"min":1200.0,"max":3200.0}],"realtime_carbon_intensity":396.0287013356,"disk_write_speed":44.7535430452,"process_ids":[18185,18244]}
{"timestamp":1573521483.8953709602,"rapl_power_draw_absolute":66.7118617446,"rapl_estimated_attributable_power_draw":15.8073217427,"cpu_time_seconds":{"18185":{"user":23.07,"system":4.42,"children_user":1.1,"children_system":0.16},"18244":{"user":0.42,"system":0.36,"children_user":0.03,"children_system":0.36}},"average_relative_cpu_utilization":0.2450781708,"absolute_cpu_utilization":0.9986385024,"relative_mem_usage":0.1503161136,"absolute_mem_usage":12249091072.0,"absolute_mem_percent_usage":0.0906673488,"mem_info_per_process":{"18185":{"rss":7098241024,"vms":15986905088,"shared":566677504,"text":2322432,"lib":0,"data":14390403072,"dirty":0,"uss":3821780992,"pss":5457022976,"swap":0},"18244":{"rss":3937370112,"vms":10741063680,"shared":11468800,"text":2322432,"lib":0,"data":9359691776,"dirty":0,"uss":668368896,"pss":2301918208,"swap":0}},"nvidia_draw_absolute":53.51,"nvidia_estimated_attributable_power_draw":53.51,"average_gpu_estimated_utilization_absolute":0.325,"per_gpu_average_estimated_utilization_absolute":{"(0, 18185)":{"sm":32.5,"mem":10.0,"enc":0.0,"dec":0.0}},"average_gpu_estimated_utilization_relative":1.0,"per_gpu_performance_state":{"0":"P2"},"per_gpu_power_draw":{"0":53.51},"cpu_count_adjusted_average_load":[0.1278125,0.1290625,0.1325],"cpu_freq":[{"current":2399.906,"min":1200.0,"max":3200.0},{"current":1396.875,"min":1200.0,"max":3200.0},{"current":2400.0,"min":1200.0,"max":3200.0},{"current":1359.843,"min":1200.0,"max":3200.0},{"current":1212.75,"min":1200.0,"max":3200.0},{"current":1255.406,"min":1200.0,"max":3200.0},{"current":2400.0,"min":1200.0,"max":3200.0},{"current":1918.312,"min":1200.0,"max":3200.0},{"current":1474.5,"min":1200.0,"max":3200.0},{"current":1297.031,"min":1200.0,"max":3200.0},{"current":1289.25,"min":1200.0,"max":3200.0},{"current":3144.093,"min":1200.0,"max":3200.0},{"current":1222.031,"min":1200.0,"max":3200.0},{"current":1260.0,"min":1200.0,"max":3200.0},{"current":1221.75,"min":1200.0,"max":3200.0},{"current":1200.0,"min":1200.0,"max":3200.0},{"current":2400.0,"min":1200.0,"max":3200.0},{"current":1395.562,"min":1200.0,"max":3200.0},{"current":2400.0,"min":1200.0,"max":3200.0},{"current":1220.812,"min":1200.0,"max":3200.0},{"current":1288.406,"min":1200.0,"max":3200.0},{"current":1277.343,"min":1200.0,"max":3200.0},{"current":2399.906,"min":1200.0,"max":3200.0},{"current":1799.343,"min":1200.0,"max":3200.0},{"current":1252.218,"min":1200.0,"max":3200.0},{"current":1501.875,"min":1200.0,"max":3200.0},{"current":1520.156,"min":1200.0,"max":3200.0},{"current":2860.968,"min":1200.0,"max":3200.0},{"current":1205.25,"min":1200.0,"max":3200.0},{"current":1399.5,"min":1200.0,"max":3200.0},{"current":1235.625,"min":1200.0,"max":3200.0},{"current":1200.75,"min":1200.0,"max":3200.0}],"realtime_carbon_intensity":396.0287013356,"disk_write_speed":46.6077580439,"process_ids":[18185,18244]}
{"timestamp":1573521491.9175140858,"rapl_power_draw_absolute":66.1188329682,"rapl_estimated_attributable_power_draw":15.8217623303,"cpu_time_seconds":{"18185":{"user":30.87,"system":4.65,"children_user":1.1,"children_system":0.16},"18244":{"user":0.64,"system":0.54,"children_user":0.04,"children_system":0.53}},"average_relative_cpu_utilization":0.2466030382,"absolute_cpu_utilization":1.0036160284,"relative_mem_usage":0.1503587957,"absolute_mem_usage":12253600768.0,"absolute_mem_percent_usage":0.0907007294,"mem_info_per_process":{"18185":{"rss":7098241024,"vms":15986905088,"shared":566677504,"text":2322432,"lib":0,"data":14390403072,"dirty":0,"uss":3823288320,"pss":5457776640,"swap":0},"18244":{"rss":3937370112,"vms":10741063680,"shared":11468800,"text":2322432,"lib":0,"data":9359691776,"dirty":0,"uss":669868032,"pss":2302667776,"swap":0}},"nvidia_draw_absolute":55.95,"nvidia_estimated_attributable_power_draw":55.95,"average_gpu_estimated_utilization_absolute":0.33,"per_gpu_average_estimated_utilization_absolute":{"(0, 18185)":{"sm":33,"mem":10,"enc":0,"dec":0}},"average_gpu_estimated_utilization_relative":1.0,"per_gpu_performance_state":{"0":"P2"},"per_gpu_power_draw":{"0":55.95},"cpu_count_adjusted_average_load":[0.1275,0.1290625,0.1321875],"cpu_freq":[{"current":1235.062,"min":1200.0,"max":3200.0},{"current":2400.0,"min":1200.0,"max":3200.0},{"current":2400.0,"min":1200.0,"max":3200.0},{"current":1294.406,"min":1200.0,"max":3200.0},{"current":1201.031,"min":1200.0,"max":3200.0},{"current":1259.812,"min":1200.0,"max":3200.0},{"current":2399.906,"min":1200.0,"max":3200.0},{"current":2399.906,"min":1200.0,"max":3200.0},{"current":1280.906,"min":1200.0,"max":3200.0},{"current":1269.281,"min":1200.0,"max":3200.0},{"current":1996.031,"min":1200.0,"max":3200.0},{"current":3139.312,"min":1200.0,"max":3200.0},{"current":1216.218,"min":1200.0,"max":3200.0},{"current":1267.406,"min":1200.0,"max":3200.0},{"current":1230.656,"min":1200.0,"max":3200.0},{"current":1200.375,"min":1200.0,"max":3200.0},{"current":1828.781,"min":1200.0,"max":3200.0},{"current":2400.0,"min":1200.0,"max":3200.0},{"current":2399.437,"min":1200.0,"max":3200.0},{"current":1256.437,"min":1200.0,"max":3200.0},{"current":1290.937,"min":1200.0,"max":3200.0},{"current":1279.781,"min":1200.0,"max":3200.0},{"current":2399.906,"min":1200.0,"max":3200.0},{"current":2400.0,"min":1200.0,"max":3200.0},{"current":1308.187,"min":1200.0,"max":3200.0},{"current":1315.5,"min":1200.0,"max":3200.0},{"current":1995.281,"min":1200.0,"max":3200.0},{"current":2890.406,"min":1200.0,"max":3200.0},{"current":1201.781,"min":1200.0,"max":3200.0},{"current":1292.25,"min":1200.0,"max":3200.0},{"current":1274.437,"min":1200.0,"max":3200.0},{"current":1200.375,"min":1200.0,"max":3200.0}],"realtime_carbon_intensity":396.0287013356,"disk_write_speed":42.836074805,"process_ids":[18185,18244]}
{"timestamp":1573521499.9224729538,"rapl_power_draw_absolute":65.2435829808,"rapl_estimated_attributable_power_draw":15.1967143044,"cpu_time_seconds":{"18185":{"user":38.66,"system":4.86,"children_user":1.1,"children_system":0.16},"18244":{"user":0.84,"system":0.76,"children_user":0.07,"children_system":0.7}},"average_relative_cpu_utilization":0.2397870991,"absolute_cpu_utilization":0.9986089344,"relative_mem_usage":0.1503728502,"absolute_mem_usage":12255929344.0,"absolute_mem_percent_usage":0.0907179655,"mem_info_per_process":{"18185":{"rss":7098241024,"vms":15986905088,"shared":566677504,"text":2322432,"lib":0,"data":14390403072,"dirty":0,"uss":3824070656,"pss":5458167808,"swap":0},"18244":{"rss":3937370112,"vms":10741063680,"shared":11468800,"text":2322432,"lib":0,"data":9359691776,"dirty":0,"uss":670638080,"pss":2303052800,"swap":0}},"nvidia_draw_absolute":54.69,"nvidia_estimated_attributable_power_draw":54.69,"average_gpu_estimated_utilization_absolute":0.3266666667,"per_gpu_average_estimated_utilization_absolute":{"(0, 18185)":{"sm":32.6666666667,"mem":9.6666666667,"enc":0.0,"dec":0.0}},"average_gpu_estimated_utilization_relative":1.0,"per_gpu_performance_state":{"0":"P2"},"per_gpu_power_draw":{"0":54.69},"cpu_count_adjusted_average_load":[0.1290625,0.129375,0.1325],"cpu_freq":[{"current":2294.531,"min":1200.0,"max":3200.0},{"current":1347.375,"min":1200.0,"max":3200.0},{"current":2399.906,"min":1200.0,"max":3200.0},{"current":2400.0,"min":1200.0,"max":3200.0},{"current":1200.0,"min":1200.0,"max":3200.0},{"current":1212.281,"min":1200.0,"max":3200.0},{"current":1298.812,"min":1200.0,"max":3200.0},{"current":2682.375,"min":1200.0,"max":3200.0},{"current":1290.562,"min":1200.0,"max":3200.0},{"current":1200.187,"min":1200.0,"max":3200.0},{"current":1398.375,"min":1200.0,"max":3200.0},{"current":3112.406,"min":1200.0,"max":3200.0},{"current":1275.656,"min":1200.0,"max":3200.0},{"current":1234.781,"min":1200.0,"max":3200.0},{"current":1200.187,"min":1200.0,"max":3200.0},{"current":1211.625,"min":1200.0,"max":3200.0},{"current":2198.531,"min":1200.0,"max":3200.0},{"current":1207.593,"min":1200.0,"max":3200.0},{"current":2400.0,"min":1200.0,"max":3200.0},{"current":2399.906,"min":1200.0,"max":3200.0},{"current":1448.531,"min":1200.0,"max":3200.0},{"current":1293.281,"min":1200.0,"max":3200.0},{"current":1348.218,"min":1200.0,"max":3200.0},{"current":2705.531,"min":1200.0,"max":3200.0},{"current":1265.906,"min":1200.0,"max":3200.0},{"current":1405.312,"min":1200.0,"max":3200.0},{"current":1298.343,"min":1200.0,"max":3200.0},{"current":2881.031,"min":1200.0,"max":3200.0},{"current":1204.031,"min":1200.0,"max":3200.0},{"current":1224.468,"min":1200.0,"max":3200.0},{"current":1222.5,"min":1200.0,"max":3200.0},{"current":1200.75,"min":1200.0,"max":3200.0}],"realtime_carbon_intensity":396.0287013356,"disk_write_speed":33.988859716,"process_ids":[18185,18244]}
{"timestamp":1573521507.9987699986,"rapl_power_draw_absolute":66.8443833532,"rapl_estimated_attributable_power_draw":15.6334807463,"cpu_time_seconds":{"18185":{"user":46.43,"system":5.17,"children_user":1.1,"children_system":0.16},"18244":{"user":1.06,"system":0.93,"children_user":0.09,"children_system":0.86}},"average_relative_cpu_utilization":0.242104656,"absolute_cpu_utilization":0.9985877504,"relative_mem_usage":0.1503813576,"absolute_mem_usage":12257698816.0,"absolute_mem_percent_usage":0.090731063,"mem_info_per_process":{"18185":{"rss":7098241024,"vms":15986905088,"shared":566677504,"text":2322432,"lib":0,"data":14390403072,"dirty":0,"uss":3824660480,"pss":5458462720,"swap":0},"18244":{"rss":3937370112,"vms":10741063680,"shared":11468800,"text":2322432,"lib":0,"data":9359691776,"dirty":0,"uss":671227904,"pss":2303347712,"swap":0}},"nvidia_draw_absolute":57.42,"nvidia_estimated_attributable_power_draw":57.42,"average_gpu_estimated_utilization_absolute":0.33,"per_gpu_average_estimated_utilization_absolute":{"(0, 18185)":{"sm":33.0,"mem":9.5,"enc":0.0,"dec":0.0}},"average_gpu_estimated_utilization_relative":1.0,"per_gpu_performance_state":{"0":"P2"},"per_gpu_power_draw":{"0":57.42},"cpu_count_adjusted_average_load":[0.1359375,0.1309375,0.1328125],"cpu_freq":[{"current":2399.906,"min":1200.0,"max":3200.0},{"current":2399.906,"min":1200.0,"max":3200.0},{"current":1205.718,"min":1200.0,"max":3200.0},{"current":1699.218,"min":1200.0,"max":3200.0},{"current":1277.718,"min":1200.0,"max":3200.0},{"current":1216.593,"min":1200.0,"max":3200.0},{"current":1258.5,"min":1200.0,"max":3200.0},{"current":2366.437,"min":1200.0,"max":3200.0},{"current":1313.25,"min":1200.0,"max":3200.0},{"current":1454.531,"min":1200.0,"max":3200.0},{"current":1399.687,"min":1200.0,"max":3200.0},{"current":3090.375,"min":1200.0,"max":3200.0},{"current":1200.375,"min":1200.0,"max":3200.0},{"current":1218.656,"min":1200.0,"max":3200.0},{"current":1200.187,"min":1200.0,"max":3200.0},{"current":1200.0,"min":1200.0,"max":3200.0},{"current":2400.0,"min":1200.0,"max":3200.0},{"current":2400.0,"min":1200.0,"max":3200.0},{"current":1297.031,"min":1200.0,"max":3200.0},{"current":1782.843,"min":1200.0,"max":3200.0},{"current":1298.531,"min":1200.0,"max":3200.0},{"current":1207.593,"min":1200.0,"max":3200.0},{"current":1389.75,"min":1200.0,"max":3200.0},{"current":2399.625,"min":1200.0,"max":3200.0},{"current":1273.968,"min":1200.0,"max":3200.0},{"current":1423.875,"min":1200.0,"max":3200.0},{"current":1205.25,"min":1200.0,"max":3200.0},{"current":2881.031,"min":1200.0,"max":3200.0},{"current":1204.031,"min":1200.0,"max":3200.0},{"current":1224.468,"min":1200.0,"max":3200.0},{"current":1285.968,"min":1200.0,"max":3200.0},{"current":1200.562,"min":1200.0,"max":3200.0}],"realtime_carbon_intensity":396.0287013356,"disk_write_speed":33.6844142101,"process_ids":[18185,18244]}
{"timestamp":1573521515.9997520447,"rapl_power_draw_absolute":65.3961554569,"rapl_estimated_attributable_power_draw":14.8636493839,"cpu_time_seconds":{"18185":{"user":54.2,"system":5.41,"children_user":1.1,"children_system":0.16},"18244":{"user":1.26,"system":1.12,"children_user":0.11,"children_system":1.02}},"average_relative_cpu_utilization":0.233696425,"absolute_cpu_utilization":1.0035777958,"relative_mem_usage":0.1503858269,"absolute_mem_usage":12259038208.0,"absolute_mem_percent_usage":0.0907409772,"mem_info_per_process":{"18185":{"rss":7098241024,"vms":15986905088,"shared":566677504,"text":2322432,"lib":0,"data":14390403072,"dirty":0,"uss":3825106944,"pss":5458685952,"swap":0},"18244":{"rss":3937370112,"vms":10741063680,"shared":11468800,"text":2322432,"lib":0,"data":9359691776,"dirty":0,"uss":671674368,"pss":2303570944,"swap":0}},"nvidia_draw_absolute":54.9,"nvidia_estimated_attributable_power_draw":54.9,"average_gpu_estimated_utilization_absolute":0.33,"per_gpu_average_estimated_utilization_absolute":{"(0, 18185)":{"sm":33,"mem":10,"enc":0,"dec":0}},"average_gpu_estimated_utilization_relative":1.0,"per_gpu_performance_state":{"0":"P2"},"per_gpu_power_draw":{"0":54.9},"cpu_count_adjusted_average_load":[0.1353125,0.130625,0.1328125],"cpu_freq":[{"current":2399.906,"min":1200.0,"max":3200.0},{"current":2399.906,"min":1200.0,"max":3200.0},{"current":1699.968,"min":1200.0,"max":3200.0},{"current":2399.156,"min":1200.0,"max":3200.0},{"current":1339.406,"min":1200.0,"max":3200.0},{"current":1381.781,"min":1200.0,"max":3200.0},{"current":1758.937,"min":1200.0,"max":3200.0},{"current":2399.906,"min":1200.0,"max":3200.0},{"current":1296.468,"min":1200.0,"max":3200.0},{"current":1651.312,"min":1200.0,"max":3200.0},{"current":1396.031,"min":1200.0,"max":3200.0},{"current":3074.25,"min":1200.0,"max":3200.0},{"current":1200.093,"min":1200.0,"max":3200.0},{"current":1200.093,"min":1200.0,"max":3200.0},{"current":1200.187,"min":1200.0,"max":3200.0},{"current":1200.0,"min":1200.0,"max":3200.0},{"current":2399.906,"min":1200.0,"max":3200.0},{"current":2400.093,"min":1200.0,"max":3200.0},{"current":1732.406,"min":1200.0,"max":3200.0},{"current":2075.437,"min":1200.0,"max":3200.0},{"current":1216.875,"min":1200.0,"max":3200.0},{"current":1265.718,"min":1200.0,"max":3200.0},{"current":1891.968,"min":1200.0,"max":3200.0},{"current":2400.0,"min":1200.0,"max":3200.0},{"current":1277.625,"min":1200.0,"max":3200.0},{"current":1842.937,"min":1200.0,"max":3200.0},{"current":1200.281,"min":1200.0,"max":3200.0},{"current":3057.937,"min":1200.0,"max":3200.0},{"current":1214.437,"min":1200.0,"max":3200.0},{"current":1203.843,"min":1200.0,"max":3200.0},{"current":1242.562,"min":1200.0,"max":3200.0},{"current":1200.187,"min":1200.0,"max":3200.0}],"realtime_carbon_intensity":396.0287013356,"disk_write_speed":31.9350563867,"process_ids":[18185,18244]}
{"timestamp":1573521524.1407959461,"rapl_power_draw_absolute":65.3188294449,"rapl_estimated_attributable_power_draw":15.297887817,"cpu_time_seconds":{"18185":{"user":62.04,"system":5.71,"children_user":1.1,"children_system":0.16},"18244":{"user":1.49,"system":1.28,"children_user":0.12,"children_system":1.2}},"average_relative_cpu_utilization":0.2412282916,"absolute_cpu_utilization":0.9985749847,"relative_mem_usage":0.150388163,"absolute_mem_usage":12260193280.0,"absolute_mem_percent_usage":0.090749527,"mem_info_per_process":{"18185":{"rss":7098241024,"vms":15986905088,"shared":566677504,"text":2322432,"lib":0,"data":14390403072,"dirty":0,"uss":3825491968,"pss":5458878464,"swap":0},"18244":{"rss":3937370112,"vms":10741063680,"shared":11468800,"text":2322432,"lib":0,"data":9359691776,"dirty":0,"uss":672059392,"pss":2303763456,"swap":0}},"nvidia_draw_absolute":54.94,"nvidia_estimated_attributable_power_draw":54.94,"average_gpu_estimated_utilization_absolute":0.33,"per_gpu_average_estimated_utilization_absolute":{"(0, 18185)":{"sm":33,"mem":10,"enc":0,"dec":0}},"average_gpu_estimated_utilization_relative":1.0,"per_gpu_performance_state":{"0":"P2"},"per_gpu_power_draw":{"0":54.94},"cpu_count_adjusted_average_load":[0.12875,0.129375,0.1325],"cpu_freq":[{"current":2399.906,"min":1200.0,"max":3200.0},{"current":1485.0,"min":1200.0,"max":3200.0},{"current":1350.468,"min":1200.0,"max":3200.0},{"current":2399.906,"min":1200.0,"max":3200.0},{"current":1200.562,"min":1200.0,"max":3200.0},{"current":1245.656,"min":1200.0,"max":3200.0},{"current":1992.0,"min":1200.0,"max":3200.0},{"current":2399.906,"min":1200.0,"max":3200.0},{"current":1272.937,"min":1200.0,"max":3200.0},{"current":1287.468,"min":1200.0,"max":3200.0},{"current":1296.468,"min":1200.0,"max":3200.0},{"current":3113.156,"min":1200.0,"max":3200.0},{"current":1200.187,"min":1200.0,"max":3200.0},{"current":1200.093,"min":1200.0,"max":3200.0},{"current":1265.156,"min":1200.0,"max":3200.0},{"current":1200.093,"min":1200.0,"max":3200.0},{"current":2382.0,"min":1200.0,"max":3200.0},{"current":1400.062,"min":1200.0,"max":3200.0},{"current":1521.375,"min":1200.0,"max":3200.0},{"current":2399.906,"min":1200.0,"max":3200.0},{"current":1200.0,"min":1200.0,"max":3200.0},{"current":1202.25,"min":1200.0,"max":3200.0},{"current":2400.0,"min":1200.0,"max":3200.0},{"current":2399.906,"min":1200.0,"max":3200.0},{"current":1490.718,"min":1200.0,"max":3200.0},{"current":1794.187,"min":1200.0,"max":3200.0},{"current":1204.5,"min":1200.0,"max":3200.0},{"current":3057.937,"min":1200.0,"max":3200.0},{"current":1214.437,"min":1200.0,"max":3200.0},{"current":1278.093,"min":1200.0,"max":3200.0},{"current":1242.562,"min":1200.0,"max":3200.0},{"current":1226.531,"min":1200.0,"max":3200.0}],"realtime_carbon_intensity":396.0287013356,"disk_write_speed":39.224140269,"process_ids":[18185,18244]}
{"timestamp":1573521532.1436760426,"rapl_power_draw_absolute":66.0413436821,"rapl_estimated_attributable_power_draw":15.4721072503,"cpu_time_seconds":{"18185":{"user":69.86,"system":5.9,"children_user":1.1,"children_system":0.16},"18244":{"user":1.68,"system":1.49,"children_user":0.14,"children_system":1.36}},"average_relative_cpu_utilization":0.2415668775,"absolute_cpu_utilization":1.003630507,"relative_mem_usage":0.1503853848,"absolute_mem_usage":12261078016.0,"absolute_mem_percent_usage":0.0907560758,"mem_info_per_process":{"18185":{"rss":7098241024,"vms":15986905088,"shared":566677504,"text":2322432,"lib":0,"data":14390403072,"dirty":0,"uss":3825786880,"pss":5459025920,"swap":0},"18244":{"rss":3937370112,"vms":10741063680,"shared":11468800,"text":2322432,"lib":0,"data":9359691776,"dirty":0,"uss":672354304,"pss":2303910912,"swap":0}},"nvidia_draw_absolute":53.99,"nvidia_estimated_attributable_power_draw":53.99,"average_gpu_estimated_utilization_absolute":0.33,"per_gpu_average_estimated_utilization_absolute":{"(0, 18185)":{"sm":33,"mem":10,"enc":0,"dec":0}},"average_gpu_estimated_utilization_relative":1.0,"per_gpu_performance_state":{"0":"P2"},"per_gpu_power_draw":{"0":53.99},"cpu_count_adjusted_average_load":[0.1334375,0.1303125,0.1325],"cpu_freq":[{"current":1351.593,"min":1200.0,"max":3200.0},{"current":1898.25,"min":1200.0,"max":3200.0},{"current":1666.781,"min":1200.0,"max":3200.0},{"current":2400.0,"min":1200.0,"max":3200.0},{"current":1201.125,"min":1200.0,"max":3200.0},{"current":1201.218,"min":1200.0,"max":3200.0},{"current":1990.031,"min":1200.0,"max":3200.0},{"current":2399.906,"min":1200.0,"max":3200.0},{"current":1594.406,"min":1200.0,"max":3200.0},{"current":1299.937,"min":1200.0,"max":3200.0},{"current":1223.906,"min":1200.0,"max":3200.0},{"current":3083.25,"min":1200.0,"max":3200.0},{"current":1200.187,"min":1200.0,"max":3200.0},{"current":1230.843,"min":1200.0,"max":3200.0},{"current":1343.437,"min":1200.0,"max":3200.0},{"current":1202.25,"min":1200.0,"max":3200.0},{"current":1334.25,"min":1200.0,"max":3200.0},{"current":1234.781,"min":1200.0,"max":3200.0},{"current":2019.656,"min":1200.0,"max":3200.0},{"current":2400.0,"min":1200.0,"max":3200.0},{"current":1230.656,"min":1200.0,"max":3200.0},{"current":1233.75,"min":1200.0,"max":3200.0},{"current":1236.75,"min":1200.0,"max":3200.0},{"current":2400.0,"min":1200.0,"max":3200.0},{"current":1578.281,"min":1200.0,"max":3200.0},{"current":1299.937,"min":1200.0,"max":3200.0},{"current":1468.968,"min":1200.0,"max":3200.0},{"current":3123.375,"min":1200.0,"max":3200.0},{"current":1306.406,"min":1200.0,"max":3200.0},{"current":1256.156,"min":1200.0,"max":3200.0},{"current":1302.468,"min":1200.0,"max":3200.0},{"current":1200.562,"min":1200.0,"max":3200.0}],"realtime_carbon_intensity":396.0287013356,"disk_write_speed":15.4014223435,"process_ids":[18185,18244]}
{"timestamp":1573521540.2068901062,"rapl_power_draw_absolute":68.587102416,"rapl_estimated_attributable_power_draw":16.3403108763,"cpu_time_seconds":{"18185":{"user":77.7,"system":6.12,"children_user":1.1,"children_system":0.16},"18244":{"user":1.8,"system":1.66,"children_user":0.16,"children_system":1.53}},"average_relative_cpu_utilization":0.2468870128,"absolute_cpu_utilization":0.9985855754,"relative_mem_usage":0.1503801325,"absolute_mem_usage":12261618688.0,"absolute_mem_percent_usage":0.0907600778,"mem_info_per_process":{"18185":{"rss":7098245120,"vms":15986905088,"shared":566677504,"text":2322432,"lib":0,"data":14390403072,"dirty":0,"uss":3825967104,"pss":5459116032,"swap":0},"18244":{"rss":3937370112,"vms":10741063680,"shared":11468800,"text":2322432,"lib":0,"data":9359691776,"dirty":0,"uss":672534528,"pss":2304001024,"swap":0}},"nvidia_draw_absolute":56.7,"nvidia_estimated_attributable_power_draw":56.7,"average_gpu_estimated_utilization_absolute":0.33,"per_gpu_average_estimated_utilization_absolute":{"(0, 18185)":{"sm":33,"mem":10,"enc":0,"dec":0}},"average_gpu_estimated_utilization_relative":1.0,"per_gpu_performance_state":{"0":"P2"},"per_gpu_power_draw":{"0":56.7},"cpu_count_adjusted_average_load":[0.1328125,0.1303125,0.1325],"cpu_freq":[{"current":1200.75,"min":1200.0,"max":3200.0},{"current":1217.343,"min":1200.0,"max":3200.0},{"current":1660.125,"min":1200.0,"max":3200.0},{"current":1880.062,"min":1200.0,"max":3200.0},{"current":1259.062,"min":1200.0,"max":3200.0},{"current":1201.031,"min":1200.0,"max":3200.0},{"current":1950.093,"min":1200.0,"max":3200.0},{"current":2400.0,"min":1200.0,"max":3200.0},{"current":1211.718,"min":1200.0,"max":3200.0},{"current":1200.093,"min":1200.0,"max":3200.0},{"current":1298.062,"min":1200.0,"max":3200.0},{"current":3141.937,"min":1200.0,"max":3200.0},{"current":1242.937,"min":1200.0,"max":3200.0},{"current":1200.187,"min":1200.0,"max":3200.0},{"current":1546.406,"min":1200.0,"max":3200.0},{"current":1550.812,"min":1200.0,"max":3200.0},{"current":1297.5,"min":1200.0,"max":3200.0},{"current":1298.156,"min":1200.0,"max":3200.0},{"current":1490.343,"min":1200.0,"max":3200.0},{"current":1866.75,"min":1200.0,"max":3200.0},{"current":1490.906,"min":1200.0,"max":3200.0},{"current":1237.968,"min":1200.0,"max":3200.0},{"current":2400.0,"min":1200.0,"max":3200.0},{"current":1699.968,"min":1200.0,"max":3200.0},{"current":1235.156,"min":1200.0,"max":3200.0},{"current":1425.093,"min":1200.0,"max":3200.0},{"current":1321.968,"min":1200.0,"max":3200.0},{"current":3123.375,"min":1200.0,"max":3200.0},{"current":1251.468,"min":1200.0,"max":3200.0},{"current":1388.25,"min":1200.0,"max":3200.0},{"current":1379.906,"min":1200.0,"max":3200.0},{"current":1566.468,"min":1200.0,"max":3200.0}],"realtime_carbon_intensity":396.0287013356,"disk_write_speed":19.8876670077,"process_ids":[18185,18244]}
{"timestamp":1573521548.3573129177,"rapl_power_draw_absolute":66.3107719424,"rapl_estimated_attributable_power_draw":15.2328805166,"cpu_time_seconds":{"18185":{"user":85.61,"system":6.36,"children_user":1.1,"children_system":0.16},"18244":{"user":1.96,"system":1.84,"children_user":0.18,"children_system":1.7}},"average_relative_cpu_utilization":0.2368935863,"absolute_cpu_utilization":0.993700891,"relative_mem_usage":0.1503738941,"absolute_mem_usage":12262073344.0,"absolute_mem_percent_usage":0.0907634431,"mem_info_per_process":{"18185":{"rss":7098245120,"vms":15986905088,"shared":566677504,"text":2322432,"lib":0,"data":14390403072,"dirty":0,"uss":3826118656,"pss":5459191808,"swap":0},"18244":{"rss":3937370112,"vms":10741063680,"shared":11468800,"text":2322432,"lib":0,"data":9359691776,"dirty":0,"uss":672686080,"pss":2304076800,"swap":0}},"nvidia_draw_absolute":55.92,"nvidia_estimated_attributable_power_draw":55.92,"average_gpu_estimated_utilization_absolute":0.33,"per_gpu_average_estimated_utilization_absolute":{"(0, 18185)":{"sm":33,"mem":9,"enc":0,"dec":0}},"average_gpu_estimated_utilization_relative":1.0,"per_gpu_performance_state":{"0":"P2"},"per_gpu_power_draw":{"0":55.92},"cpu_count_adjusted_average_load":[0.1290625,0.1296875,0.1321875],"cpu_freq":[{"current":2400.0,"min":1200.0,"max":3200.0},{"current":2400.0,"min":1200.0,"max":3200.0},{"current":2690.25,"min":1200.0,"max":3200.0},{"current":2193.093,"min":1200.0,"max":3200.0},{"current":1495.218,"min":1200.0,"max":3200.0},{"current":1200.281,"min":1200.0,"max":3200.0},{"current":1500.0,"min":1200.0,"max":3200.0},{"current":2399.906,"min":1200.0,"max":3200.0},{"current":1257.562,"min":1200.0,"max":3200.0},{"current":1891.968,"min":1200.0,"max":3200.0},{"current":1294.875,"min":1200.0,"max":3200.0},{"current":3152.156,"min":1200.0,"max":3200.0},{"current":1225.406,"min":1200.0,"max":3200.0},{"current":1250.718,"min":1200.0,"max":3200.0},{"current":1211.718,"min":1200.0,"max":3200.0},{"current":1208.25,"min":1200.0,"max":3200.0},{"current":2399.906,"min":1200.0,"max":3200.0},{"current":2400.0,"min":1200.0,"max":3200.0},{"current":1984.5,"min":1200.0,"max":3200.0},{"current":1769.156,"min":1200.0,"max":3200.0},{"current":1455.75,"min":1200.0,"max":3200.0},{"current":1461.468,"min":1200.0,"max":3200.0},{"current":1327.312,"min":1200.0,"max":3200.0},{"current":2308.031,"min":1200.0,"max":3200.0},{"current":1200.562,"min":1200.0,"max":3200.0},{"current":1501.125,"min":1200.0,"max":3200.0},{"current":1286.531,"min":1200.0,"max":3200.0},{"current":2984.25,"min":1200.0,"max":3200.0},{"current":1377.562,"min":1200.0,"max":3200.0},{"current":1230.093,"min":1200.0,"max":3200.0},{"current":1278.187,"min":1200.0,"max":3200.0},{"current":1219.5,"min":1200.0,"max":3200.0}],"realtime_carbon_intensity":396.0287013356,"disk_write_speed":37.9480491404,"process_ids":[18185,18244]}
{"timestamp":1573521556.3565289974,"rapl_power_draw_absolute":65.2124733553,"rapl_estimated_attributable_power_draw":15.2248497177,"cpu_time_seconds":{"18185":{"user":93.39,"system":6.59,"children_user":1.1,"children_system":0.16},"18244":{"user":2.16,"system":2.02,"children_user":0.2,"children_system":1.87}},"average_relative_cpu_utilization":0.2404075246,"absolute_cpu_utilization":1.0036072778,"relative_mem_usage":0.1503661307,"absolute_mem_usage":12262540288.0,"absolute_mem_percent_usage":0.0907668994,"mem_info_per_process":{"18185":{"rss":7098245120,"vms":15986905088,"shared":566677504,"text":2322432,"lib":0,"data":14390403072,"dirty":0,"uss":3826274304,"pss":5459269632,"swap":0},"18244":{"rss":3937370112,"vms":10741063680,"shared":11468800,"text":2322432,"lib":0,"data":9359691776,"dirty":0,"uss":672841728,"pss":2304154624,"swap":0}},"nvidia_draw_absolute":54.96,"nvidia_estimated_attributable_power_draw":54.96,"average_gpu_estimated_utilization_absolute":0.33,"per_gpu_average_estimated_utilization_absolute":{"(0, 18185)":{"sm":33.0,"mem":9.5,"enc":0.0,"dec":0.0}},"average_gpu_estimated_utilization_relative":1.0,"per_gpu_performance_state":{"0":"P2"},"per_gpu_power_draw":{"0":54.96},"cpu_count_adjusted_average_load":[0.13125,0.13,0.1325],"cpu_freq":[{"current":1967.906,"min":1200.0,"max":3200.0},{"current":2270.812,"min":1200.0,"max":3200.0},{"current":1308.562,"min":1200.0,"max":3200.0},{"current":2399.906,"min":1200.0,"max":3200.0},{"current":1200.75,"min":1200.0,"max":3200.0},{"current":1252.312,"min":1200.0,"max":3200.0},{"current":2100.0,"min":1200.0,"max":3200.0},{"current":1601.531,"min":1200.0,"max":3200.0},{"current":1200.843,"min":1200.0,"max":3200.0},{"current":1208.906,"min":1200.0,"max":3200.0},{"current":2187.937,"min":1200.0,"max":3200.0},{"current":3149.906,"min":1200.0,"max":3200.0},{"current":1273.875,"min":1200.0,"max":3200.0},{"current":1200.093,"min":1200.0,"max":3200.0},{"current":1268.437,"min":1200.0,"max":3200.0},{"current":1203.0,"min":1200.0,"max":3200.0},{"current":2400.0,"min":1200.0,"max":3200.0},{"current":2396.437,"min":1200.0,"max":3200.0},{"current":1279.031,"min":1200.0,"max":3200.0},{"current":2339.531,"min":1200.0,"max":3200.0},{"current":1200.0,"min":1200.0,"max":3200.0},{"current":1239.468,"min":1200.0,"max":3200.0},{"current":2153.625,"min":1200.0,"max":3200.0},{"current":1995.75,"min":1200.0,"max":3200.0},{"current":1247.25,"min":1200.0,"max":3200.0},{"current":1200.656,"min":1200.0,"max":3200.0},{"current":2187.281,"min":1200.0,"max":3200.0},{"current":2984.25,"min":1200.0,"max":3200.0},{"current":1226.062,"min":1200.0,"max":3200.0},{"current":1254.0,"min":1200.0,"max":3200.0},{"current":1215.843,"min":1200.0,"max":3200.0},{"current":1261.218,"min":1200.0,"max":3200.0}],"realtime_carbon_intensity":396.0287013356,"disk_write_speed":52.7372150465,"process_ids":[18185,18244]}
{"timestamp":1573521564.3522770405,"rapl_power_draw_absolute":65.727042141,"rapl_estimated_attributable_power_draw":15.4362142318,"cpu_time_seconds":{"18185":{"user":101.17,"system":6.8,"children_user":1.1,"children_system":0.16},"18244":{"user":2.34,"system":2.22,"children_user":0.21,"children_system":2.03}},"average_relative_cpu_utilization":0.2418620864,"absolute_cpu_utilization":1.003701309,"relative_mem_usage":0.1503549226,"absolute_mem_usage":12262847488.0,"absolute_mem_percent_usage":0.0907691733,"mem_info_per_process":{"18185":{"rss":7098245120,"vms":15986905088,"shared":566677504,"text":2322432,"lib":0,"data":14390403072,"dirty":0,"uss":3826376704,"pss":5459320832,"swap":0},"18244":{"rss":3937370112,"vms":10741063680,"shared":11468800,"text":2322432,"lib":0,"data":9359691776,"dirty":0,"uss":672944128,"pss":2304205824,"swap":0}},"nvidia_draw_absolute":54.09,"nvidia_estimated_attributable_power_draw":54.09,"average_gpu_estimated_utilization_absolute":0.33,"per_gpu_average_estimated_utilization_absolute":{"(0, 18185)":{"sm":33.0,"mem":9.5,"enc":0.0,"dec":0.0}},"average_gpu_estimated_utilization_relative":1.0,"per_gpu_performance_state":{"0":"P2"},"per_gpu_power_draw":{"0":54.09},"cpu_count_adjusted_average_load":[0.1278125,0.129375,0.1321875],"cpu_freq":[{"current":2398.406,"min":1200.0,"max":3200.0},{"current":1499.625,"min":1200.0,"max":3200.0},{"current":1295.531,"min":1200.0,"max":3200.0},{"current":2399.906,"min":1200.0,"max":3200.0},{"current":1266.656,"min":1200.0,"max":3200.0},{"current":1257.375,"min":1200.0,"max":3200.0},{"current":1671.562,"min":1200.0,"max":3200.0},{"current":2399.906,"min":1200.0,"max":3200.0},{"current":1314.843,"min":1200.0,"max":3200.0},{"current":1697.625,"min":1200.0,"max":3200.0},{"current":1222.5,"min":1200.0,"max":3200.0},{"current":3136.593,"min":1200.0,"max":3200.0},{"current":1218.468,"min":1200.0,"max":3200.0},{"current":1213.781,"min":1200.0,"max":3200.0},{"current":1247.906,"min":1200.0,"max":3200.0},{"current":1210.312,"min":1200.0,"max":3200.0},{"current":2400.0,"min":1200.0,"max":3200.0},{"current":1299.937,"min":1200.0,"max":3200.0},{"current":1320.468,"min":1200.0,"max":3200.0},{"current":2400.0,"min":1200.0,"max":3200.0},{"current":1299.937,"min":1200.0,"max":3200.0},{"current":1229.531,"min":1200.0,"max":3200.0},{"current":1698.468,"min":1200.0,"max":3200.0},{"current":1820.625,"min":1200.0,"max":3200.0},{"current":1617.375,"min":1200.0,"max":3200.0},{"current":1391.718,"min":1200.0,"max":3200.0},{"current":1389.0,"min":1200.0,"max":3200.0},{"current":3122.343,"min":1200.0,"max":3200.0},{"current":1366.781,"min":1200.0,"max":3200.0},{"current":1224.843,"min":1200.0,"max":3200.0},{"current":1274.718,"min":1200.0,"max":3200.0},{"current":1200.375,"min":1200.0,"max":3200.0}],"realtime_carbon_intensity":396.0287013356,"disk_write_speed":35.6695911986,"process_ids":[18185,18244]}
{"timestamp":1573521572.335447073,"rapl_power_draw_absolute":67.3718772006,"rapl_estimated_attributable_power_draw":16.0114152999,"cpu_time_seconds":{"18185":{"user":108.94,"system":7.02,"children_user":1.1,"children_system":0.16},"18244":{"user":2.53,"system":2.4,"children_user":0.21,"children_system":2.22}},"average_relative_cpu_utilization":0.2454081294,"absolute_cpu_utilization":1.0036792817,"relative_mem_usage":0.1503462919,"absolute_mem_usage":12263130112.0,"absolute_mem_percent_usage":0.0907712653,"mem_info_per_process":{"18185":{"rss":7098245120,"vms":15986905088,"shared":566677504,"text":2322432,"lib":0,"data":14390403072,"dirty":0,"uss":3826470912,"pss":5459367936,"swap":0},"18244":{"rss":3937370112,"vms":10741063680,"shared":11468800,"text":2322432,"lib":0,"data":9359691776,"dirty":0,"uss":673038336,"pss":2304252928,"swap":0}},"nvidia_draw_absolute":54.75,"nvidia_estimated_attributable_power_draw":54.75,"average_gpu_estimated_utilization_absolute":0.33,"per_gpu_average_estimated_utilization_absolute":{"(0, 18185)":{"sm":33.0,"mem":9.5,"enc":0.0,"dec":0.0}},"average_gpu_estimated_utilization_relative":1.0,"per_gpu_performance_state":{"0":"P2"},"per_gpu_power_draw":{"0":54.75},"cpu_count_adjusted_average_load":[0.1228125,0.128125,0.131875],"cpu_freq":[{"current":2399.906,"min":1200.0,"max":3200.0},{"current":1200.0,"min":1200.0,"max":3200.0},{"current":2399.906,"min":1200.0,"max":3200.0},{"current":1212.093,"min":1200.0,"max":3200.0},{"current":1241.156,"min":1200.0,"max":3200.0},{"current":1207.406,"min":1200.0,"max":3200.0},{"current":1498.031,"min":1200.0,"max":3200.0},{"current":1821.093,"min":1200.0,"max":3200.0},{"current":1633.312,"min":1200.0,"max":3200.0},{"current":1395.75,"min":1200.0,"max":3200.0},{"current":1290.093,"min":1200.0,"max":3200.0},{"current":3095.343,"min":1200.0,"max":3200.0},{"current":1200.187,"min":1200.0,"max":3200.0},{"current":1200.093,"min":1200.0,"max":3200.0},{"current":1235.062,"min":1200.0,"max":3200.0},{"current":1200.0,"min":1200.0,"max":3200.0},{"current":2400.0,"min":1200.0,"max":3200.0},{"current":1200.0,"min":1200.0,"max":3200.0},{"current":2400.0,"min":1200.0,"max":3200.0},{"current":1206.656,"min":1200.0,"max":3200.0},{"current":1222.218,"min":1200.0,"max":3200.0},{"current":1212.843,"min":1200.0,"max":3200.0},{"current":1297.031,"min":1200.0,"max":3200.0},{"current":2196.937,"min":1200.0,"max":3200.0},{"current":1816.125,"min":1200.0,"max":3200.0},{"current":1200.0,"min":1200.0,"max":3200.0},{"current":1377.562,"min":1200.0,"max":3200.0},{"current":3122.343,"min":1200.0,"max":3200.0},{"current":1366.781,"min":1200.0,"max":3200.0},{"current":1224.843,"min":1200.0,"max":3200.0},{"current":1274.718,"min":1200.0,"max":3200.0},{"current":1201.125,"min":1200.0,"max":3200.0}],"realtime_carbon_intensity":396.0287013356,"disk_write_speed":48.3383150996,"process_ids":[18185,18244]}
{"timestamp":1573521580.3338019848,"rapl_power_draw_absolute":65.3832896987,"rapl_estimated_attributable_power_draw":15.1601559309,"cpu_time_seconds":{"18185":{"user":116.69,"system":7.27,"children_user":1.1,"children_system":0.16},"18244":{"user":2.73,"system":2.58,"children_user":0.21,"children_system":2.39}},"average_relative_cpu_utilization":0.2386432099,"absolute_cpu_utilization":0.998648604,"relative_mem_usage":0.150335777,"absolute_mem_usage":12263351296.0,"absolute_mem_percent_usage":0.0907729025,"mem_info_per_process":{"18185":{"rss":7098245120,"vms":15986905088,"shared":566677504,"text":2322432,"lib":0,"data":14390403072,"dirty":0,"uss":3826544640,"pss":5459404800,"swap":0},"18244":{"rss":3937370112,"vms":10741063680,"shared":11468800,"text":2322432,"lib":0,"data":9359691776,"dirty":0,"uss":673112064,"pss":2304289792,"swap":0}},"nvidia_draw_absolute":54.48,"nvidia_estimated_attributable_power_draw":54.48,"average_gpu_estimated_utilization_absolute":0.33,"per_gpu_average_estimated_utilization_absolute":{"(0, 18185)":{"sm":33.0,"mem":9.5,"enc":0.0,"dec":0.0}},"average_gpu_estimated_utilization_relative":1.0,"per_gpu_performance_state":{"0":"P2"},"per_gpu_power_draw":{"0":54.48},"cpu_count_adjusted_average_load":[0.1228125,0.128125,0.131875],"cpu_freq":[{"current":1500.0,"min":1200.0,"max":3200.0},{"current":1942.781,"min":1200.0,"max":3200.0},{"current":1297.312,"min":1200.0,"max":3200.0},{"current":1653.843,"min":1200.0,"max":3200.0},{"current":1321.031,"min":1200.0,"max":3200.0},{"current":1201.312,"min":1200.0,"max":3200.0},{"current":1493.812,"min":1200.0,"max":3200.0},{"current":2400.0,"min":1200.0,"max":3200.0},{"current":1310.25,"min":1200.0,"max":3200.0},{"current":1549.875,"min":1200.0,"max":3200.0},{"current":1397.156,"min":1200.0,"max":3200.0},{"current":3125.531,"min":1200.0,"max":3200.0},{"current":1200.093,"min":1200.0,"max":3200.0},{"current":1200.093,"min":1200.0,"max":3200.0},{"current":1200.187,"min":1200.0,"max":3200.0},{"current":1200.093,"min":1200.0,"max":3200.0},{"current":1498.968,"min":1200.0,"max":3200.0},{"current":2400.0,"min":1200.0,"max":3200.0},{"current":1790.343,"min":1200.0,"max":3200.0},{"current":1691.906,"min":1200.0,"max":3200.0},{"current":1292.25,"min":1200.0,"max":3200.0},{"current":1201.593,"min":1200.0,"max":3200.0},{"current":1895.531,"min":1200.0,"max":3200.0},{"current":2396.812,"min":1200.0,"max":3200.0},{"current":1346.25,"min":1200.0,"max":3200.0},{"current":1399.5,"min":1200.0,"max":3200.0},{"current":1263.187,"min":1200.0,"max":3200.0},{"current":3047.437,"min":1200.0,"max":3200.0},{"current":1225.593,"min":1200.0,"max":3200.0},{"current":1207.5,"min":1200.0,"max":3200.0},{"current":1246.406,"min":1200.0,"max":3200.0},{"current":1200.468,"min":1200.0,"max":3200.0}],"realtime_carbon_intensity":396.0287013356,"disk_write_speed":49.3240716481,"process_ids":[18185,18244]}
{"timestamp":1573521588.3773019314,"rapl_power_draw_absolute":66.4412485353,"rapl_estimated_attributable_power_draw":15.4410419238,"cpu_time_seconds":{"18185":{"user":124.53,"system":7.48,"children_user":1.1,"children_system":0.16},"18244":{"user":2.97,"system":2.76,"children_user":0.23,"children_system":2.56}},"average_relative_cpu_utilization":0.2392108455,"absolute_cpu_utilization":0.9985946897,"relative_mem_usage":0.1503285322,"absolute_mem_usage":12263572480.0,"absolute_mem_percent_usage":0.0907745397,"mem_info_per_process":{"18185":{"rss":7098245120,"vms":15986905088,"shared":566677504,"text":2322432,"lib":0,"data":14390403072,"dirty":0,"uss":3826618368,"pss":5459441664,"swap":0},"18244":{"rss":3937370112,"vms":10741063680,"shared":11468800,"text":2322432,"lib":0,"data":9359691776,"dirty":0,"uss":673185792,"pss":2304326656,"swap":0}},"nvidia_draw_absolute":55.16,"nvidia_estimated_attributable_power_draw":55.16,"average_gpu_estimated_utilization_absolute":0.33,"per_gpu_average_estimated_utilization_absolute":{"(0, 18185)":{"sm":33.0,"mem":9.5,"enc":0.0,"dec":0.0}},"average_gpu_estimated_utilization_relative":1.0,"per_gpu_performance_state":{"0":"P2"},"per_gpu_power_draw":{"0":55.16},"cpu_count_adjusted_average_load":[0.123125,0.128125,0.1315625],"cpu_freq":[{"current":1793.062,"min":1200.0,"max":3200.0},{"current":1777.781,"min":1200.0,"max":3200.0},{"current":2399.906,"min":1200.0,"max":3200.0},{"current":2396.718,"min":1200.0,"max":3200.0},{"current":1200.187,"min":1200.0,"max":3200.0},{"current":1280.625,"min":1200.0,"max":3200.0},{"current":2399.906,"min":1200.0,"max":3200.0},{"current":1897.125,"min":1200.0,"max":3200.0},{"current":1297.968,"min":1200.0,"max":3200.0},{"current":1598.718,"min":1200.0,"max":3200.0},{"current":1395.187,"min":1200.0,"max":3200.0},{"current":3185.25,"min":1200.0,"max":3200.0},{"current":1200.093,"min":1200.0,"max":3200.0},{"current":1200.093,"min":1200.0,"max":3200.0},{"current":1200.093,"min":1200.0,"max":3200.0},{"current":1200.0,"min":1200.0,"max":3200.0},{"current":1785.562,"min":1200.0,"max":3200.0},{"current":1709.25,"min":1200.0,"max":3200.0},{"current":2392.5,"min":1200.0,"max":3200.0},{"current":2383.875,"min":1200.0,"max":3200.0},{"current":1200.937,"min":1200.0,"max":3200.0},{"current":1231.406,"min":1200.0,"max":3200.0},{"current":2400.0,"min":1200.0,"max":3200.0},{"current":1946.531,"min":1200.0,"max":3200.0},{"current":1269.281,"min":1200.0,"max":3200.0},{"current":1600.125,"min":1200.0,"max":3200.0},{"current":1378.031,"min":1200.0,"max":3200.0},{"current":3047.437,"min":1200.0,"max":3200.0},{"current":1272.281,"min":1200.0,"max":3200.0},{"current":1207.5,"min":1200.0,"max":3200.0},{"current":1246.406,"min":1200.0,"max":3200.0},{"current":1200.187,"min":1200.0,"max":3200.0}],"realtime_carbon_intensity":396.0287013356,"disk_write_speed":51.0698030768,"process_ids":[18185,18244]}
{"timestamp":1573521596.3892219067,"rapl_power_draw_absolute":66.0324752501,"rapl_estimated_attributable_power_draw":15.4867786325,"cpu_time_seconds":{"18185":{"user":132.31,"system":7.71,"children_user":1.1,"children_system":0.16},"18244":{"user":3.18,"system":2.97,"children_user":0.26,"children_system":2.73}},"average_relative_cpu_utilization":0.2418108637,"absolute_cpu_utilization":0.9985682854,"relative_mem_usage":0.1503181415,"absolute_mem_usage":12263781376.0,"absolute_mem_percent_usage":0.0907760859,"mem_info_per_process":{"18185":{"rss":7098245120,"vms":15986905088,"shared":566677504,"text":2322432,"lib":0,"data":14390403072,"dirty":0,"uss":3826688000,"pss":5459476480,"swap":0},"18244":{"rss":3937370112,"vms":10741063680,"shared":11468800,"text":2322432,"lib":0,"data":9359691776,"dirty":0,"uss":673255424,"pss":2304361472,"swap":0}},"nvidia_draw_absolute":53.81,"nvidia_estimated_attributable_power_draw":53.81,"average_gpu_estimated_utilization_absolute":0.33,"per_gpu_average_estimated_utilization_absolute":{"(0, 18185)":{"sm":33,"mem":10,"enc":0,"dec":0}},"average_gpu_estimated_utilization_relative":1.0,"per_gpu_performance_state":{"0":"P2"},"per_gpu_power_draw":{"0":53.81},"cpu_count_adjusted_average_load":[0.1259375,0.1284375,0.131875],"cpu_freq":[{"current":1753.593,"min":1200.0,"max":3200.0},{"current":2399.906,"min":1200.0,"max":3200.0},{"current":2297.437,"min":1200.0,"max":3200.0},{"current":2399.906,"min":1200.0,"max":3200.0},{"current":1350.937,"min":1200.0,"max":3200.0},{"current":1245.375,"min":1200.0,"max":3200.0},{"current":1382.062,"min":1200.0,"max":3200.0},{"current":2819.812,"min":1200.0,"max":3200.0},{"current":1200.0,"min":1200.0,"max":3200.0},{"current":1295.906,"min":1200.0,"max":3200.0},{"current":1503.187,"min":1200.0,"max":3200.0},{"current":3117.656,"min":1200.0,"max":3200.0},{"current":1200.093,"min":1200.0,"max":3200.0},{"current":1663.687,"min":1200.0,"max":3200.0},{"current":2189.062,"min":1200.0,"max":3200.0},{"current":1202.437,"min":1200.0,"max":3200.0},{"current":1812.468,"min":1200.0,"max":3200.0},{"current":2400.0,"min":1200.0,"max":3200.0},{"current":1586.718,"min":1200.0,"max":3200.0},{"current":2399.906,"min":1200.0,"max":3200.0},{"current":1397.812,"min":1200.0,"max":3200.0},{"current":1410.562,"min":1200.0,"max":3200.0},{"current":1288.687,"min":1200.0,"max":3200.0},{"current":2844.093,"min":1200.0,"max":3200.0},{"current":1230.843,"min":1200.0,"max":3200.0},{"current":1574.437,"min":1200.0,"max":3200.0},{"current":1702.5,"min":1200.0,"max":3200.0},{"current":3070.312,"min":1200.0,"max":3200.0},{"current":1879.968,"min":1200.0,"max":3200.0},{"current":1397.718,"min":1200.0,"max":3200.0},{"current":1885.687,"min":1200.0,"max":3200.0},{"current":1341.937,"min":1200.0,"max":3200.0}],"realtime_carbon_intensity":396.0287013356,"disk_write_speed":40.6731656635,"process_ids":[18185,18244]}
