{"timestamp":1573521822.3687980175,"rapl_power_draw_absolute":65.8296294006,"rapl_estimated_attributable_power_draw":14.2172135341,"cpu_time_seconds":{"19381":{"user":33.26,"system":3.27,"children_user":0.14,"children_system":0.1},"19446":{"user":0.02,"system":0.01,"children_user":0.0,"children_system":0.02}},"average_relative_cpu_utilization":0.2328530204,"absolute_cpu_utilization":0.9837276573,"relative_mem_usage":0.0382380603,"absolute_mem_usage":2920750080.0,"absolute_mem_percent_usage":0.0216192912,"mem_info_per_process":{"19381":{"rss":1939759104,"vms":3953766400,"shared":108826624,"text":2322432,"lib":0,"data":2592612352,"dirty":0,"uss":584007680,"pss":1260328960,"swap":0},"19446":{"rss":1553453056,"vms":3671699456,"shared":4501504,"text":2322432,"lib":0,"data":2310545408,"dirty":0,"uss":200245248,"pss":876168192,"swap":0}},"nvidia_draw_absolute":35.3,"nvidia_estimated_attributable_power_draw":35.3,"average_gpu_estimated_utilization_absolute":0.0233333333,"per_gpu_average_estimated_utilization_absolute":{"(0, 19381)":{"sm":2.3333333333,"mem":0.0,"enc":0.0,"dec":0.0}},"average_gpu_estimated_utilization_relative":1.0,"per_gpu_performance_state":{"0":"P2"},"per_gpu_power_draw":{"0":35.3},"cpu_count_adjusted_average_load":[0.138125,0.1390625,0.1359375],"cpu_freq":[{"current":1221.656,"min":1200.0,"max":3200.0},{"current":1299.937,"min":1200.0,"max":3200.0},{"current":1576.5,"min":1200.0,"max":3200.0},{"current":1800.0,"min":1200.0,"max":3200.0},{"current":1227.656,"min":1200.0,"max":3200.0},{"current":1200.187,"min":1200.0,"max":3200.0},{"current":1724.437,"min":1200.0,"max":3200.0},{"current":2399.906,"min":1200.0,"max":3200.0},{"current":1299.75,"min":1200.0,"max":3200.0},{"current":1467.281,"min":1200.0,"max":3200.0},{"current":3128.343,"min":1200.0,"max":3200.0},{"current":1483.218,"min":1200.0,"max":3200.0},{"current":1288.031,"min":1200.0,"max":3200.0},{"current":1207.968,"min":1200.0,"max":3200.0},{"current":1224.187,"min":1200.0,"max":3200.0},{"current":1200.0,"min":1200.0,"max":3200.0},{"current":1277.437,"min":1200.0,"max":3200.0},{"current":1256.25,"min":1200.0,"max":3200.0},{"current":1398.562,"min":1200.0,"max":3200.0},{"current":1542.281,"min":1200.0,"max":3200.0},{"current":1200.0,"min":1200.0,"max":3200.0},{"current":1235.25,"min":1200.0,"max":3200.0},{"current":2400.0,"min":1200.0,"max":3200.0},{"current":2399.906,"min":1200.0,"max":3200.0},{"current":1300.593,"min":1200.0,"max":3200.0},{"current":1589.156,"min":1200.0,"max":3200.0},{"current":3199.968,"min":1200.0,"max":3200.0},{"current":1455.375,"min":1200.0,"max":3200.0},{"current":1200.281,"min":1200.0,"max":3200.0},{"current":1220.906,"min":1200.0,"max":3200.0},{"current":1299.843,"min":1200.0,"max":3200.0},{"current":1200.093,"min":1200.0,"max":3200.0}],"realtime_carbon_intensity":398.2325810654,"disk_write_speed":47.1170187222,"process_ids":[19381,19446]}
{"timestamp":1573521830.4404759407,"rapl_power_draw_absolute":67.3699150793,"rapl_estimated_attributable_power_draw":15.6628869399,"cpu_time_seconds":{"19381":{"user":39.7,"system":4.75,"children_user":0.14,"children_system":0.1},"19446":{"user":0.27,"system":0.17,"children_user":0.02,"children_system":0.18}},"average_relative_cpu_utilization":0.2421488065,"absolute_cpu_utilization":1.0036104635,"relative_mem_usage":0.127703239,"absolute_mem_usage":10142171136.0,"absolute_mem_percent_usage":0.0750720003,"mem_info_per_process":{"19381":{"rss":4553084928,"vms":13829419008,"shared":558428160,"text":2322432,"lib":0,"data":12259508224,"dirty":0,"uss":3855818752,"pss":4201564160,"swap":0},"19446":{"rss":1560256512,"vms":3671699456,"shared":11292672,"text":2322432,"lib":0,"data":2310545408,"dirty":0,"uss":870354944,"pss":1214433280,"swap":0}},"nvidia_draw_absolute":51.11,"nvidia_estimated_attributable_power_draw":51.11,"average_gpu_estimated_utilization_absolute":0.3366666667,"per_gpu_average_estimated_utilization_absolute":{"(0, 19381)":{"sm":33.6666666667,"mem":7.6666666667,"enc":0.0,"dec":0.0}},"average_gpu_estimated_utilization_relative":1.0,"per_gpu_performance_state":{"0":"P2"},"per_gpu_power_draw":{"0":51.11},"cpu_count_adjusted_average_load":[0.1421875,0.1396875,0.13625],"cpu_freq":[{"current":2399.906,"min":1200.0,"max":3200.0},{"current":1499.906,"min":1200.0,"max":3200.0},{"current":1385.437,"min":1200.0,"max":3200.0},{"current":2399.906,"min":1200.0,"max":3200.0},{"current":1359.187,"min":1200.0,"max":3200.0},{"current":1227.187,"min":1200.0,"max":3200.0},{"current":2399.906,"min":1200.0,"max":3200.0},{"current":1218.468,"min":1200.0,"max":3200.0},{"current":1310.531,"min":1200.0,"max":3200.0},{"current":2100.187,"min":1200.0,"max":3200.0},{"current":3143.531,"min":1200.0,"max":3200.0},{"current":1298.343,"min":1200.0,"max":3200.0},{"current":1200.0,"min":1200.0,"max":3200.0},{"current":1231.218,"min":1200.0,"max":3200.0},{"current":1229.25,"min":1200.0,"max":3200.0},{"current":1214.25,"min":1200.0,"max":3200.0},{"current":2399.906,"min":1200.0,"max":3200.0},{"current":1531.968,"min":1200.0,"max":3200.0},{"current":1399.968,"min":1200.0,"max":3200.0},{"current":2400.0,"min":1200.0,"max":3200.0},{"current":1381.125,"min":1200.0,"max":3200.0},{"current":1293.468,"min":1200.0,"max":3200.0},{"current":2400.0,"min":1200.0,"max":3200.0},{"current":1262.25,"min":1200.0,"max":3200.0},{"current":1337.343,"min":1200.0,"max":3200.0},{"current":2084.343,"min":1200.0,"max":3200.0},{"current":2454.75,"min":1200.0,"max":3200.0},{"current":1200.937,"min":1200.0,"max":3200.0},{"current":1246.125,"min":1200.0,"max":3200.0},{"current":1220.906,"min":1200.0,"max":3200.0},{"current":1299.843,"min":1200.0,"max":3200.0},{"current":1200.375,"min":1200.0,"max":3200.0}],"realtime_carbon_intensity":398.2325810654,"disk_write_speed":36.9328124203,"process_ids":[19381,19446]}
{"timestamp":1573521838.4354350567,"rapl_power_draw_absolute":68.5887704942,"rapl_estimated_attributable_power_draw":16.1083013631,"cpu_time_seconds":{"19381":{"user":47.46,"system":4.98,"children_user":0.14,"children_system":0.1},"19446":{"user":0.44,"system":0.35,"children_user":0.06,"children_system":0.33}},"average_relative_cpu_utilization":0.2450759872,"absolute_cpu_utilization":0.9986225758,"relative_mem_usage":0.127774752,"absolute_mem_usage":10149433344.0,"absolute_mem_percent_usage":0.0751257549,"mem_info_per_process":{"19381":{"rss":4553084928,"vms":13829419008,"shared":558428160,"text":2322432,"lib":0,"data":12259508224,"dirty":0,"uss":3858239488,"pss":4202774528,"swap":0},"19446":{"rss":1560256512,"vms":3671699456,"shared":11292672,"text":2322432,"lib":0,"data":2310545408,"dirty":0,"uss":872775680,"pss":1215643648,"swap":0}},"nvidia_draw_absolute":54.86,"nvidia_estimated_attributable_power_draw":54.86,"average_gpu_estimated_utilization_absolute":0.335,"per_gpu_average_estimated_utilization_absolute":{"(0, 19381)":{"sm":33.5,"mem":8.0,"enc":0.0,"dec":0.0}},"average_gpu_estimated_utilization_relative":1.0,"per_gpu_performance_state":{"0":"P2"},"per_gpu_power_draw":{"0":54.86},"cpu_count_adjusted_average_load":[0.135,0.138125,0.135625],"cpu_freq":[{"current":1299.375,"min":1200.0,"max":3200.0},{"current":2399.906,"min":1200.0,"max":3200.0},{"current":1504.687,"min":1200.0,"max":3200.0},{"current":2400.0,"min":1200.0,"max":3200.0},{"current":1200.468,"min":1200.0,"max":3200.0},{"current":1535.812,"min":1200.0,"max":3200.0},{"current":1783.312,"min":1200.0,"max":3200.0},{"current":1209.468,"min":1200.0,"max":3200.0},{"current":1297.031,"min":1200.0,"max":3200.0},{"current":1200.0,"min":1200.0,"max":3200.0},{"current":3184.968,"min":1200.0,"max":3200.0},{"current":1590.0,"min":1200.0,"max":3200.0},{"current":1200.281,"min":1200.0,"max":3200.0},{"current":1200.187,"min":1200.0,"max":3200.0},{"current":1251.187,"min":1200.0,"max":3200.0},{"current":1218.656,"min":1200.0,"max":3200.0},{"current":1598.531,"min":1200.0,"max":3200.0},{"current":2400.0,"min":1200.0,"max":3200.0},{"current":1698.093,"min":1200.0,"max":3200.0},{"current":1617.468,"min":1200.0,"max":3200.0},{"current":1209.468,"min":1200.0,"max":3200.0},{"current":1287.468,"min":1200.0,"max":3200.0},{"current":1709.156,"min":1200.0,"max":3200.0},{"current":2182.781,"min":1200.0,"max":3200.0},{"current":1210.406,"min":1200.0,"max":3200.0},{"current":1381.125,"min":1200.0,"max":3200.0},{"current":2454.75,"min":1200.0,"max":3200.0},{"current":1581.375,"min":1200.0,"max":3200.0},{"current":1200.656,"min":1200.0,"max":3200.0},{"current":1373.531,"min":1200.0,"max":3200.0},{"current":1329.468,"min":1200.0,"max":3200.0},{"current":1200.187,"min":1200.0,"max":3200.0}],"realtime_carbon_intensity":398.2325810654,"disk_write_speed":19.6502379971,"process_ids":[19381,19446]}
{"timestamp":1573521846.4675049782,"rapl_power_draw_absolute":65.6536545695,"rapl_estimated_attributable_power_draw":15.3351646555,"cpu_time_seconds":{"19381":{"user":55.27,"system":5.2,"children_user":0.14,"children_system":0.1},"19446":{"user":0.57,"system":0.52,"children_user":0.08,"children_system":0.5}},"average_relative_cpu_utilization":0.2424043432,"absolute_cpu_utilization":0.9986331117,"relative_mem_usage":0.1278055092,"absolute_mem_usage":10152886272.0,"absolute_mem_percent_usage":0.0751513133,"mem_info_per_process":{"19381":{"rss":4553084928,"vms":13829419008,"shared":558428160,"text":2322432,"lib":0,"data":12259508224,"dirty":0,"uss":3859390464,"pss":4203350016,"swap":0},"19446":{"rss":1560256512,"vms":3671699456,"shared":11292672,"text":2322432,"lib":0,"data":2310545408,"dirty":0,"uss":873926656,"pss":1216219136,"swap":0}},"nvidia_draw_absolute":53.43,"nvidia_estimated_attributable_power_draw":53.43,"average_gpu_estimated_utilization_absolute":0.34,"per_gpu_average_estimated_utilization_absolute":{"(0, 19381)":{"sm":34,"mem":8,"enc":0,"dec":0}},"average_gpu_estimated_utilization_relative":1.0,"per_gpu_performance_state":{"0":"P2"},"per_gpu_power_draw":{"0":53.43},"cpu_count_adjusted_average_load":[0.1290625,0.136875,0.1353125],"cpu_freq":[{"current":2399.906,"min":1200.0,"max":3200.0},{"current":1801.781,"min":1200.0,"max":3200.0},{"current":1249.875,"min":1200.0,"max":3200.0},{"current":2400.0,"min":1200.0,"max":3200.0},{"current":1204.312,"min":1200.0,"max":3200.0},{"current":1200.843,"min":1200.0,"max":3200.0},{"current":1467.843,"min":1200.0,"max":3200.0},{"current":2399.906,"min":1200.0,"max":3200.0},{"current":1487.718,"min":1200.0,"max":3200.0},{"current":1354.687,"min":1200.0,"max":3200.0},{"current":3071.343,"min":1200.0,"max":3200.0},{"current":1400.062,"min":1200.0,"max":3200.0},{"current":1219.031,"min":1200.0,"max":3200.0},{"current":1365.093,"min":1200.0,"max":3200.0},{"current":1220.156,"min":1200.0,"max":3200.0},{"current":1279.968,"min":1200.0,"max":3200.0},{"current":2400.0,"min":1200.0,"max":3200.0},{"current":2298.0,"min":1200.0,"max":3200.0},{"current":1219.031,"min":1200.0,"max":3200.0},{"current":2399.906,"min":1200.0,"max":3200.0},{"current":1279.781,"min":1200.0,"max":3200.0},{"current":1201.968,"min":1200.0,"max":3200.0},{"current":2399.906,"min":1200.0,"max":3200.0},{"current":2400.0,"min":1200.0,"max":3200.0},{"current":1280.343,"min":1200.0,"max":3200.0},{"current":1417.875,"min":1200.0,"max":3200.0},{"current":3130.031,"min":1200.0,"max":3200.0},{"current":1398.093,"min":1200.0,"max":3200.0},{"current":1299.187,"min":1200.0,"max":3200.0},{"current":1369.687,"min":1200.0,"max":3200.0},{"current":1248.937,"min":1200.0,"max":3200.0},{"current":1275.093,"min":1200.0,"max":3200.0}],"realtime_carbon_intensity":398.2325810654,"disk_write_speed":35.820143646,"process_ids":[19381,19446]}
{"timestamp":1573521854.458728075,"rapl_power_draw_absolute":66.5689493992,"rapl_estimated_attributable_power_draw":15.1518801424,"cpu_time_seconds":{"19381":{"user":63.03,"system":5.44,"children_user":0.14,"children_system":0.1},"19446":{"user":0.76,"system":0.69,"children_user":0.09,"children_system":0.67}},"average_relative_cpu_utilization":0.2358315276,"absolute_cpu_utilization":0.9986204601,"relative_mem_usage":0.1278221659,"absolute_mem_usage":10155012096.0,"absolute_mem_percent_usage":0.0751670486,"mem_info_per_process":{"19381":{"rss":4553084928,"vms":13829419008,"shared":558428160,"text":2322432,"lib":0,"data":12259508224,"dirty":0,"uss":3860099072,"pss":4203704320,"swap":0},"19446":{"rss":1560256512,"vms":3671699456,"shared":11292672,"text":2322432,"lib":0,"data":2310545408,"dirty":0,"uss":874635264,"pss":1216573440,"swap":0}},"nvidia_draw_absolute":54.82,"nvidia_estimated_attributable_power_draw":54.82,"average_gpu_estimated_utilization_absolute":0.335,"per_gpu_average_estimated_utilization_absolute":{"(0, 19381)":{"sm":33.5,"mem":8.0,"enc":0.0,"dec":0.0}},"average_gpu_estimated_utilization_relative":1.0,"per_gpu_performance_state":{"0":"P2"},"per_gpu_power_draw":{"0":54.82},"cpu_count_adjusted_average_load":[0.1309375,0.1371875,0.1353125],"cpu_freq":[{"current":1207.218,"min":1200.0,"max":3200.0},{"current":2399.906,"min":1200.0,"max":3200.0},{"current":1697.25,"min":1200.0,"max":3200.0},{"current":1407.75,"min":1200.0,"max":3200.0},{"current":1227.937,"min":1200.0,"max":3200.0},{"current":1427.156,"min":1200.0,"max":3200.0},{"current":1299.562,"min":1200.0,"max":3200.0},{"current":1542.937,"min":1200.0,"max":3200.0},{"current":1385.718,"min":1200.0,"max":3200.0},{"current":1377.187,"min":1200.0,"max":3200.0},{"current":3153.0,"min":1200.0,"max":3200.0},{"current":1994.906,"min":1200.0,"max":3200.0},{"current":1200.187,"min":1200.0,"max":3200.0},{"current":1200.0,"min":1200.0,"max":3200.0},{"current":1347.562,"min":1200.0,"max":3200.0},{"current":1273.5,"min":1200.0,"max":3200.0},{"current":1211.437,"min":1200.0,"max":3200.0},{"current":2400.0,"min":1200.0,"max":3200.0},{"current":2397.093,"min":1200.0,"max":3200.0},{"current":1499.718,"min":1200.0,"max":3200.0},{"current":1201.875,"min":1200.0,"max":3200.0},{"current":1499.343,"min":1200.0,"max":3200.0},{"current":1225.406,"min":1200.0,"max":3200.0},{"current":1211.343,"min":1200.0,"max":3200.0},{"current":1204.125,"min":1200.0,"max":3200.0},{"current":1601.343,"min":1200.0,"max":3200.0},{"current":3130.031,"min":1200.0,"max":3200.0},{"current":1994.156,"min":1200.0,"max":3200.0},{"current":1364.718,"min":1200.0,"max":3200.0},{"current":1205.625,"min":1200.0,"max":3200.0},{"current":1321.5,"min":1200.0,"max":3200.0},{"current":1284.843,"min":1200.0,"max":3200.0}],"realtime_carbon_intensity":398.2325810654,"disk_write_speed":38.024735829,"process_ids":[19381,19446]}
{"timestamp":1573521862.4919381142,"rapl_power_draw_absolute":69.1304111518,"rapl_estimated_attributable_power_draw":15.6802823174,"cpu_time_seconds":{"19381":{"user":70.81,"system":5.7,"children_user":0.14,"children_system":0.1},"19446":{"user":0.93,"system":0.85,"children_user":0.11,"children_system":0.83}},"average_relative_cpu_utilization":0.2372873764,"absolute_cpu_utilization":1.0036242686,"relative_mem_usage":0.1278264296,"absolute_mem_usage":10156425216.0,"absolute_mem_percent_usage":0.0751775085,"mem_info_per_process":{"19381":{"rss":4553084928,"vms":13829419008,"shared":558428160,"text":2322432,"lib":0,"data":12259508224,"dirty":0,"uss":3860570112,"pss":4203939840,"swap":0},"19446":{"rss":1560256512,"vms":3671699456,"shared":11292672,"text":2322432,"lib":0,"data":2310545408,"dirty":0,"uss":875106304,"pss":1216808960,"swap":0}},"nvidia_draw_absolute":50.55,"nvidia_estimated_attributable_power_draw":50.55,"average_gpu_estimated_utilization_absolute":0.34,"per_gpu_average_estimated_utilization_absolute":{"(0, 19381)":{"sm":34,"mem":8,"enc":0,"dec":0}},"average_gpu_estimated_utilization_relative":1.0,"per_gpu_performance_state":{"0":"P2"},"per_gpu_power_draw":{"0":50.55},"cpu_count_adjusted_average_load":[0.145,0.1396875,0.13625],"cpu_freq":[{"current":2395.687,"min":1200.0,"max":3200.0},{"current":1200.0,"min":1200.0,"max":3200.0},{"current":1399.968,"min":1200.0,"max":3200.0},{"current":1899.937,"min":1200.0,"max":3200.0},{"current":1210.031,"min":1200.0,"max":3200.0},{"current":1384.218,"min":1200.0,"max":3200.0},{"current":2399.906,"min":1200.0,"max":3200.0},{"current":2400.0,"min":1200.0,"max":3200.0},{"current":1484.156,"min":1200.0,"max":3200.0},{"current":1993.5,"min":1200.0,"max":3200.0},{"current":3124.218,"min":1200.0,"max":3200.0},{"current":1298.156,"min":1200.0,"max":3200.0},{"current":1200.093,"min":1200.0,"max":3200.0},{"current":1200.937,"min":1200.0,"max":3200.0},{"current":1348.781,"min":1200.0,"max":3200.0},{"current":1236.0,"min":1200.0,"max":3200.0},{"current":2266.406,"min":1200.0,"max":3200.0},{"current":1201.781,"min":1200.0,"max":3200.0},{"current":1214.718,"min":1200.0,"max":3200.0},{"current":1913.718,"min":1200.0,"max":3200.0},{"current":1299.937,"min":1200.0,"max":3200.0},{"current":1419.75,"min":1200.0,"max":3200.0},{"current":2076.375,"min":1200.0,"max":3200.0},{"current":2092.593,"min":1200.0,"max":3200.0},{"current":1387.125,"min":1200.0,"max":3200.0},{"current":1962.0,"min":1200.0,"max":3200.0},{"current":3146.718,"min":1200.0,"max":3200.0},{"current":1250.25,"min":1200.0,"max":3200.0},{"current":1254.468,"min":1200.0,"max":3200.0},{"current":1206.0,"min":1200.0,"max":3200.0},{"current":1428.75,"min":1200.0,"max":3200.0},{"current":1300.031,"min":1200.0,"max":3200.0}],"realtime_carbon_intensity":398.2325810654,"disk_write_speed":49.7820147317,"process_ids":[19381,19446]}
{"timestamp":1573521870.4878261089,"rapl_power_draw_absolute":68.2746972858,"rapl_estimated_attributable_power_draw":15.5169385385,"cpu_time_seconds":{"19381":{"user":78.61,"system":5.9,"children_user":0.14,"children_system":0.1},"19446":{"user":1.12,"system":1.05,"children_user":0.12,"children_system":1.01}},"average_relative_cpu_utilization":0.2369503061,"absolute_cpu_utilization":0.9986796438,"relative_mem_usage":0.1278505779,"absolute_mem_usage":10157598720.0,"absolute_mem_percent_usage":0.0751861947,"mem_info_per_process":{"19381":{"rss":4553084928,"vms":13829419008,"shared":558428160,"text":2322432,"lib":0,"data":12259508224,"dirty":0,"uss":3860955136,"pss":4204152832,"swap":0},"19446":{"rss":1560256512,"vms":3671699456,"shared":11292672,"text":2322432,"lib":0,"data":2310545408,"dirty":0,"uss":875487232,"pss":1217003520,"swap":0}},"nvidia_draw_absolute":57.48,"nvidia_estimated_attributable_power_draw":57.48,"average_gpu_estimated_utilization_absolute":0.3333333333,"per_gpu_average_estimated_utilization_absolute":{"(0, 19381)":{"sm":33.3333333333,"mem":7.6666666667,"enc":0.0,"dec":0.0}},"average_gpu_estimated_utilization_relative":1.0,"per_gpu_performance_state":{"0":"P2"},"per_gpu_power_draw":{"0":57.48},"cpu_count_adjusted_average_load":[0.1434375,0.1396875,0.13625],"cpu_freq":[{"current":2380.968,"min":1200.0,"max":3200.0},{"current":2399.906,"min":1200.0,"max":3200.0},{"current":2399.906,"min":1200.0,"max":3200.0},{"current":2399.906,"min":1200.0,"max":3200.0},{"current":1294.031,"min":1200.0,"max":3200.0},{"current":1253.343,"min":1200.0,"max":3200.0},{"current":1759.875,"min":1200.0,"max":3200.0},{"current":2400.0,"min":1200.0,"max":3200.0},{"current":1352.625,"min":1200.0,"max":3200.0},{"current":1300.125,"min":1200.0,"max":3200.0},{"current":3170.25,"min":1200.0,"max":3200.0},{"current":1744.781,"min":1200.0,"max":3200.0},{"current":1200.187,"min":1200.0,"max":3200.0},{"current":1221.281,"min":1200.0,"max":3200.0},{"current":1200.093,"min":1200.0,"max":3200.0},{"current":1200.093,"min":1200.0,"max":3200.0},{"current":2368.125,"min":1200.0,"max":3200.0},{"current":2400.0,"min":1200.0,"max":3200.0},{"current":2363.156,"min":1200.0,"max":3200.0},{"current":2399.906,"min":1200.0,"max":3200.0},{"current":1285.031,"min":1200.0,"max":3200.0},{"current":1210.781,"min":1200.0,"max":3200.0},{"current":1800.093,"min":1200.0,"max":3200.0},{"current":2400.093,"min":1200.0,"max":3200.0},{"current":1228.218,"min":1200.0,"max":3200.0},{"current":1259.531,"min":1200.0,"max":3200.0},{"current":3146.718,"min":1200.0,"max":3200.0},{"current":2098.125,"min":1200.0,"max":3200.0},{"current":1204.687,"min":1200.0,"max":3200.0},{"current":1204.593,"min":1200.0,"max":3200.0},{"current":1206.187,"min":1200.0,"max":3200.0},{"current":1200.187,"min":1200.0,"max":3200.0}],"realtime_carbon_intensity":398.2325810654,"disk_write_speed":45.7160628614,"process_ids":[19381,19446]}
{"timestamp":1573521878.498404026,"rapl_power_draw_absolute":66.9951459845,"rapl_estimated_attributable_power_draw":15.3845367058,"cpu_time_seconds":{"19381":{"user":86.32,"system":6.2,"children_user":0.14,"children_system":0.1},"19446":{"user":1.29,"system":1.26,"children_user":0.14,"children_system":1.16}},"average_relative_cpu_utilization":0.2383598735,"absolute_cpu_utilization":0.9986545781,"relative_mem_usage":0.1278480535,"absolute_mem_usage":10158127104.0,"absolute_mem_percent_usage":0.0751901058,"mem_info_per_process":{"19381":{"rss":4553084928,"vms":13829419008,"shared":558428160,"text":2322432,"lib":0,"data":12259508224,"dirty":0,"uss":3861131264,"pss":4204240896,"swap":0},"19446":{"rss":1560256512,"vms":3671699456,"shared":11292672,"text":2322432,"lib":0,"data":2310545408,"dirty":0,"uss":875663360,"pss":1217091584,"swap":0}},"nvidia_draw_absolute":50.74,"nvidia_estimated_attributable_power_draw":50.74,"average_gpu_estimated_utilization_absolute":0.34,"per_gpu_average_estimated_utilization_absolute":{"(0, 19381)":{"sm":34,"mem":8,"enc":0,"dec":0}},"average_gpu_estimated_utilization_relative":1.0,"per_gpu_performance_state":{"0":"P2"},"per_gpu_power_draw":{"0":50.74},"cpu_count_adjusted_average_load":[0.148125,0.140625,0.1365625],"cpu_freq":[{"current":2399.906,"min":1200.0,"max":3200.0},{"current":2399.906,"min":1200.0,"max":3200.0},{"current":2400.0,"min":1200.0,"max":3200.0},{"current":1209.187,"min":1200.0,"max":3200.0},{"current":1201.312,"min":1200.0,"max":3200.0},{"current":1200.093,"min":1200.0,"max":3200.0},{"current":1199.906,"min":1200.0,"max":3200.0},{"current":1199.906,"min":1200.0,"max":3200.0},{"current":2097.656,"min":1200.0,"max":3200.0},{"current":1278.375,"min":1200.0,"max":3200.0},{"current":3149.437,"min":1200.0,"max":3200.0},{"current":1351.406,"min":1200.0,"max":3200.0},{"current":1247.906,"min":1200.0,"max":3200.0},{"current":1200.0,"min":1200.0,"max":3200.0},{"current":1200.093,"min":1200.0,"max":3200.0},{"current":1295.906,"min":1200.0,"max":3200.0},{"current":2022.093,"min":1200.0,"max":3200.0},{"current":2399.906,"min":1200.0,"max":3200.0},{"current":2400.0,"min":1200.0,"max":3200.0},{"current":1372.312,"min":1200.0,"max":3200.0},{"current":1200.0,"min":1200.0,"max":3200.0},{"current":1297.406,"min":1200.0,"max":3200.0},{"current":1200.0,"min":1200.0,"max":3200.0},{"current":1299.937,"min":1200.0,"max":3200.0},{"current":1995.281,"min":1200.0,"max":3200.0},{"current":1200.562,"min":1200.0,"max":3200.0},{"current":3183.656,"min":1200.0,"max":3200.0},{"current":1375.968,"min":1200.0,"max":3200.0},{"current":1286.343,"min":1200.0,"max":3200.0},{"current":1204.593,"min":1200.0,"max":3200.0},{"current":1206.187,"min":1200.0,"max":3200.0},{"current":1299.187,"min":1200.0,"max":3200.0}],"realtime_carbon_intensity":398.2325810654,"disk_write_speed":42.8406887404,"process_ids":[19381,19446]}
{"timestamp":1573521886.5048489571,"rapl_power_draw_absolute":66.2414264682,"rapl_estimated_attributable_power_draw":15.7457960249,"cpu_time_seconds":{"19381":{"user":94.08,"system":6.46,"children_user":0.14,"children_system":0.1},"19446":{"user":1.51,"system":1.45,"children_user":0.18,"children_system":1.3}},"average_relative_cpu_utilization":0.2472218591,"absolute_cpu_utilization":1.0085876734,"relative_mem_usage":0.1278474999,"absolute_mem_usage":10158839808.0,"absolute_mem_percent_usage":0.0751953812,"mem_info_per_process":{"19381":{"rss":4553084928,"vms":13829419008,"shared":558428160,"text":2322432,"lib":0,"data":12259508224,"dirty":0,"uss":3861368832,"pss":4204359680,"swap":0},"19446":{"rss":1560256512,"vms":3671699456,"shared":11292672,"text":2322432,"lib":0,"data":2310545408,"dirty":0,"uss":875900928,"pss":1217210368,"swap":0}},"nvidia_draw_absolute":57.06,"nvidia_estimated_attributable_power_draw":57.06,"average_gpu_estimated_utilization_absolute":0.335,"per_gpu_average_estimated_utilization_absolute":{"(0, 19381)":{"sm":33.5,"mem":8.0,"enc":0.0,"dec":0.0}},"average_gpu_estimated_utilization_relative":1.0,"per_gpu_performance_state":{"0":"P2"},"per_gpu_power_draw":{"0":57.06},"cpu_count_adjusted_average_load":[0.14875,0.1409375,0.1365625],"cpu_freq":[{"current":1297.687,"min":1200.0,"max":3200.0},{"current":1695.75,"min":1200.0,"max":3200.0},{"current":1985.531,"min":1200.0,"max":3200.0},{"current":1888.968,"min":1200.0,"max":3200.0},{"current":1258.968,"min":1200.0,"max":3200.0},{"current":1246.968,"min":1200.0,"max":3200.0},{"current":2400.0,"min":1200.0,"max":3200.0},{"current":2381.625,"min":1200.0,"max":3200.0},{"current":1273.593,"min":1200.0,"max":3200.0},{"current":1382.343,"min":1200.0,"max":3200.0},{"current":3103.312,"min":1200.0,"max":3200.0},{"current":1297.968,"min":1200.0,"max":3200.0},{"current":1213.218,"min":1200.0,"max":3200.0},{"current":1203.843,"min":1200.0,"max":3200.0},{"current":1200.187,"min":1200.0,"max":3200.0},{"current":1212.562,"min":1200.0,"max":3200.0},{"current":1216.312,"min":1200.0,"max":3200.0},{"current":1717.218,"min":1200.0,"max":3200.0},{"current":1999.968,"min":1200.0,"max":3200.0},{"current":1797.281,"min":1200.0,"max":3200.0},{"current":1206.562,"min":1200.0,"max":3200.0},{"current":1297.406,"min":1200.0,"max":3200.0},{"current":2400.0,"min":1200.0,"max":3200.0},{"current":2371.218,"min":1200.0,"max":3200.0},{"current":1231.031,"min":1200.0,"max":3200.0},{"current":1207.5,"min":1200.0,"max":3200.0},{"current":3183.656,"min":1200.0,"max":3200.0},{"current":1381.031,"min":1200.0,"max":3200.0},{"current":1286.343,"min":1200.0,"max":3200.0},{"current":1214.156,"min":1200.0,"max":3200.0},{"current":1251.0,"min":1200.0,"max":3200.0},{"current":1298.343,"min":1200.0,"max":3200.0}],"realtime_carbon_intensity":398.2325810654,"disk_write_speed":32.9704880232,"process_ids":[19381,19446]}
{"timestamp":1573521894.571901083,"rapl_power_draw_absolute":66.5275907271,"rapl_estimated_attributable_power_draw":15.4801807761,"cpu_time_seconds":{"19381":{"user":101.86,"system":6.74,"children_user":0.14,"children_system":0.1},"19446":{"user":1.72,"system":1.62,"children_user":0.2,"children_system":1.47}},"average_relative_cpu_utilization":0.24269692,"absolute_cpu_utilization":0.9990088714,"relative_mem_usage":0.1278421237,"absolute_mem_usage":10159319040.0,"absolute_mem_percent_usage":0.0751989284,"mem_info_per_process":{"19381":{"rss":4553084928,"vms":13829419008,"shared":558428160,"text":2322432,"lib":0,"data":12259508224,"dirty":0,"uss":3861528576,"pss":4204439552,"swap":0},"19446":{"rss":1560256512,"vms":3671699456,"shared":11292672,"text":2322432,"lib":0,"data":2310545408,"dirty":0,"uss":876060672,"pss":1217290240,"swap":0}},"nvidia_draw_absolute":55.83,"nvidia_estimated_attributable_power_draw":55.83,"average_gpu_estimated_utilization_absolute":0.34,"per_gpu_average_estimated_utilization_absolute":{"(0, 19381)":{"sm":34,"mem":8,"enc":0,"dec":0}},"average_gpu_estimated_utilization_relative":1.0,"per_gpu_performance_state":{"0":"P2"},"per_gpu_power_draw":{"0":55.83},"cpu_count_adjusted_average_load":[0.145,0.1403125,0.1365625],"cpu_freq":[{"current":1287.375,"min":1200.0,"max":3200.0},{"current":2297.156,"min":1200.0,"max":3200.0},{"current":1397.156,"min":1200.0,"max":3200.0},{"current":2356.687,"min":1200.0,"max":3200.0},{"current":1249.968,"min":1200.0,"max":3200.0},{"current":1252.968,"min":1200.0,"max":3200.0},{"current":1699.968,"min":1200.0,"max":3200.0},{"current":2397.843,"min":1200.0,"max":3200.0},{"current":1220.062,"min":1200.0,"max":3200.0},{"current":1200.093,"min":1200.0,"max":3200.0},{"current":3035.812,"min":1200.0,"max":3200.0},{"current":1797.281,"min":1200.0,"max":3200.0},{"current":1216.031,"min":1200.0,"max":3200.0},{"current":1200.187,"min":1200.0,"max":3200.0},{"current":1200.187,"min":1200.0,"max":3200.0},{"current":1282.875,"min":1200.0,"max":3200.0},{"current":1276.031,"min":1200.0,"max":3200.0},{"current":2400.0,"min":1200.0,"max":3200.0},{"current":1497.468,"min":1200.0,"max":3200.0},{"current":2399.906,"min":1200.0,"max":3200.0},{"current":1283.062,"min":1200.0,"max":3200.0},{"current":1214.906,"min":1200.0,"max":3200.0},{"current":1597.406,"min":1200.0,"max":3200.0},{"current":2192.437,"min":1200.0,"max":3200.0},{"current":1395.843,"min":1200.0,"max":3200.0},{"current":1660.687,"min":1200.0,"max":3200.0},{"current":3089.25,"min":1200.0,"max":3200.0},{"current":1761.281,"min":1200.0,"max":3200.0},{"current":1246.593,"min":1200.0,"max":3200.0},{"current":1214.156,"min":1200.0,"max":3200.0},{"current":1251.0,"min":1200.0,"max":3200.0},{"current":1200.187,"min":1200.0,"max":3200.0}],"realtime_carbon_intensity":398.2325810654,"disk_write_speed":50.4436484206,"process_ids":[19381,19446]}
{"timestamp":1573521902.5856339931,"rapl_power_draw_absolute":66.7676623201,"rapl_estimated_attributable_power_draw":15.4963378252,"cpu_time_seconds":{"19381":{"user":109.57,"system":7.05,"children_user":0.14,"children_system":0.1},"19446":{"user":1.88,"system":1.82,"children_user":0.21,"children_system":1.65}},"average_relative_cpu_utilization":0.2409794689,"absolute_cpu_utilization":1.0035723881,"relative_mem_usage":0.1278365984,"absolute_mem_usage":10159908864.0,"absolute_mem_percent_usage":0.0752032943,"mem_info_per_process":{"19381":{"rss":4553089024,"vms":13829419008,"shared":558428160,"text":2322432,"lib":0,"data":12259508224,"dirty":0,"uss":3861725184,"pss":4204537856,"swap":0},"19446":{"rss":1560256512,"vms":3671699456,"shared":11292672,"text":2322432,"lib":0,"data":2310545408,"dirty":0,"uss":876257280,"pss":1217388544,"swap":0}},"nvidia_draw_absolute":52.08,"nvidia_estimated_attributable_power_draw":52.08,"average_gpu_estimated_utilization_absolute":0.34,"per_gpu_average_estimated_utilization_absolute":{"(0, 19381)":{"sm":34,"mem":8,"enc":0,"dec":0}},"average_gpu_estimated_utilization_relative":1.0,"per_gpu_performance_state":{"0":"P2"},"per_gpu_power_draw":{"0":52.08},"cpu_count_adjusted_average_load":[0.1371875,0.13875,0.1359375],"cpu_freq":[{"current":2399.906,"min":1200.0,"max":3200.0},{"current":1899.937,"min":1200.0,"max":3200.0},{"current":1399.968,"min":1200.0,"max":3200.0},{"current":1206.281,"min":1200.0,"max":3200.0},{"current":1216.218,"min":1200.0,"max":3200.0},{"current":1202.343,"min":1200.0,"max":3200.0},{"current":2400.0,"min":1200.0,"max":3200.0},{"current":1457.25,"min":1200.0,"max":3200.0},{"current":1200.0,"min":1200.0,"max":3200.0},{"current":1911.562,"min":1200.0,"max":3200.0},{"current":3177.656,"min":1200.0,"max":3200.0},{"current":1524.187,"min":1200.0,"max":3200.0},{"current":1200.281,"min":1200.0,"max":3200.0},{"current":1200.187,"min":1200.0,"max":3200.0},{"current":1200.187,"min":1200.0,"max":3200.0},{"current":1226.625,"min":1200.0,"max":3200.0},{"current":2400.0,"min":1200.0,"max":3200.0},{"current":2384.062,"min":1200.0,"max":3200.0},{"current":1443.656,"min":1200.0,"max":3200.0},{"current":1549.781,"min":1200.0,"max":3200.0},{"current":1200.0,"min":1200.0,"max":3200.0},{"current":1214.906,"min":1200.0,"max":3200.0},{"current":2397.375,"min":1200.0,"max":3200.0},{"current":2095.687,"min":1200.0,"max":3200.0},{"current":1252.781,"min":1200.0,"max":3200.0},{"current":1989.093,"min":1200.0,"max":3200.0},{"current":3089.25,"min":1200.0,"max":3200.0},{"current":1479.187,"min":1200.0,"max":3200.0},{"current":1443.562,"min":1200.0,"max":3200.0},{"current":1206.937,"min":1200.0,"max":3200.0},{"current":1229.812,"min":1200.0,"max":3200.0},{"current":1283.25,"min":1200.0,"max":3200.0}],"realtime_carbon_intensity":398.2325810654,"disk_write_speed":53.869496393,"process_ids":[19381,19446]}
{"timestamp":1573521910.5970730782,"rapl_power_draw_absolute":66.3117375476,"rapl_estimated_attributable_power_draw":15.4068796557,"cpu_time_seconds":{"19381":{"user":117.32,"system":7.31,"children_user":0.14,"children_system":0.1},"19446":{"user":2.11,"system":1.98,"children_user":0.22,"children_system":1.82}},"average_relative_cpu_utilization":0.2409426768,"absolute_cpu_utilization":0.9986345718,"relative_mem_usage":0.1278342853,"absolute_mem_usage":10160326656.0,"absolute_mem_percent_usage":0.0752063868,"mem_info_per_process":{"19381":{"rss":4553089024,"vms":13829419008,"shared":558428160,"text":2322432,"lib":0,"data":12259508224,"dirty":0,"uss":3861864448,"pss":4204607488,"swap":0},"19446":{"rss":1560256512,"vms":3671699456,"shared":11292672,"text":2322432,"lib":0,"data":2310545408,"dirty":0,"uss":876396544,"pss":1217458176,"swap":0}},"nvidia_draw_absolute":54.38,"nvidia_estimated_attributable_power_draw":54.38,"average_gpu_estimated_utilization_absolute":0.34,"per_gpu_average_estimated_utilization_absolute":{"(0, 19381)":{"sm":34,"mem":8,"enc":0,"dec":0}},"average_gpu_estimated_utilization_relative":1.0,"per_gpu_performance_state":{"0":"P2"},"per_gpu_power_draw":{"0":54.38},"cpu_count_adjusted_average_load":[0.1334375,0.138125,0.1359375],"cpu_freq":[{"current":1308.281,"min":1200.0,"max":3200.0},{"current":2399.906,"min":1200.0,"max":3200.0},{"current":2399.906,"min":1200.0,"max":3200.0},{"current":1467.656,"min":1200.0,"max":3200.0},{"current":1224.093,"min":1200.0,"max":3200.0},{"current":1201.968,"min":1200.0,"max":3200.0},{"current":1350.468,"min":1200.0,"max":3200.0},{"current":1344.375,"min":1200.0,"max":3200.0},{"current":1299.937,"min":1200.0,"max":3200.0},{"current":1295.156,"min":1200.0,"max":3200.0},{"current":3177.562,"min":1200.0,"max":3200.0},{"current":1694.156,"min":1200.0,"max":3200.0},{"current":1200.093,"min":1200.0,"max":3200.0},{"current":1200.093,"min":1200.0,"max":3200.0},{"current":1200.093,"min":1200.0,"max":3200.0},{"current":1200.093,"min":1200.0,"max":3200.0},{"current":1298.062,"min":1200.0,"max":3200.0},{"current":1897.875,"min":1200.0,"max":3200.0},{"current":2400.0,"min":1200.0,"max":3200.0},{"current":1495.875,"min":1200.0,"max":3200.0},{"current":1478.812,"min":1200.0,"max":3200.0},{"current":1225.781,"min":1200.0,"max":3200.0},{"current":1499.531,"min":1200.0,"max":3200.0},{"current":1287.0,"min":1200.0,"max":3200.0},{"current":1257.937,"min":1200.0,"max":3200.0},{"current":1311.562,"min":1200.0,"max":3200.0},{"current":3172.875,"min":1200.0,"max":3200.0},{"current":1400.718,"min":1200.0,"max":3200.0},{"current":1229.812,"min":1200.0,"max":3200.0},{"current":1206.937,"min":1200.0,"max":3200.0},{"current":1229.25,"min":1200.0,"max":3200.0},{"current":1219.593,"min":1200.0,"max":3200.0}],"realtime_carbon_intensity":398.2325810654,"disk_write_speed":44.533968181,"process_ids":[19381,19446]}
{"timestamp":1573521918.6082470417,"rapl_power_draw_absolute":65.8715847117,"rapl_estimated_attributable_power_draw":15.2636674016,"cpu_time_seconds":{"19381":{"user":125.06,"system":7.59,"children_user":0.14,"children_system":0.1},"19446":{"user":2.32,"system":2.17,"children_user":0.23,"children_system":2.0}},"average_relative_cpu_utilization":0.2403658322,"absolute_cpu_utilization":0.9986472572,"relative_mem_usage":0.1278250461,"absolute_mem_usage":10160547840.0,"absolute_mem_percent_usage":0.075208024,"mem_info_per_process":{"19381":{"rss":4553089024,"vms":13829419008,"shared":558428160,"text":2322432,"lib":0,"data":12259508224,"dirty":0,"uss":3861938176,"pss":4204644352,"swap":0},"19446":{"rss":1560256512,"vms":3671699456,"shared":11292672,"text":2322432,"lib":0,"data":2310545408,"dirty":0,"uss":876470272,"pss":1217495040,"swap":0}},"nvidia_draw_absolute":55.15,"nvidia_estimated_attributable_power_draw":55.15,"average_gpu_estimated_utilization_absolute":0.34,"per_gpu_average_estimated_utilization_absolute":{"(0, 19381)":{"sm":34,"mem":8,"enc":0,"dec":0}},"average_gpu_estimated_utilization_relative":1.0,"per_gpu_performance_state":{"0":"P2"},"per_gpu_power_draw":{"0":55.15},"cpu_count_adjusted_average_load":[0.1296875,0.1371875,0.135625],"cpu_freq":[{"current":1795.593,"min":1200.0,"max":3200.0},{"current":2399.812,"min":1200.0,"max":3200.0},{"current":1484.437,"min":1200.0,"max":3200.0},{"current":1482.656,"min":1200.0,"max":3200.0},{"current":1305.0,"min":1200.0,"max":3200.0},{"current":1266.562,"min":1200.0,"max":3200.0},{"current":2399.906,"min":1200.0,"max":3200.0},{"current":2399.906,"min":1200.0,"max":3200.0},{"current":1298.437,"min":1200.0,"max":3200.0},{"current":1399.218,"min":1200.0,"max":3200.0},{"current":3116.156,"min":1200.0,"max":3200.0},{"current":1638.375,"min":1200.0,"max":3200.0},{"current":1200.187,"min":1200.0,"max":3200.0},{"current":1261.312,"min":1200.0,"max":3200.0},{"current":1225.406,"min":1200.0,"max":3200.0},{"current":1247.906,"min":1200.0,"max":3200.0},{"current":1897.593,"min":1200.0,"max":3200.0},{"current":2400.0,"min":1200.0,"max":3200.0},{"current":1199.906,"min":1200.0,"max":3200.0},{"current":1202.25,"min":1200.0,"max":3200.0},{"current":1292.906,"min":1200.0,"max":3200.0},{"current":1225.781,"min":1200.0,"max":3200.0},{"current":2400.0,"min":1200.0,"max":3200.0},{"current":2400.0,"min":1200.0,"max":3200.0},{"current":1232.625,"min":1200.0,"max":3200.0},{"current":1200.375,"min":1200.0,"max":3200.0},{"current":3172.875,"min":1200.0,"max":3200.0},{"current":1760.906,"min":1200.0,"max":3200.0},{"current":1229.812,"min":1200.0,"max":3200.0},{"current":1231.875,"min":1200.0,"max":3200.0},{"current":1235.718,"min":1200.0,"max":3200.0},{"current":1200.093,"min":1200.0,"max":3200.0}],"realtime_carbon_intensity":398.2325810654,"disk_write_speed":47.7312495258,"process_ids":[19381,19446]}
{"timestamp":1573521926.5891730785,"rapl_power_draw_absolute":66.0733872721,"rapl_estimated_attributable_power_draw":15.4248611529,"cpu_time_seconds":{"19381":{"user":132.84,"system":7.8,"children_user":0.14,"children_system":0.1},"19446":{"user":2.55,"system":2.35,"children_user":0.24,"children_system":2.15}},"average_relative_cpu_utilization":0.2421478244,"absolute_cpu_utilization":1.0036170272,"relative_mem_usage":0.12781755,"absolute_mem_usage":10160805888.0,"absolute_mem_percent_usage":0.075209934,"mem_info_per_process":{"19381":{"rss":4553089024,"vms":13829419008,"shared":558428160,"text":2322432,"lib":0,"data":12259508224,"dirty":0,"uss":3862024192,"pss":4204687360,"swap":0},"19446":{"rss":1560256512,"vms":3671699456,"shared":11292672,"text":2322432,"lib":0,"data":2310545408,"dirty":0,"uss":876556288,"pss":1217538048,"swap":0}},"nvidia_draw_absolute":56.98,"nvidia_estimated_attributable_power_draw":56.98,"average_gpu_estimated_utilization_absolute":0.335,"per_gpu_average_estimated_utilization_absolute":{"(0, 19381)":{"sm":33.5,"mem":8.0,"enc":0.0,"dec":0.0}},"average_gpu_estimated_utilization_relative":1.0,"per_gpu_performance_state":{"0":"P2"},"per_gpu_power_draw":{"0":56.98},"cpu_count_adjusted_average_load":[0.136875,0.1384375,0.1359375],"cpu_freq":[{"current":1299.843,"min":1200.0,"max":3200.0},{"current":2203.125,"min":1200.0,"max":3200.0},{"current":1396.593,"min":1200.0,"max":3200.0},{"current":1200.843,"min":1200.0,"max":3200.0},{"current":1414.5,"min":1200.0,"max":3200.0},{"current":1201.031,"min":1200.0,"max":3200.0},{"current":1460.718,"min":1200.0,"max":3200.0},{"current":2295.375,"min":1200.0,"max":3200.0},{"current":2184.937,"min":1200.0,"max":3200.0},{"current":1200.375,"min":1200.0,"max":3200.0},{"current":3140.531,"min":1200.0,"max":3200.0},{"current":1298.812,"min":1200.0,"max":3200.0},{"current":1200.187,"min":1200.0,"max":3200.0},{"current":1245.937,"min":1200.0,"max":3200.0},{"current":1200.187,"min":1200.0,"max":3200.0},{"current":1200.093,"min":1200.0,"max":3200.0},{"current":1299.937,"min":1200.0,"max":3200.0},{"current":2400.0,"min":1200.0,"max":3200.0},{"current":2399.625,"min":1200.0,"max":3200.0},{"current":1252.218,"min":1200.0,"max":3200.0},{"current":1383.843,"min":1200.0,"max":3200.0},{"current":1220.812,"min":1200.0,"max":3200.0},{"current":1597.312,"min":1200.0,"max":3200.0},{"current":2399.906,"min":1200.0,"max":3200.0},{"current":1701.0,"min":1200.0,"max":3200.0},{"current":1513.593,"min":1200.0,"max":3200.0},{"current":3199.968,"min":1200.0,"max":3200.0},{"current":1298.718,"min":1200.0,"max":3200.0},{"current":1209.75,"min":1200.0,"max":3200.0},{"current":1231.875,"min":1200.0,"max":3200.0},{"current":1235.718,"min":1200.0,"max":3200.0},{"current":1200.468,"min":1200.0,"max":3200.0}],"realtime_carbon_intensity":398.2325810654,"disk_write_speed":49.521305133,"process_ids":[19381,19446]}
{"timestamp":1573521934.5927939415,"rapl_power_draw_absolute":65.9383660297,"rapl_estimated_attributable_power_draw":15.1730787867,"cpu_time_seconds":{"19381":{"user":140.64,"system":8.0,"children_user":0.14,"children_system":0.1},"19446":{"user":2.78,"system":2.54,"children_user":0.26,"children_system":2.32}},"average_relative_cpu_utilization":0.2389236807,"absolute_cpu_utilization":0.9985769201,"relative_mem_usage":0.127807465,"absolute_mem_usage":10161002496.0,"absolute_mem_percent_usage":0.0752113893,"mem_info_per_process":{"19381":{"rss":4553089024,"vms":13829419008,"shared":558428160,"text":2322432,"lib":0,"data":12259508224,"dirty":0,"uss":3862089728,"pss":4204720128,"swap":0},"19446":{"rss":1560256512,"vms":3671699456,"shared":11292672,"text":2322432,"lib":0,"data":2310545408,"dirty":0,"uss":876621824,"pss":1217570816,"swap":0}},"nvidia_draw_absolute":50.84,"nvidia_estimated_attributable_power_draw":50.84,"average_gpu_estimated_utilization_absolute":0.335,"per_gpu_average_estimated_utilization_absolute":{"(0, 19381)":{"sm":33.5,"mem":8.0,"enc":0.0,"dec":0.0}},"average_gpu_estimated_utilization_relative":1.0,"per_gpu_performance_state":{"0":"P2"},"per_gpu_power_draw":{"0":50.84},"cpu_count_adjusted_average_load":[0.1303125,0.136875,0.135625],"cpu_freq":[{"current":2399.906,"min":1200.0,"max":3200.0},{"current":2261.062,"min":1200.0,"max":3200.0},{"current":1296.0,"min":1200.0,"max":3200.0},{"current":1467.562,"min":1200.0,"max":3200.0},{"current":1200.656,"min":1200.0,"max":3200.0},{"current":1244.531,"min":1200.0,"max":3200.0},{"current":1471.875,"min":1200.0,"max":3200.0},{"current":1299.281,"min":1200.0,"max":3200.0},{"current":1335.468,"min":1200.0,"max":3200.0},{"current":1378.031,"min":1200.0,"max":3200.0},{"current":3157.031,"min":1200.0,"max":3200.0},{"current":1500.0,"min":1200.0,"max":3200.0},{"current":1200.187,"min":1200.0,"max":3200.0},{"current":1299.0,"min":1200.0,"max":3200.0},{"current":1252.406,"min":1200.0,"max":3200.0},{"current":1200.093,"min":1200.0,"max":3200.0},{"current":2400.0,"min":1200.0,"max":3200.0},{"current":2399.906,"min":1200.0,"max":3200.0},{"current":1498.125,"min":1200.0,"max":3200.0},{"current":1591.312,"min":1200.0,"max":3200.0},{"current":1399.5,"min":1200.0,"max":3200.0},{"current":1220.812,"min":1200.0,"max":3200.0},{"current":1491.468,"min":1200.0,"max":3200.0},{"current":2400.187,"min":1200.0,"max":3200.0},{"current":1477.406,"min":1200.0,"max":3200.0},{"current":1401.093,"min":1200.0,"max":3200.0},{"current":3199.968,"min":1200.0,"max":3200.0},{"current":1500.187,"min":1200.0,"max":3200.0},{"current":1270.687,"min":1200.0,"max":3200.0},{"current":1497.75,"min":1200.0,"max":3200.0},{"current":1227.843,"min":1200.0,"max":3200.0},{"current":1200.656,"min":1200.0,"max":3200.0}],"realtime_carbon_intensity":398.2325810654,"disk_write_speed":51.9797994916,"process_ids":[19381,19446]}
{"timestamp":1573521942.5871789455,"rapl_power_draw_absolute":66.0903695283,"rapl_estimated_attributable_power_draw":15.6598390622,"cpu_time_seconds":{"19381":{"user":148.41,"system":8.22,"children_user":0.14,"children_system":0.1},"19446":{"user":3.0,"system":2.71,"children_user":0.28,"children_system":2.49}},"average_relative_cpu_utilization":0.2459795597,"absolute_cpu_utilization":0.9986117039,"relative_mem_usage":0.1277999506,"absolute_mem_usage":10161125376.0,"absolute_mem_percent_usage":0.0752122989,"mem_info_per_process":{"19381":{"rss":4553089024,"vms":13829419008,"shared":558428160,"text":2322432,"lib":0,"data":12259508224,"dirty":0,"uss":3862130688,"pss":4204740608,"swap":0},"19446":{"rss":1560256512,"vms":3671699456,"shared":11292672,"text":2322432,"lib":0,"data":2310545408,"dirty":0,"uss":876662784,"pss":1217591296,"swap":0}},"nvidia_draw_absolute":54.67,"nvidia_estimated_attributable_power_draw":54.67,"average_gpu_estimated_utilization_absolute":0.325,"per_gpu_average_estimated_utilization_absolute":{"(0, 19381)":{"sm":32.5,"mem":7.25,"enc":0.0,"dec":0.0}},"average_gpu_estimated_utilization_relative":1.0,"per_gpu_performance_state":{"0":"P2"},"per_gpu_power_draw":{"0":54.67},"cpu_count_adjusted_average_load":[0.1321875,0.1371875,0.135625],"cpu_freq":[{"current":1199.906,"min":1200.0,"max":3200.0},{"current":2400.0,"min":1200.0,"max":3200.0},{"current":1200.0,"min":1200.0,"max":3200.0},{"current":2100.562,"min":1200.0,"max":3200.0},{"current":1297.125,"min":1200.0,"max":3200.0},{"current":1201.218,"min":1200.0,"max":3200.0},{"current":1420.968,"min":1200.0,"max":3200.0},{"current":2399.906,"min":1200.0,"max":3200.0},{"current":1296.656,"min":1200.0,"max":3200.0},{"current":2399.906,"min":1200.0,"max":3200.0},{"current":2761.968,"min":1200.0,"max":3200.0},{"current":1602.843,"min":1200.0,"max":3200.0},{"current":1299.187,"min":1200.0,"max":3200.0},{"current":1377.375,"min":1200.0,"max":3200.0},{"current":1273.687,"min":1200.0,"max":3200.0},{"current":1389.468,"min":1200.0,"max":3200.0},{"current":1296.093,"min":1200.0,"max":3200.0},{"current":1297.687,"min":1200.0,"max":3200.0},{"current":1206.375,"min":1200.0,"max":3200.0},{"current":2055.843,"min":1200.0,"max":3200.0},{"current":1298.531,"min":1200.0,"max":3200.0},{"current":1201.687,"min":1200.0,"max":3200.0},{"current":1497.093,"min":1200.0,"max":3200.0},{"current":2400.0,"min":1200.0,"max":3200.0},{"current":1298.531,"min":1200.0,"max":3200.0},{"current":2399.718,"min":1200.0,"max":3200.0},{"current":3119.625,"min":1200.0,"max":3200.0},{"current":1763.156,"min":1200.0,"max":3200.0},{"current":1336.218,"min":1200.0,"max":3200.0},{"current":1205.062,"min":1200.0,"max":3200.0},{"current":1323.562,"min":1200.0,"max":3200.0},{"current":1280.531,"min":1200.0,"max":3200.0}],"realtime_carbon_intensity":398.2325810654,"disk_write_speed":44.5147130347,"process_ids":[19381,19446]}
{"timestamp":1573521950.5971031189,"rapl_power_draw_absolute":68.4126551556,"rapl_estimated_attributable_power_draw":14.6890966441,"cpu_time_seconds":{"19381":{"user":156.22,"system":8.44,"children_user":0.14,"children_system":0.1},"19446":{"user":3.2,"system":2.89,"children_user":0.3,"children_system":2.66}},"average_relative_cpu_utilization":0.2215893691,"absolute_cpu_utilization":1.0035838719,"relative_mem_usage":0.1277916773,"absolute_mem_usage":10161305600.0,"absolute_mem_percent_usage":0.0752136329,"mem_info_per_process":{"19381":{"rss":4553089024,"vms":13829419008,"shared":558428160,"text":2322432,"lib":0,"data":12259508224,"dirty":0,"uss":3862188032,"pss":4204769280,"swap":0},"19446":{"rss":1560260608,"vms":3671699456,"shared":11292672,"text":2322432,"lib":0,"data":2310545408,"dirty":0,"uss":876724224,"pss":1217624064,"swap":0}},"nvidia_draw_absolute":46.83,"nvidia_estimated_attributable_power_draw":46.83,"average_gpu_estimated_utilization_absolute":0.355,"per_gpu_average_estimated_utilization_absolute":{"(0, 19381)":{"sm":35.5,"mem":7.5,"enc":0.0,"dec":0.0}},"average_gpu_estimated_utilization_relative":1.0,"per_gpu_performance_state":{"0":"P2"},"per_gpu_power_draw":{"0":46.83},"cpu_count_adjusted_average_load":[0.1340625,0.1375,0.135625],"cpu_freq":[{"current":1199.906,"min":1200.0,"max":3200.0},{"current":2400.0,"min":1200.0,"max":3200.0},{"current":1499.906,"min":1200.0,"max":3200.0},{"current":2067.937,"min":1200.0,"max":3200.0},{"current":1256.812,"min":1200.0,"max":3200.0},{"current":1235.156,"min":1200.0,"max":3200.0},{"current":2298.375,"min":1200.0,"max":3200.0},{"current":1215.468,"min":1200.0,"max":3200.0},{"current":1225.5,"min":1200.0,"max":3200.0},{"current":1677.843,"min":1200.0,"max":3200.0},{"current":3113.062,"min":1200.0,"max":3200.0},{"current":1298.531,"min":1200.0,"max":3200.0},{"current":1245.093,"min":1200.0,"max":3200.0},{"current":1200.75,"min":1200.0,"max":3200.0},{"current":1200.093,"min":1200.0,"max":3200.0},{"current":1200.093,"min":1200.0,"max":3200.0},{"current":1498.406,"min":1200.0,"max":3200.0},{"current":2400.0,"min":1200.0,"max":3200.0},{"current":1397.531,"min":1200.0,"max":3200.0},{"current":1227.187,"min":1200.0,"max":3200.0},{"current":1288.312,"min":1200.0,"max":3200.0},{"current":1202.156,"min":1200.0,"max":3200.0},{"current":1495.687,"min":1200.0,"max":3200.0},{"current":1397.718,"min":1200.0,"max":3200.0},{"current":1444.312,"min":1200.0,"max":3200.0},{"current":1717.968,"min":1200.0,"max":3200.0},{"current":3119.625,"min":1200.0,"max":3200.0},{"current":1203.468,"min":1200.0,"max":3200.0},{"current":1336.218,"min":1200.0,"max":3200.0},{"current":1305.0,"min":1200.0,"max":3200.0},{"current":1270.125,"min":1200.0,"max":3200.0},{"current":1201.687,"min":1200.0,"max":3200.0}],"realtime_carbon_intensity":398.2325810654,"disk_write_speed":41.6207440926,"process_ids":[19381,19446]}
{"timestamp":1573521958.6193630695,"rapl_power_draw_absolute":65.4890244377,"rapl_estimated_attributable_power_draw":15.33495458,"cpu_time_seconds":{"19381":{"user":163.96,"system":8.72,"children_user":0.14,"children_system":0.1},"19446":{"user":3.44,"system":3.07,"children_user":0.32,"children_system":2.82}},"average_relative_cpu_utilization":0.2430367086,"absolute_cpu_utilization":1.0036904392,"relative_mem_usage":0.1277853431,"absolute_mem_usage":10161453056.0,"absolute_mem_percent_usage":0.0752147244,"mem_info_per_process":{"19381":{"rss":4553089024,"vms":13829419008,"shared":558428160,"text":2322432,"lib":0,"data":12259508224,"dirty":0,"uss":3862237184,"pss":4204793856,"swap":0},"19446":{"rss":1560260608,"vms":3671699456,"shared":11292672,"text":2322432,"lib":0,"data":2310545408,"dirty":0,"uss":876773376,"pss":1217648640,"swap":0}},"nvidia_draw_absolute":46.44,"nvidia_estimated_attributable_power_draw":46.44,"average_gpu_estimated_utilization_absolute":0.36,"per_gpu_average_estimated_utilization_absolute":{"(0, 19381)":{"sm":36.0,"mem":7.5,"enc":0.0,"dec":0.0}},"average_gpu_estimated_utilization_relative":1.0,"per_gpu_performance_state":{"0":"P2"},"per_gpu_power_draw":{"0":46.44},"cpu_count_adjusted_average_load":[0.1328125,0.136875,0.135625],"cpu_freq":[{"current":1982.437,"min":1200.0,"max":3200.0},{"current":2197.968,"min":1200.0,"max":3200.0},{"current":1597.125,"min":1200.0,"max":3200.0},{"current":1399.968,"min":1200.0,"max":3200.0},{"current":1266.281,"min":1200.0,"max":3200.0},{"current":1225.218,"min":1200.0,"max":3200.0},{"current":2399.906,"min":1200.0,"max":3200.0},{"current":2400.0,"min":1200.0,"max":3200.0},{"current":1396.781,"min":1200.0,"max":3200.0},{"current":1295.343,"min":1200.0,"max":3200.0},{"current":3145.687,"min":1200.0,"max":3200.0},{"current":1543.5,"min":1200.0,"max":3200.0},{"current":1213.687,"min":1200.0,"max":3200.0},{"current":1200.093,"min":1200.0,"max":3200.0},{"current":1223.156,"min":1200.0,"max":3200.0},{"current":1254.281,"min":1200.0,"max":3200.0},{"current":1819.968,"min":1200.0,"max":3200.0},{"current":1412.625,"min":1200.0,"max":3200.0},{"current":1430.156,"min":1200.0,"max":3200.0},{"current":2298.843,"min":1200.0,"max":3200.0},{"current":1395.0,"min":1200.0,"max":3200.0},{"current":1290.656,"min":1200.0,"max":3200.0},{"current":2400.0,"min":1200.0,"max":3200.0},{"current":2400.0,"min":1200.0,"max":3200.0},{"current":1263.656,"min":1200.0,"max":3200.0},{"current":1279.875,"min":1200.0,"max":3200.0},{"current":3200.437,"min":1200.0,"max":3200.0},{"current":1879.781,"min":1200.0,"max":3200.0},{"current":1210.218,"min":1200.0,"max":3200.0},{"current":1299.0,"min":1200.0,"max":3200.0},{"current":1204.5,"min":1200.0,"max":3200.0},{"current":1266.375,"min":1200.0,"max":3200.0}],"realtime_carbon_intensity":398.2325810654,"disk_write_speed":33.4223468851,"process_ids":[19381,19446]}
{"timestamp":1573521966.6135959625,"rapl_power_draw_absolute":66.3105833147,"rapl_estimated_attributable_power_draw":15.6206553832,"cpu_time_seconds":{"19381":{"user":171.68,"system":8.99,"children_user":0.14,"children_system":0.1},"19446":{"user":3.61,"system":3.26,"children_user":0.35,"children_system":2.98}},"average_relative_cpu_utilization":0.2444833027,"absolute_cpu_utilization":0.9986888973,"relative_mem_usage":0.1277744692,"absolute_mem_usage":10161551360.0,"absolute_mem_percent_usage":0.075215452,"mem_info_per_process":{"19381":{"rss":4553089024,"vms":13829419008,"shared":558428160,"text":2322432,"lib":0,"data":12259508224,"dirty":0,"uss":3862269952,"pss":4204810240,"swap":0},"19446":{"rss":1560260608,"vms":3671699456,"shared":11292672,"text":2322432,"lib":0,"data":2310545408,"dirty":0,"uss":876806144,"pss":1217665024,"swap":0}},"nvidia_draw_absolute":46.22,"nvidia_estimated_attributable_power_draw":46.22,"average_gpu_estimated_utilization_absolute":0.36,"per_gpu_average_estimated_utilization_absolute":{"(0, 19381)":{"sm":36.0,"mem":7.5,"enc":0.0,"dec":0.0}},"average_gpu_estimated_utilization_relative":1.0,"per_gpu_performance_state":{"0":"P2"},"per_gpu_power_draw":{"0":46.22},"cpu_count_adjusted_average_load":[0.1346875,0.1371875,0.135625],"cpu_freq":[{"current":1398.375,"min":1200.0,"max":3200.0},{"current":2134.875,"min":1200.0,"max":3200.0},{"current":2400.0,"min":1200.0,"max":3200.0},{"current":2399.906,"min":1200.0,"max":3200.0},{"current":1277.343,"min":1200.0,"max":3200.0},{"current":1201.781,"min":1200.0,"max":3200.0},{"current":1894.312,"min":1200.0,"max":3200.0},{"current":1712.062,"min":1200.0,"max":3200.0},{"current":1503.375,"min":1200.0,"max":3200.0},{"current":1417.125,"min":1200.0,"max":3200.0},{"current":3082.218,"min":1200.0,"max":3200.0},{"current":1216.875,"min":1200.0,"max":3200.0},{"current":1200.0,"min":1200.0,"max":3200.0},{"current":1200.093,"min":1200.0,"max":3200.0},{"current":1201.406,"min":1200.0,"max":3200.0},{"current":1200.093,"min":1200.0,"max":3200.0},{"current":1310.906,"min":1200.0,"max":3200.0},{"current":2115.093,"min":1200.0,"max":3200.0},{"current":2206.781,"min":1200.0,"max":3200.0},{"current":1839.093,"min":1200.0,"max":3200.0},{"current":1399.687,"min":1200.0,"max":3200.0},{"current":1202.062,"min":1200.0,"max":3200.0},{"current":2400.0,"min":1200.0,"max":3200.0},{"current":2295.75,"min":1200.0,"max":3200.0},{"current":1490.437,"min":1200.0,"max":3200.0},{"current":1706.812,"min":1200.0,"max":3200.0},{"current":3200.437,"min":1200.0,"max":3200.0},{"current":1962.656,"min":1200.0,"max":3200.0},{"current":1210.218,"min":1200.0,"max":3200.0},{"current":1205.906,"min":1200.0,"max":3200.0},{"current":1213.593,"min":1200.0,"max":3200.0},{"current":1200.75,"min":1200.0,"max":3200.0}],"realtime_carbon_intensity":398.2325810654,"disk_write_speed":39.6253709239,"process_ids":[19381,19446]}
