{"timestamp":1572289440.8268289566,"rapl_power_draw_absolute":81.8833031921,"rapl_estimated_attributable_power_draw":17.2125015456,"cpu_time_seconds":{"2827":{"user":11.72,"system":2.47,"children_user":1.09,"children_system":0.17},"2860":{"user":0.04,"system":0.03,"children_user":0.0,"children_system":0.0},"2886":{"user":0.0,"system":0.02,"children_user":0.0,"children_system":0.02}},"average_relative_cpu_utilization":0.2216120592,"absolute_cpu_utilization":1.0025993029,"relative_mem_usage":0.0987330627,"absolute_mem_usage":2164055040.0,"absolute_mem_percent_usage":0.0160182606,"mem_info_per_process":{"2827":{"rss":1552683008,"vms":8435220480,"shared":140578816,"text":2322432,"lib":0,"data":6760140800,"dirty":0,"uss":429858816,"pss":972855296,"swap":0},"2860":{"rss":11251712,"vms":28168192,"shared":5697536,"text":2322432,"lib":0,"data":5283840,"dirty":0,"uss":5574656,"pss":6029312,"swap":0},"2886":{"rss":1139441664,"vms":8056803328,"shared":8577024,"text":2322432,"lib":0,"data":6411104256,"dirty":0,"uss":122126336,"pss":627610624,"swap":0}},"nvidia_draw_absolute":39.38,"nvidia_estimated_attributable_power_draw":39.38,"average_gpu_estimated_utilization_absolute":0.01,"per_gpu_average_estimated_utilization_absolute":{"(0, 2827)":{"sm":1,"mem":0,"enc":0,"dec":0}},"average_gpu_estimated_utilization_relative":1.0,"per_gpu_performance_state":{"0":"P2"},"per_gpu_power_draw":{"0":39.38},"cpu_count_adjusted_average_load":[0.1415625,0.15125,0.1478125],"realtime_carbon_intensity":214.8887880163,"disk_write_speed":59.9418917342,"process_ids":[2827,2860,2886]}
{"timestamp":1572289448.9278919697,"rapl_power_draw_absolute":70.3130227293,"rapl_estimated_attributable_power_draw":6.7134298967,"cpu_time_seconds":{"2827":{"user":14.33,"system":3.24,"children_user":1.09,"children_system":0.17},"2860":{"user":0.04,"system":0.03,"children_user":0.0,"children_system":0.0},"2886":{"user":0.24,"system":0.17,"children_user":0.02,"children_system":0.18}},"average_relative_cpu_utilization":0.0826615814,"absolute_cpu_utilization":0.3095351406,"relative_mem_usage":0.2240650407,"absolute_mem_usage":5243543552.0,"absolute_mem_percent_usage":0.0388125282,"mem_info_per_process":{"2827":{"rss":3213012992,"vms":10654969856,"shared":441503744,"text":2322432,"lib":0,"data":8820731904,"dirty":0,"uss":1941323776,"pss":2533536768,"swap":0},"2860":{"rss":11251712,"vms":28168192,"shared":5697536,"text":2322432,"lib":0,"data":5283840,"dirty":0,"uss":5574656,"pss":6027264,"swap":0},"2886":{"rss":1146249216,"vms":8056803328,"shared":15380480,"text":2322432,"lib":0,"data":6411104256,"dirty":0,"uss":126148608,"pss":630932480,"swap":0}},"nvidia_draw_absolute":39.27,"nvidia_estimated_attributable_power_draw":39.27,"average_gpu_estimated_utilization_absolute":0.0166666667,"per_gpu_average_estimated_utilization_absolute":{"(0, 2827)":{"sm":1.6666666667,"mem":0.0,"enc":0.0,"dec":0.0}},"average_gpu_estimated_utilization_relative":1.0,"per_gpu_performance_state":{"0":"P2"},"per_gpu_power_draw":{"0":39.27},"cpu_count_adjusted_average_load":[0.14375,0.15125,0.1478125],"realtime_carbon_intensity":214.8887880163,"disk_write_speed":56.7475582441,"process_ids":[2827,2860,2886]}
{"timestamp":1572289456.8769199848,"rapl_power_draw_absolute":70.7362420211,"rapl_estimated_attributable_power_draw":13.2707172199,"cpu_time_seconds":{"2827":{"user":17.8,"system":3.94,"children_user":1.09,"children_system":0.17},"2860":{"user":0.04,"system":0.03,"children_user":0.0,"children_system":0.0},"2886":{"user":0.46,"system":0.34,"children_user":0.05,"children_system":0.34}},"average_relative_cpu_utilization":0.1713530272,"absolute_cpu_utilization":0.6990812606,"relative_mem_usage":0.327736587,"absolute_mem_usage":8137369600.0,"absolute_mem_percent_usage":0.0602325286,"mem_info_per_process":{"2827":{"rss":4768903168,"vms":12477345792,"shared":577601536,"text":2322432,"lib":0,"data":10643107840,"dirty":0,"uss":3364212736,"pss":4003660800,"swap":0},"2860":{"rss":11251712,"vms":28168192,"shared":5697536,"text":2322432,"lib":0,"data":5283840,"dirty":0,"uss":5574656,"pss":6027264,"swap":0},"2886":{"rss":1146253312,"vms":8056803328,"shared":15380480,"text":2322432,"lib":0,"data":6411104256,"dirty":0,"uss":126689280,"pss":631204864,"swap":0}},"nvidia_draw_absolute":39.09,"nvidia_estimated_attributable_power_draw":39.09,"average_gpu_estimated_utilization_absolute":0.0266666667,"per_gpu_average_estimated_utilization_absolute":{"(0, 2827)":{"sm":2.6666666667,"mem":0.0,"enc":0.0,"dec":0.0}},"average_gpu_estimated_utilization_relative":1.0,"per_gpu_performance_state":{"0":"P2"},"per_gpu_power_draw":{"0":39.09},"cpu_count_adjusted_average_load":[0.1421875,0.1509375,0.1478125],"realtime_carbon_intensity":214.8887880163,"disk_write_speed":52.6966011997,"process_ids":[2827,2860,2886]}
{"timestamp":1572289464.8189508915,"rapl_power_draw_absolute":76.8124351045,"rapl_estimated_attributable_power_draw":18.4128314835,"cpu_time_seconds":{"2827":{"user":25.62,"system":4.06,"children_user":1.09,"children_system":0.17},"2860":{"user":0.04,"system":0.03,"children_user":0.0,"children_system":0.0},"2886":{"user":0.68,"system":0.51,"children_user":0.06,"children_system":0.5}},"average_relative_cpu_utilization":0.2265944839,"absolute_cpu_utilization":1.0035267433,"relative_mem_usage":0.3692999315,"absolute_mem_usage":9202422784.0,"absolute_mem_percent_usage":0.0681160154,"mem_info_per_process":{"2827":{"rss":3981905920,"vms":12822974464,"shared":585953280,"text":2322432,"lib":0,"data":10988736512,"dirty":0,"uss":3453259776,"pss":3653337088,"swap":0},"2860":{"rss":11251712,"vms":28168192,"shared":5697536,"text":2322432,"lib":0,"data":5283840,"dirty":0,"uss":5574656,"pss":6027264,"swap":0},"2886":{"rss":1146253312,"vms":8056803328,"shared":15380480,"text":2322432,"lib":0,"data":6411104256,"dirty":0,"uss":1010909184,"pss":1073314816,"swap":0}},"nvidia_draw_absolute":39.1,"nvidia_estimated_attributable_power_draw":0.0,"average_gpu_estimated_utilization_absolute":0.0,"per_gpu_average_estimated_utilization_absolute":{"(0, 2827)":{"sm":0,"mem":0,"enc":0,"dec":0}},"average_gpu_estimated_utilization_relative":0.0,"per_gpu_performance_state":{"0":"P2"},"per_gpu_power_draw":{"0":39.1},"cpu_count_adjusted_average_load":[0.141875,0.150625,0.1475],"realtime_carbon_intensity":214.8887880163,"disk_write_speed":56.6189434838,"process_ids":[2827,2860,2886]}
{"timestamp":1572289472.7875499725,"rapl_power_draw_absolute":76.2678545885,"rapl_estimated_attributable_power_draw":18.4511356732,"cpu_time_seconds":{"2827":{"user":33.59,"system":4.06,"children_user":1.09,"children_system":0.17},"2860":{"user":0.04,"system":0.03,"children_user":0.0,"children_system":0.0},"2886":{"user":0.88,"system":0.68,"children_user":0.07,"children_system":0.67}},"average_relative_cpu_utilization":0.2291720511,"absolute_cpu_utilization":1.0034536668,"relative_mem_usage":0.3693072281,"absolute_mem_usage":9203106816.0,"absolute_mem_percent_usage":0.0681210786,"mem_info_per_process":{"2827":{"rss":3982401536,"vms":12823498752,"shared":585953280,"text":2322432,"lib":0,"data":10989260800,"dirty":0,"uss":3453599744,"pss":3653675008,"swap":0},"2860":{"rss":11251712,"vms":28168192,"shared":5697536,"text":2322432,"lib":0,"data":5283840,"dirty":0,"uss":5574656,"pss":6027264,"swap":0},"2886":{"rss":1146253312,"vms":8056803328,"shared":15380480,"text":2322432,"lib":0,"data":6411104256,"dirty":0,"uss":1010913280,"pss":1073316864,"swap":0}},"nvidia_draw_absolute":55.87,"nvidia_estimated_attributable_power_draw":55.87,"average_gpu_estimated_utilization_absolute":0.054,"per_gpu_average_estimated_utilization_absolute":{"(0, 2827)":{"sm":5.4,"mem":1.2,"enc":0.0,"dec":0.0}},"average_gpu_estimated_utilization_relative":1.0,"per_gpu_performance_state":{"0":"P2"},"per_gpu_power_draw":{"0":55.87},"cpu_count_adjusted_average_load":[0.144375,0.150625,0.1478125],"realtime_carbon_intensity":214.8887880163,"disk_write_speed":55.5667908034,"process_ids":[2827,2860,2886]}
{"timestamp":1572289480.7625889778,"rapl_power_draw_absolute":74.8805811404,"rapl_estimated_attributable_power_draw":17.9565279571,"cpu_time_seconds":{"2827":{"user":41.31,"system":4.32,"children_user":1.09,"children_system":0.17},"2860":{"user":0.04,"system":0.03,"children_user":0.0,"children_system":0.0},"2886":{"user":1.09,"system":0.86,"children_user":0.08,"children_system":0.84}},"average_relative_cpu_utilization":0.2262242317,"absolute_cpu_utilization":0.9984718406,"relative_mem_usage":0.3704876033,"absolute_mem_usage":9235753984.0,"absolute_mem_percent_usage":0.0683627318,"mem_info_per_process":{"2827":{"rss":3990962176,"vms":12873949184,"shared":601952256,"text":2322432,"lib":0,"data":11013058560,"dirty":0,"uss":3461107712,"pss":3659763712,"swap":0},"2860":{"rss":11251712,"vms":28168192,"shared":5697536,"text":2322432,"lib":0,"data":5283840,"dirty":0,"uss":5574656,"pss":6027264,"swap":0},"2886":{"rss":1146261504,"vms":8056803328,"shared":15380480,"text":2322432,"lib":0,"data":6411104256,"dirty":0,"uss":1023610880,"pss":1079669760,"swap":0}},"nvidia_draw_absolute":53.8,"nvidia_estimated_attributable_power_draw":53.8,"average_gpu_estimated_utilization_absolute":0.38,"per_gpu_average_estimated_utilization_absolute":{"(0, 2827)":{"sm":38.0,"mem":10.3333333333,"enc":0.0,"dec":0.0}},"average_gpu_estimated_utilization_relative":1.0,"per_gpu_performance_state":{"0":"P2"},"per_gpu_power_draw":{"0":53.8},"cpu_count_adjusted_average_load":[0.1453125,0.1509375,0.1478125],"realtime_carbon_intensity":214.8887880163,"disk_write_speed":47.8076888736,"process_ids":[2827,2860,2886]}
{"timestamp":1572289488.6867170334,"rapl_power_draw_absolute":80.2369606137,"rapl_estimated_attributable_power_draw":19.1126309323,"cpu_time_seconds":{"2827":{"user":48.9,"system":4.66,"children_user":1.09,"children_system":0.17},"2860":{"user":0.04,"system":0.03,"children_user":0.0,"children_system":0.0},"2886":{"user":1.3,"system":1.03,"children_user":0.09,"children_system":1.0}},"average_relative_cpu_utilization":0.2254679151,"absolute_cpu_utilization":0.9985208889,"relative_mem_usage":0.3706748831,"absolute_mem_usage":9241406464.0,"absolute_mem_percent_usage":0.0684045713,"mem_info_per_process":{"2827":{"rss":3990962176,"vms":12873949184,"shared":601952256,"text":2322432,"lib":0,"data":11013058560,"dirty":0,"uss":3463036928,"pss":3660728320,"swap":0},"2860":{"rss":11251712,"vms":28168192,"shared":5697536,"text":2322432,"lib":0,"data":5283840,"dirty":0,"uss":5574656,"pss":6027264,"swap":0},"2886":{"rss":1146261504,"vms":8056803328,"shared":15380480,"text":2322432,"lib":0,"data":6411104256,"dirty":0,"uss":1025449984,"pss":1080589312,"swap":0}},"nvidia_draw_absolute":53.71,"nvidia_estimated_attributable_power_draw":53.71,"average_gpu_estimated_utilization_absolute":0.38,"per_gpu_average_estimated_utilization_absolute":{"(0, 2827)":{"sm":38.0,"mem":10.5,"enc":0.0,"dec":0.0}},"average_gpu_estimated_utilization_relative":1.0,"per_gpu_performance_state":{"0":"P2"},"per_gpu_power_draw":{"0":53.71},"cpu_count_adjusted_average_load":[0.149375,0.1515625,0.148125],"realtime_carbon_intensity":214.8887880163,"disk_write_speed":50.2287563245,"process_ids":[2827,2860,2886]}
{"timestamp":1572289496.6573240757,"rapl_power_draw_absolute":74.7746467992,"rapl_estimated_attributable_power_draw":17.8935230044,"cpu_time_seconds":{"2827":{"user":56.44,"system":5.09,"children_user":1.09,"children_system":0.17},"2860":{"user":0.04,"system":0.03,"children_user":0.0,"children_system":0.0},"2886":{"user":1.54,"system":1.19,"children_user":0.1,"children_system":1.17}},"average_relative_cpu_utilization":0.2257171036,"absolute_cpu_utilization":0.998475055,"relative_mem_usage":0.3708173472,"absolute_mem_usage":9244601344.0,"absolute_mem_percent_usage":0.0684282197,"mem_info_per_process":{"2827":{"rss":3990962176,"vms":12873949184,"shared":601952256,"text":2322432,"lib":0,"data":11013058560,"dirty":0,"uss":3464101888,"pss":3661260800,"swap":0},"2860":{"rss":11251712,"vms":28168192,"shared":5697536,"text":2322432,"lib":0,"data":5283840,"dirty":0,"uss":5574656,"pss":6027264,"swap":0},"2886":{"rss":1146261504,"vms":8056803328,"shared":15380480,"text":2322432,"lib":0,"data":6411104256,"dirty":0,"uss":1026514944,"pss":1081121792,"swap":0}},"nvidia_draw_absolute":54.68,"nvidia_estimated_attributable_power_draw":54.68,"average_gpu_estimated_utilization_absolute":0.38,"per_gpu_average_estimated_utilization_absolute":{"(0, 2827)":{"sm":38,"mem":10,"enc":0,"dec":0}},"average_gpu_estimated_utilization_relative":1.0,"per_gpu_performance_state":{"0":"P2"},"per_gpu_power_draw":{"0":54.68},"cpu_count_adjusted_average_load":[0.1471875,0.1509375,0.1478125],"realtime_carbon_intensity":214.8887880163,"disk_write_speed":50.7149280191,"process_ids":[2827,2860,2886]}
{"timestamp":1572289504.615801096,"rapl_power_draw_absolute":74.7728079457,"rapl_estimated_attributable_power_draw":18.2313053484,"cpu_time_seconds":{"2827":{"user":64.0,"system":5.49,"children_user":1.09,"children_system":0.17},"2860":{"user":0.04,"system":0.03,"children_user":0.0,"children_system":0.0},"2886":{"user":1.79,"system":1.35,"children_user":0.12,"children_system":1.33}},"average_relative_cpu_utilization":0.2306584256,"absolute_cpu_utilization":0.998440446,"relative_mem_usage":0.3708603302,"absolute_mem_usage":9246862336.0,"absolute_mem_percent_usage":0.0684449555,"mem_info_per_process":{"2827":{"rss":3990962176,"vms":12873949184,"shared":601952256,"text":2322432,"lib":0,"data":11013058560,"dirty":0,"uss":3464855552,"pss":3661637632,"swap":0},"2860":{"rss":11251712,"vms":28168192,"shared":5697536,"text":2322432,"lib":0,"data":5283840,"dirty":0,"uss":5574656,"pss":6027264,"swap":0},"2886":{"rss":1146261504,"vms":8056803328,"shared":15380480,"text":2322432,"lib":0,"data":6411104256,"dirty":0,"uss":1027268608,"pss":1081498624,"swap":0}},"nvidia_draw_absolute":54.01,"nvidia_estimated_attributable_power_draw":54.01,"average_gpu_estimated_utilization_absolute":0.38,"per_gpu_average_estimated_utilization_absolute":{"(0, 2827)":{"sm":38.0,"mem":10.5,"enc":0.0,"dec":0.0}},"average_gpu_estimated_utilization_relative":1.0,"per_gpu_performance_state":{"0":"P2"},"per_gpu_power_draw":{"0":54.01},"cpu_count_adjusted_average_load":[0.14625,0.150625,0.1478125],"realtime_carbon_intensity":214.8887880163,"disk_write_speed":55.9421945879,"process_ids":[2827,2860,2886]}
{"timestamp":1572289512.5683920383,"rapl_power_draw_absolute":74.8107388189,"rapl_estimated_attributable_power_draw":18.0875408507,"cpu_time_seconds":{"2827":{"user":71.64,"system":5.81,"children_user":1.09,"children_system":0.17},"2860":{"user":0.04,"system":0.03,"children_user":0.0,"children_system":0.0},"2886":{"user":2.04,"system":1.51,"children_user":0.14,"children_system":1.49}},"average_relative_cpu_utilization":0.2283878265,"absolute_cpu_utilization":1.0034135432,"relative_mem_usage":0.3709561718,"absolute_mem_usage":9248797696.0,"absolute_mem_percent_usage":0.0684592809,"mem_info_per_process":{"2827":{"rss":3990962176,"vms":12873949184,"shared":601952256,"text":2322432,"lib":0,"data":11013058560,"dirty":0,"uss":3465498624,"pss":3661959168,"swap":0},"2860":{"rss":11251712,"vms":28168192,"shared":5697536,"text":2322432,"lib":0,"data":5283840,"dirty":0,"uss":5574656,"pss":6027264,"swap":0},"2886":{"rss":1146261504,"vms":8056803328,"shared":15380480,"text":2322432,"lib":0,"data":6411104256,"dirty":0,"uss":1027915776,"pss":1081822208,"swap":0}},"nvidia_draw_absolute":52.92,"nvidia_estimated_attributable_power_draw":52.92,"average_gpu_estimated_utilization_absolute":0.38,"per_gpu_average_estimated_utilization_absolute":{"(0, 2827)":{"sm":38.0,"mem":10.25,"enc":0.0,"dec":0.0}},"average_gpu_estimated_utilization_relative":1.0,"per_gpu_performance_state":{"0":"P2"},"per_gpu_power_draw":{"0":52.92},"cpu_count_adjusted_average_load":[0.1453125,0.1503125,0.1478125],"realtime_carbon_intensity":214.8887880163,"disk_write_speed":48.5397019966,"process_ids":[2827,2860,2886]}
{"timestamp":1572289520.5415260792,"rapl_power_draw_absolute":74.757798444,"rapl_estimated_attributable_power_draw":18.1151935637,"cpu_time_seconds":{"2827":{"user":79.24,"system":6.18,"children_user":1.09,"children_system":0.17},"2860":{"user":0.04,"system":0.03,"children_user":0.0,"children_system":0.0},"2886":{"user":2.28,"system":1.7,"children_user":0.16,"children_system":1.66}},"average_relative_cpu_utilization":0.2290755285,"absolute_cpu_utilization":0.998463061,"relative_mem_usage":0.3710038583,"absolute_mem_usage":9250278400.0,"absolute_mem_percent_usage":0.068470241,"mem_info_per_process":{"2827":{"rss":3990962176,"vms":12873949184,"shared":601952256,"text":2322432,"lib":0,"data":11013058560,"dirty":0,"uss":3465994240,"pss":3662206976,"swap":0},"2860":{"rss":11251712,"vms":28168192,"shared":5697536,"text":2322432,"lib":0,"data":5283840,"dirty":0,"uss":5574656,"pss":6027264,"swap":0},"2886":{"rss":1146261504,"vms":8056803328,"shared":15380480,"text":2322432,"lib":0,"data":6411104256,"dirty":0,"uss":1028407296,"pss":1082067968,"swap":0}},"nvidia_draw_absolute":54.97,"nvidia_estimated_attributable_power_draw":54.97,"average_gpu_estimated_utilization_absolute":0.38,"per_gpu_average_estimated_utilization_absolute":{"(0, 2827)":{"sm":38,"mem":10,"enc":0,"dec":0}},"average_gpu_estimated_utilization_relative":1.0,"per_gpu_performance_state":{"0":"P2"},"per_gpu_power_draw":{"0":54.97},"cpu_count_adjusted_average_load":[0.14875,0.1509375,0.1478125],"realtime_carbon_intensity":214.8887880163,"disk_write_speed":53.0968119747,"process_ids":[2827,2860,2886]}
{"timestamp":1572289528.512018919,"rapl_power_draw_absolute":74.977590672,"rapl_estimated_attributable_power_draw":17.9931623061,"cpu_time_seconds":{"2827":{"user":86.76,"system":6.64,"children_user":1.09,"children_system":0.17},"2860":{"user":0.04,"system":0.03,"children_user":0.0,"children_system":0.0},"2886":{"user":2.49,"system":1.87,"children_user":0.16,"children_system":1.84}},"average_relative_cpu_utilization":0.2263336747,"absolute_cpu_utilization":1.0034545962,"relative_mem_usage":0.371009967,"absolute_mem_usage":9251310592.0,"absolute_mem_percent_usage":0.0684778813,"mem_info_per_process":{"2827":{"rss":3990962176,"vms":12873949184,"shared":601952256,"text":2322432,"lib":0,"data":11013058560,"dirty":0,"uss":3466338304,"pss":3662379008,"swap":0},"2860":{"rss":11251712,"vms":28168192,"shared":5697536,"text":2322432,"lib":0,"data":5283840,"dirty":0,"uss":5574656,"pss":6027264,"swap":0},"2886":{"rss":1146261504,"vms":8056803328,"shared":15380480,"text":2322432,"lib":0,"data":6411104256,"dirty":0,"uss":1028751360,"pss":1082240000,"swap":0}},"nvidia_draw_absolute":56.73,"nvidia_estimated_attributable_power_draw":56.73,"average_gpu_estimated_utilization_absolute":0.38,"per_gpu_average_estimated_utilization_absolute":{"(0, 2827)":{"sm":38,"mem":10,"enc":0,"dec":0}},"average_gpu_estimated_utilization_relative":1.0,"per_gpu_performance_state":{"0":"P2"},"per_gpu_power_draw":{"0":56.73},"cpu_count_adjusted_average_load":[0.145,0.1503125,0.1478125],"realtime_carbon_intensity":214.8887880163,"disk_write_speed":44.5059027337,"process_ids":[2827,2860,2886]}
{"timestamp":1572289536.4794778824,"rapl_power_draw_absolute":74.9039057672,"rapl_estimated_attributable_power_draw":18.2176877128,"cpu_time_seconds":{"2827":{"user":94.38,"system":6.99,"children_user":1.09,"children_system":0.17},"2860":{"user":0.04,"system":0.03,"children_user":0.0,"children_system":0.0},"2886":{"user":2.71,"system":2.04,"children_user":0.17,"children_system":2.0}},"average_relative_cpu_utilization":0.2299591086,"absolute_cpu_utilization":1.003455645,"relative_mem_usage":0.3710099645,"absolute_mem_usage":9251875840.0,"absolute_mem_percent_usage":0.0684820652,"mem_info_per_process":{"2827":{"rss":3990962176,"vms":12873949184,"shared":601952256,"text":2322432,"lib":0,"data":11013058560,"dirty":0,"uss":3466526720,"pss":3662473216,"swap":0},"2860":{"rss":11251712,"vms":28168192,"shared":5697536,"text":2322432,"lib":0,"data":5283840,"dirty":0,"uss":5574656,"pss":6027264,"swap":0},"2886":{"rss":1146261504,"vms":8056803328,"shared":15380480,"text":2322432,"lib":0,"data":6411104256,"dirty":0,"uss":1028939776,"pss":1082334208,"swap":0}},"nvidia_draw_absolute":58.41,"nvidia_estimated_attributable_power_draw":58.41,"average_gpu_estimated_utilization_absolute":0.3766666667,"per_gpu_average_estimated_utilization_absolute":{"(0, 2827)":{"sm":37.6666666667,"mem":10.3333333333,"enc":0.0,"dec":0.0}},"average_gpu_estimated_utilization_relative":1.0,"per_gpu_performance_state":{"0":"P2"},"per_gpu_power_draw":{"0":58.41},"cpu_count_adjusted_average_load":[0.1459375,0.1503125,0.1478125],"realtime_carbon_intensity":214.8887880163,"disk_write_speed":49.2195846422,"process_ids":[2827,2860,2886]}
{"timestamp":1572289544.4441049099,"rapl_power_draw_absolute":74.9151004653,"rapl_estimated_attributable_power_draw":17.9364632608,"cpu_time_seconds":{"2827":{"user":101.92,"system":7.41,"children_user":1.09,"children_system":0.17},"2860":{"user":0.04,"system":0.03,"children_user":0.0,"children_system":0.0},"2886":{"user":2.93,"system":2.2,"children_user":0.17,"children_system":2.18}},"average_relative_cpu_utilization":0.2257297833,"absolute_cpu_utilization":0.9986748937,"relative_mem_usage":0.3710735807,"absolute_mem_usage":9252563968.0,"absolute_mem_percent_usage":0.0684871587,"mem_info_per_process":{"2827":{"rss":3990962176,"vms":12873949184,"shared":601952256,"text":2322432,"lib":0,"data":11013058560,"dirty":0,"uss":3466756096,"pss":3662587904,"swap":0},"2860":{"rss":11251712,"vms":28168192,"shared":5697536,"text":2322432,"lib":0,"data":5283840,"dirty":0,"uss":5574656,"pss":6027264,"swap":0},"2886":{"rss":1146261504,"vms":8056803328,"shared":15380480,"text":2322432,"lib":0,"data":6411104256,"dirty":0,"uss":1029169152,"pss":1082448896,"swap":0}},"nvidia_draw_absolute":57.8,"nvidia_estimated_attributable_power_draw":57.8,"average_gpu_estimated_utilization_absolute":0.375,"per_gpu_average_estimated_utilization_absolute":{"(0, 2827)":{"sm":37.5,"mem":10.0,"enc":0.0,"dec":0.0}},"average_gpu_estimated_utilization_relative":1.0,"per_gpu_performance_state":{"0":"P2"},"per_gpu_power_draw":{"0":57.8},"cpu_count_adjusted_average_load":[0.17875,0.1571875,0.15],"realtime_carbon_intensity":214.8887880163,"disk_write_speed":55.2945642159,"process_ids":[2827,2860,2886]}
{"timestamp":1572289552.3974599838,"rapl_power_draw_absolute":74.852889415,"rapl_estimated_attributable_power_draw":18.124897349,"cpu_time_seconds":{"2827":{"user":109.5,"system":7.8,"children_user":1.09,"children_system":0.17},"2860":{"user":0.04,"system":0.03,"children_user":0.0,"children_system":0.0},"2886":{"user":3.16,"system":2.39,"children_user":0.18,"children_system":2.34}},"average_relative_cpu_utilization":0.228746122,"absolute_cpu_utilization":1.0084524328,"relative_mem_usage":0.3710571136,"absolute_mem_usage":9253022720.0,"absolute_mem_percent_usage":0.0684905544,"mem_info_per_process":{"2827":{"rss":3990962176,"vms":12873949184,"shared":601952256,"text":2322432,"lib":0,"data":11013058560,"dirty":0,"uss":3466907648,"pss":3662663680,"swap":0},"2860":{"rss":11251712,"vms":28168192,"shared":5697536,"text":2322432,"lib":0,"data":5283840,"dirty":0,"uss":5574656,"pss":6026240,"swap":0},"2886":{"rss":1146261504,"vms":8056803328,"shared":15380480,"text":2322432,"lib":0,"data":6411104256,"dirty":0,"uss":1029324800,"pss":1082525696,"swap":0}},"nvidia_draw_absolute":54.29,"nvidia_estimated_attributable_power_draw":54.29,"average_gpu_estimated_utilization_absolute":0.3766666667,"per_gpu_average_estimated_utilization_absolute":{"(0, 2827)":{"sm":37.6666666667,"mem":10.3333333333,"enc":0.0,"dec":0.0}},"average_gpu_estimated_utilization_relative":1.0,"per_gpu_performance_state":{"0":"P2"},"per_gpu_power_draw":{"0":54.29},"cpu_count_adjusted_average_load":[0.1703125,0.15625,0.1496875],"realtime_carbon_intensity":214.8887880163,"disk_write_speed":47.730431145,"process_ids":[2827,2860,2886]}
{"timestamp":1572289560.388851881,"rapl_power_draw_absolute":75.069798736,"rapl_estimated_attributable_power_draw":17.5660076298,"cpu_time_seconds":{"2827":{"user":117.12,"system":8.16,"children_user":1.09,"children_system":0.17},"2860":{"user":0.04,"system":0.03,"children_user":0.0,"children_system":0.0},"2886":{"user":3.38,"system":2.58,"children_user":0.2,"children_system":2.51}},"average_relative_cpu_utilization":0.2197607105,"absolute_cpu_utilization":0.9984367658,"relative_mem_usage":0.3709862546,"absolute_mem_usage":9253424128.0,"absolute_mem_percent_usage":0.0684935256,"mem_info_per_process":{"2827":{"rss":3990962176,"vms":12873949184,"shared":601952256,"text":2322432,"lib":0,"data":11013058560,"dirty":0,"uss":3467042816,"pss":3662731264,"swap":0},"2860":{"rss":11251712,"vms":28168192,"shared":5697536,"text":2322432,"lib":0,"data":5283840,"dirty":0,"uss":5574656,"pss":6027264,"swap":0},"2886":{"rss":1146261504,"vms":8056803328,"shared":15380480,"text":2322432,"lib":0,"data":6411104256,"dirty":0,"uss":1029455872,"pss":1082592256,"swap":0}},"nvidia_draw_absolute":58.49,"nvidia_estimated_attributable_power_draw":58.49,"average_gpu_estimated_utilization_absolute":0.3766666667,"per_gpu_average_estimated_utilization_absolute":{"(0, 2827)":{"sm":37.6666666667,"mem":10.3333333333,"enc":0.0,"dec":0.0}},"average_gpu_estimated_utilization_relative":1.0,"per_gpu_performance_state":{"0":"P2"},"per_gpu_power_draw":{"0":58.49},"cpu_count_adjusted_average_load":[0.169375,0.15625,0.1496875],"realtime_carbon_intensity":214.8887880163,"disk_write_speed":47.6625454545,"process_ids":[2827,2860,2886]}
{"timestamp":1572289568.3724009991,"rapl_power_draw_absolute":74.6158926103,"rapl_estimated_attributable_power_draw":17.9505642263,"cpu_time_seconds":{"2827":{"user":124.78,"system":8.49,"children_user":1.09,"children_system":0.17},"2860":{"user":0.04,"system":0.03,"children_user":0.0,"children_system":0.0},"2886":{"user":3.62,"system":2.76,"children_user":0.22,"children_system":2.67}},"average_relative_cpu_utilization":0.2270034358,"absolute_cpu_utilization":0.9985696264,"relative_mem_usage":0.3710898073,"absolute_mem_usage":9253903360.0,"absolute_mem_percent_usage":0.0684970729,"mem_info_per_process":{"2827":{"rss":3990962176,"vms":12873949184,"shared":601952256,"text":2322432,"lib":0,"data":11013058560,"dirty":0,"uss":3467202560,"pss":3662811136,"swap":0},"2860":{"rss":11251712,"vms":28168192,"shared":5697536,"text":2322432,"lib":0,"data":5283840,"dirty":0,"uss":5574656,"pss":6027264,"swap":0},"2886":{"rss":1146261504,"vms":8056803328,"shared":15380480,"text":2322432,"lib":0,"data":6411104256,"dirty":0,"uss":1029615616,"pss":1082672128,"swap":0}},"nvidia_draw_absolute":54.19,"nvidia_estimated_attributable_power_draw":54.19,"average_gpu_estimated_utilization_absolute":0.375,"per_gpu_average_estimated_utilization_absolute":{"(0, 2827)":{"sm":37.5,"mem":10.5,"enc":0.0,"dec":0.0}},"average_gpu_estimated_utilization_relative":1.0,"per_gpu_performance_state":{"0":"P2"},"per_gpu_power_draw":{"0":54.19},"cpu_count_adjusted_average_load":[0.165,0.155625,0.1496875],"realtime_carbon_intensity":214.8887880163,"disk_write_speed":49.9922525968,"process_ids":[2827,2860,2886]}
{"timestamp":1572289576.3313419819,"rapl_power_draw_absolute":75.0493631669,"rapl_estimated_attributable_power_draw":17.9672580564,"cpu_time_seconds":{"2827":{"user":132.38,"system":8.85,"children_user":1.09,"children_system":0.17},"2860":{"user":0.04,"system":0.03,"children_user":0.0,"children_system":0.0},"2886":{"user":3.88,"system":2.94,"children_user":0.24,"children_system":2.83}},"average_relative_cpu_utilization":0.2257248524,"absolute_cpu_utilization":0.9985912145,"relative_mem_usage":0.3711327205,"absolute_mem_usage":9254192128.0,"absolute_mem_percent_usage":0.0684992103,"mem_info_per_process":{"2827":{"rss":3990962176,"vms":12873949184,"shared":601952256,"text":2322432,"lib":0,"data":11013058560,"dirty":0,"uss":3467296768,"pss":3662858240,"swap":0},"2860":{"rss":11251712,"vms":28168192,"shared":5697536,"text":2322432,"lib":0,"data":5283840,"dirty":0,"uss":5574656,"pss":6027264,"swap":0},"2886":{"rss":1146261504,"vms":8056803328,"shared":15380480,"text":2322432,"lib":0,"data":6411104256,"dirty":0,"uss":1029713920,"pss":1082721280,"swap":0}},"nvidia_draw_absolute":54.58,"nvidia_estimated_attributable_power_draw":54.58,"average_gpu_estimated_utilization_absolute":0.38,"per_gpu_average_estimated_utilization_absolute":{"(0, 2827)":{"sm":38.0,"mem":10.5,"enc":0.0,"dec":0.0}},"average_gpu_estimated_utilization_relative":1.0,"per_gpu_performance_state":{"0":"P2"},"per_gpu_power_draw":{"0":54.58},"cpu_count_adjusted_average_load":[0.161875,0.155,0.1496875],"realtime_carbon_intensity":214.8887880163,"disk_write_speed":47.9536678124,"process_ids":[2827,2860,2886]}
{"timestamp":1572289584.3407709599,"rapl_power_draw_absolute":74.9304495986,"rapl_estimated_attributable_power_draw":18.240554112,"cpu_time_seconds":{"2827":{"user":140.07,"system":9.18,"children_user":1.09,"children_system":0.17},"2860":{"user":0.04,"system":0.03,"children_user":0.0,"children_system":0.0},"2886":{"user":4.12,"system":3.12,"children_user":0.25,"children_system":3.01}},"average_relative_cpu_utilization":0.2301355674,"absolute_cpu_utilization":0.9985269414,"relative_mem_usage":0.37114736,"absolute_mem_usage":9254358016.0,"absolute_mem_percent_usage":0.0685004382,"mem_info_per_process":{"2827":{"rss":3990962176,"vms":12873949184,"shared":601952256,"text":2322432,"lib":0,"data":11013058560,"dirty":0,"uss":3467354112,"pss":3662886912,"swap":0},"2860":{"rss":11251712,"vms":28168192,"shared":5697536,"text":2322432,"lib":0,"data":5283840,"dirty":0,"uss":5574656,"pss":6027264,"swap":0},"2886":{"rss":1146261504,"vms":8056803328,"shared":15380480,"text":2322432,"lib":0,"data":6411104256,"dirty":0,"uss":1029767168,"pss":1082747904,"swap":0}},"nvidia_draw_absolute":54.02,"nvidia_estimated_attributable_power_draw":54.02,"average_gpu_estimated_utilization_absolute":0.38,"per_gpu_average_estimated_utilization_absolute":{"(0, 2827)":{"sm":38.0,"mem":10.5,"enc":0.0,"dec":0.0}},"average_gpu_estimated_utilization_relative":1.0,"per_gpu_performance_state":{"0":"P2"},"per_gpu_power_draw":{"0":54.02},"cpu_count_adjusted_average_load":[0.1584375,0.1546875,0.149375],"realtime_carbon_intensity":214.8887880163,"disk_write_speed":57.0980951782,"process_ids":[2827,2860,2886]}
{"timestamp":1572289592.3087189198,"rapl_power_draw_absolute":75.0247219128,"rapl_estimated_attributable_power_draw":17.9986948213,"cpu_time_seconds":{"2827":{"user":147.64,"system":9.58,"children_user":1.09,"children_system":0.17},"2860":{"user":0.04,"system":0.03,"children_user":0.0,"children_system":0.0},"2886":{"user":4.35,"system":3.29,"children_user":0.25,"children_system":3.19}},"average_relative_cpu_utilization":0.2263373483,"absolute_cpu_utilization":1.0035205074,"relative_mem_usage":0.3711092235,"absolute_mem_usage":9254566912.0,"absolute_mem_percent_usage":0.0685019845,"mem_info_per_process":{"2827":{"rss":3990962176,"vms":12873949184,"shared":601952256,"text":2322432,"lib":0,"data":11013058560,"dirty":0,"uss":3467423744,"pss":3662921728,"swap":0},"2860":{"rss":11251712,"vms":28168192,"shared":5697536,"text":2322432,"lib":0,"data":5283840,"dirty":0,"uss":5574656,"pss":6027264,"swap":0},"2886":{"rss":1146261504,"vms":8056803328,"shared":15380480,"text":2322432,"lib":0,"data":6411104256,"dirty":0,"uss":1029836800,"pss":1082782720,"swap":0}},"nvidia_draw_absolute":54.49,"nvidia_estimated_attributable_power_draw":54.49,"average_gpu_estimated_utilization_absolute":0.3833333333,"per_gpu_average_estimated_utilization_absolute":{"(0, 2827)":{"sm":38.3333333333,"mem":10.6666666667,"enc":0.0,"dec":0.0}},"average_gpu_estimated_utilization_relative":1.0,"per_gpu_performance_state":{"0":"P2"},"per_gpu_power_draw":{"0":54.49},"cpu_count_adjusted_average_load":[0.158125,0.1546875,0.1496875],"realtime_carbon_intensity":214.8887880163,"disk_write_speed":47.5063790304,"process_ids":[2827,2860,2886]}
{"timestamp":1572289600.2883400917,"rapl_power_draw_absolute":80.2576688983,"rapl_estimated_attributable_power_draw":19.0378911495,"cpu_time_seconds":{"2827":{"user":155.24,"system":9.96,"children_user":1.09,"children_system":0.17},"2860":{"user":0.04,"system":0.03,"children_user":0.0,"children_system":0.0},"2886":{"user":4.55,"system":3.46,"children_user":0.27,"children_system":3.36}},"average_relative_cpu_utilization":0.2243237807,"absolute_cpu_utilization":1.0040774424,"relative_mem_usage":0.3711144204,"absolute_mem_usage":9254751232.0,"absolute_mem_percent_usage":0.0685033488,"mem_info_per_process":{"2827":{"rss":3990962176,"vms":12873949184,"shared":601952256,"text":2322432,"lib":0,"data":11013058560,"dirty":0,"uss":3467485184,"pss":3662952448,"swap":0},"2860":{"rss":11251712,"vms":28168192,"shared":5697536,"text":2322432,"lib":0,"data":5283840,"dirty":0,"uss":5574656,"pss":6027264,"swap":0},"2886":{"rss":1146261504,"vms":8056803328,"shared":15380480,"text":2322432,"lib":0,"data":6411104256,"dirty":0,"uss":1029898240,"pss":1082813440,"swap":0}},"nvidia_draw_absolute":58.88,"nvidia_estimated_attributable_power_draw":58.88,"average_gpu_estimated_utilization_absolute":0.3766666667,"per_gpu_average_estimated_utilization_absolute":{"(0, 2827)":{"sm":37.6666666667,"mem":10.3333333333,"enc":0.0,"dec":0.0}},"average_gpu_estimated_utilization_relative":1.0,"per_gpu_performance_state":{"0":"P2"},"per_gpu_power_draw":{"0":58.88},"cpu_count_adjusted_average_load":[0.155625,0.1540625,0.149375],"realtime_carbon_intensity":214.8887880163,"disk_write_speed":50.6052354738,"process_ids":[2827,2860,2886]}
{"timestamp":1572289608.2627520561,"rapl_power_draw_absolute":80.4324805939,"rapl_estimated_attributable_power_draw":19.2686774462,"cpu_time_seconds":{"2827":{"user":162.74,"system":10.44,"children_user":1.09,"children_system":0.17},"2860":{"user":0.04,"system":0.03,"children_user":0.0,"children_system":0.0},"2886":{"user":4.82,"system":3.65,"children_user":0.29,"children_system":3.52}},"average_relative_cpu_utilization":0.2269485004,"absolute_cpu_utilization":1.0085732368,"relative_mem_usage":0.3711287455,"absolute_mem_usage":9254898688.0,"absolute_mem_percent_usage":0.0685044403,"mem_info_per_process":{"2827":{"rss":3990962176,"vms":12873949184,"shared":601952256,"text":2322432,"lib":0,"data":11013058560,"dirty":0,"uss":3467534336,"pss":3662977024,"swap":0},"2860":{"rss":11251712,"vms":28168192,"shared":5697536,"text":2322432,"lib":0,"data":5283840,"dirty":0,"uss":5574656,"pss":6027264,"swap":0},"2886":{"rss":1146261504,"vms":8056803328,"shared":15380480,"text":2322432,"lib":0,"data":6411104256,"dirty":0,"uss":1029947392,"pss":1082838016,"swap":0}},"nvidia_draw_absolute":54.49,"nvidia_estimated_attributable_power_draw":54.49,"average_gpu_estimated_utilization_absolute":0.38,"per_gpu_average_estimated_utilization_absolute":{"(0, 2827)":{"sm":38.0,"mem":10.5,"enc":0.0,"dec":0.0}},"average_gpu_estimated_utilization_relative":1.0,"per_gpu_performance_state":{"0":"P2"},"per_gpu_power_draw":{"0":54.49},"cpu_count_adjusted_average_load":[0.1509375,0.153125,0.1490625],"realtime_carbon_intensity":214.8887880163,"disk_write_speed":55.7849363278,"process_ids":[2827,2860,2886]}
