{"timestamp":1573520406.2916469574,"rapl_power_draw_absolute":61.6367561684,"rapl_estimated_attributable_power_draw":13.4541563914,"cpu_time_seconds":{"14538":{"user":8.43,"system":2.77,"children_user":1.11,"children_system":0.18},"14651":{"user":0.02,"system":0.02,"children_user":0.0,"children_system":0.03}},"average_relative_cpu_utilization":0.233233168,"absolute_cpu_utilization":0.9735737777,"relative_mem_usage":0.0685295678,"absolute_mem_usage":5326187520.0,"absolute_mem_percent_usage":0.039424256,"mem_info_per_process":{"14538":{"rss":4516175872,"vms":11217195008,"shared":113967104,"text":2322432,"lib":0,"data":9835823104,"dirty":0,"uss":657383424,"pss":2584525824,"swap":0},"14651":{"rss":3932250112,"vms":10742378496,"shared":4198400,"text":2322432,"lib":0,"data":9361006592,"dirty":0,"uss":79142912,"pss":2005135360,"swap":0}},"nvidia_draw_absolute":37.35,"nvidia_estimated_attributable_power_draw":37.35,"average_gpu_estimated_utilization_absolute":0.0275,"per_gpu_average_estimated_utilization_absolute":{"(0, 0)":{"sm":0.0,"mem":0.0,"enc":0.0,"dec":0.0},"(0, 14538)":{"sm":2.75,"mem":0.0,"enc":0.0,"dec":0.0}},"average_gpu_estimated_utilization_relative":1.0,"per_gpu_performance_state":{"0":"P2"},"per_gpu_power_draw":{"0":37.35},"cpu_count_adjusted_average_load":[0.13,0.1325,0.136875],"cpu_freq":[{"current":1202.062,"min":1200.0,"max":3200.0},{"current":2399.906,"min":1200.0,"max":3200.0},{"current":1200.093,"min":1200.0,"max":3200.0},{"current":1686.187,"min":1200.0,"max":3200.0},{"current":1287.375,"min":1200.0,"max":3200.0},{"current":1299.937,"min":1200.0,"max":3200.0},{"current":2400.0,"min":1200.0,"max":3200.0},{"current":1490.343,"min":1200.0,"max":3200.0},{"current":1369.031,"min":1200.0,"max":3200.0},{"current":3195.843,"min":1200.0,"max":3200.0},{"current":1212.562,"min":1200.0,"max":3200.0},{"current":1500.468,"min":1200.0,"max":3200.0},{"current":1200.0,"min":1200.0,"max":3200.0},{"current":1200.093,"min":1200.0,"max":3200.0},{"current":1245.562,"min":1200.0,"max":3200.0},{"current":1266.656,"min":1200.0,"max":3200.0},{"current":1293.937,"min":1200.0,"max":3200.0},{"current":2400.0,"min":1200.0,"max":3200.0},{"current":1210.125,"min":1200.0,"max":3200.0},{"current":1206.187,"min":1200.0,"max":3200.0},{"current":1280.625,"min":1200.0,"max":3200.0},{"current":1212.0,"min":1200.0,"max":3200.0},{"current":2399.906,"min":1200.0,"max":3200.0},{"current":1499.906,"min":1200.0,"max":3200.0},{"current":1241.906,"min":1200.0,"max":3200.0},{"current":3181.687,"min":1200.0,"max":3200.0},{"current":1209.75,"min":1200.0,"max":3200.0},{"current":1782.468,"min":1200.0,"max":3200.0},{"current":1362.843,"min":1200.0,"max":3200.0},{"current":1297.406,"min":1200.0,"max":3200.0},{"current":1352.812,"min":1200.0,"max":3200.0},{"current":1201.125,"min":1200.0,"max":3200.0}],"realtime_carbon_intensity":388.3594780824,"disk_write_speed":35.3464664289,"process_ids":[14538,14651]}
{"timestamp":1573520414.3768100739,"rapl_power_draw_absolute":65.9104778193,"rapl_estimated_attributable_power_draw":16.5906732418,"cpu_time_seconds":{"14538":{"user":14.68,"system":4.34,"children_user":1.11,"children_system":0.18},"14651":{"user":0.24,"system":0.17,"children_user":0.03,"children_system":0.19}},"average_relative_cpu_utilization":0.2614176516,"absolute_cpu_utilization":0.9986190168,"relative_mem_usage":0.1524867405,"absolute_mem_usage":12297773056.0,"absolute_mem_percent_usage":0.0910276912,"mem_info_per_process":{"14538":{"rss":7098687488,"vms":15985573888,"shared":567410688,"text":2322432,"lib":0,"data":14389071872,"dirty":0,"uss":3836649472,"pss":5464744960,"swap":0},"14651":{"rss":3939680256,"vms":10742378496,"shared":11612160,"text":2322432,"lib":0,"data":9361006592,"dirty":0,"uss":684998656,"pss":2311379968,"swap":0}},"nvidia_draw_absolute":52.93,"nvidia_estimated_attributable_power_draw":52.93,"average_gpu_estimated_utilization_absolute":0.32,"per_gpu_average_estimated_utilization_absolute":{"(0, 14538)":{"sm":32,"mem":9,"enc":0,"dec":0}},"average_gpu_estimated_utilization_relative":1.0,"per_gpu_performance_state":{"0":"P2"},"per_gpu_power_draw":{"0":52.93},"cpu_count_adjusted_average_load":[0.1271875,0.131875,0.1365625],"cpu_freq":[{"current":1400.156,"min":1200.0,"max":3200.0},{"current":1293.843,"min":1200.0,"max":3200.0},{"current":2399.906,"min":1200.0,"max":3200.0},{"current":2260.218,"min":1200.0,"max":3200.0},{"current":1247.906,"min":1200.0,"max":3200.0},{"current":1230.937,"min":1200.0,"max":3200.0},{"current":2399.906,"min":1200.0,"max":3200.0},{"current":2361.281,"min":1200.0,"max":3200.0},{"current":1288.593,"min":1200.0,"max":3200.0},{"current":3132.187,"min":1200.0,"max":3200.0},{"current":1296.656,"min":1200.0,"max":3200.0},{"current":1200.093,"min":1200.0,"max":3200.0},{"current":1200.093,"min":1200.0,"max":3200.0},{"current":1200.093,"min":1200.0,"max":3200.0},{"current":1200.093,"min":1200.0,"max":3200.0},{"current":1250.343,"min":1200.0,"max":3200.0},{"current":2399.906,"min":1200.0,"max":3200.0},{"current":1395.375,"min":1200.0,"max":3200.0},{"current":2678.625,"min":1200.0,"max":3200.0},{"current":1864.218,"min":1200.0,"max":3200.0},{"current":1204.781,"min":1200.0,"max":3200.0},{"current":1231.781,"min":1200.0,"max":3200.0},{"current":2399.906,"min":1200.0,"max":3200.0},{"current":2400.093,"min":1200.0,"max":3200.0},{"current":1359.656,"min":1200.0,"max":3200.0},{"current":2097.093,"min":1200.0,"max":3200.0},{"current":1260.281,"min":1200.0,"max":3200.0},{"current":1300.781,"min":1200.0,"max":3200.0},{"current":1203.375,"min":1200.0,"max":3200.0},{"current":1261.312,"min":1200.0,"max":3200.0},{"current":1373.25,"min":1200.0,"max":3200.0},{"current":1200.281,"min":1200.0,"max":3200.0}],"realtime_carbon_intensity":388.3594780824,"disk_write_speed":24.7255980407,"process_ids":[14538,14651]}
{"timestamp":1573520422.3977169991,"rapl_power_draw_absolute":65.4083400523,"rapl_estimated_attributable_power_draw":15.5214495788,"cpu_time_seconds":{"14538":{"user":22.42,"system":4.63,"children_user":1.11,"children_system":0.18},"14651":{"user":0.38,"system":0.38,"children_user":0.05,"children_system":0.36}},"average_relative_cpu_utilization":0.244501197,"absolute_cpu_utilization":1.0036102264,"relative_mem_usage":0.1525843728,"absolute_mem_usage":12306086912.0,"absolute_mem_percent_usage":0.09108923,"mem_info_per_process":{"14538":{"rss":7098687488,"vms":15985573888,"shared":567410688,"text":2322432,"lib":0,"data":14389071872,"dirty":0,"uss":3839422464,"pss":5466114048,"swap":0},"14651":{"rss":3939680256,"vms":10742378496,"shared":11612160,"text":2322432,"lib":0,"data":9361006592,"dirty":0,"uss":687779840,"pss":2312770560,"swap":0}},"nvidia_draw_absolute":54.8,"nvidia_estimated_attributable_power_draw":54.8,"average_gpu_estimated_utilization_absolute":0.32,"per_gpu_average_estimated_utilization_absolute":{"(0, 14538)":{"sm":32,"mem":9,"enc":0,"dec":0}},"average_gpu_estimated_utilization_relative":1.0,"per_gpu_performance_state":{"0":"P2"},"per_gpu_power_draw":{"0":54.8},"cpu_count_adjusted_average_load":[0.129375,0.1321875,0.1365625],"cpu_freq":[{"current":1317.562,"min":1200.0,"max":3200.0},{"current":2395.875,"min":1200.0,"max":3200.0},{"current":1258.5,"min":1200.0,"max":3200.0},{"current":2399.906,"min":1200.0,"max":3200.0},{"current":1278.281,"min":1200.0,"max":3200.0},{"current":1200.187,"min":1200.0,"max":3200.0},{"current":1803.187,"min":1200.0,"max":3200.0},{"current":1219.406,"min":1200.0,"max":3200.0},{"current":1411.125,"min":1200.0,"max":3200.0},{"current":3102.656,"min":1200.0,"max":3200.0},{"current":1341.656,"min":1200.0,"max":3200.0},{"current":1296.656,"min":1200.0,"max":3200.0},{"current":1232.25,"min":1200.0,"max":3200.0},{"current":1200.0,"min":1200.0,"max":3200.0},{"current":1209.468,"min":1200.0,"max":3200.0},{"current":1270.312,"min":1200.0,"max":3200.0},{"current":1398.562,"min":1200.0,"max":3200.0},{"current":1408.687,"min":1200.0,"max":3200.0},{"current":1367.156,"min":1200.0,"max":3200.0},{"current":2398.218,"min":1200.0,"max":3200.0},{"current":1200.0,"min":1200.0,"max":3200.0},{"current":1212.937,"min":1200.0,"max":3200.0},{"current":2400.0,"min":1200.0,"max":3200.0},{"current":1296.468,"min":1200.0,"max":3200.0},{"current":1350.468,"min":1200.0,"max":3200.0},{"current":3088.5,"min":1200.0,"max":3200.0},{"current":1577.062,"min":1200.0,"max":3200.0},{"current":1200.562,"min":1200.0,"max":3200.0},{"current":1352.812,"min":1200.0,"max":3200.0},{"current":1464.468,"min":1200.0,"max":3200.0},{"current":1259.156,"min":1200.0,"max":3200.0},{"current":1200.375,"min":1200.0,"max":3200.0}],"realtime_carbon_intensity":388.3594780824,"disk_write_speed":40.9536581249,"process_ids":[14538,14651]}
{"timestamp":1573520430.4137980938,"rapl_power_draw_absolute":65.1773669216,"rapl_estimated_attributable_power_draw":15.1708543081,"cpu_time_seconds":{"14538":{"user":30.2,"system":4.86,"children_user":1.11,"children_system":0.18},"14651":{"user":0.61,"system":0.54,"children_user":0.07,"children_system":0.53}},"average_relative_cpu_utilization":0.2394468861,"absolute_cpu_utilization":0.9936152484,"relative_mem_usage":0.1526175994,"absolute_mem_usage":12310178816.0,"absolute_mem_percent_usage":0.0911195182,"mem_info_per_process":{"14538":{"rss":7098687488,"vms":15985573888,"shared":567410688,"text":2322432,"lib":0,"data":14389071872,"dirty":0,"uss":3840790528,"pss":5466798080,"swap":0},"14651":{"rss":3939680256,"vms":10742378496,"shared":11612160,"text":2322432,"lib":0,"data":9361006592,"dirty":0,"uss":689139712,"pss":2313450496,"swap":0}},"nvidia_draw_absolute":52.28,"nvidia_estimated_attributable_power_draw":52.28,"average_gpu_estimated_utilization_absolute":0.32,"per_gpu_average_estimated_utilization_absolute":{"(0, 14538)":{"sm":32,"mem":9,"enc":0,"dec":0}},"average_gpu_estimated_utilization_relative":1.0,"per_gpu_performance_state":{"0":"P2"},"per_gpu_power_draw":{"0":52.28},"cpu_count_adjusted_average_load":[0.1340625,0.133125,0.136875],"cpu_freq":[{"current":2478.656,"min":1200.0,"max":3200.0},{"current":2298.0,"min":1200.0,"max":3200.0},{"current":1284.0,"min":1200.0,"max":3200.0},{"current":2399.906,"min":1200.0,"max":3200.0},{"current":1248.281,"min":1200.0,"max":3200.0},{"current":1200.843,"min":1200.0,"max":3200.0},{"current":2399.906,"min":1200.0,"max":3200.0},{"current":1200.0,"min":1200.0,"max":3200.0},{"current":1200.093,"min":1200.0,"max":3200.0},{"current":3146.531,"min":1200.0,"max":3200.0},{"current":1473.562,"min":1200.0,"max":3200.0},{"current":2117.062,"min":1200.0,"max":3200.0},{"current":1255.031,"min":1200.0,"max":3200.0},{"current":1200.187,"min":1200.0,"max":3200.0},{"current":1222.5,"min":1200.0,"max":3200.0},{"current":1200.0,"min":1200.0,"max":3200.0},{"current":2719.593,"min":1200.0,"max":3200.0},{"current":1431.281,"min":1200.0,"max":3200.0},{"current":1299.093,"min":1200.0,"max":3200.0},{"current":2400.0,"min":1200.0,"max":3200.0},{"current":1463.062,"min":1200.0,"max":3200.0},{"current":1212.937,"min":1200.0,"max":3200.0},{"current":2400.093,"min":1200.0,"max":3200.0},{"current":1226.062,"min":1200.0,"max":3200.0},{"current":1220.718,"min":1200.0,"max":3200.0},{"current":2626.5,"min":1200.0,"max":3200.0},{"current":1369.593,"min":1200.0,"max":3200.0},{"current":2187.75,"min":1200.0,"max":3200.0},{"current":1210.687,"min":1200.0,"max":3200.0},{"current":1201.218,"min":1200.0,"max":3200.0},{"current":1275.281,"min":1200.0,"max":3200.0},{"current":1200.281,"min":1200.0,"max":3200.0}],"realtime_carbon_intensity":388.3594780824,"disk_write_speed":39.8092634776,"process_ids":[14538,14651]}
{"timestamp":1573520438.3953170776,"rapl_power_draw_absolute":65.295573251,"rapl_estimated_attributable_power_draw":15.5194147605,"cpu_time_seconds":{"14538":{"user":37.98,"system":5.08,"children_user":1.11,"children_system":0.18},"14651":{"user":0.78,"system":0.72,"children_user":0.09,"children_system":0.7}},"average_relative_cpu_utilization":0.2447742269,"absolute_cpu_utilization":0.9985926818,"relative_mem_usage":0.1526373167,"absolute_mem_usage":12313029632.0,"absolute_mem_percent_usage":0.0911406198,"mem_info_per_process":{"14538":{"rss":7098687488,"vms":15985573888,"shared":567410688,"text":2322432,"lib":0,"data":14389071872,"dirty":0,"uss":3841740800,"pss":5467273216,"swap":0},"14651":{"rss":3939680256,"vms":10742378496,"shared":11612160,"text":2322432,"lib":0,"data":9361006592,"dirty":0,"uss":690089984,"pss":2313925632,"swap":0}},"nvidia_draw_absolute":52.08,"nvidia_estimated_attributable_power_draw":52.08,"average_gpu_estimated_utilization_absolute":0.325,"per_gpu_average_estimated_utilization_absolute":{"(0, 14538)":{"sm":32.5,"mem":9.0,"enc":0.0,"dec":0.0}},"average_gpu_estimated_utilization_relative":1.0,"per_gpu_performance_state":{"0":"P2"},"per_gpu_power_draw":{"0":52.08},"cpu_count_adjusted_average_load":[0.1353125,0.1334375,0.136875],"cpu_freq":[{"current":2400.0,"min":1200.0,"max":3200.0},{"current":1932.375,"min":1200.0,"max":3200.0},{"current":2388.375,"min":1200.0,"max":3200.0},{"current":1657.031,"min":1200.0,"max":3200.0},{"current":1297.593,"min":1200.0,"max":3200.0},{"current":1258.406,"min":1200.0,"max":3200.0},{"current":2400.0,"min":1200.0,"max":3200.0},{"current":1596.093,"min":1200.0,"max":3200.0},{"current":1484.062,"min":1200.0,"max":3200.0},{"current":3185.437,"min":1200.0,"max":3200.0},{"current":1296.375,"min":1200.0,"max":3200.0},{"current":1250.812,"min":1200.0,"max":3200.0},{"current":1324.687,"min":1200.0,"max":3200.0},{"current":1200.093,"min":1200.0,"max":3200.0},{"current":1233.843,"min":1200.0,"max":3200.0},{"current":1236.281,"min":1200.0,"max":3200.0},{"current":2400.0,"min":1200.0,"max":3200.0},{"current":2096.343,"min":1200.0,"max":3200.0},{"current":2400.0,"min":1200.0,"max":3200.0},{"current":1581.187,"min":1200.0,"max":3200.0},{"current":1200.375,"min":1200.0,"max":3200.0},{"current":1208.25,"min":1200.0,"max":3200.0},{"current":2398.5,"min":1200.0,"max":3200.0},{"current":1521.093,"min":1200.0,"max":3200.0},{"current":1403.062,"min":1200.0,"max":3200.0},{"current":3112.5,"min":1200.0,"max":3200.0},{"current":1218.468,"min":1200.0,"max":3200.0},{"current":1215.937,"min":1200.0,"max":3200.0},{"current":1203.562,"min":1200.0,"max":3200.0},{"current":1214.531,"min":1200.0,"max":3200.0},{"current":1354.5,"min":1200.0,"max":3200.0},{"current":1219.406,"min":1200.0,"max":3200.0}],"realtime_carbon_intensity":388.3594780824,"disk_write_speed":50.7361871339,"process_ids":[14538,14651]}
{"timestamp":1573520446.4150300026,"rapl_power_draw_absolute":65.2973449642,"rapl_estimated_attributable_power_draw":15.1712407003,"cpu_time_seconds":{"14538":{"user":45.74,"system":5.34,"children_user":1.11,"children_system":0.18},"14651":{"user":1.02,"system":0.92,"children_user":0.09,"children_system":0.88}},"average_relative_cpu_utilization":0.2389825132,"absolute_cpu_utilization":1.00362666,"relative_mem_usage":0.1526458806,"absolute_mem_usage":12314946560.0,"absolute_mem_percent_usage":0.0911548089,"mem_info_per_process":{"14538":{"rss":7098687488,"vms":15985573888,"shared":567410688,"text":2322432,"lib":0,"data":14389071872,"dirty":0,"uss":3842379776,"pss":5467592704,"swap":0},"14651":{"rss":3939680256,"vms":10742378496,"shared":11612160,"text":2322432,"lib":0,"data":9361006592,"dirty":0,"uss":690728960,"pss":2314245120,"swap":0}},"nvidia_draw_absolute":48.63,"nvidia_estimated_attributable_power_draw":48.63,"average_gpu_estimated_utilization_absolute":0.33,"per_gpu_average_estimated_utilization_absolute":{"(0, 14538)":{"sm":33,"mem":9,"enc":0,"dec":0}},"average_gpu_estimated_utilization_relative":1.0,"per_gpu_performance_state":{"0":"P2"},"per_gpu_power_draw":{"0":48.63},"cpu_count_adjusted_average_load":[0.15,0.136875,0.138125],"cpu_freq":[{"current":2024.906,"min":1200.0,"max":3200.0},{"current":2399.906,"min":1200.0,"max":3200.0},{"current":1495.968,"min":1200.0,"max":3200.0},{"current":1200.0,"min":1200.0,"max":3200.0},{"current":1268.718,"min":1200.0,"max":3200.0},{"current":1208.531,"min":1200.0,"max":3200.0},{"current":1399.968,"min":1200.0,"max":3200.0},{"current":2399.906,"min":1200.0,"max":3200.0},{"current":1372.687,"min":1200.0,"max":3200.0},{"current":3049.875,"min":1200.0,"max":3200.0},{"current":1396.406,"min":1200.0,"max":3200.0},{"current":1299.0,"min":1200.0,"max":3200.0},{"current":1200.093,"min":1200.0,"max":3200.0},{"current":1200.187,"min":1200.0,"max":3200.0},{"current":1200.187,"min":1200.0,"max":3200.0},{"current":1222.312,"min":1200.0,"max":3200.0},{"current":2097.187,"min":1200.0,"max":3200.0},{"current":2400.0,"min":1200.0,"max":3200.0},{"current":1205.625,"min":1200.0,"max":3200.0},{"current":1200.0,"min":1200.0,"max":3200.0},{"current":1210.593,"min":1200.0,"max":3200.0},{"current":1200.75,"min":1200.0,"max":3200.0},{"current":1299.937,"min":1200.0,"max":3200.0},{"current":2400.0,"min":1200.0,"max":3200.0},{"current":1287.281,"min":1200.0,"max":3200.0},{"current":3112.5,"min":1200.0,"max":3200.0},{"current":1714.593,"min":1200.0,"max":3200.0},{"current":1371.843,"min":1200.0,"max":3200.0},{"current":1203.562,"min":1200.0,"max":3200.0},{"current":1285.031,"min":1200.0,"max":3200.0},{"current":1263.0,"min":1200.0,"max":3200.0},{"current":1204.593,"min":1200.0,"max":3200.0}],"realtime_carbon_intensity":388.3594780824,"disk_write_speed":50.9801547844,"process_ids":[14538,14651]}
{"timestamp":1573520454.4182159901,"rapl_power_draw_absolute":63.939479587,"rapl_estimated_attributable_power_draw":17.8983702712,"cpu_time_seconds":{"14538":{"user":53.52,"system":5.57,"children_user":1.11,"children_system":0.18},"14651":{"user":1.24,"system":1.1,"children_user":0.1,"children_system":1.06}},"average_relative_cpu_utilization":0.2921255759,"absolute_cpu_utilization":1.0036022703,"relative_mem_usage":0.1526324487,"absolute_mem_usage":12316525568.0,"absolute_mem_percent_usage":0.0911664966,"mem_info_per_process":{"14538":{"rss":7098687488,"vms":15985573888,"shared":567410688,"text":2322432,"lib":0,"data":14389071872,"dirty":0,"uss":3842904064,"pss":5467854848,"swap":0},"14651":{"rss":3939680256,"vms":10742378496,"shared":11612160,"text":2322432,"lib":0,"data":9361006592,"dirty":0,"uss":691257344,"pss":2314509312,"swap":0}},"nvidia_draw_absolute":47.88,"nvidia_estimated_attributable_power_draw":47.88,"average_gpu_estimated_utilization_absolute":0.345,"per_gpu_average_estimated_utilization_absolute":{"(0, 14538)":{"sm":34.5,"mem":9.0,"enc":0.0,"dec":0.0}},"average_gpu_estimated_utilization_relative":1.0,"per_gpu_performance_state":{"0":"P2"},"per_gpu_power_draw":{"0":47.88},"cpu_count_adjusted_average_load":[0.1503125,0.1371875,0.138125],"cpu_freq":[{"current":1414.031,"min":1200.0,"max":3200.0},{"current":2399.906,"min":1200.0,"max":3200.0},{"current":2399.906,"min":1200.0,"max":3200.0},{"current":2198.437,"min":1200.0,"max":3200.0},{"current":1227.468,"min":1200.0,"max":3200.0},{"current":1200.937,"min":1200.0,"max":3200.0},{"current":1315.406,"min":1200.0,"max":3200.0},{"current":2185.031,"min":1200.0,"max":3200.0},{"current":1331.906,"min":1200.0,"max":3200.0},{"current":3171.656,"min":1200.0,"max":3200.0},{"current":1432.406,"min":1200.0,"max":3200.0},{"current":1299.75,"min":1200.0,"max":3200.0},{"current":1240.312,"min":1200.0,"max":3200.0},{"current":1200.093,"min":1200.0,"max":3200.0},{"current":1200.187,"min":1200.0,"max":3200.0},{"current":1218.562,"min":1200.0,"max":3200.0},{"current":2399.906,"min":1200.0,"max":3200.0},{"current":2398.406,"min":1200.0,"max":3200.0},{"current":2400.0,"min":1200.0,"max":3200.0},{"current":2262.0,"min":1200.0,"max":3200.0},{"current":1200.0,"min":1200.0,"max":3200.0},{"current":1233.937,"min":1200.0,"max":3200.0},{"current":1283.625,"min":1200.0,"max":3200.0},{"current":2098.031,"min":1200.0,"max":3200.0},{"current":1523.812,"min":1200.0,"max":3200.0},{"current":3187.875,"min":1200.0,"max":3200.0},{"current":1742.531,"min":1200.0,"max":3200.0},{"current":1205.906,"min":1200.0,"max":3200.0},{"current":1231.406,"min":1200.0,"max":3200.0},{"current":1315.687,"min":1200.0,"max":3200.0},{"current":1219.593,"min":1200.0,"max":3200.0},{"current":1218.937,"min":1200.0,"max":3200.0}],"realtime_carbon_intensity":388.3594780824,"disk_write_speed":56.7668386141,"process_ids":[14538,14651]}
{"timestamp":1573520462.4269959927,"rapl_power_draw_absolute":65.3065636692,"rapl_estimated_attributable_power_draw":15.237504093,"cpu_time_seconds":{"14538":{"user":61.24,"system":5.85,"children_user":1.11,"children_system":0.18},"14651":{"user":1.45,"system":1.31,"children_user":0.12,"children_system":1.23}},"average_relative_cpu_utilization":0.2400725804,"absolute_cpu_utilization":0.9986107231,"relative_mem_usage":0.1526528512,"absolute_mem_usage":12317477888.0,"absolute_mem_percent_usage":0.0911735457,"mem_info_per_process":{"14538":{"rss":7098687488,"vms":15985573888,"shared":567410688,"text":2322432,"lib":0,"data":14389071872,"dirty":0,"uss":3843223552,"pss":5468014592,"swap":0},"14651":{"rss":3939680256,"vms":10742378496,"shared":11612160,"text":2322432,"lib":0,"data":9361006592,"dirty":0,"uss":691572736,"pss":2314667008,"swap":0}},"nvidia_draw_absolute":47.77,"nvidia_estimated_attributable_power_draw":47.77,"average_gpu_estimated_utilization_absolute":0.345,"per_gpu_average_estimated_utilization_absolute":{"(0, 14538)":{"sm":34.5,"mem":9.0,"enc":0.0,"dec":0.0}},"average_gpu_estimated_utilization_relative":1.0,"per_gpu_performance_state":{"0":"P2"},"per_gpu_power_draw":{"0":47.77},"cpu_count_adjusted_average_load":[0.144375,0.13625,0.1378125],"cpu_freq":[{"current":1799.906,"min":1200.0,"max":3200.0},{"current":1426.218,"min":1200.0,"max":3200.0},{"current":1786.593,"min":1200.0,"max":3200.0},{"current":1239.281,"min":1200.0,"max":3200.0},{"current":1328.343,"min":1200.0,"max":3200.0},{"current":1256.437,"min":1200.0,"max":3200.0},{"current":1696.125,"min":1200.0,"max":3200.0},{"current":1297.968,"min":1200.0,"max":3200.0},{"current":1399.968,"min":1200.0,"max":3200.0},{"current":3172.781,"min":1200.0,"max":3200.0},{"current":1500.0,"min":1200.0,"max":3200.0},{"current":1245.562,"min":1200.0,"max":3200.0},{"current":1200.093,"min":1200.0,"max":3200.0},{"current":1211.812,"min":1200.0,"max":3200.0},{"current":1200.187,"min":1200.0,"max":3200.0},{"current":1268.812,"min":1200.0,"max":3200.0},{"current":1595.625,"min":1200.0,"max":3200.0},{"current":2399.906,"min":1200.0,"max":3200.0},{"current":2400.0,"min":1200.0,"max":3200.0},{"current":1596.843,"min":1200.0,"max":3200.0},{"current":1387.5,"min":1200.0,"max":3200.0},{"current":1274.062,"min":1200.0,"max":3200.0},{"current":1730.906,"min":1200.0,"max":3200.0},{"current":1293.375,"min":1200.0,"max":3200.0},{"current":1335.75,"min":1200.0,"max":3200.0},{"current":3170.812,"min":1200.0,"max":3200.0},{"current":1606.687,"min":1200.0,"max":3200.0},{"current":1385.812,"min":1200.0,"max":3200.0},{"current":1220.906,"min":1200.0,"max":3200.0},{"current":1236.0,"min":1200.0,"max":3200.0},{"current":1271.062,"min":1200.0,"max":3200.0},{"current":1200.281,"min":1200.0,"max":3200.0}],"realtime_carbon_intensity":388.3594780824,"disk_write_speed":16.7457117343,"process_ids":[14538,14651]}
{"timestamp":1573520470.4694271088,"rapl_power_draw_absolute":65.3073549233,"rapl_estimated_attributable_power_draw":15.1048153564,"cpu_time_seconds":{"14538":{"user":69.01,"system":6.13,"children_user":1.11,"children_system":0.18},"14651":{"user":1.58,"system":1.47,"children_user":0.13,"children_system":1.41}},"average_relative_cpu_utilization":0.2378508251,"absolute_cpu_utilization":1.0036099272,"relative_mem_usage":0.1526436738,"absolute_mem_usage":12318166016.0,"absolute_mem_percent_usage":0.0911786392,"mem_info_per_process":{"14538":{"rss":7098687488,"vms":15985573888,"shared":567410688,"text":2322432,"lib":0,"data":14389071872,"dirty":0,"uss":3843452928,"pss":5468129280,"swap":0},"14651":{"rss":3939680256,"vms":10742378496,"shared":11612160,"text":2322432,"lib":0,"data":9361006592,"dirty":0,"uss":691802112,"pss":2314781696,"swap":0}},"nvidia_draw_absolute":48.06,"nvidia_estimated_attributable_power_draw":48.06,"average_gpu_estimated_utilization_absolute":0.345,"per_gpu_average_estimated_utilization_absolute":{"(0, 14538)":{"sm":34.5,"mem":9.0,"enc":0.0,"dec":0.0}},"average_gpu_estimated_utilization_relative":1.0,"per_gpu_performance_state":{"0":"P2"},"per_gpu_power_draw":{"0":48.06},"cpu_count_adjusted_average_load":[0.1403125,0.1353125,0.1375],"cpu_freq":[{"current":1996.593,"min":1200.0,"max":3200.0},{"current":2399.906,"min":1200.0,"max":3200.0},{"current":2400.0,"min":1200.0,"max":3200.0},{"current":1270.125,"min":1200.0,"max":3200.0},{"current":1199.718,"min":1200.0,"max":3200.0},{"current":1254.937,"min":1200.0,"max":3200.0},{"current":1990.5,"min":1200.0,"max":3200.0},{"current":1298.812,"min":1200.0,"max":3200.0},{"current":1399.5,"min":1200.0,"max":3200.0},{"current":3138.656,"min":1200.0,"max":3200.0},{"current":1200.843,"min":1200.0,"max":3200.0},{"current":1414.5,"min":1200.0,"max":3200.0},{"current":1200.093,"min":1200.0,"max":3200.0},{"current":1200.187,"min":1200.0,"max":3200.0},{"current":1233.093,"min":1200.0,"max":3200.0},{"current":1200.093,"min":1200.0,"max":3200.0},{"current":1455.468,"min":1200.0,"max":3200.0},{"current":2400.0,"min":1200.0,"max":3200.0},{"current":2399.906,"min":1200.0,"max":3200.0},{"current":1296.375,"min":1200.0,"max":3200.0},{"current":1246.781,"min":1200.0,"max":3200.0},{"current":1228.875,"min":1200.0,"max":3200.0},{"current":1756.5,"min":1200.0,"max":3200.0},{"current":1226.531,"min":1200.0,"max":3200.0},{"current":1577.812,"min":1200.0,"max":3200.0},{"current":3134.437,"min":1200.0,"max":3200.0},{"current":1264.312,"min":1200.0,"max":3200.0},{"current":1300.125,"min":1200.0,"max":3200.0},{"current":1215.281,"min":1200.0,"max":3200.0},{"current":1247.812,"min":1200.0,"max":3200.0},{"current":1226.906,"min":1200.0,"max":3200.0},{"current":1200.281,"min":1200.0,"max":3200.0}],"realtime_carbon_intensity":388.3594780824,"disk_write_speed":31.3922881534,"process_ids":[14538,14651]}
{"timestamp":1573520478.4621729851,"rapl_power_draw_absolute":65.3081649919,"rapl_estimated_attributable_power_draw":14.770177886,"cpu_time_seconds":{"14538":{"user":76.75,"system":6.38,"children_user":1.11,"children_system":0.18},"14651":{"user":1.78,"system":1.65,"children_user":0.14,"children_system":1.58}},"average_relative_cpu_utilization":0.2322653008,"absolute_cpu_utilization":0.9986137044,"relative_mem_usage":0.1526428558,"absolute_mem_usage":12318718976.0,"absolute_mem_percent_usage":0.0911827322,"mem_info_per_process":{"14538":{"rss":7098687488,"vms":15985573888,"shared":567410688,"text":2322432,"lib":0,"data":14389071872,"dirty":0,"uss":3843637248,"pss":5468221440,"swap":0},"14651":{"rss":3939680256,"vms":10742378496,"shared":11612160,"text":2322432,"lib":0,"data":9361006592,"dirty":0,"uss":691986432,"pss":2314873856,"swap":0}},"nvidia_draw_absolute":49.44,"nvidia_estimated_attributable_power_draw":49.44,"average_gpu_estimated_utilization_absolute":0.345,"per_gpu_average_estimated_utilization_absolute":{"(0, 14538)":{"sm":34.5,"mem":9.0,"enc":0.0,"dec":0.0}},"average_gpu_estimated_utilization_relative":1.0,"per_gpu_performance_state":{"0":"P2"},"per_gpu_power_draw":{"0":49.44},"cpu_count_adjusted_average_load":[0.140625,0.135625,0.1375],"cpu_freq":[{"current":2395.781,"min":1200.0,"max":3200.0},{"current":2399.906,"min":1200.0,"max":3200.0},{"current":1200.0,"min":1200.0,"max":3200.0},{"current":2295.656,"min":1200.0,"max":3200.0},{"current":1268.718,"min":1200.0,"max":3200.0},{"current":1200.093,"min":1200.0,"max":3200.0},{"current":2399.906,"min":1200.0,"max":3200.0},{"current":2395.687,"min":1200.0,"max":3200.0},{"current":1398.656,"min":1200.0,"max":3200.0},{"current":3174.468,"min":1200.0,"max":3200.0},{"current":1413.281,"min":1200.0,"max":3200.0},{"current":1200.187,"min":1200.0,"max":3200.0},{"current":1278.468,"min":1200.0,"max":3200.0},{"current":1200.093,"min":1200.0,"max":3200.0},{"current":1484.156,"min":1200.0,"max":3200.0},{"current":1200.093,"min":1200.0,"max":3200.0},{"current":2183.437,"min":1200.0,"max":3200.0},{"current":2400.0,"min":1200.0,"max":3200.0},{"current":1200.0,"min":1200.0,"max":3200.0},{"current":2148.75,"min":1200.0,"max":3200.0},{"current":1244.718,"min":1200.0,"max":3200.0},{"current":1222.5,"min":1200.0,"max":3200.0},{"current":2254.125,"min":1200.0,"max":3200.0},{"current":2151.0,"min":1200.0,"max":3200.0},{"current":1501.031,"min":1200.0,"max":3200.0},{"current":3134.437,"min":1200.0,"max":3200.0},{"current":1442.343,"min":1200.0,"max":3200.0},{"current":1375.406,"min":1200.0,"max":3200.0},{"current":1265.812,"min":1200.0,"max":3200.0},{"current":1216.5,"min":1200.0,"max":3200.0},{"current":1265.156,"min":1200.0,"max":3200.0},{"current":1201.312,"min":1200.0,"max":3200.0}],"realtime_carbon_intensity":388.3594780824,"disk_write_speed":28.9191476296,"process_ids":[14538,14651]}
{"timestamp":1573520486.4840509892,"rapl_power_draw_absolute":65.9225929289,"rapl_estimated_attributable_power_draw":15.4058282649,"cpu_time_seconds":{"14538":{"user":84.56,"system":6.6,"children_user":1.11,"children_system":0.18},"14651":{"user":1.96,"system":1.83,"children_user":0.15,"children_system":1.76}},"average_relative_cpu_utilization":0.2403648112,"absolute_cpu_utilization":0.998651474,"relative_mem_usage":0.1526349943,"absolute_mem_usage":12319210496.0,"absolute_mem_percent_usage":0.0911863704,"mem_info_per_process":{"14538":{"rss":7098687488,"vms":15985573888,"shared":567410688,"text":2322432,"lib":0,"data":14389071872,"dirty":0,"uss":3843801088,"pss":5468303360,"swap":0},"14651":{"rss":3939680256,"vms":10742378496,"shared":11612160,"text":2322432,"lib":0,"data":9361006592,"dirty":0,"uss":692150272,"pss":2314955776,"swap":0}},"nvidia_draw_absolute":52.11,"nvidia_estimated_attributable_power_draw":52.11,"average_gpu_estimated_utilization_absolute":0.345,"per_gpu_average_estimated_utilization_absolute":{"(0, 14538)":{"sm":34.5,"mem":9.0,"enc":0.0,"dec":0.0}},"average_gpu_estimated_utilization_relative":1.0,"per_gpu_performance_state":{"0":"P2"},"per_gpu_power_draw":{"0":52.11},"cpu_count_adjusted_average_load":[0.148125,0.1371875,0.138125],"cpu_freq":[{"current":2379.937,"min":1200.0,"max":3200.0},{"current":2399.906,"min":1200.0,"max":3200.0},{"current":1201.125,"min":1200.0,"max":3200.0},{"current":2400.0,"min":1200.0,"max":3200.0},{"current":1219.593,"min":1200.0,"max":3200.0},{"current":1257.375,"min":1200.0,"max":3200.0},{"current":1206.281,"min":1200.0,"max":3200.0},{"current":2368.125,"min":1200.0,"max":3200.0},{"current":1210.5,"min":1200.0,"max":3200.0},{"current":3155.906,"min":1200.0,"max":3200.0},{"current":1300.031,"min":1200.0,"max":3200.0},{"current":2278.875,"min":1200.0,"max":3200.0},{"current":1201.968,"min":1200.0,"max":3200.0},{"current":1200.281,"min":1200.0,"max":3200.0},{"current":1225.312,"min":1200.0,"max":3200.0},{"current":1200.093,"min":1200.0,"max":3200.0},{"current":2296.687,"min":1200.0,"max":3200.0},{"current":2400.187,"min":1200.0,"max":3200.0},{"current":2381.531,"min":1200.0,"max":3200.0},{"current":2368.5,"min":1200.0,"max":3200.0},{"current":1261.125,"min":1200.0,"max":3200.0},{"current":1391.062,"min":1200.0,"max":3200.0},{"current":1200.093,"min":1200.0,"max":3200.0},{"current":2399.906,"min":1200.0,"max":3200.0},{"current":1237.968,"min":1200.0,"max":3200.0},{"current":2959.968,"min":1200.0,"max":3200.0},{"current":1451.156,"min":1200.0,"max":3200.0},{"current":2281.125,"min":1200.0,"max":3200.0},{"current":1225.593,"min":1200.0,"max":3200.0},{"current":1237.125,"min":1200.0,"max":3200.0},{"current":1252.218,"min":1200.0,"max":3200.0},{"current":1200.656,"min":1200.0,"max":3200.0}],"realtime_carbon_intensity":388.3594780824,"disk_write_speed":50.41219117,"process_ids":[14538,14651]}
{"timestamp":1573520494.4759249687,"rapl_power_draw_absolute":65.3505395902,"rapl_estimated_attributable_power_draw":15.1810516764,"cpu_time_seconds":{"14538":{"user":92.28,"system":6.88,"children_user":1.11,"children_system":0.18},"14651":{"user":2.16,"system":2.04,"children_user":0.16,"children_system":1.93}},"average_relative_cpu_utilization":0.2389394218,"absolute_cpu_utilization":0.9987577117,"relative_mem_usage":0.1526255384,"absolute_mem_usage":12319738880.0,"absolute_mem_percent_usage":0.0911902814,"mem_info_per_process":{"14538":{"rss":7098687488,"vms":15985573888,"shared":567410688,"text":2322432,"lib":0,"data":14389071872,"dirty":0,"uss":3843977216,"pss":5468391424,"swap":0},"14651":{"rss":3939680256,"vms":10742378496,"shared":11612160,"text":2322432,"lib":0,"data":9361006592,"dirty":0,"uss":692326400,"pss":2315043840,"swap":0}},"nvidia_draw_absolute":48.84,"nvidia_estimated_attributable_power_draw":48.84,"average_gpu_estimated_utilization_absolute":0.345,"per_gpu_average_estimated_utilization_absolute":{"(0, 14538)":{"sm":34.5,"mem":9.0,"enc":0.0,"dec":0.0}},"average_gpu_estimated_utilization_relative":1.0,"per_gpu_performance_state":{"0":"P2"},"per_gpu_power_draw":{"0":48.84},"cpu_count_adjusted_average_load":[0.14375,0.1365625,0.1378125],"cpu_freq":[{"current":1225.312,"min":1200.0,"max":3200.0},{"current":1387.687,"min":1200.0,"max":3200.0},{"current":2008.875,"min":1200.0,"max":3200.0},{"current":1523.812,"min":1200.0,"max":3200.0},{"current":1524.468,"min":1200.0,"max":3200.0},{"current":1200.843,"min":1200.0,"max":3200.0},{"current":2399.906,"min":1200.0,"max":3200.0},{"current":1697.156,"min":1200.0,"max":3200.0},{"current":1213.031,"min":1200.0,"max":3200.0},{"current":3063.375,"min":1200.0,"max":3200.0},{"current":1681.312,"min":1200.0,"max":3200.0},{"current":1296.093,"min":1200.0,"max":3200.0},{"current":1255.125,"min":1200.0,"max":3200.0},{"current":1200.281,"min":1200.0,"max":3200.0},{"current":1200.187,"min":1200.0,"max":3200.0},{"current":1200.093,"min":1200.0,"max":3200.0},{"current":1898.062,"min":1200.0,"max":3200.0},{"current":2356.406,"min":1200.0,"max":3200.0},{"current":2399.906,"min":1200.0,"max":3200.0},{"current":1741.5,"min":1200.0,"max":3200.0},{"current":1220.625,"min":1200.0,"max":3200.0},{"current":1391.062,"min":1200.0,"max":3200.0},{"current":2399.906,"min":1200.0,"max":3200.0},{"current":1896.75,"min":1200.0,"max":3200.0},{"current":1276.687,"min":1200.0,"max":3200.0},{"current":2959.968,"min":1200.0,"max":3200.0},{"current":1591.406,"min":1200.0,"max":3200.0},{"current":1601.156,"min":1200.0,"max":3200.0},{"current":1225.593,"min":1200.0,"max":3200.0},{"current":1226.343,"min":1200.0,"max":3200.0},{"current":1240.968,"min":1200.0,"max":3200.0},{"current":1200.75,"min":1200.0,"max":3200.0}],"realtime_carbon_intensity":388.3594780824,"disk_write_speed":45.153999824,"process_ids":[14538,14651]}
{"timestamp":1573520502.4775810242,"rapl_power_draw_absolute":65.2987103856,"rapl_estimated_attributable_power_draw":15.1503754263,"cpu_time_seconds":{"14538":{"user":100.08,"system":7.08,"children_user":1.11,"children_system":0.18},"14651":{"user":2.42,"system":2.22,"children_user":0.17,"children_system":2.11}},"average_relative_cpu_utilization":0.2386456572,"absolute_cpu_utilization":0.9986623914,"relative_mem_usage":0.1526214709,"absolute_mem_usage":12320175104.0,"absolute_mem_percent_usage":0.0911935104,"mem_info_per_process":{"14538":{"rss":7098687488,"vms":15985573888,"shared":567410688,"text":2322432,"lib":0,"data":14389071872,"dirty":0,"uss":3844120576,"pss":5468463104,"swap":0},"14651":{"rss":3939680256,"vms":10742378496,"shared":11612160,"text":2322432,"lib":0,"data":9361006592,"dirty":0,"uss":692473856,"pss":2315117568,"swap":0}},"nvidia_draw_absolute":51.34,"nvidia_estimated_attributable_power_draw":51.34,"average_gpu_estimated_utilization_absolute":0.345,"per_gpu_average_estimated_utilization_absolute":{"(0, 14538)":{"sm":34.5,"mem":9.0,"enc":0.0,"dec":0.0}},"average_gpu_estimated_utilization_relative":1.0,"per_gpu_performance_state":{"0":"P2"},"per_gpu_power_draw":{"0":51.34},"cpu_count_adjusted_average_load":[0.1409375,0.13625,0.1378125],"cpu_freq":[{"current":1340.906,"min":1200.0,"max":3200.0},{"current":1200.0,"min":1200.0,"max":3200.0},{"current":1764.75,"min":1200.0,"max":3200.0},{"current":2399.906,"min":1200.0,"max":3200.0},{"current":1200.562,"min":1200.0,"max":3200.0},{"current":1200.375,"min":1200.0,"max":3200.0},{"current":2399.906,"min":1200.0,"max":3200.0},{"current":2399.906,"min":1200.0,"max":3200.0},{"current":1248.843,"min":1200.0,"max":3200.0},{"current":3121.312,"min":1200.0,"max":3200.0},{"current":1297.875,"min":1200.0,"max":3200.0},{"current":1513.125,"min":1200.0,"max":3200.0},{"current":1256.625,"min":1200.0,"max":3200.0},{"current":1213.781,"min":1200.0,"max":3200.0},{"current":1237.781,"min":1200.0,"max":3200.0},{"current":1200.093,"min":1200.0,"max":3200.0},{"current":1259.343,"min":1200.0,"max":3200.0},{"current":1361.625,"min":1200.0,"max":3200.0},{"current":1798.312,"min":1200.0,"max":3200.0},{"current":2400.0,"min":1200.0,"max":3200.0},{"current":1200.0,"min":1200.0,"max":3200.0},{"current":1204.031,"min":1200.0,"max":3200.0},{"current":2400.0,"min":1200.0,"max":3200.0},{"current":2400.0,"min":1200.0,"max":3200.0},{"current":1259.062,"min":1200.0,"max":3200.0},{"current":2944.125,"min":1200.0,"max":3200.0},{"current":1201.031,"min":1200.0,"max":3200.0},{"current":1597.031,"min":1200.0,"max":3200.0},{"current":1251.937,"min":1200.0,"max":3200.0},{"current":1292.812,"min":1200.0,"max":3200.0},{"current":1435.781,"min":1200.0,"max":3200.0},{"current":1200.281,"min":1200.0,"max":3200.0}],"realtime_carbon_intensity":388.3594780824,"disk_write_speed":43.2097535666,"process_ids":[14538,14651]}
{"timestamp":1573520510.4781360626,"rapl_power_draw_absolute":66.0211065784,"rapl_estimated_attributable_power_draw":15.3197813766,"cpu_time_seconds":{"14538":{"user":107.83,"system":7.33,"children_user":1.11,"children_system":0.18},"14651":{"user":2.65,"system":2.4,"children_user":0.19,"children_system":2.27}},"average_relative_cpu_utilization":0.2385853412,"absolute_cpu_utilization":0.9936075804,"relative_mem_usage":0.1526125605,"absolute_mem_usage":12320522240.0,"absolute_mem_percent_usage":0.0911960798,"mem_info_per_process":{"14538":{"rss":7098687488,"vms":15985573888,"shared":567410688,"text":2322432,"lib":0,"data":14389071872,"dirty":0,"uss":3844239360,"pss":5468519424,"swap":0},"14651":{"rss":3939680256,"vms":10742378496,"shared":11612160,"text":2322432,"lib":0,"data":9361006592,"dirty":0,"uss":692588544,"pss":2315174912,"swap":0}},"nvidia_draw_absolute":50.67,"nvidia_estimated_attributable_power_draw":50.67,"average_gpu_estimated_utilization_absolute":0.345,"per_gpu_average_estimated_utilization_absolute":{"(0, 14538)":{"sm":34.5,"mem":9.0,"enc":0.0,"dec":0.0}},"average_gpu_estimated_utilization_relative":1.0,"per_gpu_performance_state":{"0":"P2"},"per_gpu_power_draw":{"0":50.67},"cpu_count_adjusted_average_load":[0.1446875,0.1371875,0.138125],"cpu_freq":[{"current":2399.906,"min":1200.0,"max":3200.0},{"current":2399.906,"min":1200.0,"max":3200.0},{"current":2399.906,"min":1200.0,"max":3200.0},{"current":2395.687,"min":1200.0,"max":3200.0},{"current":1224.656,"min":1200.0,"max":3200.0},{"current":1200.281,"min":1200.0,"max":3200.0},{"current":1495.593,"min":1200.0,"max":3200.0},{"current":2345.906,"min":1200.0,"max":3200.0},{"current":1254.562,"min":1200.0,"max":3200.0},{"current":3171.75,"min":1200.0,"max":3200.0},{"current":1704.75,"min":1200.0,"max":3200.0},{"current":1296.0,"min":1200.0,"max":3200.0},{"current":1200.187,"min":1200.0,"max":3200.0},{"current":1200.187,"min":1200.0,"max":3200.0},{"current":1216.687,"min":1200.0,"max":3200.0},{"current":1200.093,"min":1200.0,"max":3200.0},{"current":2399.812,"min":1200.0,"max":3200.0},{"current":2400.0,"min":1200.0,"max":3200.0},{"current":2400.0,"min":1200.0,"max":3200.0},{"current":2400.0,"min":1200.0,"max":3200.0},{"current":1216.968,"min":1200.0,"max":3200.0},{"current":1304.062,"min":1200.0,"max":3200.0},{"current":1899.187,"min":1200.0,"max":3200.0},{"current":2400.0,"min":1200.0,"max":3200.0},{"current":1688.343,"min":1200.0,"max":3200.0},{"current":2944.125,"min":1200.0,"max":3200.0},{"current":1296.937,"min":1200.0,"max":3200.0},{"current":1245.843,"min":1200.0,"max":3200.0},{"current":1380.187,"min":1200.0,"max":3200.0},{"current":1242.562,"min":1200.0,"max":3200.0},{"current":1234.5,"min":1200.0,"max":3200.0},{"current":1200.843,"min":1200.0,"max":3200.0}],"realtime_carbon_intensity":388.3594780824,"disk_write_speed":42.3553338792,"process_ids":[14538,14651]}
{"timestamp":1573520518.5545089245,"rapl_power_draw_absolute":64.8858208944,"rapl_estimated_attributable_power_draw":15.0696707886,"cpu_time_seconds":{"14538":{"user":115.67,"system":7.57,"children_user":1.11,"children_system":0.18},"14651":{"user":2.84,"system":2.58,"children_user":0.19,"children_system":2.45}},"average_relative_cpu_utilization":0.2389352262,"absolute_cpu_utilization":0.9987101115,"relative_mem_usage":0.1526041761,"absolute_mem_usage":12320734208.0,"absolute_mem_percent_usage":0.0911976488,"mem_info_per_process":{"14538":{"rss":7098687488,"vms":15985573888,"shared":567410688,"text":2322432,"lib":0,"data":14389071872,"dirty":0,"uss":3844308992,"pss":5468557312,"swap":0},"14651":{"rss":3939680256,"vms":10742378496,"shared":11612160,"text":2322432,"lib":0,"data":9361006592,"dirty":0,"uss":692658176,"pss":2315209728,"swap":0}},"nvidia_draw_absolute":47.61,"nvidia_estimated_attributable_power_draw":47.61,"average_gpu_estimated_utilization_absolute":0.345,"per_gpu_average_estimated_utilization_absolute":{"(0, 14538)":{"sm":34.5,"mem":9.0,"enc":0.0,"dec":0.0}},"average_gpu_estimated_utilization_relative":1.0,"per_gpu_performance_state":{"0":"P2"},"per_gpu_power_draw":{"0":47.61},"cpu_count_adjusted_average_load":[0.15125,0.13875,0.1384375],"cpu_freq":[{"current":1298.25,"min":1200.0,"max":3200.0},{"current":2400.0,"min":1200.0,"max":3200.0},{"current":1332.187,"min":1200.0,"max":3200.0},{"current":2399.906,"min":1200.0,"max":3200.0},{"current":1288.5,"min":1200.0,"max":3200.0},{"current":1248.0,"min":1200.0,"max":3200.0},{"current":2399.906,"min":1200.0,"max":3200.0},{"current":2400.0,"min":1200.0,"max":3200.0},{"current":1386.937,"min":1200.0,"max":3200.0},{"current":3145.593,"min":1200.0,"max":3200.0},{"current":1809.375,"min":1200.0,"max":3200.0},{"current":1298.625,"min":1200.0,"max":3200.0},{"current":1200.093,"min":1200.0,"max":3200.0},{"current":1211.718,"min":1200.0,"max":3200.0},{"current":1200.187,"min":1200.0,"max":3200.0},{"current":1200.187,"min":1200.0,"max":3200.0},{"current":1470.0,"min":1200.0,"max":3200.0},{"current":2395.968,"min":1200.0,"max":3200.0},{"current":2296.218,"min":1200.0,"max":3200.0},{"current":2399.906,"min":1200.0,"max":3200.0},{"current":1289.156,"min":1200.0,"max":3200.0},{"current":1447.125,"min":1200.0,"max":3200.0},{"current":2399.906,"min":1200.0,"max":3200.0},{"current":2400.0,"min":1200.0,"max":3200.0},{"current":1255.125,"min":1200.0,"max":3200.0},{"current":2982.468,"min":1200.0,"max":3200.0},{"current":1560.187,"min":1200.0,"max":3200.0},{"current":1202.437,"min":1200.0,"max":3200.0},{"current":1203.093,"min":1200.0,"max":3200.0},{"current":1397.625,"min":1200.0,"max":3200.0},{"current":1467.75,"min":1200.0,"max":3200.0},{"current":1200.75,"min":1200.0,"max":3200.0}],"realtime_carbon_intensity":388.3594780824,"disk_write_speed":29.9101761392,"process_ids":[14538,14651]}
{"timestamp":1573520526.580149889,"rapl_power_draw_absolute":65.7443670668,"rapl_estimated_attributable_power_draw":15.065411354,"cpu_time_seconds":{"14538":{"user":123.48,"system":7.79,"children_user":1.11,"children_system":0.18},"14651":{"user":3.0,"system":2.77,"children_user":0.22,"children_system":2.6}},"average_relative_cpu_utilization":0.2354912716,"absolute_cpu_utilization":0.9936896394,"relative_mem_usage":0.1525924028,"absolute_mem_usage":12321016832.0,"absolute_mem_percent_usage":0.0911997408,"mem_info_per_process":{"14538":{"rss":7098687488,"vms":15985573888,"shared":567410688,"text":2322432,"lib":0,"data":14389071872,"dirty":0,"uss":3844403200,"pss":5468604416,"swap":0},"14651":{"rss":3939680256,"vms":10742378496,"shared":11612160,"text":2322432,"lib":0,"data":9361006592,"dirty":0,"uss":692752384,"pss":2315256832,"swap":0}},"nvidia_draw_absolute":50.07,"nvidia_estimated_attributable_power_draw":50.07,"average_gpu_estimated_utilization_absolute":0.345,"per_gpu_average_estimated_utilization_absolute":{"(0, 14538)":{"sm":34.5,"mem":9.0,"enc":0.0,"dec":0.0}},"average_gpu_estimated_utilization_relative":1.0,"per_gpu_performance_state":{"0":"P2"},"per_gpu_power_draw":{"0":50.07},"cpu_count_adjusted_average_load":[0.146875,0.138125,0.1384375],"cpu_freq":[{"current":1387.687,"min":1200.0,"max":3200.0},{"current":1695.75,"min":1200.0,"max":3200.0},{"current":2399.906,"min":1200.0,"max":3200.0},{"current":2399.437,"min":1200.0,"max":3200.0},{"current":1700.25,"min":1200.0,"max":3200.0},{"current":1264.031,"min":1200.0,"max":3200.0},{"current":1467.468,"min":1200.0,"max":3200.0},{"current":2399.906,"min":1200.0,"max":3200.0},{"current":1338.468,"min":1200.0,"max":3200.0},{"current":3092.437,"min":1200.0,"max":3200.0},{"current":1242.843,"min":1200.0,"max":3200.0},{"current":1401.656,"min":1200.0,"max":3200.0},{"current":1277.718,"min":1200.0,"max":3200.0},{"current":1243.875,"min":1200.0,"max":3200.0},{"current":1200.093,"min":1200.0,"max":3200.0},{"current":1200.093,"min":1200.0,"max":3200.0},{"current":1365.093,"min":1200.0,"max":3200.0},{"current":1794.375,"min":1200.0,"max":3200.0},{"current":1799.625,"min":1200.0,"max":3200.0},{"current":2400.0,"min":1200.0,"max":3200.0},{"current":1585.406,"min":1200.0,"max":3200.0},{"current":1447.125,"min":1200.0,"max":3200.0},{"current":1897.218,"min":1200.0,"max":3200.0},{"current":2400.0,"min":1200.0,"max":3200.0},{"current":1598.531,"min":1200.0,"max":3200.0},{"current":2982.468,"min":1200.0,"max":3200.0},{"current":1298.531,"min":1200.0,"max":3200.0},{"current":1373.062,"min":1200.0,"max":3200.0},{"current":1252.781,"min":1200.0,"max":3200.0},{"current":1272.937,"min":1200.0,"max":3200.0},{"current":1357.406,"min":1200.0,"max":3200.0},{"current":1201.781,"min":1200.0,"max":3200.0}],"realtime_carbon_intensity":388.3594780824,"disk_write_speed":30.4512239004,"process_ids":[14538,14651]}
{"timestamp":1573520534.5864520073,"rapl_power_draw_absolute":66.7175937398,"rapl_estimated_attributable_power_draw":15.9205039617,"cpu_time_seconds":{"14538":{"user":131.22,"system":8.06,"children_user":1.11,"children_system":0.18},"14651":{"user":3.18,"system":2.96,"children_user":0.24,"children_system":2.77}},"average_relative_cpu_utilization":0.2456950305,"absolute_cpu_utilization":1.003599185,"relative_mem_usage":0.1525862615,"absolute_mem_usage":12321176576.0,"absolute_mem_percent_usage":0.0912009232,"mem_info_per_process":{"14538":{"rss":7098687488,"vms":15985573888,"shared":567410688,"text":2322432,"lib":0,"data":14389071872,"dirty":0,"uss":3844456448,"pss":5468631040,"swap":0},"14651":{"rss":3939680256,"vms":10742378496,"shared":11612160,"text":2322432,"lib":0,"data":9361006592,"dirty":0,"uss":692805632,"pss":2315283456,"swap":0}},"nvidia_draw_absolute":48.84,"nvidia_estimated_attributable_power_draw":48.84,"average_gpu_estimated_utilization_absolute":0.34,"per_gpu_average_estimated_utilization_absolute":{"(0, 14538)":{"sm":34,"mem":9,"enc":0,"dec":0}},"average_gpu_estimated_utilization_relative":1.0,"per_gpu_performance_state":{"0":"P2"},"per_gpu_power_draw":{"0":48.84},"cpu_count_adjusted_average_load":[0.1453125,0.138125,0.1384375],"cpu_freq":[{"current":1209.937,"min":1200.0,"max":3200.0},{"current":2399.906,"min":1200.0,"max":3200.0},{"current":1882.218,"min":1200.0,"max":3200.0},{"current":2399.906,"min":1200.0,"max":3200.0},{"current":1262.531,"min":1200.0,"max":3200.0},{"current":1217.25,"min":1200.0,"max":3200.0},{"current":1294.968,"min":1200.0,"max":3200.0},{"current":1431.093,"min":1200.0,"max":3200.0},{"current":1242.562,"min":1200.0,"max":3200.0},{"current":3060.656,"min":1200.0,"max":3200.0},{"current":1578.093,"min":1200.0,"max":3200.0},{"current":1295.906,"min":1200.0,"max":3200.0},{"current":1200.187,"min":1200.0,"max":3200.0},{"current":1200.187,"min":1200.0,"max":3200.0},{"current":1200.093,"min":1200.0,"max":3200.0},{"current":1200.093,"min":1200.0,"max":3200.0},{"current":1995.468,"min":1200.0,"max":3200.0},{"current":2400.0,"min":1200.0,"max":3200.0},{"current":2266.5,"min":1200.0,"max":3200.0},{"current":2400.0,"min":1200.0,"max":3200.0},{"current":1211.812,"min":1200.0,"max":3200.0},{"current":1255.687,"min":1200.0,"max":3200.0},{"current":1294.5,"min":1200.0,"max":3200.0},{"current":1498.031,"min":1200.0,"max":3200.0},{"current":1304.062,"min":1200.0,"max":3200.0},{"current":3002.062,"min":1200.0,"max":3200.0},{"current":1400.343,"min":1200.0,"max":3200.0},{"current":1227.187,"min":1200.0,"max":3200.0},{"current":1207.687,"min":1200.0,"max":3200.0},{"current":1233.843,"min":1200.0,"max":3200.0},{"current":1357.406,"min":1200.0,"max":3200.0},{"current":1200.093,"min":1200.0,"max":3200.0}],"realtime_carbon_intensity":388.3594780824,"disk_write_speed":28.9886366883,"process_ids":[14538,14651]}
{"timestamp":1573520542.5874741077,"rapl_power_draw_absolute":65.2774901008,"rapl_estimated_attributable_power_draw":15.4256398948,"cpu_time_seconds":{"14538":{"user":138.96,"system":8.33,"children_user":1.11,"children_system":0.18},"14651":{"user":3.39,"system":3.11,"children_user":0.27,"children_system":2.93}},"average_relative_cpu_utilization":0.2433171959,"absolute_cpu_utilization":1.0036032466,"relative_mem_usage":0.1525750338,"absolute_mem_usage":12321348608.0,"absolute_mem_percent_usage":0.0912021966,"mem_info_per_process":{"14538":{"rss":7098691584,"vms":15985573888,"shared":567410688,"text":2322432,"lib":0,"data":14389071872,"dirty":0,"uss":3844513792,"pss":5468659712,"swap":0},"14651":{"rss":3939680256,"vms":10742378496,"shared":11612160,"text":2322432,"lib":0,"data":9361006592,"dirty":0,"uss":692862976,"pss":2315312128,"swap":0}},"nvidia_draw_absolute":49.89,"nvidia_estimated_attributable_power_draw":49.89,"average_gpu_estimated_utilization_absolute":0.345,"per_gpu_average_estimated_utilization_absolute":{"(0, 14538)":{"sm":34.5,"mem":9.0,"enc":0.0,"dec":0.0}},"average_gpu_estimated_utilization_relative":1.0,"per_gpu_performance_state":{"0":"P2"},"per_gpu_power_draw":{"0":49.89},"cpu_count_adjusted_average_load":[0.139375,0.1371875,0.138125],"cpu_freq":[{"current":2146.781,"min":1200.0,"max":3200.0},{"current":2399.906,"min":1200.0,"max":3200.0},{"current":1499.812,"min":1200.0,"max":3200.0},{"current":2167.593,"min":1200.0,"max":3200.0},{"current":1298.625,"min":1200.0,"max":3200.0},{"current":1201.125,"min":1200.0,"max":3200.0},{"current":2362.5,"min":1200.0,"max":3200.0},{"current":1764.843,"min":1200.0,"max":3200.0},{"current":1399.968,"min":1200.0,"max":3200.0},{"current":3153.843,"min":1200.0,"max":3200.0},{"current":1294.5,"min":1200.0,"max":3200.0},{"current":1412.062,"min":1200.0,"max":3200.0},{"current":1221.656,"min":1200.0,"max":3200.0},{"current":1200.093,"min":1200.0,"max":3200.0},{"current":1209.281,"min":1200.0,"max":3200.0},{"current":1200.093,"min":1200.0,"max":3200.0},{"current":1957.312,"min":1200.0,"max":3200.0},{"current":2398.031,"min":1200.0,"max":3200.0},{"current":1492.5,"min":1200.0,"max":3200.0},{"current":2164.875,"min":1200.0,"max":3200.0},{"current":1396.968,"min":1200.0,"max":3200.0},{"current":1255.687,"min":1200.0,"max":3200.0},{"current":2352.0,"min":1200.0,"max":3200.0},{"current":1528.312,"min":1200.0,"max":3200.0},{"current":1229.718,"min":1200.0,"max":3200.0},{"current":3002.062,"min":1200.0,"max":3200.0},{"current":1338.562,"min":1200.0,"max":3200.0},{"current":1695.281,"min":1200.0,"max":3200.0},{"current":1207.687,"min":1200.0,"max":3200.0},{"current":1215.937,"min":1200.0,"max":3200.0},{"current":1234.031,"min":1200.0,"max":3200.0},{"current":1251.843,"min":1200.0,"max":3200.0}],"realtime_carbon_intensity":388.3594780824,"disk_write_speed":44.7817970561,"process_ids":[14538,14651]}
