{"timestamp":1572416070.3571350574,"rapl_power_draw_absolute":76.3505556314,"rapl_estimated_attributable_power_draw":17.6935093224,"cpu_time_seconds":{"11239":{"user":0.01,"system":0.06,"children_user":0.0,"children_system":0.05},"11159":{"user":10.69,"system":2.45,"children_user":0.16,"children_system":0.26}},"average_relative_cpu_utilization":0.2315515772,"absolute_cpu_utilization":1.0035409828,"relative_mem_usage":0.2337363772,"absolute_mem_usage":3768389632.0,"absolute_mem_percent_usage":0.0278934898,"mem_info_per_process":{"11239":{"rss":3260882944,"vms":11437228032,"shared":173527040,"text":2322432,"lib":0,"data":9682833408,"dirty":0,"uss":109920256,"pss":1681917952,"swap":0},"11159":{"rss":3658289152,"vms":11437228032,"shared":571084800,"text":2322432,"lib":0,"data":9682833408,"dirty":0,"uss":138870784,"pss":1837680640,"swap":0}},"nvidia_draw_absolute":44.79,"nvidia_estimated_attributable_power_draw":44.79,"average_gpu_estimated_utilization_absolute":0.25,"per_gpu_average_estimated_utilization_absolute":{"(0, 11159)":{"sm":25.0,"mem":1.5,"enc":0.0,"dec":0.0}},"average_gpu_estimated_utilization_relative":1.0,"per_gpu_performance_state":{"0":"P2"},"per_gpu_power_draw":{"0":44.79},"cpu_count_adjusted_average_load":[0.1428125,0.1440625,0.1496875],"realtime_carbon_intensity":339.3663136256,"disk_write_speed":23.0482857912,"process_ids":[11239,11159]}
{"timestamp":1572416078.684566021,"rapl_power_draw_absolute":77.6339479677,"rapl_estimated_attributable_power_draw":18.0837059575,"cpu_time_seconds":{"11239":{"user":0.18,"system":0.38,"children_user":0.02,"children_system":0.33},"11159":{"user":19.0,"system":2.47,"children_user":0.16,"children_system":0.26}},"average_relative_cpu_utilization":0.2326340627,"absolute_cpu_utilization":1.0035920629,"relative_mem_usage":0.2358178551,"absolute_mem_usage":3806560256.0,"absolute_mem_percent_usage":0.0281760275,"mem_info_per_process":{"11239":{"rss":3267858432,"vms":11437228032,"shared":180490240,"text":2322432,"lib":0,"data":9682833408,"dirty":0,"uss":122912768,"pss":1689929728,"swap":0},"11159":{"rss":3658289152,"vms":11437228032,"shared":571084800,"text":2322432,"lib":0,"data":9682833408,"dirty":0,"uss":150511616,"pss":1843206144,"swap":0}},"nvidia_draw_absolute":44.66,"nvidia_estimated_attributable_power_draw":44.66,"average_gpu_estimated_utilization_absolute":0.25,"per_gpu_average_estimated_utilization_absolute":{"(0, 11159)":{"sm":25.0,"mem":1.5,"enc":0.0,"dec":0.0}},"average_gpu_estimated_utilization_relative":1.0,"per_gpu_performance_state":{"0":"P2"},"per_gpu_power_draw":{"0":44.66},"cpu_count_adjusted_average_load":[0.1425,0.1440625,0.1496875],"realtime_carbon_intensity":339.3663136256,"disk_write_speed":15.3022616081,"process_ids":[11239,11159]}
{"timestamp":1572416086.9143989086,"rapl_power_draw_absolute":77.9443293796,"rapl_estimated_attributable_power_draw":18.2223456197,"cpu_time_seconds":{"11239":{"user":0.28,"system":0.71,"children_user":0.04,"children_system":0.57},"11159":{"user":27.22,"system":2.47,"children_user":0.16,"children_system":0.26}},"average_relative_cpu_utilization":0.2335614018,"absolute_cpu_utilization":0.993674778,"relative_mem_usage":0.2359868768,"absolute_mem_usage":3807570944.0,"absolute_mem_percent_usage":0.0281835085,"mem_info_per_process":{"11239":{"rss":3267858432,"vms":11437228032,"shared":180490240,"text":2322432,"lib":0,"data":9682833408,"dirty":0,"uss":123363328,"pss":1690155008,"swap":0},"11159":{"rss":3658289152,"vms":11437228032,"shared":571084800,"text":2322432,"lib":0,"data":9682833408,"dirty":0,"uss":150663168,"pss":1843389440,"swap":0}},"nvidia_draw_absolute":44.43,"nvidia_estimated_attributable_power_draw":44.43,"average_gpu_estimated_utilization_absolute":0.25,"per_gpu_average_estimated_utilization_absolute":{"(0, 11159)":{"sm":25.0,"mem":1.5,"enc":0.0,"dec":0.0}},"average_gpu_estimated_utilization_relative":1.0,"per_gpu_performance_state":{"0":"P2"},"per_gpu_power_draw":{"0":44.43},"cpu_count_adjusted_average_load":[0.1409375,0.14375,0.1496875],"realtime_carbon_intensity":339.3663136256,"disk_write_speed":20.9376200897,"process_ids":[11239,11159]}
{"timestamp":1572416095.1975800991,"rapl_power_draw_absolute":77.7271298299,"rapl_estimated_attributable_power_draw":18.1763349112,"cpu_time_seconds":{"11239":{"user":0.42,"system":1.04,"children_user":0.07,"children_system":0.83},"11159":{"user":35.49,"system":2.49,"children_user":0.16,"children_system":0.26}},"average_relative_cpu_utilization":0.2336301014,"absolute_cpu_utilization":0.9986048294,"relative_mem_usage":0.2359908136,"absolute_mem_usage":3807583232.0,"absolute_mem_percent_usage":0.0281835995,"mem_info_per_process":{"11239":{"rss":3267858432,"vms":11437228032,"shared":180490240,"text":2322432,"lib":0,"data":9682833408,"dirty":0,"uss":123367424,"pss":1690157056,"swap":0},"11159":{"rss":3658289152,"vms":11437228032,"shared":571084800,"text":2322432,"lib":0,"data":9682833408,"dirty":0,"uss":150667264,"pss":1843391488,"swap":0}},"nvidia_draw_absolute":44.72,"nvidia_estimated_attributable_power_draw":44.72,"average_gpu_estimated_utilization_absolute":0.25,"per_gpu_average_estimated_utilization_absolute":{"(0, 11159)":{"sm":25,"mem":2,"enc":0,"dec":0}},"average_gpu_estimated_utilization_relative":1.0,"per_gpu_performance_state":{"0":"P2"},"per_gpu_power_draw":{"0":44.72},"cpu_count_adjusted_average_load":[0.1453125,0.144375,0.1496875],"realtime_carbon_intensity":339.3663136256,"disk_write_speed":15.9430970756,"process_ids":[11239,11159]}
{"timestamp":1572416103.450494051,"rapl_power_draw_absolute":78.0885839528,"rapl_estimated_attributable_power_draw":18.2225515998,"cpu_time_seconds":{"11239":{"user":0.52,"system":1.35,"children_user":0.08,"children_system":1.11},"11159":{"user":43.74,"system":2.5,"children_user":0.16,"children_system":0.26}},"average_relative_cpu_utilization":0.233093391,"absolute_cpu_utilization":0.9986528412,"relative_mem_usage":0.235844716,"absolute_mem_usage":3807581184.0,"absolute_mem_percent_usage":0.0281835843,"mem_info_per_process":{"11239":{"rss":3267858432,"vms":11437228032,"shared":180490240,"text":2322432,"lib":0,"data":9682833408,"dirty":0,"uss":123371520,"pss":1690157056,"swap":0},"11159":{"rss":3658289152,"vms":11437228032,"shared":571084800,"text":2322432,"lib":0,"data":9682833408,"dirty":0,"uss":150671360,"pss":1843381248,"swap":0}},"nvidia_draw_absolute":44.63,"nvidia_estimated_attributable_power_draw":44.63,"average_gpu_estimated_utilization_absolute":0.25,"per_gpu_average_estimated_utilization_absolute":{"(0, 11159)":{"sm":25.0,"mem":1.5,"enc":0.0,"dec":0.0}},"average_gpu_estimated_utilization_relative":1.0,"per_gpu_performance_state":{"0":"P2"},"per_gpu_power_draw":{"0":44.63},"cpu_count_adjusted_average_load":[0.1496875,0.1453125,0.15],"realtime_carbon_intensity":339.3663136256,"disk_write_speed":34.6562544469,"process_ids":[11239,11159]}
{"timestamp":1572416111.7069559097,"rapl_power_draw_absolute":77.9475490174,"rapl_estimated_attributable_power_draw":18.1751223835,"cpu_time_seconds":{"11239":{"user":0.69,"system":1.68,"children_user":0.1,"children_system":1.39},"11159":{"user":51.99,"system":2.51,"children_user":0.16,"children_system":0.26}},"average_relative_cpu_utilization":0.232899351,"absolute_cpu_utilization":1.0036262922,"relative_mem_usage":0.2358154432,"absolute_mem_usage":3807593472.0,"absolute_mem_percent_usage":0.0281836753,"mem_info_per_process":{"11239":{"rss":3267858432,"vms":11437228032,"shared":180490240,"text":2322432,"lib":0,"data":9682833408,"dirty":0,"uss":123375616,"pss":1690159104,"swap":0},"11159":{"rss":3658289152,"vms":11437228032,"shared":571084800,"text":2322432,"lib":0,"data":9682833408,"dirty":0,"uss":150675456,"pss":1843383296,"swap":0}},"nvidia_draw_absolute":44.66,"nvidia_estimated_attributable_power_draw":44.66,"average_gpu_estimated_utilization_absolute":0.25,"per_gpu_average_estimated_utilization_absolute":{"(0, 11159)":{"sm":25.0,"mem":1.5,"enc":0.0,"dec":0.0}},"average_gpu_estimated_utilization_relative":1.0,"per_gpu_performance_state":{"0":"P2"},"per_gpu_power_draw":{"0":44.66},"cpu_count_adjusted_average_load":[0.1528125,0.14625,0.1503125],"realtime_carbon_intensity":339.3663136256,"disk_write_speed":33.2361470156,"process_ids":[11239,11159]}
{"timestamp":1572416119.911411047,"rapl_power_draw_absolute":78.1448806735,"rapl_estimated_attributable_power_draw":18.0989798432,"cpu_time_seconds":{"11239":{"user":0.86,"system":1.98,"children_user":0.12,"children_system":1.64},"11159":{"user":60.18,"system":2.52,"children_user":0.16,"children_system":0.26}},"average_relative_cpu_utilization":0.2311971836,"absolute_cpu_utilization":0.9985812273,"relative_mem_usage":0.2357495224,"absolute_mem_usage":3807605760.0,"absolute_mem_percent_usage":0.0281837663,"mem_info_per_process":{"11239":{"rss":3267858432,"vms":11437228032,"shared":180490240,"text":2322432,"lib":0,"data":9682833408,"dirty":0,"uss":123379712,"pss":1690161152,"swap":0},"11159":{"rss":3658289152,"vms":11437228032,"shared":571084800,"text":2322432,"lib":0,"data":9682833408,"dirty":0,"uss":150679552,"pss":1843385344,"swap":0}},"nvidia_draw_absolute":44.73,"nvidia_estimated_attributable_power_draw":44.73,"average_gpu_estimated_utilization_absolute":0.255,"per_gpu_average_estimated_utilization_absolute":{"(0, 11159)":{"sm":25.5,"mem":1.5,"enc":0.0,"dec":0.0}},"average_gpu_estimated_utilization_relative":1.0,"per_gpu_performance_state":{"0":"P2"},"per_gpu_power_draw":{"0":44.73},"cpu_count_adjusted_average_load":[0.1459375,0.145,0.1496875],"realtime_carbon_intensity":339.3663136256,"disk_write_speed":23.6772361625,"process_ids":[11239,11159]}
{"timestamp":1572416128.2426989079,"rapl_power_draw_absolute":75.0350894516,"rapl_estimated_attributable_power_draw":21.8858379269,"cpu_time_seconds":{"11239":{"user":1.02,"system":2.32,"children_user":0.13,"children_system":1.92},"11159":{"user":68.49,"system":2.55,"children_user":0.16,"children_system":0.26}},"average_relative_cpu_utilization":0.2902531521,"absolute_cpu_utilization":0.9986713213,"relative_mem_usage":0.3053641914,"absolute_mem_usage":3885519872.0,"absolute_mem_percent_usage":0.0287604838,"mem_info_per_process":{"11239":{"rss":3267862528,"vms":11437228032,"shared":180490240,"text":2322432,"lib":0,"data":9682833408,"dirty":0,"uss":123535360,"pss":1691501568,"swap":0},"11159":{"rss":3658289152,"vms":11437228032,"shared":571084800,"text":2322432,"lib":0,"data":9682833408,"dirty":0,"uss":164638720,"pss":1905844224,"swap":0}},"nvidia_draw_absolute":44.71,"nvidia_estimated_attributable_power_draw":44.71,"average_gpu_estimated_utilization_absolute":0.25,"per_gpu_average_estimated_utilization_absolute":{"(0, 11159)":{"sm":25.0,"mem":1.5,"enc":0.0,"dec":0.0}},"average_gpu_estimated_utilization_relative":1.0,"per_gpu_performance_state":{"0":"P2"},"per_gpu_power_draw":{"0":44.71},"cpu_count_adjusted_average_load":[0.1428125,0.144375,0.1496875],"realtime_carbon_intensity":339.3663136256,"disk_write_speed":22.8770555425,"process_ids":[11239,11159]}
{"timestamp":1572416136.561674118,"rapl_power_draw_absolute":72.9960205067,"rapl_estimated_attributable_power_draw":20.2171505456,"cpu_time_seconds":{"11239":{"user":1.18,"system":2.63,"children_user":0.16,"children_system":2.17},"11159":{"user":76.82,"system":2.55,"children_user":0.16,"children_system":0.26}},"average_relative_cpu_utilization":0.2738210402,"absolute_cpu_utilization":1.0035800713,"relative_mem_usage":0.3052801041,"absolute_mem_usage":3884347392.0,"absolute_mem_percent_usage":0.0287518052,"mem_info_per_process":{"11239":{"rss":3267862528,"vms":11437228032,"shared":180490240,"text":2322432,"lib":0,"data":9682833408,"dirty":0,"uss":123543552,"pss":1691282432,"swap":0},"11159":{"rss":3658289152,"vms":11437228032,"shared":571084800,"text":2322432,"lib":0,"data":9682833408,"dirty":0,"uss":164622336,"pss":1904899072,"swap":0}},"nvidia_draw_absolute":45.53,"nvidia_estimated_attributable_power_draw":45.53,"average_gpu_estimated_utilization_absolute":0.2466666667,"per_gpu_average_estimated_utilization_absolute":{"(0, 11159)":{"sm":24.6666666667,"mem":1.3333333333,"enc":0.0,"dec":0.0}},"average_gpu_estimated_utilization_relative":1.0,"per_gpu_performance_state":{"0":"P2"},"per_gpu_power_draw":{"0":45.53},"cpu_count_adjusted_average_load":[0.14375,0.144375,0.1496875],"realtime_carbon_intensity":339.3663136256,"disk_write_speed":30.636518106,"process_ids":[11239,11159]}
{"timestamp":1572416144.8687078953,"rapl_power_draw_absolute":79.0961211542,"rapl_estimated_attributable_power_draw":18.6074907122,"cpu_time_seconds":{"11239":{"user":1.3,"system":2.98,"children_user":0.17,"children_system":2.47},"11159":{"user":85.11,"system":2.56,"children_user":0.16,"children_system":0.26}},"average_relative_cpu_utilization":0.2349234806,"absolute_cpu_utilization":0.9935776542,"relative_mem_usage":0.2382379018,"absolute_mem_usage":3794990080.0,"absolute_mem_percent_usage":0.0280903854,"mem_info_per_process":{"11239":{"rss":3267862528,"vms":11437228032,"shared":180490240,"text":2322432,"lib":0,"data":9682833408,"dirty":0,"uss":123531264,"pss":1690782720,"swap":0},"11159":{"rss":3658289152,"vms":11437228032,"shared":571084800,"text":2322432,"lib":0,"data":9682833408,"dirty":0,"uss":142381056,"pss":1838295040,"swap":0}},"nvidia_draw_absolute":44.51,"nvidia_estimated_attributable_power_draw":44.51,"average_gpu_estimated_utilization_absolute":0.25,"per_gpu_average_estimated_utilization_absolute":{"(0, 11159)":{"sm":25.0,"mem":1.5,"enc":0.0,"dec":0.0}},"average_gpu_estimated_utilization_relative":1.0,"per_gpu_performance_state":{"0":"P2"},"per_gpu_power_draw":{"0":44.51},"cpu_count_adjusted_average_load":[0.145625,0.145,0.1496875],"realtime_carbon_intensity":339.3663136256,"disk_write_speed":25.0525057352,"process_ids":[11239,11159]}
{"timestamp":1572416153.1324360371,"rapl_power_draw_absolute":77.6450516185,"rapl_estimated_attributable_power_draw":17.8496490378,"cpu_time_seconds":{"11239":{"user":1.44,"system":3.31,"children_user":0.18,"children_system":2.74},"11159":{"user":93.36,"system":2.58,"children_user":0.16,"children_system":0.26}},"average_relative_cpu_utilization":0.22935272,"absolute_cpu_utilization":0.9986559825,"relative_mem_usage":0.2351280472,"absolute_mem_usage":3789129728.0,"absolute_mem_percent_usage":0.0280470073,"mem_info_per_process":{"11239":{"rss":3267862528,"vms":11437228032,"shared":180490240,"text":2322432,"lib":0,"data":9682833408,"dirty":0,"uss":123535360,"pss":1690459136,"swap":0},"11159":{"rss":3658289152,"vms":11437228032,"shared":571084800,"text":2322432,"lib":0,"data":9682833408,"dirty":0,"uss":139993088,"pss":1835142144,"swap":0}},"nvidia_draw_absolute":44.81,"nvidia_estimated_attributable_power_draw":44.81,"average_gpu_estimated_utilization_absolute":0.25,"per_gpu_average_estimated_utilization_absolute":{"(0, 11159)":{"sm":25,"mem":2,"enc":0,"dec":0}},"average_gpu_estimated_utilization_relative":1.0,"per_gpu_performance_state":{"0":"P2"},"per_gpu_power_draw":{"0":44.81},"cpu_count_adjusted_average_load":[0.1465625,0.145,0.1496875],"realtime_carbon_intensity":339.3663136256,"disk_write_speed":24.7382294134,"process_ids":[11239,11159]}
{"timestamp":1572416161.3767650127,"rapl_power_draw_absolute":78.5739129264,"rapl_estimated_attributable_power_draw":17.4806498443,"cpu_time_seconds":{"11239":{"user":1.6,"system":3.61,"children_user":0.18,"children_system":3.02},"11159":{"user":101.6,"system":2.59,"children_user":0.16,"children_system":0.26}},"average_relative_cpu_utilization":0.2212330332,"absolute_cpu_utilization":0.9986681075,"relative_mem_usage":0.2350847771,"absolute_mem_usage":3788610560.0,"absolute_mem_percent_usage":0.0280431644,"mem_info_per_process":{"11239":{"rss":3267862528,"vms":11437228032,"shared":180490240,"text":2322432,"lib":0,"data":9682833408,"dirty":0,"uss":123424768,"pss":1690118144,"swap":0},"11159":{"rss":3658289152,"vms":11437228032,"shared":571084800,"text":2322432,"lib":0,"data":9682833408,"dirty":0,"uss":140017664,"pss":1835049984,"swap":0}},"nvidia_draw_absolute":44.63,"nvidia_estimated_attributable_power_draw":44.63,"average_gpu_estimated_utilization_absolute":0.25,"per_gpu_average_estimated_utilization_absolute":{"(0, 11159)":{"sm":25,"mem":1,"enc":0,"dec":0}},"average_gpu_estimated_utilization_relative":1.0,"per_gpu_performance_state":{"0":"P2"},"per_gpu_power_draw":{"0":44.63},"cpu_count_adjusted_average_load":[0.1578125,0.1475,0.150625],"realtime_carbon_intensity":339.3663136256,"disk_write_speed":33.8758460271,"process_ids":[11239,11159]}
{"timestamp":1572416169.5921649933,"rapl_power_draw_absolute":78.3755530295,"rapl_estimated_attributable_power_draw":17.5235002254,"cpu_time_seconds":{"11239":{"user":1.77,"system":3.91,"children_user":0.2,"children_system":3.29},"11159":{"user":109.81,"system":2.6,"children_user":0.16,"children_system":0.26}},"average_relative_cpu_utilization":0.2224520936,"absolute_cpu_utilization":0.9985823659,"relative_mem_usage":0.2350710215,"absolute_mem_usage":3788622848.0,"absolute_mem_percent_usage":0.0280432554,"mem_info_per_process":{"11239":{"rss":3267862528,"vms":11437228032,"shared":180490240,"text":2322432,"lib":0,"data":9682833408,"dirty":0,"uss":123428864,"pss":1690120192,"swap":0},"11159":{"rss":3658289152,"vms":11437228032,"shared":571084800,"text":2322432,"lib":0,"data":9682833408,"dirty":0,"uss":140021760,"pss":1835052032,"swap":0}},"nvidia_draw_absolute":44.65,"nvidia_estimated_attributable_power_draw":44.65,"average_gpu_estimated_utilization_absolute":0.25,"per_gpu_average_estimated_utilization_absolute":{"(0, 11159)":{"sm":25.0,"mem":1.5,"enc":0.0,"dec":0.0}},"average_gpu_estimated_utilization_relative":1.0,"per_gpu_performance_state":{"0":"P2"},"per_gpu_power_draw":{"0":44.65},"cpu_count_adjusted_average_load":[0.1621875,0.14875,0.1509375],"realtime_carbon_intensity":339.3663136256,"disk_write_speed":27.4586956989,"process_ids":[11239,11159]}
{"timestamp":1572416177.8358750343,"rapl_power_draw_absolute":78.2925989321,"rapl_estimated_attributable_power_draw":17.5240403374,"cpu_time_seconds":{"11239":{"user":1.93,"system":4.23,"children_user":0.21,"children_system":3.57},"11159":{"user":118.04,"system":2.62,"children_user":0.16,"children_system":0.26}},"average_relative_cpu_utilization":0.2227009531,"absolute_cpu_utilization":0.9986319006,"relative_mem_usage":0.2351157621,"absolute_mem_usage":3788635136.0,"absolute_mem_percent_usage":0.0280433463,"mem_info_per_process":{"11239":{"rss":3267862528,"vms":11437228032,"shared":180490240,"text":2322432,"lib":0,"data":9682833408,"dirty":0,"uss":123432960,"pss":1690122240,"swap":0},"11159":{"rss":3658289152,"vms":11437228032,"shared":571084800,"text":2322432,"lib":0,"data":9682833408,"dirty":0,"uss":140025856,"pss":1835054080,"swap":0}},"nvidia_draw_absolute":44.33,"nvidia_estimated_attributable_power_draw":44.33,"average_gpu_estimated_utilization_absolute":0.25,"per_gpu_average_estimated_utilization_absolute":{"(0, 11159)":{"sm":25,"mem":1,"enc":0,"dec":0}},"average_gpu_estimated_utilization_relative":1.0,"per_gpu_performance_state":{"0":"P2"},"per_gpu_power_draw":{"0":44.33},"cpu_count_adjusted_average_load":[0.1615625,0.1490625,0.1509375],"realtime_carbon_intensity":339.3663136256,"disk_write_speed":23.0562149192,"process_ids":[11239,11159]}
{"timestamp":1572416186.0894629955,"rapl_power_draw_absolute":77.9678029519,"rapl_estimated_attributable_power_draw":17.5142584897,"cpu_time_seconds":{"11239":{"user":2.08,"system":4.56,"children_user":0.23,"children_system":3.84},"11159":{"user":126.28,"system":2.64,"children_user":0.16,"children_system":0.26}},"average_relative_cpu_utilization":0.2235766889,"absolute_cpu_utilization":1.0036184086,"relative_mem_usage":0.2351297295,"absolute_mem_usage":3788646400.0,"absolute_mem_percent_usage":0.0280434297,"mem_info_per_process":{"11239":{"rss":3267862528,"vms":11437228032,"shared":180490240,"text":2322432,"lib":0,"data":9682833408,"dirty":0,"uss":123437056,"pss":1690123264,"swap":0},"11159":{"rss":3658289152,"vms":11437228032,"shared":571084800,"text":2322432,"lib":0,"data":9682833408,"dirty":0,"uss":140029952,"pss":1835056128,"swap":0}},"nvidia_draw_absolute":44.17,"nvidia_estimated_attributable_power_draw":44.17,"average_gpu_estimated_utilization_absolute":0.25,"per_gpu_average_estimated_utilization_absolute":{"(0, 11159)":{"sm":25.0,"mem":1.5,"enc":0.0,"dec":0.0}},"average_gpu_estimated_utilization_relative":1.0,"per_gpu_performance_state":{"0":"P2"},"per_gpu_power_draw":{"0":44.17},"cpu_count_adjusted_average_load":[0.1703125,0.15125,0.1515625],"realtime_carbon_intensity":339.3663136256,"disk_write_speed":35.401731621,"process_ids":[11239,11159]}
{"timestamp":1572416194.4004840851,"rapl_power_draw_absolute":76.5205496461,"rapl_estimated_attributable_power_draw":17.4096956867,"cpu_time_seconds":{"11239":{"user":2.28,"system":4.91,"children_user":0.24,"children_system":4.14},"11159":{"user":134.58,"system":2.65,"children_user":0.16,"children_system":0.26}},"average_relative_cpu_utilization":0.2267407718,"absolute_cpu_utilization":0.9986260549,"relative_mem_usage":0.2350025572,"absolute_mem_usage":3788553216.0,"absolute_mem_percent_usage":0.02804274,"mem_info_per_process":{"11239":{"rss":3267862528,"vms":11437228032,"shared":180490240,"text":2322432,"lib":0,"data":9682833408,"dirty":0,"uss":123441152,"pss":1690126336,"swap":0},"11159":{"rss":3658289152,"vms":11437228032,"shared":571084800,"text":2322432,"lib":0,"data":9682833408,"dirty":0,"uss":140034048,"pss":1834951680,"swap":0}},"nvidia_draw_absolute":44.43,"nvidia_estimated_attributable_power_draw":44.43,"average_gpu_estimated_utilization_absolute":0.245,"per_gpu_average_estimated_utilization_absolute":{"(0, 11159)":{"sm":24.5,"mem":1.5,"enc":0.0,"dec":0.0}},"average_gpu_estimated_utilization_relative":1.0,"per_gpu_performance_state":{"0":"P2"},"per_gpu_power_draw":{"0":44.43},"cpu_count_adjusted_average_load":[0.175,0.1528125,0.1521875],"realtime_carbon_intensity":339.3663136256,"disk_write_speed":39.3634728943,"process_ids":[11239,11159]}
{"timestamp":1572416202.6267280579,"rapl_power_draw_absolute":77.5718454506,"rapl_estimated_attributable_power_draw":17.8211677986,"cpu_time_seconds":{"11239":{"user":2.44,"system":5.24,"children_user":0.25,"children_system":4.42},"11159":{"user":142.79,"system":2.67,"children_user":0.16,"children_system":0.26}},"average_relative_cpu_utilization":0.2291848254,"absolute_cpu_utilization":1.0036512768,"relative_mem_usage":0.2351045437,"absolute_mem_usage":3788672000.0,"absolute_mem_percent_usage":0.0280436192,"mem_info_per_process":{"11239":{"rss":3267862528,"vms":11437228032,"shared":180490240,"text":2322432,"lib":0,"data":9682833408,"dirty":0,"uss":123445248,"pss":1690128384,"swap":0},"11159":{"rss":3658289152,"vms":11437228032,"shared":571084800,"text":2322432,"lib":0,"data":9682833408,"dirty":0,"uss":140038144,"pss":1835060224,"swap":0}},"nvidia_draw_absolute":44.68,"nvidia_estimated_attributable_power_draw":44.68,"average_gpu_estimated_utilization_absolute":0.25,"per_gpu_average_estimated_utilization_absolute":{"(0, 11159)":{"sm":25,"mem":2,"enc":0,"dec":0}},"average_gpu_estimated_utilization_relative":1.0,"per_gpu_performance_state":{"0":"P2"},"per_gpu_power_draw":{"0":44.68},"cpu_count_adjusted_average_load":[0.17375,0.153125,0.1521875],"realtime_carbon_intensity":339.3663136256,"disk_write_speed":37.3887866729,"process_ids":[11239,11159]}
{"timestamp":1572416210.8815579414,"rapl_power_draw_absolute":77.7536881696,"rapl_estimated_attributable_power_draw":17.6446153831,"cpu_time_seconds":{"11239":{"user":2.61,"system":5.56,"children_user":0.28,"children_system":4.68},"11159":{"user":151.04,"system":2.68,"children_user":0.16,"children_system":0.26}},"average_relative_cpu_utilization":0.2260810445,"absolute_cpu_utilization":1.0035982605,"relative_mem_usage":0.2350986135,"absolute_mem_usage":3788684288.0,"absolute_mem_percent_usage":0.0280437102,"mem_info_per_process":{"11239":{"rss":3267862528,"vms":11437228032,"shared":180490240,"text":2322432,"lib":0,"data":9682833408,"dirty":0,"uss":123449344,"pss":1690130432,"swap":0},"11159":{"rss":3658289152,"vms":11437228032,"shared":571084800,"text":2322432,"lib":0,"data":9682833408,"dirty":0,"uss":140042240,"pss":1835062272,"swap":0}},"nvidia_draw_absolute":44.25,"nvidia_estimated_attributable_power_draw":44.25,"average_gpu_estimated_utilization_absolute":0.25,"per_gpu_average_estimated_utilization_absolute":{"(0, 11159)":{"sm":25,"mem":1,"enc":0,"dec":0}},"average_gpu_estimated_utilization_relative":1.0,"per_gpu_performance_state":{"0":"P2"},"per_gpu_power_draw":{"0":44.25},"cpu_count_adjusted_average_load":[0.1684375,0.1525,0.1521875],"realtime_carbon_intensity":339.3663136256,"disk_write_speed":16.7856020868,"process_ids":[11239,11159]}
{"timestamp":1572416219.2005660534,"rapl_power_draw_absolute":77.8166135929,"rapl_estimated_attributable_power_draw":17.5228623759,"cpu_time_seconds":{"11239":{"user":2.76,"system":5.85,"children_user":0.3,"children_system":4.96},"11159":{"user":159.35,"system":2.69,"children_user":0.16,"children_system":0.26}},"average_relative_cpu_utilization":0.2241973887,"absolute_cpu_utilization":0.9991500865,"relative_mem_usage":0.2350684831,"absolute_mem_usage":3788695552.0,"absolute_mem_percent_usage":0.0280437935,"mem_info_per_process":{"11239":{"rss":3267862528,"vms":11437228032,"shared":180490240,"text":2322432,"lib":0,"data":9682833408,"dirty":0,"uss":123453440,"pss":1690131456,"swap":0},"11159":{"rss":3658289152,"vms":11437228032,"shared":571084800,"text":2322432,"lib":0,"data":9682833408,"dirty":0,"uss":140046336,"pss":1835064320,"swap":0}},"nvidia_draw_absolute":44.71,"nvidia_estimated_attributable_power_draw":44.71,"average_gpu_estimated_utilization_absolute":0.255,"per_gpu_average_estimated_utilization_absolute":{"(0, 11159)":{"sm":25.5,"mem":2.0,"enc":0.0,"dec":0.0}},"average_gpu_estimated_utilization_relative":1.0,"per_gpu_performance_state":{"0":"P2"},"per_gpu_power_draw":{"0":44.71},"cpu_count_adjusted_average_load":[0.16625,0.1528125,0.1521875],"realtime_carbon_intensity":339.3663136256,"disk_write_speed":25.4629610864,"process_ids":[11239,11159]}
