{"timestamp":1573520242.6835610867,"rapl_power_draw_absolute":66.3294724886,"rapl_estimated_attributable_power_draw":14.3591492,"cpu_time_seconds":{"14084":{"user":0.01,"system":0.02,"children_user":0.0,"children_system":0.02},"14015":{"user":8.48,"system":2.71,"children_user":1.12,"children_system":0.17}},"average_relative_cpu_utilization":0.2320559886,"absolute_cpu_utilization":0.9685501936,"relative_mem_usage":0.0648962059,"absolute_mem_usage":5025456128.0,"absolute_mem_percent_usage":0.0371982526,"mem_info_per_process":{"14084":{"rss":3928674304,"vms":10740543488,"shared":4419584,"text":2322432,"lib":0,"data":9359171584,"dirty":0,"uss":72118272,"pss":1999753216,"swap":0},"14015":{"rss":4370665472,"vms":11220434944,"shared":143269888,"text":2322432,"lib":0,"data":9801289728,"dirty":0,"uss":512409600,"pss":2441175040,"swap":0}},"nvidia_draw_absolute":35.98,"nvidia_estimated_attributable_power_draw":35.98,"average_gpu_estimated_utilization_absolute":0.0175,"per_gpu_average_estimated_utilization_absolute":{"(0, 14015)":{"sm":1.75,"mem":0.0,"enc":0.0,"dec":0.0}},"average_gpu_estimated_utilization_relative":1.0,"per_gpu_performance_state":{"0":"P2"},"per_gpu_power_draw":{"0":35.98},"cpu_count_adjusted_average_load":[0.13625,0.135,0.1384375],"cpu_freq":[{"current":2326.5,"min":1200.0,"max":3200.0},{"current":1199.906,"min":1200.0,"max":3200.0},{"current":2399.906,"min":1200.0,"max":3200.0},{"current":2399.906,"min":1200.0,"max":3200.0},{"current":1220.437,"min":1200.0,"max":3200.0},{"current":1200.0,"min":1200.0,"max":3200.0},{"current":1233.093,"min":1200.0,"max":3200.0},{"current":1299.375,"min":1200.0,"max":3200.0},{"current":1549.968,"min":1200.0,"max":3200.0},{"current":3150.562,"min":1200.0,"max":3200.0},{"current":1618.5,"min":1200.0,"max":3200.0},{"current":1200.468,"min":1200.0,"max":3200.0},{"current":1234.781,"min":1200.0,"max":3200.0},{"current":1200.093,"min":1200.0,"max":3200.0},{"current":1200.093,"min":1200.0,"max":3200.0},{"current":1200.0,"min":1200.0,"max":3200.0},{"current":2400.0,"min":1200.0,"max":3200.0},{"current":1298.906,"min":1200.0,"max":3200.0},{"current":2400.0,"min":1200.0,"max":3200.0},{"current":2400.0,"min":1200.0,"max":3200.0},{"current":1209.0,"min":1200.0,"max":3200.0},{"current":1226.156,"min":1200.0,"max":3200.0},{"current":1499.718,"min":1200.0,"max":3200.0},{"current":1590.937,"min":1200.0,"max":3200.0},{"current":1311.468,"min":1200.0,"max":3200.0},{"current":1284.75,"min":1200.0,"max":3200.0},{"current":1542.281,"min":1200.0,"max":3200.0},{"current":1326.187,"min":1200.0,"max":3200.0},{"current":1449.281,"min":1200.0,"max":3200.0},{"current":1404.75,"min":1200.0,"max":3200.0},{"current":1298.531,"min":1200.0,"max":3200.0},{"current":1210.875,"min":1200.0,"max":3200.0}],"realtime_carbon_intensity":388.3594780824,"disk_write_speed":29.815822508,"process_ids":[14084,14015]}
{"timestamp":1573520250.8794019222,"rapl_power_draw_absolute":65.1644674647,"rapl_estimated_attributable_power_draw":15.1806598733,"cpu_time_seconds":{"14084":{"user":0.25,"system":0.18,"children_user":0.02,"children_system":0.19},"14015":{"user":15.07,"system":4.18,"children_user":1.12,"children_system":0.17}},"average_relative_cpu_utilization":0.2397909486,"absolute_cpu_utilization":0.9986228804,"relative_mem_usage":0.1525759302,"absolute_mem_usage":12282354688.0,"absolute_mem_percent_usage":0.0909135649,"mem_info_per_process":{"14084":{"rss":3935830016,"vms":10740543488,"shared":11558912,"text":2322432,"lib":0,"data":9359171584,"dirty":0,"uss":676233216,"pss":2305048576,"swap":0},"14015":{"rss":7102328832,"vms":15992295424,"shared":566239232,"text":2322432,"lib":0,"data":14395793408,"dirty":0,"uss":3835281408,"pss":5465791488,"swap":0}},"nvidia_draw_absolute":50.56,"nvidia_estimated_attributable_power_draw":50.56,"average_gpu_estimated_utilization_absolute":0.345,"per_gpu_average_estimated_utilization_absolute":{"(0, 14015)":{"sm":34.5,"mem":9.0,"enc":0.0,"dec":0.0}},"average_gpu_estimated_utilization_relative":1.0,"per_gpu_performance_state":{"0":"P2"},"per_gpu_power_draw":{"0":50.56},"cpu_count_adjusted_average_load":[0.1353125,0.1346875,0.1384375],"cpu_freq":[{"current":1399.968,"min":1200.0,"max":3200.0},{"current":2400.0,"min":1200.0,"max":3200.0},{"current":2399.906,"min":1200.0,"max":3200.0},{"current":1202.812,"min":1200.0,"max":3200.0},{"current":1201.125,"min":1200.0,"max":3200.0},{"current":1201.781,"min":1200.0,"max":3200.0},{"current":1599.937,"min":1200.0,"max":3200.0},{"current":2397.468,"min":1200.0,"max":3200.0},{"current":1219.5,"min":1200.0,"max":3200.0},{"current":3179.343,"min":1200.0,"max":3200.0},{"current":1503.468,"min":1200.0,"max":3200.0},{"current":1999.875,"min":1200.0,"max":3200.0},{"current":1200.187,"min":1200.0,"max":3200.0},{"current":1200.093,"min":1200.0,"max":3200.0},{"current":1200.093,"min":1200.0,"max":3200.0},{"current":1202.812,"min":1200.0,"max":3200.0},{"current":1297.875,"min":1200.0,"max":3200.0},{"current":2400.0,"min":1200.0,"max":3200.0},{"current":2400.0,"min":1200.0,"max":3200.0},{"current":1474.687,"min":1200.0,"max":3200.0},{"current":1293.187,"min":1200.0,"max":3200.0},{"current":1200.562,"min":1200.0,"max":3200.0},{"current":1579.312,"min":1200.0,"max":3200.0},{"current":1643.906,"min":1200.0,"max":3200.0},{"current":1242.843,"min":1200.0,"max":3200.0},{"current":1456.875,"min":1200.0,"max":3200.0},{"current":1412.25,"min":1200.0,"max":3200.0},{"current":1931.906,"min":1200.0,"max":3200.0},{"current":1633.968,"min":1200.0,"max":3200.0},{"current":1200.0,"min":1200.0,"max":3200.0},{"current":1212.468,"min":1200.0,"max":3200.0},{"current":1222.781,"min":1200.0,"max":3200.0}],"realtime_carbon_intensity":388.3594780824,"disk_write_speed":44.2006760066,"process_ids":[14084,14015]}
{"timestamp":1573520258.9687929153,"rapl_power_draw_absolute":65.6300679457,"rapl_estimated_attributable_power_draw":15.3342926575,"cpu_time_seconds":{"14084":{"user":0.47,"system":0.37,"children_user":0.03,"children_system":0.36},"14015":{"user":22.9,"system":4.44,"children_user":1.12,"children_system":0.17}},"average_relative_cpu_utilization":0.240365734,"absolute_cpu_utilization":0.9986114438,"relative_mem_usage":0.1526689755,"absolute_mem_usage":12290618368.0,"absolute_mem_percent_usage":0.0909747324,"mem_info_per_process":{"14084":{"rss":3935830016,"vms":10740543488,"shared":11558912,"text":2322432,"lib":0,"data":9359171584,"dirty":0,"uss":678981632,"pss":2306422784,"swap":0},"14015":{"rss":7102328832,"vms":15992295424,"shared":566239232,"text":2322432,"lib":0,"data":14395793408,"dirty":0,"uss":3838042112,"pss":5467171840,"swap":0}},"nvidia_draw_absolute":47.78,"nvidia_estimated_attributable_power_draw":47.78,"average_gpu_estimated_utilization_absolute":0.35,"per_gpu_average_estimated_utilization_absolute":{"(0, 14015)":{"sm":35,"mem":9,"enc":0,"dec":0}},"average_gpu_estimated_utilization_relative":1.0,"per_gpu_performance_state":{"0":"P2"},"per_gpu_power_draw":{"0":47.78},"cpu_count_adjusted_average_load":[0.13625,0.135,0.1384375],"cpu_freq":[{"current":2400.0,"min":1200.0,"max":3200.0},{"current":2399.906,"min":1200.0,"max":3200.0},{"current":1305.656,"min":1200.0,"max":3200.0},{"current":1338.281,"min":1200.0,"max":3200.0},{"current":1280.718,"min":1200.0,"max":3200.0},{"current":1200.187,"min":1200.0,"max":3200.0},{"current":1967.718,"min":1200.0,"max":3200.0},{"current":1200.843,"min":1200.0,"max":3200.0},{"current":1590.187,"min":1200.0,"max":3200.0},{"current":3165.562,"min":1200.0,"max":3200.0},{"current":1299.093,"min":1200.0,"max":3200.0},{"current":1795.687,"min":1200.0,"max":3200.0},{"current":1225.875,"min":1200.0,"max":3200.0},{"current":1227.75,"min":1200.0,"max":3200.0},{"current":1200.093,"min":1200.0,"max":3200.0},{"current":1200.0,"min":1200.0,"max":3200.0},{"current":2400.0,"min":1200.0,"max":3200.0},{"current":2399.906,"min":1200.0,"max":3200.0},{"current":2388.562,"min":1200.0,"max":3200.0},{"current":1734.843,"min":1200.0,"max":3200.0},{"current":1292.625,"min":1200.0,"max":3200.0},{"current":1209.843,"min":1200.0,"max":3200.0},{"current":2399.906,"min":1200.0,"max":3200.0},{"current":1236.468,"min":1200.0,"max":3200.0},{"current":1683.656,"min":1200.0,"max":3200.0},{"current":1456.875,"min":1200.0,"max":3200.0},{"current":1199.906,"min":1200.0,"max":3200.0},{"current":1500.843,"min":1200.0,"max":3200.0},{"current":1323.562,"min":1200.0,"max":3200.0},{"current":1263.281,"min":1200.0,"max":3200.0},{"current":1212.468,"min":1200.0,"max":3200.0},{"current":1219.031,"min":1200.0,"max":3200.0}],"realtime_carbon_intensity":388.3594780824,"disk_write_speed":51.1355859483,"process_ids":[14084,14015]}
{"timestamp":1573520266.9694099426,"rapl_power_draw_absolute":65.03883287,"rapl_estimated_attributable_power_draw":14.9598331539,"cpu_time_seconds":{"14084":{"user":0.69,"system":0.57,"children_user":0.04,"children_system":0.52},"14015":{"user":30.63,"system":4.72,"children_user":1.12,"children_system":0.17}},"average_relative_cpu_utilization":0.2364512111,"absolute_cpu_utilization":1.0036065713,"relative_mem_usage":0.152703882,"absolute_mem_usage":12294372352.0,"absolute_mem_percent_usage":0.0910025193,"mem_info_per_process":{"14084":{"rss":3935830016,"vms":10740543488,"shared":11558912,"text":2322432,"lib":0,"data":9359171584,"dirty":0,"uss":680239104,"pss":2307051520,"swap":0},"14015":{"rss":7102328832,"vms":15992295424,"shared":566239232,"text":2322432,"lib":0,"data":14395793408,"dirty":0,"uss":3839287296,"pss":5467794432,"swap":0}},"nvidia_draw_absolute":48.74,"nvidia_estimated_attributable_power_draw":48.74,"average_gpu_estimated_utilization_absolute":0.35,"per_gpu_average_estimated_utilization_absolute":{"(0, 14015)":{"sm":35,"mem":9,"enc":0,"dec":0}},"average_gpu_estimated_utilization_relative":1.0,"per_gpu_performance_state":{"0":"P2"},"per_gpu_power_draw":{"0":48.74},"cpu_count_adjusted_average_load":[0.139375,0.135625,0.1384375],"cpu_freq":[{"current":2095.687,"min":1200.0,"max":3200.0},{"current":1396.125,"min":1200.0,"max":3200.0},{"current":1200.0,"min":1200.0,"max":3200.0},{"current":2400.0,"min":1200.0,"max":3200.0},{"current":1300.125,"min":1200.0,"max":3200.0},{"current":1219.031,"min":1200.0,"max":3200.0},{"current":2399.906,"min":1200.0,"max":3200.0},{"current":2400.0,"min":1200.0,"max":3200.0},{"current":1338.281,"min":1200.0,"max":3200.0},{"current":3137.531,"min":1200.0,"max":3200.0},{"current":1296.375,"min":1200.0,"max":3200.0},{"current":1287.656,"min":1200.0,"max":3200.0},{"current":1200.093,"min":1200.0,"max":3200.0},{"current":1200.093,"min":1200.0,"max":3200.0},{"current":1200.093,"min":1200.0,"max":3200.0},{"current":1238.531,"min":1200.0,"max":3200.0},{"current":2291.906,"min":1200.0,"max":3200.0},{"current":1204.5,"min":1200.0,"max":3200.0},{"current":1273.031,"min":1200.0,"max":3200.0},{"current":2399.906,"min":1200.0,"max":3200.0},{"current":1396.968,"min":1200.0,"max":3200.0},{"current":1277.343,"min":1200.0,"max":3200.0},{"current":2399.531,"min":1200.0,"max":3200.0},{"current":2400.0,"min":1200.0,"max":3200.0},{"current":1647.937,"min":1200.0,"max":3200.0},{"current":3126.656,"min":1200.0,"max":3200.0},{"current":1404.75,"min":1200.0,"max":3200.0},{"current":1495.125,"min":1200.0,"max":3200.0},{"current":1277.437,"min":1200.0,"max":3200.0},{"current":1259.437,"min":1200.0,"max":3200.0},{"current":1207.968,"min":1200.0,"max":3200.0},{"current":1204.031,"min":1200.0,"max":3200.0}],"realtime_carbon_intensity":388.3594780824,"disk_write_speed":46.8116897974,"process_ids":[14084,14015]}
{"timestamp":1573520274.9719259739,"rapl_power_draw_absolute":65.1805288014,"rapl_estimated_attributable_power_draw":15.3000708484,"cpu_time_seconds":{"14084":{"user":0.92,"system":0.76,"children_user":0.08,"children_system":0.68},"14015":{"user":38.38,"system":4.98,"children_user":1.12,"children_system":0.17}},"average_relative_cpu_utilization":0.2415692774,"absolute_cpu_utilization":1.0036117049,"relative_mem_usage":0.15271833,"absolute_mem_usage":12297044992.0,"absolute_mem_percent_usage":0.0910223021,"mem_info_per_process":{"14084":{"rss":3935830016,"vms":10740543488,"shared":11558912,"text":2322432,"lib":0,"data":9359171584,"dirty":0,"uss":681119744,"pss":2307491840,"swap":0},"14015":{"rss":7102328832,"vms":15992295424,"shared":566239232,"text":2322432,"lib":0,"data":14395793408,"dirty":0,"uss":3840188416,"pss":5468244992,"swap":0}},"nvidia_draw_absolute":48.56,"nvidia_estimated_attributable_power_draw":48.56,"average_gpu_estimated_utilization_absolute":0.35,"per_gpu_average_estimated_utilization_absolute":{"(0, 14015)":{"sm":35,"mem":9,"enc":0,"dec":0}},"average_gpu_estimated_utilization_relative":1.0,"per_gpu_performance_state":{"0":"P2"},"per_gpu_power_draw":{"0":48.56},"cpu_count_adjusted_average_load":[0.135625,0.135,0.1384375],"cpu_freq":[{"current":2399.906,"min":1200.0,"max":3200.0},{"current":1397.062,"min":1200.0,"max":3200.0},{"current":2400.0,"min":1200.0,"max":3200.0},{"current":1440.937,"min":1200.0,"max":3200.0},{"current":1248.562,"min":1200.0,"max":3200.0},{"current":1201.687,"min":1200.0,"max":3200.0},{"current":1299.0,"min":1200.0,"max":3200.0},{"current":1342.218,"min":1200.0,"max":3200.0},{"current":1212.843,"min":1200.0,"max":3200.0},{"current":3049.031,"min":1200.0,"max":3200.0},{"current":1371.468,"min":1200.0,"max":3200.0},{"current":1399.875,"min":1200.0,"max":3200.0},{"current":1245.187,"min":1200.0,"max":3200.0},{"current":1200.093,"min":1200.0,"max":3200.0},{"current":1200.75,"min":1200.0,"max":3200.0},{"current":1200.093,"min":1200.0,"max":3200.0},{"current":2399.906,"min":1200.0,"max":3200.0},{"current":1396.593,"min":1200.0,"max":3200.0},{"current":2399.906,"min":1200.0,"max":3200.0},{"current":1699.968,"min":1200.0,"max":3200.0},{"current":1573.687,"min":1200.0,"max":3200.0},{"current":1202.437,"min":1200.0,"max":3200.0},{"current":1239.75,"min":1200.0,"max":3200.0},{"current":1399.218,"min":1200.0,"max":3200.0},{"current":1243.312,"min":1200.0,"max":3200.0},{"current":3126.656,"min":1200.0,"max":3200.0},{"current":1500.0,"min":1200.0,"max":3200.0},{"current":1770.281,"min":1200.0,"max":3200.0},{"current":1349.812,"min":1200.0,"max":3200.0},{"current":1205.437,"min":1200.0,"max":3200.0},{"current":1202.906,"min":1200.0,"max":3200.0},{"current":1200.281,"min":1200.0,"max":3200.0}],"realtime_carbon_intensity":388.3594780824,"disk_write_speed":33.3679483508,"process_ids":[14084,14015]}
{"timestamp":1573520282.9872560501,"rapl_power_draw_absolute":67.4968686665,"rapl_estimated_attributable_power_draw":16.1871339277,"cpu_time_seconds":{"14084":{"user":1.07,"system":0.95,"children_user":0.1,"children_system":0.84},"14015":{"user":46.09,"system":5.28,"children_user":1.12,"children_system":0.17}},"average_relative_cpu_utilization":0.2481283066,"absolute_cpu_utilization":1.003610586,"relative_mem_usage":0.1527276475,"absolute_mem_usage":12299201536.0,"absolute_mem_percent_usage":0.0910382647,"mem_info_per_process":{"14084":{"rss":3935830016,"vms":10740543488,"shared":11558912,"text":2322432,"lib":0,"data":9359171584,"dirty":0,"uss":681848832,"pss":2307856384,"swap":0},"14015":{"rss":7102328832,"vms":15992295424,"shared":566239232,"text":2322432,"lib":0,"data":14395793408,"dirty":0,"uss":3840897024,"pss":5468599296,"swap":0}},"nvidia_draw_absolute":52.43,"nvidia_estimated_attributable_power_draw":52.43,"average_gpu_estimated_utilization_absolute":0.35,"per_gpu_average_estimated_utilization_absolute":{"(0, 14015)":{"sm":35,"mem":9,"enc":0,"dec":0}},"average_gpu_estimated_utilization_relative":1.0,"per_gpu_performance_state":{"0":"P2"},"per_gpu_power_draw":{"0":52.43},"cpu_count_adjusted_average_load":[0.131875,0.1340625,0.138125],"cpu_freq":[{"current":1200.0,"min":1200.0,"max":3200.0},{"current":1396.781,"min":1200.0,"max":3200.0},{"current":2399.906,"min":1200.0,"max":3200.0},{"current":1605.937,"min":1200.0,"max":3200.0},{"current":1243.218,"min":1200.0,"max":3200.0},{"current":1501.218,"min":1200.0,"max":3200.0},{"current":2399.906,"min":1200.0,"max":3200.0},{"current":1758.468,"min":1200.0,"max":3200.0},{"current":1400.062,"min":1200.0,"max":3200.0},{"current":3086.062,"min":1200.0,"max":3200.0},{"current":1427.343,"min":1200.0,"max":3200.0},{"current":1396.406,"min":1200.0,"max":3200.0},{"current":1200.093,"min":1200.0,"max":3200.0},{"current":1200.093,"min":1200.0,"max":3200.0},{"current":1201.031,"min":1200.0,"max":3200.0},{"current":1230.656,"min":1200.0,"max":3200.0},{"current":1205.531,"min":1200.0,"max":3200.0},{"current":1503.093,"min":1200.0,"max":3200.0},{"current":2400.0,"min":1200.0,"max":3200.0},{"current":1698.0,"min":1200.0,"max":3200.0},{"current":1281.0,"min":1200.0,"max":3200.0},{"current":1400.812,"min":1200.0,"max":3200.0},{"current":2399.906,"min":1200.0,"max":3200.0},{"current":1510.687,"min":1200.0,"max":3200.0},{"current":1398.562,"min":1200.0,"max":3200.0},{"current":3150.281,"min":1200.0,"max":3200.0},{"current":1501.406,"min":1200.0,"max":3200.0},{"current":1219.968,"min":1200.0,"max":3200.0},{"current":1288.406,"min":1200.0,"max":3200.0},{"current":1203.187,"min":1200.0,"max":3200.0},{"current":1210.218,"min":1200.0,"max":3200.0},{"current":1259.625,"min":1200.0,"max":3200.0}],"realtime_carbon_intensity":388.3594780824,"disk_write_speed":27.1349909081,"process_ids":[14084,14015]}
{"timestamp":1573520291.0004088879,"rapl_power_draw_absolute":65.2117948692,"rapl_estimated_attributable_power_draw":15.291250133,"cpu_time_seconds":{"14084":{"user":1.21,"system":1.16,"children_user":0.12,"children_system":1.0},"14015":{"user":53.8,"system":5.59,"children_user":1.12,"children_system":0.17}},"average_relative_cpu_utilization":0.2412861668,"absolute_cpu_utilization":1.0036552105,"relative_mem_usage":0.1527294032,"absolute_mem_usage":12300473344.0,"absolute_mem_percent_usage":0.0910476786,"mem_info_per_process":{"14084":{"rss":3935830016,"vms":10740543488,"shared":11558912,"text":2322432,"lib":0,"data":9359171584,"dirty":0,"uss":682270720,"pss":2308067328,"swap":0},"14015":{"rss":7102328832,"vms":15992295424,"shared":566239232,"text":2322432,"lib":0,"data":14395793408,"dirty":0,"uss":3841323008,"pss":5468812288,"swap":0}},"nvidia_draw_absolute":49.32,"nvidia_estimated_attributable_power_draw":49.32,"average_gpu_estimated_utilization_absolute":0.35,"per_gpu_average_estimated_utilization_absolute":{"(0, 14015)":{"sm":35,"mem":9,"enc":0,"dec":0}},"average_gpu_estimated_utilization_relative":1.0,"per_gpu_performance_state":{"0":"P2"},"per_gpu_power_draw":{"0":49.32},"cpu_count_adjusted_average_load":[0.13125,0.1340625,0.1378125],"cpu_freq":[{"current":1599.937,"min":1200.0,"max":3200.0},{"current":2399.906,"min":1200.0,"max":3200.0},{"current":1399.218,"min":1200.0,"max":3200.0},{"current":1613.531,"min":1200.0,"max":3200.0},{"current":1427.531,"min":1200.0,"max":3200.0},{"current":1200.375,"min":1200.0,"max":3200.0},{"current":2399.906,"min":1200.0,"max":3200.0},{"current":2392.5,"min":1200.0,"max":3200.0},{"current":1698.375,"min":1200.0,"max":3200.0},{"current":3084.843,"min":1200.0,"max":3200.0},{"current":1214.625,"min":1200.0,"max":3200.0},{"current":1276.406,"min":1200.0,"max":3200.0},{"current":1200.093,"min":1200.0,"max":3200.0},{"current":1282.406,"min":1200.0,"max":3200.0},{"current":1200.0,"min":1200.0,"max":3200.0},{"current":1200.187,"min":1200.0,"max":3200.0},{"current":1395.187,"min":1200.0,"max":3200.0},{"current":2400.0,"min":1200.0,"max":3200.0},{"current":1792.5,"min":1200.0,"max":3200.0},{"current":1340.906,"min":1200.0,"max":3200.0},{"current":1407.093,"min":1200.0,"max":3200.0},{"current":1327.312,"min":1200.0,"max":3200.0},{"current":2399.906,"min":1200.0,"max":3200.0},{"current":2400.0,"min":1200.0,"max":3200.0},{"current":1257.281,"min":1200.0,"max":3200.0},{"current":2941.593,"min":1200.0,"max":3200.0},{"current":1494.562,"min":1200.0,"max":3200.0},{"current":1696.031,"min":1200.0,"max":3200.0},{"current":1219.218,"min":1200.0,"max":3200.0},{"current":1288.5,"min":1200.0,"max":3200.0},{"current":1210.125,"min":1200.0,"max":3200.0},{"current":1200.656,"min":1200.0,"max":3200.0}],"realtime_carbon_intensity":388.3594780824,"disk_write_speed":37.2564353459,"process_ids":[14084,14015]}
{"timestamp":1573520299.0007190704,"rapl_power_draw_absolute":65.7730451684,"rapl_estimated_attributable_power_draw":15.3764256381,"cpu_time_seconds":{"14084":{"user":1.42,"system":1.34,"children_user":0.13,"children_system":1.17},"14015":{"user":61.58,"system":5.81,"children_user":1.12,"children_system":0.17}},"average_relative_cpu_utilization":0.2409441935,"absolute_cpu_utilization":0.9986152628,"relative_mem_usage":0.1527318987,"absolute_mem_usage":12301425664.0,"absolute_mem_percent_usage":0.0910547277,"mem_info_per_process":{"14084":{"rss":3935830016,"vms":10740543488,"shared":11558912,"text":2322432,"lib":0,"data":9359171584,"dirty":0,"uss":682590208,"pss":2308227072,"swap":0},"14015":{"rss":7102328832,"vms":15992295424,"shared":566239232,"text":2322432,"lib":0,"data":14395793408,"dirty":0,"uss":3841638400,"pss":5468969984,"swap":0}},"nvidia_draw_absolute":47.78,"nvidia_estimated_attributable_power_draw":47.78,"average_gpu_estimated_utilization_absolute":0.345,"per_gpu_average_estimated_utilization_absolute":{"(0, 14015)":{"sm":34.5,"mem":9.0,"enc":0.0,"dec":0.0}},"average_gpu_estimated_utilization_relative":1.0,"per_gpu_performance_state":{"0":"P2"},"per_gpu_power_draw":{"0":47.78},"cpu_count_adjusted_average_load":[0.135,0.1346875,0.138125],"cpu_freq":[{"current":1395.656,"min":1200.0,"max":3200.0},{"current":2399.906,"min":1200.0,"max":3200.0},{"current":2427.562,"min":1200.0,"max":3200.0},{"current":2400.0,"min":1200.0,"max":3200.0},{"current":1273.5,"min":1200.0,"max":3200.0},{"current":1212.562,"min":1200.0,"max":3200.0},{"current":1825.312,"min":1200.0,"max":3200.0},{"current":2299.968,"min":1200.0,"max":3200.0},{"current":1219.312,"min":1200.0,"max":3200.0},{"current":3143.625,"min":1200.0,"max":3200.0},{"current":1203.75,"min":1200.0,"max":3200.0},{"current":1343.625,"min":1200.0,"max":3200.0},{"current":1200.187,"min":1200.0,"max":3200.0},{"current":1204.5,"min":1200.0,"max":3200.0},{"current":1200.093,"min":1200.0,"max":3200.0},{"current":1203.468,"min":1200.0,"max":3200.0},{"current":1380.468,"min":1200.0,"max":3200.0},{"current":2400.0,"min":1200.0,"max":3200.0},{"current":2714.062,"min":1200.0,"max":3200.0},{"current":1867.031,"min":1200.0,"max":3200.0},{"current":1297.218,"min":1200.0,"max":3200.0},{"current":1327.312,"min":1200.0,"max":3200.0},{"current":2400.0,"min":1200.0,"max":3200.0},{"current":1200.093,"min":1200.0,"max":3200.0},{"current":1335.843,"min":1200.0,"max":3200.0},{"current":3199.781,"min":1200.0,"max":3200.0},{"current":1364.156,"min":1200.0,"max":3200.0},{"current":1531.125,"min":1200.0,"max":3200.0},{"current":1265.812,"min":1200.0,"max":3200.0},{"current":1200.281,"min":1200.0,"max":3200.0},{"current":1206.187,"min":1200.0,"max":3200.0},{"current":1202.625,"min":1200.0,"max":3200.0}],"realtime_carbon_intensity":388.3594780824,"disk_write_speed":36.7448394282,"process_ids":[14084,14015]}
{"timestamp":1573520307.0384480953,"rapl_power_draw_absolute":65.8731616969,"rapl_estimated_attributable_power_draw":15.3598569858,"cpu_time_seconds":{"14084":{"user":1.66,"system":1.51,"children_user":0.15,"children_system":1.33},"14015":{"user":69.34,"system":6.08,"children_user":1.12,"children_system":0.17}},"average_relative_cpu_utilization":0.240619118,"absolute_cpu_utilization":0.9936732457,"relative_mem_usage":0.1527270267,"absolute_mem_usage":12302089216.0,"absolute_mem_percent_usage":0.0910596392,"mem_info_per_process":{"14084":{"rss":3935830016,"vms":10740543488,"shared":11558912,"text":2322432,"lib":0,"data":9359171584,"dirty":0,"uss":682811392,"pss":2308337664,"swap":0},"14015":{"rss":7102328832,"vms":15992295424,"shared":566239232,"text":2322432,"lib":0,"data":14395793408,"dirty":0,"uss":3841859584,"pss":5469080576,"swap":0}},"nvidia_draw_absolute":48.25,"nvidia_estimated_attributable_power_draw":48.25,"average_gpu_estimated_utilization_absolute":0.35,"per_gpu_average_estimated_utilization_absolute":{"(0, 14015)":{"sm":35,"mem":9,"enc":0,"dec":0}},"average_gpu_estimated_utilization_relative":1.0,"per_gpu_performance_state":{"0":"P2"},"per_gpu_power_draw":{"0":48.25},"cpu_count_adjusted_average_load":[0.12875,0.1334375,0.1375],"cpu_freq":[{"current":2260.5,"min":1200.0,"max":3200.0},{"current":1863.562,"min":1200.0,"max":3200.0},{"current":1399.968,"min":1200.0,"max":3200.0},{"current":1456.781,"min":1200.0,"max":3200.0},{"current":1304.062,"min":1200.0,"max":3200.0},{"current":1201.5,"min":1200.0,"max":3200.0},{"current":2399.906,"min":1200.0,"max":3200.0},{"current":2297.812,"min":1200.0,"max":3200.0},{"current":1488.375,"min":1200.0,"max":3200.0},{"current":3071.062,"min":1200.0,"max":3200.0},{"current":1299.375,"min":1200.0,"max":3200.0},{"current":1411.218,"min":1200.0,"max":3200.0},{"current":1200.187,"min":1200.0,"max":3200.0},{"current":1200.093,"min":1200.0,"max":3200.0},{"current":1200.093,"min":1200.0,"max":3200.0},{"current":1200.187,"min":1200.0,"max":3200.0},{"current":2399.906,"min":1200.0,"max":3200.0},{"current":2098.031,"min":1200.0,"max":3200.0},{"current":1499.906,"min":1200.0,"max":3200.0},{"current":2399.906,"min":1200.0,"max":3200.0},{"current":1570.968,"min":1200.0,"max":3200.0},{"current":1202.25,"min":1200.0,"max":3200.0},{"current":2400.0,"min":1200.0,"max":3200.0},{"current":2075.062,"min":1200.0,"max":3200.0},{"current":1338.656,"min":1200.0,"max":3200.0},{"current":3199.781,"min":1200.0,"max":3200.0},{"current":1274.343,"min":1200.0,"max":3200.0},{"current":1767.0,"min":1200.0,"max":3200.0},{"current":1210.5,"min":1200.0,"max":3200.0},{"current":1200.281,"min":1200.0,"max":3200.0},{"current":1205.343,"min":1200.0,"max":3200.0},{"current":1231.218,"min":1200.0,"max":3200.0}],"realtime_carbon_intensity":388.3594780824,"disk_write_speed":32.9873293571,"process_ids":[14084,14015]}
{"timestamp":1573520315.0547149181,"rapl_power_draw_absolute":66.2616145258,"rapl_estimated_attributable_power_draw":15.3567360535,"cpu_time_seconds":{"14084":{"user":1.85,"system":1.69,"children_user":0.17,"children_system":1.49},"14015":{"user":77.11,"system":6.34,"children_user":1.12,"children_system":0.17}},"average_relative_cpu_utilization":0.238930243,"absolute_cpu_utilization":0.9986015083,"relative_mem_usage":0.152723688,"absolute_mem_usage":12302912512.0,"absolute_mem_percent_usage":0.0910657333,"mem_info_per_process":{"14084":{"rss":3935830016,"vms":10740543488,"shared":11558912,"text":2322432,"lib":0,"data":9359171584,"dirty":0,"uss":683085824,"pss":2308474880,"swap":0},"14015":{"rss":7102332928,"vms":15992295424,"shared":566239232,"text":2322432,"lib":0,"data":14395793408,"dirty":0,"uss":3842134016,"pss":5469217792,"swap":0}},"nvidia_draw_absolute":47.68,"nvidia_estimated_attributable_power_draw":47.68,"average_gpu_estimated_utilization_absolute":0.35,"per_gpu_average_estimated_utilization_absolute":{"(0, 14015)":{"sm":35,"mem":9,"enc":0,"dec":0}},"average_gpu_estimated_utilization_relative":1.0,"per_gpu_performance_state":{"0":"P2"},"per_gpu_power_draw":{"0":47.68},"cpu_count_adjusted_average_load":[0.13125,0.13375,0.1378125],"cpu_freq":[{"current":2168.531,"min":1200.0,"max":3200.0},{"current":1222.968,"min":1200.0,"max":3200.0},{"current":1477.781,"min":1200.0,"max":3200.0},{"current":1480.125,"min":1200.0,"max":3200.0},{"current":1357.031,"min":1200.0,"max":3200.0},{"current":1202.062,"min":1200.0,"max":3200.0},{"current":2199.468,"min":1200.0,"max":3200.0},{"current":2399.906,"min":1200.0,"max":3200.0},{"current":1267.875,"min":1200.0,"max":3200.0},{"current":3122.25,"min":1200.0,"max":3200.0},{"current":1298.812,"min":1200.0,"max":3200.0},{"current":1204.218,"min":1200.0,"max":3200.0},{"current":1200.187,"min":1200.0,"max":3200.0},{"current":1200.187,"min":1200.0,"max":3200.0},{"current":1200.093,"min":1200.0,"max":3200.0},{"current":1200.093,"min":1200.0,"max":3200.0},{"current":2278.593,"min":1200.0,"max":3200.0},{"current":2400.187,"min":1200.0,"max":3200.0},{"current":1451.437,"min":1200.0,"max":3200.0},{"current":2399.906,"min":1200.0,"max":3200.0},{"current":1234.218,"min":1200.0,"max":3200.0},{"current":1202.156,"min":1200.0,"max":3200.0},{"current":1587.187,"min":1200.0,"max":3200.0},{"current":2399.906,"min":1200.0,"max":3200.0},{"current":1299.281,"min":1200.0,"max":3200.0},{"current":2626.5,"min":1200.0,"max":3200.0},{"current":1577.062,"min":1200.0,"max":3200.0},{"current":1276.125,"min":1200.0,"max":3200.0},{"current":1212.187,"min":1200.0,"max":3200.0},{"current":1316.906,"min":1200.0,"max":3200.0},{"current":1203.187,"min":1200.0,"max":3200.0},{"current":1202.718,"min":1200.0,"max":3200.0}],"realtime_carbon_intensity":388.3594780824,"disk_write_speed":27.8063546982,"process_ids":[14084,14015]}
{"timestamp":1573520323.1599678993,"rapl_power_draw_absolute":65.0035923391,"rapl_estimated_attributable_power_draw":15.3447621827,"cpu_time_seconds":{"14084":{"user":2.05,"system":1.87,"children_user":0.19,"children_system":1.66},"14015":{"user":84.96,"system":6.6,"children_user":1.12,"children_system":0.17}},"average_relative_cpu_utilization":0.2430275519,"absolute_cpu_utilization":1.0035890949,"relative_mem_usage":0.1527195362,"absolute_mem_usage":12303453184.0,"absolute_mem_percent_usage":0.0910697353,"mem_info_per_process":{"14084":{"rss":3935830016,"vms":10740543488,"shared":11558912,"text":2322432,"lib":0,"data":9359171584,"dirty":0,"uss":683266048,"pss":2308564992,"swap":0},"14015":{"rss":7102332928,"vms":15992295424,"shared":566239232,"text":2322432,"lib":0,"data":14395793408,"dirty":0,"uss":3842314240,"pss":5469307904,"swap":0}},"nvidia_draw_absolute":48.18,"nvidia_estimated_attributable_power_draw":48.18,"average_gpu_estimated_utilization_absolute":0.35,"per_gpu_average_estimated_utilization_absolute":{"(0, 14015)":{"sm":35,"mem":9,"enc":0,"dec":0}},"average_gpu_estimated_utilization_relative":1.0,"per_gpu_performance_state":{"0":"P2"},"per_gpu_power_draw":{"0":48.18},"cpu_count_adjusted_average_load":[0.1303125,0.1334375,0.1375],"cpu_freq":[{"current":1629.843,"min":1200.0,"max":3200.0},{"current":1523.906,"min":1200.0,"max":3200.0},{"current":1235.343,"min":1200.0,"max":3200.0},{"current":2363.718,"min":1200.0,"max":3200.0},{"current":1208.718,"min":1200.0,"max":3200.0},{"current":1200.0,"min":1200.0,"max":3200.0},{"current":1209.75,"min":1200.0,"max":3200.0},{"current":2390.531,"min":1200.0,"max":3200.0},{"current":1241.906,"min":1200.0,"max":3200.0},{"current":3058.593,"min":1200.0,"max":3200.0},{"current":1200.562,"min":1200.0,"max":3200.0},{"current":1482.656,"min":1200.0,"max":3200.0},{"current":1200.093,"min":1200.0,"max":3200.0},{"current":1200.187,"min":1200.0,"max":3200.0},{"current":1236.656,"min":1200.0,"max":3200.0},{"current":1200.093,"min":1200.0,"max":3200.0},{"current":2298.187,"min":1200.0,"max":3200.0},{"current":1799.437,"min":1200.0,"max":3200.0},{"current":2369.343,"min":1200.0,"max":3200.0},{"current":1429.5,"min":1200.0,"max":3200.0},{"current":1202.531,"min":1200.0,"max":3200.0},{"current":1210.312,"min":1200.0,"max":3200.0},{"current":1298.718,"min":1200.0,"max":3200.0},{"current":2399.906,"min":1200.0,"max":3200.0},{"current":1301.437,"min":1200.0,"max":3200.0},{"current":2626.5,"min":1200.0,"max":3200.0},{"current":1516.125,"min":1200.0,"max":3200.0},{"current":1623.375,"min":1200.0,"max":3200.0},{"current":1212.187,"min":1200.0,"max":3200.0},{"current":1251.562,"min":1200.0,"max":3200.0},{"current":1203.187,"min":1200.0,"max":3200.0},{"current":1276.312,"min":1200.0,"max":3200.0}],"realtime_carbon_intensity":388.3594780824,"disk_write_speed":38.5567668093,"process_ids":[14084,14015]}
{"timestamp":1573520331.259403944,"rapl_power_draw_absolute":65.9838764458,"rapl_estimated_attributable_power_draw":15.2422455179,"cpu_time_seconds":{"14084":{"user":2.22,"system":2.06,"children_user":0.22,"children_system":1.82},"14015":{"user":92.75,"system":6.91,"children_user":1.12,"children_system":0.17}},"average_relative_cpu_utilization":0.2380850254,"absolute_cpu_utilization":0.9986253063,"relative_mem_usage":0.1527134651,"absolute_mem_usage":12303969280.0,"absolute_mem_percent_usage":0.0910735554,"mem_info_per_process":{"14084":{"rss":3935830016,"vms":10740543488,"shared":11558912,"text":2322432,"lib":0,"data":9359171584,"dirty":0,"uss":683438080,"pss":2308651008,"swap":0},"14015":{"rss":7102332928,"vms":15992295424,"shared":566239232,"text":2322432,"lib":0,"data":14395793408,"dirty":0,"uss":3842486272,"pss":5469393920,"swap":0}},"nvidia_draw_absolute":46.73,"nvidia_estimated_attributable_power_draw":46.73,"average_gpu_estimated_utilization_absolute":0.35,"per_gpu_average_estimated_utilization_absolute":{"(0, 14015)":{"sm":35,"mem":9,"enc":0,"dec":0}},"average_gpu_estimated_utilization_relative":1.0,"per_gpu_performance_state":{"0":"P2"},"per_gpu_power_draw":{"0":46.73},"cpu_count_adjusted_average_load":[0.129375,0.133125,0.1375],"cpu_freq":[{"current":2398.125,"min":1200.0,"max":3200.0},{"current":1576.312,"min":1200.0,"max":3200.0},{"current":2399.343,"min":1200.0,"max":3200.0},{"current":1399.687,"min":1200.0,"max":3200.0},{"current":1234.875,"min":1200.0,"max":3200.0},{"current":1201.406,"min":1200.0,"max":3200.0},{"current":1460.343,"min":1200.0,"max":3200.0},{"current":1269.281,"min":1200.0,"max":3200.0},{"current":1497.75,"min":1200.0,"max":3200.0},{"current":3128.625,"min":1200.0,"max":3200.0},{"current":1263.937,"min":1200.0,"max":3200.0},{"current":1340.812,"min":1200.0,"max":3200.0},{"current":1260.562,"min":1200.0,"max":3200.0},{"current":1296.843,"min":1200.0,"max":3200.0},{"current":1261.312,"min":1200.0,"max":3200.0},{"current":1200.093,"min":1200.0,"max":3200.0},{"current":2211.656,"min":1200.0,"max":3200.0},{"current":2197.031,"min":1200.0,"max":3200.0},{"current":2400.0,"min":1200.0,"max":3200.0},{"current":1399.312,"min":1200.0,"max":3200.0},{"current":1296.562,"min":1200.0,"max":3200.0},{"current":1210.312,"min":1200.0,"max":3200.0},{"current":1323.093,"min":1200.0,"max":3200.0},{"current":1203.281,"min":1200.0,"max":3200.0},{"current":1299.375,"min":1200.0,"max":3200.0},{"current":3110.156,"min":1200.0,"max":3200.0},{"current":1322.625,"min":1200.0,"max":3200.0},{"current":1406.718,"min":1200.0,"max":3200.0},{"current":1246.312,"min":1200.0,"max":3200.0},{"current":1291.5,"min":1200.0,"max":3200.0},{"current":1205.062,"min":1200.0,"max":3200.0},{"current":1226.25,"min":1200.0,"max":3200.0}],"realtime_carbon_intensity":388.3594780824,"disk_write_speed":45.3461289692,"process_ids":[14084,14015]}
{"timestamp":1573520339.2636799812,"rapl_power_draw_absolute":65.5292423917,"rapl_estimated_attributable_power_draw":15.5801749165,"cpu_time_seconds":{"14084":{"user":2.43,"system":2.24,"children_user":0.22,"children_system":1.99},"14015":{"user":100.51,"system":7.16,"children_user":1.12,"children_system":0.17}},"average_relative_cpu_utilization":0.2448035724,"absolute_cpu_utilization":1.0035973215,"relative_mem_usage":0.1527017988,"absolute_mem_usage":12304239616.0,"absolute_mem_percent_usage":0.0910755564,"mem_info_per_process":{"14084":{"rss":3935830016,"vms":10740543488,"shared":11558912,"text":2322432,"lib":0,"data":9359171584,"dirty":0,"uss":683528192,"pss":2308696064,"swap":0},"14015":{"rss":7102332928,"vms":15992295424,"shared":566239232,"text":2322432,"lib":0,"data":14395793408,"dirty":0,"uss":3842576384,"pss":5469438976,"swap":0}},"nvidia_draw_absolute":48.48,"nvidia_estimated_attributable_power_draw":48.48,"average_gpu_estimated_utilization_absolute":0.35,"per_gpu_average_estimated_utilization_absolute":{"(0, 14015)":{"sm":35,"mem":9,"enc":0,"dec":0}},"average_gpu_estimated_utilization_relative":1.0,"per_gpu_performance_state":{"0":"P2"},"per_gpu_power_draw":{"0":48.48},"cpu_count_adjusted_average_load":[0.1290625,0.133125,0.1375],"cpu_freq":[{"current":1962.75,"min":1200.0,"max":3200.0},{"current":1296.937,"min":1200.0,"max":3200.0},{"current":2399.906,"min":1200.0,"max":3200.0},{"current":1526.062,"min":1200.0,"max":3200.0},{"current":1261.593,"min":1200.0,"max":3200.0},{"current":1200.187,"min":1200.0,"max":3200.0},{"current":2400.0,"min":1200.0,"max":3200.0},{"current":2186.812,"min":1200.0,"max":3200.0},{"current":1541.343,"min":1200.0,"max":3200.0},{"current":3133.218,"min":1200.0,"max":3200.0},{"current":1295.718,"min":1200.0,"max":3200.0},{"current":1882.687,"min":1200.0,"max":3200.0},{"current":1225.687,"min":1200.0,"max":3200.0},{"current":1206.0,"min":1200.0,"max":3200.0},{"current":1246.781,"min":1200.0,"max":3200.0},{"current":1458.562,"min":1200.0,"max":3200.0},{"current":2079.468,"min":1200.0,"max":3200.0},{"current":1270.593,"min":1200.0,"max":3200.0},{"current":2399.906,"min":1200.0,"max":3200.0},{"current":1590.468,"min":1200.0,"max":3200.0},{"current":1200.0,"min":1200.0,"max":3200.0},{"current":1288.031,"min":1200.0,"max":3200.0},{"current":2400.0,"min":1200.0,"max":3200.0},{"current":2399.625,"min":1200.0,"max":3200.0},{"current":1449.187,"min":1200.0,"max":3200.0},{"current":3110.156,"min":1200.0,"max":3200.0},{"current":1245.843,"min":1200.0,"max":3200.0},{"current":1856.156,"min":1200.0,"max":3200.0},{"current":1240.5,"min":1200.0,"max":3200.0},{"current":1265.531,"min":1200.0,"max":3200.0},{"current":1218.75,"min":1200.0,"max":3200.0},{"current":1202.25,"min":1200.0,"max":3200.0}],"realtime_carbon_intensity":388.3594780824,"disk_write_speed":20.415937384,"process_ids":[14084,14015]}
{"timestamp":1573520347.3007600307,"rapl_power_draw_absolute":65.5924532216,"rapl_estimated_attributable_power_draw":15.0134287377,"cpu_time_seconds":{"14084":{"user":2.57,"system":2.43,"children_user":0.24,"children_system":2.16},"14015":{"user":108.34,"system":7.36,"children_user":1.12,"children_system":0.17}},"average_relative_cpu_utilization":0.2352057649,"absolute_cpu_utilization":0.9936235153,"relative_mem_usage":0.1526904228,"absolute_mem_usage":12304540672.0,"absolute_mem_percent_usage":0.0910777848,"mem_info_per_process":{"14084":{"rss":3935830016,"vms":10740543488,"shared":11558912,"text":2322432,"lib":0,"data":9359171584,"dirty":0,"uss":683626496,"pss":2308745216,"swap":0},"14015":{"rss":7102332928,"vms":15992295424,"shared":566239232,"text":2322432,"lib":0,"data":14395793408,"dirty":0,"uss":3842678784,"pss":5469490176,"swap":0}},"nvidia_draw_absolute":49.41,"nvidia_estimated_attributable_power_draw":49.41,"average_gpu_estimated_utilization_absolute":0.35,"per_gpu_average_estimated_utilization_absolute":{"(0, 14015)":{"sm":35,"mem":9,"enc":0,"dec":0}},"average_gpu_estimated_utilization_relative":1.0,"per_gpu_performance_state":{"0":"P2"},"per_gpu_power_draw":{"0":49.41},"cpu_count_adjusted_average_load":[0.130625,0.133125,0.1375],"cpu_freq":[{"current":1297.968,"min":1200.0,"max":3200.0},{"current":2283.281,"min":1200.0,"max":3200.0},{"current":2093.625,"min":1200.0,"max":3200.0},{"current":2089.968,"min":1200.0,"max":3200.0},{"current":1290.937,"min":1200.0,"max":3200.0},{"current":1201.125,"min":1200.0,"max":3200.0},{"current":1200.843,"min":1200.0,"max":3200.0},{"current":2118.093,"min":1200.0,"max":3200.0},{"current":1274.156,"min":1200.0,"max":3200.0},{"current":3153.281,"min":1200.0,"max":3200.0},{"current":1800.187,"min":1200.0,"max":3200.0},{"current":2193.843,"min":1200.0,"max":3200.0},{"current":1200.093,"min":1200.0,"max":3200.0},{"current":1232.437,"min":1200.0,"max":3200.0},{"current":1240.968,"min":1200.0,"max":3200.0},{"current":1271.625,"min":1200.0,"max":3200.0},{"current":1230.187,"min":1200.0,"max":3200.0},{"current":2400.0,"min":1200.0,"max":3200.0},{"current":1782.0,"min":1200.0,"max":3200.0},{"current":1214.718,"min":1200.0,"max":3200.0},{"current":1212.843,"min":1200.0,"max":3200.0},{"current":1202.25,"min":1200.0,"max":3200.0},{"current":1311.375,"min":1200.0,"max":3200.0},{"current":2399.906,"min":1200.0,"max":3200.0},{"current":1367.062,"min":1200.0,"max":3200.0},{"current":3152.156,"min":1200.0,"max":3200.0},{"current":1747.218,"min":1200.0,"max":3200.0},{"current":2194.125,"min":1200.0,"max":3200.0},{"current":1471.593,"min":1200.0,"max":3200.0},{"current":1268.25,"min":1200.0,"max":3200.0},{"current":1206.093,"min":1200.0,"max":3200.0},{"current":1203.843,"min":1200.0,"max":3200.0}],"realtime_carbon_intensity":388.3594780824,"disk_write_speed":39.6651497785,"process_ids":[14084,14015]}
{"timestamp":1573520355.2877058983,"rapl_power_draw_absolute":66.3784653338,"rapl_estimated_attributable_power_draw":15.7989029672,"cpu_time_seconds":{"14084":{"user":2.78,"system":2.61,"children_user":0.26,"children_system":2.33},"14015":{"user":116.06,"system":7.64,"children_user":1.12,"children_system":0.17}},"average_relative_cpu_utilization":0.2460018258,"absolute_cpu_utilization":1.0036179363,"relative_mem_usage":0.1526817531,"absolute_mem_usage":12304755712.0,"absolute_mem_percent_usage":0.0910793766,"mem_info_per_process":{"14084":{"rss":3935830016,"vms":10740543488,"shared":11558912,"text":2322432,"lib":0,"data":9359171584,"dirty":0,"uss":683700224,"pss":2308782080,"swap":0},"14015":{"rss":7102332928,"vms":15992295424,"shared":566239232,"text":2322432,"lib":0,"data":14395793408,"dirty":0,"uss":3842748416,"pss":5469524992,"swap":0}},"nvidia_draw_absolute":48.65,"nvidia_estimated_attributable_power_draw":48.65,"average_gpu_estimated_utilization_absolute":0.35,"per_gpu_average_estimated_utilization_absolute":{"(0, 14015)":{"sm":35,"mem":9,"enc":0,"dec":0}},"average_gpu_estimated_utilization_relative":1.0,"per_gpu_performance_state":{"0":"P2"},"per_gpu_power_draw":{"0":48.65},"cpu_count_adjusted_average_load":[0.1328125,0.13375,0.1375],"cpu_freq":[{"current":1395.843,"min":1200.0,"max":3200.0},{"current":1899.75,"min":1200.0,"max":3200.0},{"current":1399.968,"min":1200.0,"max":3200.0},{"current":2399.906,"min":1200.0,"max":3200.0},{"current":1338.187,"min":1200.0,"max":3200.0},{"current":1229.812,"min":1200.0,"max":3200.0},{"current":2399.906,"min":1200.0,"max":3200.0},{"current":1994.343,"min":1200.0,"max":3200.0},{"current":1292.437,"min":1200.0,"max":3200.0},{"current":3128.343,"min":1200.0,"max":3200.0},{"current":1673.156,"min":1200.0,"max":3200.0},{"current":1296.562,"min":1200.0,"max":3200.0},{"current":1220.25,"min":1200.0,"max":3200.0},{"current":1200.093,"min":1200.0,"max":3200.0},{"current":1216.5,"min":1200.0,"max":3200.0},{"current":1257.0,"min":1200.0,"max":3200.0},{"current":1396.593,"min":1200.0,"max":3200.0},{"current":1498.593,"min":1200.0,"max":3200.0},{"current":1899.656,"min":1200.0,"max":3200.0},{"current":2400.0,"min":1200.0,"max":3200.0},{"current":1247.437,"min":1200.0,"max":3200.0},{"current":1202.906,"min":1200.0,"max":3200.0},{"current":2399.906,"min":1200.0,"max":3200.0},{"current":1998.468,"min":1200.0,"max":3200.0},{"current":1342.125,"min":1200.0,"max":3200.0},{"current":3152.156,"min":1200.0,"max":3200.0},{"current":1717.406,"min":1200.0,"max":3200.0},{"current":1207.031,"min":1200.0,"max":3200.0},{"current":1202.343,"min":1200.0,"max":3200.0},{"current":1275.937,"min":1200.0,"max":3200.0},{"current":1204.312,"min":1200.0,"max":3200.0},{"current":1355.812,"min":1200.0,"max":3200.0}],"realtime_carbon_intensity":388.3594780824,"disk_write_speed":29.32509624,"process_ids":[14084,14015]}
{"timestamp":1573520363.2969450951,"rapl_power_draw_absolute":66.8207581694,"rapl_estimated_attributable_power_draw":15.6356798709,"cpu_time_seconds":{"14084":{"user":2.94,"system":2.81,"children_user":0.27,"children_system":2.5},"14015":{"user":123.8,"system":7.91,"children_user":1.12,"children_system":0.17}},"average_relative_cpu_utilization":0.241815937,"absolute_cpu_utilization":0.9985968387,"relative_mem_usage":0.1526736473,"absolute_mem_usage":12305022976.0,"absolute_mem_percent_usage":0.0910813548,"mem_info_per_process":{"14084":{"rss":3935830016,"vms":10740543488,"shared":11558912,"text":2322432,"lib":0,"data":9359171584,"dirty":0,"uss":683782144,"pss":2308824064,"swap":0},"14015":{"rss":7102332928,"vms":15992295424,"shared":566239232,"text":2322432,"lib":0,"data":14395793408,"dirty":0,"uss":3842830336,"pss":5469586432,"swap":0}},"nvidia_draw_absolute":47.68,"nvidia_estimated_attributable_power_draw":47.68,"average_gpu_estimated_utilization_absolute":0.345,"per_gpu_average_estimated_utilization_absolute":{"(0, 14015)":{"sm":34.5,"mem":9.0,"enc":0.0,"dec":0.0}},"average_gpu_estimated_utilization_relative":1.0,"per_gpu_performance_state":{"0":"P2"},"per_gpu_power_draw":{"0":47.68},"cpu_count_adjusted_average_load":[0.1315625,0.1334375,0.1375],"cpu_freq":[{"current":2399.906,"min":1200.0,"max":3200.0},{"current":1497.187,"min":1200.0,"max":3200.0},{"current":2399.906,"min":1200.0,"max":3200.0},{"current":1238.062,"min":1200.0,"max":3200.0},{"current":1219.5,"min":1200.0,"max":3200.0},{"current":1201.031,"min":1200.0,"max":3200.0},{"current":2098.406,"min":1200.0,"max":3200.0},{"current":1593.937,"min":1200.0,"max":3200.0},{"current":1223.437,"min":1200.0,"max":3200.0},{"current":3161.718,"min":1200.0,"max":3200.0},{"current":1447.875,"min":1200.0,"max":3200.0},{"current":2393.812,"min":1200.0,"max":3200.0},{"current":1200.093,"min":1200.0,"max":3200.0},{"current":1276.312,"min":1200.0,"max":3200.0},{"current":1200.093,"min":1200.0,"max":3200.0},{"current":1251.937,"min":1200.0,"max":3200.0},{"current":2353.781,"min":1200.0,"max":3200.0},{"current":2399.906,"min":1200.0,"max":3200.0},{"current":2386.687,"min":1200.0,"max":3200.0},{"current":1204.218,"min":1200.0,"max":3200.0},{"current":1294.875,"min":1200.0,"max":3200.0},{"current":1262.718,"min":1200.0,"max":3200.0},{"current":1632.093,"min":1200.0,"max":3200.0},{"current":1329.843,"min":1200.0,"max":3200.0},{"current":1266.0,"min":1200.0,"max":3200.0},{"current":3152.343,"min":1200.0,"max":3200.0},{"current":1377.656,"min":1200.0,"max":3200.0},{"current":2230.5,"min":1200.0,"max":3200.0},{"current":1212.656,"min":1200.0,"max":3200.0},{"current":1645.781,"min":1200.0,"max":3200.0},{"current":1204.218,"min":1200.0,"max":3200.0},{"current":1200.75,"min":1200.0,"max":3200.0}],"realtime_carbon_intensity":388.3594780824,"disk_write_speed":46.7022958349,"process_ids":[14084,14015]}
{"timestamp":1573520371.3952419758,"rapl_power_draw_absolute":64.9750343158,"rapl_estimated_attributable_power_draw":15.3030820093,"cpu_time_seconds":{"14084":{"user":3.15,"system":2.99,"children_user":0.29,"children_system":2.66},"14015":{"user":131.63,"system":8.19,"children_user":1.12,"children_system":0.17}},"average_relative_cpu_utilization":0.2424414779,"absolute_cpu_utilization":1.0036077361,"relative_mem_usage":0.152671973,"absolute_mem_usage":12305612800.0,"absolute_mem_percent_usage":0.0910857207,"mem_info_per_process":{"14084":{"rss":3935830016,"vms":10740543488,"shared":11558912,"text":2322432,"lib":0,"data":9359171584,"dirty":0,"uss":683978752,"pss":2308922368,"swap":0},"14015":{"rss":7102332928,"vms":15992295424,"shared":566239232,"text":2322432,"lib":0,"data":14395793408,"dirty":0,"uss":3843026944,"pss":5469684736,"swap":0}},"nvidia_draw_absolute":52.68,"nvidia_estimated_attributable_power_draw":52.68,"average_gpu_estimated_utilization_absolute":0.35,"per_gpu_average_estimated_utilization_absolute":{"(0, 14015)":{"sm":35,"mem":9,"enc":0,"dec":0}},"average_gpu_estimated_utilization_relative":1.0,"per_gpu_performance_state":{"0":"P2"},"per_gpu_power_draw":{"0":52.68},"cpu_count_adjusted_average_load":[0.130625,0.133125,0.1371875],"cpu_freq":[{"current":1645.312,"min":1200.0,"max":3200.0},{"current":2399.812,"min":1200.0,"max":3200.0},{"current":1313.625,"min":1200.0,"max":3200.0},{"current":2399.906,"min":1200.0,"max":3200.0},{"current":1211.625,"min":1200.0,"max":3200.0},{"current":1202.062,"min":1200.0,"max":3200.0},{"current":1699.781,"min":1200.0,"max":3200.0},{"current":2090.718,"min":1200.0,"max":3200.0},{"current":1215.75,"min":1200.0,"max":3200.0},{"current":3148.125,"min":1200.0,"max":3200.0},{"current":1473.0,"min":1200.0,"max":3200.0},{"current":1297.218,"min":1200.0,"max":3200.0},{"current":1200.187,"min":1200.0,"max":3200.0},{"current":1586.437,"min":1200.0,"max":3200.0},{"current":1200.093,"min":1200.0,"max":3200.0},{"current":1255.312,"min":1200.0,"max":3200.0},{"current":2199.656,"min":1200.0,"max":3200.0},{"current":2399.906,"min":1200.0,"max":3200.0},{"current":1857.375,"min":1200.0,"max":3200.0},{"current":2400.0,"min":1200.0,"max":3200.0},{"current":1298.25,"min":1200.0,"max":3200.0},{"current":1202.343,"min":1200.0,"max":3200.0},{"current":1449.656,"min":1200.0,"max":3200.0},{"current":1630.218,"min":1200.0,"max":3200.0},{"current":1283.437,"min":1200.0,"max":3200.0},{"current":3152.343,"min":1200.0,"max":3200.0},{"current":1711.406,"min":1200.0,"max":3200.0},{"current":1309.218,"min":1200.0,"max":3200.0},{"current":1212.656,"min":1200.0,"max":3200.0},{"current":1445.718,"min":1200.0,"max":3200.0},{"current":1204.218,"min":1200.0,"max":3200.0},{"current":1248.375,"min":1200.0,"max":3200.0}],"realtime_carbon_intensity":388.3594780824,"disk_write_speed":43.2540708886,"process_ids":[14084,14015]}
{"timestamp":1573520379.3988540173,"rapl_power_draw_absolute":65.5158629059,"rapl_estimated_attributable_power_draw":15.169488188,"cpu_time_seconds":{"14084":{"user":3.38,"system":3.17,"children_user":0.29,"children_system":2.85},"14015":{"user":139.43,"system":8.39,"children_user":1.12,"children_system":0.17}},"average_relative_cpu_utilization":0.238074936,"absolute_cpu_utilization":0.998607376,"relative_mem_usage":0.1526619378,"absolute_mem_usage":12305772544.0,"absolute_mem_percent_usage":0.0910869031,"mem_info_per_process":{"14084":{"rss":3935830016,"vms":10740543488,"shared":11558912,"text":2322432,"lib":0,"data":9359171584,"dirty":0,"uss":684032000,"pss":2308948992,"swap":0},"14015":{"rss":7102332928,"vms":15992295424,"shared":566239232,"text":2322432,"lib":0,"data":14395793408,"dirty":0,"uss":3843080192,"pss":5469711360,"swap":0}},"nvidia_draw_absolute":47.1,"nvidia_estimated_attributable_power_draw":47.1,"average_gpu_estimated_utilization_absolute":0.35,"per_gpu_average_estimated_utilization_absolute":{"(0, 14015)":{"sm":35,"mem":9,"enc":0,"dec":0}},"average_gpu_estimated_utilization_relative":1.0,"per_gpu_performance_state":{"0":"P2"},"per_gpu_power_draw":{"0":47.1},"cpu_count_adjusted_average_load":[0.13,0.1328125,0.1371875],"cpu_freq":[{"current":1898.156,"min":1200.0,"max":3200.0},{"current":1200.375,"min":1200.0,"max":3200.0},{"current":2393.062,"min":1200.0,"max":3200.0},{"current":1824.75,"min":1200.0,"max":3200.0},{"current":1271.906,"min":1200.0,"max":3200.0},{"current":1280.625,"min":1200.0,"max":3200.0},{"current":2399.906,"min":1200.0,"max":3200.0},{"current":1399.218,"min":1200.0,"max":3200.0},{"current":1382.343,"min":1200.0,"max":3200.0},{"current":3141.0,"min":1200.0,"max":3200.0},{"current":1301.906,"min":1200.0,"max":3200.0},{"current":2151.656,"min":1200.0,"max":3200.0},{"current":1200.093,"min":1200.0,"max":3200.0},{"current":1263.281,"min":1200.0,"max":3200.0},{"current":1200.093,"min":1200.0,"max":3200.0},{"current":1200.0,"min":1200.0,"max":3200.0},{"current":1788.843,"min":1200.0,"max":3200.0},{"current":2089.218,"min":1200.0,"max":3200.0},{"current":2400.0,"min":1200.0,"max":3200.0},{"current":1795.687,"min":1200.0,"max":3200.0},{"current":1288.312,"min":1200.0,"max":3200.0},{"current":1202.343,"min":1200.0,"max":3200.0},{"current":2400.0,"min":1200.0,"max":3200.0},{"current":1293.375,"min":1200.0,"max":3200.0},{"current":1376.437,"min":1200.0,"max":3200.0},{"current":3141.656,"min":1200.0,"max":3200.0},{"current":1300.406,"min":1200.0,"max":3200.0},{"current":2155.406,"min":1200.0,"max":3200.0},{"current":1225.5,"min":1200.0,"max":3200.0},{"current":1296.093,"min":1200.0,"max":3200.0},{"current":1207.312,"min":1200.0,"max":3200.0},{"current":1219.875,"min":1200.0,"max":3200.0}],"realtime_carbon_intensity":388.3594780824,"disk_write_speed":39.0756675176,"process_ids":[14084,14015]}
