{"timestamp":1573522179.2227699757,"rapl_power_draw_absolute":67.2945441362,"rapl_estimated_attributable_power_draw":15.0290817997,"cpu_time_seconds":{"20536":{"user":31.99,"system":3.42,"children_user":0.13,"children_system":0.13},"20592":{"user":0.01,"system":0.01,"children_user":0.0,"children_system":0.02}},"average_relative_cpu_utilization":0.2424180908,"absolute_cpu_utilization":0.9987096266,"relative_mem_usage":0.0376354744,"absolute_mem_usage":2885346304.0,"absolute_mem_percent_usage":0.0213572336,"mem_info_per_process":{"20536":{"rss":1953775616,"vms":3967995904,"shared":109416448,"text":2322432,"lib":0,"data":2606841856,"dirty":0,"uss":566042624,"pss":1258351616,"swap":0},"20592":{"rss":1566384128,"vms":3685404672,"shared":4431872,"text":2322432,"lib":0,"data":2324250624,"dirty":0,"uss":185626624,"pss":875325440,"swap":0}},"nvidia_draw_absolute":36.82,"nvidia_estimated_attributable_power_draw":36.82,"average_gpu_estimated_utilization_absolute":0.026,"per_gpu_average_estimated_utilization_absolute":{"(0, 20536)":{"sm":2.6,"mem":0.0,"enc":0.0,"dec":0.0}},"average_gpu_estimated_utilization_relative":1.0,"per_gpu_performance_state":{"0":"P2"},"per_gpu_power_draw":{"0":36.82},"cpu_count_adjusted_average_load":[0.1321875,0.1340625,0.1346875],"cpu_freq":[{"current":1793.812,"min":1200.0,"max":3200.0},{"current":2399.906,"min":1200.0,"max":3200.0},{"current":2184.843,"min":1200.0,"max":3200.0},{"current":2399.906,"min":1200.0,"max":3200.0},{"current":1200.093,"min":1200.0,"max":3200.0},{"current":1211.062,"min":1200.0,"max":3200.0},{"current":2399.906,"min":1200.0,"max":3200.0},{"current":2390.531,"min":1200.0,"max":3200.0},{"current":1395.281,"min":1200.0,"max":3200.0},{"current":1219.031,"min":1200.0,"max":3200.0},{"current":1427.062,"min":1200.0,"max":3200.0},{"current":3150.375,"min":1200.0,"max":3200.0},{"current":1296.75,"min":1200.0,"max":3200.0},{"current":1278.093,"min":1200.0,"max":3200.0},{"current":1200.0,"min":1200.0,"max":3200.0},{"current":1242.468,"min":1200.0,"max":3200.0},{"current":1893.281,"min":1200.0,"max":3200.0},{"current":2399.906,"min":1200.0,"max":3200.0},{"current":2400.0,"min":1200.0,"max":3200.0},{"current":2400.0,"min":1200.0,"max":3200.0},{"current":1221.281,"min":1200.0,"max":3200.0},{"current":1201.781,"min":1200.0,"max":3200.0},{"current":1734.937,"min":1200.0,"max":3200.0},{"current":2285.156,"min":1200.0,"max":3200.0},{"current":1323.0,"min":1200.0,"max":3200.0},{"current":1232.625,"min":1200.0,"max":3200.0},{"current":1698.937,"min":1200.0,"max":3200.0},{"current":3178.593,"min":1200.0,"max":3200.0},{"current":1478.718,"min":1200.0,"max":3200.0},{"current":1225.031,"min":1200.0,"max":3200.0},{"current":2059.312,"min":1200.0,"max":3200.0},{"current":1299.375,"min":1200.0,"max":3200.0}],"realtime_carbon_intensity":400.267172889,"disk_write_speed":47.9792036552,"process_ids":[20536,20592]}
{"timestamp":1573522187.304833889,"rapl_power_draw_absolute":65.1735832442,"rapl_estimated_attributable_power_draw":15.2881830591,"cpu_time_seconds":{"20536":{"user":38.35,"system":4.94,"children_user":0.13,"children_system":0.13},"20592":{"user":0.28,"system":0.16,"children_user":0.01,"children_system":0.2}},"average_relative_cpu_utilization":0.2436132075,"absolute_cpu_utilization":1.0036028844,"relative_mem_usage":0.1284681698,"absolute_mem_usage":10239986688.0,"absolute_mem_percent_usage":0.0757960276,"mem_info_per_process":{"20536":{"rss":4469817344,"vms":13746954240,"shared":558272512,"text":2322432,"lib":0,"data":12177043456,"dirty":0,"uss":3852066816,"pss":4158074880,"swap":0},"20592":{"rss":1573289984,"vms":3685404672,"shared":11321344,"text":2322432,"lib":0,"data":2324250624,"dirty":0,"uss":962768896,"pss":1267076096,"swap":0}},"nvidia_draw_absolute":48.14,"nvidia_estimated_attributable_power_draw":48.14,"average_gpu_estimated_utilization_absolute":0.3433333333,"per_gpu_average_estimated_utilization_absolute":{"(0, 20536)":{"sm":34.3333333333,"mem":7.3333333333,"enc":0.0,"dec":0.0}},"average_gpu_estimated_utilization_relative":1.0,"per_gpu_performance_state":{"0":"P2"},"per_gpu_power_draw":{"0":48.14},"cpu_count_adjusted_average_load":[0.1290625,0.1334375,0.134375],"cpu_freq":[{"current":1199.906,"min":1200.0,"max":3200.0},{"current":1887.937,"min":1200.0,"max":3200.0},{"current":2400.0,"min":1200.0,"max":3200.0},{"current":1591.593,"min":1200.0,"max":3200.0},{"current":1211.062,"min":1200.0,"max":3200.0},{"current":1264.968,"min":1200.0,"max":3200.0},{"current":2400.0,"min":1200.0,"max":3200.0},{"current":1199.906,"min":1200.0,"max":3200.0},{"current":1286.812,"min":1200.0,"max":3200.0},{"current":3135.75,"min":1200.0,"max":3200.0},{"current":1263.562,"min":1200.0,"max":3200.0},{"current":1399.312,"min":1200.0,"max":3200.0},{"current":1200.187,"min":1200.0,"max":3200.0},{"current":1200.937,"min":1200.0,"max":3200.0},{"current":1251.093,"min":1200.0,"max":3200.0},{"current":1227.281,"min":1200.0,"max":3200.0},{"current":1398.187,"min":1200.0,"max":3200.0},{"current":1498.687,"min":1200.0,"max":3200.0},{"current":2399.437,"min":1200.0,"max":3200.0},{"current":2399.906,"min":1200.0,"max":3200.0},{"current":1213.687,"min":1200.0,"max":3200.0},{"current":1283.343,"min":1200.0,"max":3200.0},{"current":1382.25,"min":1200.0,"max":3200.0},{"current":1200.0,"min":1200.0,"max":3200.0},{"current":1383.375,"min":1200.0,"max":3200.0},{"current":1923.656,"min":1200.0,"max":3200.0},{"current":1316.25,"min":1200.0,"max":3200.0},{"current":1380.562,"min":1200.0,"max":3200.0},{"current":1266.468,"min":1200.0,"max":3200.0},{"current":1200.656,"min":1200.0,"max":3200.0},{"current":1243.031,"min":1200.0,"max":3200.0},{"current":1219.593,"min":1200.0,"max":3200.0}],"realtime_carbon_intensity":400.267172889,"disk_write_speed":44.9481983724,"process_ids":[20536,20592]}
{"timestamp":1573522195.3340060711,"rapl_power_draw_absolute":65.7975068096,"rapl_estimated_attributable_power_draw":15.0561035471,"cpu_time_seconds":{"20536":{"user":46.07,"system":5.25,"children_user":0.13,"children_system":0.13},"20592":{"user":0.53,"system":0.36,"children_user":0.03,"children_system":0.36}},"average_relative_cpu_utilization":0.2372243276,"absolute_cpu_utilization":0.9986082898,"relative_mem_usage":0.1285483343,"absolute_mem_usage":10247506944.0,"absolute_mem_percent_usage":0.0758516923,"mem_info_per_process":{"20536":{"rss":4469817344,"vms":13746954240,"shared":558272512,"text":2322432,"lib":0,"data":12177043456,"dirty":0,"uss":3854573568,"pss":4159328256,"swap":0},"20592":{"rss":1573289984,"vms":3685404672,"shared":11321344,"text":2322432,"lib":0,"data":2324250624,"dirty":0,"uss":965275648,"pss":1268329472,"swap":0}},"nvidia_draw_absolute":46.71,"nvidia_estimated_attributable_power_draw":46.71,"average_gpu_estimated_utilization_absolute":0.34,"per_gpu_average_estimated_utilization_absolute":{"(0, 20536)":{"sm":34,"mem":8,"enc":0,"dec":0}},"average_gpu_estimated_utilization_relative":1.0,"per_gpu_performance_state":{"0":"P2"},"per_gpu_power_draw":{"0":46.71},"cpu_count_adjusted_average_load":[0.1309375,0.1334375,0.1346875],"cpu_freq":[{"current":2399.906,"min":1200.0,"max":3200.0},{"current":2135.437,"min":1200.0,"max":3200.0},{"current":1373.812,"min":1200.0,"max":3200.0},{"current":1213.687,"min":1200.0,"max":3200.0},{"current":1300.5,"min":1200.0,"max":3200.0},{"current":1211.718,"min":1200.0,"max":3200.0},{"current":2399.906,"min":1200.0,"max":3200.0},{"current":2399.906,"min":1200.0,"max":3200.0},{"current":2054.718,"min":1200.0,"max":3200.0},{"current":2917.593,"min":1200.0,"max":3200.0},{"current":2399.906,"min":1200.0,"max":3200.0},{"current":2399.906,"min":1200.0,"max":3200.0},{"current":1358.531,"min":1200.0,"max":3200.0},{"current":1377.281,"min":1200.0,"max":3200.0},{"current":2360.906,"min":1200.0,"max":3200.0},{"current":1200.093,"min":1200.0,"max":3200.0},{"current":2400.0,"min":1200.0,"max":3200.0},{"current":2400.0,"min":1200.0,"max":3200.0},{"current":1356.281,"min":1200.0,"max":3200.0},{"current":1224.375,"min":1200.0,"max":3200.0},{"current":1299.187,"min":1200.0,"max":3200.0},{"current":1200.187,"min":1200.0,"max":3200.0},{"current":2400.0,"min":1200.0,"max":3200.0},{"current":2399.906,"min":1200.0,"max":3200.0},{"current":2198.718,"min":1200.0,"max":3200.0},{"current":1923.656,"min":1200.0,"max":3200.0},{"current":2399.812,"min":1200.0,"max":3200.0},{"current":1884.656,"min":1200.0,"max":3200.0},{"current":1674.093,"min":1200.0,"max":3200.0},{"current":2002.218,"min":1200.0,"max":3200.0},{"current":2304.75,"min":1200.0,"max":3200.0},{"current":1850.437,"min":1200.0,"max":3200.0}],"realtime_carbon_intensity":400.267172889,"disk_write_speed":45.7662315975,"process_ids":[20536,20592]}
{"timestamp":1573522203.339304924,"rapl_power_draw_absolute":66.1733313657,"rapl_estimated_attributable_power_draw":15.1883782848,"cpu_time_seconds":{"20536":{"user":53.84,"system":5.49,"children_user":0.13,"children_system":0.13},"20592":{"user":0.72,"system":0.56,"children_user":0.06,"children_system":0.52}},"average_relative_cpu_utilization":0.2389763194,"absolute_cpu_utilization":1.0035779321,"relative_mem_usage":0.1284890393,"absolute_mem_usage":10251002880.0,"absolute_mem_percent_usage":0.0758775691,"mem_info_per_process":{"20536":{"rss":4469817344,"vms":13746954240,"shared":558272512,"text":2322432,"lib":0,"data":12177043456,"dirty":0,"uss":3855753216,"pss":4159885312,"swap":0},"20592":{"rss":1573289984,"vms":3685404672,"shared":11321344,"text":2322432,"lib":0,"data":2324250624,"dirty":0,"uss":966455296,"pss":1268909056,"swap":0}},"nvidia_draw_absolute":53.37,"nvidia_estimated_attributable_power_draw":53.37,"average_gpu_estimated_utilization_absolute":0.345,"per_gpu_average_estimated_utilization_absolute":{"(0, 20536)":{"sm":34.5,"mem":8.0,"enc":0.0,"dec":0.0}},"average_gpu_estimated_utilization_relative":1.0,"per_gpu_performance_state":{"0":"P2"},"per_gpu_power_draw":{"0":53.37},"cpu_count_adjusted_average_load":[0.1275,0.1328125,0.134375],"cpu_freq":[{"current":2396.718,"min":1200.0,"max":3200.0},{"current":2690.718,"min":1200.0,"max":3200.0},{"current":1879.593,"min":1200.0,"max":3200.0},{"current":2399.906,"min":1200.0,"max":3200.0},{"current":1263.468,"min":1200.0,"max":3200.0},{"current":1263.468,"min":1200.0,"max":3200.0},{"current":2399.906,"min":1200.0,"max":3200.0},{"current":1200.937,"min":1200.0,"max":3200.0},{"current":1289.812,"min":1200.0,"max":3200.0},{"current":3193.031,"min":1200.0,"max":3200.0},{"current":1356.187,"min":1200.0,"max":3200.0},{"current":2400.0,"min":1200.0,"max":3200.0},{"current":1247.625,"min":1200.0,"max":3200.0},{"current":1200.187,"min":1200.0,"max":3200.0},{"current":1200.093,"min":1200.0,"max":3200.0},{"current":1222.968,"min":1200.0,"max":3200.0},{"current":1996.968,"min":1200.0,"max":3200.0},{"current":2400.0,"min":1200.0,"max":3200.0},{"current":1915.125,"min":1200.0,"max":3200.0},{"current":2400.0,"min":1200.0,"max":3200.0},{"current":1282.968,"min":1200.0,"max":3200.0},{"current":1229.062,"min":1200.0,"max":3200.0},{"current":2399.906,"min":1200.0,"max":3200.0},{"current":1299.937,"min":1200.0,"max":3200.0},{"current":1232.718,"min":1200.0,"max":3200.0},{"current":3199.781,"min":1200.0,"max":3200.0},{"current":1419.843,"min":1200.0,"max":3200.0},{"current":2385.656,"min":1200.0,"max":3200.0},{"current":1254.656,"min":1200.0,"max":3200.0},{"current":1200.281,"min":1200.0,"max":3200.0},{"current":1200.375,"min":1200.0,"max":3200.0},{"current":1300.218,"min":1200.0,"max":3200.0}],"realtime_carbon_intensity":400.267172889,"disk_write_speed":47.9323464653,"process_ids":[20536,20592]}
{"timestamp":1573522211.3189818859,"rapl_power_draw_absolute":65.3293457914,"rapl_estimated_attributable_power_draw":15.3843929275,"cpu_time_seconds":{"20536":{"user":61.55,"system":5.76,"children_user":0.13,"children_system":0.13},"20592":{"user":0.96,"system":0.74,"children_user":0.08,"children_system":0.68}},"average_relative_cpu_utilization":0.2444828773,"absolute_cpu_utilization":0.9987058552,"relative_mem_usage":0.128510239,"absolute_mem_usage":10253399040.0,"absolute_mem_percent_usage":0.0758953054,"mem_info_per_process":{"20536":{"rss":4469817344,"vms":13746954240,"shared":558272512,"text":2322432,"lib":0,"data":12177043456,"dirty":0,"uss":3856551936,"pss":4160284672,"swap":0},"20592":{"rss":1573289984,"vms":3685404672,"shared":11321344,"text":2322432,"lib":0,"data":2324250624,"dirty":0,"uss":967254016,"pss":1269308416,"swap":0}},"nvidia_draw_absolute":49.63,"nvidia_estimated_attributable_power_draw":49.63,"average_gpu_estimated_utilization_absolute":0.34,"per_gpu_average_estimated_utilization_absolute":{"(0, 20536)":{"sm":34,"mem":8,"enc":0,"dec":0}},"average_gpu_estimated_utilization_relative":1.0,"per_gpu_performance_state":{"0":"P2"},"per_gpu_power_draw":{"0":49.63},"cpu_count_adjusted_average_load":[0.13,0.133125,0.134375],"cpu_freq":[{"current":2349.468,"min":1200.0,"max":3200.0},{"current":1992.093,"min":1200.0,"max":3200.0},{"current":1361.625,"min":1200.0,"max":3200.0},{"current":1202.062,"min":1200.0,"max":3200.0},{"current":1214.25,"min":1200.0,"max":3200.0},{"current":1201.5,"min":1200.0,"max":3200.0},{"current":2771.25,"min":1200.0,"max":3200.0},{"current":2400.0,"min":1200.0,"max":3200.0},{"current":1495.593,"min":1200.0,"max":3200.0},{"current":3148.781,"min":1200.0,"max":3200.0},{"current":1527.562,"min":1200.0,"max":3200.0},{"current":1997.156,"min":1200.0,"max":3200.0},{"current":1200.187,"min":1200.0,"max":3200.0},{"current":1246.5,"min":1200.0,"max":3200.0},{"current":1225.781,"min":1200.0,"max":3200.0},{"current":1200.093,"min":1200.0,"max":3200.0},{"current":2245.875,"min":1200.0,"max":3200.0},{"current":1671.656,"min":1200.0,"max":3200.0},{"current":1496.156,"min":1200.0,"max":3200.0},{"current":1423.218,"min":1200.0,"max":3200.0},{"current":1297.218,"min":1200.0,"max":3200.0},{"current":1201.781,"min":1200.0,"max":3200.0},{"current":2700.0,"min":1200.0,"max":3200.0},{"current":2400.0,"min":1200.0,"max":3200.0},{"current":1435.031,"min":1200.0,"max":3200.0},{"current":3199.781,"min":1200.0,"max":3200.0},{"current":1501.125,"min":1200.0,"max":3200.0},{"current":1997.156,"min":1200.0,"max":3200.0},{"current":1244.25,"min":1200.0,"max":3200.0},{"current":1252.031,"min":1200.0,"max":3200.0},{"current":1203.468,"min":1200.0,"max":3200.0},{"current":1202.531,"min":1200.0,"max":3200.0}],"realtime_carbon_intensity":400.267172889,"disk_write_speed":41.3843707024,"process_ids":[20536,20592]}
{"timestamp":1573522219.314002037,"rapl_power_draw_absolute":65.9309331033,"rapl_estimated_attributable_power_draw":15.386993552,"cpu_time_seconds":{"20536":{"user":69.29,"system":6.02,"children_user":0.13,"children_system":0.13},"20592":{"user":1.14,"system":0.91,"children_user":0.09,"children_system":0.85}},"average_relative_cpu_utilization":0.2421037824,"absolute_cpu_utilization":0.9985841564,"relative_mem_usage":0.1285208463,"absolute_mem_usage":10254769152.0,"absolute_mem_percent_usage":0.0759054469,"mem_info_per_process":{"20536":{"rss":4469817344,"vms":13746954240,"shared":558272512,"text":2322432,"lib":0,"data":12177043456,"dirty":0,"uss":3857006592,"pss":4160512000,"swap":0},"20592":{"rss":1573289984,"vms":3685404672,"shared":11321344,"text":2322432,"lib":0,"data":2324250624,"dirty":0,"uss":967712768,"pss":1269537792,"swap":0}},"nvidia_draw_absolute":48.27,"nvidia_estimated_attributable_power_draw":48.27,"average_gpu_estimated_utilization_absolute":0.34,"per_gpu_average_estimated_utilization_absolute":{"(0, 20536)":{"sm":34,"mem":8,"enc":0,"dec":0}},"average_gpu_estimated_utilization_relative":1.0,"per_gpu_performance_state":{"0":"P2"},"per_gpu_power_draw":{"0":48.27},"cpu_count_adjusted_average_load":[0.1265625,0.1325,0.1340625],"cpu_freq":[{"current":1839.375,"min":1200.0,"max":3200.0},{"current":1498.968,"min":1200.0,"max":3200.0},{"current":1887.75,"min":1200.0,"max":3200.0},{"current":2400.0,"min":1200.0,"max":3200.0},{"current":1500.0,"min":1200.0,"max":3200.0},{"current":1200.937,"min":1200.0,"max":3200.0},{"current":2399.906,"min":1200.0,"max":3200.0},{"current":2399.906,"min":1200.0,"max":3200.0},{"current":1305.281,"min":1200.0,"max":3200.0},{"current":3035.625,"min":1200.0,"max":3200.0},{"current":1285.875,"min":1200.0,"max":3200.0},{"current":1399.968,"min":1200.0,"max":3200.0},{"current":1200.093,"min":1200.0,"max":3200.0},{"current":1296.468,"min":1200.0,"max":3200.0},{"current":1241.531,"min":1200.0,"max":3200.0},{"current":1269.0,"min":1200.0,"max":3200.0},{"current":2181.187,"min":1200.0,"max":3200.0},{"current":1787.437,"min":1200.0,"max":3200.0},{"current":1288.875,"min":1200.0,"max":3200.0},{"current":2399.906,"min":1200.0,"max":3200.0},{"current":1526.906,"min":1200.0,"max":3200.0},{"current":1213.781,"min":1200.0,"max":3200.0},{"current":2399.906,"min":1200.0,"max":3200.0},{"current":2399.906,"min":1200.0,"max":3200.0},{"current":1300.968,"min":1200.0,"max":3200.0},{"current":3049.875,"min":1200.0,"max":3200.0},{"current":1490.625,"min":1200.0,"max":3200.0},{"current":1202.156,"min":1200.0,"max":3200.0},{"current":1248.093,"min":1200.0,"max":3200.0},{"current":1462.031,"min":1200.0,"max":3200.0},{"current":1287.0,"min":1200.0,"max":3200.0},{"current":1226.906,"min":1200.0,"max":3200.0}],"realtime_carbon_intensity":400.267172889,"disk_write_speed":51.364154428,"process_ids":[20536,20592]}
{"timestamp":1573522227.3200409412,"rapl_power_draw_absolute":67.4132660899,"rapl_estimated_attributable_power_draw":15.477687364,"cpu_time_seconds":{"20536":{"user":77.04,"system":6.28,"children_user":0.13,"children_system":0.13},"20592":{"user":1.37,"system":1.12,"children_user":0.11,"children_system":1.02}},"average_relative_cpu_utilization":0.2397948714,"absolute_cpu_utilization":0.9987023161,"relative_mem_usage":0.1285208072,"absolute_mem_usage":10255758336.0,"absolute_mem_percent_usage":0.0759127688,"mem_info_per_process":{"20536":{"rss":4469817344,"vms":13746954240,"shared":558272512,"text":2322432,"lib":0,"data":12177043456,"dirty":0,"uss":3857338368,"pss":4160677888,"swap":0},"20592":{"rss":1573289984,"vms":3685404672,"shared":11321344,"text":2322432,"lib":0,"data":2324250624,"dirty":0,"uss":968040448,"pss":1269701632,"swap":0}},"nvidia_draw_absolute":48.25,"nvidia_estimated_attributable_power_draw":48.25,"average_gpu_estimated_utilization_absolute":0.34,"per_gpu_average_estimated_utilization_absolute":{"(0, 20536)":{"sm":34,"mem":8,"enc":0,"dec":0}},"average_gpu_estimated_utilization_relative":1.0,"per_gpu_performance_state":{"0":"P2"},"per_gpu_power_draw":{"0":48.25},"cpu_count_adjusted_average_load":[0.1240625,0.131875,0.13375],"cpu_freq":[{"current":2400.0,"min":1200.0,"max":3200.0},{"current":1261.781,"min":1200.0,"max":3200.0},{"current":1219.687,"min":1200.0,"max":3200.0},{"current":2095.968,"min":1200.0,"max":3200.0},{"current":1222.5,"min":1200.0,"max":3200.0},{"current":1258.968,"min":1200.0,"max":3200.0},{"current":2399.906,"min":1200.0,"max":3200.0},{"current":1209.093,"min":1200.0,"max":3200.0},{"current":1369.312,"min":1200.0,"max":3200.0},{"current":3071.156,"min":1200.0,"max":3200.0},{"current":1593.75,"min":1200.0,"max":3200.0},{"current":1526.625,"min":1200.0,"max":3200.0},{"current":1200.093,"min":1200.0,"max":3200.0},{"current":1244.718,"min":1200.0,"max":3200.0},{"current":1200.0,"min":1200.0,"max":3200.0},{"current":1200.187,"min":1200.0,"max":3200.0},{"current":2262.0,"min":1200.0,"max":3200.0},{"current":2374.781,"min":1200.0,"max":3200.0},{"current":1375.5,"min":1200.0,"max":3200.0},{"current":1325.062,"min":1200.0,"max":3200.0},{"current":1298.25,"min":1200.0,"max":3200.0},{"current":1261.687,"min":1200.0,"max":3200.0},{"current":2399.906,"min":1200.0,"max":3200.0},{"current":1405.5,"min":1200.0,"max":3200.0},{"current":1497.468,"min":1200.0,"max":3200.0},{"current":2941.875,"min":1200.0,"max":3200.0},{"current":1580.156,"min":1200.0,"max":3200.0},{"current":1401.187,"min":1200.0,"max":3200.0},{"current":1306.406,"min":1200.0,"max":3200.0},{"current":1232.812,"min":1200.0,"max":3200.0},{"current":1287.0,"min":1200.0,"max":3200.0},{"current":1279.125,"min":1200.0,"max":3200.0}],"realtime_carbon_intensity":400.267172889,"disk_write_speed":53.6457895053,"process_ids":[20536,20592]}
{"timestamp":1573522235.3114230633,"rapl_power_draw_absolute":65.1946832602,"rapl_estimated_attributable_power_draw":15.5173359942,"cpu_time_seconds":{"20536":{"user":84.8,"system":6.52,"children_user":0.13,"children_system":0.13},"20592":{"user":1.6,"system":1.32,"children_user":0.13,"children_system":1.19}},"average_relative_cpu_utilization":0.2472219188,"absolute_cpu_utilization":1.0037310107,"relative_mem_usage":0.1285364085,"absolute_mem_usage":10258332672.0,"absolute_mem_percent_usage":0.0759318239,"mem_info_per_process":{"20536":{"rss":4469817344,"vms":13746954240,"shared":558272512,"text":2322432,"lib":0,"data":12177043456,"dirty":0,"uss":3858194432,"pss":4161105920,"swap":0},"20592":{"rss":1573289984,"vms":3685404672,"shared":11321344,"text":2322432,"lib":0,"data":2324250624,"dirty":0,"uss":968900608,"pss":1270131712,"swap":0}},"nvidia_draw_absolute":48.34,"nvidia_estimated_attributable_power_draw":48.34,"average_gpu_estimated_utilization_absolute":0.345,"per_gpu_average_estimated_utilization_absolute":{"(0, 20536)":{"sm":34.5,"mem":8.0,"enc":0.0,"dec":0.0}},"average_gpu_estimated_utilization_relative":1.0,"per_gpu_performance_state":{"0":"P2"},"per_gpu_power_draw":{"0":48.34},"cpu_count_adjusted_average_load":[0.13375,0.1334375,0.134375],"cpu_freq":[{"current":2399.906,"min":1200.0,"max":3200.0},{"current":2399.906,"min":1200.0,"max":3200.0},{"current":2399.906,"min":1200.0,"max":3200.0},{"current":1297.968,"min":1200.0,"max":3200.0},{"current":1232.062,"min":1200.0,"max":3200.0},{"current":1200.375,"min":1200.0,"max":3200.0},{"current":1699.781,"min":1200.0,"max":3200.0},{"current":2400.0,"min":1200.0,"max":3200.0},{"current":1266.656,"min":1200.0,"max":3200.0},{"current":3142.968,"min":1200.0,"max":3200.0},{"current":1513.218,"min":1200.0,"max":3200.0},{"current":1294.781,"min":1200.0,"max":3200.0},{"current":1200.093,"min":1200.0,"max":3200.0},{"current":1677.843,"min":1200.0,"max":3200.0},{"current":1308.187,"min":1200.0,"max":3200.0},{"current":1200.093,"min":1200.0,"max":3200.0},{"current":2400.0,"min":1200.0,"max":3200.0},{"current":2400.0,"min":1200.0,"max":3200.0},{"current":2400.0,"min":1200.0,"max":3200.0},{"current":1248.656,"min":1200.0,"max":3200.0},{"current":1209.0,"min":1200.0,"max":3200.0},{"current":1298.812,"min":1200.0,"max":3200.0},{"current":1236.0,"min":1200.0,"max":3200.0},{"current":2400.0,"min":1200.0,"max":3200.0},{"current":1212.187,"min":1200.0,"max":3200.0},{"current":2929.406,"min":1200.0,"max":3200.0},{"current":1392.093,"min":1200.0,"max":3200.0},{"current":1217.343,"min":1200.0,"max":3200.0},{"current":1206.843,"min":1200.0,"max":3200.0},{"current":1282.031,"min":1200.0,"max":3200.0},{"current":1205.156,"min":1200.0,"max":3200.0},{"current":1282.5,"min":1200.0,"max":3200.0}],"realtime_carbon_intensity":400.267172889,"disk_write_speed":34.721251221,"process_ids":[20536,20592]}
{"timestamp":1573522243.3208370209,"rapl_power_draw_absolute":65.9672393852,"rapl_estimated_attributable_power_draw":15.2040738678,"cpu_time_seconds":{"20536":{"user":92.62,"system":6.71,"children_user":0.13,"children_system":0.13},"20592":{"user":1.78,"system":1.52,"children_user":0.14,"children_system":1.36}},"average_relative_cpu_utilization":0.2389838674,"absolute_cpu_utilization":1.0036746309,"relative_mem_usage":0.1285340208,"absolute_mem_usage":10259002368.0,"absolute_mem_percent_usage":0.075936781,"mem_info_per_process":{"20536":{"rss":4469817344,"vms":13746954240,"shared":558272512,"text":2322432,"lib":0,"data":12177043456,"dirty":0,"uss":3858419712,"pss":4161218560,"swap":0},"20592":{"rss":1573289984,"vms":3685404672,"shared":11321344,"text":2322432,"lib":0,"data":2324250624,"dirty":0,"uss":969121792,"pss":1270242304,"swap":0}},"nvidia_draw_absolute":48.44,"nvidia_estimated_attributable_power_draw":48.44,"average_gpu_estimated_utilization_absolute":0.34,"per_gpu_average_estimated_utilization_absolute":{"(0, 20536)":{"sm":34,"mem":8,"enc":0,"dec":0}},"average_gpu_estimated_utilization_relative":1.0,"per_gpu_performance_state":{"0":"P2"},"per_gpu_power_draw":{"0":48.44},"cpu_count_adjusted_average_load":[0.1371875,0.134375,0.1346875],"cpu_freq":[{"current":2399.906,"min":1200.0,"max":3200.0},{"current":1398.0,"min":1200.0,"max":3200.0},{"current":2399.906,"min":1200.0,"max":3200.0},{"current":1216.781,"min":1200.0,"max":3200.0},{"current":1219.968,"min":1200.0,"max":3200.0},{"current":1200.375,"min":1200.0,"max":3200.0},{"current":1953.375,"min":1200.0,"max":3200.0},{"current":1568.625,"min":1200.0,"max":3200.0},{"current":1241.625,"min":1200.0,"max":3200.0},{"current":3051.75,"min":1200.0,"max":3200.0},{"current":1594.687,"min":1200.0,"max":3200.0},{"current":1276.218,"min":1200.0,"max":3200.0},{"current":1200.093,"min":1200.0,"max":3200.0},{"current":1371.0,"min":1200.0,"max":3200.0},{"current":1219.125,"min":1200.0,"max":3200.0},{"current":1200.093,"min":1200.0,"max":3200.0},{"current":2400.375,"min":1200.0,"max":3200.0},{"current":1344.093,"min":1200.0,"max":3200.0},{"current":2400.0,"min":1200.0,"max":3200.0},{"current":1299.937,"min":1200.0,"max":3200.0},{"current":1200.0,"min":1200.0,"max":3200.0},{"current":1219.5,"min":1200.0,"max":3200.0},{"current":1899.937,"min":1200.0,"max":3200.0},{"current":1669.968,"min":1200.0,"max":3200.0},{"current":1399.312,"min":1200.0,"max":3200.0},{"current":2929.406,"min":1200.0,"max":3200.0},{"current":1607.437,"min":1200.0,"max":3200.0},{"current":1301.25,"min":1200.0,"max":3200.0},{"current":1205.531,"min":1200.0,"max":3200.0},{"current":1387.031,"min":1200.0,"max":3200.0},{"current":1244.343,"min":1200.0,"max":3200.0},{"current":1219.875,"min":1200.0,"max":3200.0}],"realtime_carbon_intensity":400.267172889,"disk_write_speed":31.7114872093,"process_ids":[20536,20592]}
{"timestamp":1573522251.3173589706,"rapl_power_draw_absolute":66.7919965537,"rapl_estimated_attributable_power_draw":15.2566352013,"cpu_time_seconds":{"20536":{"user":100.34,"system":6.99,"children_user":0.13,"children_system":0.13},"20592":{"user":1.93,"system":1.71,"children_user":0.16,"children_system":1.54}},"average_relative_cpu_utilization":0.2375064607,"absolute_cpu_utilization":0.9985789892,"relative_mem_usage":0.1285283742,"absolute_mem_usage":10259395584.0,"absolute_mem_percent_usage":0.0759396916,"mem_info_per_process":{"20536":{"rss":4469817344,"vms":13746954240,"shared":558272512,"text":2322432,"lib":0,"data":12177043456,"dirty":0,"uss":3858550784,"pss":4161284096,"swap":0},"20592":{"rss":1573289984,"vms":3685404672,"shared":11321344,"text":2322432,"lib":0,"data":2324250624,"dirty":0,"uss":969252864,"pss":1270307840,"swap":0}},"nvidia_draw_absolute":49.33,"nvidia_estimated_attributable_power_draw":49.33,"average_gpu_estimated_utilization_absolute":0.34,"per_gpu_average_estimated_utilization_absolute":{"(0, 20536)":{"sm":34,"mem":8,"enc":0,"dec":0}},"average_gpu_estimated_utilization_relative":1.0,"per_gpu_performance_state":{"0":"P2"},"per_gpu_power_draw":{"0":49.33},"cpu_count_adjusted_average_load":[0.13875,0.1346875,0.1346875],"cpu_freq":[{"current":2400.0,"min":1200.0,"max":3200.0},{"current":2034.0,"min":1200.0,"max":3200.0},{"current":2675.531,"min":1200.0,"max":3200.0},{"current":2399.906,"min":1200.0,"max":3200.0},{"current":1200.093,"min":1200.0,"max":3200.0},{"current":1341.937,"min":1200.0,"max":3200.0},{"current":1355.625,"min":1200.0,"max":3200.0},{"current":1216.312,"min":1200.0,"max":3200.0},{"current":1256.062,"min":1200.0,"max":3200.0},{"current":3160.031,"min":1200.0,"max":3200.0},{"current":2392.125,"min":1200.0,"max":3200.0},{"current":1461.187,"min":1200.0,"max":3200.0},{"current":1200.0,"min":1200.0,"max":3200.0},{"current":1277.812,"min":1200.0,"max":3200.0},{"current":1200.093,"min":1200.0,"max":3200.0},{"current":1206.0,"min":1200.0,"max":3200.0},{"current":2400.0,"min":1200.0,"max":3200.0},{"current":2400.0,"min":1200.0,"max":3200.0},{"current":2715.75,"min":1200.0,"max":3200.0},{"current":2400.0,"min":1200.0,"max":3200.0},{"current":1205.343,"min":1200.0,"max":3200.0},{"current":1393.218,"min":1200.0,"max":3200.0},{"current":1263.0,"min":1200.0,"max":3200.0},{"current":1848.75,"min":1200.0,"max":3200.0},{"current":1223.156,"min":1200.0,"max":3200.0},{"current":3091.125,"min":1200.0,"max":3200.0},{"current":2363.812,"min":1200.0,"max":3200.0},{"current":1387.593,"min":1200.0,"max":3200.0},{"current":1202.156,"min":1200.0,"max":3200.0},{"current":1266.0,"min":1200.0,"max":3200.0},{"current":1216.312,"min":1200.0,"max":3200.0},{"current":1274.812,"min":1200.0,"max":3200.0}],"realtime_carbon_intensity":400.267172889,"disk_write_speed":42.1714366672,"process_ids":[20536,20592]}
{"timestamp":1573522259.309762001,"rapl_power_draw_absolute":66.5950418828,"rapl_estimated_attributable_power_draw":15.5616606468,"cpu_time_seconds":{"20536":{"user":108.08,"system":7.24,"children_user":0.13,"children_system":0.13},"20592":{"user":2.1,"system":1.87,"children_user":0.16,"children_system":1.72}},"average_relative_cpu_utilization":0.2432874329,"absolute_cpu_utilization":0.9986362789,"relative_mem_usage":0.1285252743,"absolute_mem_usage":10259862528.0,"absolute_mem_percent_usage":0.0759431479,"mem_info_per_process":{"20536":{"rss":4469821440,"vms":13746954240,"shared":558272512,"text":2322432,"lib":0,"data":12177043456,"dirty":0,"uss":3858706432,"pss":4161361920,"swap":0},"20592":{"rss":1573289984,"vms":3685404672,"shared":11321344,"text":2322432,"lib":0,"data":2324250624,"dirty":0,"uss":969408512,"pss":1270385664,"swap":0}},"nvidia_draw_absolute":49.41,"nvidia_estimated_attributable_power_draw":49.41,"average_gpu_estimated_utilization_absolute":0.34,"per_gpu_average_estimated_utilization_absolute":{"(0, 20536)":{"sm":34,"mem":8,"enc":0,"dec":0}},"average_gpu_estimated_utilization_relative":1.0,"per_gpu_performance_state":{"0":"P2"},"per_gpu_power_draw":{"0":49.41},"cpu_count_adjusted_average_load":[0.1415625,0.1353125,0.135],"cpu_freq":[{"current":1373.625,"min":1200.0,"max":3200.0},{"current":1215.281,"min":1200.0,"max":3200.0},{"current":2399.906,"min":1200.0,"max":3200.0},{"current":2297.812,"min":1200.0,"max":3200.0},{"current":1228.875,"min":1200.0,"max":3200.0},{"current":1224.75,"min":1200.0,"max":3200.0},{"current":1298.343,"min":1200.0,"max":3200.0},{"current":2399.906,"min":1200.0,"max":3200.0},{"current":1312.125,"min":1200.0,"max":3200.0},{"current":3134.156,"min":1200.0,"max":3200.0},{"current":2026.593,"min":1200.0,"max":3200.0},{"current":1294.218,"min":1200.0,"max":3200.0},{"current":1232.625,"min":1200.0,"max":3200.0},{"current":1209.093,"min":1200.0,"max":3200.0},{"current":1234.968,"min":1200.0,"max":3200.0},{"current":1200.281,"min":1200.0,"max":3200.0},{"current":1315.781,"min":1200.0,"max":3200.0},{"current":1806.562,"min":1200.0,"max":3200.0},{"current":2399.906,"min":1200.0,"max":3200.0},{"current":2347.781,"min":1200.0,"max":3200.0},{"current":1200.0,"min":1200.0,"max":3200.0},{"current":1236.375,"min":1200.0,"max":3200.0},{"current":1207.312,"min":1200.0,"max":3200.0},{"current":2392.875,"min":1200.0,"max":3200.0},{"current":1343.531,"min":1200.0,"max":3200.0},{"current":3062.718,"min":1200.0,"max":3200.0},{"current":2081.812,"min":1200.0,"max":3200.0},{"current":1272.843,"min":1200.0,"max":3200.0},{"current":1202.531,"min":1200.0,"max":3200.0},{"current":1273.031,"min":1200.0,"max":3200.0},{"current":1213.125,"min":1200.0,"max":3200.0},{"current":1208.25,"min":1200.0,"max":3200.0}],"realtime_carbon_intensity":400.267172889,"disk_write_speed":47.3281781505,"process_ids":[20536,20592]}
{"timestamp":1573522267.3072099686,"rapl_power_draw_absolute":65.9820135831,"rapl_estimated_attributable_power_draw":15.1909879311,"cpu_time_seconds":{"20536":{"user":115.8,"system":7.53,"children_user":0.13,"children_system":0.13},"20592":{"user":2.32,"system":2.06,"children_user":0.18,"children_system":1.87}},"average_relative_cpu_utilization":0.238694858,"absolute_cpu_utilization":1.0036331436,"relative_mem_usage":0.1285210055,"absolute_mem_usage":10260317184.0,"absolute_mem_percent_usage":0.0759465132,"mem_info_per_process":{"20536":{"rss":4469821440,"vms":13746954240,"shared":558272512,"text":2322432,"lib":0,"data":12177043456,"dirty":0,"uss":3858857984,"pss":4161437696,"swap":0},"20592":{"rss":1573289984,"vms":3685404672,"shared":11321344,"text":2322432,"lib":0,"data":2324250624,"dirty":0,"uss":969560064,"pss":1270461440,"swap":0}},"nvidia_draw_absolute":52.95,"nvidia_estimated_attributable_power_draw":52.95,"average_gpu_estimated_utilization_absolute":0.34,"per_gpu_average_estimated_utilization_absolute":{"(0, 20536)":{"sm":34.0,"mem":7.5,"enc":0.0,"dec":0.0}},"average_gpu_estimated_utilization_relative":1.0,"per_gpu_performance_state":{"0":"P2"},"per_gpu_power_draw":{"0":52.95},"cpu_count_adjusted_average_load":[0.1403125,0.1353125,0.135],"cpu_freq":[{"current":2399.906,"min":1200.0,"max":3200.0},{"current":2742.187,"min":1200.0,"max":3200.0},{"current":1698.0,"min":1200.0,"max":3200.0},{"current":1897.406,"min":1200.0,"max":3200.0},{"current":1200.562,"min":1200.0,"max":3200.0},{"current":1217.437,"min":1200.0,"max":3200.0},{"current":1645.593,"min":1200.0,"max":3200.0},{"current":2398.968,"min":1200.0,"max":3200.0},{"current":1224.187,"min":1200.0,"max":3200.0},{"current":3181.875,"min":1200.0,"max":3200.0},{"current":2285.25,"min":1200.0,"max":3200.0},{"current":1360.875,"min":1200.0,"max":3200.0},{"current":1200.093,"min":1200.0,"max":3200.0},{"current":1200.0,"min":1200.0,"max":3200.0},{"current":1200.093,"min":1200.0,"max":3200.0},{"current":1229.906,"min":1200.0,"max":3200.0},{"current":2399.812,"min":1200.0,"max":3200.0},{"current":2702.718,"min":1200.0,"max":3200.0},{"current":1282.125,"min":1200.0,"max":3200.0},{"current":1596.468,"min":1200.0,"max":3200.0},{"current":1200.0,"min":1200.0,"max":3200.0},{"current":1236.375,"min":1200.0,"max":3200.0},{"current":1600.031,"min":1200.0,"max":3200.0},{"current":2397.0,"min":1200.0,"max":3200.0},{"current":1322.343,"min":1200.0,"max":3200.0},{"current":3001.031,"min":1200.0,"max":3200.0},{"current":2284.875,"min":1200.0,"max":3200.0},{"current":1200.468,"min":1200.0,"max":3200.0},{"current":1225.968,"min":1200.0,"max":3200.0},{"current":1296.468,"min":1200.0,"max":3200.0},{"current":1249.218,"min":1200.0,"max":3200.0},{"current":1244.718,"min":1200.0,"max":3200.0}],"realtime_carbon_intensity":400.267172889,"disk_write_speed":39.1127805316,"process_ids":[20536,20592]}
{"timestamp":1573522275.3090319633,"rapl_power_draw_absolute":67.463176051,"rapl_estimated_attributable_power_draw":15.8777178923,"cpu_time_seconds":{"20536":{"user":123.54,"system":7.79,"children_user":0.13,"children_system":0.13},"20592":{"user":2.53,"system":2.24,"children_user":0.19,"children_system":2.04}},"average_relative_cpu_utilization":0.2456865889,"absolute_cpu_utilization":0.9987157148,"relative_mem_usage":0.1285151236,"absolute_mem_usage":10260655104.0,"absolute_mem_percent_usage":0.0759490145,"mem_info_per_process":{"20536":{"rss":4469821440,"vms":13746954240,"shared":558272512,"text":2322432,"lib":0,"data":12177043456,"dirty":0,"uss":3858968576,"pss":4161492992,"swap":0},"20592":{"rss":1573289984,"vms":3685404672,"shared":11321344,"text":2322432,"lib":0,"data":2324250624,"dirty":0,"uss":969674752,"pss":1270518784,"swap":0}},"nvidia_draw_absolute":52.96,"nvidia_estimated_attributable_power_draw":52.96,"average_gpu_estimated_utilization_absolute":0.34,"per_gpu_average_estimated_utilization_absolute":{"(0, 20536)":{"sm":34,"mem":8,"enc":0,"dec":0}},"average_gpu_estimated_utilization_relative":1.0,"per_gpu_performance_state":{"0":"P2"},"per_gpu_power_draw":{"0":52.96},"cpu_count_adjusted_average_load":[0.1375,0.135,0.135],"cpu_freq":[{"current":1299.937,"min":1200.0,"max":3200.0},{"current":2397.187,"min":1200.0,"max":3200.0},{"current":2399.906,"min":1200.0,"max":3200.0},{"current":1298.718,"min":1200.0,"max":3200.0},{"current":1216.968,"min":1200.0,"max":3200.0},{"current":1200.0,"min":1200.0,"max":3200.0},{"current":1296.937,"min":1200.0,"max":3200.0},{"current":2399.906,"min":1200.0,"max":3200.0},{"current":1288.218,"min":1200.0,"max":3200.0},{"current":3161.906,"min":1200.0,"max":3200.0},{"current":1217.156,"min":1200.0,"max":3200.0},{"current":1398.937,"min":1200.0,"max":3200.0},{"current":1237.593,"min":1200.0,"max":3200.0},{"current":1484.531,"min":1200.0,"max":3200.0},{"current":1200.0,"min":1200.0,"max":3200.0},{"current":1200.093,"min":1200.0,"max":3200.0},{"current":1499.906,"min":1200.0,"max":3200.0},{"current":2367.187,"min":1200.0,"max":3200.0},{"current":2400.0,"min":1200.0,"max":3200.0},{"current":1266.281,"min":1200.0,"max":3200.0},{"current":1210.875,"min":1200.0,"max":3200.0},{"current":1224.093,"min":1200.0,"max":3200.0},{"current":1243.218,"min":1200.0,"max":3200.0},{"current":2400.0,"min":1200.0,"max":3200.0},{"current":1247.812,"min":1200.0,"max":3200.0},{"current":3001.031,"min":1200.0,"max":3200.0},{"current":1300.968,"min":1200.0,"max":3200.0},{"current":1397.343,"min":1200.0,"max":3200.0},{"current":1225.968,"min":1200.0,"max":3200.0},{"current":1363.312,"min":1200.0,"max":3200.0},{"current":1249.218,"min":1200.0,"max":3200.0},{"current":1200.937,"min":1200.0,"max":3200.0}],"realtime_carbon_intensity":400.267172889,"disk_write_speed":43.0668498716,"process_ids":[20536,20592]}
{"timestamp":1573522283.3236329556,"rapl_power_draw_absolute":66.3236643147,"rapl_estimated_attributable_power_draw":15.2731360516,"cpu_time_seconds":{"20536":{"user":131.31,"system":8.04,"children_user":0.13,"children_system":0.13},"20592":{"user":2.75,"system":2.42,"children_user":0.21,"children_system":2.22}},"average_relative_cpu_utilization":0.2392115807,"absolute_cpu_utilization":0.9986143099,"relative_mem_usage":0.1285078078,"absolute_mem_usage":10261005312.0,"absolute_mem_percent_usage":0.0759516067,"mem_info_per_process":{"20536":{"rss":4469821440,"vms":13746954240,"shared":558272512,"text":2322432,"lib":0,"data":12177043456,"dirty":0,"uss":3859070976,"pss":4161544192,"swap":0},"20592":{"rss":1573289984,"vms":3685404672,"shared":11321344,"text":2322432,"lib":0,"data":2324250624,"dirty":0,"uss":969805824,"pss":1270584320,"swap":0}},"nvidia_draw_absolute":52.18,"nvidia_estimated_attributable_power_draw":52.18,"average_gpu_estimated_utilization_absolute":0.34,"per_gpu_average_estimated_utilization_absolute":{"(0, 20536)":{"sm":34,"mem":8,"enc":0,"dec":0}},"average_gpu_estimated_utilization_relative":1.0,"per_gpu_performance_state":{"0":"P2"},"per_gpu_power_draw":{"0":52.18},"cpu_count_adjusted_average_load":[0.133125,0.1340625,0.1346875],"cpu_freq":[{"current":2336.062,"min":1200.0,"max":3200.0},{"current":1199.906,"min":1200.0,"max":3200.0},{"current":1242.937,"min":1200.0,"max":3200.0},{"current":1798.875,"min":1200.0,"max":3200.0},{"current":1200.562,"min":1200.0,"max":3200.0},{"current":1201.218,"min":1200.0,"max":3200.0},{"current":1598.625,"min":1200.0,"max":3200.0},{"current":2399.906,"min":1200.0,"max":3200.0},{"current":1201.5,"min":1200.0,"max":3200.0},{"current":3029.906,"min":1200.0,"max":3200.0},{"current":1284.375,"min":1200.0,"max":3200.0},{"current":1519.125,"min":1200.0,"max":3200.0},{"current":1245.187,"min":1200.0,"max":3200.0},{"current":1229.343,"min":1200.0,"max":3200.0},{"current":1200.093,"min":1200.0,"max":3200.0},{"current":1200.093,"min":1200.0,"max":3200.0},{"current":2400.0,"min":1200.0,"max":3200.0},{"current":1209.375,"min":1200.0,"max":3200.0},{"current":1398.093,"min":1200.0,"max":3200.0},{"current":2297.156,"min":1200.0,"max":3200.0},{"current":1200.0,"min":1200.0,"max":3200.0},{"current":1210.312,"min":1200.0,"max":3200.0},{"current":1484.062,"min":1200.0,"max":3200.0},{"current":2400.0,"min":1200.0,"max":3200.0},{"current":1262.812,"min":1200.0,"max":3200.0},{"current":3047.437,"min":1200.0,"max":3200.0},{"current":1395.281,"min":1200.0,"max":3200.0},{"current":1688.718,"min":1200.0,"max":3200.0},{"current":1245.281,"min":1200.0,"max":3200.0},{"current":1276.781,"min":1200.0,"max":3200.0},{"current":1204.031,"min":1200.0,"max":3200.0},{"current":1209.468,"min":1200.0,"max":3200.0}],"realtime_carbon_intensity":400.267172889,"disk_write_speed":54.4482970609,"process_ids":[20536,20592]}
{"timestamp":1573522291.3318059444,"rapl_power_draw_absolute":65.4795627035,"rapl_estimated_attributable_power_draw":15.0520195393,"cpu_time_seconds":{"20536":{"user":139.04,"system":8.31,"children_user":0.13,"children_system":0.13},"20592":{"user":2.95,"system":2.6,"children_user":0.22,"children_system":2.38}},"average_relative_cpu_utilization":0.2383101409,"absolute_cpu_utilization":0.993722103,"relative_mem_usage":0.1285009896,"absolute_mem_usage":10261312512.0,"absolute_mem_percent_usage":0.0759538806,"mem_info_per_process":{"20536":{"rss":4469821440,"vms":13746954240,"shared":558272512,"text":2322432,"lib":0,"data":12177043456,"dirty":0,"uss":3859189760,"pss":4161603584,"swap":0},"20592":{"rss":1573289984,"vms":3685404672,"shared":11321344,"text":2322432,"lib":0,"data":2324250624,"dirty":0,"uss":969891840,"pss":1270627328,"swap":0}},"nvidia_draw_absolute":48.82,"nvidia_estimated_attributable_power_draw":48.82,"average_gpu_estimated_utilization_absolute":0.34,"per_gpu_average_estimated_utilization_absolute":{"(0, 20536)":{"sm":34,"mem":8,"enc":0,"dec":0}},"average_gpu_estimated_utilization_relative":1.0,"per_gpu_performance_state":{"0":"P2"},"per_gpu_power_draw":{"0":48.82},"cpu_count_adjusted_average_load":[0.1325,0.13375,0.1346875],"cpu_freq":[{"current":2400.0,"min":1200.0,"max":3200.0},{"current":1399.968,"min":1200.0,"max":3200.0},{"current":1786.968,"min":1200.0,"max":3200.0},{"current":2299.125,"min":1200.0,"max":3200.0},{"current":1200.093,"min":1200.0,"max":3200.0},{"current":1200.093,"min":1200.0,"max":3200.0},{"current":1256.531,"min":1200.0,"max":3200.0},{"current":2021.906,"min":1200.0,"max":3200.0},{"current":1315.312,"min":1200.0,"max":3200.0},{"current":3146.156,"min":1200.0,"max":3200.0},{"current":1570.593,"min":1200.0,"max":3200.0},{"current":1298.625,"min":1200.0,"max":3200.0},{"current":1200.187,"min":1200.0,"max":3200.0},{"current":1200.093,"min":1200.0,"max":3200.0},{"current":1200.093,"min":1200.0,"max":3200.0},{"current":1200.187,"min":1200.0,"max":3200.0},{"current":2399.906,"min":1200.0,"max":3200.0},{"current":1298.437,"min":1200.0,"max":3200.0},{"current":2195.718,"min":1200.0,"max":3200.0},{"current":2063.812,"min":1200.0,"max":3200.0},{"current":1203.75,"min":1200.0,"max":3200.0},{"current":1204.031,"min":1200.0,"max":3200.0},{"current":1268.906,"min":1200.0,"max":3200.0},{"current":2400.0,"min":1200.0,"max":3200.0},{"current":1603.968,"min":1200.0,"max":3200.0},{"current":3047.437,"min":1200.0,"max":3200.0},{"current":1264.218,"min":1200.0,"max":3200.0},{"current":1249.031,"min":1200.0,"max":3200.0},{"current":1277.531,"min":1200.0,"max":3200.0},{"current":1299.375,"min":1200.0,"max":3200.0},{"current":1204.031,"min":1200.0,"max":3200.0},{"current":1211.531,"min":1200.0,"max":3200.0}],"realtime_carbon_intensity":400.267172889,"disk_write_speed":47.8356097985,"process_ids":[20536,20592]}
{"timestamp":1573522299.3271789551,"rapl_power_draw_absolute":65.7077580767,"rapl_estimated_attributable_power_draw":15.1224781915,"cpu_time_seconds":{"20536":{"user":146.76,"system":8.59,"children_user":0.13,"children_system":0.13},"20592":{"user":3.16,"system":2.79,"children_user":0.24,"children_system":2.55}},"average_relative_cpu_utilization":0.2386547051,"absolute_cpu_utilization":0.9987515577,"relative_mem_usage":0.1284945372,"absolute_mem_usage":10261632000.0,"absolute_mem_percent_usage":0.0759562454,"mem_info_per_process":{"20536":{"rss":4469821440,"vms":13746954240,"shared":558272512,"text":2322432,"lib":0,"data":12177043456,"dirty":0,"uss":3859296256,"pss":4161656832,"swap":0},"20592":{"rss":1573289984,"vms":3685404672,"shared":11321344,"text":2322432,"lib":0,"data":2324250624,"dirty":0,"uss":969998336,"pss":1270680576,"swap":0}},"nvidia_draw_absolute":54.31,"nvidia_estimated_attributable_power_draw":54.31,"average_gpu_estimated_utilization_absolute":0.34,"per_gpu_average_estimated_utilization_absolute":{"(0, 20536)":{"sm":34,"mem":8,"enc":0,"dec":0}},"average_gpu_estimated_utilization_relative":1.0,"per_gpu_performance_state":{"0":"P2"},"per_gpu_power_draw":{"0":54.31},"cpu_count_adjusted_average_load":[0.13125,0.1334375,0.134375],"cpu_freq":[{"current":1455.937,"min":1200.0,"max":3200.0},{"current":2399.906,"min":1200.0,"max":3200.0},{"current":1599.937,"min":1200.0,"max":3200.0},{"current":1899.562,"min":1200.0,"max":3200.0},{"current":1267.687,"min":1200.0,"max":3200.0},{"current":1201.125,"min":1200.0,"max":3200.0},{"current":2399.906,"min":1200.0,"max":3200.0},{"current":1799.906,"min":1200.0,"max":3200.0},{"current":1399.968,"min":1200.0,"max":3200.0},{"current":3048.937,"min":1200.0,"max":3200.0},{"current":1295.062,"min":1200.0,"max":3200.0},{"current":1239.75,"min":1200.0,"max":3200.0},{"current":1445.437,"min":1200.0,"max":3200.0},{"current":1237.031,"min":1200.0,"max":3200.0},{"current":1200.281,"min":1200.0,"max":3200.0},{"current":1246.218,"min":1200.0,"max":3200.0},{"current":1795.125,"min":1200.0,"max":3200.0},{"current":2199.75,"min":1200.0,"max":3200.0},{"current":1399.968,"min":1200.0,"max":3200.0},{"current":1860.187,"min":1200.0,"max":3200.0},{"current":1222.312,"min":1200.0,"max":3200.0},{"current":1210.406,"min":1200.0,"max":3200.0},{"current":2399.906,"min":1200.0,"max":3200.0},{"current":1696.5,"min":1200.0,"max":3200.0},{"current":1589.531,"min":1200.0,"max":3200.0},{"current":3199.875,"min":1200.0,"max":3200.0},{"current":1289.531,"min":1200.0,"max":3200.0},{"current":1301.156,"min":1200.0,"max":3200.0},{"current":1363.312,"min":1200.0,"max":3200.0},{"current":1222.125,"min":1200.0,"max":3200.0},{"current":1218.093,"min":1200.0,"max":3200.0},{"current":1271.343,"min":1200.0,"max":3200.0}],"realtime_carbon_intensity":400.267172889,"disk_write_speed":47.8341777457,"process_ids":[20536,20592]}
{"timestamp":1573522307.3174779415,"rapl_power_draw_absolute":65.0351266203,"rapl_estimated_attributable_power_draw":14.9461916065,"cpu_time_seconds":{"20536":{"user":154.53,"system":8.82,"children_user":0.13,"children_system":0.13},"20592":{"user":3.43,"system":2.96,"children_user":0.26,"children_system":2.72}},"average_relative_cpu_utilization":0.2383644435,"absolute_cpu_utilization":0.9986929528,"relative_mem_usage":0.1284914696,"absolute_mem_usage":10262262784.0,"absolute_mem_percent_usage":0.0759609145,"mem_info_per_process":{"20536":{"rss":4469891072,"vms":13746954240,"shared":558272512,"text":2322432,"lib":0,"data":12177043456,"dirty":0,"uss":3859529728,"pss":4161808384,"swap":0},"20592":{"rss":1573289984,"vms":3685404672,"shared":11321344,"text":2322432,"lib":0,"data":2324250624,"dirty":0,"uss":970162176,"pss":1270762496,"swap":0}},"nvidia_draw_absolute":48.53,"nvidia_estimated_attributable_power_draw":48.53,"average_gpu_estimated_utilization_absolute":0.345,"per_gpu_average_estimated_utilization_absolute":{"(0, 20536)":{"sm":34.5,"mem":8.0,"enc":0.0,"dec":0.0}},"average_gpu_estimated_utilization_relative":1.0,"per_gpu_performance_state":{"0":"P2"},"per_gpu_power_draw":{"0":48.53},"cpu_count_adjusted_average_load":[0.1284375,0.1328125,0.1340625],"cpu_freq":[{"current":2399.906,"min":1200.0,"max":3200.0},{"current":2399.25,"min":1200.0,"max":3200.0},{"current":2033.062,"min":1200.0,"max":3200.0},{"current":1689.468,"min":1200.0,"max":3200.0},{"current":1328.25,"min":1200.0,"max":3200.0},{"current":1255.593,"min":1200.0,"max":3200.0},{"current":2399.906,"min":1200.0,"max":3200.0},{"current":1496.156,"min":1200.0,"max":3200.0},{"current":1833.75,"min":1200.0,"max":3200.0},{"current":3168.375,"min":1200.0,"max":3200.0},{"current":1297.968,"min":1200.0,"max":3200.0},{"current":1400.25,"min":1200.0,"max":3200.0},{"current":1200.093,"min":1200.0,"max":3200.0},{"current":1253.812,"min":1200.0,"max":3200.0},{"current":1200.0,"min":1200.0,"max":3200.0},{"current":1497.468,"min":1200.0,"max":3200.0},{"current":1956.0,"min":1200.0,"max":3200.0},{"current":2399.906,"min":1200.0,"max":3200.0},{"current":1941.281,"min":1200.0,"max":3200.0},{"current":1699.968,"min":1200.0,"max":3200.0},{"current":1399.312,"min":1200.0,"max":3200.0},{"current":1214.25,"min":1200.0,"max":3200.0},{"current":2399.906,"min":1200.0,"max":3200.0},{"current":1409.437,"min":1200.0,"max":3200.0},{"current":2117.718,"min":1200.0,"max":3200.0},{"current":3025.125,"min":1200.0,"max":3200.0},{"current":1203.093,"min":1200.0,"max":3200.0},{"current":1200.75,"min":1200.0,"max":3200.0},{"current":1206.937,"min":1200.0,"max":3200.0},{"current":1200.375,"min":1200.0,"max":3200.0},{"current":1200.281,"min":1200.0,"max":3200.0},{"current":1400.437,"min":1200.0,"max":3200.0}],"realtime_carbon_intensity":400.267172889,"disk_write_speed":40.9561639956,"process_ids":[20536,20592]}
{"timestamp":1573522315.352314949,"rapl_power_draw_absolute":65.9667858372,"rapl_estimated_attributable_power_draw":15.2496425584,"cpu_time_seconds":{"20536":{"user":162.32,"system":9.07,"children_user":0.13,"children_system":0.13},"20592":{"user":3.64,"system":3.15,"children_user":0.27,"children_system":2.89}},"average_relative_cpu_utilization":0.2401210217,"absolute_cpu_utilization":1.0036201914,"relative_mem_usage":0.1284801853,"absolute_mem_usage":10262500352.0,"absolute_mem_percent_usage":0.075962673,"mem_info_per_process":{"20536":{"rss":4469911552,"vms":13746954240,"shared":558272512,"text":2322432,"lib":0,"data":12177043456,"dirty":0,"uss":3859615744,"pss":4161861632,"swap":0},"20592":{"rss":1573289984,"vms":3685404672,"shared":11321344,"text":2322432,"lib":0,"data":2324250624,"dirty":0,"uss":970227712,"pss":1270795264,"swap":0}},"nvidia_draw_absolute":49.78,"nvidia_estimated_attributable_power_draw":49.78,"average_gpu_estimated_utilization_absolute":0.34,"per_gpu_average_estimated_utilization_absolute":{"(0, 20536)":{"sm":34,"mem":8,"enc":0,"dec":0}},"average_gpu_estimated_utilization_relative":1.0,"per_gpu_performance_state":{"0":"P2"},"per_gpu_power_draw":{"0":49.78},"cpu_count_adjusted_average_load":[0.1484375,0.1371875,0.135625],"cpu_freq":[{"current":2381.343,"min":1200.0,"max":3200.0},{"current":1995.75,"min":1200.0,"max":3200.0},{"current":1598.531,"min":1200.0,"max":3200.0},{"current":2099.625,"min":1200.0,"max":3200.0},{"current":1200.843,"min":1200.0,"max":3200.0},{"current":1200.093,"min":1200.0,"max":3200.0},{"current":1298.906,"min":1200.0,"max":3200.0},{"current":1298.718,"min":1200.0,"max":3200.0},{"current":1639.5,"min":1200.0,"max":3200.0},{"current":2991.75,"min":1200.0,"max":3200.0},{"current":1295.906,"min":1200.0,"max":3200.0},{"current":1301.062,"min":1200.0,"max":3200.0},{"current":1211.718,"min":1200.0,"max":3200.0},{"current":1397.062,"min":1200.0,"max":3200.0},{"current":1232.437,"min":1200.0,"max":3200.0},{"current":1200.187,"min":1200.0,"max":3200.0},{"current":2400.0,"min":1200.0,"max":3200.0},{"current":1454.156,"min":1200.0,"max":3200.0},{"current":1419.0,"min":1200.0,"max":3200.0},{"current":2100.0,"min":1200.0,"max":3200.0},{"current":1200.0,"min":1200.0,"max":3200.0},{"current":1248.0,"min":1200.0,"max":3200.0},{"current":1396.781,"min":1200.0,"max":3200.0},{"current":1283.25,"min":1200.0,"max":3200.0},{"current":1419.281,"min":1200.0,"max":3200.0},{"current":3098.812,"min":1200.0,"max":3200.0},{"current":1678.593,"min":1200.0,"max":3200.0},{"current":1301.062,"min":1200.0,"max":3200.0},{"current":1200.562,"min":1200.0,"max":3200.0},{"current":1396.5,"min":1200.0,"max":3200.0},{"current":1200.375,"min":1200.0,"max":3200.0},{"current":1208.156,"min":1200.0,"max":3200.0}],"realtime_carbon_intensity":400.267172889,"disk_write_speed":47.4671704014,"process_ids":[20536,20592]}
{"timestamp":1573522323.3452150822,"rapl_power_draw_absolute":66.3317953256,"rapl_estimated_attributable_power_draw":15.2013373269,"cpu_time_seconds":{"20536":{"user":170.08,"system":9.3,"children_user":0.13,"children_system":0.13},"20592":{"user":3.84,"system":3.33,"children_user":0.29,"children_system":3.05}},"average_relative_cpu_utilization":0.2375063179,"absolute_cpu_utilization":0.9985972176,"relative_mem_usage":0.1284736008,"absolute_mem_usage":10262717440.0,"absolute_mem_percent_usage":0.0759642798,"mem_info_per_process":{"20536":{"rss":4469964800,"vms":13746954240,"shared":558272512,"text":2322432,"lib":0,"data":12177043456,"dirty":0,"uss":3859705856,"pss":4161933312,"swap":0},"20592":{"rss":1573289984,"vms":3685404672,"shared":11321344,"text":2322432,"lib":0,"data":2324250624,"dirty":0,"uss":970264576,"pss":1270813696,"swap":0}},"nvidia_draw_absolute":49.66,"nvidia_estimated_attributable_power_draw":49.66,"average_gpu_estimated_utilization_absolute":0.345,"per_gpu_average_estimated_utilization_absolute":{"(0, 20536)":{"sm":34.5,"mem":8.0,"enc":0.0,"dec":0.0}},"average_gpu_estimated_utilization_relative":1.0,"per_gpu_performance_state":{"0":"P2"},"per_gpu_power_draw":{"0":49.66},"cpu_count_adjusted_average_load":[0.1475,0.1371875,0.135625],"cpu_freq":[{"current":2400.0,"min":1200.0,"max":3200.0},{"current":2399.906,"min":1200.0,"max":3200.0},{"current":1399.968,"min":1200.0,"max":3200.0},{"current":1299.937,"min":1200.0,"max":3200.0},{"current":1201.312,"min":1200.0,"max":3200.0},{"current":1200.562,"min":1200.0,"max":3200.0},{"current":2400.0,"min":1200.0,"max":3200.0},{"current":1800.0,"min":1200.0,"max":3200.0},{"current":1299.937,"min":1200.0,"max":3200.0},{"current":3157.406,"min":1200.0,"max":3200.0},{"current":1428.093,"min":1200.0,"max":3200.0},{"current":1778.625,"min":1200.0,"max":3200.0},{"current":1428.187,"min":1200.0,"max":3200.0},{"current":1239.093,"min":1200.0,"max":3200.0},{"current":1224.0,"min":1200.0,"max":3200.0},{"current":1200.187,"min":1200.0,"max":3200.0},{"current":2400.375,"min":1200.0,"max":3200.0},{"current":2400.0,"min":1200.0,"max":3200.0},{"current":1299.937,"min":1200.0,"max":3200.0},{"current":1380.656,"min":1200.0,"max":3200.0},{"current":1200.0,"min":1200.0,"max":3200.0},{"current":1202.343,"min":1200.0,"max":3200.0},{"current":2400.0,"min":1200.0,"max":3200.0},{"current":1695.656,"min":1200.0,"max":3200.0},{"current":1401.187,"min":1200.0,"max":3200.0},{"current":3098.812,"min":1200.0,"max":3200.0},{"current":1375.687,"min":1200.0,"max":3200.0},{"current":1588.406,"min":1200.0,"max":3200.0},{"current":1478.25,"min":1200.0,"max":3200.0},{"current":1200.0,"min":1200.0,"max":3200.0},{"current":1232.625,"min":1200.0,"max":3200.0},{"current":1246.968,"min":1200.0,"max":3200.0}],"realtime_carbon_intensity":400.267172889,"disk_write_speed":51.6391187078,"process_ids":[20536,20592]}
