{"timestamp":1572416267.2938549519,"rapl_power_draw_absolute":74.7239463664,"rapl_estimated_attributable_power_draw":17.3115591064,"cpu_time_seconds":{"12212":{"user":13.28,"system":2.77,"children_user":1.11,"children_system":0.32},"12292":{"user":0.02,"system":0.04,"children_user":0.0,"children_system":0.06}},"average_relative_cpu_utilization":0.2317444599,"absolute_cpu_utilization":0.9986993882,"relative_mem_usage":0.2309904613,"absolute_mem_usage":3719413760.0,"absolute_mem_percent_usage":0.0275309721,"mem_info_per_process":{"12212":{"rss":3654115328,"vms":11946782720,"shared":566300672,"text":2322432,"lib":0,"data":10218979328,"dirty":0,"uss":113991680,"pss":1819245568,"swap":0},"12292":{"rss":3261566976,"vms":11946782720,"shared":173744128,"text":2322432,"lib":0,"data":10218979328,"dirty":0,"uss":105984000,"pss":1680192512,"swap":0}},"nvidia_draw_absolute":83.89,"nvidia_estimated_attributable_power_draw":83.89,"average_gpu_estimated_utilization_absolute":0.705,"per_gpu_average_estimated_utilization_absolute":{"(0, 12212)":{"sm":70.5,"mem":20.0,"enc":0.0,"dec":0.0}},"average_gpu_estimated_utilization_relative":1.0,"per_gpu_performance_state":{"0":"P2"},"per_gpu_power_draw":{"0":83.89},"cpu_count_adjusted_average_load":[0.1459375,0.149375,0.1509375],"realtime_carbon_intensity":336.7645075741,"disk_write_speed":30.2274887878,"process_ids":[12212,12292]}
{"timestamp":1572416275.6454739571,"rapl_power_draw_absolute":77.4979956223,"rapl_estimated_attributable_power_draw":17.9995995916,"cpu_time_seconds":{"12212":{"user":21.62,"system":2.78,"children_user":1.11,"children_system":0.32},"12292":{"user":0.24,"system":0.38,"children_user":0.02,"children_system":0.32}},"average_relative_cpu_utilization":0.2321759686,"absolute_cpu_utilization":0.9935790827,"relative_mem_usage":0.2330832467,"absolute_mem_usage":3755669504.0,"absolute_mem_percent_usage":0.0277993359,"mem_info_per_process":{"12212":{"rss":3654115328,"vms":11946782720,"shared":566300672,"text":2322432,"lib":0,"data":10218979328,"dirty":0,"uss":126234624,"pss":1825199104,"swap":0},"12292":{"rss":3268124672,"vms":11946782720,"shared":180289536,"text":2322432,"lib":0,"data":10218979328,"dirty":0,"uss":117182464,"pss":1687053312,"swap":0}},"nvidia_draw_absolute":83.8,"nvidia_estimated_attributable_power_draw":83.8,"average_gpu_estimated_utilization_absolute":0.695,"per_gpu_average_estimated_utilization_absolute":{"(0, 12212)":{"sm":69.5,"mem":20.0,"enc":0.0,"dec":0.0}},"average_gpu_estimated_utilization_relative":1.0,"per_gpu_performance_state":{"0":"P2"},"per_gpu_power_draw":{"0":83.8},"cpu_count_adjusted_average_load":[0.1521875,0.150625,0.15125],"realtime_carbon_intensity":336.7645075741,"disk_write_speed":9.0336114726,"process_ids":[12212,12292]}
{"timestamp":1572416283.9445250034,"rapl_power_draw_absolute":77.3493018898,"rapl_estimated_attributable_power_draw":17.9155524223,"cpu_time_seconds":{"12212":{"user":29.92,"system":2.78,"children_user":1.11,"children_system":0.32},"12292":{"user":0.34,"system":0.72,"children_user":0.04,"children_system":0.59}},"average_relative_cpu_utilization":0.2314612805,"absolute_cpu_utilization":0.9986141427,"relative_mem_usage":0.2331938785,"absolute_mem_usage":3758643200.0,"absolute_mem_percent_usage":0.0278213471,"mem_info_per_process":{"12212":{"rss":3654115328,"vms":11946782720,"shared":566300672,"text":2322432,"lib":0,"data":10218979328,"dirty":0,"uss":127324160,"pss":1825743872,"swap":0},"12292":{"rss":3268124672,"vms":11946782720,"shared":180289536,"text":2322432,"lib":0,"data":10218979328,"dirty":0,"uss":118075392,"pss":1687499776,"swap":0}},"nvidia_draw_absolute":81.6,"nvidia_estimated_attributable_power_draw":81.6,"average_gpu_estimated_utilization_absolute":0.7,"per_gpu_average_estimated_utilization_absolute":{"(0, 12212)":{"sm":70.0,"mem":20.5,"enc":0.0,"dec":0.0}},"average_gpu_estimated_utilization_relative":1.0,"per_gpu_performance_state":{"0":"P2"},"per_gpu_power_draw":{"0":81.6},"cpu_count_adjusted_average_load":[0.1478125,0.1496875,0.1509375],"realtime_carbon_intensity":336.7645075741,"disk_write_speed":35.9806163208,"process_ids":[12212,12292]}
{"timestamp":1572416292.1977000237,"rapl_power_draw_absolute":77.6245659067,"rapl_estimated_attributable_power_draw":18.0799625094,"cpu_time_seconds":{"12212":{"user":38.18,"system":2.79,"children_user":1.11,"children_system":0.32},"12292":{"user":0.52,"system":1.02,"children_user":0.05,"children_system":0.88}},"average_relative_cpu_utilization":0.232881335,"absolute_cpu_utilization":1.0035788524,"relative_mem_usage":0.2332509956,"absolute_mem_usage":3758723072.0,"absolute_mem_percent_usage":0.0278219383,"mem_info_per_process":{"12212":{"rss":3654115328,"vms":11946782720,"shared":566300672,"text":2322432,"lib":0,"data":10218979328,"dirty":0,"uss":127352832,"pss":1825758208,"swap":0},"12292":{"rss":3268124672,"vms":11946782720,"shared":180289536,"text":2322432,"lib":0,"data":10218979328,"dirty":0,"uss":118099968,"pss":1687512064,"swap":0}},"nvidia_draw_absolute":86.85,"nvidia_estimated_attributable_power_draw":86.85,"average_gpu_estimated_utilization_absolute":0.705,"per_gpu_average_estimated_utilization_absolute":{"(0, 12212)":{"sm":70.5,"mem":20.0,"enc":0.0,"dec":0.0}},"average_gpu_estimated_utilization_relative":1.0,"per_gpu_performance_state":{"0":"P2"},"per_gpu_power_draw":{"0":86.85},"cpu_count_adjusted_average_load":[0.1459375,0.149375,0.1509375],"realtime_carbon_intensity":336.7645075741,"disk_write_speed":23.1459360277,"process_ids":[12212,12292]}
{"timestamp":1572416300.4585580826,"rapl_power_draw_absolute":78.0081044009,"rapl_estimated_attributable_power_draw":18.1260607296,"cpu_time_seconds":{"12212":{"user":46.44,"system":2.79,"children_user":1.11,"children_system":0.32},"12292":{"user":0.65,"system":1.38,"children_user":0.07,"children_system":1.15}},"average_relative_cpu_utilization":0.2322680928,"absolute_cpu_utilization":0.9986354653,"relative_mem_usage":0.2333019861,"absolute_mem_usage":3758735360.0,"absolute_mem_percent_usage":0.0278220292,"mem_info_per_process":{"12212":{"rss":3654115328,"vms":11946782720,"shared":566300672,"text":2322432,"lib":0,"data":10218979328,"dirty":0,"uss":127356928,"pss":1825760256,"swap":0},"12292":{"rss":3268124672,"vms":11946782720,"shared":180289536,"text":2322432,"lib":0,"data":10218979328,"dirty":0,"uss":118104064,"pss":1687514112,"swap":0}},"nvidia_draw_absolute":85.78,"nvidia_estimated_attributable_power_draw":85.78,"average_gpu_estimated_utilization_absolute":0.695,"per_gpu_average_estimated_utilization_absolute":{"(0, 12212)":{"sm":69.5,"mem":20.0,"enc":0.0,"dec":0.0}},"average_gpu_estimated_utilization_relative":1.0,"per_gpu_performance_state":{"0":"P2"},"per_gpu_power_draw":{"0":85.78},"cpu_count_adjusted_average_load":[0.1478125,0.149375,0.1509375],"realtime_carbon_intensity":336.7645075741,"disk_write_speed":27.8021378955,"process_ids":[12212,12292]}
{"timestamp":1572416308.7136440277,"rapl_power_draw_absolute":77.8524024865,"rapl_estimated_attributable_power_draw":17.9823514506,"cpu_time_seconds":{"12212":{"user":54.69,"system":2.8,"children_user":1.11,"children_system":0.32},"12292":{"user":0.83,"system":1.72,"children_user":0.07,"children_system":1.44}},"average_relative_cpu_utilization":0.2307473434,"absolute_cpu_utilization":1.0035649104,"relative_mem_usage":0.2333013252,"absolute_mem_usage":3758747648.0,"absolute_mem_percent_usage":0.0278221202,"mem_info_per_process":{"12212":{"rss":3654115328,"vms":11946782720,"shared":566300672,"text":2322432,"lib":0,"data":10218979328,"dirty":0,"uss":127361024,"pss":1825762304,"swap":0},"12292":{"rss":3268124672,"vms":11946782720,"shared":180289536,"text":2322432,"lib":0,"data":10218979328,"dirty":0,"uss":118108160,"pss":1687516160,"swap":0}},"nvidia_draw_absolute":87.03,"nvidia_estimated_attributable_power_draw":87.03,"average_gpu_estimated_utilization_absolute":0.7,"per_gpu_average_estimated_utilization_absolute":{"(0, 12212)":{"sm":70,"mem":20,"enc":0,"dec":0}},"average_gpu_estimated_utilization_relative":1.0,"per_gpu_performance_state":{"0":"P2"},"per_gpu_power_draw":{"0":87.03},"cpu_count_adjusted_average_load":[0.144375,0.14875,0.150625],"realtime_carbon_intensity":336.7645075741,"disk_write_speed":3.9451456936,"process_ids":[12212,12292]}
{"timestamp":1572416317.2341930866,"rapl_power_draw_absolute":78.0996337983,"rapl_estimated_attributable_power_draw":18.053574361,"cpu_time_seconds":{"12212":{"user":63.2,"system":2.81,"children_user":1.11,"children_system":0.32},"12292":{"user":0.92,"system":2.03,"children_user":0.08,"children_system":1.72}},"average_relative_cpu_utilization":0.2249576032,"absolute_cpu_utilization":0.9986293651,"relative_mem_usage":0.291656012,"absolute_mem_usage":3760762880.0,"absolute_mem_percent_usage":0.0278370369,"mem_info_per_process":{"12212":{"rss":3654115328,"vms":11946782720,"shared":566300672,"text":2322432,"lib":0,"data":10218979328,"dirty":0,"uss":127238144,"pss":1826336768,"swap":0},"12292":{"rss":3268124672,"vms":11946782720,"shared":180289536,"text":2322432,"lib":0,"data":10218979328,"dirty":0,"uss":118243328,"pss":1688944640,"swap":0}},"nvidia_draw_absolute":84.95,"nvidia_estimated_attributable_power_draw":84.95,"average_gpu_estimated_utilization_absolute":0.7,"per_gpu_average_estimated_utilization_absolute":{"(0, 12212)":{"sm":70.0,"mem":20.5,"enc":0.0,"dec":0.0}},"average_gpu_estimated_utilization_relative":1.0,"per_gpu_performance_state":{"0":"P2"},"per_gpu_power_draw":{"0":84.95},"cpu_count_adjusted_average_load":[0.1403125,0.1478125,0.1503125],"realtime_carbon_intensity":336.7645075741,"disk_write_speed":4.1951388326,"process_ids":[12212,12292]}
{"timestamp":1572416325.7855839729,"rapl_power_draw_absolute":73.0569188624,"rapl_estimated_attributable_power_draw":23.0268844188,"cpu_time_seconds":{"12212":{"user":71.75,"system":2.82,"children_user":1.11,"children_system":0.32},"12292":{"user":0.98,"system":2.34,"children_user":0.09,"children_system":2.01}},"average_relative_cpu_utilization":0.3164466708,"absolute_cpu_utilization":0.9987206531,"relative_mem_usage":0.3035461549,"absolute_mem_usage":3856488448.0,"absolute_mem_percent_usage":0.0285455942,"mem_info_per_process":{"12212":{"rss":3654115328,"vms":11946782720,"shared":566300672,"text":2322432,"lib":0,"data":10218979328,"dirty":0,"uss":151986176,"pss":1897307136,"swap":0},"12292":{"rss":3268124672,"vms":11946782720,"shared":180289536,"text":2322432,"lib":0,"data":10218979328,"dirty":0,"uss":118247424,"pss":1688947712,"swap":0}},"nvidia_draw_absolute":85.24,"nvidia_estimated_attributable_power_draw":85.24,"average_gpu_estimated_utilization_absolute":0.695,"per_gpu_average_estimated_utilization_absolute":{"(0, 12212)":{"sm":69.5,"mem":20.0,"enc":0.0,"dec":0.0}},"average_gpu_estimated_utilization_relative":1.0,"per_gpu_performance_state":{"0":"P2"},"per_gpu_power_draw":{"0":85.24},"cpu_count_adjusted_average_load":[0.1528125,0.15,0.15125],"realtime_carbon_intensity":336.7645075741,"disk_write_speed":31.2173599556,"process_ids":[12212,12292]}
{"timestamp":1572416333.9935081005,"rapl_power_draw_absolute":73.5340624737,"rapl_estimated_attributable_power_draw":19.4471631917,"cpu_time_seconds":{"12212":{"user":79.96,"system":2.82,"children_user":1.11,"children_system":0.32},"12292":{"user":1.18,"system":2.64,"children_user":0.1,"children_system":2.28}},"average_relative_cpu_utilization":0.2603413583,"absolute_cpu_utilization":1.0035784249,"relative_mem_usage":0.3019890503,"absolute_mem_usage":3856453632.0,"absolute_mem_percent_usage":0.0285453365,"mem_info_per_process":{"12212":{"rss":3654115328,"vms":11946782720,"shared":566300672,"text":2322432,"lib":0,"data":10218979328,"dirty":0,"uss":151977984,"pss":1897278464,"swap":0},"12292":{"rss":3268128768,"vms":11946782720,"shared":180289536,"text":2322432,"lib":0,"data":10218979328,"dirty":0,"uss":118251520,"pss":1688945664,"swap":0}},"nvidia_draw_absolute":87.61,"nvidia_estimated_attributable_power_draw":87.61,"average_gpu_estimated_utilization_absolute":0.7,"per_gpu_average_estimated_utilization_absolute":{"(0, 12212)":{"sm":70,"mem":20,"enc":0,"dec":0}},"average_gpu_estimated_utilization_relative":1.0,"per_gpu_performance_state":{"0":"P2"},"per_gpu_power_draw":{"0":87.61},"cpu_count_adjusted_average_load":[0.153125,0.1503125,0.15125],"realtime_carbon_intensity":336.7645075741,"disk_write_speed":31.0655962256,"process_ids":[12212,12292]}
{"timestamp":1572416342.2726950645,"rapl_power_draw_absolute":77.2519957261,"rapl_estimated_attributable_power_draw":20.1408522493,"cpu_time_seconds":{"12212":{"user":88.24,"system":2.82,"children_user":1.11,"children_system":0.32},"12292":{"user":1.36,"system":3.0,"children_user":0.11,"children_system":2.57}},"average_relative_cpu_utilization":0.257672703,"absolute_cpu_utilization":1.0036045645,"relative_mem_usage":0.2885606,"absolute_mem_usage":3835718656.0,"absolute_mem_percent_usage":0.0283918569,"mem_info_per_process":{"12212":{"rss":3654115328,"vms":11946782720,"shared":566300672,"text":2322432,"lib":0,"data":10218979328,"dirty":0,"uss":149131264,"pss":1880068096,"swap":0},"12292":{"rss":3268128768,"vms":11946782720,"shared":180289536,"text":2322432,"lib":0,"data":10218979328,"dirty":0,"uss":118255616,"pss":1688263680,"swap":0}},"nvidia_draw_absolute":88.6,"nvidia_estimated_attributable_power_draw":88.6,"average_gpu_estimated_utilization_absolute":0.7033333333,"per_gpu_average_estimated_utilization_absolute":{"(0, 12212)":{"sm":70.3333333333,"mem":20.3333333333,"enc":0.0,"dec":0.0}},"average_gpu_estimated_utilization_relative":1.0,"per_gpu_performance_state":{"0":"P2"},"per_gpu_power_draw":{"0":88.6},"cpu_count_adjusted_average_load":[0.1484375,0.149375,0.1509375],"realtime_carbon_intensity":336.7645075741,"disk_write_speed":38.2560029479,"process_ids":[12212,12292]}
{"timestamp":1572416350.5125050545,"rapl_power_draw_absolute":73.3044918976,"rapl_estimated_attributable_power_draw":21.1127870117,"cpu_time_seconds":{"12212":{"user":96.48,"system":2.83,"children_user":1.11,"children_system":0.32},"12292":{"user":1.52,"system":3.36,"children_user":0.12,"children_system":2.85}},"average_relative_cpu_utilization":0.2879522314,"absolute_cpu_utilization":1.0036484148,"relative_mem_usage":0.2885959749,"absolute_mem_usage":3835743232.0,"absolute_mem_percent_usage":0.0283920388,"mem_info_per_process":{"12212":{"rss":3654115328,"vms":11946782720,"shared":566300672,"text":2322432,"lib":0,"data":10218979328,"dirty":0,"uss":149139456,"pss":1880072192,"swap":0},"12292":{"rss":3268128768,"vms":11946782720,"shared":180289536,"text":2322432,"lib":0,"data":10218979328,"dirty":0,"uss":118263808,"pss":1688267776,"swap":0}},"nvidia_draw_absolute":85.34,"nvidia_estimated_attributable_power_draw":85.34,"average_gpu_estimated_utilization_absolute":0.7,"per_gpu_average_estimated_utilization_absolute":{"(0, 12212)":{"sm":70,"mem":20,"enc":0,"dec":0}},"average_gpu_estimated_utilization_relative":1.0,"per_gpu_performance_state":{"0":"P2"},"per_gpu_power_draw":{"0":85.34},"cpu_count_adjusted_average_load":[0.14,0.1475,0.1503125],"realtime_carbon_intensity":336.7645075741,"disk_write_speed":19.2500284553,"process_ids":[12212,12292]}
{"timestamp":1572416358.7857439518,"rapl_power_draw_absolute":73.9951504599,"rapl_estimated_attributable_power_draw":20.4246272456,"cpu_time_seconds":{"12212":{"user":104.74,"system":2.84,"children_user":1.11,"children_system":0.32},"12292":{"user":1.66,"system":3.7,"children_user":0.13,"children_system":3.14}},"average_relative_cpu_utilization":0.2747018314,"absolute_cpu_utilization":0.9986085666,"relative_mem_usage":0.2885035437,"absolute_mem_usage":3835755520.0,"absolute_mem_percent_usage":0.0283921298,"mem_info_per_process":{"12212":{"rss":3654115328,"vms":11946782720,"shared":566300672,"text":2322432,"lib":0,"data":10218979328,"dirty":0,"uss":149143552,"pss":1880074240,"swap":0},"12292":{"rss":3268128768,"vms":11946782720,"shared":180289536,"text":2322432,"lib":0,"data":10218979328,"dirty":0,"uss":118267904,"pss":1688269824,"swap":0}},"nvidia_draw_absolute":88.09,"nvidia_estimated_attributable_power_draw":88.09,"average_gpu_estimated_utilization_absolute":0.6925,"per_gpu_average_estimated_utilization_absolute":{"(0, 12212)":{"sm":69.25,"mem":20.0,"enc":0.0,"dec":0.0}},"average_gpu_estimated_utilization_relative":1.0,"per_gpu_performance_state":{"0":"P2"},"per_gpu_power_draw":{"0":88.09},"cpu_count_adjusted_average_load":[0.1353125,0.14625,0.1496875],"realtime_carbon_intensity":336.7645075741,"disk_write_speed":18.8338667113,"process_ids":[12212,12292]}
{"timestamp":1572416367.0877621174,"rapl_power_draw_absolute":75.8092459234,"rapl_estimated_attributable_power_draw":18.5532030002,"cpu_time_seconds":{"12212":{"user":113.04,"system":2.85,"children_user":1.11,"children_system":0.32},"12292":{"user":1.76,"system":4.03,"children_user":0.14,"children_system":3.44}},"average_relative_cpu_utilization":0.2457081041,"absolute_cpu_utilization":1.0036353166,"relative_mem_usage":0.2360671289,"absolute_mem_usage":3778911232.0,"absolute_mem_percent_usage":0.0279713703,"mem_info_per_process":{"12212":{"rss":3654115328,"vms":11946782720,"shared":566300672,"text":2322432,"lib":0,"data":10218979328,"dirty":0,"uss":137076736,"pss":1835294720,"swap":0},"12292":{"rss":3268128768,"vms":11946782720,"shared":180289536,"text":2322432,"lib":0,"data":10218979328,"dirty":0,"uss":118272000,"pss":1688267776,"swap":0}},"nvidia_draw_absolute":87.83,"nvidia_estimated_attributable_power_draw":87.83,"average_gpu_estimated_utilization_absolute":0.7,"per_gpu_average_estimated_utilization_absolute":{"(0, 12212)":{"sm":70.0,"mem":20.5,"enc":0.0,"dec":0.0}},"average_gpu_estimated_utilization_relative":1.0,"per_gpu_performance_state":{"0":"P2"},"per_gpu_power_draw":{"0":87.83},"cpu_count_adjusted_average_load":[0.1371875,0.1465625,0.1496875],"realtime_carbon_intensity":336.7645075741,"disk_write_speed":17.5067413646,"process_ids":[12212,12292]}
{"timestamp":1572416375.3776769638,"rapl_power_draw_absolute":78.3923109945,"rapl_estimated_attributable_power_draw":17.2858919647,"cpu_time_seconds":{"12212":{"user":121.32,"system":2.86,"children_user":1.11,"children_system":0.32},"12292":{"user":1.9,"system":4.36,"children_user":0.14,"children_system":3.75}},"average_relative_cpu_utilization":0.2190373987,"absolute_cpu_utilization":0.9985898771,"relative_mem_usage":0.2343788279,"absolute_mem_usage":3777581056.0,"absolute_mem_percent_usage":0.0279615244,"mem_info_per_process":{"12212":{"rss":3654115328,"vms":11946782720,"shared":566300672,"text":2322432,"lib":0,"data":10218979328,"dirty":0,"uss":136994816,"pss":1834778624,"swap":0},"12292":{"rss":3268128768,"vms":11946782720,"shared":180289536,"text":2322432,"lib":0,"data":10218979328,"dirty":0,"uss":118153216,"pss":1687654400,"swap":0}},"nvidia_draw_absolute":89.5,"nvidia_estimated_attributable_power_draw":89.5,"average_gpu_estimated_utilization_absolute":0.705,"per_gpu_average_estimated_utilization_absolute":{"(0, 12212)":{"sm":70.5,"mem":20.5,"enc":0.0,"dec":0.0}},"average_gpu_estimated_utilization_relative":1.0,"per_gpu_performance_state":{"0":"P2"},"per_gpu_power_draw":{"0":89.5},"cpu_count_adjusted_average_load":[0.1375,0.14625,0.1496875],"realtime_carbon_intensity":336.7645075741,"disk_write_speed":34.1737759315,"process_ids":[12212,12292]}
{"timestamp":1572416383.7366309166,"rapl_power_draw_absolute":78.2683648365,"rapl_estimated_attributable_power_draw":17.3280225292,"cpu_time_seconds":{"12212":{"user":129.68,"system":2.86,"children_user":1.11,"children_system":0.32},"12292":{"user":2.08,"system":4.68,"children_user":0.15,"children_system":4.05}},"average_relative_cpu_utilization":0.2200038966,"absolute_cpu_utilization":0.9985819368,"relative_mem_usage":0.2343847725,"absolute_mem_usage":3777593344.0,"absolute_mem_percent_usage":0.0279616154,"mem_info_per_process":{"12212":{"rss":3654115328,"vms":11946782720,"shared":566300672,"text":2322432,"lib":0,"data":10218979328,"dirty":0,"uss":136998912,"pss":1834780672,"swap":0},"12292":{"rss":3268128768,"vms":11946782720,"shared":180289536,"text":2322432,"lib":0,"data":10218979328,"dirty":0,"uss":118157312,"pss":1687656448,"swap":0}},"nvidia_draw_absolute":88.15,"nvidia_estimated_attributable_power_draw":88.15,"average_gpu_estimated_utilization_absolute":0.7,"per_gpu_average_estimated_utilization_absolute":{"(0, 12212)":{"sm":70.0,"mem":20.5,"enc":0.0,"dec":0.0}},"average_gpu_estimated_utilization_relative":1.0,"per_gpu_performance_state":{"0":"P2"},"per_gpu_power_draw":{"0":88.15},"cpu_count_adjusted_average_load":[0.1428125,0.1471875,0.15],"realtime_carbon_intensity":336.7645075741,"disk_write_speed":26.6485104815,"process_ids":[12212,12292]}
{"timestamp":1572416392.1123590469,"rapl_power_draw_absolute":78.3197059884,"rapl_estimated_attributable_power_draw":17.4507603028,"cpu_time_seconds":{"12212":{"user":138.05,"system":2.87,"children_user":1.11,"children_system":0.32},"12292":{"user":2.23,"system":5.05,"children_user":0.18,"children_system":4.33}},"average_relative_cpu_utilization":0.2215922059,"absolute_cpu_utilization":1.0035932301,"relative_mem_usage":0.2343927427,"absolute_mem_usage":3777605632.0,"absolute_mem_percent_usage":0.0279617063,"mem_info_per_process":{"12212":{"rss":3654115328,"vms":11946782720,"shared":566300672,"text":2322432,"lib":0,"data":10218979328,"dirty":0,"uss":137003008,"pss":1834782720,"swap":0},"12292":{"rss":3268128768,"vms":11946782720,"shared":180289536,"text":2322432,"lib":0,"data":10218979328,"dirty":0,"uss":118161408,"pss":1687658496,"swap":0}},"nvidia_draw_absolute":86.41,"nvidia_estimated_attributable_power_draw":86.41,"average_gpu_estimated_utilization_absolute":0.7,"per_gpu_average_estimated_utilization_absolute":{"(0, 12212)":{"sm":70.0,"mem":20.5,"enc":0.0,"dec":0.0}},"average_gpu_estimated_utilization_relative":1.0,"per_gpu_performance_state":{"0":"P2"},"per_gpu_power_draw":{"0":86.41},"cpu_count_adjusted_average_load":[0.14375,0.1471875,0.15],"realtime_carbon_intensity":336.7645075741,"disk_write_speed":27.5779058354,"process_ids":[12212,12292]}
{"timestamp":1572416400.3792009354,"rapl_power_draw_absolute":78.5066546023,"rapl_estimated_attributable_power_draw":17.0252066141,"cpu_time_seconds":{"12212":{"user":146.31,"system":2.88,"children_user":1.11,"children_system":0.32},"12292":{"user":2.41,"system":5.37,"children_user":0.18,"children_system":4.62}},"average_relative_cpu_utilization":0.2150351972,"absolute_cpu_utilization":0.9985876761,"relative_mem_usage":0.2342753089,"absolute_mem_usage":3777615872.0,"absolute_mem_percent_usage":0.0279617821,"mem_info_per_process":{"12212":{"rss":3654115328,"vms":11946782720,"shared":566300672,"text":2322432,"lib":0,"data":10218979328,"dirty":0,"uss":137007104,"pss":1834783744,"swap":0},"12292":{"rss":3268128768,"vms":11946782720,"shared":180289536,"text":2322432,"lib":0,"data":10218979328,"dirty":0,"uss":118165504,"pss":1687659520,"swap":0}},"nvidia_draw_absolute":88.62,"nvidia_estimated_attributable_power_draw":88.62,"average_gpu_estimated_utilization_absolute":0.695,"per_gpu_average_estimated_utilization_absolute":{"(0, 12212)":{"sm":69.5,"mem":20.0,"enc":0.0,"dec":0.0}},"average_gpu_estimated_utilization_relative":1.0,"per_gpu_performance_state":{"0":"P2"},"per_gpu_power_draw":{"0":88.62},"cpu_count_adjusted_average_load":[0.1409375,0.1465625,0.1496875],"realtime_carbon_intensity":336.7645075741,"disk_write_speed":23.5020438124,"process_ids":[12212,12292]}
{"timestamp":1572416408.6425390244,"rapl_power_draw_absolute":77.6194442616,"rapl_estimated_attributable_power_draw":17.356829774,"cpu_time_seconds":{"12212":{"user":154.57,"system":2.89,"children_user":1.11,"children_system":0.32},"12292":{"user":2.55,"system":5.73,"children_user":0.2,"children_system":4.9}},"average_relative_cpu_utilization":0.2224577507,"absolute_cpu_utilization":1.0086808528,"relative_mem_usage":0.2342881486,"absolute_mem_usage":3777642496.0,"absolute_mem_percent_usage":0.0279619792,"mem_info_per_process":{"12212":{"rss":3654115328,"vms":11946782720,"shared":566300672,"text":2322432,"lib":0,"data":10218979328,"dirty":0,"uss":137015296,"pss":1834788864,"swap":0},"12292":{"rss":3268128768,"vms":11946782720,"shared":180289536,"text":2322432,"lib":0,"data":10218979328,"dirty":0,"uss":118173696,"pss":1687664640,"swap":0}},"nvidia_draw_absolute":87.93,"nvidia_estimated_attributable_power_draw":87.93,"average_gpu_estimated_utilization_absolute":0.7,"per_gpu_average_estimated_utilization_absolute":{"(0, 12212)":{"sm":70.0,"mem":20.5,"enc":0.0,"dec":0.0}},"average_gpu_estimated_utilization_relative":1.0,"per_gpu_performance_state":{"0":"P2"},"per_gpu_power_draw":{"0":87.93},"cpu_count_adjusted_average_load":[0.1503125,0.1484375,0.1503125],"realtime_carbon_intensity":336.7645075741,"disk_write_speed":22.8346152904,"process_ids":[12212,12292]}
{"timestamp":1572416416.8946199417,"rapl_power_draw_absolute":78.0267347979,"rapl_estimated_attributable_power_draw":17.4646656812,"cpu_time_seconds":{"12212":{"user":162.82,"system":2.89,"children_user":1.11,"children_system":0.32},"12292":{"user":2.68,"system":6.05,"children_user":0.2,"children_system":5.18}},"average_relative_cpu_utilization":0.2227022293,"absolute_cpu_utilization":0.9986117967,"relative_mem_usage":0.2342943824,"absolute_mem_usage":3777653760.0,"absolute_mem_percent_usage":0.0279620626,"mem_info_per_process":{"12212":{"rss":3654115328,"vms":11946782720,"shared":566300672,"text":2322432,"lib":0,"data":10218979328,"dirty":0,"uss":137019392,"pss":1834790912,"swap":0},"12292":{"rss":3268128768,"vms":11946782720,"shared":180289536,"text":2322432,"lib":0,"data":10218979328,"dirty":0,"uss":118177792,"pss":1687665664,"swap":0}},"nvidia_draw_absolute":88.73,"nvidia_estimated_attributable_power_draw":88.73,"average_gpu_estimated_utilization_absolute":0.7,"per_gpu_average_estimated_utilization_absolute":{"(0, 12212)":{"sm":70.0,"mem":20.5,"enc":0.0,"dec":0.0}},"average_gpu_estimated_utilization_relative":1.0,"per_gpu_performance_state":{"0":"P2"},"per_gpu_power_draw":{"0":88.73},"cpu_count_adjusted_average_load":[0.1484375,0.148125,0.1503125],"realtime_carbon_intensity":336.7645075741,"disk_write_speed":25.5639810382,"process_ids":[12212,12292]}
{"timestamp":1572416425.2011380196,"rapl_power_draw_absolute":75.3765103385,"rapl_estimated_attributable_power_draw":16.807183852,"cpu_time_seconds":{"12212":{"user":171.12,"system":2.9,"children_user":1.11,"children_system":0.32},"12292":{"user":2.85,"system":6.39,"children_user":0.22,"children_system":5.47}},"average_relative_cpu_utilization":0.2217176526,"absolute_cpu_utilization":0.9985943683,"relative_mem_usage":0.2342722432,"absolute_mem_usage":3777653760.0,"absolute_mem_percent_usage":0.0279620626,"mem_info_per_process":{"12212":{"rss":3654115328,"vms":11946782720,"shared":566300672,"text":2322432,"lib":0,"data":10218979328,"dirty":0,"uss":137019392,"pss":1834790912,"swap":0},"12292":{"rss":3268128768,"vms":11946782720,"shared":180289536,"text":2322432,"lib":0,"data":10218979328,"dirty":0,"uss":118177792,"pss":1687665664,"swap":0}},"nvidia_draw_absolute":89.37,"nvidia_estimated_attributable_power_draw":89.37,"average_gpu_estimated_utilization_absolute":0.705,"per_gpu_average_estimated_utilization_absolute":{"(0, 12212)":{"sm":70.5,"mem":20.5,"enc":0.0,"dec":0.0}},"average_gpu_estimated_utilization_relative":1.0,"per_gpu_performance_state":{"0":"P2"},"per_gpu_power_draw":{"0":89.37},"cpu_count_adjusted_average_load":[0.1446875,0.1471875,0.15],"realtime_carbon_intensity":336.7645075741,"disk_write_speed":28.9760992345,"process_ids":[12212,12292]}
{"timestamp":1572416433.5673398972,"rapl_power_draw_absolute":77.1580080397,"rapl_estimated_attributable_power_draw":17.2856893336,"cpu_time_seconds":{"12212":{"user":179.48,"system":2.91,"children_user":1.11,"children_system":0.32},"12292":{"user":3.0,"system":6.74,"children_user":0.23,"children_system":5.77}},"average_relative_cpu_utilization":0.2229490221,"absolute_cpu_utilization":0.9986085424,"relative_mem_usage":0.2343297176,"absolute_mem_usage":3777555456.0,"absolute_mem_percent_usage":0.0279613349,"mem_info_per_process":{"12212":{"rss":3654115328,"vms":11946782720,"shared":566300672,"text":2322432,"lib":0,"data":10218979328,"dirty":0,"uss":137023488,"pss":1834681344,"swap":0},"12292":{"rss":3268128768,"vms":11946782720,"shared":180289536,"text":2322432,"lib":0,"data":10218979328,"dirty":0,"uss":118181888,"pss":1687668736,"swap":0}},"nvidia_draw_absolute":90.84,"nvidia_estimated_attributable_power_draw":90.84,"average_gpu_estimated_utilization_absolute":0.705,"per_gpu_average_estimated_utilization_absolute":{"(0, 12212)":{"sm":70.5,"mem":20.5,"enc":0.0,"dec":0.0}},"average_gpu_estimated_utilization_relative":1.0,"per_gpu_performance_state":{"0":"P2"},"per_gpu_power_draw":{"0":90.84},"cpu_count_adjusted_average_load":[0.15375,0.1490625,0.150625],"realtime_carbon_intensity":336.7645075741,"disk_write_speed":17.3648342741,"process_ids":[12212,12292]}
{"timestamp":1572416441.8730490208,"rapl_power_draw_absolute":77.32733156,"rapl_estimated_attributable_power_draw":17.5261542077,"cpu_time_seconds":{"12212":{"user":187.79,"system":2.92,"children_user":1.11,"children_system":0.32},"12292":{"user":3.15,"system":7.08,"children_user":0.25,"children_system":6.05}},"average_relative_cpu_utilization":0.2258236653,"absolute_cpu_utilization":1.0035861642,"relative_mem_usage":0.2342793652,"absolute_mem_usage":3777679360.0,"absolute_mem_percent_usage":0.0279622521,"mem_info_per_process":{"12212":{"rss":3654115328,"vms":11946782720,"shared":566300672,"text":2322432,"lib":0,"data":10218979328,"dirty":0,"uss":137027584,"pss":1834795008,"swap":0},"12292":{"rss":3268128768,"vms":11946782720,"shared":180289536,"text":2322432,"lib":0,"data":10218979328,"dirty":0,"uss":118185984,"pss":1687670784,"swap":0}},"nvidia_draw_absolute":87.67,"nvidia_estimated_attributable_power_draw":87.67,"average_gpu_estimated_utilization_absolute":0.7,"per_gpu_average_estimated_utilization_absolute":{"(0, 12212)":{"sm":70.0,"mem":20.5,"enc":0.0,"dec":0.0}},"average_gpu_estimated_utilization_relative":1.0,"per_gpu_performance_state":{"0":"P2"},"per_gpu_power_draw":{"0":87.67},"cpu_count_adjusted_average_load":[0.1565625,0.1496875,0.150625],"realtime_carbon_intensity":336.7645075741,"disk_write_speed":18.5701318418,"process_ids":[12212,12292]}
{"timestamp":1572416450.2468509674,"rapl_power_draw_absolute":76.9688947077,"rapl_estimated_attributable_power_draw":17.5096976206,"cpu_time_seconds":{"12212":{"user":196.16,"system":2.92,"children_user":1.11,"children_system":0.32},"12292":{"user":3.3,"system":7.42,"children_user":0.27,"children_system":6.33}},"average_relative_cpu_utilization":0.2267385577,"absolute_cpu_utilization":0.9986046734,"relative_mem_usage":0.2343403093,"absolute_mem_usage":3777691648.0,"absolute_mem_percent_usage":0.027962343,"mem_info_per_process":{"12212":{"rss":3654115328,"vms":11946782720,"shared":566300672,"text":2322432,"lib":0,"data":10218979328,"dirty":0,"uss":137031680,"pss":1834797056,"swap":0},"12292":{"rss":3268128768,"vms":11946782720,"shared":180289536,"text":2322432,"lib":0,"data":10218979328,"dirty":0,"uss":118190080,"pss":1687672832,"swap":0}},"nvidia_draw_absolute":87.48,"nvidia_estimated_attributable_power_draw":87.48,"average_gpu_estimated_utilization_absolute":0.7,"per_gpu_average_estimated_utilization_absolute":{"(0, 12212)":{"sm":70.0,"mem":20.5,"enc":0.0,"dec":0.0}},"average_gpu_estimated_utilization_relative":1.0,"per_gpu_performance_state":{"0":"P2"},"per_gpu_power_draw":{"0":87.48},"cpu_count_adjusted_average_load":[0.1540625,0.149375,0.150625],"realtime_carbon_intensity":336.7645075741,"disk_write_speed":16.1042020704,"process_ids":[12212,12292]}
{"timestamp":1572416458.6192140579,"rapl_power_draw_absolute":77.6511530394,"rapl_estimated_attributable_power_draw":17.8157280105,"cpu_time_seconds":{"12212":{"user":204.53,"system":2.93,"children_user":1.11,"children_system":0.32},"12292":{"user":3.42,"system":7.73,"children_user":0.3,"children_system":6.62}},"average_relative_cpu_utilization":0.2289114035,"absolute_cpu_utilization":1.0035997613,"relative_mem_usage":0.2343656058,"absolute_mem_usage":3777703936.0,"absolute_mem_percent_usage":0.027962434,"mem_info_per_process":{"12212":{"rss":3654115328,"vms":11946782720,"shared":566300672,"text":2322432,"lib":0,"data":10218979328,"dirty":0,"uss":137035776,"pss":1834799104,"swap":0},"12292":{"rss":3268128768,"vms":11946782720,"shared":180289536,"text":2322432,"lib":0,"data":10218979328,"dirty":0,"uss":118194176,"pss":1687674880,"swap":0}},"nvidia_draw_absolute":89.21,"nvidia_estimated_attributable_power_draw":89.21,"average_gpu_estimated_utilization_absolute":0.705,"per_gpu_average_estimated_utilization_absolute":{"(0, 12212)":{"sm":70.5,"mem":20.5,"enc":0.0,"dec":0.0}},"average_gpu_estimated_utilization_relative":1.0,"per_gpu_performance_state":{"0":"P2"},"per_gpu_power_draw":{"0":89.21},"cpu_count_adjusted_average_load":[0.156875,0.1503125,0.1509375],"realtime_carbon_intensity":336.7645075741,"disk_write_speed":15.2821528032,"process_ids":[12212,12292]}
{"timestamp":1572416466.9643919468,"rapl_power_draw_absolute":76.3675756289,"rapl_estimated_attributable_power_draw":17.2422676786,"cpu_time_seconds":{"12212":{"user":212.86,"system":2.94,"children_user":1.11,"children_system":0.32},"12292":{"user":3.56,"system":8.06,"children_user":0.31,"children_system":6.89}},"average_relative_cpu_utilization":0.2248447846,"absolute_cpu_utilization":0.9942403344,"relative_mem_usage":0.234402214,"absolute_mem_usage":3777728512.0,"absolute_mem_percent_usage":0.0279626159,"mem_info_per_process":{"12212":{"rss":3654115328,"vms":11946782720,"shared":566300672,"text":2322432,"lib":0,"data":10218979328,"dirty":0,"uss":137043968,"pss":1834803200,"swap":0},"12292":{"rss":3268128768,"vms":11946782720,"shared":180289536,"text":2322432,"lib":0,"data":10218979328,"dirty":0,"uss":118202368,"pss":1687678976,"swap":0}},"nvidia_draw_absolute":88.54,"nvidia_estimated_attributable_power_draw":88.54,"average_gpu_estimated_utilization_absolute":0.7,"per_gpu_average_estimated_utilization_absolute":{"(0, 12212)":{"sm":70.0,"mem":20.5,"enc":0.0,"dec":0.0}},"average_gpu_estimated_utilization_relative":1.0,"per_gpu_performance_state":{"0":"P2"},"per_gpu_power_draw":{"0":88.54},"cpu_count_adjusted_average_load":[0.156875,0.1503125,0.1509375],"realtime_carbon_intensity":336.7645075741,"disk_write_speed":27.9217077207,"process_ids":[12212,12292]}
{"timestamp":1572416475.2241809368,"rapl_power_draw_absolute":77.3745970293,"rapl_estimated_attributable_power_draw":17.7338770214,"cpu_time_seconds":{"12212":{"user":221.12,"system":2.95,"children_user":1.11,"children_system":0.32},"12292":{"user":3.74,"system":8.35,"children_user":0.32,"children_system":7.18}},"average_relative_cpu_utilization":0.2286509941,"absolute_cpu_utilization":1.0036268542,"relative_mem_usage":0.2343574193,"absolute_mem_usage":3777727488.0,"absolute_mem_percent_usage":0.0279626083,"mem_info_per_process":{"12212":{"rss":3654115328,"vms":11946782720,"shared":566300672,"text":2322432,"lib":0,"data":10218979328,"dirty":0,"uss":137043968,"pss":1834803200,"swap":0},"12292":{"rss":3268128768,"vms":11946782720,"shared":180289536,"text":2322432,"lib":0,"data":10218979328,"dirty":0,"uss":118202368,"pss":1687677952,"swap":0}},"nvidia_draw_absolute":89.11,"nvidia_estimated_attributable_power_draw":89.11,"average_gpu_estimated_utilization_absolute":0.7033333333,"per_gpu_average_estimated_utilization_absolute":{"(0, 12212)":{"sm":70.3333333333,"mem":20.6666666667,"enc":0.0,"dec":0.0}},"average_gpu_estimated_utilization_relative":1.0,"per_gpu_performance_state":{"0":"P2"},"per_gpu_power_draw":{"0":89.11},"cpu_count_adjusted_average_load":[0.151875,0.149375,0.150625],"realtime_carbon_intensity":336.7645075741,"disk_write_speed":27.2336055291,"process_ids":[12212,12292]}
{"timestamp":1572416483.4646100998,"rapl_power_draw_absolute":77.7828599635,"rapl_estimated_attributable_power_draw":17.766553411,"cpu_time_seconds":{"12212":{"user":229.36,"system":2.96,"children_user":1.11,"children_system":0.32},"12292":{"user":3.87,"system":8.68,"children_user":0.34,"children_system":7.47}},"average_relative_cpu_utilization":0.2277718275,"absolute_cpu_utilization":0.9986113602,"relative_mem_usage":0.2344066105,"absolute_mem_usage":3777740800.0,"absolute_mem_percent_usage":0.0279627069,"mem_info_per_process":{"12212":{"rss":3654115328,"vms":11946782720,"shared":566300672,"text":2322432,"lib":0,"data":10218979328,"dirty":0,"uss":137048064,"pss":1834805248,"swap":0},"12292":{"rss":3268128768,"vms":11946782720,"shared":180289536,"text":2322432,"lib":0,"data":10218979328,"dirty":0,"uss":118206464,"pss":1687681024,"swap":0}},"nvidia_draw_absolute":88.6,"nvidia_estimated_attributable_power_draw":88.6,"average_gpu_estimated_utilization_absolute":0.7,"per_gpu_average_estimated_utilization_absolute":{"(0, 12212)":{"sm":70.0,"mem":20.5,"enc":0.0,"dec":0.0}},"average_gpu_estimated_utilization_relative":1.0,"per_gpu_performance_state":{"0":"P2"},"per_gpu_power_draw":{"0":88.6},"cpu_count_adjusted_average_load":[0.15,0.1490625,0.150625],"realtime_carbon_intensity":336.7645075741,"disk_write_speed":21.5169385302,"process_ids":[12212,12292]}
{"timestamp":1572416491.8144049644,"rapl_power_draw_absolute":77.6537660304,"rapl_estimated_attributable_power_draw":17.9463573054,"cpu_time_seconds":{"12212":{"user":237.7,"system":2.97,"children_user":1.11,"children_system":0.32},"12292":{"user":4.02,"system":9.0,"children_user":0.36,"children_system":7.74}},"average_relative_cpu_utilization":0.2307529774,"absolute_cpu_utilization":1.0036297235,"relative_mem_usage":0.2343911099,"absolute_mem_usage":3777753088.0,"absolute_mem_percent_usage":0.0279627978,"mem_info_per_process":{"12212":{"rss":3654115328,"vms":11946782720,"shared":566300672,"text":2322432,"lib":0,"data":10218979328,"dirty":0,"uss":137052160,"pss":1834807296,"swap":0},"12292":{"rss":3268128768,"vms":11946782720,"shared":180289536,"text":2322432,"lib":0,"data":10218979328,"dirty":0,"uss":118210560,"pss":1687683072,"swap":0}},"nvidia_draw_absolute":89.59,"nvidia_estimated_attributable_power_draw":89.59,"average_gpu_estimated_utilization_absolute":0.7,"per_gpu_average_estimated_utilization_absolute":{"(0, 12212)":{"sm":70.0,"mem":20.5,"enc":0.0,"dec":0.0}},"average_gpu_estimated_utilization_relative":1.0,"per_gpu_performance_state":{"0":"P2"},"per_gpu_power_draw":{"0":89.59},"cpu_count_adjusted_average_load":[0.150625,0.149375,0.150625],"realtime_carbon_intensity":336.7645075741,"disk_write_speed":20.8580521961,"process_ids":[12212,12292]}
{"timestamp":1572416500.1139960289,"rapl_power_draw_absolute":77.0819888479,"rapl_estimated_attributable_power_draw":17.5711465967,"cpu_time_seconds":{"12212":{"user":245.99,"system":2.98,"children_user":1.11,"children_system":0.32},"12292":{"user":4.18,"system":9.34,"children_user":0.38,"children_system":8.02}},"average_relative_cpu_utilization":0.2272552142,"absolute_cpu_utilization":0.9986231999,"relative_mem_usage":0.2344106376,"absolute_mem_usage":3777765376.0,"absolute_mem_percent_usage":0.0279628888,"mem_info_per_process":{"12212":{"rss":3654115328,"vms":11946782720,"shared":566300672,"text":2322432,"lib":0,"data":10218979328,"dirty":0,"uss":137056256,"pss":1834809344,"swap":0},"12292":{"rss":3268128768,"vms":11946782720,"shared":180289536,"text":2322432,"lib":0,"data":10218979328,"dirty":0,"uss":118214656,"pss":1687685120,"swap":0}},"nvidia_draw_absolute":87.66,"nvidia_estimated_attributable_power_draw":87.66,"average_gpu_estimated_utilization_absolute":0.7,"per_gpu_average_estimated_utilization_absolute":{"(0, 12212)":{"sm":70.0,"mem":20.5,"enc":0.0,"dec":0.0}},"average_gpu_estimated_utilization_relative":1.0,"per_gpu_performance_state":{"0":"P2"},"per_gpu_power_draw":{"0":87.66},"cpu_count_adjusted_average_load":[0.15125,0.149375,0.150625],"realtime_carbon_intensity":336.7645075741,"disk_write_speed":22.953627536,"process_ids":[12212,12292]}
{"timestamp":1572416508.4421520233,"rapl_power_draw_absolute":77.4962345672,"rapl_estimated_attributable_power_draw":17.2951116476,"cpu_time_seconds":{"12212":{"user":254.32,"system":2.98,"children_user":1.11,"children_system":0.32},"12292":{"user":4.35,"system":9.67,"children_user":0.38,"children_system":8.31}},"average_relative_cpu_utilization":0.221967045,"absolute_cpu_utilization":0.9987033472,"relative_mem_usage":0.2343668447,"absolute_mem_usage":3777777664.0,"absolute_mem_percent_usage":0.0279629797,"mem_info_per_process":{"12212":{"rss":3654115328,"vms":11946782720,"shared":566300672,"text":2322432,"lib":0,"data":10218979328,"dirty":0,"uss":137060352,"pss":1834811392,"swap":0},"12292":{"rss":3268128768,"vms":11946782720,"shared":180289536,"text":2322432,"lib":0,"data":10218979328,"dirty":0,"uss":118218752,"pss":1687687168,"swap":0}},"nvidia_draw_absolute":89.21,"nvidia_estimated_attributable_power_draw":89.21,"average_gpu_estimated_utilization_absolute":0.705,"per_gpu_average_estimated_utilization_absolute":{"(0, 12212)":{"sm":70.5,"mem":20.5,"enc":0.0,"dec":0.0}},"average_gpu_estimated_utilization_relative":1.0,"per_gpu_performance_state":{"0":"P2"},"per_gpu_power_draw":{"0":89.21},"cpu_count_adjusted_average_load":[0.1515625,0.1496875,0.150625],"realtime_carbon_intensity":336.7645075741,"disk_write_speed":23.6579380054,"process_ids":[12212,12292]}
{"timestamp":1572416516.6897070408,"rapl_power_draw_absolute":77.3135638767,"rapl_estimated_attributable_power_draw":17.2784811902,"cpu_time_seconds":{"12212":{"user":262.57,"system":2.99,"children_user":1.11,"children_system":0.32},"12292":{"user":4.52,"system":9.96,"children_user":0.39,"children_system":8.62}},"average_relative_cpu_utilization":0.2223272098,"absolute_cpu_utilization":1.0036008963,"relative_mem_usage":0.2343811863,"absolute_mem_usage":3777789952.0,"absolute_mem_percent_usage":0.0279630707,"mem_info_per_process":{"12212":{"rss":3654115328,"vms":11946782720,"shared":566300672,"text":2322432,"lib":0,"data":10218979328,"dirty":0,"uss":137064448,"pss":1834813440,"swap":0},"12292":{"rss":3268128768,"vms":11946782720,"shared":180289536,"text":2322432,"lib":0,"data":10218979328,"dirty":0,"uss":118222848,"pss":1687689216,"swap":0}},"nvidia_draw_absolute":90.36,"nvidia_estimated_attributable_power_draw":90.36,"average_gpu_estimated_utilization_absolute":0.695,"per_gpu_average_estimated_utilization_absolute":{"(0, 12212)":{"sm":69.5,"mem":20.0,"enc":0.0,"dec":0.0}},"average_gpu_estimated_utilization_relative":1.0,"per_gpu_performance_state":{"0":"P2"},"per_gpu_power_draw":{"0":90.36},"cpu_count_adjusted_average_load":[0.1521875,0.1496875,0.150625],"realtime_carbon_intensity":336.7645075741,"disk_write_speed":28.5342590384,"process_ids":[12212,12292]}
{"timestamp":1572416524.9401369095,"rapl_power_draw_absolute":77.8886907807,"rapl_estimated_attributable_power_draw":17.3617568739,"cpu_time_seconds":{"12212":{"user":270.82,"system":2.99,"children_user":1.11,"children_system":0.32},"12292":{"user":4.7,"system":10.25,"children_user":0.39,"children_system":8.91}},"average_relative_cpu_utilization":0.2217113592,"absolute_cpu_utilization":0.998610333,"relative_mem_usage":0.2344086355,"absolute_mem_usage":3777802240.0,"absolute_mem_percent_usage":0.0279631616,"mem_info_per_process":{"12212":{"rss":3654115328,"vms":11946782720,"shared":566300672,"text":2322432,"lib":0,"data":10218979328,"dirty":0,"uss":137068544,"pss":1834815488,"swap":0},"12292":{"rss":3268128768,"vms":11946782720,"shared":180289536,"text":2322432,"lib":0,"data":10218979328,"dirty":0,"uss":118226944,"pss":1687691264,"swap":0}},"nvidia_draw_absolute":88.6,"nvidia_estimated_attributable_power_draw":88.6,"average_gpu_estimated_utilization_absolute":0.7,"per_gpu_average_estimated_utilization_absolute":{"(0, 12212)":{"sm":70,"mem":20,"enc":0,"dec":0}},"average_gpu_estimated_utilization_relative":1.0,"per_gpu_performance_state":{"0":"P2"},"per_gpu_power_draw":{"0":88.6},"cpu_count_adjusted_average_load":[0.1528125,0.15,0.150625],"realtime_carbon_intensity":336.7645075741,"disk_write_speed":21.1557384002,"process_ids":[12212,12292]}
{"timestamp":1572416533.185708046,"rapl_power_draw_absolute":78.1043491569,"rapl_estimated_attributable_power_draw":17.2310265836,"cpu_time_seconds":{"12212":{"user":279.06,"system":3.0,"children_user":1.11,"children_system":0.32},"12292":{"user":4.86,"system":10.54,"children_user":0.4,"children_system":9.21}},"average_relative_cpu_utilization":0.219171174,"absolute_cpu_utilization":1.0035594618,"relative_mem_usage":0.234404215,"absolute_mem_usage":3777814528.0,"absolute_mem_percent_usage":0.0279632526,"mem_info_per_process":{"12212":{"rss":3654115328,"vms":11946782720,"shared":566300672,"text":2322432,"lib":0,"data":10218979328,"dirty":0,"uss":137072640,"pss":1834817536,"swap":0},"12292":{"rss":3268128768,"vms":11946782720,"shared":180289536,"text":2322432,"lib":0,"data":10218979328,"dirty":0,"uss":118231040,"pss":1687693312,"swap":0}},"nvidia_draw_absolute":88.82,"nvidia_estimated_attributable_power_draw":88.82,"average_gpu_estimated_utilization_absolute":0.7,"per_gpu_average_estimated_utilization_absolute":{"(0, 12212)":{"sm":70,"mem":20,"enc":0,"dec":0}},"average_gpu_estimated_utilization_relative":1.0,"per_gpu_performance_state":{"0":"P2"},"per_gpu_power_draw":{"0":88.82},"cpu_count_adjusted_average_load":[0.155625,0.150625,0.1509375],"realtime_carbon_intensity":336.7645075741,"disk_write_speed":37.8700377171,"process_ids":[12212,12292]}
{"timestamp":1572416541.4260840416,"rapl_power_draw_absolute":77.6668841975,"rapl_estimated_attributable_power_draw":17.5402531622,"cpu_time_seconds":{"12212":{"user":287.3,"system":3.0,"children_user":1.11,"children_system":0.32},"12292":{"user":5.02,"system":10.86,"children_user":0.4,"children_system":9.52}},"average_relative_cpu_utilization":0.2249514201,"absolute_cpu_utilization":0.9985813945,"relative_mem_usage":0.2343914397,"absolute_mem_usage":3777715200.0,"absolute_mem_percent_usage":0.0279625174,"mem_info_per_process":{"12212":{"rss":3654115328,"vms":11946782720,"shared":566300672,"text":2322432,"lib":0,"data":10218979328,"dirty":0,"uss":137076736,"pss":1834707968,"swap":0},"12292":{"rss":3268128768,"vms":11946782720,"shared":180289536,"text":2322432,"lib":0,"data":10218979328,"dirty":0,"uss":118235136,"pss":1687695360,"swap":0}},"nvidia_draw_absolute":88.25,"nvidia_estimated_attributable_power_draw":88.25,"average_gpu_estimated_utilization_absolute":0.7066666667,"per_gpu_average_estimated_utilization_absolute":{"(0, 12212)":{"sm":70.6666666667,"mem":20.3333333333,"enc":0.0,"dec":0.0}},"average_gpu_estimated_utilization_relative":1.0,"per_gpu_performance_state":{"0":"P2"},"per_gpu_power_draw":{"0":88.25},"cpu_count_adjusted_average_load":[0.153125,0.1503125,0.1509375],"realtime_carbon_intensity":336.7645075741,"disk_write_speed":17.7734787276,"process_ids":[12212,12292]}
{"timestamp":1572416549.7036480904,"rapl_power_draw_absolute":77.3751077562,"rapl_estimated_attributable_power_draw":17.441130583,"cpu_time_seconds":{"12212":{"user":295.57,"system":3.01,"children_user":1.11,"children_system":0.32},"12292":{"user":5.15,"system":11.2,"children_user":0.41,"children_system":9.8}},"average_relative_cpu_utilization":0.2244500002,"absolute_cpu_utilization":0.9986144566,"relative_mem_usage":0.2344336831,"absolute_mem_usage":3777839104.0,"absolute_mem_percent_usage":0.0279634345,"mem_info_per_process":{"12212":{"rss":3654115328,"vms":11946782720,"shared":566300672,"text":2322432,"lib":0,"data":10218979328,"dirty":0,"uss":137080832,"pss":1834821632,"swap":0},"12292":{"rss":3268128768,"vms":11946782720,"shared":180289536,"text":2322432,"lib":0,"data":10218979328,"dirty":0,"uss":118239232,"pss":1687697408,"swap":0}},"nvidia_draw_absolute":88.84,"nvidia_estimated_attributable_power_draw":88.84,"average_gpu_estimated_utilization_absolute":0.705,"per_gpu_average_estimated_utilization_absolute":{"(0, 12212)":{"sm":70.5,"mem":20.5,"enc":0.0,"dec":0.0}},"average_gpu_estimated_utilization_relative":1.0,"per_gpu_performance_state":{"0":"P2"},"per_gpu_power_draw":{"0":88.84},"cpu_count_adjusted_average_load":[0.14875,0.149375,0.150625],"realtime_carbon_intensity":336.2887618705,"disk_write_speed":17.7846210066,"process_ids":[12212,12292]}
{"timestamp":1572416558.1292700768,"rapl_power_draw_absolute":77.3179478998,"rapl_estimated_attributable_power_draw":17.4711673419,"cpu_time_seconds":{"12212":{"user":303.99,"system":3.02,"children_user":1.11,"children_system":0.32},"12292":{"user":5.28,"system":11.55,"children_user":0.42,"children_system":10.08}},"average_relative_cpu_utilization":0.2250683438,"absolute_cpu_utilization":1.0035774523,"relative_mem_usage":0.2343930394,"absolute_mem_usage":3777851392.0,"absolute_mem_percent_usage":0.0279635254,"mem_info_per_process":{"12212":{"rss":3654115328,"vms":11946782720,"shared":566300672,"text":2322432,"lib":0,"data":10218979328,"dirty":0,"uss":137084928,"pss":1834823680,"swap":0},"12292":{"rss":3268128768,"vms":11946782720,"shared":180289536,"text":2322432,"lib":0,"data":10218979328,"dirty":0,"uss":118243328,"pss":1687699456,"swap":0}},"nvidia_draw_absolute":89.4,"nvidia_estimated_attributable_power_draw":89.4,"average_gpu_estimated_utilization_absolute":0.7033333333,"per_gpu_average_estimated_utilization_absolute":{"(0, 12212)":{"sm":70.3333333333,"mem":20.6666666667,"enc":0.0,"dec":0.0}},"average_gpu_estimated_utilization_relative":1.0,"per_gpu_performance_state":{"0":"P2"},"per_gpu_power_draw":{"0":89.4},"cpu_count_adjusted_average_load":[0.149375,0.1496875,0.150625],"realtime_carbon_intensity":336.2887618705,"disk_write_speed":23.1194413299,"process_ids":[12212,12292]}
{"timestamp":1572416566.4197649956,"rapl_power_draw_absolute":77.885509864,"rapl_estimated_attributable_power_draw":17.5807932032,"cpu_time_seconds":{"12212":{"user":312.28,"system":3.03,"children_user":1.11,"children_system":0.32},"12292":{"user":5.44,"system":11.89,"children_user":0.44,"children_system":10.36}},"average_relative_cpu_utilization":0.224812087,"absolute_cpu_utilization":1.0035857886,"relative_mem_usage":0.2344054775,"absolute_mem_usage":3777863680.0,"absolute_mem_percent_usage":0.0279636164,"mem_info_per_process":{"12212":{"rss":3654115328,"vms":11946782720,"shared":566300672,"text":2322432,"lib":0,"data":10218979328,"dirty":0,"uss":137089024,"pss":1834825728,"swap":0},"12292":{"rss":3268128768,"vms":11946782720,"shared":180289536,"text":2322432,"lib":0,"data":10218979328,"dirty":0,"uss":118247424,"pss":1687701504,"swap":0}},"nvidia_draw_absolute":89.4,"nvidia_estimated_attributable_power_draw":89.4,"average_gpu_estimated_utilization_absolute":0.7,"per_gpu_average_estimated_utilization_absolute":{"(0, 12212)":{"sm":70,"mem":20,"enc":0,"dec":0}},"average_gpu_estimated_utilization_relative":1.0,"per_gpu_performance_state":{"0":"P2"},"per_gpu_power_draw":{"0":89.4},"cpu_count_adjusted_average_load":[0.1503125,0.1496875,0.150625],"realtime_carbon_intensity":336.2887618705,"disk_write_speed":33.5520004668,"process_ids":[12212,12292]}
{"timestamp":1572416574.6469700336,"rapl_power_draw_absolute":77.7024234081,"rapl_estimated_attributable_power_draw":17.6033827095,"cpu_time_seconds":{"12212":{"user":320.5,"system":3.04,"children_user":1.11,"children_system":0.32},"12292":{"user":5.61,"system":12.21,"children_user":0.46,"children_system":10.64}},"average_relative_cpu_utilization":0.2257159489,"absolute_cpu_utilization":0.9986088731,"relative_mem_usage":0.2343803285,"absolute_mem_usage":3777875968.0,"absolute_mem_percent_usage":0.0279637074,"mem_info_per_process":{"12212":{"rss":3654115328,"vms":11946782720,"shared":566300672,"text":2322432,"lib":0,"data":10218979328,"dirty":0,"uss":137093120,"pss":1834827776,"swap":0},"12292":{"rss":3268128768,"vms":11946782720,"shared":180289536,"text":2322432,"lib":0,"data":10218979328,"dirty":0,"uss":118251520,"pss":1687703552,"swap":0}},"nvidia_draw_absolute":89.11,"nvidia_estimated_attributable_power_draw":89.11,"average_gpu_estimated_utilization_absolute":0.7,"per_gpu_average_estimated_utilization_absolute":{"(0, 12212)":{"sm":70.0,"mem":20.5,"enc":0.0,"dec":0.0}},"average_gpu_estimated_utilization_relative":1.0,"per_gpu_performance_state":{"0":"P2"},"per_gpu_power_draw":{"0":89.11},"cpu_count_adjusted_average_load":[0.14625,0.1490625,0.1503125],"realtime_carbon_intensity":336.2887618705,"disk_write_speed":22.4988640387,"process_ids":[12212,12292]}
{"timestamp":1572416582.9784910679,"rapl_power_draw_absolute":77.8024898239,"rapl_estimated_attributable_power_draw":17.4297857412,"cpu_time_seconds":{"12212":{"user":328.82,"system":3.05,"children_user":1.11,"children_system":0.32},"12292":{"user":5.79,"system":12.52,"children_user":0.48,"children_system":10.92}},"average_relative_cpu_utilization":0.2229514821,"absolute_cpu_utilization":0.9986269057,"relative_mem_usage":0.2343706087,"absolute_mem_usage":3777888256.0,"absolute_mem_percent_usage":0.0279637983,"mem_info_per_process":{"12212":{"rss":3654115328,"vms":11946782720,"shared":566300672,"text":2322432,"lib":0,"data":10218979328,"dirty":0,"uss":137097216,"pss":1834829824,"swap":0},"12292":{"rss":3268128768,"vms":11946782720,"shared":180289536,"text":2322432,"lib":0,"data":10218979328,"dirty":0,"uss":118255616,"pss":1687705600,"swap":0}},"nvidia_draw_absolute":89.59,"nvidia_estimated_attributable_power_draw":89.59,"average_gpu_estimated_utilization_absolute":0.7033333333,"per_gpu_average_estimated_utilization_absolute":{"(0, 12212)":{"sm":70.3333333333,"mem":20.6666666667,"enc":0.0,"dec":0.0}},"average_gpu_estimated_utilization_relative":1.0,"per_gpu_performance_state":{"0":"P2"},"per_gpu_power_draw":{"0":89.59},"cpu_count_adjusted_average_load":[0.1496875,0.1496875,0.150625],"realtime_carbon_intensity":336.2887618705,"disk_write_speed":13.7406243814,"process_ids":[12212,12292]}
{"timestamp":1572416591.2608370781,"rapl_power_draw_absolute":77.6424965173,"rapl_estimated_attributable_power_draw":17.5185702564,"cpu_time_seconds":{"12212":{"user":337.11,"system":3.05,"children_user":1.11,"children_system":0.32},"12292":{"user":5.92,"system":12.84,"children_user":0.48,"children_system":11.23}},"average_relative_cpu_utilization":0.2247014443,"absolute_cpu_utilization":0.9986207424,"relative_mem_usage":0.2343700013,"absolute_mem_usage":3777900544.0,"absolute_mem_percent_usage":0.0279638893,"mem_info_per_process":{"12212":{"rss":3654115328,"vms":11946782720,"shared":566300672,"text":2322432,"lib":0,"data":10218979328,"dirty":0,"uss":137101312,"pss":1834831872,"swap":0},"12292":{"rss":3268128768,"vms":11946782720,"shared":180289536,"text":2322432,"lib":0,"data":10218979328,"dirty":0,"uss":118259712,"pss":1687707648,"swap":0}},"nvidia_draw_absolute":90.71,"nvidia_estimated_attributable_power_draw":90.71,"average_gpu_estimated_utilization_absolute":0.7,"per_gpu_average_estimated_utilization_absolute":{"(0, 12212)":{"sm":70,"mem":20,"enc":0,"dec":0}},"average_gpu_estimated_utilization_relative":1.0,"per_gpu_performance_state":{"0":"P2"},"per_gpu_power_draw":{"0":90.71},"cpu_count_adjusted_average_load":[0.1459375,0.14875,0.1503125],"realtime_carbon_intensity":336.2887618705,"disk_write_speed":25.5633218564,"process_ids":[12212,12292]}
{"timestamp":1572416599.4955689907,"rapl_power_draw_absolute":77.8767574398,"rapl_estimated_attributable_power_draw":17.7219987571,"cpu_time_seconds":{"12212":{"user":345.35,"system":3.05,"children_user":1.11,"children_system":0.32},"12292":{"user":6.03,"system":13.16,"children_user":0.5,"children_system":11.5}},"average_relative_cpu_utilization":0.2268489177,"absolute_cpu_utilization":1.0036445652,"relative_mem_usage":0.2343691556,"absolute_mem_usage":3777912832.0,"absolute_mem_percent_usage":0.0279639802,"mem_info_per_process":{"12212":{"rss":3654115328,"vms":11946782720,"shared":566300672,"text":2322432,"lib":0,"data":10218979328,"dirty":0,"uss":137105408,"pss":1834833920,"swap":0},"12292":{"rss":3268128768,"vms":11946782720,"shared":180289536,"text":2322432,"lib":0,"data":10218979328,"dirty":0,"uss":118263808,"pss":1687709696,"swap":0}},"nvidia_draw_absolute":91.22,"nvidia_estimated_attributable_power_draw":91.22,"average_gpu_estimated_utilization_absolute":0.705,"per_gpu_average_estimated_utilization_absolute":{"(0, 12212)":{"sm":70.5,"mem":20.0,"enc":0.0,"dec":0.0}},"average_gpu_estimated_utilization_relative":1.0,"per_gpu_performance_state":{"0":"P2"},"per_gpu_power_draw":{"0":91.22},"cpu_count_adjusted_average_load":[0.145,0.1484375,0.1503125],"realtime_carbon_intensity":336.2887618705,"disk_write_speed":30.6955554041,"process_ids":[12212,12292]}
{"timestamp":1572416607.8062009811,"rapl_power_draw_absolute":77.5072331554,"rapl_estimated_attributable_power_draw":17.4882347641,"cpu_time_seconds":{"12212":{"user":353.65,"system":3.06,"children_user":1.11,"children_system":0.32},"12292":{"user":6.22,"system":13.49,"children_user":0.51,"children_system":11.79}},"average_relative_cpu_utilization":0.2246984562,"absolute_cpu_utilization":0.9985765356,"relative_mem_usage":0.2344122684,"absolute_mem_usage":3777925120.0,"absolute_mem_percent_usage":0.0279640712,"mem_info_per_process":{"12212":{"rss":3654115328,"vms":11946782720,"shared":566300672,"text":2322432,"lib":0,"data":10218979328,"dirty":0,"uss":137109504,"pss":1834835968,"swap":0},"12292":{"rss":3268128768,"vms":11946782720,"shared":180289536,"text":2322432,"lib":0,"data":10218979328,"dirty":0,"uss":118267904,"pss":1687711744,"swap":0}},"nvidia_draw_absolute":90.17,"nvidia_estimated_attributable_power_draw":90.17,"average_gpu_estimated_utilization_absolute":0.7,"per_gpu_average_estimated_utilization_absolute":{"(0, 12212)":{"sm":70.0,"mem":20.5,"enc":0.0,"dec":0.0}},"average_gpu_estimated_utilization_relative":1.0,"per_gpu_performance_state":{"0":"P2"},"per_gpu_power_draw":{"0":90.17},"cpu_count_adjusted_average_load":[0.1459375,0.14875,0.1503125],"realtime_carbon_intensity":336.2887618705,"disk_write_speed":21.6384565743,"process_ids":[12212,12292]}
{"timestamp":1572416616.0697159767,"rapl_power_draw_absolute":77.4871409456,"rapl_estimated_attributable_power_draw":17.8275440355,"cpu_time_seconds":{"12212":{"user":361.91,"system":3.06,"children_user":1.11,"children_system":0.32},"12292":{"user":6.38,"system":13.82,"children_user":0.52,"children_system":12.08}},"average_relative_cpu_utilization":0.2296014611,"absolute_cpu_utilization":0.9986000093,"relative_mem_usage":0.2344210739,"absolute_mem_usage":3777937408.0,"absolute_mem_percent_usage":0.0279641621,"mem_info_per_process":{"12212":{"rss":3654115328,"vms":11946782720,"shared":566300672,"text":2322432,"lib":0,"data":10218979328,"dirty":0,"uss":137113600,"pss":1834838016,"swap":0},"12292":{"rss":3268128768,"vms":11946782720,"shared":180289536,"text":2322432,"lib":0,"data":10218979328,"dirty":0,"uss":118272000,"pss":1687713792,"swap":0}},"nvidia_draw_absolute":90.81,"nvidia_estimated_attributable_power_draw":90.81,"average_gpu_estimated_utilization_absolute":0.7033333333,"per_gpu_average_estimated_utilization_absolute":{"(0, 12212)":{"sm":70.3333333333,"mem":20.6666666667,"enc":0.0,"dec":0.0}},"average_gpu_estimated_utilization_relative":1.0,"per_gpu_performance_state":{"0":"P2"},"per_gpu_power_draw":{"0":90.81},"cpu_count_adjusted_average_load":[0.1428125,0.1478125,0.15],"realtime_carbon_intensity":336.2887618705,"disk_write_speed":32.7562282305,"process_ids":[12212,12292]}
{"timestamp":1572416624.2947640419,"rapl_power_draw_absolute":77.7108172492,"rapl_estimated_attributable_power_draw":17.7318600255,"cpu_time_seconds":{"12212":{"user":370.14,"system":3.07,"children_user":1.11,"children_system":0.32},"12292":{"user":6.56,"system":14.14,"children_user":0.55,"children_system":12.34}},"average_relative_cpu_utilization":0.2275149398,"absolute_cpu_utilization":0.9986356622,"relative_mem_usage":0.2343759688,"absolute_mem_usage":3777949696.0,"absolute_mem_percent_usage":0.0279642531,"mem_info_per_process":{"12212":{"rss":3654115328,"vms":11946782720,"shared":566300672,"text":2322432,"lib":0,"data":10218979328,"dirty":0,"uss":137117696,"pss":1834840064,"swap":0},"12292":{"rss":3268128768,"vms":11946782720,"shared":180289536,"text":2322432,"lib":0,"data":10218979328,"dirty":0,"uss":118276096,"pss":1687715840,"swap":0}},"nvidia_draw_absolute":89.37,"nvidia_estimated_attributable_power_draw":89.37,"average_gpu_estimated_utilization_absolute":0.7,"per_gpu_average_estimated_utilization_absolute":{"(0, 12212)":{"sm":70,"mem":20,"enc":0,"dec":0}},"average_gpu_estimated_utilization_relative":1.0,"per_gpu_performance_state":{"0":"P2"},"per_gpu_power_draw":{"0":89.37},"cpu_count_adjusted_average_load":[0.145,0.148125,0.15],"realtime_carbon_intensity":336.2887618705,"disk_write_speed":22.9134960762,"process_ids":[12212,12292]}
{"timestamp":1572416632.5506229401,"rapl_power_draw_absolute":77.5688409446,"rapl_estimated_attributable_power_draw":17.6268205537,"cpu_time_seconds":{"12212":{"user":378.38,"system":3.08,"children_user":1.11,"children_system":0.32},"12292":{"user":6.72,"system":14.44,"children_user":0.55,"children_system":12.63}},"average_relative_cpu_utilization":0.2264847993,"absolute_cpu_utilization":0.9986108661,"relative_mem_usage":0.234247754,"absolute_mem_usage":3777949696.0,"absolute_mem_percent_usage":0.0279642531,"mem_info_per_process":{"12212":{"rss":3654115328,"vms":11946782720,"shared":566300672,"text":2322432,"lib":0,"data":10218979328,"dirty":0,"uss":137117696,"pss":1834840064,"swap":0},"12292":{"rss":3268128768,"vms":11946782720,"shared":180289536,"text":2322432,"lib":0,"data":10218979328,"dirty":0,"uss":118276096,"pss":1687715840,"swap":0}},"nvidia_draw_absolute":99.7,"nvidia_estimated_attributable_power_draw":99.7,"average_gpu_estimated_utilization_absolute":0.716,"per_gpu_average_estimated_utilization_absolute":{"(0, 12212)":{"sm":71.6,"mem":20.4,"enc":0.0,"dec":0.0}},"average_gpu_estimated_utilization_relative":1.0,"per_gpu_performance_state":{"0":"P2"},"per_gpu_power_draw":{"0":99.7},"cpu_count_adjusted_average_load":[0.1459375,0.1484375,0.15],"realtime_carbon_intensity":336.2887618705,"disk_write_speed":25.9718760131,"process_ids":[12212,12292]}
{"timestamp":1572416640.8361880779,"rapl_power_draw_absolute":78.1897503701,"rapl_estimated_attributable_power_draw":17.7107486845,"cpu_time_seconds":{"12212":{"user":386.66,"system":3.09,"children_user":1.11,"children_system":0.32},"12292":{"user":6.9,"system":14.76,"children_user":0.56,"children_system":12.93}},"average_relative_cpu_utilization":0.2257157234,"absolute_cpu_utilization":0.9985952599,"relative_mem_usage":0.2339823607,"absolute_mem_usage":3777858560.0,"absolute_mem_percent_usage":0.0279635785,"mem_info_per_process":{"12212":{"rss":3654115328,"vms":11946782720,"shared":566300672,"text":2322432,"lib":0,"data":10218979328,"dirty":0,"uss":137121792,"pss":1834731520,"swap":0},"12292":{"rss":3268132864,"vms":11946782720,"shared":180289536,"text":2322432,"lib":0,"data":10218979328,"dirty":0,"uss":118284288,"pss":1687720960,"swap":0}},"nvidia_draw_absolute":98.23,"nvidia_estimated_attributable_power_draw":98.23,"average_gpu_estimated_utilization_absolute":0.8433333333,"per_gpu_average_estimated_utilization_absolute":{"(0, 12212)":{"sm":84.3333333333,"mem":24.6666666667,"enc":0.0,"dec":0.0}},"average_gpu_estimated_utilization_relative":1.0,"per_gpu_performance_state":{"0":"P2"},"per_gpu_power_draw":{"0":98.23},"cpu_count_adjusted_average_load":[0.1428125,0.1475,0.1496875],"realtime_carbon_intensity":336.2887618705,"disk_write_speed":23.2224249964,"process_ids":[12212,12292]}
{"timestamp":1572416649.1120779514,"rapl_power_draw_absolute":77.7576618892,"rapl_estimated_attributable_power_draw":18.1504642832,"cpu_time_seconds":{"12212":{"user":394.94,"system":3.09,"children_user":1.11,"children_system":0.32},"12292":{"user":7.08,"system":15.05,"children_user":0.57,"children_system":13.21}},"average_relative_cpu_utilization":0.2333516824,"absolute_cpu_utilization":0.9986178967,"relative_mem_usage":0.2340942489,"absolute_mem_usage":3777965056.0,"absolute_mem_percent_usage":0.0279643668,"mem_info_per_process":{"12212":{"rss":3654115328,"vms":11946782720,"shared":566300672,"text":2322432,"lib":0,"data":10218979328,"dirty":0,"uss":137121792,"pss":1834836992,"swap":0},"12292":{"rss":3268132864,"vms":11946782720,"shared":180289536,"text":2322432,"lib":0,"data":10218979328,"dirty":0,"uss":118284288,"pss":1687721984,"swap":0}},"nvidia_draw_absolute":97.9,"nvidia_estimated_attributable_power_draw":97.9,"average_gpu_estimated_utilization_absolute":0.84,"per_gpu_average_estimated_utilization_absolute":{"(0, 12212)":{"sm":84.0,"mem":24.5,"enc":0.0,"dec":0.0}},"average_gpu_estimated_utilization_relative":1.0,"per_gpu_performance_state":{"0":"P2"},"per_gpu_power_draw":{"0":97.9},"cpu_count_adjusted_average_load":[0.1425,0.1471875,0.1496875],"realtime_carbon_intensity":336.2887618705,"disk_write_speed":19.8301276005,"process_ids":[12212,12292]}
{"timestamp":1572416657.3445310593,"rapl_power_draw_absolute":77.5500303063,"rapl_estimated_attributable_power_draw":18.3944068961,"cpu_time_seconds":{"12212":{"user":403.16,"system":3.1,"children_user":1.11,"children_system":0.32},"12292":{"user":7.21,"system":15.36,"children_user":0.58,"children_system":13.49}},"average_relative_cpu_utilization":0.2375238746,"absolute_cpu_utilization":0.9987626207,"relative_mem_usage":0.2340251591,"absolute_mem_usage":3777871872.0,"absolute_mem_percent_usage":0.027963677,"mem_info_per_process":{"12212":{"rss":3654115328,"vms":11946782720,"shared":566300672,"text":2322432,"lib":0,"data":10218979328,"dirty":0,"uss":137121792,"pss":1834744832,"swap":0},"12292":{"rss":3268132864,"vms":11946782720,"shared":180289536,"text":2322432,"lib":0,"data":10218979328,"dirty":0,"uss":118284288,"pss":1687720960,"swap":0}},"nvidia_draw_absolute":95.87,"nvidia_estimated_attributable_power_draw":95.87,"average_gpu_estimated_utilization_absolute":0.845,"per_gpu_average_estimated_utilization_absolute":{"(0, 12212)":{"sm":84.5,"mem":24.5,"enc":0.0,"dec":0.0}},"average_gpu_estimated_utilization_relative":1.0,"per_gpu_performance_state":{"0":"P2"},"per_gpu_power_draw":{"0":95.87},"cpu_count_adjusted_average_load":[0.14625,0.148125,0.15],"realtime_carbon_intensity":336.2887618705,"disk_write_speed":20.9601491191,"process_ids":[12212,12292]}
{"timestamp":1572416665.6549739838,"rapl_power_draw_absolute":84.9183800032,"rapl_estimated_attributable_power_draw":16.2590679279,"cpu_time_seconds":{"12212":{"user":411.47,"system":3.12,"children_user":1.11,"children_system":0.32},"12292":{"user":7.32,"system":15.69,"children_user":0.61,"children_system":13.74}},"average_relative_cpu_utilization":0.1874923787,"absolute_cpu_utilization":1.0037532817,"relative_mem_usage":0.2326890288,"absolute_mem_usage":3777711104.0,"absolute_mem_percent_usage":0.027962487,"mem_info_per_process":{"12212":{"rss":3654115328,"vms":11946782720,"shared":566300672,"text":2322432,"lib":0,"data":10218979328,"dirty":0,"uss":137121792,"pss":1834681344,"swap":0},"12292":{"rss":3268132864,"vms":11946782720,"shared":180289536,"text":2322432,"lib":0,"data":10218979328,"dirty":0,"uss":118284288,"pss":1687623680,"swap":0}},"nvidia_draw_absolute":96.83,"nvidia_estimated_attributable_power_draw":96.83,"average_gpu_estimated_utilization_absolute":0.8333333333,"per_gpu_average_estimated_utilization_absolute":{"(0, 12212)":{"sm":83.3333333333,"mem":23.6666666667,"enc":0.0,"dec":0.0}},"average_gpu_estimated_utilization_relative":1.0,"per_gpu_performance_state":{"0":"P2"},"per_gpu_power_draw":{"0":96.83},"cpu_count_adjusted_average_load":[0.15,0.14875,0.1503125],"realtime_carbon_intensity":336.2887618705,"disk_write_speed":28.8717299663,"process_ids":[12212,12292]}
{"timestamp":1572416673.8164389133,"rapl_power_draw_absolute":78.9620062359,"rapl_estimated_attributable_power_draw":16.2051857776,"cpu_time_seconds":{"12212":{"user":419.63,"system":3.12,"children_user":1.11,"children_system":0.32},"12292":{"user":7.44,"system":15.96,"children_user":0.63,"children_system":13.97}},"average_relative_cpu_utilization":0.20221797,"absolute_cpu_utilization":0.9987276146,"relative_mem_usage":0.2334794288,"absolute_mem_usage":3777987584.0,"absolute_mem_percent_usage":0.0279645335,"mem_info_per_process":{"12212":{"rss":3654115328,"vms":11946782720,"shared":566300672,"text":2322432,"lib":0,"data":10218979328,"dirty":0,"uss":137129984,"pss":1834840064,"swap":0},"12292":{"rss":3268132864,"vms":11946782720,"shared":180289536,"text":2322432,"lib":0,"data":10218979328,"dirty":0,"uss":118292480,"pss":1687725056,"swap":0}},"nvidia_draw_absolute":94.71,"nvidia_estimated_attributable_power_draw":94.71,"average_gpu_estimated_utilization_absolute":0.82,"per_gpu_average_estimated_utilization_absolute":{"(0, 12212)":{"sm":82.0,"mem":23.8,"enc":0.0,"dec":0.0}},"average_gpu_estimated_utilization_relative":1.0,"per_gpu_performance_state":{"0":"P2"},"per_gpu_power_draw":{"0":94.71},"cpu_count_adjusted_average_load":[0.155625,0.15,0.150625],"realtime_carbon_intensity":336.2887618705,"disk_write_speed":27.3011820542,"process_ids":[12212,12292]}
{"timestamp":1572416682.0421009064,"rapl_power_draw_absolute":85.0684127711,"rapl_estimated_attributable_power_draw":16.7715447184,"cpu_time_seconds":{"12212":{"user":427.84,"system":3.14,"children_user":1.11,"children_system":0.32},"12292":{"user":7.56,"system":16.28,"children_user":0.65,"children_system":14.21}},"average_relative_cpu_utilization":0.1936288247,"absolute_cpu_utilization":1.0036236432,"relative_mem_usage":0.2333491495,"absolute_mem_usage":3777993728.0,"absolute_mem_percent_usage":0.027964579,"mem_info_per_process":{"12212":{"rss":3654115328,"vms":11946782720,"shared":566300672,"text":2322432,"lib":0,"data":10218979328,"dirty":0,"uss":137129984,"pss":1834845184,"swap":0},"12292":{"rss":3268132864,"vms":11946782720,"shared":180289536,"text":2322432,"lib":0,"data":10218979328,"dirty":0,"uss":118292480,"pss":1687726080,"swap":0}},"nvidia_draw_absolute":99.09,"nvidia_estimated_attributable_power_draw":99.09,"average_gpu_estimated_utilization_absolute":0.82,"per_gpu_average_estimated_utilization_absolute":{"(0, 12212)":{"sm":82.0,"mem":23.5,"enc":0.0,"dec":0.0}},"average_gpu_estimated_utilization_relative":1.0,"per_gpu_performance_state":{"0":"P2"},"per_gpu_power_draw":{"0":99.09},"cpu_count_adjusted_average_load":[0.1584375,0.150625,0.1509375],"realtime_carbon_intensity":336.2887618705,"disk_write_speed":31.8183134539,"process_ids":[12212,12292]}
{"timestamp":1572416690.2947249413,"rapl_power_draw_absolute":80.1581847959,"rapl_estimated_attributable_power_draw":16.0241565039,"cpu_time_seconds":{"12212":{"user":436.09,"system":3.15,"children_user":1.11,"children_system":0.32},"12292":{"user":7.71,"system":16.57,"children_user":0.67,"children_system":14.5}},"average_relative_cpu_utilization":0.1964730244,"absolute_cpu_utilization":1.0037085932,"relative_mem_usage":0.2333000843,"absolute_mem_usage":3777946624.0,"absolute_mem_percent_usage":0.0279642304,"mem_info_per_process":{"12212":{"rss":3654115328,"vms":11946782720,"shared":566300672,"text":2322432,"lib":0,"data":10218979328,"dirty":0,"uss":137129984,"pss":1834799104,"swap":0},"12292":{"rss":3268132864,"vms":11946782720,"shared":180289536,"text":2322432,"lib":0,"data":10218979328,"dirty":0,"uss":118292480,"pss":1687725056,"swap":0}},"nvidia_draw_absolute":99.99,"nvidia_estimated_attributable_power_draw":99.99,"average_gpu_estimated_utilization_absolute":0.835,"per_gpu_average_estimated_utilization_absolute":{"(0, 12212)":{"sm":83.5,"mem":24.0,"enc":0.0,"dec":0.0}},"average_gpu_estimated_utilization_relative":1.0,"per_gpu_performance_state":{"0":"P2"},"per_gpu_power_draw":{"0":99.99},"cpu_count_adjusted_average_load":[0.1603125,0.1515625,0.1509375],"realtime_carbon_intensity":336.2887618705,"disk_write_speed":18.7735446783,"process_ids":[12212,12292]}
{"timestamp":1572416698.6544680595,"rapl_power_draw_absolute":77.7584080044,"rapl_estimated_attributable_power_draw":18.3484109794,"cpu_time_seconds":{"12212":{"user":444.44,"system":3.16,"children_user":1.11,"children_system":0.32},"12292":{"user":7.83,"system":16.87,"children_user":0.69,"children_system":14.78}},"average_relative_cpu_utilization":0.2361139548,"absolute_cpu_utilization":0.9987159396,"relative_mem_usage":0.2345752883,"absolute_mem_usage":3778010112.0,"absolute_mem_percent_usage":0.0279647003,"mem_info_per_process":{"12212":{"rss":3654115328,"vms":11946782720,"shared":566300672,"text":2322432,"lib":0,"data":10218979328,"dirty":0,"uss":137129984,"pss":1834858496,"swap":0},"12292":{"rss":3268132864,"vms":11946782720,"shared":180289536,"text":2322432,"lib":0,"data":10218979328,"dirty":0,"uss":118292480,"pss":1687729152,"swap":0}},"nvidia_draw_absolute":99.89,"nvidia_estimated_attributable_power_draw":99.89,"average_gpu_estimated_utilization_absolute":0.8425,"per_gpu_average_estimated_utilization_absolute":{"(0, 12212)":{"sm":84.25,"mem":24.25,"enc":0.0,"dec":0.0}},"average_gpu_estimated_utilization_relative":1.0,"per_gpu_performance_state":{"0":"P2"},"per_gpu_power_draw":{"0":99.89},"cpu_count_adjusted_average_load":[0.1625,0.151875,0.15125],"realtime_carbon_intensity":336.2887618705,"disk_write_speed":34.0720961716,"process_ids":[12212,12292]}
