{"timestamp":1573522740.2916579247,"rapl_power_draw_absolute":62.8128323525,"rapl_estimated_attributable_power_draw":13.898992963,"cpu_time_seconds":{"24385":{"user":32.4,"system":3.19,"children_user":0.15,"children_system":0.11},"24449":{"user":0.01,"system":0.02,"children_user":0.0,"children_system":0.02}},"average_relative_cpu_utilization":0.2386011437,"absolute_cpu_utilization":0.9936918169,"relative_mem_usage":0.04142935,"absolute_mem_usage":3201453056.0,"absolute_mem_percent_usage":0.0236970449,"mem_info_per_process":{"24385":{"rss":2113904640,"vms":4130529280,"shared":108572672,"text":2322432,"lib":0,"data":2769375232,"dirty":0,"uss":735518720,"pss":1423337472,"swap":0},"24449":{"rss":1553817600,"vms":3674329088,"shared":4419584,"text":2322432,"lib":0,"data":2313175040,"dirty":0,"uss":177573888,"pss":865022976,"swap":0}},"nvidia_draw_absolute":35.38,"nvidia_estimated_attributable_power_draw":35.38,"average_gpu_estimated_utilization_absolute":0.03,"per_gpu_average_estimated_utilization_absolute":{"(0, 0)":{"sm":0,"mem":0,"enc":0,"dec":0},"(0, 24385)":{"sm":3,"mem":0,"enc":0,"dec":0}},"average_gpu_estimated_utilization_relative":1.0,"per_gpu_performance_state":{"0":"P2"},"per_gpu_power_draw":{"0":35.38},"cpu_count_adjusted_average_load":[0.14,0.143125,0.139375],"cpu_freq":[{"current":1599.937,"min":1200.0,"max":3200.0},{"current":1564.031,"min":1200.0,"max":3200.0},{"current":1452.281,"min":1200.0,"max":3200.0},{"current":1299.937,"min":1200.0,"max":3200.0},{"current":1234.593,"min":1200.0,"max":3200.0},{"current":1256.625,"min":1200.0,"max":3200.0},{"current":2714.906,"min":1200.0,"max":3200.0},{"current":2097.562,"min":1200.0,"max":3200.0},{"current":1257.656,"min":1200.0,"max":3200.0},{"current":3127.781,"min":1200.0,"max":3200.0},{"current":1299.656,"min":1200.0,"max":3200.0},{"current":1299.281,"min":1200.0,"max":3200.0},{"current":1200.093,"min":1200.0,"max":3200.0},{"current":1200.093,"min":1200.0,"max":3200.0},{"current":1200.0,"min":1200.0,"max":3200.0},{"current":1200.937,"min":1200.0,"max":3200.0},{"current":2400.0,"min":1200.0,"max":3200.0},{"current":2397.562,"min":1200.0,"max":3200.0},{"current":1399.968,"min":1200.0,"max":3200.0},{"current":1296.093,"min":1200.0,"max":3200.0},{"current":1200.0,"min":1200.0,"max":3200.0},{"current":1202.343,"min":1200.0,"max":3200.0},{"current":2773.593,"min":1200.0,"max":3200.0},{"current":1369.5,"min":1200.0,"max":3200.0},{"current":1377.375,"min":1200.0,"max":3200.0},{"current":2970.656,"min":1200.0,"max":3200.0},{"current":1575.375,"min":1200.0,"max":3200.0},{"current":1200.937,"min":1200.0,"max":3200.0},{"current":1333.781,"min":1200.0,"max":3200.0},{"current":1211.437,"min":1200.0,"max":3200.0},{"current":1273.968,"min":1200.0,"max":3200.0},{"current":1238.906,"min":1200.0,"max":3200.0}],"realtime_carbon_intensity":401.6330249509,"disk_write_speed":31.4306474373,"process_ids":[24385,24449]}
{"timestamp":1573522748.3976631165,"rapl_power_draw_absolute":66.9437893558,"rapl_estimated_attributable_power_draw":15.3092246951,"cpu_time_seconds":{"24385":{"user":38.78,"system":4.76,"children_user":0.15,"children_system":0.11},"24449":{"user":0.2,"system":0.19,"children_user":0.01,"children_system":0.2}},"average_relative_cpu_utilization":0.2377861232,"absolute_cpu_utilization":0.9985897415,"relative_mem_usage":0.1256393806,"absolute_mem_usage":10069037056.0,"absolute_mem_percent_usage":0.0745306643,"mem_info_per_process":{"24385":{"rss":4548980736,"vms":13828997120,"shared":556806144,"text":2322432,"lib":0,"data":12259086336,"dirty":0,"uss":3829600256,"pss":4186292224,"swap":0},"24449":{"rss":1560887296,"vms":3674329088,"shared":11472896,"text":2322432,"lib":0,"data":2313175040,"dirty":0,"uss":849096704,"pss":1204047872,"swap":0}},"nvidia_draw_absolute":54.38,"nvidia_estimated_attributable_power_draw":54.38,"average_gpu_estimated_utilization_absolute":0.33,"per_gpu_average_estimated_utilization_absolute":{"(0, 24385)":{"sm":33.0,"mem":7.5,"enc":0.0,"dec":0.0}},"average_gpu_estimated_utilization_relative":1.0,"per_gpu_performance_state":{"0":"P2"},"per_gpu_power_draw":{"0":54.38},"cpu_count_adjusted_average_load":[0.130625,0.1409375,0.13875],"cpu_freq":[{"current":2399.906,"min":1200.0,"max":3200.0},{"current":1199.906,"min":1200.0,"max":3200.0},{"current":2400.0,"min":1200.0,"max":3200.0},{"current":2399.906,"min":1200.0,"max":3200.0},{"current":1200.562,"min":1200.0,"max":3200.0},{"current":1300.781,"min":1200.0,"max":3200.0},{"current":1295.718,"min":1200.0,"max":3200.0},{"current":1699.875,"min":1200.0,"max":3200.0},{"current":1389.75,"min":1200.0,"max":3200.0},{"current":3123.468,"min":1200.0,"max":3200.0},{"current":1296.187,"min":1200.0,"max":3200.0},{"current":1284.562,"min":1200.0,"max":3200.0},{"current":1200.0,"min":1200.0,"max":3200.0},{"current":1233.281,"min":1200.0,"max":3200.0},{"current":1200.093,"min":1200.0,"max":3200.0},{"current":1329.75,"min":1200.0,"max":3200.0},{"current":2354.156,"min":1200.0,"max":3200.0},{"current":1199.906,"min":1200.0,"max":3200.0},{"current":2399.906,"min":1200.0,"max":3200.0},{"current":2317.031,"min":1200.0,"max":3200.0},{"current":1200.0,"min":1200.0,"max":3200.0},{"current":1300.031,"min":1200.0,"max":3200.0},{"current":1869.656,"min":1200.0,"max":3200.0},{"current":1498.031,"min":1200.0,"max":3200.0},{"current":1862.343,"min":1200.0,"max":3200.0},{"current":2949.375,"min":1200.0,"max":3200.0},{"current":1228.312,"min":1200.0,"max":3200.0},{"current":1275.187,"min":1200.0,"max":3200.0},{"current":1276.875,"min":1200.0,"max":3200.0},{"current":1230.093,"min":1200.0,"max":3200.0},{"current":1297.875,"min":1200.0,"max":3200.0},{"current":1289.906,"min":1200.0,"max":3200.0}],"realtime_carbon_intensity":401.6330249509,"disk_write_speed":37.1484464334,"process_ids":[24385,24449]}
{"timestamp":1573522756.4033219814,"rapl_power_draw_absolute":65.3572899314,"rapl_estimated_attributable_power_draw":15.366896932,"cpu_time_seconds":{"24385":{"user":46.54,"system":5.02,"children_user":0.15,"children_system":0.11},"24449":{"user":0.43,"system":0.36,"children_user":0.03,"children_system":0.37}},"average_relative_cpu_utilization":0.2445041676,"absolute_cpu_utilization":1.0042803527,"relative_mem_usage":0.1257139998,"absolute_mem_usage":10076188672.0,"absolute_mem_percent_usage":0.0745836003,"mem_info_per_process":{"24385":{"rss":4548980736,"vms":13828997120,"shared":556806144,"text":2322432,"lib":0,"data":12259086336,"dirty":0,"uss":3831951360,"pss":4187467776,"swap":0},"24449":{"rss":1560936448,"vms":3674329088,"shared":11522048,"text":2322432,"lib":0,"data":2313175040,"dirty":0,"uss":851496960,"pss":1205272576,"swap":0}},"nvidia_draw_absolute":51.11,"nvidia_estimated_attributable_power_draw":51.11,"average_gpu_estimated_utilization_absolute":0.33,"per_gpu_average_estimated_utilization_absolute":{"(0, 24385)":{"sm":33,"mem":8,"enc":0,"dec":0}},"average_gpu_estimated_utilization_relative":1.0,"per_gpu_performance_state":{"0":"P2"},"per_gpu_power_draw":{"0":51.11},"cpu_count_adjusted_average_load":[0.1303125,0.140625,0.13875],"cpu_freq":[{"current":1362.0,"min":1200.0,"max":3200.0},{"current":2400.0,"min":1200.0,"max":3200.0},{"current":1798.593,"min":1200.0,"max":3200.0},{"current":1199.906,"min":1200.0,"max":3200.0},{"current":1224.187,"min":1200.0,"max":3200.0},{"current":1234.5,"min":1200.0,"max":3200.0},{"current":2236.875,"min":1200.0,"max":3200.0},{"current":2295.281,"min":1200.0,"max":3200.0},{"current":1484.718,"min":1200.0,"max":3200.0},{"current":3139.593,"min":1200.0,"max":3200.0},{"current":1200.375,"min":1200.0,"max":3200.0},{"current":1497.093,"min":1200.0,"max":3200.0},{"current":1236.562,"min":1200.0,"max":3200.0},{"current":1235.906,"min":1200.0,"max":3200.0},{"current":1200.093,"min":1200.0,"max":3200.0},{"current":1253.437,"min":1200.0,"max":3200.0},{"current":1218.187,"min":1200.0,"max":3200.0},{"current":2400.0,"min":1200.0,"max":3200.0},{"current":1496.718,"min":1200.0,"max":3200.0},{"current":2392.312,"min":1200.0,"max":3200.0},{"current":1200.0,"min":1200.0,"max":3200.0},{"current":1239.093,"min":1200.0,"max":3200.0},{"current":2400.0,"min":1200.0,"max":3200.0},{"current":2299.781,"min":1200.0,"max":3200.0},{"current":1306.125,"min":1200.0,"max":3200.0},{"current":2949.375,"min":1200.0,"max":3200.0},{"current":1356.187,"min":1200.0,"max":3200.0},{"current":1300.312,"min":1200.0,"max":3200.0},{"current":1296.937,"min":1200.0,"max":3200.0},{"current":1281.468,"min":1200.0,"max":3200.0},{"current":1202.531,"min":1200.0,"max":3200.0},{"current":1379.625,"min":1200.0,"max":3200.0}],"realtime_carbon_intensity":401.6330249509,"disk_write_speed":27.4725444181,"process_ids":[24385,24449]}
{"timestamp":1573522764.4237809181,"rapl_power_draw_absolute":65.4083098449,"rapl_estimated_attributable_power_draw":15.0121191114,"cpu_time_seconds":{"24385":{"user":54.32,"system":5.26,"children_user":0.15,"children_system":0.11},"24449":{"user":0.6,"system":0.54,"children_user":0.05,"children_system":0.54}},"average_relative_cpu_utilization":0.2381284526,"absolute_cpu_utilization":1.0036067505,"relative_mem_usage":0.1257400642,"absolute_mem_usage":10079297536.0,"absolute_mem_percent_usage":0.074606612,"mem_info_per_process":{"24385":{"rss":4548980736,"vms":13828997120,"shared":556806144,"text":2322432,"lib":0,"data":12259086336,"dirty":0,"uss":3832983552,"pss":4187983872,"swap":0},"24449":{"rss":1560936448,"vms":3674329088,"shared":11522048,"text":2322432,"lib":0,"data":2313175040,"dirty":0,"uss":852537344,"pss":1205792768,"swap":0}},"nvidia_draw_absolute":52.95,"nvidia_estimated_attributable_power_draw":52.95,"average_gpu_estimated_utilization_absolute":0.33,"per_gpu_average_estimated_utilization_absolute":{"(0, 24385)":{"sm":33.0,"mem":7.5,"enc":0.0,"dec":0.0}},"average_gpu_estimated_utilization_relative":1.0,"per_gpu_performance_state":{"0":"P2"},"per_gpu_power_draw":{"0":52.95},"cpu_count_adjusted_average_load":[0.1365625,0.141875,0.1390625],"cpu_freq":[{"current":2100.0,"min":1200.0,"max":3200.0},{"current":1398.656,"min":1200.0,"max":3200.0},{"current":1199.906,"min":1200.0,"max":3200.0},{"current":1278.843,"min":1200.0,"max":3200.0},{"current":1257.468,"min":1200.0,"max":3200.0},{"current":1280.156,"min":1200.0,"max":3200.0},{"current":2399.906,"min":1200.0,"max":3200.0},{"current":2400.0,"min":1200.0,"max":3200.0},{"current":1311.562,"min":1200.0,"max":3200.0},{"current":3123.843,"min":1200.0,"max":3200.0},{"current":1295.625,"min":1200.0,"max":3200.0},{"current":1300.218,"min":1200.0,"max":3200.0},{"current":1200.093,"min":1200.0,"max":3200.0},{"current":1200.187,"min":1200.0,"max":3200.0},{"current":1203.0,"min":1200.0,"max":3200.0},{"current":1200.093,"min":1200.0,"max":3200.0},{"current":1720.125,"min":1200.0,"max":3200.0},{"current":1470.468,"min":1200.0,"max":3200.0},{"current":1233.0,"min":1200.0,"max":3200.0},{"current":1403.812,"min":1200.0,"max":3200.0},{"current":1393.875,"min":1200.0,"max":3200.0},{"current":1239.093,"min":1200.0,"max":3200.0},{"current":2180.718,"min":1200.0,"max":3200.0},{"current":2400.0,"min":1200.0,"max":3200.0},{"current":1688.812,"min":1200.0,"max":3200.0},{"current":3154.312,"min":1200.0,"max":3200.0},{"current":1400.718,"min":1200.0,"max":3200.0},{"current":1300.875,"min":1200.0,"max":3200.0},{"current":1335.75,"min":1200.0,"max":3200.0},{"current":1201.875,"min":1200.0,"max":3200.0},{"current":1320.187,"min":1200.0,"max":3200.0},{"current":1236.093,"min":1200.0,"max":3200.0}],"realtime_carbon_intensity":401.6330249509,"disk_write_speed":47.8218610865,"process_ids":[24385,24449]}
{"timestamp":1573522772.5279541016,"rapl_power_draw_absolute":65.8812412983,"rapl_estimated_attributable_power_draw":15.6183755347,"cpu_time_seconds":{"24385":{"user":62.22,"system":5.46,"children_user":0.15,"children_system":0.11},"24449":{"user":0.81,"system":0.73,"children_user":0.06,"children_system":0.72}},"average_relative_cpu_utilization":0.2462822201,"absolute_cpu_utilization":0.998633591,"relative_mem_usage":0.1257569275,"absolute_mem_usage":10081656832.0,"absolute_mem_percent_usage":0.0746240755,"mem_info_per_process":{"24385":{"rss":4548980736,"vms":13828997120,"shared":556806144,"text":2322432,"lib":0,"data":12259086336,"dirty":0,"uss":3833774080,"pss":4188379136,"swap":0},"24449":{"rss":1560936448,"vms":3674329088,"shared":11522048,"text":2322432,"lib":0,"data":2313175040,"dirty":0,"uss":853319680,"pss":1206183936,"swap":0}},"nvidia_draw_absolute":49.72,"nvidia_estimated_attributable_power_draw":49.72,"average_gpu_estimated_utilization_absolute":0.33,"per_gpu_average_estimated_utilization_absolute":{"(0, 24385)":{"sm":33.0,"mem":7.5,"enc":0.0,"dec":0.0}},"average_gpu_estimated_utilization_relative":1.0,"per_gpu_performance_state":{"0":"P2"},"per_gpu_power_draw":{"0":49.72},"cpu_count_adjusted_average_load":[0.138125,0.141875,0.1390625],"cpu_freq":[{"current":1296.562,"min":1200.0,"max":3200.0},{"current":2400.0,"min":1200.0,"max":3200.0},{"current":2399.906,"min":1200.0,"max":3200.0},{"current":1202.343,"min":1200.0,"max":3200.0},{"current":1234.031,"min":1200.0,"max":3200.0},{"current":1221.562,"min":1200.0,"max":3200.0},{"current":2400.0,"min":1200.0,"max":3200.0},{"current":2399.906,"min":1200.0,"max":3200.0},{"current":1226.531,"min":1200.0,"max":3200.0},{"current":3106.593,"min":1200.0,"max":3200.0},{"current":1854.937,"min":1200.0,"max":3200.0},{"current":1298.718,"min":1200.0,"max":3200.0},{"current":1299.656,"min":1200.0,"max":3200.0},{"current":1200.093,"min":1200.0,"max":3200.0},{"current":1208.531,"min":1200.0,"max":3200.0},{"current":1200.093,"min":1200.0,"max":3200.0},{"current":1242.375,"min":1200.0,"max":3200.0},{"current":2400.0,"min":1200.0,"max":3200.0},{"current":1272.937,"min":1200.0,"max":3200.0},{"current":1235.062,"min":1200.0,"max":3200.0},{"current":1299.843,"min":1200.0,"max":3200.0},{"current":1208.062,"min":1200.0,"max":3200.0},{"current":2399.906,"min":1200.0,"max":3200.0},{"current":2400.0,"min":1200.0,"max":3200.0},{"current":1227.093,"min":1200.0,"max":3200.0},{"current":3154.312,"min":1200.0,"max":3200.0},{"current":1653.187,"min":1200.0,"max":3200.0},{"current":1238.718,"min":1200.0,"max":3200.0},{"current":1243.312,"min":1200.0,"max":3200.0},{"current":1230.468,"min":1200.0,"max":3200.0},{"current":1205.062,"min":1200.0,"max":3200.0},{"current":1221.0,"min":1200.0,"max":3200.0}],"realtime_carbon_intensity":401.6330249509,"disk_write_speed":37.8670146167,"process_ids":[24385,24449]}
{"timestamp":1573522780.5285999775,"rapl_power_draw_absolute":65.9028120535,"rapl_estimated_attributable_power_draw":15.5307774854,"cpu_time_seconds":{"24385":{"user":70.0,"system":5.69,"children_user":0.15,"children_system":0.11},"24449":{"user":1.03,"system":0.91,"children_user":0.07,"children_system":0.89}},"average_relative_cpu_utilization":0.2450709948,"absolute_cpu_utilization":0.9985809413,"relative_mem_usage":0.1257649867,"absolute_mem_usage":10083069952.0,"absolute_mem_percent_usage":0.0746345353,"mem_info_per_process":{"24385":{"rss":4548980736,"vms":13828997120,"shared":556806144,"text":2322432,"lib":0,"data":12259086336,"dirty":0,"uss":3834245120,"pss":4188614656,"swap":0},"24449":{"rss":1560936448,"vms":3674329088,"shared":11522048,"text":2322432,"lib":0,"data":2313175040,"dirty":0,"uss":853790720,"pss":1206419456,"swap":0}},"nvidia_draw_absolute":48.61,"nvidia_estimated_attributable_power_draw":48.61,"average_gpu_estimated_utilization_absolute":0.33,"per_gpu_average_estimated_utilization_absolute":{"(0, 24385)":{"sm":33.0,"mem":7.5,"enc":0.0,"dec":0.0}},"average_gpu_estimated_utilization_relative":1.0,"per_gpu_performance_state":{"0":"P2"},"per_gpu_power_draw":{"0":48.61},"cpu_count_adjusted_average_load":[0.1384375,0.141875,0.1390625],"cpu_freq":[{"current":2399.906,"min":1200.0,"max":3200.0},{"current":1340.718,"min":1200.0,"max":3200.0},{"current":2390.437,"min":1200.0,"max":3200.0},{"current":1299.843,"min":1200.0,"max":3200.0},{"current":1201.218,"min":1200.0,"max":3200.0},{"current":1201.031,"min":1200.0,"max":3200.0},{"current":1299.281,"min":1200.0,"max":3200.0},{"current":2399.906,"min":1200.0,"max":3200.0},{"current":1200.093,"min":1200.0,"max":3200.0},{"current":3146.343,"min":1200.0,"max":3200.0},{"current":1354.593,"min":1200.0,"max":3200.0},{"current":1297.781,"min":1200.0,"max":3200.0},{"current":1245.937,"min":1200.0,"max":3200.0},{"current":1252.687,"min":1200.0,"max":3200.0},{"current":1255.968,"min":1200.0,"max":3200.0},{"current":1200.093,"min":1200.0,"max":3200.0},{"current":2400.0,"min":1200.0,"max":3200.0},{"current":1201.031,"min":1200.0,"max":3200.0},{"current":2399.906,"min":1200.0,"max":3200.0},{"current":1299.937,"min":1200.0,"max":3200.0},{"current":1202.062,"min":1200.0,"max":3200.0},{"current":1208.062,"min":1200.0,"max":3200.0},{"current":2391.468,"min":1200.0,"max":3200.0},{"current":2071.125,"min":1200.0,"max":3200.0},{"current":1300.5,"min":1200.0,"max":3200.0},{"current":3097.218,"min":1200.0,"max":3200.0},{"current":1362.093,"min":1200.0,"max":3200.0},{"current":1300.593,"min":1200.0,"max":3200.0},{"current":1274.718,"min":1200.0,"max":3200.0},{"current":1220.437,"min":1200.0,"max":3200.0},{"current":1203.187,"min":1200.0,"max":3200.0},{"current":1202.437,"min":1200.0,"max":3200.0}],"realtime_carbon_intensity":401.6330249509,"disk_write_speed":39.5330834654,"process_ids":[24385,24449]}
{"timestamp":1573522788.5465769768,"rapl_power_draw_absolute":65.4721653925,"rapl_estimated_attributable_power_draw":15.3330353203,"cpu_time_seconds":{"24385":{"user":77.81,"system":5.9,"children_user":0.15,"children_system":0.11},"24449":{"user":1.26,"system":1.08,"children_user":0.08,"children_system":1.08}},"average_relative_cpu_utilization":0.2433125713,"absolute_cpu_utilization":1.0035595607,"relative_mem_usage":0.1257666875,"absolute_mem_usage":10084102144.0,"absolute_mem_percent_usage":0.0746421756,"mem_info_per_process":{"24385":{"rss":4548980736,"vms":13828997120,"shared":556806144,"text":2322432,"lib":0,"data":12259086336,"dirty":0,"uss":3834589184,"pss":4188786688,"swap":0},"24449":{"rss":1560936448,"vms":3674329088,"shared":11522048,"text":2322432,"lib":0,"data":2313175040,"dirty":0,"uss":854134784,"pss":1206591488,"swap":0}},"nvidia_draw_absolute":51.19,"nvidia_estimated_attributable_power_draw":51.19,"average_gpu_estimated_utilization_absolute":0.33,"per_gpu_average_estimated_utilization_absolute":{"(0, 24385)":{"sm":33,"mem":7,"enc":0,"dec":0}},"average_gpu_estimated_utilization_relative":1.0,"per_gpu_performance_state":{"0":"P2"},"per_gpu_power_draw":{"0":51.19},"cpu_count_adjusted_average_load":[0.17125,0.1490625,0.1415625],"cpu_freq":[{"current":2399.906,"min":1200.0,"max":3200.0},{"current":1452.093,"min":1200.0,"max":3200.0},{"current":2399.906,"min":1200.0,"max":3200.0},{"current":2399.906,"min":1200.0,"max":3200.0},{"current":1271.812,"min":1200.0,"max":3200.0},{"current":1202.812,"min":1200.0,"max":3200.0},{"current":1534.968,"min":1200.0,"max":3200.0},{"current":1298.156,"min":1200.0,"max":3200.0},{"current":1773.562,"min":1200.0,"max":3200.0},{"current":3103.312,"min":1200.0,"max":3200.0},{"current":1387.781,"min":1200.0,"max":3200.0},{"current":1200.187,"min":1200.0,"max":3200.0},{"current":1200.093,"min":1200.0,"max":3200.0},{"current":1243.875,"min":1200.0,"max":3200.0},{"current":1200.187,"min":1200.0,"max":3200.0},{"current":1383.75,"min":1200.0,"max":3200.0},{"current":2400.0,"min":1200.0,"max":3200.0},{"current":1397.437,"min":1200.0,"max":3200.0},{"current":2400.0,"min":1200.0,"max":3200.0},{"current":2363.062,"min":1200.0,"max":3200.0},{"current":1277.906,"min":1200.0,"max":3200.0},{"current":1219.218,"min":1200.0,"max":3200.0},{"current":2097.562,"min":1200.0,"max":3200.0},{"current":1200.0,"min":1200.0,"max":3200.0},{"current":1968.562,"min":1200.0,"max":3200.0},{"current":3097.218,"min":1200.0,"max":3200.0},{"current":1385.625,"min":1200.0,"max":3200.0},{"current":1524.843,"min":1200.0,"max":3200.0},{"current":1356.843,"min":1200.0,"max":3200.0},{"current":1220.437,"min":1200.0,"max":3200.0},{"current":1200.656,"min":1200.0,"max":3200.0},{"current":1202.437,"min":1200.0,"max":3200.0}],"realtime_carbon_intensity":401.6330249509,"disk_write_speed":47.0353847211,"process_ids":[24385,24449]}
{"timestamp":1573522796.5527989864,"rapl_power_draw_absolute":65.8648440479,"rapl_estimated_attributable_power_draw":15.4748129143,"cpu_time_seconds":{"24385":{"user":85.6,"system":6.12,"children_user":0.15,"children_system":0.11},"24449":{"user":1.48,"system":1.26,"children_user":0.1,"children_system":1.25}},"average_relative_cpu_utilization":0.2447971963,"absolute_cpu_utilization":1.0035607479,"relative_mem_usage":0.125765079,"absolute_mem_usage":10084974592.0,"absolute_mem_percent_usage":0.0746486334,"mem_info_per_process":{"24385":{"rss":4548980736,"vms":13828997120,"shared":556806144,"text":2322432,"lib":0,"data":12259086336,"dirty":0,"uss":3834880000,"pss":4188932096,"swap":0},"24449":{"rss":1560936448,"vms":3674329088,"shared":11522048,"text":2322432,"lib":0,"data":2313175040,"dirty":0,"uss":854425600,"pss":1206736896,"swap":0}},"nvidia_draw_absolute":52.08,"nvidia_estimated_attributable_power_draw":52.08,"average_gpu_estimated_utilization_absolute":0.3266666667,"per_gpu_average_estimated_utilization_absolute":{"(0, 24385)":{"sm":32.6666666667,"mem":7.6666666667,"enc":0.0,"dec":0.0}},"average_gpu_estimated_utilization_relative":1.0,"per_gpu_performance_state":{"0":"P2"},"per_gpu_power_draw":{"0":52.08},"cpu_count_adjusted_average_load":[0.1675,0.14875,0.14125],"cpu_freq":[{"current":2002.406,"min":1200.0,"max":3200.0},{"current":1995.375,"min":1200.0,"max":3200.0},{"current":1796.343,"min":1200.0,"max":3200.0},{"current":2400.0,"min":1200.0,"max":3200.0},{"current":1226.531,"min":1200.0,"max":3200.0},{"current":2383.125,"min":1200.0,"max":3200.0},{"current":2078.156,"min":1200.0,"max":3200.0},{"current":2399.906,"min":1200.0,"max":3200.0},{"current":1205.156,"min":1200.0,"max":3200.0},{"current":3157.125,"min":1200.0,"max":3200.0},{"current":1356.0,"min":1200.0,"max":3200.0},{"current":1296.187,"min":1200.0,"max":3200.0},{"current":1591.312,"min":1200.0,"max":3200.0},{"current":1226.531,"min":1200.0,"max":3200.0},{"current":1634.625,"min":1200.0,"max":3200.0},{"current":1493.156,"min":1200.0,"max":3200.0},{"current":1672.218,"min":1200.0,"max":3200.0},{"current":1490.812,"min":1200.0,"max":3200.0},{"current":1640.625,"min":1200.0,"max":3200.0},{"current":2400.0,"min":1200.0,"max":3200.0},{"current":1227.0,"min":1200.0,"max":3200.0},{"current":2201.625,"min":1200.0,"max":3200.0},{"current":1473.093,"min":1200.0,"max":3200.0},{"current":2399.906,"min":1200.0,"max":3200.0},{"current":1246.312,"min":1200.0,"max":3200.0},{"current":3077.625,"min":1200.0,"max":3200.0},{"current":1472.718,"min":1200.0,"max":3200.0},{"current":1393.875,"min":1200.0,"max":3200.0},{"current":1200.75,"min":1200.0,"max":3200.0},{"current":1590.375,"min":1200.0,"max":3200.0},{"current":1501.312,"min":1200.0,"max":3200.0},{"current":1444.312,"min":1200.0,"max":3200.0}],"realtime_carbon_intensity":401.6330249509,"disk_write_speed":38.7033562162,"process_ids":[24385,24449]}
{"timestamp":1573522804.5576159954,"rapl_power_draw_absolute":64.8431904752,"rapl_estimated_attributable_power_draw":15.2733032322,"cpu_time_seconds":{"24385":{"user":93.36,"system":6.37,"children_user":0.15,"children_system":0.11},"24449":{"user":1.69,"system":1.45,"children_user":0.13,"children_system":1.41}},"average_relative_cpu_utilization":0.24479894,"absolute_cpu_utilization":1.0036012305,"relative_mem_usage":0.1257800814,"absolute_mem_usage":10085875712.0,"absolute_mem_percent_usage":0.0746553035,"mem_info_per_process":{"24385":{"rss":4548980736,"vms":13828997120,"shared":556806144,"text":2322432,"lib":0,"data":12259086336,"dirty":0,"uss":3835170816,"pss":4189101056,"swap":0},"24449":{"rss":1560936448,"vms":3674329088,"shared":11522048,"text":2322432,"lib":0,"data":2313175040,"dirty":0,"uss":854716416,"pss":1206887424,"swap":0}},"nvidia_draw_absolute":50.26,"nvidia_estimated_attributable_power_draw":50.26,"average_gpu_estimated_utilization_absolute":0.33,"per_gpu_average_estimated_utilization_absolute":{"(0, 24385)":{"sm":33,"mem":8,"enc":0,"dec":0}},"average_gpu_estimated_utilization_relative":1.0,"per_gpu_performance_state":{"0":"P2"},"per_gpu_power_draw":{"0":50.26},"cpu_count_adjusted_average_load":[0.15875,0.1475,0.1409375],"cpu_freq":[{"current":1396.968,"min":1200.0,"max":3200.0},{"current":1385.062,"min":1200.0,"max":3200.0},{"current":1396.406,"min":1200.0,"max":3200.0},{"current":1996.406,"min":1200.0,"max":3200.0},{"current":1233.093,"min":1200.0,"max":3200.0},{"current":1200.843,"min":1200.0,"max":3200.0},{"current":2399.906,"min":1200.0,"max":3200.0},{"current":2399.906,"min":1200.0,"max":3200.0},{"current":1279.875,"min":1200.0,"max":3200.0},{"current":3060.843,"min":1200.0,"max":3200.0},{"current":1301.718,"min":1200.0,"max":3200.0},{"current":2099.906,"min":1200.0,"max":3200.0},{"current":1200.093,"min":1200.0,"max":3200.0},{"current":1257.375,"min":1200.0,"max":3200.0},{"current":1200.093,"min":1200.0,"max":3200.0},{"current":1200.093,"min":1200.0,"max":3200.0},{"current":1314.375,"min":1200.0,"max":3200.0},{"current":1484.718,"min":1200.0,"max":3200.0},{"current":1764.562,"min":1200.0,"max":3200.0},{"current":1633.218,"min":1200.0,"max":3200.0},{"current":1272.656,"min":1200.0,"max":3200.0},{"current":1234.218,"min":1200.0,"max":3200.0},{"current":2400.093,"min":1200.0,"max":3200.0},{"current":2400.0,"min":1200.0,"max":3200.0},{"current":1245.562,"min":1200.0,"max":3200.0},{"current":3077.625,"min":1200.0,"max":3200.0},{"current":1346.25,"min":1200.0,"max":3200.0},{"current":2029.781,"min":1200.0,"max":3200.0},{"current":1215.75,"min":1200.0,"max":3200.0},{"current":1295.156,"min":1200.0,"max":3200.0},{"current":1203.843,"min":1200.0,"max":3200.0},{"current":1225.406,"min":1200.0,"max":3200.0}],"realtime_carbon_intensity":401.6330249509,"disk_write_speed":55.873421371,"process_ids":[24385,24449]}
{"timestamp":1573522812.5544009209,"rapl_power_draw_absolute":65.6352596119,"rapl_estimated_attributable_power_draw":15.107149545,"cpu_time_seconds":{"24385":{"user":101.12,"system":6.61,"children_user":0.15,"children_system":0.11},"24449":{"user":1.92,"system":1.63,"children_user":0.14,"children_system":1.58}},"average_relative_cpu_utilization":0.2389281962,"absolute_cpu_utilization":0.9986098742,"relative_mem_usage":0.1257759508,"absolute_mem_usage":10086367232.0,"absolute_mem_percent_usage":0.0746589417,"mem_info_per_process":{"24385":{"rss":4548984832,"vms":13828997120,"shared":556806144,"text":2322432,"lib":0,"data":12259086336,"dirty":0,"uss":3835334656,"pss":4189182976,"swap":0},"24449":{"rss":1560936448,"vms":3674329088,"shared":11522048,"text":2322432,"lib":0,"data":2313175040,"dirty":0,"uss":854880256,"pss":1206969344,"swap":0}},"nvidia_draw_absolute":50.25,"nvidia_estimated_attributable_power_draw":50.25,"average_gpu_estimated_utilization_absolute":0.3266666667,"per_gpu_average_estimated_utilization_absolute":{"(0, 24385)":{"sm":32.6666666667,"mem":7.3333333333,"enc":0.0,"dec":0.0}},"average_gpu_estimated_utilization_relative":1.0,"per_gpu_performance_state":{"0":"P2"},"per_gpu_power_draw":{"0":50.25},"cpu_count_adjusted_average_load":[0.15625,0.146875,0.1409375],"cpu_freq":[{"current":2399.906,"min":1200.0,"max":3200.0},{"current":1774.968,"min":1200.0,"max":3200.0},{"current":2400.0,"min":1200.0,"max":3200.0},{"current":1597.968,"min":1200.0,"max":3200.0},{"current":1384.781,"min":1200.0,"max":3200.0},{"current":1239.937,"min":1200.0,"max":3200.0},{"current":2399.906,"min":1200.0,"max":3200.0},{"current":1200.0,"min":1200.0,"max":3200.0},{"current":1295.062,"min":1200.0,"max":3200.0},{"current":3184.687,"min":1200.0,"max":3200.0},{"current":1199.906,"min":1200.0,"max":3200.0},{"current":2198.531,"min":1200.0,"max":3200.0},{"current":1229.437,"min":1200.0,"max":3200.0},{"current":1401.937,"min":1200.0,"max":3200.0},{"current":1200.093,"min":1200.0,"max":3200.0},{"current":1200.375,"min":1200.0,"max":3200.0},{"current":1597.968,"min":1200.0,"max":3200.0},{"current":1698.187,"min":1200.0,"max":3200.0},{"current":2399.906,"min":1200.0,"max":3200.0},{"current":1699.968,"min":1200.0,"max":3200.0},{"current":1275.843,"min":1200.0,"max":3200.0},{"current":1218.75,"min":1200.0,"max":3200.0},{"current":2400.0,"min":1200.0,"max":3200.0},{"current":1316.437,"min":1200.0,"max":3200.0},{"current":1353.75,"min":1200.0,"max":3200.0},{"current":3082.312,"min":1200.0,"max":3200.0},{"current":1325.062,"min":1200.0,"max":3200.0},{"current":2197.875,"min":1200.0,"max":3200.0},{"current":1291.593,"min":1200.0,"max":3200.0},{"current":1286.906,"min":1200.0,"max":3200.0},{"current":1204.125,"min":1200.0,"max":3200.0},{"current":1200.281,"min":1200.0,"max":3200.0}],"realtime_carbon_intensity":401.6330249509,"disk_write_speed":50.3465118394,"process_ids":[24385,24449]}
{"timestamp":1573522820.546681881,"rapl_power_draw_absolute":65.1386331396,"rapl_estimated_attributable_power_draw":14.9575458057,"cpu_time_seconds":{"24385":{"user":108.83,"system":6.89,"children_user":0.15,"children_system":0.11},"24449":{"user":2.1,"system":1.82,"children_user":0.17,"children_system":1.74}},"average_relative_cpu_utilization":0.2383591844,"absolute_cpu_utilization":0.9986364702,"relative_mem_usage":0.1257750031,"absolute_mem_usage":10086907904.0,"absolute_mem_percent_usage":0.0746629437,"mem_info_per_process":{"24385":{"rss":4548984832,"vms":13828997120,"shared":556806144,"text":2322432,"lib":0,"data":12259086336,"dirty":0,"uss":3835514880,"pss":4189273088,"swap":0},"24449":{"rss":1560936448,"vms":3674329088,"shared":11522048,"text":2322432,"lib":0,"data":2313175040,"dirty":0,"uss":855060480,"pss":1207059456,"swap":0}},"nvidia_draw_absolute":55.15,"nvidia_estimated_attributable_power_draw":55.15,"average_gpu_estimated_utilization_absolute":0.33,"per_gpu_average_estimated_utilization_absolute":{"(0, 24385)":{"sm":33.0,"mem":7.5,"enc":0.0,"dec":0.0}},"average_gpu_estimated_utilization_relative":1.0,"per_gpu_performance_state":{"0":"P2"},"per_gpu_power_draw":{"0":55.15},"cpu_count_adjusted_average_load":[0.15125,0.14625,0.1409375],"cpu_freq":[{"current":1887.093,"min":1200.0,"max":3200.0},{"current":1499.812,"min":1200.0,"max":3200.0},{"current":2400.0,"min":1200.0,"max":3200.0},{"current":1395.281,"min":1200.0,"max":3200.0},{"current":1200.562,"min":1200.0,"max":3200.0},{"current":1265.437,"min":1200.0,"max":3200.0},{"current":2399.906,"min":1200.0,"max":3200.0},{"current":1430.062,"min":1200.0,"max":3200.0},{"current":1371.562,"min":1200.0,"max":3200.0},{"current":3074.437,"min":1200.0,"max":3200.0},{"current":1399.968,"min":1200.0,"max":3200.0},{"current":1231.593,"min":1200.0,"max":3200.0},{"current":1200.281,"min":1200.0,"max":3200.0},{"current":1227.375,"min":1200.0,"max":3200.0},{"current":1200.187,"min":1200.0,"max":3200.0},{"current":1222.031,"min":1200.0,"max":3200.0},{"current":2400.0,"min":1200.0,"max":3200.0},{"current":1494.843,"min":1200.0,"max":3200.0},{"current":2400.0,"min":1200.0,"max":3200.0},{"current":1499.531,"min":1200.0,"max":3200.0},{"current":1200.0,"min":1200.0,"max":3200.0},{"current":1201.968,"min":1200.0,"max":3200.0},{"current":2399.906,"min":1200.0,"max":3200.0},{"current":1399.968,"min":1200.0,"max":3200.0},{"current":1647.937,"min":1200.0,"max":3200.0},{"current":3106.781,"min":1200.0,"max":3200.0},{"current":1200.0,"min":1200.0,"max":3200.0},{"current":1298.906,"min":1200.0,"max":3200.0},{"current":1274.25,"min":1200.0,"max":3200.0},{"current":1248.281,"min":1200.0,"max":3200.0},{"current":1300.312,"min":1200.0,"max":3200.0},{"current":1200.281,"min":1200.0,"max":3200.0}],"realtime_carbon_intensity":401.6330249509,"disk_write_speed":46.5131508786,"process_ids":[24385,24449]}
{"timestamp":1573522828.5661680698,"rapl_power_draw_absolute":65.5339679149,"rapl_estimated_attributable_power_draw":15.1416862036,"cpu_time_seconds":{"24385":{"user":116.67,"system":7.08,"children_user":0.15,"children_system":0.11},"24449":{"user":2.28,"system":2.05,"children_user":0.18,"children_system":1.93}},"average_relative_cpu_utilization":0.2398368324,"absolute_cpu_utilization":1.0035997464,"relative_mem_usage":0.1257685596,"absolute_mem_usage":10087337984.0,"absolute_mem_percent_usage":0.0746661272,"mem_info_per_process":{"24385":{"rss":4548984832,"vms":13828997120,"shared":556806144,"text":2322432,"lib":0,"data":12259086336,"dirty":0,"uss":3835658240,"pss":4189344768,"swap":0},"24449":{"rss":1560936448,"vms":3674329088,"shared":11522048,"text":2322432,"lib":0,"data":2313175040,"dirty":0,"uss":855203840,"pss":1207131136,"swap":0}},"nvidia_draw_absolute":51.98,"nvidia_estimated_attributable_power_draw":51.98,"average_gpu_estimated_utilization_absolute":0.33,"per_gpu_average_estimated_utilization_absolute":{"(0, 24385)":{"sm":33.0,"mem":7.5,"enc":0.0,"dec":0.0}},"average_gpu_estimated_utilization_relative":1.0,"per_gpu_performance_state":{"0":"P2"},"per_gpu_power_draw":{"0":51.98},"cpu_count_adjusted_average_load":[0.149375,0.1459375,0.1409375],"cpu_freq":[{"current":2399.906,"min":1200.0,"max":3200.0},{"current":1594.406,"min":1200.0,"max":3200.0},{"current":1799.906,"min":1200.0,"max":3200.0},{"current":2169.468,"min":1200.0,"max":3200.0},{"current":1255.312,"min":1200.0,"max":3200.0},{"current":1201.218,"min":1200.0,"max":3200.0},{"current":1397.343,"min":1200.0,"max":3200.0},{"current":2305.968,"min":1200.0,"max":3200.0},{"current":1505.343,"min":1200.0,"max":3200.0},{"current":3132.843,"min":1200.0,"max":3200.0},{"current":1297.125,"min":1200.0,"max":3200.0},{"current":1200.281,"min":1200.0,"max":3200.0},{"current":1252.312,"min":1200.0,"max":3200.0},{"current":1216.5,"min":1200.0,"max":3200.0},{"current":1200.0,"min":1200.0,"max":3200.0},{"current":1199.906,"min":1200.0,"max":3200.0},{"current":2136.375,"min":1200.0,"max":3200.0},{"current":1592.812,"min":1200.0,"max":3200.0},{"current":1498.125,"min":1200.0,"max":3200.0},{"current":2399.906,"min":1200.0,"max":3200.0},{"current":1200.0,"min":1200.0,"max":3200.0},{"current":1218.75,"min":1200.0,"max":3200.0},{"current":1203.75,"min":1200.0,"max":3200.0},{"current":2101.031,"min":1200.0,"max":3200.0},{"current":1877.062,"min":1200.0,"max":3200.0},{"current":3078.375,"min":1200.0,"max":3200.0},{"current":1801.218,"min":1200.0,"max":3200.0},{"current":1318.593,"min":1200.0,"max":3200.0},{"current":1284.0,"min":1200.0,"max":3200.0},{"current":1330.781,"min":1200.0,"max":3200.0},{"current":1200.093,"min":1200.0,"max":3200.0},{"current":1200.093,"min":1200.0,"max":3200.0}],"realtime_carbon_intensity":401.6330249509,"disk_write_speed":41.2426803692,"process_ids":[24385,24449]}
{"timestamp":1573522836.5584249496,"rapl_power_draw_absolute":64.9460372685,"rapl_estimated_attributable_power_draw":15.0471004365,"cpu_time_seconds":{"24385":{"user":124.41,"system":7.33,"children_user":0.15,"children_system":0.11},"24449":{"user":2.45,"system":2.24,"children_user":0.2,"children_system":2.09}},"average_relative_cpu_utilization":0.2406504324,"absolute_cpu_utilization":0.9986081227,"relative_mem_usage":0.1257638641,"absolute_mem_usage":10087682048.0,"absolute_mem_percent_usage":0.0746686739,"mem_info_per_process":{"24385":{"rss":4548984832,"vms":13828997120,"shared":556806144,"text":2322432,"lib":0,"data":12259086336,"dirty":0,"uss":3835772928,"pss":4189402112,"swap":0},"24449":{"rss":1560936448,"vms":3674329088,"shared":11522048,"text":2322432,"lib":0,"data":2313175040,"dirty":0,"uss":855318528,"pss":1207188480,"swap":0}},"nvidia_draw_absolute":53.44,"nvidia_estimated_attributable_power_draw":53.44,"average_gpu_estimated_utilization_absolute":0.33,"per_gpu_average_estimated_utilization_absolute":{"(0, 24385)":{"sm":33,"mem":7,"enc":0,"dec":0}},"average_gpu_estimated_utilization_relative":1.0,"per_gpu_performance_state":{"0":"P2"},"per_gpu_power_draw":{"0":53.44},"cpu_count_adjusted_average_load":[0.155,0.1471875,0.14125],"cpu_freq":[{"current":2399.906,"min":1200.0,"max":3200.0},{"current":1652.437,"min":1200.0,"max":3200.0},{"current":2399.906,"min":1200.0,"max":3200.0},{"current":1309.125,"min":1200.0,"max":3200.0},{"current":1281.0,"min":1200.0,"max":3200.0},{"current":1201.781,"min":1200.0,"max":3200.0},{"current":1288.312,"min":1200.0,"max":3200.0},{"current":1694.812,"min":1200.0,"max":3200.0},{"current":1216.593,"min":1200.0,"max":3200.0},{"current":3171.656,"min":1200.0,"max":3200.0},{"current":1299.937,"min":1200.0,"max":3200.0},{"current":1654.875,"min":1200.0,"max":3200.0},{"current":1230.843,"min":1200.0,"max":3200.0},{"current":1323.281,"min":1200.0,"max":3200.0},{"current":1200.093,"min":1200.0,"max":3200.0},{"current":1200.093,"min":1200.0,"max":3200.0},{"current":2400.0,"min":1200.0,"max":3200.0},{"current":1559.437,"min":1200.0,"max":3200.0},{"current":2195.437,"min":1200.0,"max":3200.0},{"current":1292.156,"min":1200.0,"max":3200.0},{"current":1215.0,"min":1200.0,"max":3200.0},{"current":1204.593,"min":1200.0,"max":3200.0},{"current":2400.0,"min":1200.0,"max":3200.0},{"current":1714.968,"min":1200.0,"max":3200.0},{"current":1347.375,"min":1200.0,"max":3200.0},{"current":2938.875,"min":1200.0,"max":3200.0},{"current":1293.656,"min":1200.0,"max":3200.0},{"current":1375.687,"min":1200.0,"max":3200.0},{"current":1248.937,"min":1200.0,"max":3200.0},{"current":1339.218,"min":1200.0,"max":3200.0},{"current":1200.093,"min":1200.0,"max":3200.0},{"current":1200.656,"min":1200.0,"max":3200.0}],"realtime_carbon_intensity":401.6330249509,"disk_write_speed":38.9737471276,"process_ids":[24385,24449]}
{"timestamp":1573522844.576843977,"rapl_power_draw_absolute":65.0914273691,"rapl_estimated_attributable_power_draw":15.0657800817,"cpu_time_seconds":{"24385":{"user":132.16,"system":7.6,"children_user":0.15,"children_system":0.11},"24449":{"user":2.64,"system":2.45,"children_user":0.21,"children_system":2.27}},"average_relative_cpu_utilization":0.2403606156,"absolute_cpu_utilization":0.9986000019,"relative_mem_usage":0.1257579934,"absolute_mem_usage":10087952384.0,"absolute_mem_percent_usage":0.0746706749,"mem_info_per_process":{"24385":{"rss":4548984832,"vms":13828997120,"shared":556806144,"text":2322432,"lib":0,"data":12259086336,"dirty":0,"uss":3835863040,"pss":4189447168,"swap":0},"24449":{"rss":1560936448,"vms":3674329088,"shared":11522048,"text":2322432,"lib":0,"data":2313175040,"dirty":0,"uss":855408640,"pss":1207233536,"swap":0}},"nvidia_draw_absolute":51.01,"nvidia_estimated_attributable_power_draw":51.01,"average_gpu_estimated_utilization_absolute":0.33,"per_gpu_average_estimated_utilization_absolute":{"(0, 24385)":{"sm":33.0,"mem":7.5,"enc":0.0,"dec":0.0}},"average_gpu_estimated_utilization_relative":1.0,"per_gpu_performance_state":{"0":"P2"},"per_gpu_power_draw":{"0":51.01},"cpu_count_adjusted_average_load":[0.148125,0.1459375,0.1409375],"cpu_freq":[{"current":1473.75,"min":1200.0,"max":3200.0},{"current":1841.625,"min":1200.0,"max":3200.0},{"current":2400.0,"min":1200.0,"max":3200.0},{"current":2383.406,"min":1200.0,"max":3200.0},{"current":1239.656,"min":1200.0,"max":3200.0},{"current":1201.031,"min":1200.0,"max":3200.0},{"current":1291.218,"min":1200.0,"max":3200.0},{"current":2399.906,"min":1200.0,"max":3200.0},{"current":1693.968,"min":1200.0,"max":3200.0},{"current":3087.843,"min":1200.0,"max":3200.0},{"current":1200.281,"min":1200.0,"max":3200.0},{"current":1794.75,"min":1200.0,"max":3200.0},{"current":1200.093,"min":1200.0,"max":3200.0},{"current":1201.593,"min":1200.0,"max":3200.0},{"current":1200.093,"min":1200.0,"max":3200.0},{"current":1200.093,"min":1200.0,"max":3200.0},{"current":1590.656,"min":1200.0,"max":3200.0},{"current":2296.781,"min":1200.0,"max":3200.0},{"current":2400.0,"min":1200.0,"max":3200.0},{"current":1298.718,"min":1200.0,"max":3200.0},{"current":1200.0,"min":1200.0,"max":3200.0},{"current":1204.593,"min":1200.0,"max":3200.0},{"current":1294.125,"min":1200.0,"max":3200.0},{"current":2399.906,"min":1200.0,"max":3200.0},{"current":1401.093,"min":1200.0,"max":3200.0},{"current":2850.281,"min":1200.0,"max":3200.0},{"current":1532.343,"min":1200.0,"max":3200.0},{"current":1501.5,"min":1200.0,"max":3200.0},{"current":1254.468,"min":1200.0,"max":3200.0},{"current":1278.468,"min":1200.0,"max":3200.0},{"current":1203.562,"min":1200.0,"max":3200.0},{"current":1200.281,"min":1200.0,"max":3200.0}],"realtime_carbon_intensity":401.6330249509,"disk_write_speed":30.8818687551,"process_ids":[24385,24449]}
{"timestamp":1573522852.5854380131,"rapl_power_draw_absolute":64.9895638569,"rapl_estimated_attributable_power_draw":15.1996804307,"cpu_time_seconds":{"24385":{"user":139.95,"system":7.82,"children_user":0.15,"children_system":0.11},"24449":{"user":2.83,"system":2.63,"children_user":0.23,"children_system":2.44}},"average_relative_cpu_utilization":0.2429890305,"absolute_cpu_utilization":0.9985821411,"relative_mem_usage":0.1257503863,"absolute_mem_usage":10088185856.0,"absolute_mem_percent_usage":0.0746724031,"mem_info_per_process":{"24385":{"rss":4548984832,"vms":13828997120,"shared":556806144,"text":2322432,"lib":0,"data":12259086336,"dirty":0,"uss":3835940864,"pss":4189486080,"swap":0},"24449":{"rss":1560936448,"vms":3674329088,"shared":11522048,"text":2322432,"lib":0,"data":2313175040,"dirty":0,"uss":855486464,"pss":1207272448,"swap":0}},"nvidia_draw_absolute":51.5,"nvidia_estimated_attributable_power_draw":51.5,"average_gpu_estimated_utilization_absolute":0.33,"per_gpu_average_estimated_utilization_absolute":{"(0, 24385)":{"sm":33.0,"mem":7.5,"enc":0.0,"dec":0.0}},"average_gpu_estimated_utilization_relative":1.0,"per_gpu_performance_state":{"0":"P2"},"per_gpu_power_draw":{"0":51.5},"cpu_count_adjusted_average_load":[0.14375,0.1453125,0.140625],"cpu_freq":[{"current":2378.343,"min":1200.0,"max":3200.0},{"current":1461.562,"min":1200.0,"max":3200.0},{"current":2091.843,"min":1200.0,"max":3200.0},{"current":1495.781,"min":1200.0,"max":3200.0},{"current":1275.093,"min":1200.0,"max":3200.0},{"current":1233.75,"min":1200.0,"max":3200.0},{"current":1597.5,"min":1200.0,"max":3200.0},{"current":1398.187,"min":1200.0,"max":3200.0},{"current":1482.281,"min":1200.0,"max":3200.0},{"current":3152.531,"min":1200.0,"max":3200.0},{"current":1299.843,"min":1200.0,"max":3200.0},{"current":1703.156,"min":1200.0,"max":3200.0},{"current":1286.906,"min":1200.0,"max":3200.0},{"current":1226.906,"min":1200.0,"max":3200.0},{"current":1200.093,"min":1200.0,"max":3200.0},{"current":1200.093,"min":1200.0,"max":3200.0},{"current":2400.093,"min":1200.0,"max":3200.0},{"current":2399.906,"min":1200.0,"max":3200.0},{"current":1700.906,"min":1200.0,"max":3200.0},{"current":1968.187,"min":1200.0,"max":3200.0},{"current":1213.5,"min":1200.0,"max":3200.0},{"current":1206.937,"min":1200.0,"max":3200.0},{"current":1996.875,"min":1200.0,"max":3200.0},{"current":1398.0,"min":1200.0,"max":3200.0},{"current":1701.375,"min":1200.0,"max":3200.0},{"current":3058.687,"min":1200.0,"max":3200.0},{"current":1443.0,"min":1200.0,"max":3200.0},{"current":1579.593,"min":1200.0,"max":3200.0},{"current":1345.593,"min":1200.0,"max":3200.0},{"current":1278.468,"min":1200.0,"max":3200.0},{"current":1203.562,"min":1200.0,"max":3200.0},{"current":1200.281,"min":1200.0,"max":3200.0}],"realtime_carbon_intensity":401.6330249509,"disk_write_speed":27.8310968179,"process_ids":[24385,24449]}
{"timestamp":1573522860.6230430603,"rapl_power_draw_absolute":66.4345861287,"rapl_estimated_attributable_power_draw":15.6216249239,"cpu_time_seconds":{"24385":{"user":147.78,"system":8.04,"children_user":0.15,"children_system":0.11},"24449":{"user":3.03,"system":2.8,"children_user":0.25,"children_system":2.6}},"average_relative_cpu_utilization":0.2441775024,"absolute_cpu_utilization":0.9986726068,"relative_mem_usage":0.1257401925,"absolute_mem_usage":10088345600.0,"absolute_mem_percent_usage":0.0746735855,"mem_info_per_process":{"24385":{"rss":4548984832,"vms":13828997120,"shared":556806144,"text":2322432,"lib":0,"data":12259086336,"dirty":0,"uss":3835994112,"pss":4189512704,"swap":0},"24449":{"rss":1560936448,"vms":3674329088,"shared":11522048,"text":2322432,"lib":0,"data":2313175040,"dirty":0,"uss":855539712,"pss":1207299072,"swap":0}},"nvidia_draw_absolute":50.45,"nvidia_estimated_attributable_power_draw":50.45,"average_gpu_estimated_utilization_absolute":0.33,"per_gpu_average_estimated_utilization_absolute":{"(0, 24385)":{"sm":33.0,"mem":7.5,"enc":0.0,"dec":0.0}},"average_gpu_estimated_utilization_relative":1.0,"per_gpu_performance_state":{"0":"P2"},"per_gpu_power_draw":{"0":50.45},"cpu_count_adjusted_average_load":[0.1403125,0.144375,0.1403125],"cpu_freq":[{"current":2400.0,"min":1200.0,"max":3200.0},{"current":2400.0,"min":1200.0,"max":3200.0},{"current":1498.031,"min":1200.0,"max":3200.0},{"current":1286.531,"min":1200.0,"max":3200.0},{"current":1286.531,"min":1200.0,"max":3200.0},{"current":1409.156,"min":1200.0,"max":3200.0},{"current":1350.937,"min":1200.0,"max":3200.0},{"current":1899.281,"min":1200.0,"max":3200.0},{"current":1427.531,"min":1200.0,"max":3200.0},{"current":3146.906,"min":1200.0,"max":3200.0},{"current":1698.375,"min":1200.0,"max":3200.0},{"current":1432.125,"min":1200.0,"max":3200.0},{"current":1295.25,"min":1200.0,"max":3200.0},{"current":1251.468,"min":1200.0,"max":3200.0},{"current":1200.093,"min":1200.0,"max":3200.0},{"current":1200.093,"min":1200.0,"max":3200.0},{"current":2400.0,"min":1200.0,"max":3200.0},{"current":2399.906,"min":1200.0,"max":3200.0},{"current":1267.312,"min":1200.0,"max":3200.0},{"current":1324.031,"min":1200.0,"max":3200.0},{"current":1281.093,"min":1200.0,"max":3200.0},{"current":1217.625,"min":1200.0,"max":3200.0},{"current":1239.468,"min":1200.0,"max":3200.0},{"current":2399.906,"min":1200.0,"max":3200.0},{"current":1302.187,"min":1200.0,"max":3200.0},{"current":3041.531,"min":1200.0,"max":3200.0},{"current":1703.343,"min":1200.0,"max":3200.0},{"current":1256.718,"min":1200.0,"max":3200.0},{"current":1259.25,"min":1200.0,"max":3200.0},{"current":1282.593,"min":1200.0,"max":3200.0},{"current":1223.531,"min":1200.0,"max":3200.0},{"current":1290.0,"min":1200.0,"max":3200.0}],"realtime_carbon_intensity":401.6330249509,"disk_write_speed":24.3591363994,"process_ids":[24385,24449]}
{"timestamp":1573522868.7515740395,"rapl_power_draw_absolute":65.5871947246,"rapl_estimated_attributable_power_draw":15.2375551965,"cpu_time_seconds":{"24385":{"user":155.65,"system":8.29,"children_user":0.15,"children_system":0.11},"24449":{"user":3.2,"system":2.97,"children_user":0.28,"children_system":2.77}},"average_relative_cpu_utilization":0.2412326781,"absolute_cpu_utilization":0.9986070732,"relative_mem_usage":0.1257324414,"absolute_mem_usage":10088480768.0,"absolute_mem_percent_usage":0.074674586,"mem_info_per_process":{"24385":{"rss":4548984832,"vms":13828997120,"shared":556806144,"text":2322432,"lib":0,"data":12259086336,"dirty":0,"uss":3836039168,"pss":4189535232,"swap":0},"24449":{"rss":1560936448,"vms":3674329088,"shared":11522048,"text":2322432,"lib":0,"data":2313175040,"dirty":0,"uss":855584768,"pss":1207321600,"swap":0}},"nvidia_draw_absolute":50.17,"nvidia_estimated_attributable_power_draw":50.17,"average_gpu_estimated_utilization_absolute":0.33,"per_gpu_average_estimated_utilization_absolute":{"(0, 24385)":{"sm":33.0,"mem":7.5,"enc":0.0,"dec":0.0}},"average_gpu_estimated_utilization_relative":1.0,"per_gpu_performance_state":{"0":"P2"},"per_gpu_power_draw":{"0":50.17},"cpu_count_adjusted_average_load":[0.1903125,0.1546875,0.14375],"cpu_freq":[{"current":1297.687,"min":1200.0,"max":3200.0},{"current":2399.906,"min":1200.0,"max":3200.0},{"current":1199.906,"min":1200.0,"max":3200.0},{"current":2399.906,"min":1200.0,"max":3200.0},{"current":1262.812,"min":1200.0,"max":3200.0},{"current":1300.781,"min":1200.0,"max":3200.0},{"current":2399.906,"min":1200.0,"max":3200.0},{"current":1732.125,"min":1200.0,"max":3200.0},{"current":1399.968,"min":1200.0,"max":3200.0},{"current":3146.343,"min":1200.0,"max":3200.0},{"current":1357.406,"min":1200.0,"max":3200.0},{"current":1404.75,"min":1200.0,"max":3200.0},{"current":1200.093,"min":1200.0,"max":3200.0},{"current":1367.906,"min":1200.0,"max":3200.0},{"current":1222.593,"min":1200.0,"max":3200.0},{"current":1272.375,"min":1200.0,"max":3200.0},{"current":1299.656,"min":1200.0,"max":3200.0},{"current":2400.0,"min":1200.0,"max":3200.0},{"current":1238.437,"min":1200.0,"max":3200.0},{"current":2400.0,"min":1200.0,"max":3200.0},{"current":1221.093,"min":1200.0,"max":3200.0},{"current":1283.343,"min":1200.0,"max":3200.0},{"current":2399.156,"min":1200.0,"max":3200.0},{"current":2400.0,"min":1200.0,"max":3200.0},{"current":1279.312,"min":1200.0,"max":3200.0},{"current":2956.781,"min":1200.0,"max":3200.0},{"current":1401.562,"min":1200.0,"max":3200.0},{"current":1474.781,"min":1200.0,"max":3200.0},{"current":1241.625,"min":1200.0,"max":3200.0},{"current":1368.187,"min":1200.0,"max":3200.0},{"current":1277.718,"min":1200.0,"max":3200.0},{"current":1200.187,"min":1200.0,"max":3200.0}],"realtime_carbon_intensity":401.6330249509,"disk_write_speed":46.6085996672,"process_ids":[24385,24449]}
{"timestamp":1573522876.7869110107,"rapl_power_draw_absolute":65.8762813555,"rapl_estimated_attributable_power_draw":15.195326114,"cpu_time_seconds":{"24385":{"user":163.42,"system":8.57,"children_user":0.15,"children_system":0.11},"24449":{"user":3.42,"system":3.15,"children_user":0.28,"children_system":2.96}},"average_relative_cpu_utilization":0.2398323157,"absolute_cpu_utilization":1.0035943721,"relative_mem_usage":0.1257218127,"absolute_mem_usage":10088579072.0,"absolute_mem_percent_usage":0.0746753137,"mem_info_per_process":{"24385":{"rss":4548984832,"vms":13828997120,"shared":556806144,"text":2322432,"lib":0,"data":12259086336,"dirty":0,"uss":3836071936,"pss":4189551616,"swap":0},"24449":{"rss":1560936448,"vms":3674329088,"shared":11522048,"text":2322432,"lib":0,"data":2313175040,"dirty":0,"uss":855617536,"pss":1207337984,"swap":0}},"nvidia_draw_absolute":54.27,"nvidia_estimated_attributable_power_draw":54.27,"average_gpu_estimated_utilization_absolute":0.33,"per_gpu_average_estimated_utilization_absolute":{"(0, 24385)":{"sm":33.0,"mem":7.5,"enc":0.0,"dec":0.0}},"average_gpu_estimated_utilization_relative":1.0,"per_gpu_performance_state":{"0":"P2"},"per_gpu_power_draw":{"0":54.27},"cpu_count_adjusted_average_load":[0.185,0.154375,0.14375],"cpu_freq":[{"current":1205.718,"min":1200.0,"max":3200.0},{"current":2014.031,"min":1200.0,"max":3200.0},{"current":1460.812,"min":1200.0,"max":3200.0},{"current":1200.0,"min":1200.0,"max":3200.0},{"current":1200.656,"min":1200.0,"max":3200.0},{"current":1222.5,"min":1200.0,"max":3200.0},{"current":1372.968,"min":1200.0,"max":3200.0},{"current":1873.968,"min":1200.0,"max":3200.0},{"current":1393.687,"min":1200.0,"max":3200.0},{"current":3047.625,"min":1200.0,"max":3200.0},{"current":1296.562,"min":1200.0,"max":3200.0},{"current":1315.687,"min":1200.0,"max":3200.0},{"current":1210.593,"min":1200.0,"max":3200.0},{"current":1225.312,"min":1200.0,"max":3200.0},{"current":1200.187,"min":1200.0,"max":3200.0},{"current":1200.093,"min":1200.0,"max":3200.0},{"current":1363.312,"min":1200.0,"max":3200.0},{"current":2199.937,"min":1200.0,"max":3200.0},{"current":2399.906,"min":1200.0,"max":3200.0},{"current":1858.781,"min":1200.0,"max":3200.0},{"current":1200.0,"min":1200.0,"max":3200.0},{"current":1256.531,"min":1200.0,"max":3200.0},{"current":2399.906,"min":1200.0,"max":3200.0},{"current":1895.718,"min":1200.0,"max":3200.0},{"current":1345.5,"min":1200.0,"max":3200.0},{"current":2956.781,"min":1200.0,"max":3200.0},{"current":1475.625,"min":1200.0,"max":3200.0},{"current":1576.031,"min":1200.0,"max":3200.0},{"current":1204.312,"min":1200.0,"max":3200.0},{"current":1443.468,"min":1200.0,"max":3200.0},{"current":1202.062,"min":1200.0,"max":3200.0},{"current":1204.781,"min":1200.0,"max":3200.0}],"realtime_carbon_intensity":401.6330249509,"disk_write_speed":33.8182461489,"process_ids":[24385,24449]}
{"timestamp":1573522884.8168199062,"rapl_power_draw_absolute":65.3242270331,"rapl_estimated_attributable_power_draw":15.3722871496,"cpu_time_seconds":{"24385":{"user":171.24,"system":8.78,"children_user":0.15,"children_system":0.11},"24449":{"user":3.6,"system":3.32,"children_user":0.29,"children_system":3.15}},"average_relative_cpu_utilization":0.2444744842,"absolute_cpu_utilization":0.9985988429,"relative_mem_usage":0.1257146325,"absolute_mem_usage":10088665088.0,"absolute_mem_percent_usage":0.0746759503,"mem_info_per_process":{"24385":{"rss":4548984832,"vms":13828997120,"shared":556806144,"text":2322432,"lib":0,"data":12259086336,"dirty":0,"uss":3836100608,"pss":4189565952,"swap":0},"24449":{"rss":1560936448,"vms":3674329088,"shared":11522048,"text":2322432,"lib":0,"data":2313175040,"dirty":0,"uss":855646208,"pss":1207352320,"swap":0}},"nvidia_draw_absolute":50.34,"nvidia_estimated_attributable_power_draw":50.34,"average_gpu_estimated_utilization_absolute":0.33,"per_gpu_average_estimated_utilization_absolute":{"(0, 24385)":{"sm":33.0,"mem":7.5,"enc":0.0,"dec":0.0}},"average_gpu_estimated_utilization_relative":1.0,"per_gpu_performance_state":{"0":"P2"},"per_gpu_power_draw":{"0":50.34},"cpu_count_adjusted_average_load":[0.175625,0.1534375,0.1434375],"cpu_freq":[{"current":1248.281,"min":1200.0,"max":3200.0},{"current":1894.687,"min":1200.0,"max":3200.0},{"current":2399.906,"min":1200.0,"max":3200.0},{"current":2223.375,"min":1200.0,"max":3200.0},{"current":1246.5,"min":1200.0,"max":3200.0},{"current":1201.781,"min":1200.0,"max":3200.0},{"current":1397.906,"min":1200.0,"max":3200.0},{"current":2399.906,"min":1200.0,"max":3200.0},{"current":1263.656,"min":1200.0,"max":3200.0},{"current":3157.218,"min":1200.0,"max":3200.0},{"current":1200.093,"min":1200.0,"max":3200.0},{"current":1508.906,"min":1200.0,"max":3200.0},{"current":1200.187,"min":1200.0,"max":3200.0},{"current":1209.937,"min":1200.0,"max":3200.0},{"current":1200.093,"min":1200.0,"max":3200.0},{"current":1200.468,"min":1200.0,"max":3200.0},{"current":1696.218,"min":1200.0,"max":3200.0},{"current":1396.125,"min":1200.0,"max":3200.0},{"current":2400.0,"min":1200.0,"max":3200.0},{"current":2194.406,"min":1200.0,"max":3200.0},{"current":1227.562,"min":1200.0,"max":3200.0},{"current":1218.75,"min":1200.0,"max":3200.0},{"current":2262.656,"min":1200.0,"max":3200.0},{"current":2399.906,"min":1200.0,"max":3200.0},{"current":1270.875,"min":1200.0,"max":3200.0},{"current":2997.187,"min":1200.0,"max":3200.0},{"current":1392.375,"min":1200.0,"max":3200.0},{"current":1566.187,"min":1200.0,"max":3200.0},{"current":1226.531,"min":1200.0,"max":3200.0},{"current":1572.187,"min":1200.0,"max":3200.0},{"current":1202.062,"min":1200.0,"max":3200.0},{"current":1200.281,"min":1200.0,"max":3200.0}],"realtime_carbon_intensity":401.6330249509,"disk_write_speed":19.8246726023,"process_ids":[24385,24449]}
