{"timestamp":1572415821.3105831146,"rapl_power_draw_absolute":85.4816123609,"rapl_estimated_attributable_power_draw":20.1569804674,"cpu_time_seconds":{"31184":{"user":9.25,"system":2.82,"children_user":1.04,"children_system":0.19},"31255":{"user":0.01,"system":0.02,"children_user":0.0,"children_system":0.04}},"average_relative_cpu_utilization":0.2456901664,"absolute_cpu_utilization":0.9987666136,"relative_mem_usage":0.1501062824,"absolute_mem_usage":3661276160.0,"absolute_mem_percent_usage":0.0271006922,"mem_info_per_process":{"31184":{"rss":3663491072,"vms":11437641728,"shared":571465728,"text":2322432,"lib":0,"data":9683247104,"dirty":0,"uss":104665088,"pss":1785891840,"swap":0},"31255":{"rss":3266146304,"vms":11437641728,"shared":173973504,"text":2322432,"lib":0,"data":9683247104,"dirty":0,"uss":94416896,"pss":1676302336,"swap":0}},"nvidia_draw_absolute":47.11,"nvidia_estimated_attributable_power_draw":47.11,"average_gpu_estimated_utilization_absolute":0.28,"per_gpu_average_estimated_utilization_absolute":{"(0, 31184)":{"sm":28,"mem":3,"enc":0,"dec":0}},"average_gpu_estimated_utilization_relative":1.0,"per_gpu_performance_state":{"0":"P2"},"per_gpu_power_draw":{"0":47.11},"cpu_count_adjusted_average_load":[0.160625,0.1628125,0.1621875],"realtime_carbon_intensity":339.5983864533,"disk_write_speed":30.5730407821,"process_ids":[31184,31255]}
{"timestamp":1572415829.3653030396,"rapl_power_draw_absolute":85.5309297591,"rapl_estimated_attributable_power_draw":20.1558654257,"cpu_time_seconds":{"31184":{"user":17.29,"system":2.84,"children_user":1.04,"children_system":0.19},"31255":{"user":0.13,"system":0.2,"children_user":0.0,"children_system":0.21}},"average_relative_cpu_utilization":0.2463087351,"absolute_cpu_utilization":1.0037738674,"relative_mem_usage":0.1515955125,"absolute_mem_usage":3699273728.0,"absolute_mem_percent_usage":0.0273819494,"mem_info_per_process":{"31184":{"rss":3663491072,"vms":11437641728,"shared":571465728,"text":2322432,"lib":0,"data":9683247104,"dirty":0,"uss":117211136,"pss":1792070656,"swap":0},"31255":{"rss":3272892416,"vms":11437641728,"shared":180707328,"text":2322432,"lib":0,"data":9683247104,"dirty":0,"uss":106627072,"pss":1683364864,"swap":0}},"nvidia_draw_absolute":47.01,"nvidia_estimated_attributable_power_draw":47.01,"average_gpu_estimated_utilization_absolute":0.285,"per_gpu_average_estimated_utilization_absolute":{"(0, 31184)":{"sm":28.5,"mem":3.0,"enc":0.0,"dec":0.0}},"average_gpu_estimated_utilization_relative":1.0,"per_gpu_performance_state":{"0":"P2"},"per_gpu_power_draw":{"0":47.01},"cpu_count_adjusted_average_load":[0.1603125,0.1628125,0.1621875],"realtime_carbon_intensity":339.5983864533,"disk_write_speed":31.8463226389,"process_ids":[31184,31255]}
{"timestamp":1572415837.325345993,"rapl_power_draw_absolute":85.6488687092,"rapl_estimated_attributable_power_draw":20.1904961453,"cpu_time_seconds":{"31184":{"user":25.24,"system":2.85,"children_user":1.04,"children_system":0.19},"31255":{"user":0.24,"system":0.38,"children_user":0.01,"children_system":0.37}},"average_relative_cpu_utilization":0.2460088099,"absolute_cpu_utilization":1.0037940133,"relative_mem_usage":0.1516567518,"absolute_mem_usage":3701278720.0,"absolute_mem_percent_usage":0.0273967903,"mem_info_per_process":{"31184":{"rss":3663491072,"vms":11437641728,"shared":571465728,"text":2322432,"lib":0,"data":9683247104,"dirty":0,"uss":118308864,"pss":1792616448,"swap":0},"31255":{"rss":3273011200,"vms":11437641728,"shared":180826112,"text":2322432,"lib":0,"data":9683247104,"dirty":0,"uss":106856448,"pss":1683496960,"swap":0}},"nvidia_draw_absolute":46.62,"nvidia_estimated_attributable_power_draw":46.62,"average_gpu_estimated_utilization_absolute":0.28,"per_gpu_average_estimated_utilization_absolute":{"(0, 31184)":{"sm":28,"mem":3,"enc":0,"dec":0}},"average_gpu_estimated_utilization_relative":1.0,"per_gpu_performance_state":{"0":"P2"},"per_gpu_power_draw":{"0":46.62},"cpu_count_adjusted_average_load":[0.1546875,0.1615625,0.161875],"realtime_carbon_intensity":339.5983864533,"disk_write_speed":27.9070497786,"process_ids":[31184,31255]}
{"timestamp":1572415845.283121109,"rapl_power_draw_absolute":85.7155679061,"rapl_estimated_attributable_power_draw":20.3217271722,"cpu_time_seconds":{"31184":{"user":33.2,"system":2.85,"children_user":1.04,"children_system":0.19},"31255":{"user":0.33,"system":0.56,"children_user":0.02,"children_system":0.54}},"average_relative_cpu_utilization":0.2472211518,"absolute_cpu_utilization":1.0037883493,"relative_mem_usage":0.1516570008,"absolute_mem_usage":3701291008.0,"absolute_mem_percent_usage":0.0273968813,"mem_info_per_process":{"31184":{"rss":3663491072,"vms":11437641728,"shared":571465728,"text":2322432,"lib":0,"data":9683247104,"dirty":0,"uss":118312960,"pss":1792618496,"swap":0},"31255":{"rss":3273011200,"vms":11437641728,"shared":180826112,"text":2322432,"lib":0,"data":9683247104,"dirty":0,"uss":106860544,"pss":1683499008,"swap":0}},"nvidia_draw_absolute":46.52,"nvidia_estimated_attributable_power_draw":46.52,"average_gpu_estimated_utilization_absolute":0.2866666667,"per_gpu_average_estimated_utilization_absolute":{"(0, 31184)":{"sm":28.6666666667,"mem":2.6666666667,"enc":0.0,"dec":0.0}},"average_gpu_estimated_utilization_relative":1.0,"per_gpu_performance_state":{"0":"P2"},"per_gpu_power_draw":{"0":46.52},"cpu_count_adjusted_average_load":[0.1525,0.1609375,0.1615625],"realtime_carbon_intensity":339.5983864533,"disk_write_speed":21.2035543504,"process_ids":[31184,31255]}
{"timestamp":1572415853.2771699429,"rapl_power_draw_absolute":85.588337588,"rapl_estimated_attributable_power_draw":20.2387450527,"cpu_time_seconds":{"31184":{"user":41.18,"system":2.86,"children_user":1.04,"children_system":0.19},"31255":{"user":0.4,"system":0.75,"children_user":0.03,"children_system":0.71}},"average_relative_cpu_utilization":0.2468986048,"absolute_cpu_utilization":0.9993558506,"relative_mem_usage":0.1516630834,"absolute_mem_usage":3701311488.0,"absolute_mem_percent_usage":0.0273970329,"mem_info_per_process":{"31184":{"rss":3663491072,"vms":11437641728,"shared":571465728,"text":2322432,"lib":0,"data":9683247104,"dirty":0,"uss":118317056,"pss":1792620544,"swap":0},"31255":{"rss":3273015296,"vms":11437641728,"shared":180826112,"text":2322432,"lib":0,"data":9683247104,"dirty":0,"uss":106868736,"pss":1683505152,"swap":0}},"nvidia_draw_absolute":46.03,"nvidia_estimated_attributable_power_draw":46.03,"average_gpu_estimated_utilization_absolute":0.28,"per_gpu_average_estimated_utilization_absolute":{"(0, 31184)":{"sm":28,"mem":3,"enc":0,"dec":0}},"average_gpu_estimated_utilization_relative":1.0,"per_gpu_performance_state":{"0":"P2"},"per_gpu_power_draw":{"0":46.03},"cpu_count_adjusted_average_load":[0.150625,0.1603125,0.16125],"realtime_carbon_intensity":339.5983864533,"disk_write_speed":33.7263969463,"process_ids":[31184,31255]}
{"timestamp":1572415861.2559630871,"rapl_power_draw_absolute":85.6541108298,"rapl_estimated_attributable_power_draw":20.2844335897,"cpu_time_seconds":{"31184":{"user":49.16,"system":2.87,"children_user":1.04,"children_system":0.19},"31255":{"user":0.51,"system":0.94,"children_user":0.03,"children_system":0.88}},"average_relative_cpu_utilization":0.2463101548,"absolute_cpu_utilization":1.0037905025,"relative_mem_usage":0.1516771554,"absolute_mem_usage":3701323776.0,"absolute_mem_percent_usage":0.0273971238,"mem_info_per_process":{"31184":{"rss":3663491072,"vms":11437641728,"shared":571465728,"text":2322432,"lib":0,"data":9683247104,"dirty":0,"uss":118321152,"pss":1792622592,"swap":0},"31255":{"rss":3273015296,"vms":11437641728,"shared":180826112,"text":2322432,"lib":0,"data":9683247104,"dirty":0,"uss":106872832,"pss":1683507200,"swap":0}},"nvidia_draw_absolute":46.82,"nvidia_estimated_attributable_power_draw":46.82,"average_gpu_estimated_utilization_absolute":0.28,"per_gpu_average_estimated_utilization_absolute":{"(0, 31184)":{"sm":28,"mem":3,"enc":0,"dec":0}},"average_gpu_estimated_utilization_relative":1.0,"per_gpu_performance_state":{"0":"P2"},"per_gpu_power_draw":{"0":46.82},"cpu_count_adjusted_average_load":[0.14875,0.1596875,0.16125],"realtime_carbon_intensity":339.5983864533,"disk_write_speed":27.4759123582,"process_ids":[31184,31255]}
{"timestamp":1572415869.2210919857,"rapl_power_draw_absolute":85.468358195,"rapl_estimated_attributable_power_draw":20.2307131975,"cpu_time_seconds":{"31184":{"user":57.12,"system":2.87,"children_user":1.04,"children_system":0.19},"31255":{"user":0.6,"system":1.12,"children_user":0.04,"children_system":1.06}},"average_relative_cpu_utilization":0.2459881984,"absolute_cpu_utilization":0.9987824277,"relative_mem_usage":0.1516721599,"absolute_mem_usage":3701336064.0,"absolute_mem_percent_usage":0.0273972148,"mem_info_per_process":{"31184":{"rss":3663491072,"vms":11437641728,"shared":571465728,"text":2322432,"lib":0,"data":9683247104,"dirty":0,"uss":118325248,"pss":1792624640,"swap":0},"31255":{"rss":3273015296,"vms":11437641728,"shared":180826112,"text":2322432,"lib":0,"data":9683247104,"dirty":0,"uss":106876928,"pss":1683509248,"swap":0}},"nvidia_draw_absolute":46.52,"nvidia_estimated_attributable_power_draw":46.52,"average_gpu_estimated_utilization_absolute":0.285,"per_gpu_average_estimated_utilization_absolute":{"(0, 31184)":{"sm":28.5,"mem":3.0,"enc":0.0,"dec":0.0}},"average_gpu_estimated_utilization_relative":1.0,"per_gpu_performance_state":{"0":"P2"},"per_gpu_power_draw":{"0":46.52},"cpu_count_adjusted_average_load":[0.1496875,0.159375,0.1609375],"realtime_carbon_intensity":339.5983864533,"disk_write_speed":29.2359880964,"process_ids":[31184,31255]}
{"timestamp":1572415877.2063519955,"rapl_power_draw_absolute":85.5276820382,"rapl_estimated_attributable_power_draw":20.1896956651,"cpu_time_seconds":{"31184":{"user":65.08,"system":2.89,"children_user":1.04,"children_system":0.19},"31255":{"user":0.69,"system":1.32,"children_user":0.04,"children_system":1.23}},"average_relative_cpu_utilization":0.2453870395,"absolute_cpu_utilization":0.9987871083,"relative_mem_usage":0.1516819815,"absolute_mem_usage":3701348352.0,"absolute_mem_percent_usage":0.0273973058,"mem_info_per_process":{"31184":{"rss":3663491072,"vms":11437641728,"shared":571465728,"text":2322432,"lib":0,"data":9683247104,"dirty":0,"uss":118329344,"pss":1792626688,"swap":0},"31255":{"rss":3273015296,"vms":11437641728,"shared":180826112,"text":2322432,"lib":0,"data":9683247104,"dirty":0,"uss":106881024,"pss":1683511296,"swap":0}},"nvidia_draw_absolute":47.11,"nvidia_estimated_attributable_power_draw":47.11,"average_gpu_estimated_utilization_absolute":0.285,"per_gpu_average_estimated_utilization_absolute":{"(0, 31184)":{"sm":28.5,"mem":2.5,"enc":0.0,"dec":0.0}},"average_gpu_estimated_utilization_relative":1.0,"per_gpu_performance_state":{"0":"P2"},"per_gpu_power_draw":{"0":47.11},"cpu_count_adjusted_average_load":[0.1459375,0.1584375,0.160625],"realtime_carbon_intensity":339.5983864533,"disk_write_speed":25.5344351779,"process_ids":[31184,31255]}
{"timestamp":1572415885.1853649616,"rapl_power_draw_absolute":85.5901007895,"rapl_estimated_attributable_power_draw":20.3760838284,"cpu_time_seconds":{"31184":{"user":73.04,"system":2.92,"children_user":1.04,"children_system":0.19},"31255":{"user":0.78,"system":1.5,"children_user":0.04,"children_system":1.41}},"average_relative_cpu_utilization":0.2475361134,"absolute_cpu_utilization":1.0087836206,"relative_mem_usage":0.1516767057,"absolute_mem_usage":3701360640.0,"absolute_mem_percent_usage":0.0273973967,"mem_info_per_process":{"31184":{"rss":3663491072,"vms":11437641728,"shared":571465728,"text":2322432,"lib":0,"data":9683247104,"dirty":0,"uss":118333440,"pss":1792628736,"swap":0},"31255":{"rss":3273015296,"vms":11437641728,"shared":180826112,"text":2322432,"lib":0,"data":9683247104,"dirty":0,"uss":106885120,"pss":1683513344,"swap":0}},"nvidia_draw_absolute":47.01,"nvidia_estimated_attributable_power_draw":47.01,"average_gpu_estimated_utilization_absolute":0.285,"per_gpu_average_estimated_utilization_absolute":{"(0, 31184)":{"sm":28.5,"mem":3.0,"enc":0.0,"dec":0.0}},"average_gpu_estimated_utilization_relative":1.0,"per_gpu_performance_state":{"0":"P2"},"per_gpu_power_draw":{"0":47.01},"cpu_count_adjusted_average_load":[0.144375,0.1578125,0.1603125],"realtime_carbon_intensity":339.5983864533,"disk_write_speed":15.4983856505,"process_ids":[31184,31255]}
{"timestamp":1572415893.221460104,"rapl_power_draw_absolute":85.5691025552,"rapl_estimated_attributable_power_draw":20.074427732,"cpu_time_seconds":{"31184":{"user":81.07,"system":2.92,"children_user":1.04,"children_system":0.19},"31255":{"user":0.85,"system":1.67,"children_user":0.04,"children_system":1.58}},"average_relative_cpu_utilization":0.2438583929,"absolute_cpu_utilization":0.9937940214,"relative_mem_usage":0.1516778712,"absolute_mem_usage":3701372928.0,"absolute_mem_percent_usage":0.0273974877,"mem_info_per_process":{"31184":{"rss":3663491072,"vms":11437641728,"shared":571465728,"text":2322432,"lib":0,"data":9683247104,"dirty":0,"uss":118337536,"pss":1792630784,"swap":0},"31255":{"rss":3273015296,"vms":11437641728,"shared":180826112,"text":2322432,"lib":0,"data":9683247104,"dirty":0,"uss":106889216,"pss":1683515392,"swap":0}},"nvidia_draw_absolute":47.22,"nvidia_estimated_attributable_power_draw":47.22,"average_gpu_estimated_utilization_absolute":0.285,"per_gpu_average_estimated_utilization_absolute":{"(0, 31184)":{"sm":28.5,"mem":3.0,"enc":0.0,"dec":0.0}},"average_gpu_estimated_utilization_relative":1.0,"per_gpu_performance_state":{"0":"P2"},"per_gpu_power_draw":{"0":47.22},"cpu_count_adjusted_average_load":[0.1459375,0.1578125,0.1603125],"realtime_carbon_intensity":339.5983864533,"disk_write_speed":32.0644534333,"process_ids":[31184,31255]}
{"timestamp":1572415901.2086060047,"rapl_power_draw_absolute":85.5148310403,"rapl_estimated_attributable_power_draw":20.1419496121,"cpu_time_seconds":{"31184":{"user":89.05,"system":2.93,"children_user":1.04,"children_system":0.19},"31255":{"user":0.95,"system":1.86,"children_user":0.05,"children_system":1.75}},"average_relative_cpu_utilization":0.2447823384,"absolute_cpu_utilization":0.9987870117,"relative_mem_usage":0.1516787311,"absolute_mem_usage":3701385216.0,"absolute_mem_percent_usage":0.0273975786,"mem_info_per_process":{"31184":{"rss":3663491072,"vms":11437641728,"shared":571465728,"text":2322432,"lib":0,"data":9683247104,"dirty":0,"uss":118341632,"pss":1792632832,"swap":0},"31255":{"rss":3273015296,"vms":11437641728,"shared":180826112,"text":2322432,"lib":0,"data":9683247104,"dirty":0,"uss":106893312,"pss":1683517440,"swap":0}},"nvidia_draw_absolute":47.42,"nvidia_estimated_attributable_power_draw":47.42,"average_gpu_estimated_utilization_absolute":0.285,"per_gpu_average_estimated_utilization_absolute":{"(0, 31184)":{"sm":28.5,"mem":3.0,"enc":0.0,"dec":0.0}},"average_gpu_estimated_utilization_relative":1.0,"per_gpu_performance_state":{"0":"P2"},"per_gpu_power_draw":{"0":47.42},"cpu_count_adjusted_average_load":[0.144375,0.1571875,0.1603125],"realtime_carbon_intensity":339.5983864533,"disk_write_speed":22.8195622487,"process_ids":[31184,31255]}
{"timestamp":1572415909.1921319962,"rapl_power_draw_absolute":85.4496641214,"rapl_estimated_attributable_power_draw":20.3290417601,"cpu_time_seconds":{"31184":{"user":97.02,"system":2.95,"children_user":1.04,"children_system":0.19},"31255":{"user":1.04,"system":2.04,"children_user":0.05,"children_system":1.92}},"average_relative_cpu_utilization":0.247218597,"absolute_cpu_utilization":1.0037773838,"relative_mem_usage":0.1517015148,"absolute_mem_usage":3701397504.0,"absolute_mem_percent_usage":0.0273976696,"mem_info_per_process":{"31184":{"rss":3663491072,"vms":11437641728,"shared":571465728,"text":2322432,"lib":0,"data":9683247104,"dirty":0,"uss":118345728,"pss":1792634880,"swap":0},"31255":{"rss":3273015296,"vms":11437641728,"shared":180826112,"text":2322432,"lib":0,"data":9683247104,"dirty":0,"uss":106897408,"pss":1683519488,"swap":0}},"nvidia_draw_absolute":46.52,"nvidia_estimated_attributable_power_draw":46.52,"average_gpu_estimated_utilization_absolute":0.2866666667,"per_gpu_average_estimated_utilization_absolute":{"(0, 31184)":{"sm":28.6666666667,"mem":2.6666666667,"enc":0.0,"dec":0.0}},"average_gpu_estimated_utilization_relative":1.0,"per_gpu_performance_state":{"0":"P2"},"per_gpu_power_draw":{"0":46.52},"cpu_count_adjusted_average_load":[0.155625,0.159375,0.1609375],"realtime_carbon_intensity":339.5983864533,"disk_write_speed":41.5921213306,"process_ids":[31184,31255]}
{"timestamp":1572415917.1558160782,"rapl_power_draw_absolute":85.442646755,"rapl_estimated_attributable_power_draw":20.1849208281,"cpu_time_seconds":{"31184":{"user":104.96,"system":2.98,"children_user":1.04,"children_system":0.19},"31255":{"user":1.16,"system":2.23,"children_user":0.05,"children_system":2.1}},"average_relative_cpu_utilization":0.2466145194,"absolute_cpu_utilization":1.0037850794,"relative_mem_usage":0.1516939459,"absolute_mem_usage":3701409792.0,"absolute_mem_percent_usage":0.0273977605,"mem_info_per_process":{"31184":{"rss":3663491072,"vms":11437641728,"shared":571465728,"text":2322432,"lib":0,"data":9683247104,"dirty":0,"uss":118349824,"pss":1792636928,"swap":0},"31255":{"rss":3273015296,"vms":11437641728,"shared":180826112,"text":2322432,"lib":0,"data":9683247104,"dirty":0,"uss":106901504,"pss":1683521536,"swap":0}},"nvidia_draw_absolute":46.81,"nvidia_estimated_attributable_power_draw":46.81,"average_gpu_estimated_utilization_absolute":0.28,"per_gpu_average_estimated_utilization_absolute":{"(0, 31184)":{"sm":28,"mem":3,"enc":0,"dec":0}},"average_gpu_estimated_utilization_relative":1.0,"per_gpu_performance_state":{"0":"P2"},"per_gpu_power_draw":{"0":46.81},"cpu_count_adjusted_average_load":[0.1509375,0.158125,0.1603125],"realtime_carbon_intensity":339.5983864533,"disk_write_speed":41.9154157451,"process_ids":[31184,31255]}
{"timestamp":1572415925.1307649612,"rapl_power_draw_absolute":85.8700281756,"rapl_estimated_attributable_power_draw":19.9725621909,"cpu_time_seconds":{"31184":{"user":112.92,"system":2.98,"children_user":1.04,"children_system":0.19},"31255":{"user":1.26,"system":2.44,"children_user":0.05,"children_system":2.29}},"average_relative_cpu_utilization":0.2421078258,"absolute_cpu_utilization":0.9987210711,"relative_mem_usage":0.1516729098,"absolute_mem_usage":3701422080.0,"absolute_mem_percent_usage":0.0273978515,"mem_info_per_process":{"31184":{"rss":3663491072,"vms":11437641728,"shared":571465728,"text":2322432,"lib":0,"data":9683247104,"dirty":0,"uss":118353920,"pss":1792638976,"swap":0},"31255":{"rss":3273015296,"vms":11437641728,"shared":180826112,"text":2322432,"lib":0,"data":9683247104,"dirty":0,"uss":106905600,"pss":1683523584,"swap":0}},"nvidia_draw_absolute":47.51,"nvidia_estimated_attributable_power_draw":47.51,"average_gpu_estimated_utilization_absolute":0.285,"per_gpu_average_estimated_utilization_absolute":{"(0, 31184)":{"sm":28.5,"mem":2.5,"enc":0.0,"dec":0.0}},"average_gpu_estimated_utilization_relative":1.0,"per_gpu_performance_state":{"0":"P2"},"per_gpu_power_draw":{"0":47.51},"cpu_count_adjusted_average_load":[0.14875,0.1575,0.1603125],"realtime_carbon_intensity":339.5983864533,"disk_write_speed":25.3110770394,"process_ids":[31184,31255]}
{"timestamp":1572415933.1418631077,"rapl_power_draw_absolute":86.1448631757,"rapl_estimated_attributable_power_draw":19.6524065576,"cpu_time_seconds":{"31184":{"user":120.92,"system":3.0,"children_user":1.04,"children_system":0.19},"31255":{"user":1.36,"system":2.62,"children_user":0.06,"children_system":2.46}},"average_relative_cpu_utilization":0.2372343581,"absolute_cpu_utilization":0.9987818926,"relative_mem_usage":0.1516858629,"absolute_mem_usage":3701434368.0,"absolute_mem_percent_usage":0.0273979424,"mem_info_per_process":{"31184":{"rss":3663491072,"vms":11437641728,"shared":571465728,"text":2322432,"lib":0,"data":9683247104,"dirty":0,"uss":118358016,"pss":1792641024,"swap":0},"31255":{"rss":3273015296,"vms":11437641728,"shared":180826112,"text":2322432,"lib":0,"data":9683247104,"dirty":0,"uss":106909696,"pss":1683525632,"swap":0}},"nvidia_draw_absolute":47.0,"nvidia_estimated_attributable_power_draw":47.0,"average_gpu_estimated_utilization_absolute":0.285,"per_gpu_average_estimated_utilization_absolute":{"(0, 31184)":{"sm":28.5,"mem":3.0,"enc":0.0,"dec":0.0}},"average_gpu_estimated_utilization_relative":1.0,"per_gpu_performance_state":{"0":"P2"},"per_gpu_power_draw":{"0":47.0},"cpu_count_adjusted_average_load":[0.1553125,0.1584375,0.160625],"realtime_carbon_intensity":339.5983864533,"disk_write_speed":29.5073322118,"process_ids":[31184,31255]}
{"timestamp":1572415941.1096589565,"rapl_power_draw_absolute":86.3481306674,"rapl_estimated_attributable_power_draw":19.5117253718,"cpu_time_seconds":{"31184":{"user":128.88,"system":3.02,"children_user":1.04,"children_system":0.19},"31255":{"user":1.45,"system":2.81,"children_user":0.07,"children_system":2.62}},"average_relative_cpu_utilization":0.2353488131,"absolute_cpu_utilization":1.0037751933,"relative_mem_usage":0.1516829038,"absolute_mem_usage":3701446656.0,"absolute_mem_percent_usage":0.0273980334,"mem_info_per_process":{"31184":{"rss":3663491072,"vms":11437641728,"shared":571465728,"text":2322432,"lib":0,"data":9683247104,"dirty":0,"uss":118362112,"pss":1792643072,"swap":0},"31255":{"rss":3273015296,"vms":11437641728,"shared":180826112,"text":2322432,"lib":0,"data":9683247104,"dirty":0,"uss":106913792,"pss":1683527680,"swap":0}},"nvidia_draw_absolute":46.62,"nvidia_estimated_attributable_power_draw":46.62,"average_gpu_estimated_utilization_absolute":0.2866666667,"per_gpu_average_estimated_utilization_absolute":{"(0, 31184)":{"sm":28.6666666667,"mem":2.6666666667,"enc":0.0,"dec":0.0}},"average_gpu_estimated_utilization_relative":1.0,"per_gpu_performance_state":{"0":"P2"},"per_gpu_power_draw":{"0":46.62},"cpu_count_adjusted_average_load":[0.1528125,0.158125,0.1603125],"realtime_carbon_intensity":339.5983864533,"disk_write_speed":27.3723098036,"process_ids":[31184,31255]}
{"timestamp":1572415949.0781590939,"rapl_power_draw_absolute":86.4203573428,"rapl_estimated_attributable_power_draw":19.468812228,"cpu_time_seconds":{"31184":{"user":136.83,"system":3.03,"children_user":1.04,"children_system":0.19},"31255":{"user":1.55,"system":2.99,"children_user":0.07,"children_system":2.8}},"average_relative_cpu_utilization":0.233631653,"absolute_cpu_utilization":0.9987929206,"relative_mem_usage":0.1516623602,"absolute_mem_usage":3701446656.0,"absolute_mem_percent_usage":0.0273980334,"mem_info_per_process":{"31184":{"rss":3663491072,"vms":11437641728,"shared":571465728,"text":2322432,"lib":0,"data":9683247104,"dirty":0,"uss":118362112,"pss":1792643072,"swap":0},"31255":{"rss":3273015296,"vms":11437641728,"shared":180826112,"text":2322432,"lib":0,"data":9683247104,"dirty":0,"uss":106913792,"pss":1683527680,"swap":0}},"nvidia_draw_absolute":46.91,"nvidia_estimated_attributable_power_draw":46.91,"average_gpu_estimated_utilization_absolute":0.285,"per_gpu_average_estimated_utilization_absolute":{"(0, 31184)":{"sm":28.5,"mem":2.0,"enc":0.0,"dec":0.0}},"average_gpu_estimated_utilization_relative":1.0,"per_gpu_performance_state":{"0":"P2"},"per_gpu_power_draw":{"0":46.91},"cpu_count_adjusted_average_load":[0.1534375,0.1578125,0.1603125],"realtime_carbon_intensity":339.3663136256,"disk_write_speed":28.873478986,"process_ids":[31184,31255]}
{"timestamp":1572415957.1105020046,"rapl_power_draw_absolute":86.4934653226,"rapl_estimated_attributable_power_draw":19.3826387659,"cpu_time_seconds":{"31184":{"user":144.84,"system":3.05,"children_user":1.04,"children_system":0.19},"31255":{"user":1.65,"system":3.18,"children_user":0.08,"children_system":2.97}},"average_relative_cpu_utilization":0.2322707485,"absolute_cpu_utilization":0.9987604003,"relative_mem_usage":0.151669098,"absolute_mem_usage":3701537792.0,"absolute_mem_percent_usage":0.027398708,"mem_info_per_process":{"31184":{"rss":3663491072,"vms":11437641728,"shared":571465728,"text":2322432,"lib":0,"data":9683247104,"dirty":0,"uss":118370304,"pss":1792646144,"swap":0},"31255":{"rss":3273015296,"vms":11437641728,"shared":180826112,"text":2322432,"lib":0,"data":9683247104,"dirty":0,"uss":106967040,"pss":1683554304,"swap":0}},"nvidia_draw_absolute":46.73,"nvidia_estimated_attributable_power_draw":46.73,"average_gpu_estimated_utilization_absolute":0.285,"per_gpu_average_estimated_utilization_absolute":{"(0, 31184)":{"sm":28.5,"mem":2.0,"enc":0.0,"dec":0.0}},"average_gpu_estimated_utilization_relative":1.0,"per_gpu_performance_state":{"0":"P2"},"per_gpu_power_draw":{"0":46.73},"cpu_count_adjusted_average_load":[0.15125,0.1571875,0.16],"realtime_carbon_intensity":339.3663136256,"disk_write_speed":17.7005622918,"process_ids":[31184,31255]}
{"timestamp":1572415965.1347119808,"rapl_power_draw_absolute":86.3117974374,"rapl_estimated_attributable_power_draw":19.3504305653,"cpu_time_seconds":{"31184":{"user":152.86,"system":3.06,"children_user":1.04,"children_system":0.19},"31255":{"user":1.73,"system":3.35,"children_user":0.08,"children_system":3.14}},"average_relative_cpu_utilization":0.2333585601,"absolute_cpu_utilization":0.9987877085,"relative_mem_usage":0.1516687726,"absolute_mem_usage":3701618688.0,"absolute_mem_percent_usage":0.0273993068,"mem_info_per_process":{"31184":{"rss":3663491072,"vms":11437641728,"shared":571465728,"text":2322432,"lib":0,"data":9683247104,"dirty":0,"uss":118419456,"pss":1792671744,"swap":0},"31255":{"rss":3273015296,"vms":11437641728,"shared":180826112,"text":2322432,"lib":0,"data":9683247104,"dirty":0,"uss":106971136,"pss":1683556352,"swap":0}},"nvidia_draw_absolute":47.5,"nvidia_estimated_attributable_power_draw":47.5,"average_gpu_estimated_utilization_absolute":0.285,"per_gpu_average_estimated_utilization_absolute":{"(0, 31184)":{"sm":28.5,"mem":3.0,"enc":0.0,"dec":0.0}},"average_gpu_estimated_utilization_relative":1.0,"per_gpu_performance_state":{"0":"P2"},"per_gpu_power_draw":{"0":47.5},"cpu_count_adjusted_average_load":[0.1490625,0.156875,0.16],"realtime_carbon_intensity":339.3663136256,"disk_write_speed":21.4712137007,"process_ids":[31184,31255]}
{"timestamp":1572415973.1036961079,"rapl_power_draw_absolute":86.4836489371,"rapl_estimated_attributable_power_draw":19.5961546278,"cpu_time_seconds":{"31184":{"user":160.83,"system":3.06,"children_user":1.04,"children_system":0.19},"31255":{"user":1.8,"system":3.54,"children_user":0.09,"children_system":3.31}},"average_relative_cpu_utilization":0.2359021711,"absolute_cpu_utilization":1.0037872027,"relative_mem_usage":0.1516751563,"absolute_mem_usage":3701630976.0,"absolute_mem_percent_usage":0.0273993977,"mem_info_per_process":{"31184":{"rss":3663491072,"vms":11437641728,"shared":571465728,"text":2322432,"lib":0,"data":9683247104,"dirty":0,"uss":118423552,"pss":1792673792,"swap":0},"31255":{"rss":3273015296,"vms":11437641728,"shared":180826112,"text":2322432,"lib":0,"data":9683247104,"dirty":0,"uss":106975232,"pss":1683558400,"swap":0}},"nvidia_draw_absolute":47.4,"nvidia_estimated_attributable_power_draw":47.4,"average_gpu_estimated_utilization_absolute":0.28,"per_gpu_average_estimated_utilization_absolute":{"(0, 31184)":{"sm":28,"mem":3,"enc":0,"dec":0}},"average_gpu_estimated_utilization_relative":1.0,"per_gpu_performance_state":{"0":"P2"},"per_gpu_power_draw":{"0":47.4},"cpu_count_adjusted_average_load":[0.1478125,0.15625,0.1596875],"realtime_carbon_intensity":339.3663136256,"disk_write_speed":27.9788672801,"process_ids":[31184,31255]}
