{"timestamp":1572412545.4975399971,"rapl_power_draw_absolute":79.4893941592,"rapl_estimated_attributable_power_draw":17.4845328731,"cpu_time_seconds":{"28892":{"user":0.01,"system":0.06,"children_user":0.0,"children_system":0.05},"28830":{"user":10.32,"system":2.24,"children_user":1.1,"children_system":0.32}},"average_relative_cpu_utilization":0.2185704172,"absolute_cpu_utilization":0.9986114661,"relative_mem_usage":0.2341619195,"absolute_mem_usage":3736734720.0,"absolute_mem_percent_usage":0.0276591813,"mem_info_per_process":{"28892":{"rss":3262492672,"vms":11414872064,"shared":173887488,"text":2322432,"lib":0,"data":9687068672,"dirty":0,"uss":100794368,"pss":1678131200,"swap":0},"28830":{"rss":3654189056,"vms":11414872064,"shared":565739520,"text":2322432,"lib":0,"data":9687068672,"dirty":0,"uss":127430656,"pss":1830378496,"swap":0}},"nvidia_draw_absolute":46.72,"nvidia_estimated_attributable_power_draw":46.72,"average_gpu_estimated_utilization_absolute":0.18,"per_gpu_average_estimated_utilization_absolute":{"(0, 28830)":{"sm":18.0,"mem":0.5,"enc":0.0,"dec":0.0}},"average_gpu_estimated_utilization_relative":1.0,"per_gpu_performance_state":{"0":"P2"},"per_gpu_power_draw":{"0":46.72},"cpu_count_adjusted_average_load":[0.15125,0.156875,0.16125],"realtime_carbon_intensity":335.5704697987,"disk_write_speed":18.6522689058,"process_ids":[28892,28830]}
{"timestamp":1572412553.8508179188,"rapl_power_draw_absolute":79.6222181765,"rapl_estimated_attributable_power_draw":17.6470734373,"cpu_time_seconds":{"28892":{"user":0.16,"system":0.37,"children_user":0.02,"children_system":0.32},"28830":{"user":18.68,"system":2.24,"children_user":1.1,"children_system":0.32}},"average_relative_cpu_utilization":0.2202582575,"absolute_cpu_utilization":0.9986390578,"relative_mem_usage":0.2360213048,"absolute_mem_usage":3769457664.0,"absolute_mem_percent_usage":0.0279013954,"mem_info_per_process":{"28892":{"rss":3269144576,"vms":11414872064,"shared":180527104,"text":2322432,"lib":0,"data":9687068672,"dirty":0,"uss":111665152,"pss":1684968448,"swap":0},"28830":{"rss":3654189056,"vms":11414872064,"shared":565739520,"text":2322432,"lib":0,"data":9687068672,"dirty":0,"uss":137564160,"pss":1835259904,"swap":0}},"nvidia_draw_absolute":45.57,"nvidia_estimated_attributable_power_draw":45.57,"average_gpu_estimated_utilization_absolute":0.18,"per_gpu_average_estimated_utilization_absolute":{"(0, 28830)":{"sm":18.0,"mem":0.5,"enc":0.0,"dec":0.0}},"average_gpu_estimated_utilization_relative":1.0,"per_gpu_performance_state":{"0":"P2"},"per_gpu_power_draw":{"0":45.57},"cpu_count_adjusted_average_load":[0.1540625,0.1575,0.16125],"realtime_carbon_intensity":335.5704697987,"disk_write_speed":30.5287018327,"process_ids":[28892,28830]}
{"timestamp":1572412562.1247599125,"rapl_power_draw_absolute":80.6511714103,"rapl_estimated_attributable_power_draw":17.4884495334,"cpu_time_seconds":{"28892":{"user":0.33,"system":0.7,"children_user":0.06,"children_system":0.58},"28830":{"user":26.95,"system":2.25,"children_user":1.1,"children_system":0.32}},"average_relative_cpu_utilization":0.2149681076,"absolute_cpu_utilization":1.0036273657,"relative_mem_usage":0.2361143558,"absolute_mem_usage":3771331584.0,"absolute_mem_percent_usage":0.0279152661,"mem_info_per_process":{"28892":{"rss":3269144576,"vms":11414872064,"shared":180527104,"text":2322432,"lib":0,"data":9687068672,"dirty":0,"uss":112508928,"pss":1685390336,"swap":0},"28830":{"rss":3654189056,"vms":11414872064,"shared":565739520,"text":2322432,"lib":0,"data":9687068672,"dirty":0,"uss":137969664,"pss":1835462656,"swap":0}},"nvidia_draw_absolute":44.51,"nvidia_estimated_attributable_power_draw":44.51,"average_gpu_estimated_utilization_absolute":0.18,"per_gpu_average_estimated_utilization_absolute":{"(0, 28830)":{"sm":18,"mem":1,"enc":0,"dec":0}},"average_gpu_estimated_utilization_relative":1.0,"per_gpu_performance_state":{"0":"P2"},"per_gpu_power_draw":{"0":44.51},"cpu_count_adjusted_average_load":[0.1496875,0.15625,0.1609375],"realtime_carbon_intensity":335.5704697987,"disk_write_speed":28.6718525341,"process_ids":[28892,28830]}
{"timestamp":1572412570.393666029,"rapl_power_draw_absolute":79.7847764213,"rapl_estimated_attributable_power_draw":17.5444375421,"cpu_time_seconds":{"28892":{"user":0.49,"system":1.05,"children_user":0.08,"children_system":0.86},"28830":{"user":35.21,"system":2.26,"children_user":1.1,"children_system":0.32}},"average_relative_cpu_utilization":0.2183254652,"absolute_cpu_utilization":0.9985818848,"relative_mem_usage":0.236088438,"absolute_mem_usage":3771608064.0,"absolute_mem_percent_usage":0.0279173126,"mem_info_per_process":{"28892":{"rss":3269144576,"vms":11414872064,"shared":180527104,"text":2322432,"lib":0,"data":9687068672,"dirty":0,"uss":112685056,"pss":1685478400,"swap":0},"28830":{"rss":3654189056,"vms":11414872064,"shared":565739520,"text":2322432,"lib":0,"data":9687068672,"dirty":0,"uss":137977856,"pss":1835466752,"swap":0}},"nvidia_draw_absolute":43.87,"nvidia_estimated_attributable_power_draw":43.87,"average_gpu_estimated_utilization_absolute":0.18,"per_gpu_average_estimated_utilization_absolute":{"(0, 28830)":{"sm":18,"mem":0,"enc":0,"dec":0}},"average_gpu_estimated_utilization_relative":1.0,"per_gpu_performance_state":{"0":"P2"},"per_gpu_power_draw":{"0":43.87},"cpu_count_adjusted_average_load":[0.150625,0.15625,0.1609375],"realtime_carbon_intensity":335.5704697987,"disk_write_speed":28.8573880521,"process_ids":[28892,28830]}
{"timestamp":1572412578.6721229553,"rapl_power_draw_absolute":78.511031195,"rapl_estimated_attributable_power_draw":17.2154680476,"cpu_time_seconds":{"28892":{"user":0.64,"system":1.39,"children_user":0.08,"children_system":1.14},"28830":{"user":43.49,"system":2.26,"children_user":1.1,"children_system":0.32}},"average_relative_cpu_utilization":0.2176089534,"absolute_cpu_utilization":0.9985473297,"relative_mem_usage":0.2361423056,"absolute_mem_usage":3771620352.0,"absolute_mem_percent_usage":0.0279174035,"mem_info_per_process":{"28892":{"rss":3269144576,"vms":11414872064,"shared":180527104,"text":2322432,"lib":0,"data":9687068672,"dirty":0,"uss":112689152,"pss":1685480448,"swap":0},"28830":{"rss":3654189056,"vms":11414872064,"shared":565739520,"text":2322432,"lib":0,"data":9687068672,"dirty":0,"uss":137981952,"pss":1835468800,"swap":0}},"nvidia_draw_absolute":43.85,"nvidia_estimated_attributable_power_draw":43.85,"average_gpu_estimated_utilization_absolute":0.18,"per_gpu_average_estimated_utilization_absolute":{"(0, 28830)":{"sm":18.0,"mem":0.5,"enc":0.0,"dec":0.0}},"average_gpu_estimated_utilization_relative":1.0,"per_gpu_performance_state":{"0":"P2"},"per_gpu_power_draw":{"0":43.85},"cpu_count_adjusted_average_load":[0.1484375,0.155625,0.160625],"realtime_carbon_intensity":335.5704697987,"disk_write_speed":29.4364252518,"process_ids":[28892,28830]}
{"timestamp":1572412586.9253079891,"rapl_power_draw_absolute":78.3644510174,"rapl_estimated_attributable_power_draw":17.3112011052,"cpu_time_seconds":{"28892":{"user":0.81,"system":1.73,"children_user":0.1,"children_system":1.41},"28830":{"user":51.74,"system":2.27,"children_user":1.1,"children_system":0.32}},"average_relative_cpu_utilization":0.2194145379,"absolute_cpu_utilization":1.0035684439,"relative_mem_usage":0.2361720504,"absolute_mem_usage":3771657216.0,"absolute_mem_percent_usage":0.0279176764,"mem_info_per_process":{"28892":{"rss":3269144576,"vms":11414872064,"shared":180527104,"text":2322432,"lib":0,"data":9687068672,"dirty":0,"uss":112701440,"pss":1685486592,"swap":0},"28830":{"rss":3654189056,"vms":11414872064,"shared":565739520,"text":2322432,"lib":0,"data":9687068672,"dirty":0,"uss":137994240,"pss":1835474944,"swap":0}},"nvidia_draw_absolute":43.56,"nvidia_estimated_attributable_power_draw":43.56,"average_gpu_estimated_utilization_absolute":0.18,"per_gpu_average_estimated_utilization_absolute":{"(0, 28830)":{"sm":18,"mem":0,"enc":0,"dec":0}},"average_gpu_estimated_utilization_relative":1.0,"per_gpu_performance_state":{"0":"P2"},"per_gpu_power_draw":{"0":43.56},"cpu_count_adjusted_average_load":[0.151875,0.15625,0.160625],"realtime_carbon_intensity":335.5704697987,"disk_write_speed":23.9695972782,"process_ids":[28892,28830]}
{"timestamp":1572412595.1763489246,"rapl_power_draw_absolute":78.4833644662,"rapl_estimated_attributable_power_draw":17.2336177675,"cpu_time_seconds":{"28892":{"user":0.98,"system":2.05,"children_user":0.12,"children_system":1.71},"28830":{"user":59.99,"system":2.28,"children_user":1.1,"children_system":0.32}},"average_relative_cpu_utilization":0.2179846084,"absolute_cpu_utilization":1.0035613881,"relative_mem_usage":0.2361522086,"absolute_mem_usage":3771681792.0,"absolute_mem_percent_usage":0.0279178583,"mem_info_per_process":{"28892":{"rss":3269144576,"vms":11414872064,"shared":180527104,"text":2322432,"lib":0,"data":9687068672,"dirty":0,"uss":112709632,"pss":1685490688,"swap":0},"28830":{"rss":3654189056,"vms":11414872064,"shared":565739520,"text":2322432,"lib":0,"data":9687068672,"dirty":0,"uss":138002432,"pss":1835479040,"swap":0}},"nvidia_draw_absolute":42.71,"nvidia_estimated_attributable_power_draw":42.71,"average_gpu_estimated_utilization_absolute":0.18,"per_gpu_average_estimated_utilization_absolute":{"(0, 28830)":{"sm":18.0,"mem":0.5,"enc":0.0,"dec":0.0}},"average_gpu_estimated_utilization_relative":1.0,"per_gpu_performance_state":{"0":"P2"},"per_gpu_power_draw":{"0":42.71},"cpu_count_adjusted_average_load":[0.1521875,0.15625,0.160625],"realtime_carbon_intensity":335.5704697987,"disk_write_speed":21.0738171717,"process_ids":[28892,28830]}
{"timestamp":1572412603.5630419254,"rapl_power_draw_absolute":78.8991517164,"rapl_estimated_attributable_power_draw":17.4345466254,"cpu_time_seconds":{"28892":{"user":1.15,"system":2.38,"children_user":0.12,"children_system":1.99},"28830":{"user":68.37,"system":2.28,"children_user":1.1,"children_system":0.32}},"average_relative_cpu_utilization":0.2195215795,"absolute_cpu_utilization":0.9985742288,"relative_mem_usage":0.2361645461,"absolute_mem_usage":3771694080.0,"absolute_mem_percent_usage":0.0279179492,"mem_info_per_process":{"28892":{"rss":3269144576,"vms":11414872064,"shared":180527104,"text":2322432,"lib":0,"data":9687068672,"dirty":0,"uss":112713728,"pss":1685492736,"swap":0},"28830":{"rss":3654189056,"vms":11414872064,"shared":565739520,"text":2322432,"lib":0,"data":9687068672,"dirty":0,"uss":138006528,"pss":1835481088,"swap":0}},"nvidia_draw_absolute":42.62,"nvidia_estimated_attributable_power_draw":42.62,"average_gpu_estimated_utilization_absolute":0.18,"per_gpu_average_estimated_utilization_absolute":{"(0, 28830)":{"sm":18,"mem":1,"enc":0,"dec":0}},"average_gpu_estimated_utilization_relative":1.0,"per_gpu_performance_state":{"0":"P2"},"per_gpu_power_draw":{"0":42.62},"cpu_count_adjusted_average_load":[0.1553125,0.156875,0.1609375],"realtime_carbon_intensity":335.5704697987,"disk_write_speed":16.5708754588,"process_ids":[28892,28830]}
{"timestamp":1572412611.8863968849,"rapl_power_draw_absolute":78.7485256807,"rapl_estimated_attributable_power_draw":17.5068390549,"cpu_time_seconds":{"28892":{"user":1.27,"system":2.75,"children_user":0.14,"children_system":2.27},"28830":{"user":76.69,"system":2.29,"children_user":1.1,"children_system":0.32}},"average_relative_cpu_utilization":0.2209857133,"absolute_cpu_utilization":0.9986143954,"relative_mem_usage":0.2361482967,"absolute_mem_usage":3771706368.0,"absolute_mem_percent_usage":0.0279180402,"mem_info_per_process":{"28892":{"rss":3269144576,"vms":11414872064,"shared":180527104,"text":2322432,"lib":0,"data":9687068672,"dirty":0,"uss":112717824,"pss":1685494784,"swap":0},"28830":{"rss":3654189056,"vms":11414872064,"shared":565739520,"text":2322432,"lib":0,"data":9687068672,"dirty":0,"uss":138010624,"pss":1835483136,"swap":0}},"nvidia_draw_absolute":42.37,"nvidia_estimated_attributable_power_draw":42.37,"average_gpu_estimated_utilization_absolute":0.18,"per_gpu_average_estimated_utilization_absolute":{"(0, 28830)":{"sm":18.0,"mem":0.5,"enc":0.0,"dec":0.0}},"average_gpu_estimated_utilization_relative":1.0,"per_gpu_performance_state":{"0":"P2"},"per_gpu_power_draw":{"0":42.37},"cpu_count_adjusted_average_load":[0.1575,0.1571875,0.1609375],"realtime_carbon_intensity":335.5704697987,"disk_write_speed":27.0368887086,"process_ids":[28892,28830]}
{"timestamp":1572412620.208411932,"rapl_power_draw_absolute":70.6876594149,"rapl_estimated_attributable_power_draw":21.5236291378,"cpu_time_seconds":{"28892":{"user":1.42,"system":3.12,"children_user":0.14,"children_system":2.58},"28830":{"user":85.01,"system":2.29,"children_user":1.1,"children_system":0.32}},"average_relative_cpu_utilization":0.3043889785,"absolute_cpu_utilization":0.9986132623,"relative_mem_usage":0.3054209902,"absolute_mem_usage":3860166656.0,"absolute_mem_percent_usage":0.0285728202,"mem_info_per_process":{"28892":{"rss":3269144576,"vms":11414872064,"shared":180527104,"text":2322432,"lib":0,"data":9687068672,"dirty":0,"uss":112930816,"pss":1686957056,"swap":0},"28830":{"rss":3654189056,"vms":11414872064,"shared":565739520,"text":2322432,"lib":0,"data":9687068672,"dirty":0,"uss":159166464,"pss":1901112320,"swap":0}},"nvidia_draw_absolute":42.8,"nvidia_estimated_attributable_power_draw":42.8,"average_gpu_estimated_utilization_absolute":0.19,"per_gpu_average_estimated_utilization_absolute":{"(0, 28830)":{"sm":19,"mem":1,"enc":0,"dec":0}},"average_gpu_estimated_utilization_relative":1.0,"per_gpu_performance_state":{"0":"P2"},"per_gpu_power_draw":{"0":42.8},"cpu_count_adjusted_average_load":[0.1575,0.1571875,0.1609375],"realtime_carbon_intensity":335.5704697987,"disk_write_speed":21.0361200122,"process_ids":[28892,28830]}
{"timestamp":1572412628.4499099255,"rapl_power_draw_absolute":71.3861355466,"rapl_estimated_attributable_power_draw":19.525348576,"cpu_time_seconds":{"28892":{"user":1.57,"system":3.41,"children_user":0.14,"children_system":2.88},"28830":{"user":93.25,"system":2.3,"children_user":1.1,"children_system":0.32}},"average_relative_cpu_utilization":0.2701547917,"absolute_cpu_utilization":1.0036308567,"relative_mem_usage":0.3049936472,"absolute_mem_usage":3860152320.0,"absolute_mem_percent_usage":0.0285727141,"mem_info_per_process":{"28892":{"rss":3269144576,"vms":11414872064,"shared":180527104,"text":2322432,"lib":0,"data":9687068672,"dirty":0,"uss":112934912,"pss":1686955008,"swap":0},"28830":{"rss":3654189056,"vms":11414872064,"shared":565739520,"text":2322432,"lib":0,"data":9687068672,"dirty":0,"uss":159170560,"pss":1901091840,"swap":0}},"nvidia_draw_absolute":42.23,"nvidia_estimated_attributable_power_draw":42.23,"average_gpu_estimated_utilization_absolute":0.1833333333,"per_gpu_average_estimated_utilization_absolute":{"(0, 28830)":{"sm":18.3333333333,"mem":0.3333333333,"enc":0.0,"dec":0.0}},"average_gpu_estimated_utilization_relative":1.0,"per_gpu_performance_state":{"0":"P2"},"per_gpu_power_draw":{"0":42.23},"cpu_count_adjusted_average_load":[0.1571875,0.1571875,0.1609375],"realtime_carbon_intensity":335.5704697987,"disk_write_speed":23.7569647211,"process_ids":[28892,28830]}
{"timestamp":1572412636.7208530903,"rapl_power_draw_absolute":71.5925440388,"rapl_estimated_attributable_power_draw":19.3405581733,"cpu_time_seconds":{"28892":{"user":1.73,"system":3.77,"children_user":0.17,"children_system":3.14},"28830":{"user":101.52,"system":2.31,"children_user":1.1,"children_system":0.32}},"average_relative_cpu_utilization":0.266570251,"absolute_cpu_utilization":1.0036250209,"relative_mem_usage":0.3032588026,"absolute_mem_usage":3844850688.0,"absolute_mem_percent_usage":0.0284594519,"mem_info_per_process":{"28892":{"rss":3269148672,"vms":11414872064,"shared":180527104,"text":2322432,"lib":0,"data":9687068672,"dirty":0,"uss":112947200,"pss":1686468608,"swap":0},"28830":{"rss":3654189056,"vms":11414872064,"shared":565739520,"text":2322432,"lib":0,"data":9687068672,"dirty":0,"uss":158605312,"pss":1886829568,"swap":0}},"nvidia_draw_absolute":42.71,"nvidia_estimated_attributable_power_draw":42.71,"average_gpu_estimated_utilization_absolute":0.18,"per_gpu_average_estimated_utilization_absolute":{"(0, 28830)":{"sm":18.0,"mem":0.25,"enc":0.0,"dec":0.0}},"average_gpu_estimated_utilization_relative":1.0,"per_gpu_performance_state":{"0":"P2"},"per_gpu_power_draw":{"0":42.71},"cpu_count_adjusted_average_load":[0.1884375,0.16375,0.163125],"realtime_carbon_intensity":335.5704697987,"disk_write_speed":31.1530895512,"process_ids":[28892,28830]}
{"timestamp":1572412644.9802401066,"rapl_power_draw_absolute":77.7264787373,"rapl_estimated_attributable_power_draw":18.1541367691,"cpu_time_seconds":{"28892":{"user":1.9,"system":4.11,"children_user":0.18,"children_system":3.4},"28830":{"user":109.78,"system":2.31,"children_user":1.1,"children_system":0.32}},"average_relative_cpu_utilization":0.2325447836,"absolute_cpu_utilization":0.9986361247,"relative_mem_usage":0.242951724,"absolute_mem_usage":3798691840.0,"absolute_mem_percent_usage":0.0281177857,"mem_info_per_process":{"28892":{"rss":3269148672,"vms":11414872064,"shared":180527104,"text":2322432,"lib":0,"data":9687068672,"dirty":0,"uss":112951296,"pss":1686266880,"swap":0},"28830":{"rss":3654189056,"vms":11414872064,"shared":565739520,"text":2322432,"lib":0,"data":9687068672,"dirty":0,"uss":154132480,"pss":1845341184,"swap":0}},"nvidia_draw_absolute":42.44,"nvidia_estimated_attributable_power_draw":42.44,"average_gpu_estimated_utilization_absolute":0.22,"per_gpu_average_estimated_utilization_absolute":{"(0, 28830)":{"sm":22.0,"mem":1.5,"enc":0.0,"dec":0.0}},"average_gpu_estimated_utilization_relative":1.0,"per_gpu_performance_state":{"0":"P2"},"per_gpu_power_draw":{"0":42.44},"cpu_count_adjusted_average_load":[0.1834375,0.163125,0.1628125],"realtime_carbon_intensity":333.430730058,"disk_write_speed":19.5409013042,"process_ids":[28892,28830]}
{"timestamp":1572412653.2654390335,"rapl_power_draw_absolute":77.4203654363,"rapl_estimated_attributable_power_draw":18.0854738546,"cpu_time_seconds":{"28892":{"user":2.07,"system":4.4,"children_user":0.2,"children_system":3.68},"28830":{"user":118.05,"system":2.32,"children_user":1.1,"children_system":0.32}},"average_relative_cpu_utilization":0.2333662561,"absolute_cpu_utilization":0.998682005,"relative_mem_usage":0.2359530421,"absolute_mem_usage":3794277376.0,"absolute_mem_percent_usage":0.02808511,"mem_info_per_process":{"28892":{"rss":3269148672,"vms":11414872064,"shared":180527104,"text":2322432,"lib":0,"data":9687068672,"dirty":0,"uss":112955392,"pss":1685964800,"swap":0},"28830":{"rss":3654189056,"vms":11414872064,"shared":565739520,"text":2322432,"lib":0,"data":9687068672,"dirty":0,"uss":153260032,"pss":1842097152,"swap":0}},"nvidia_draw_absolute":42.53,"nvidia_estimated_attributable_power_draw":42.53,"average_gpu_estimated_utilization_absolute":0.23,"per_gpu_average_estimated_utilization_absolute":{"(0, 28830)":{"sm":23.0,"mem":1.5,"enc":0.0,"dec":0.0}},"average_gpu_estimated_utilization_relative":1.0,"per_gpu_performance_state":{"0":"P2"},"per_gpu_power_draw":{"0":42.53},"cpu_count_adjusted_average_load":[0.18625,0.1646875,0.163125],"realtime_carbon_intensity":333.430730058,"disk_write_speed":20.3975875171,"process_ids":[28892,28830]}
{"timestamp":1572412661.5448141098,"rapl_power_draw_absolute":78.0536305655,"rapl_estimated_attributable_power_draw":17.3386150362,"cpu_time_seconds":{"28892":{"user":2.21,"system":4.7,"children_user":0.24,"children_system":3.95},"28830":{"user":126.32,"system":2.34,"children_user":1.1,"children_system":0.32}},"average_relative_cpu_utilization":0.2207424243,"absolute_cpu_utilization":0.9986074298,"relative_mem_usage":0.2361912013,"absolute_mem_usage":3793763328.0,"absolute_mem_percent_usage":0.028081305,"mem_info_per_process":{"28892":{"rss":3269148672,"vms":11414872064,"shared":180527104,"text":2322432,"lib":0,"data":9687068672,"dirty":0,"uss":112947200,"pss":1685581824,"swap":0},"28830":{"rss":3654189056,"vms":11414872064,"shared":565739520,"text":2322432,"lib":0,"data":9687068672,"dirty":0,"uss":153264128,"pss":1841970176,"swap":0}},"nvidia_draw_absolute":42.32,"nvidia_estimated_attributable_power_draw":42.32,"average_gpu_estimated_utilization_absolute":0.225,"per_gpu_average_estimated_utilization_absolute":{"(0, 28830)":{"sm":22.5,"mem":1.0,"enc":0.0,"dec":0.0}},"average_gpu_estimated_utilization_relative":1.0,"per_gpu_performance_state":{"0":"P2"},"per_gpu_power_draw":{"0":42.32},"cpu_count_adjusted_average_load":[0.1815625,0.164375,0.163125],"realtime_carbon_intensity":333.430730058,"disk_write_speed":29.5151395452,"process_ids":[28892,28830]}
{"timestamp":1572412669.7838110924,"rapl_power_draw_absolute":77.9348767473,"rapl_estimated_attributable_power_draw":17.7375323139,"cpu_time_seconds":{"28892":{"user":2.39,"system":5.01,"children_user":0.25,"children_system":4.24},"28830":{"user":134.54,"system":2.36,"children_user":1.1,"children_system":0.32}},"average_relative_cpu_utilization":0.2267492893,"absolute_cpu_utilization":0.998597264,"relative_mem_usage":0.2362134706,"absolute_mem_usage":3793775616.0,"absolute_mem_percent_usage":0.028081396,"mem_info_per_process":{"28892":{"rss":3269148672,"vms":11414872064,"shared":180527104,"text":2322432,"lib":0,"data":9687068672,"dirty":0,"uss":112951296,"pss":1685583872,"swap":0},"28830":{"rss":3654189056,"vms":11414872064,"shared":565739520,"text":2322432,"lib":0,"data":9687068672,"dirty":0,"uss":153268224,"pss":1841972224,"swap":0}},"nvidia_draw_absolute":42.35,"nvidia_estimated_attributable_power_draw":42.35,"average_gpu_estimated_utilization_absolute":0.225,"per_gpu_average_estimated_utilization_absolute":{"(0, 28830)":{"sm":22.5,"mem":1.0,"enc":0.0,"dec":0.0}},"average_gpu_estimated_utilization_relative":1.0,"per_gpu_performance_state":{"0":"P2"},"per_gpu_power_draw":{"0":42.35},"cpu_count_adjusted_average_load":[0.181875,0.1646875,0.1634375],"realtime_carbon_intensity":333.430730058,"disk_write_speed":16.0026249423,"process_ids":[28892,28830]}
{"timestamp":1572412678.0583369732,"rapl_power_draw_absolute":77.7155849358,"rapl_estimated_attributable_power_draw":18.0278893865,"cpu_time_seconds":{"28892":{"user":2.54,"system":5.29,"children_user":0.27,"children_system":4.5},"28830":{"user":142.81,"system":2.37,"children_user":1.1,"children_system":0.32}},"average_relative_cpu_utilization":0.2315582372,"absolute_cpu_utilization":1.0036501492,"relative_mem_usage":0.2362094587,"absolute_mem_usage":3793800192.0,"absolute_mem_percent_usage":0.0280815779,"mem_info_per_process":{"28892":{"rss":3269148672,"vms":11414872064,"shared":180527104,"text":2322432,"lib":0,"data":9687068672,"dirty":0,"uss":112959488,"pss":1685587968,"swap":0},"28830":{"rss":3654189056,"vms":11414872064,"shared":565739520,"text":2322432,"lib":0,"data":9687068672,"dirty":0,"uss":153276416,"pss":1841976320,"swap":0}},"nvidia_draw_absolute":42.0,"nvidia_estimated_attributable_power_draw":42.0,"average_gpu_estimated_utilization_absolute":0.225,"per_gpu_average_estimated_utilization_absolute":{"(0, 28830)":{"sm":22.5,"mem":1.5,"enc":0.0,"dec":0.0}},"average_gpu_estimated_utilization_relative":1.0,"per_gpu_performance_state":{"0":"P2"},"per_gpu_power_draw":{"0":42.0},"cpu_count_adjusted_average_load":[0.175625,0.16375,0.163125],"realtime_carbon_intensity":333.430730058,"disk_write_speed":13.5140194971,"process_ids":[28892,28830]}
{"timestamp":1572412686.3830480576,"rapl_power_draw_absolute":77.786815842,"rapl_estimated_attributable_power_draw":17.4903841862,"cpu_time_seconds":{"28892":{"user":2.67,"system":5.59,"children_user":0.28,"children_system":4.78},"28830":{"user":151.14,"system":2.37,"children_user":1.1,"children_system":0.32}},"average_relative_cpu_utilization":0.2236971297,"absolute_cpu_utilization":0.9986696326,"relative_mem_usage":0.2362175954,"absolute_mem_usage":3793906688.0,"absolute_mem_percent_usage":0.0280823662,"mem_info_per_process":{"28892":{"rss":3269148672,"vms":11414872064,"shared":180527104,"text":2322432,"lib":0,"data":9687068672,"dirty":0,"uss":112963584,"pss":1685684224,"swap":0},"28830":{"rss":3654189056,"vms":11414872064,"shared":565739520,"text":2322432,"lib":0,"data":9687068672,"dirty":0,"uss":153280512,"pss":1841978368,"swap":0}},"nvidia_draw_absolute":41.91,"nvidia_estimated_attributable_power_draw":41.91,"average_gpu_estimated_utilization_absolute":0.2266666667,"per_gpu_average_estimated_utilization_absolute":{"(0, 28830)":{"sm":22.6666666667,"mem":1.3333333333,"enc":0.0,"dec":0.0}},"average_gpu_estimated_utilization_relative":1.0,"per_gpu_performance_state":{"0":"P2"},"per_gpu_power_draw":{"0":41.91},"cpu_count_adjusted_average_load":[0.1771875,0.1646875,0.1634375],"realtime_carbon_intensity":333.430730058,"disk_write_speed":19.5822476494,"process_ids":[28892,28830]}
{"timestamp":1572412694.6278250217,"rapl_power_draw_absolute":77.9110618496,"rapl_estimated_attributable_power_draw":17.7764123004,"cpu_time_seconds":{"28892":{"user":2.78,"system":5.9,"children_user":0.3,"children_system":5.05},"28830":{"user":159.39,"system":2.37,"children_user":1.1,"children_system":0.32}},"average_relative_cpu_utilization":0.2273709366,"absolute_cpu_utilization":1.0036139152,"relative_mem_usage":0.236060652,"absolute_mem_usage":3793838080.0,"absolute_mem_percent_usage":0.0280818584,"mem_info_per_process":{"28892":{"rss":3269148672,"vms":11414872064,"shared":180527104,"text":2322432,"lib":0,"data":9687068672,"dirty":0,"uss":112971776,"pss":1685688320,"swap":0},"28830":{"rss":3654189056,"vms":11414872064,"shared":565739520,"text":2322432,"lib":0,"data":9687068672,"dirty":0,"uss":153288704,"pss":1841889280,"swap":0}},"nvidia_draw_absolute":42.0,"nvidia_estimated_attributable_power_draw":42.0,"average_gpu_estimated_utilization_absolute":0.2233333333,"per_gpu_average_estimated_utilization_absolute":{"(0, 28830)":{"sm":22.3333333333,"mem":1.3333333333,"enc":0.0,"dec":0.0}},"average_gpu_estimated_utilization_relative":1.0,"per_gpu_performance_state":{"0":"P2"},"per_gpu_power_draw":{"0":42.0},"cpu_count_adjusted_average_load":[0.1778125,0.165,0.1634375],"realtime_carbon_intensity":333.430730058,"disk_write_speed":20.5136301334,"process_ids":[28892,28830]}
{"timestamp":1572412702.9720098972,"rapl_power_draw_absolute":77.7049879146,"rapl_estimated_attributable_power_draw":17.7406942747,"cpu_time_seconds":{"28892":{"user":2.9,"system":6.26,"children_user":0.31,"children_system":5.34},"28830":{"user":167.72,"system":2.38,"children_user":1.1,"children_system":0.32}},"average_relative_cpu_utilization":0.2275135607,"absolute_cpu_utilization":0.9985820111,"relative_mem_usage":0.2361610143,"absolute_mem_usage":3793846272.0,"absolute_mem_percent_usage":0.028081919,"mem_info_per_process":{"28892":{"rss":3269148672,"vms":11414872064,"shared":180527104,"text":2322432,"lib":0,"data":9687068672,"dirty":0,"uss":112975872,"pss":1685690368,"swap":0},"28830":{"rss":3654189056,"vms":11414872064,"shared":565739520,"text":2322432,"lib":0,"data":9687068672,"dirty":0,"uss":153292800,"pss":1841887232,"swap":0}},"nvidia_draw_absolute":41.93,"nvidia_estimated_attributable_power_draw":41.93,"average_gpu_estimated_utilization_absolute":0.22,"per_gpu_average_estimated_utilization_absolute":{"(0, 28830)":{"sm":22,"mem":1,"enc":0,"dec":0}},"average_gpu_estimated_utilization_relative":1.0,"per_gpu_performance_state":{"0":"P2"},"per_gpu_power_draw":{"0":41.93},"cpu_count_adjusted_average_load":[0.179375,0.165625,0.16375],"realtime_carbon_intensity":333.430730058,"disk_write_speed":27.6783421122,"process_ids":[28892,28830]}
{"timestamp":1572412711.267193079,"rapl_power_draw_absolute":77.7763616283,"rapl_estimated_attributable_power_draw":17.8192674798,"cpu_time_seconds":{"28892":{"user":3.09,"system":6.58,"children_user":0.33,"children_system":5.62},"28830":{"user":176.02,"system":2.39,"children_user":1.1,"children_system":0.32}},"average_relative_cpu_utilization":0.2283891871,"absolute_cpu_utilization":1.0036373329,"relative_mem_usage":0.2361811377,"absolute_mem_usage":3793866752.0,"absolute_mem_percent_usage":0.0280820706,"mem_info_per_process":{"28892":{"rss":3269148672,"vms":11414872064,"shared":180527104,"text":2322432,"lib":0,"data":9687068672,"dirty":0,"uss":112979968,"pss":1685603328,"swap":0},"28830":{"rss":3654189056,"vms":11414872064,"shared":565739520,"text":2322432,"lib":0,"data":9687068672,"dirty":0,"uss":153296896,"pss":1841986560,"swap":0}},"nvidia_draw_absolute":41.62,"nvidia_estimated_attributable_power_draw":41.62,"average_gpu_estimated_utilization_absolute":0.225,"per_gpu_average_estimated_utilization_absolute":{"(0, 28830)":{"sm":22.5,"mem":1.0,"enc":0.0,"dec":0.0}},"average_gpu_estimated_utilization_relative":1.0,"per_gpu_performance_state":{"0":"P2"},"per_gpu_power_draw":{"0":41.62},"cpu_count_adjusted_average_load":[0.1803125,0.1665625,0.1640625],"realtime_carbon_intensity":333.430730058,"disk_write_speed":21.7044709401,"process_ids":[28892,28830]}
{"timestamp":1572412719.5874650478,"rapl_power_draw_absolute":77.9801431535,"rapl_estimated_attributable_power_draw":17.8048829274,"cpu_time_seconds":{"28892":{"user":3.23,"system":6.93,"children_user":0.35,"children_system":5.9},"28830":{"user":184.33,"system":2.4,"children_user":1.1,"children_system":0.32}},"average_relative_cpu_utilization":0.2275152309,"absolute_cpu_utilization":0.9985761326,"relative_mem_usage":0.2361916594,"absolute_mem_usage":3793879040.0,"absolute_mem_percent_usage":0.0280821615,"mem_info_per_process":{"28892":{"rss":3269148672,"vms":11414872064,"shared":180527104,"text":2322432,"lib":0,"data":9687068672,"dirty":0,"uss":112984064,"pss":1685605376,"swap":0},"28830":{"rss":3654189056,"vms":11414872064,"shared":565739520,"text":2322432,"lib":0,"data":9687068672,"dirty":0,"uss":153300992,"pss":1841988608,"swap":0}},"nvidia_draw_absolute":41.84,"nvidia_estimated_attributable_power_draw":41.84,"average_gpu_estimated_utilization_absolute":0.225,"per_gpu_average_estimated_utilization_absolute":{"(0, 28830)":{"sm":22.5,"mem":1.5,"enc":0.0,"dec":0.0}},"average_gpu_estimated_utilization_relative":1.0,"per_gpu_performance_state":{"0":"P2"},"per_gpu_power_draw":{"0":41.84},"cpu_count_adjusted_average_load":[0.1834375,0.1671875,0.164375],"realtime_carbon_intensity":333.430730058,"disk_write_speed":26.3751234083,"process_ids":[28892,28830]}
{"timestamp":1572412727.8720479012,"rapl_power_draw_absolute":77.6399324753,"rapl_estimated_attributable_power_draw":17.678942338,"cpu_time_seconds":{"28892":{"user":3.36,"system":7.24,"children_user":0.37,"children_system":6.17},"28830":{"user":192.6,"system":2.42,"children_user":1.1,"children_system":0.32}},"average_relative_cpu_utilization":0.2268572149,"absolute_cpu_utilization":1.0036373683,"relative_mem_usage":0.2362083686,"absolute_mem_usage":3793886208.0,"absolute_mem_percent_usage":0.0280822146,"mem_info_per_process":{"28892":{"rss":3269148672,"vms":11414872064,"shared":180527104,"text":2322432,"lib":0,"data":9687068672,"dirty":0,"uss":112988160,"pss":1685602304,"swap":0},"28830":{"rss":3654189056,"vms":11414872064,"shared":565739520,"text":2322432,"lib":0,"data":9687068672,"dirty":0,"uss":153305088,"pss":1841990656,"swap":0}},"nvidia_draw_absolute":41.48,"nvidia_estimated_attributable_power_draw":41.48,"average_gpu_estimated_utilization_absolute":0.22,"per_gpu_average_estimated_utilization_absolute":{"(0, 28830)":{"sm":22,"mem":1,"enc":0,"dec":0}},"average_gpu_estimated_utilization_relative":1.0,"per_gpu_performance_state":{"0":"P2"},"per_gpu_power_draw":{"0":41.48},"cpu_count_adjusted_average_load":[0.18375,0.1678125,0.164375],"realtime_carbon_intensity":333.430730058,"disk_write_speed":20.8907014726,"process_ids":[28892,28830]}
{"timestamp":1572412736.1488969326,"rapl_power_draw_absolute":77.609835786,"rapl_estimated_attributable_power_draw":17.6179814065,"cpu_time_seconds":{"28892":{"user":3.48,"system":7.59,"children_user":0.4,"children_system":6.44},"28830":{"user":200.87,"system":2.43,"children_user":1.1,"children_system":0.32}},"average_relative_cpu_utilization":0.226080152,"absolute_cpu_utilization":1.0035935619,"relative_mem_usage":0.2362229851,"absolute_mem_usage":3793914880.0,"absolute_mem_percent_usage":0.0280824268,"mem_info_per_process":{"28892":{"rss":3269148672,"vms":11414872064,"shared":180527104,"text":2322432,"lib":0,"data":9687068672,"dirty":0,"uss":112996352,"pss":1685610496,"swap":0},"28830":{"rss":3654189056,"vms":11414872064,"shared":565739520,"text":2322432,"lib":0,"data":9687068672,"dirty":0,"uss":153313280,"pss":1841994752,"swap":0}},"nvidia_draw_absolute":40.87,"nvidia_estimated_attributable_power_draw":40.87,"average_gpu_estimated_utilization_absolute":0.2233333333,"per_gpu_average_estimated_utilization_absolute":{"(0, 28830)":{"sm":22.3333333333,"mem":1.6666666667,"enc":0.0,"dec":0.0}},"average_gpu_estimated_utilization_relative":1.0,"per_gpu_performance_state":{"0":"P2"},"per_gpu_power_draw":{"0":40.87},"cpu_count_adjusted_average_load":[0.1840625,0.1684375,0.1646875],"realtime_carbon_intensity":333.430730058,"disk_write_speed":19.4807371118,"process_ids":[28892,28830]}
{"timestamp":1572412744.401540041,"rapl_power_draw_absolute":77.7084420706,"rapl_estimated_attributable_power_draw":17.7125574723,"cpu_time_seconds":{"28892":{"user":3.63,"system":7.9,"children_user":0.41,"children_system":6.7},"28830":{"user":209.11,"system":2.44,"children_user":1.1,"children_system":0.32}},"average_relative_cpu_utilization":0.2271038794,"absolute_cpu_utilization":1.0036049733,"relative_mem_usage":0.2361679628,"absolute_mem_usage":3793923072.0,"absolute_mem_percent_usage":0.0280824875,"mem_info_per_process":{"28892":{"rss":3269148672,"vms":11414872064,"shared":180527104,"text":2322432,"lib":0,"data":9687068672,"dirty":0,"uss":113000448,"pss":1685608448,"swap":0},"28830":{"rss":3654189056,"vms":11414872064,"shared":565739520,"text":2322432,"lib":0,"data":9687068672,"dirty":0,"uss":153317376,"pss":1841996800,"swap":0}},"nvidia_draw_absolute":41.63,"nvidia_estimated_attributable_power_draw":41.63,"average_gpu_estimated_utilization_absolute":0.22,"per_gpu_average_estimated_utilization_absolute":{"(0, 28830)":{"sm":22.0,"mem":1.5,"enc":0.0,"dec":0.0}},"average_gpu_estimated_utilization_relative":1.0,"per_gpu_performance_state":{"0":"P2"},"per_gpu_power_draw":{"0":41.63},"cpu_count_adjusted_average_load":[0.179375,0.1678125,0.1646875],"realtime_carbon_intensity":333.430730058,"disk_write_speed":24.6029094322,"process_ids":[28892,28830]}
{"timestamp":1572412752.6846079826,"rapl_power_draw_absolute":77.950280802,"rapl_estimated_attributable_power_draw":17.8583260851,"cpu_time_seconds":{"28892":{"user":3.8,"system":8.2,"children_user":0.43,"children_system":6.97},"28830":{"user":217.39,"system":2.45,"children_user":1.1,"children_system":0.32}},"average_relative_cpu_utilization":0.2283915362,"absolute_cpu_utilization":1.0042413349,"relative_mem_usage":0.2361760975,"absolute_mem_usage":3794029568.0,"absolute_mem_percent_usage":0.0280832757,"mem_info_per_process":{"28892":{"rss":3269148672,"vms":11414872064,"shared":180527104,"text":2322432,"lib":0,"data":9687068672,"dirty":0,"uss":113004544,"pss":1685704704,"swap":0},"28830":{"rss":3654189056,"vms":11414872064,"shared":565739520,"text":2322432,"lib":0,"data":9687068672,"dirty":0,"uss":153321472,"pss":1841998848,"swap":0}},"nvidia_draw_absolute":41.81,"nvidia_estimated_attributable_power_draw":41.81,"average_gpu_estimated_utilization_absolute":0.2266666667,"per_gpu_average_estimated_utilization_absolute":{"(0, 28830)":{"sm":22.6666666667,"mem":1.3333333333,"enc":0.0,"dec":0.0}},"average_gpu_estimated_utilization_relative":1.0,"per_gpu_performance_state":{"0":"P2"},"per_gpu_power_draw":{"0":41.81},"cpu_count_adjusted_average_load":[0.1803125,0.1684375,0.1646875],"realtime_carbon_intensity":333.430730058,"disk_write_speed":24.3026788416,"process_ids":[28892,28830]}
{"timestamp":1572412760.9428451061,"rapl_power_draw_absolute":77.8731753895,"rapl_estimated_attributable_power_draw":17.9710199724,"cpu_time_seconds":{"28892":{"user":3.96,"system":8.52,"children_user":0.45,"children_system":7.24},"28830":{"user":225.64,"system":2.46,"children_user":1.1,"children_system":0.32}},"average_relative_cpu_utilization":0.2302366219,"absolute_cpu_utilization":1.0038161041,"relative_mem_usage":0.236194834,"absolute_mem_usage":3794031616.0,"absolute_mem_percent_usage":0.0280832909,"mem_info_per_process":{"28892":{"rss":3269148672,"vms":11414872064,"shared":180527104,"text":2322432,"lib":0,"data":9687068672,"dirty":0,"uss":113008640,"pss":1685706752,"swap":0},"28830":{"rss":3654189056,"vms":11414872064,"shared":565739520,"text":2322432,"lib":0,"data":9687068672,"dirty":0,"uss":153325568,"pss":1841990656,"swap":0}},"nvidia_draw_absolute":41.15,"nvidia_estimated_attributable_power_draw":41.15,"average_gpu_estimated_utilization_absolute":0.225,"per_gpu_average_estimated_utilization_absolute":{"(0, 28830)":{"sm":22.5,"mem":1.0,"enc":0.0,"dec":0.0}},"average_gpu_estimated_utilization_relative":1.0,"per_gpu_performance_state":{"0":"P2"},"per_gpu_power_draw":{"0":41.15},"cpu_count_adjusted_average_load":[0.1740625,0.1675,0.164375],"realtime_carbon_intensity":333.430730058,"disk_write_speed":22.7104394211,"process_ids":[28892,28830]}
{"timestamp":1572412769.2019360065,"rapl_power_draw_absolute":77.7894885631,"rapl_estimated_attributable_power_draw":17.8571656333,"cpu_time_seconds":{"28892":{"user":4.14,"system":8.81,"children_user":0.46,"children_system":7.51},"28830":{"user":233.89,"system":2.48,"children_user":1.1,"children_system":0.32}},"average_relative_cpu_utilization":0.2289133585,"absolute_cpu_utilization":1.0035884173,"relative_mem_usage":0.236082002,"absolute_mem_usage":3793956864.0,"absolute_mem_percent_usage":0.0280827376,"mem_info_per_process":{"28892":{"rss":3269148672,"vms":11414872064,"shared":180527104,"text":2322432,"lib":0,"data":9687068672,"dirty":0,"uss":113012736,"pss":1685708800,"swap":0},"28830":{"rss":3654189056,"vms":11414872064,"shared":565739520,"text":2322432,"lib":0,"data":9687068672,"dirty":0,"uss":153329664,"pss":1841905664,"swap":0}},"nvidia_draw_absolute":41.18,"nvidia_estimated_attributable_power_draw":41.18,"average_gpu_estimated_utilization_absolute":0.2233333333,"per_gpu_average_estimated_utilization_absolute":{"(0, 28830)":{"sm":22.3333333333,"mem":1.6666666667,"enc":0.0,"dec":0.0}},"average_gpu_estimated_utilization_relative":1.0,"per_gpu_performance_state":{"0":"P2"},"per_gpu_power_draw":{"0":41.18},"cpu_count_adjusted_average_load":[0.1725,0.1671875,0.164375],"realtime_carbon_intensity":333.430730058,"disk_write_speed":25.8820889104,"process_ids":[28892,28830]}
{"timestamp":1572412777.4539330006,"rapl_power_draw_absolute":77.3996113986,"rapl_estimated_attributable_power_draw":17.6239435583,"cpu_time_seconds":{"28892":{"user":4.28,"system":9.15,"children_user":0.48,"children_system":7.77},"28830":{"user":242.14,"system":2.48,"children_user":1.1,"children_system":0.32}},"average_relative_cpu_utilization":0.2268575284,"absolute_cpu_utilization":1.0036425415,"relative_mem_usage":0.2362086684,"absolute_mem_usage":3794078720.0,"absolute_mem_percent_usage":0.0280836396,"mem_info_per_process":{"28892":{"rss":3269148672,"vms":11414872064,"shared":180527104,"text":2322432,"lib":0,"data":9687068672,"dirty":0,"uss":113020928,"pss":1685712896,"swap":0},"28830":{"rss":3654189056,"vms":11414872064,"shared":565739520,"text":2322432,"lib":0,"data":9687068672,"dirty":0,"uss":153337856,"pss":1842007040,"swap":0}},"nvidia_draw_absolute":41.24,"nvidia_estimated_attributable_power_draw":41.24,"average_gpu_estimated_utilization_absolute":0.225,"per_gpu_average_estimated_utilization_absolute":{"(0, 28830)":{"sm":22.5,"mem":1.0,"enc":0.0,"dec":0.0}},"average_gpu_estimated_utilization_relative":1.0,"per_gpu_performance_state":{"0":"P2"},"per_gpu_power_draw":{"0":41.24},"cpu_count_adjusted_average_load":[0.1675,0.1665625,0.1640625],"realtime_carbon_intensity":333.430730058,"disk_write_speed":21.9479441289,"process_ids":[28892,28830]}
{"timestamp":1572412785.6867210865,"rapl_power_draw_absolute":77.2914171209,"rapl_estimated_attributable_power_draw":17.5280852472,"cpu_time_seconds":{"28892":{"user":4.43,"system":9.48,"children_user":0.49,"children_system":8.02},"28830":{"user":250.36,"system":2.5,"children_user":1.1,"children_system":0.32}},"average_relative_cpu_utilization":0.2258365026,"absolute_cpu_utilization":1.0036386005,"relative_mem_usage":0.2362680563,"absolute_mem_usage":3794091008.0,"absolute_mem_percent_usage":0.0280837305,"mem_info_per_process":{"28892":{"rss":3269148672,"vms":11414872064,"shared":180527104,"text":2322432,"lib":0,"data":9687068672,"dirty":0,"uss":113025024,"pss":1685714944,"swap":0},"28830":{"rss":3654189056,"vms":11414872064,"shared":565739520,"text":2322432,"lib":0,"data":9687068672,"dirty":0,"uss":153341952,"pss":1842009088,"swap":0}},"nvidia_draw_absolute":41.55,"nvidia_estimated_attributable_power_draw":41.55,"average_gpu_estimated_utilization_absolute":0.22,"per_gpu_average_estimated_utilization_absolute":{"(0, 28830)":{"sm":22,"mem":1,"enc":0,"dec":0}},"average_gpu_estimated_utilization_relative":1.0,"per_gpu_performance_state":{"0":"P2"},"per_gpu_power_draw":{"0":41.55},"cpu_count_adjusted_average_load":[0.1684375,0.1665625,0.164375],"realtime_carbon_intensity":333.430730058,"disk_write_speed":26.2345326614,"process_ids":[28892,28830]}
{"timestamp":1572412793.9908089638,"rapl_power_draw_absolute":78.0465925287,"rapl_estimated_attributable_power_draw":17.2936407429,"cpu_time_seconds":{"28892":{"user":4.61,"system":9.8,"children_user":0.5,"children_system":8.31},"28830":{"user":258.66,"system":2.51,"children_user":1.1,"children_system":0.32}},"average_relative_cpu_utilization":0.2201365449,"absolute_cpu_utilization":1.0035917587,"relative_mem_usage":0.2362173546,"absolute_mem_usage":3794152448.0,"absolute_mem_percent_usage":0.0280841853,"mem_info_per_process":{"28892":{"rss":3269148672,"vms":11414872064,"shared":180527104,"text":2322432,"lib":0,"data":9687068672,"dirty":0,"uss":113045504,"pss":1685725184,"swap":0},"28830":{"rss":3654189056,"vms":11414872064,"shared":565739520,"text":2322432,"lib":0,"data":9687068672,"dirty":0,"uss":153362432,"pss":1842019328,"swap":0}},"nvidia_draw_absolute":41.44,"nvidia_estimated_attributable_power_draw":41.44,"average_gpu_estimated_utilization_absolute":0.225,"per_gpu_average_estimated_utilization_absolute":{"(0, 28830)":{"sm":22.5,"mem":1.5,"enc":0.0,"dec":0.0}},"average_gpu_estimated_utilization_relative":1.0,"per_gpu_performance_state":{"0":"P2"},"per_gpu_power_draw":{"0":41.44},"cpu_count_adjusted_average_load":[0.1725,0.1675,0.1646875],"realtime_carbon_intensity":333.430730058,"disk_write_speed":29.1705833833,"process_ids":[28892,28830]}
{"timestamp":1572412802.2144579887,"rapl_power_draw_absolute":77.4399999002,"rapl_estimated_attributable_power_draw":16.9517657471,"cpu_time_seconds":{"28892":{"user":4.76,"system":10.11,"children_user":0.51,"children_system":8.58},"28830":{"user":266.87,"system":2.52,"children_user":1.1,"children_system":0.32}},"average_relative_cpu_utilization":0.2171496135,"absolute_cpu_utilization":0.9986058064,"relative_mem_usage":0.2361871614,"absolute_mem_usage":3794164736.0,"absolute_mem_percent_usage":0.0280842763,"mem_info_per_process":{"28892":{"rss":3269148672,"vms":11414872064,"shared":180527104,"text":2322432,"lib":0,"data":9687068672,"dirty":0,"uss":113049600,"pss":1685727232,"swap":0},"28830":{"rss":3654189056,"vms":11414872064,"shared":565739520,"text":2322432,"lib":0,"data":9687068672,"dirty":0,"uss":153366528,"pss":1842021376,"swap":0}},"nvidia_draw_absolute":41.26,"nvidia_estimated_attributable_power_draw":41.26,"average_gpu_estimated_utilization_absolute":0.225,"per_gpu_average_estimated_utilization_absolute":{"(0, 28830)":{"sm":22.5,"mem":1.5,"enc":0.0,"dec":0.0}},"average_gpu_estimated_utilization_relative":1.0,"per_gpu_performance_state":{"0":"P2"},"per_gpu_power_draw":{"0":41.26},"cpu_count_adjusted_average_load":[0.1675,0.1665625,0.164375],"realtime_carbon_intensity":333.430730058,"disk_write_speed":23.7130701203,"process_ids":[28892,28830]}
{"timestamp":1572412810.5200719833,"rapl_power_draw_absolute":77.116127765,"rapl_estimated_attributable_power_draw":17.1973697602,"cpu_time_seconds":{"28892":{"user":4.89,"system":10.43,"children_user":0.52,"children_system":8.86},"28830":{"user":275.17,"system":2.53,"children_user":1.1,"children_system":0.32}},"average_relative_cpu_utilization":0.2217124456,"absolute_cpu_utilization":0.9985775776,"relative_mem_usage":0.2360673613,"absolute_mem_usage":3794072576.0,"absolute_mem_percent_usage":0.0280835941,"mem_info_per_process":{"28892":{"rss":3269148672,"vms":11414872064,"shared":180527104,"text":2322432,"lib":0,"data":9687068672,"dirty":0,"uss":113049600,"pss":1685727232,"swap":0},"28830":{"rss":3654189056,"vms":11414872064,"shared":565739520,"text":2322432,"lib":0,"data":9687068672,"dirty":0,"uss":153366528,"pss":1841929216,"swap":0}},"nvidia_draw_absolute":41.76,"nvidia_estimated_attributable_power_draw":41.76,"average_gpu_estimated_utilization_absolute":0.22,"per_gpu_average_estimated_utilization_absolute":{"(0, 28830)":{"sm":22.0,"mem":1.5,"enc":0.0,"dec":0.0}},"average_gpu_estimated_utilization_relative":1.0,"per_gpu_performance_state":{"0":"P2"},"per_gpu_power_draw":{"0":41.76},"cpu_count_adjusted_average_load":[0.1640625,0.1659375,0.1640625],"realtime_carbon_intensity":333.430730058,"disk_write_speed":25.8672590737,"process_ids":[28892,28830]}
{"timestamp":1572412818.7804250717,"rapl_power_draw_absolute":77.2933101672,"rapl_estimated_attributable_power_draw":17.5279100291,"cpu_time_seconds":{"28892":{"user":5.07,"system":10.74,"children_user":0.53,"children_system":9.16},"28830":{"user":283.42,"system":2.55,"children_user":1.1,"children_system":0.32}},"average_relative_cpu_utilization":0.2258255171,"absolute_cpu_utilization":1.0035679269,"relative_mem_usage":0.2361469042,"absolute_mem_usage":3794189312.0,"absolute_mem_percent_usage":0.0280844582,"mem_info_per_process":{"28892":{"rss":3269148672,"vms":11414872064,"shared":180527104,"text":2322432,"lib":0,"data":9687068672,"dirty":0,"uss":113057792,"pss":1685731328,"swap":0},"28830":{"rss":3654189056,"vms":11414872064,"shared":565739520,"text":2322432,"lib":0,"data":9687068672,"dirty":0,"uss":153374720,"pss":1842025472,"swap":0}},"nvidia_draw_absolute":41.09,"nvidia_estimated_attributable_power_draw":41.09,"average_gpu_estimated_utilization_absolute":0.22,"per_gpu_average_estimated_utilization_absolute":{"(0, 28830)":{"sm":22,"mem":1,"enc":0,"dec":0}},"average_gpu_estimated_utilization_relative":1.0,"per_gpu_performance_state":{"0":"P2"},"per_gpu_power_draw":{"0":41.09},"cpu_count_adjusted_average_load":[0.1628125,0.165625,0.1640625],"realtime_carbon_intensity":333.430730058,"disk_write_speed":20.8957917511,"process_ids":[28892,28830]}
{"timestamp":1572412827.069945097,"rapl_power_draw_absolute":77.1173544506,"rapl_estimated_attributable_power_draw":17.3298700395,"cpu_time_seconds":{"28892":{"user":5.19,"system":11.09,"children_user":0.56,"children_system":9.42},"28830":{"user":291.7,"system":2.55,"children_user":1.1,"children_system":0.32}},"average_relative_cpu_utilization":0.2235801271,"absolute_cpu_utilization":0.9936024943,"relative_mem_usage":0.2361496556,"absolute_mem_usage":3794201600.0,"absolute_mem_percent_usage":0.0280845491,"mem_info_per_process":{"28892":{"rss":3269148672,"vms":11414872064,"shared":180527104,"text":2322432,"lib":0,"data":9687068672,"dirty":0,"uss":113061888,"pss":1685733376,"swap":0},"28830":{"rss":3654189056,"vms":11414872064,"shared":565739520,"text":2322432,"lib":0,"data":9687068672,"dirty":0,"uss":153378816,"pss":1842027520,"swap":0}},"nvidia_draw_absolute":41.03,"nvidia_estimated_attributable_power_draw":41.03,"average_gpu_estimated_utilization_absolute":0.2233333333,"per_gpu_average_estimated_utilization_absolute":{"(0, 28830)":{"sm":22.3333333333,"mem":1.6666666667,"enc":0.0,"dec":0.0}},"average_gpu_estimated_utilization_relative":1.0,"per_gpu_performance_state":{"0":"P2"},"per_gpu_power_draw":{"0":41.03},"cpu_count_adjusted_average_load":[0.1565625,0.1640625,0.16375],"realtime_carbon_intensity":333.430730058,"disk_write_speed":15.3151198005,"process_ids":[28892,28830]}
{"timestamp":1572412835.4089529514,"rapl_power_draw_absolute":71.49133086,"rapl_estimated_attributable_power_draw":21.4566165978,"cpu_time_seconds":{"28892":{"user":5.32,"system":11.39,"children_user":0.57,"children_system":9.72},"28830":{"user":300.05,"system":2.55,"children_user":1.1,"children_system":0.32}},"average_relative_cpu_utilization":0.2995261264,"absolute_cpu_utilization":1.0035745665,"relative_mem_usage":0.3056882574,"absolute_mem_usage":3860926464.0,"absolute_mem_percent_usage":0.0285784443,"mem_info_per_process":{"28892":{"rss":3269148672,"vms":11414872064,"shared":180527104,"text":2322432,"lib":0,"data":9687068672,"dirty":0,"uss":113094656,"pss":1687009280,"swap":0},"28830":{"rss":3654189056,"vms":11414872064,"shared":565739520,"text":2322432,"lib":0,"data":9687068672,"dirty":0,"uss":159600640,"pss":1901221888,"swap":0}},"nvidia_draw_absolute":41.2,"nvidia_estimated_attributable_power_draw":41.2,"average_gpu_estimated_utilization_absolute":0.225,"per_gpu_average_estimated_utilization_absolute":{"(0, 28830)":{"sm":22.5,"mem":1.0,"enc":0.0,"dec":0.0}},"average_gpu_estimated_utilization_relative":1.0,"per_gpu_performance_state":{"0":"P2"},"per_gpu_power_draw":{"0":41.2},"cpu_count_adjusted_average_load":[0.1540625,0.1634375,0.1634375],"realtime_carbon_intensity":333.430730058,"disk_write_speed":22.8977298783,"process_ids":[28892,28830]}
{"timestamp":1572412843.6968200207,"rapl_power_draw_absolute":71.0391760317,"rapl_estimated_attributable_power_draw":20.4174171806,"cpu_time_seconds":{"28892":{"user":5.5,"system":11.68,"children_user":0.58,"children_system":9.99},"28830":{"user":308.33,"system":2.56,"children_user":1.1,"children_system":0.32}},"average_relative_cpu_utilization":0.2856834808,"absolute_cpu_utilization":0.9985461225,"relative_mem_usage":0.3028247447,"absolute_mem_usage":3860622336.0,"absolute_mem_percent_usage":0.0285761931,"mem_info_per_process":{"28892":{"rss":3269148672,"vms":11414872064,"shared":180527104,"text":2322432,"lib":0,"data":9687068672,"dirty":0,"uss":113098752,"pss":1686998016,"swap":0},"28830":{"rss":3654189056,"vms":11414872064,"shared":565739520,"text":2322432,"lib":0,"data":9687068672,"dirty":0,"uss":159604736,"pss":1900920832,"swap":0}},"nvidia_draw_absolute":40.76,"nvidia_estimated_attributable_power_draw":40.76,"average_gpu_estimated_utilization_absolute":0.2266666667,"per_gpu_average_estimated_utilization_absolute":{"(0, 28830)":{"sm":22.6666666667,"mem":1.3333333333,"enc":0.0,"dec":0.0}},"average_gpu_estimated_utilization_relative":1.0,"per_gpu_performance_state":{"0":"P2"},"per_gpu_power_draw":{"0":40.76},"cpu_count_adjusted_average_load":[0.156875,0.16375,0.1634375],"realtime_carbon_intensity":333.430730058,"disk_write_speed":27.9256435425,"process_ids":[28892,28830]}
{"timestamp":1572412851.9410009384,"rapl_power_draw_absolute":77.8133494023,"rapl_estimated_attributable_power_draw":18.0918471685,"cpu_time_seconds":{"28892":{"user":5.67,"system":12.02,"children_user":0.58,"children_system":10.26},"28830":{"user":316.57,"system":2.57,"children_user":1.1,"children_system":0.32}},"average_relative_cpu_utilization":0.2306644424,"absolute_cpu_utilization":0.9985958487,"relative_mem_usage":0.2492021214,"absolute_mem_usage":3803380736.0,"absolute_mem_percent_usage":0.0281524928,"mem_info_per_process":{"28892":{"rss":3269148672,"vms":11414872064,"shared":180527104,"text":2322432,"lib":0,"data":9687068672,"dirty":0,"uss":113098752,"pss":1686331392,"swap":0},"28830":{"rss":3654189056,"vms":11414872064,"shared":565739520,"text":2322432,"lib":0,"data":9687068672,"dirty":0,"uss":154767360,"pss":1849183232,"swap":0}},"nvidia_draw_absolute":41.05,"nvidia_estimated_attributable_power_draw":41.05,"average_gpu_estimated_utilization_absolute":0.22,"per_gpu_average_estimated_utilization_absolute":{"(0, 28830)":{"sm":22,"mem":1,"enc":0,"dec":0}},"average_gpu_estimated_utilization_relative":1.0,"per_gpu_performance_state":{"0":"P2"},"per_gpu_power_draw":{"0":41.05},"cpu_count_adjusted_average_load":[0.1546875,0.163125,0.163125],"realtime_carbon_intensity":333.430730058,"disk_write_speed":17.2891041105,"process_ids":[28892,28830]}
{"timestamp":1572412860.2232251167,"rapl_power_draw_absolute":77.5212563298,"rapl_estimated_attributable_power_draw":17.386593781,"cpu_time_seconds":{"28892":{"user":5.8,"system":12.33,"children_user":0.6,"children_system":10.54},"28830":{"user":324.84,"system":2.58,"children_user":1.1,"children_system":0.32}},"average_relative_cpu_utilization":0.2230770464,"absolute_cpu_utilization":0.9935920266,"relative_mem_usage":0.2364380168,"absolute_mem_usage":3795219456.0,"absolute_mem_percent_usage":0.0280920833,"mem_info_per_process":{"28892":{"rss":3269148672,"vms":11414872064,"shared":180527104,"text":2322432,"lib":0,"data":9687068672,"dirty":0,"uss":113098752,"pss":1686031360,"swap":0},"28830":{"rss":3654189056,"vms":11414872064,"shared":565739520,"text":2322432,"lib":0,"data":9687068672,"dirty":0,"uss":153808896,"pss":1842280448,"swap":0}},"nvidia_draw_absolute":41.03,"nvidia_estimated_attributable_power_draw":41.03,"average_gpu_estimated_utilization_absolute":0.2266666667,"per_gpu_average_estimated_utilization_absolute":{"(0, 28830)":{"sm":22.6666666667,"mem":1.3333333333,"enc":0.0,"dec":0.0}},"average_gpu_estimated_utilization_relative":1.0,"per_gpu_performance_state":{"0":"P2"},"per_gpu_power_draw":{"0":41.03},"cpu_count_adjusted_average_load":[0.1571875,0.1634375,0.1634375],"realtime_carbon_intensity":333.430730058,"disk_write_speed":32.500841391,"process_ids":[28892,28830]}
{"timestamp":1572412868.5359129906,"rapl_power_draw_absolute":77.9858619227,"rapl_estimated_attributable_power_draw":17.5899185462,"cpu_time_seconds":{"28892":{"user":5.94,"system":12.68,"children_user":0.6,"children_system":10.84},"28830":{"user":333.16,"system":2.58,"children_user":1.1,"children_system":0.32}},"average_relative_cpu_utilization":0.2244493442,"absolute_cpu_utilization":0.9985708429,"relative_mem_usage":0.2362757009,"absolute_mem_usage":3794793472.0,"absolute_mem_percent_usage":0.0280889301,"mem_info_per_process":{"28892":{"rss":3269148672,"vms":11414872064,"shared":180527104,"text":2322432,"lib":0,"data":9687068672,"dirty":0,"uss":113082368,"pss":1685742592,"swap":0},"28830":{"rss":3654189056,"vms":11414872064,"shared":565739520,"text":2322432,"lib":0,"data":9687068672,"dirty":0,"uss":153812992,"pss":1842155520,"swap":0}},"nvidia_draw_absolute":41.26,"nvidia_estimated_attributable_power_draw":41.26,"average_gpu_estimated_utilization_absolute":0.22,"per_gpu_average_estimated_utilization_absolute":{"(0, 28830)":{"sm":22.0,"mem":1.5,"enc":0.0,"dec":0.0}},"average_gpu_estimated_utilization_relative":1.0,"per_gpu_performance_state":{"0":"P2"},"per_gpu_power_draw":{"0":41.26},"cpu_count_adjusted_average_load":[0.1571875,0.163125,0.1634375],"realtime_carbon_intensity":333.430730058,"disk_write_speed":23.8456343025,"process_ids":[28892,28830]}
{"timestamp":1572412876.8159570694,"rapl_power_draw_absolute":78.1133967933,"rapl_estimated_attributable_power_draw":17.6892820475,"cpu_time_seconds":{"28892":{"user":6.06,"system":13.0,"children_user":0.62,"children_system":11.14},"28830":{"user":341.44,"system":2.58,"children_user":1.1,"children_system":0.32}},"average_relative_cpu_utilization":0.2254636576,"absolute_cpu_utilization":0.9985701483,"relative_mem_usage":0.2362689873,"absolute_mem_usage":3794803712.0,"absolute_mem_percent_usage":0.0280890059,"mem_info_per_process":{"28892":{"rss":3269148672,"vms":11414872064,"shared":180527104,"text":2322432,"lib":0,"data":9687068672,"dirty":0,"uss":113086464,"pss":1685743616,"swap":0},"28830":{"rss":3654189056,"vms":11414872064,"shared":565739520,"text":2322432,"lib":0,"data":9687068672,"dirty":0,"uss":153817088,"pss":1842156544,"swap":0}},"nvidia_draw_absolute":41.13,"nvidia_estimated_attributable_power_draw":41.13,"average_gpu_estimated_utilization_absolute":0.225,"per_gpu_average_estimated_utilization_absolute":{"(0, 28830)":{"sm":22.5,"mem":1.0,"enc":0.0,"dec":0.0}},"average_gpu_estimated_utilization_relative":1.0,"per_gpu_performance_state":{"0":"P2"},"per_gpu_power_draw":{"0":41.13},"cpu_count_adjusted_average_load":[0.159375,0.1634375,0.1634375],"realtime_carbon_intensity":333.430730058,"disk_write_speed":28.9127285829,"process_ids":[28892,28830]}
