{"timestamp":1572411689.5754609108,"rapl_power_draw_absolute":71.5620820349,"rapl_estimated_attributable_power_draw":19.9103659509,"cpu_time_seconds":{"24371":{"user":0.01,"system":0.05,"children_user":0.0,"children_system":0.05},"24308":{"user":10.62,"system":2.39,"children_user":0.15,"children_system":0.25}},"average_relative_cpu_utilization":0.2763720299,"absolute_cpu_utilization":0.9935880809,"relative_mem_usage":0.296059372,"absolute_mem_usage":3731933184.0,"absolute_mem_percent_usage":0.0276236405,"mem_info_per_process":{"24371":{"rss":3260235776,"vms":11439005696,"shared":174018560,"text":2322432,"lib":0,"data":9684611072,"dirty":0,"uss":73326592,"pss":1663946752,"swap":0},"24308":{"rss":3658743808,"vms":11439005696,"shared":572682240,"text":2322432,"lib":0,"data":9684611072,"dirty":0,"uss":113745920,"pss":1880913920,"swap":0}},"nvidia_draw_absolute":41.59,"nvidia_estimated_attributable_power_draw":41.59,"average_gpu_estimated_utilization_absolute":0.11,"per_gpu_average_estimated_utilization_absolute":{"(0, 24308)":{"sm":11,"mem":0,"enc":0,"dec":0}},"average_gpu_estimated_utilization_relative":1.0,"per_gpu_performance_state":{"0":"P2"},"per_gpu_power_draw":{"0":41.59},"cpu_count_adjusted_average_load":[0.1484375,0.1559375,0.1584375],"realtime_carbon_intensity":337.461173778,"disk_write_speed":19.9003725,"process_ids":[24371,24308]}
{"timestamp":1572411697.8875119686,"rapl_power_draw_absolute":72.9174622638,"rapl_estimated_attributable_power_draw":19.7368735551,"cpu_time_seconds":{"24371":{"user":0.15,"system":0.38,"children_user":0.01,"children_system":0.32},"24308":{"user":18.92,"system":2.4,"children_user":0.15,"children_system":0.25}},"average_relative_cpu_utilization":0.2678267153,"absolute_cpu_utilization":0.9937492519,"relative_mem_usage":0.2973624028,"absolute_mem_usage":3759556608.0,"absolute_mem_percent_usage":0.0278281081,"mem_info_per_process":{"24371":{"rss":3267018752,"vms":11439005696,"shared":180789248,"text":2322432,"lib":0,"data":9684611072,"dirty":0,"uss":82341888,"pss":1670195200,"swap":0},"24308":{"rss":3658743808,"vms":11439005696,"shared":572682240,"text":2322432,"lib":0,"data":9684611072,"dirty":0,"uss":122269696,"pss":1884749824,"swap":0}},"nvidia_draw_absolute":39.04,"nvidia_estimated_attributable_power_draw":39.04,"average_gpu_estimated_utilization_absolute":0.11,"per_gpu_average_estimated_utilization_absolute":{"(0, 24308)":{"sm":11,"mem":0,"enc":0,"dec":0}},"average_gpu_estimated_utilization_relative":1.0,"per_gpu_performance_state":{"0":"P2"},"per_gpu_power_draw":{"0":39.04},"cpu_count_adjusted_average_load":[0.1590625,0.158125,0.1590625],"realtime_carbon_intensity":337.461173778,"disk_write_speed":21.3115063354,"process_ids":[24371,24308]}
{"timestamp":1572411706.1539831161,"rapl_power_draw_absolute":74.3624827057,"rapl_estimated_attributable_power_draw":15.4623373614,"cpu_time_seconds":{"24371":{"user":0.3,"system":0.7,"children_user":0.02,"children_system":0.59},"24308":{"user":27.19,"system":2.41,"children_user":0.15,"children_system":0.25}},"average_relative_cpu_utilization":0.1997859758,"absolute_cpu_utilization":1.0035425078,"relative_mem_usage":0.2863828159,"absolute_mem_usage":3740497920.0,"absolute_mem_percent_usage":0.0276870363,"mem_info_per_process":{"24371":{"rss":3267444736,"vms":11439005696,"shared":180789248,"text":2322432,"lib":0,"data":9684611072,"dirty":0,"uss":83472384,"pss":1670502400,"swap":0},"24308":{"rss":3658743808,"vms":11439005696,"shared":572682240,"text":2322432,"lib":0,"data":9684611072,"dirty":0,"uss":121044992,"pss":1865478144,"swap":0}},"nvidia_draw_absolute":39.35,"nvidia_estimated_attributable_power_draw":39.35,"average_gpu_estimated_utilization_absolute":0.1166666667,"per_gpu_average_estimated_utilization_absolute":{"(0, 24308)":{"sm":11.6666666667,"mem":0.0,"enc":0.0,"dec":0.0}},"average_gpu_estimated_utilization_relative":1.0,"per_gpu_performance_state":{"0":"P2"},"per_gpu_power_draw":{"0":39.35},"cpu_count_adjusted_average_load":[0.1584375,0.158125,0.1590625],"realtime_carbon_intensity":337.461173778,"disk_write_speed":20.8207117989,"process_ids":[24371,24308]}
{"timestamp":1572411714.426320076,"rapl_power_draw_absolute":74.0584972946,"rapl_estimated_attributable_power_draw":18.4998624335,"cpu_time_seconds":{"24371":{"user":0.46,"system":1.02,"children_user":0.04,"children_system":0.86},"24308":{"user":35.46,"system":2.42,"children_user":0.15,"children_system":0.25}},"average_relative_cpu_utilization":0.2518735826,"absolute_cpu_utilization":1.0036477147,"relative_mem_usage":0.2303456554,"absolute_mem_usage":3691409408.0,"absolute_mem_percent_usage":0.0273236849,"mem_info_per_process":{"24371":{"rss":3267514368,"vms":11439005696,"shared":180854784,"text":2322432,"lib":0,"data":9684611072,"dirty":0,"uss":83496960,"pss":1670173696,"swap":0},"24308":{"rss":3658743808,"vms":11439005696,"shared":572682240,"text":2322432,"lib":0,"data":9684611072,"dirty":0,"uss":113438720,"pss":1824300032,"swap":0}},"nvidia_draw_absolute":38.97,"nvidia_estimated_attributable_power_draw":38.97,"average_gpu_estimated_utilization_absolute":0.145,"per_gpu_average_estimated_utilization_absolute":{"(0, 24308)":{"sm":14.5,"mem":0.0,"enc":0.0,"dec":0.0}},"average_gpu_estimated_utilization_relative":1.0,"per_gpu_performance_state":{"0":"P2"},"per_gpu_power_draw":{"0":38.97},"cpu_count_adjusted_average_load":[0.160625,0.1584375,0.1590625],"realtime_carbon_intensity":337.461173778,"disk_write_speed":27.3451971481,"process_ids":[24371,24308]}
{"timestamp":1572411722.6603629589,"rapl_power_draw_absolute":77.0666905315,"rapl_estimated_attributable_power_draw":17.605863874,"cpu_time_seconds":{"24371":{"user":0.63,"system":1.34,"children_user":0.07,"children_system":1.12},"24308":{"user":43.69,"system":2.42,"children_user":0.15,"children_system":0.25}},"average_relative_cpu_utilization":0.2282909298,"absolute_cpu_utilization":0.9985977841,"relative_mem_usage":0.2300560599,"absolute_mem_usage":3690912768.0,"absolute_mem_percent_usage":0.0273200088,"mem_info_per_process":{"24371":{"rss":3267514368,"vms":11439005696,"shared":180854784,"text":2322432,"lib":0,"data":9684611072,"dirty":0,"uss":83427328,"pss":1669921792,"swap":0},"24308":{"rss":3658743808,"vms":11439005696,"shared":572682240,"text":2322432,"lib":0,"data":9684611072,"dirty":0,"uss":113442816,"pss":1824120832,"swap":0}},"nvidia_draw_absolute":38.76,"nvidia_estimated_attributable_power_draw":38.76,"average_gpu_estimated_utilization_absolute":0.145,"per_gpu_average_estimated_utilization_absolute":{"(0, 24308)":{"sm":14.5,"mem":0.0,"enc":0.0,"dec":0.0}},"average_gpu_estimated_utilization_relative":1.0,"per_gpu_performance_state":{"0":"P2"},"per_gpu_power_draw":{"0":38.76},"cpu_count_adjusted_average_load":[0.164375,0.159375,0.159375],"realtime_carbon_intensity":337.461173778,"disk_write_speed":17.0381242036,"process_ids":[24371,24308]}
{"timestamp":1572411731.0549030304,"rapl_power_draw_absolute":77.0877582643,"rapl_estimated_attributable_power_draw":17.9149276788,"cpu_time_seconds":{"24371":{"user":0.77,"system":1.66,"children_user":0.07,"children_system":1.41},"24308":{"user":52.09,"system":2.42,"children_user":0.15,"children_system":0.25}},"average_relative_cpu_utilization":0.2326213021,"absolute_cpu_utilization":1.0035777604,"relative_mem_usage":0.2301073771,"absolute_mem_usage":3690918912.0,"absolute_mem_percent_usage":0.0273200542,"mem_info_per_process":{"24371":{"rss":3267514368,"vms":11439005696,"shared":180854784,"text":2322432,"lib":0,"data":9684611072,"dirty":0,"uss":83431424,"pss":1669920768,"swap":0},"24308":{"rss":3658743808,"vms":11439005696,"shared":572682240,"text":2322432,"lib":0,"data":9684611072,"dirty":0,"uss":113446912,"pss":1824119808,"swap":0}},"nvidia_draw_absolute":38.7,"nvidia_estimated_attributable_power_draw":38.7,"average_gpu_estimated_utilization_absolute":0.145,"per_gpu_average_estimated_utilization_absolute":{"(0, 24308)":{"sm":14.5,"mem":0.0,"enc":0.0,"dec":0.0}},"average_gpu_estimated_utilization_relative":1.0,"per_gpu_performance_state":{"0":"P2"},"per_gpu_power_draw":{"0":38.7},"cpu_count_adjusted_average_load":[0.1728125,0.1615625,0.16],"realtime_carbon_intensity":337.461173778,"disk_write_speed":17.4783462662,"process_ids":[24371,24308]}
{"timestamp":1572411739.3027920723,"rapl_power_draw_absolute":77.4566563606,"rapl_estimated_attributable_power_draw":17.3719357896,"cpu_time_seconds":{"24371":{"user":0.9,"system":1.98,"children_user":0.08,"children_system":1.69},"24308":{"user":60.33,"system":2.43,"children_user":0.15,"children_system":0.25}},"average_relative_cpu_utilization":0.2236941707,"absolute_cpu_utilization":0.9985734004,"relative_mem_usage":0.2301394183,"absolute_mem_usage":3690933248.0,"absolute_mem_percent_usage":0.0273201604,"mem_info_per_process":{"24371":{"rss":3267514368,"vms":11439005696,"shared":180854784,"text":2322432,"lib":0,"data":9684611072,"dirty":0,"uss":83435520,"pss":1669924864,"swap":0},"24308":{"rss":3658743808,"vms":11439005696,"shared":572682240,"text":2322432,"lib":0,"data":9684611072,"dirty":0,"uss":113451008,"pss":1824121856,"swap":0}},"nvidia_draw_absolute":38.58,"nvidia_estimated_attributable_power_draw":38.58,"average_gpu_estimated_utilization_absolute":0.145,"per_gpu_average_estimated_utilization_absolute":{"(0, 24308)":{"sm":14.5,"mem":0.0,"enc":0.0,"dec":0.0}},"average_gpu_estimated_utilization_relative":1.0,"per_gpu_performance_state":{"0":"P2"},"per_gpu_power_draw":{"0":38.58},"cpu_count_adjusted_average_load":[0.1715625,0.16125,0.16],"realtime_carbon_intensity":337.461173778,"disk_write_speed":17.3749130075,"process_ids":[24371,24308]}
{"timestamp":1572411747.6333250999,"rapl_power_draw_absolute":77.3528623762,"rapl_estimated_attributable_power_draw":17.5807774764,"cpu_time_seconds":{"24371":{"user":1.01,"system":2.29,"children_user":0.08,"children_system":1.99},"24308":{"user":68.66,"system":2.44,"children_user":0.15,"children_system":0.25}},"average_relative_cpu_utilization":0.2269972937,"absolute_cpu_utilization":0.9985590992,"relative_mem_usage":0.2301500595,"absolute_mem_usage":3690945536.0,"absolute_mem_percent_usage":0.0273202513,"mem_info_per_process":{"24371":{"rss":3267514368,"vms":11439005696,"shared":180854784,"text":2322432,"lib":0,"data":9684611072,"dirty":0,"uss":83439616,"pss":1669926912,"swap":0},"24308":{"rss":3658743808,"vms":11439005696,"shared":572682240,"text":2322432,"lib":0,"data":9684611072,"dirty":0,"uss":113455104,"pss":1824123904,"swap":0}},"nvidia_draw_absolute":38.63,"nvidia_estimated_attributable_power_draw":38.63,"average_gpu_estimated_utilization_absolute":0.15,"per_gpu_average_estimated_utilization_absolute":{"(0, 24308)":{"sm":15,"mem":0,"enc":0,"dec":0}},"average_gpu_estimated_utilization_relative":1.0,"per_gpu_performance_state":{"0":"P2"},"per_gpu_power_draw":{"0":38.63},"cpu_count_adjusted_average_load":[0.1809375,0.16375,0.1609375],"realtime_carbon_intensity":337.461173778,"disk_write_speed":14.4510020694,"process_ids":[24371,24308]}
{"timestamp":1572411756.2185559273,"rapl_power_draw_absolute":77.4271211503,"rapl_estimated_attributable_power_draw":17.3652158829,"cpu_time_seconds":{"24371":{"user":1.15,"system":2.61,"children_user":0.09,"children_system":2.28},"24308":{"user":77.25,"system":2.44,"children_user":0.15,"children_system":0.25}},"average_relative_cpu_utilization":0.2236970224,"absolute_cpu_utilization":0.9985729491,"relative_mem_usage":0.230162524,"absolute_mem_usage":3690957824.0,"absolute_mem_percent_usage":0.0273203423,"mem_info_per_process":{"24371":{"rss":3267514368,"vms":11439005696,"shared":180854784,"text":2322432,"lib":0,"data":9684611072,"dirty":0,"uss":83443712,"pss":1669928960,"swap":0},"24308":{"rss":3658743808,"vms":11439005696,"shared":572682240,"text":2322432,"lib":0,"data":9684611072,"dirty":0,"uss":113459200,"pss":1824125952,"swap":0}},"nvidia_draw_absolute":38.16,"nvidia_estimated_attributable_power_draw":38.16,"average_gpu_estimated_utilization_absolute":0.145,"per_gpu_average_estimated_utilization_absolute":{"(0, 24308)":{"sm":14.5,"mem":0.0,"enc":0.0,"dec":0.0}},"average_gpu_estimated_utilization_relative":1.0,"per_gpu_performance_state":{"0":"P2"},"per_gpu_power_draw":{"0":38.16},"cpu_count_adjusted_average_load":[0.176875,0.1634375,0.1609375],"realtime_carbon_intensity":337.461173778,"disk_write_speed":24.1242431026,"process_ids":[24371,24308]}
{"timestamp":1572411764.5828459263,"rapl_power_draw_absolute":77.6608209175,"rapl_estimated_attributable_power_draw":17.5318787551,"cpu_time_seconds":{"24371":{"user":1.3,"system":2.94,"children_user":0.11,"children_system":2.59},"24308":{"user":85.62,"system":2.44,"children_user":0.15,"children_system":0.25}},"average_relative_cpu_utilization":0.2253176722,"absolute_cpu_utilization":1.0035565406,"relative_mem_usage":0.2301532866,"absolute_mem_usage":3691027456.0,"absolute_mem_percent_usage":0.0273208577,"mem_info_per_process":{"24371":{"rss":3267543040,"vms":11439005696,"shared":180854784,"text":2322432,"lib":0,"data":9684611072,"dirty":0,"uss":83476480,"pss":1669959680,"swap":0},"24308":{"rss":3658743808,"vms":11439005696,"shared":572682240,"text":2322432,"lib":0,"data":9684611072,"dirty":0,"uss":113463296,"pss":1824128000,"swap":0}},"nvidia_draw_absolute":38.14,"nvidia_estimated_attributable_power_draw":38.14,"average_gpu_estimated_utilization_absolute":0.14,"per_gpu_average_estimated_utilization_absolute":{"(0, 24308)":{"sm":14,"mem":0,"enc":0,"dec":0}},"average_gpu_estimated_utilization_relative":1.0,"per_gpu_performance_state":{"0":"P2"},"per_gpu_power_draw":{"0":38.14},"cpu_count_adjusted_average_load":[0.1803125,0.164375,0.16125],"realtime_carbon_intensity":337.461173778,"disk_write_speed":18.0573444884,"process_ids":[24371,24308]}
{"timestamp":1572411772.8581779003,"rapl_power_draw_absolute":77.45269487,"rapl_estimated_attributable_power_draw":17.3357983931,"cpu_time_seconds":{"24371":{"user":1.44,"system":3.24,"children_user":0.12,"children_system":2.88},"24308":{"user":93.89,"system":2.44,"children_user":0.15,"children_system":0.25}},"average_relative_cpu_utilization":0.22320493,"absolute_cpu_utilization":0.9986390727,"relative_mem_usage":0.2301107992,"absolute_mem_usage":3691052032.0,"absolute_mem_percent_usage":0.0273210396,"mem_info_per_process":{"24371":{"rss":3267543040,"vms":11439005696,"shared":180854784,"text":2322432,"lib":0,"data":9684611072,"dirty":0,"uss":83484672,"pss":1669963776,"swap":0},"24308":{"rss":3658743808,"vms":11439005696,"shared":572682240,"text":2322432,"lib":0,"data":9684611072,"dirty":0,"uss":113471488,"pss":1824132096,"swap":0}},"nvidia_draw_absolute":38.07,"nvidia_estimated_attributable_power_draw":38.07,"average_gpu_estimated_utilization_absolute":0.145,"per_gpu_average_estimated_utilization_absolute":{"(0, 24308)":{"sm":14.5,"mem":0.0,"enc":0.0,"dec":0.0}},"average_gpu_estimated_utilization_relative":1.0,"per_gpu_performance_state":{"0":"P2"},"per_gpu_power_draw":{"0":38.07},"cpu_count_adjusted_average_load":[0.1953125,0.168125,0.1625],"realtime_carbon_intensity":337.461173778,"disk_write_speed":19.5434325267,"process_ids":[24371,24308]}
{"timestamp":1572411781.1300230026,"rapl_power_draw_absolute":77.8087923504,"rapl_estimated_attributable_power_draw":17.4149930402,"cpu_time_seconds":{"24371":{"user":1.59,"system":3.54,"children_user":0.15,"children_system":3.16},"24308":{"user":102.16,"system":2.44,"children_user":0.15,"children_system":0.25}},"average_relative_cpu_utilization":0.2231931885,"absolute_cpu_utilization":0.9985151597,"relative_mem_usage":0.23013372,"absolute_mem_usage":3691064320.0,"absolute_mem_percent_usage":0.0273211305,"mem_info_per_process":{"24371":{"rss":3267543040,"vms":11439005696,"shared":180854784,"text":2322432,"lib":0,"data":9684611072,"dirty":0,"uss":83488768,"pss":1669965824,"swap":0},"24308":{"rss":3658743808,"vms":11439005696,"shared":572682240,"text":2322432,"lib":0,"data":9684611072,"dirty":0,"uss":113475584,"pss":1824134144,"swap":0}},"nvidia_draw_absolute":38.31,"nvidia_estimated_attributable_power_draw":38.31,"average_gpu_estimated_utilization_absolute":0.145,"per_gpu_average_estimated_utilization_absolute":{"(0, 24308)":{"sm":14.5,"mem":0.0,"enc":0.0,"dec":0.0}},"average_gpu_estimated_utilization_relative":1.0,"per_gpu_performance_state":{"0":"P2"},"per_gpu_power_draw":{"0":38.31},"cpu_count_adjusted_average_load":[0.194375,0.16875,0.1628125],"realtime_carbon_intensity":337.461173778,"disk_write_speed":16.0661086114,"process_ids":[24371,24308]}
{"timestamp":1572411789.3869040012,"rapl_power_draw_absolute":77.5453352047,"rapl_estimated_attributable_power_draw":17.6140098951,"cpu_time_seconds":{"24371":{"user":1.73,"system":3.81,"children_user":0.18,"children_system":3.42},"24308":{"user":110.42,"system":2.45,"children_user":0.15,"children_system":0.25}},"average_relative_cpu_utilization":0.2268477949,"absolute_cpu_utilization":1.0035555252,"relative_mem_usage":0.2301594548,"absolute_mem_usage":3691002880.0,"absolute_mem_percent_usage":0.0273206758,"mem_info_per_process":{"24371":{"rss":3267543040,"vms":11439005696,"shared":180854784,"text":2322432,"lib":0,"data":9684611072,"dirty":0,"uss":83501056,"pss":1669873664,"swap":0},"24308":{"rss":3658743808,"vms":11439005696,"shared":572682240,"text":2322432,"lib":0,"data":9684611072,"dirty":0,"uss":113487872,"pss":1824140288,"swap":0}},"nvidia_draw_absolute":38.11,"nvidia_estimated_attributable_power_draw":38.11,"average_gpu_estimated_utilization_absolute":0.145,"per_gpu_average_estimated_utilization_absolute":{"(0, 24308)":{"sm":14.5,"mem":0.0,"enc":0.0,"dec":0.0}},"average_gpu_estimated_utilization_relative":1.0,"per_gpu_performance_state":{"0":"P2"},"per_gpu_power_draw":{"0":38.11},"cpu_count_adjusted_average_load":[0.19625,0.1696875,0.163125],"realtime_carbon_intensity":337.461173778,"disk_write_speed":17.9465322811,"process_ids":[24371,24308]}
{"timestamp":1572411797.6154639721,"rapl_power_draw_absolute":76.6075673256,"rapl_estimated_attributable_power_draw":17.4118159818,"cpu_time_seconds":{"24371":{"user":1.88,"system":4.1,"children_user":0.18,"children_system":3.71},"24308":{"user":118.64,"system":2.46,"children_user":0.15,"children_system":0.25}},"average_relative_cpu_utilization":0.2269987478,"absolute_cpu_utilization":0.9985963502,"relative_mem_usage":0.230142662,"absolute_mem_usage":3691113472.0,"absolute_mem_percent_usage":0.0273214944,"mem_info_per_process":{"24371":{"rss":3267543040,"vms":11439005696,"shared":180854784,"text":2322432,"lib":0,"data":9684611072,"dirty":0,"uss":83505152,"pss":1669974016,"swap":0},"24308":{"rss":3658743808,"vms":11439005696,"shared":572682240,"text":2322432,"lib":0,"data":9684611072,"dirty":0,"uss":113491968,"pss":1824142336,"swap":0}},"nvidia_draw_absolute":38.02,"nvidia_estimated_attributable_power_draw":38.02,"average_gpu_estimated_utilization_absolute":0.145,"per_gpu_average_estimated_utilization_absolute":{"(0, 24308)":{"sm":14.5,"mem":0.0,"enc":0.0,"dec":0.0}},"average_gpu_estimated_utilization_relative":1.0,"per_gpu_performance_state":{"0":"P2"},"per_gpu_power_draw":{"0":38.02},"cpu_count_adjusted_average_load":[0.196875,0.1709375,0.1634375],"realtime_carbon_intensity":337.461173778,"disk_write_speed":21.876936806,"process_ids":[24371,24308]}
{"timestamp":1572411805.8899650574,"rapl_power_draw_absolute":77.7799144117,"rapl_estimated_attributable_power_draw":17.6492600849,"cpu_time_seconds":{"24371":{"user":2.0,"system":4.43,"children_user":0.18,"children_system":4.01},"24308":{"user":126.91,"system":2.47,"children_user":0.15,"children_system":0.25}},"average_relative_cpu_utilization":0.2265897437,"absolute_cpu_utilization":1.0035883855,"relative_mem_usage":0.2301733489,"absolute_mem_usage":3691125760.0,"absolute_mem_percent_usage":0.0273215853,"mem_info_per_process":{"24371":{"rss":3267543040,"vms":11439005696,"shared":180854784,"text":2322432,"lib":0,"data":9684611072,"dirty":0,"uss":83509248,"pss":1669976064,"swap":0},"24308":{"rss":3658743808,"vms":11439005696,"shared":572682240,"text":2322432,"lib":0,"data":9684611072,"dirty":0,"uss":113496064,"pss":1824144384,"swap":0}},"nvidia_draw_absolute":37.81,"nvidia_estimated_attributable_power_draw":37.81,"average_gpu_estimated_utilization_absolute":0.14,"per_gpu_average_estimated_utilization_absolute":{"(0, 24308)":{"sm":14,"mem":0,"enc":0,"dec":0}},"average_gpu_estimated_utilization_relative":1.0,"per_gpu_performance_state":{"0":"P2"},"per_gpu_power_draw":{"0":37.81},"cpu_count_adjusted_average_load":[0.1953125,0.17125,0.16375],"realtime_carbon_intensity":337.461173778,"disk_write_speed":28.7476290979,"process_ids":[24371,24308]}
{"timestamp":1572411814.2053499222,"rapl_power_draw_absolute":77.9231315353,"rapl_estimated_attributable_power_draw":17.63771013,"cpu_time_seconds":{"24371":{"user":2.16,"system":4.8,"children_user":0.2,"children_system":4.28},"24308":{"user":135.23,"system":2.47,"children_user":0.15,"children_system":0.25}},"average_relative_cpu_utilization":0.2259710547,"absolute_cpu_utilization":0.9985848808,"relative_mem_usage":0.2301758202,"absolute_mem_usage":3691138048.0,"absolute_mem_percent_usage":0.0273216763,"mem_info_per_process":{"24371":{"rss":3267543040,"vms":11439005696,"shared":180854784,"text":2322432,"lib":0,"data":9684611072,"dirty":0,"uss":83513344,"pss":1669978112,"swap":0},"24308":{"rss":3658743808,"vms":11439005696,"shared":572682240,"text":2322432,"lib":0,"data":9684611072,"dirty":0,"uss":113500160,"pss":1824146432,"swap":0}},"nvidia_draw_absolute":37.88,"nvidia_estimated_attributable_power_draw":37.88,"average_gpu_estimated_utilization_absolute":0.15,"per_gpu_average_estimated_utilization_absolute":{"(0, 24308)":{"sm":15,"mem":0,"enc":0,"dec":0}},"average_gpu_estimated_utilization_relative":1.0,"per_gpu_performance_state":{"0":"P2"},"per_gpu_power_draw":{"0":37.88},"cpu_count_adjusted_average_load":[0.1921875,0.17125,0.16375],"realtime_carbon_intensity":337.461173778,"disk_write_speed":21.8724149456,"process_ids":[24371,24308]}
{"timestamp":1572411822.4425940514,"rapl_power_draw_absolute":77.9213449964,"rapl_estimated_attributable_power_draw":17.6274133502,"cpu_time_seconds":{"24371":{"user":2.27,"system":5.14,"children_user":0.21,"children_system":4.55},"24308":{"user":143.47,"system":2.47,"children_user":0.15,"children_system":0.25}},"average_relative_cpu_utilization":0.2258377816,"absolute_cpu_utilization":1.0036425919,"relative_mem_usage":0.230143256,"absolute_mem_usage":3691150336.0,"absolute_mem_percent_usage":0.0273217672,"mem_info_per_process":{"24371":{"rss":3267543040,"vms":11439005696,"shared":180854784,"text":2322432,"lib":0,"data":9684611072,"dirty":0,"uss":83517440,"pss":1669980160,"swap":0},"24308":{"rss":3658743808,"vms":11439005696,"shared":572682240,"text":2322432,"lib":0,"data":9684611072,"dirty":0,"uss":113504256,"pss":1824148480,"swap":0}},"nvidia_draw_absolute":38.1,"nvidia_estimated_attributable_power_draw":38.1,"average_gpu_estimated_utilization_absolute":0.145,"per_gpu_average_estimated_utilization_absolute":{"(0, 24308)":{"sm":14.5,"mem":0.0,"enc":0.0,"dec":0.0}},"average_gpu_estimated_utilization_relative":1.0,"per_gpu_performance_state":{"0":"P2"},"per_gpu_power_draw":{"0":38.1},"cpu_count_adjusted_average_load":[0.18875,0.17125,0.16375],"realtime_carbon_intensity":337.461173778,"disk_write_speed":19.3342119298,"process_ids":[24371,24308]}
{"timestamp":1572411830.7068529129,"rapl_power_draw_absolute":77.9382786098,"rapl_estimated_attributable_power_draw":17.6774380101,"cpu_time_seconds":{"24371":{"user":2.42,"system":5.44,"children_user":0.21,"children_system":4.83},"24308":{"user":151.73,"system":2.48,"children_user":0.15,"children_system":0.25}},"average_relative_cpu_utilization":0.2264832643,"absolute_cpu_utilization":0.9985754417,"relative_mem_usage":0.2301618345,"absolute_mem_usage":3691174912.0,"absolute_mem_percent_usage":0.0273219491,"mem_info_per_process":{"24371":{"rss":3267543040,"vms":11439005696,"shared":180854784,"text":2322432,"lib":0,"data":9684611072,"dirty":0,"uss":83525632,"pss":1669984256,"swap":0},"24308":{"rss":3658743808,"vms":11439005696,"shared":572682240,"text":2322432,"lib":0,"data":9684611072,"dirty":0,"uss":113512448,"pss":1824152576,"swap":0}},"nvidia_draw_absolute":37.8,"nvidia_estimated_attributable_power_draw":37.8,"average_gpu_estimated_utilization_absolute":0.145,"per_gpu_average_estimated_utilization_absolute":{"(0, 24308)":{"sm":14.5,"mem":0.0,"enc":0.0,"dec":0.0}},"average_gpu_estimated_utilization_relative":1.0,"per_gpu_performance_state":{"0":"P2"},"per_gpu_power_draw":{"0":37.8},"cpu_count_adjusted_average_load":[0.1815625,0.17,0.1634375],"realtime_carbon_intensity":337.461173778,"disk_write_speed":25.14530902,"process_ids":[24371,24308]}
{"timestamp":1572411839.0081269741,"rapl_power_draw_absolute":77.9033423032,"rapl_estimated_attributable_power_draw":17.5253693113,"cpu_time_seconds":{"24371":{"user":2.58,"system":5.79,"children_user":0.24,"children_system":5.1},"24308":{"user":160.03,"system":2.48,"children_user":0.15,"children_system":0.25}},"average_relative_cpu_utilization":0.2244495488,"absolute_cpu_utilization":0.9985847823,"relative_mem_usage":0.2301701254,"absolute_mem_usage":3691187200.0,"absolute_mem_percent_usage":0.0273220401,"mem_info_per_process":{"24371":{"rss":3267543040,"vms":11439005696,"shared":180854784,"text":2322432,"lib":0,"data":9684611072,"dirty":0,"uss":83529728,"pss":1669986304,"swap":0},"24308":{"rss":3658743808,"vms":11439005696,"shared":572682240,"text":2322432,"lib":0,"data":9684611072,"dirty":0,"uss":113516544,"pss":1824154624,"swap":0}},"nvidia_draw_absolute":37.8,"nvidia_estimated_attributable_power_draw":37.8,"average_gpu_estimated_utilization_absolute":0.145,"per_gpu_average_estimated_utilization_absolute":{"(0, 24308)":{"sm":14.5,"mem":0.0,"enc":0.0,"dec":0.0}},"average_gpu_estimated_utilization_relative":1.0,"per_gpu_performance_state":{"0":"P2"},"per_gpu_power_draw":{"0":37.8},"cpu_count_adjusted_average_load":[0.179375,0.1696875,0.1634375],"realtime_carbon_intensity":337.461173778,"disk_write_speed":26.5275913757,"process_ids":[24371,24308]}
{"timestamp":1572411847.3614280224,"rapl_power_draw_absolute":73.5468316702,"rapl_estimated_attributable_power_draw":19.2823063206,"cpu_time_seconds":{"24371":{"user":2.7,"system":6.17,"children_user":0.25,"children_system":5.39},"24308":{"user":168.37,"system":2.5,"children_user":0.15,"children_system":0.25}},"average_relative_cpu_utilization":0.2655834107,"absolute_cpu_utilization":0.9985723752,"relative_mem_usage":0.2298929811,"absolute_mem_usage":3691199488.0,"absolute_mem_percent_usage":0.027322131,"mem_info_per_process":{"24371":{"rss":3267543040,"vms":11439005696,"shared":180854784,"text":2322432,"lib":0,"data":9684611072,"dirty":0,"uss":83533824,"pss":1669988352,"swap":0},"24308":{"rss":3658743808,"vms":11439005696,"shared":572682240,"text":2322432,"lib":0,"data":9684611072,"dirty":0,"uss":113520640,"pss":1824156672,"swap":0}},"nvidia_draw_absolute":37.84,"nvidia_estimated_attributable_power_draw":37.84,"average_gpu_estimated_utilization_absolute":0.145,"per_gpu_average_estimated_utilization_absolute":{"(0, 24308)":{"sm":14.5,"mem":0.0,"enc":0.0,"dec":0.0}},"average_gpu_estimated_utilization_relative":1.0,"per_gpu_performance_state":{"0":"P2"},"per_gpu_power_draw":{"0":37.84},"cpu_count_adjusted_average_load":[0.185,0.1715625,0.1640625],"realtime_carbon_intensity":337.461173778,"disk_write_speed":30.7012146194,"process_ids":[24371,24308]}
{"timestamp":1572411855.6086421013,"rapl_power_draw_absolute":73.8482858274,"rapl_estimated_attributable_power_draw":17.3020712718,"cpu_time_seconds":{"24371":{"user":2.86,"system":6.48,"children_user":0.27,"children_system":5.67},"24308":{"user":176.62,"system":2.5,"children_user":0.15,"children_system":0.25}},"average_relative_cpu_utilization":0.2347237393,"absolute_cpu_utilization":0.9986287001,"relative_mem_usage":0.2301206942,"absolute_mem_usage":3691210752.0,"absolute_mem_percent_usage":0.0273222144,"mem_info_per_process":{"24371":{"rss":3267543040,"vms":11439005696,"shared":180854784,"text":2322432,"lib":0,"data":9684611072,"dirty":0,"uss":83537920,"pss":1669990400,"swap":0},"24308":{"rss":3658743808,"vms":11439005696,"shared":572682240,"text":2322432,"lib":0,"data":9684611072,"dirty":0,"uss":113524736,"pss":1824157696,"swap":0}},"nvidia_draw_absolute":37.44,"nvidia_estimated_attributable_power_draw":37.44,"average_gpu_estimated_utilization_absolute":0.145,"per_gpu_average_estimated_utilization_absolute":{"(0, 24308)":{"sm":14.5,"mem":0.0,"enc":0.0,"dec":0.0}},"average_gpu_estimated_utilization_relative":1.0,"per_gpu_performance_state":{"0":"P2"},"per_gpu_power_draw":{"0":37.44},"cpu_count_adjusted_average_load":[0.1853125,0.171875,0.164375],"realtime_carbon_intensity":337.461173778,"disk_write_speed":27.7081670788,"process_ids":[24371,24308]}
{"timestamp":1572411863.881166935,"rapl_power_draw_absolute":77.802460247,"rapl_estimated_attributable_power_draw":18.2281577169,"cpu_time_seconds":{"24371":{"user":3.02,"system":6.82,"children_user":0.3,"children_system":5.94},"24308":{"user":184.89,"system":2.5,"children_user":0.15,"children_system":0.25}},"average_relative_cpu_utilization":0.2347193828,"absolute_cpu_utilization":0.9986157123,"relative_mem_usage":0.2301103546,"absolute_mem_usage":3691223040.0,"absolute_mem_percent_usage":0.0273223054,"mem_info_per_process":{"24371":{"rss":3267543040,"vms":11439005696,"shared":180854784,"text":2322432,"lib":0,"data":9684611072,"dirty":0,"uss":83542016,"pss":1669992448,"swap":0},"24308":{"rss":3658743808,"vms":11439005696,"shared":572682240,"text":2322432,"lib":0,"data":9684611072,"dirty":0,"uss":113528832,"pss":1824159744,"swap":0}},"nvidia_draw_absolute":37.7,"nvidia_estimated_attributable_power_draw":37.7,"average_gpu_estimated_utilization_absolute":0.14,"per_gpu_average_estimated_utilization_absolute":{"(0, 24308)":{"sm":14,"mem":0,"enc":0,"dec":0}},"average_gpu_estimated_utilization_relative":1.0,"per_gpu_performance_state":{"0":"P2"},"per_gpu_power_draw":{"0":37.7},"cpu_count_adjusted_average_load":[0.1853125,0.1721875,0.164375],"realtime_carbon_intensity":337.461173778,"disk_write_speed":27.0985256934,"process_ids":[24371,24308]}
{"timestamp":1572411872.1336100101,"rapl_power_draw_absolute":76.3577608772,"rapl_estimated_attributable_power_draw":17.9860119059,"cpu_time_seconds":{"24371":{"user":3.2,"system":7.12,"children_user":0.31,"children_system":6.24},"24308":{"user":193.13,"system":2.52,"children_user":0.15,"children_system":0.25}},"average_relative_cpu_utilization":0.2361095926,"absolute_cpu_utilization":0.9985847786,"relative_mem_usage":0.2300787521,"absolute_mem_usage":3691247616.0,"absolute_mem_percent_usage":0.0273224873,"mem_info_per_process":{"24371":{"rss":3267543040,"vms":11439005696,"shared":180854784,"text":2322432,"lib":0,"data":9684611072,"dirty":0,"uss":83550208,"pss":1669996544,"swap":0},"24308":{"rss":3658743808,"vms":11439005696,"shared":572682240,"text":2322432,"lib":0,"data":9684611072,"dirty":0,"uss":113537024,"pss":1824163840,"swap":0}},"nvidia_draw_absolute":37.62,"nvidia_estimated_attributable_power_draw":37.62,"average_gpu_estimated_utilization_absolute":0.145,"per_gpu_average_estimated_utilization_absolute":{"(0, 24308)":{"sm":14.5,"mem":0.0,"enc":0.0,"dec":0.0}},"average_gpu_estimated_utilization_relative":1.0,"per_gpu_performance_state":{"0":"P2"},"per_gpu_power_draw":{"0":37.62},"cpu_count_adjusted_average_load":[0.1784375,0.17125,0.1640625],"realtime_carbon_intensity":337.461173778,"disk_write_speed":22.8372158657,"process_ids":[24371,24308]}
{"timestamp":1572411880.3987109661,"rapl_power_draw_absolute":76.7679875717,"rapl_estimated_attributable_power_draw":17.9900381886,"cpu_time_seconds":{"24371":{"user":3.36,"system":7.43,"children_user":0.32,"children_system":6.52},"24308":{"user":201.39,"system":2.53,"children_user":0.15,"children_system":0.25}},"average_relative_cpu_utilization":0.2347940546,"absolute_cpu_utilization":1.0036270578,"relative_mem_usage":0.2300846873,"absolute_mem_usage":3691259904.0,"absolute_mem_percent_usage":0.0273225782,"mem_info_per_process":{"24371":{"rss":3267543040,"vms":11439005696,"shared":180854784,"text":2322432,"lib":0,"data":9684611072,"dirty":0,"uss":83554304,"pss":1669998592,"swap":0},"24308":{"rss":3658743808,"vms":11439005696,"shared":572682240,"text":2322432,"lib":0,"data":9684611072,"dirty":0,"uss":113541120,"pss":1824165888,"swap":0}},"nvidia_draw_absolute":37.62,"nvidia_estimated_attributable_power_draw":37.62,"average_gpu_estimated_utilization_absolute":0.15,"per_gpu_average_estimated_utilization_absolute":{"(0, 24308)":{"sm":15,"mem":0,"enc":0,"dec":0}},"average_gpu_estimated_utilization_relative":1.0,"per_gpu_performance_state":{"0":"P2"},"per_gpu_power_draw":{"0":37.62},"cpu_count_adjusted_average_load":[0.18,0.1715625,0.164375],"realtime_carbon_intensity":337.461173778,"disk_write_speed":28.4321426683,"process_ids":[24371,24308]}
{"timestamp":1572411888.6653370857,"rapl_power_draw_absolute":76.2109788973,"rapl_estimated_attributable_power_draw":17.8185116025,"cpu_time_seconds":{"24371":{"user":3.5,"system":7.78,"children_user":0.35,"children_system":6.8},"24308":{"user":209.65,"system":2.54,"children_user":0.15,"children_system":0.25}},"average_relative_cpu_utilization":0.2341778149,"absolute_cpu_utilization":0.9986242884,"relative_mem_usage":0.23013628,"absolute_mem_usage":3691284480.0,"absolute_mem_percent_usage":0.0273227602,"mem_info_per_process":{"24371":{"rss":3267543040,"vms":11439005696,"shared":180854784,"text":2322432,"lib":0,"data":9684611072,"dirty":0,"uss":83562496,"pss":1670002688,"swap":0},"24308":{"rss":3658743808,"vms":11439005696,"shared":572682240,"text":2322432,"lib":0,"data":9684611072,"dirty":0,"uss":113549312,"pss":1824169984,"swap":0}},"nvidia_draw_absolute":37.53,"nvidia_estimated_attributable_power_draw":37.53,"average_gpu_estimated_utilization_absolute":0.145,"per_gpu_average_estimated_utilization_absolute":{"(0, 24308)":{"sm":14.5,"mem":0.0,"enc":0.0,"dec":0.0}},"average_gpu_estimated_utilization_relative":1.0,"per_gpu_performance_state":{"0":"P2"},"per_gpu_power_draw":{"0":37.53},"cpu_count_adjusted_average_load":[0.175625,0.1709375,0.1640625],"realtime_carbon_intensity":337.461173778,"disk_write_speed":26.5552252514,"process_ids":[24371,24308]}
{"timestamp":1572411896.9716830254,"rapl_power_draw_absolute":77.3324147858,"rapl_estimated_attributable_power_draw":18.1052066792,"cpu_time_seconds":{"24371":{"user":3.68,"system":8.08,"children_user":0.37,"children_system":7.08},"24308":{"user":217.96,"system":2.54,"children_user":0.15,"children_system":0.25}},"average_relative_cpu_utilization":0.2345294095,"absolute_cpu_utilization":1.0036342955,"relative_mem_usage":0.230112483,"absolute_mem_usage":3691296768.0,"absolute_mem_percent_usage":0.0273228511,"mem_info_per_process":{"24371":{"rss":3267543040,"vms":11439005696,"shared":180854784,"text":2322432,"lib":0,"data":9684611072,"dirty":0,"uss":83566592,"pss":1670004736,"swap":0},"24308":{"rss":3658743808,"vms":11439005696,"shared":572682240,"text":2322432,"lib":0,"data":9684611072,"dirty":0,"uss":113553408,"pss":1824172032,"swap":0}},"nvidia_draw_absolute":37.75,"nvidia_estimated_attributable_power_draw":37.75,"average_gpu_estimated_utilization_absolute":0.15,"per_gpu_average_estimated_utilization_absolute":{"(0, 24308)":{"sm":15,"mem":0,"enc":0,"dec":0}},"average_gpu_estimated_utilization_relative":1.0,"per_gpu_performance_state":{"0":"P2"},"per_gpu_power_draw":{"0":37.75},"cpu_count_adjusted_average_load":[0.1678125,0.169375,0.16375],"realtime_carbon_intensity":337.461173778,"disk_write_speed":21.0049082564,"process_ids":[24371,24308]}
{"timestamp":1572411905.2117478848,"rapl_power_draw_absolute":76.8946321056,"rapl_estimated_attributable_power_draw":17.9589741783,"cpu_time_seconds":{"24371":{"user":3.82,"system":8.39,"children_user":0.39,"children_system":7.35},"24308":{"user":226.19,"system":2.55,"children_user":0.15,"children_system":0.25}},"average_relative_cpu_utilization":0.2339005564,"absolute_cpu_utilization":0.9986217083,"relative_mem_usage":0.2301282898,"absolute_mem_usage":3691296768.0,"absolute_mem_percent_usage":0.0273228511,"mem_info_per_process":{"24371":{"rss":3267543040,"vms":11439005696,"shared":180854784,"text":2322432,"lib":0,"data":9684611072,"dirty":0,"uss":83566592,"pss":1670004736,"swap":0},"24308":{"rss":3658743808,"vms":11439005696,"shared":572682240,"text":2322432,"lib":0,"data":9684611072,"dirty":0,"uss":113553408,"pss":1824172032,"swap":0}},"nvidia_draw_absolute":37.6,"nvidia_estimated_attributable_power_draw":37.6,"average_gpu_estimated_utilization_absolute":0.145,"per_gpu_average_estimated_utilization_absolute":{"(0, 24308)":{"sm":14.5,"mem":0.0,"enc":0.0,"dec":0.0}},"average_gpu_estimated_utilization_relative":1.0,"per_gpu_performance_state":{"0":"P2"},"per_gpu_power_draw":{"0":37.6},"cpu_count_adjusted_average_load":[0.16375,0.1684375,0.1634375],"realtime_carbon_intensity":337.461173778,"disk_write_speed":25.0083483541,"process_ids":[24371,24308]}
{"timestamp":1572411913.5016109943,"rapl_power_draw_absolute":76.7158590638,"rapl_estimated_attributable_power_draw":17.9189587852,"cpu_time_seconds":{"24371":{"user":3.96,"system":8.72,"children_user":0.4,"children_system":7.64},"24308":{"user":234.46,"system":2.57,"children_user":0.15,"children_system":0.25}},"average_relative_cpu_utilization":0.2339057003,"absolute_cpu_utilization":0.9995620884,"relative_mem_usage":0.2302736425,"absolute_mem_usage":3691355136.0,"absolute_mem_percent_usage":0.0273232832,"mem_info_per_process":{"24371":{"rss":3267543040,"vms":11439005696,"shared":180854784,"text":2322432,"lib":0,"data":9684611072,"dirty":0,"uss":83574784,"pss":1670010880,"swap":0},"24308":{"rss":3658743808,"vms":11439005696,"shared":572682240,"text":2322432,"lib":0,"data":9684611072,"dirty":0,"uss":113569792,"pss":1824199680,"swap":0}},"nvidia_draw_absolute":37.73,"nvidia_estimated_attributable_power_draw":37.73,"average_gpu_estimated_utilization_absolute":0.14,"per_gpu_average_estimated_utilization_absolute":{"(0, 24308)":{"sm":14,"mem":0,"enc":0,"dec":0}},"average_gpu_estimated_utilization_relative":1.0,"per_gpu_performance_state":{"0":"P2"},"per_gpu_power_draw":{"0":37.73},"cpu_count_adjusted_average_load":[0.160625,0.1678125,0.1634375],"realtime_carbon_intensity":337.461173778,"disk_write_speed":21.5659964961,"process_ids":[24371,24308]}
{"timestamp":1572411921.7214729786,"rapl_power_draw_absolute":77.2509402531,"rapl_estimated_attributable_power_draw":18.0816859117,"cpu_time_seconds":{"24371":{"user":4.06,"system":9.06,"children_user":0.41,"children_system":7.91},"24308":{"user":242.69,"system":2.57,"children_user":0.15,"children_system":0.25}},"average_relative_cpu_utilization":0.2344488097,"absolute_cpu_utilization":0.9986094656,"relative_mem_usage":0.2302389935,"absolute_mem_usage":3691367424.0,"absolute_mem_percent_usage":0.0273233741,"mem_info_per_process":{"24371":{"rss":3267543040,"vms":11439005696,"shared":180854784,"text":2322432,"lib":0,"data":9684611072,"dirty":0,"uss":83578880,"pss":1670012928,"swap":0},"24308":{"rss":3658743808,"vms":11439005696,"shared":572682240,"text":2322432,"lib":0,"data":9684611072,"dirty":0,"uss":113573888,"pss":1824201728,"swap":0}},"nvidia_draw_absolute":37.54,"nvidia_estimated_attributable_power_draw":37.54,"average_gpu_estimated_utilization_absolute":0.145,"per_gpu_average_estimated_utilization_absolute":{"(0, 24308)":{"sm":14.5,"mem":0.0,"enc":0.0,"dec":0.0}},"average_gpu_estimated_utilization_relative":1.0,"per_gpu_performance_state":{"0":"P2"},"per_gpu_power_draw":{"0":37.54},"cpu_count_adjusted_average_load":[0.1525,0.165625,0.1628125],"realtime_carbon_intensity":337.461173778,"disk_write_speed":22.4871943799,"process_ids":[24371,24308]}
{"timestamp":1572411930.0119988918,"rapl_power_draw_absolute":77.918907815,"rapl_estimated_attributable_power_draw":18.3209990129,"cpu_time_seconds":{"24371":{"user":4.21,"system":9.37,"children_user":0.43,"children_system":8.2},"24308":{"user":250.98,"system":2.58,"children_user":0.15,"children_system":0.25}},"average_relative_cpu_utilization":0.2356208884,"absolute_cpu_utilization":1.0035999648,"relative_mem_usage":0.2302688816,"absolute_mem_usage":3691392000.0,"absolute_mem_percent_usage":0.027323556,"mem_info_per_process":{"24371":{"rss":3267543040,"vms":11439005696,"shared":180854784,"text":2322432,"lib":0,"data":9684611072,"dirty":0,"uss":83587072,"pss":1670017024,"swap":0},"24308":{"rss":3658743808,"vms":11439005696,"shared":572682240,"text":2322432,"lib":0,"data":9684611072,"dirty":0,"uss":113582080,"pss":1824205824,"swap":0}},"nvidia_draw_absolute":38.15,"nvidia_estimated_attributable_power_draw":38.15,"average_gpu_estimated_utilization_absolute":0.145,"per_gpu_average_estimated_utilization_absolute":{"(0, 24308)":{"sm":14.5,"mem":0.0,"enc":0.0,"dec":0.0}},"average_gpu_estimated_utilization_relative":1.0,"per_gpu_performance_state":{"0":"P2"},"per_gpu_power_draw":{"0":38.15},"cpu_count_adjusted_average_load":[0.1625,0.1675,0.1634375],"realtime_carbon_intensity":337.461173778,"disk_write_speed":16.7226259167,"process_ids":[24371,24308]}
{"timestamp":1572411938.2829709053,"rapl_power_draw_absolute":76.746791727,"rapl_estimated_attributable_power_draw":18.0016381718,"cpu_time_seconds":{"24371":{"user":4.35,"system":9.68,"children_user":0.44,"children_system":8.48},"24308":{"user":259.24,"system":2.58,"children_user":0.15,"children_system":0.25}},"average_relative_cpu_utilization":0.2349996514,"absolute_cpu_utilization":0.9986080669,"relative_mem_usage":0.2302714721,"absolute_mem_usage":3691404288.0,"absolute_mem_percent_usage":0.027323647,"mem_info_per_process":{"24371":{"rss":3267543040,"vms":11439005696,"shared":180854784,"text":2322432,"lib":0,"data":9684611072,"dirty":0,"uss":83591168,"pss":1670019072,"swap":0},"24308":{"rss":3658743808,"vms":11439005696,"shared":572682240,"text":2322432,"lib":0,"data":9684611072,"dirty":0,"uss":113586176,"pss":1824207872,"swap":0}},"nvidia_draw_absolute":38.15,"nvidia_estimated_attributable_power_draw":38.15,"average_gpu_estimated_utilization_absolute":0.145,"per_gpu_average_estimated_utilization_absolute":{"(0, 24308)":{"sm":14.5,"mem":0.0,"enc":0.0,"dec":0.0}},"average_gpu_estimated_utilization_relative":1.0,"per_gpu_performance_state":{"0":"P2"},"per_gpu_power_draw":{"0":38.15},"cpu_count_adjusted_average_load":[0.1596875,0.166875,0.163125],"realtime_carbon_intensity":337.461173778,"disk_write_speed":18.7996104092,"process_ids":[24371,24308]}
{"timestamp":1572411946.5410130024,"rapl_power_draw_absolute":77.1669467069,"rapl_estimated_attributable_power_draw":18.1591323197,"cpu_time_seconds":{"24371":{"user":4.47,"system":9.99,"children_user":0.45,"children_system":8.76},"24308":{"user":267.48,"system":2.6,"children_user":0.15,"children_system":0.25}},"average_relative_cpu_utilization":0.2358282617,"absolute_cpu_utilization":0.9985924808,"relative_mem_usage":0.2302573538,"absolute_mem_usage":3691416576.0,"absolute_mem_percent_usage":0.0273237379,"mem_info_per_process":{"24371":{"rss":3267543040,"vms":11439005696,"shared":180854784,"text":2322432,"lib":0,"data":9684611072,"dirty":0,"uss":83595264,"pss":1670021120,"swap":0},"24308":{"rss":3658743808,"vms":11439005696,"shared":572682240,"text":2322432,"lib":0,"data":9684611072,"dirty":0,"uss":113590272,"pss":1824209920,"swap":0}},"nvidia_draw_absolute":38.1,"nvidia_estimated_attributable_power_draw":38.1,"average_gpu_estimated_utilization_absolute":0.14,"per_gpu_average_estimated_utilization_absolute":{"(0, 24308)":{"sm":14,"mem":0,"enc":0,"dec":0}},"average_gpu_estimated_utilization_relative":1.0,"per_gpu_performance_state":{"0":"P2"},"per_gpu_power_draw":{"0":38.1},"cpu_count_adjusted_average_load":[0.1540625,0.1653125,0.1628125],"realtime_carbon_intensity":337.461173778,"disk_write_speed":17.9865912262,"process_ids":[24371,24308]}
{"timestamp":1572411954.8421390057,"rapl_power_draw_absolute":76.6428161157,"rapl_estimated_attributable_power_draw":18.054086567,"cpu_time_seconds":{"24371":{"user":4.61,"system":10.31,"children_user":0.46,"children_system":9.05},"24308":{"user":275.78,"system":2.61,"children_user":0.15,"children_system":0.25}},"average_relative_cpu_utilization":0.2361093961,"absolute_cpu_utilization":0.9986315254,"relative_mem_usage":0.2302802995,"absolute_mem_usage":3691416576.0,"absolute_mem_percent_usage":0.0273237379,"mem_info_per_process":{"24371":{"rss":3267543040,"vms":11439005696,"shared":180854784,"text":2322432,"lib":0,"data":9684611072,"dirty":0,"uss":83595264,"pss":1670021120,"swap":0},"24308":{"rss":3658743808,"vms":11439005696,"shared":572682240,"text":2322432,"lib":0,"data":9684611072,"dirty":0,"uss":113590272,"pss":1824209920,"swap":0}},"nvidia_draw_absolute":37.93,"nvidia_estimated_attributable_power_draw":37.93,"average_gpu_estimated_utilization_absolute":0.145,"per_gpu_average_estimated_utilization_absolute":{"(0, 24308)":{"sm":14.5,"mem":0.0,"enc":0.0,"dec":0.0}},"average_gpu_estimated_utilization_relative":1.0,"per_gpu_performance_state":{"0":"P2"},"per_gpu_power_draw":{"0":37.93},"cpu_count_adjusted_average_load":[0.154375,0.1653125,0.1625],"realtime_carbon_intensity":337.461173778,"disk_write_speed":19.626606771,"process_ids":[24371,24308]}
{"timestamp":1572411963.169467926,"rapl_power_draw_absolute":77.3477917238,"rapl_estimated_attributable_power_draw":18.2452948233,"cpu_time_seconds":{"24371":{"user":4.74,"system":10.6,"children_user":0.47,"children_system":9.33},"24308":{"user":284.11,"system":2.62,"children_user":0.15,"children_system":0.25}},"average_relative_cpu_utilization":0.2364543537,"absolute_cpu_utilization":1.0036395246,"relative_mem_usage":0.2302421215,"absolute_mem_usage":3691441152.0,"absolute_mem_percent_usage":0.0273239198,"mem_info_per_process":{"24371":{"rss":3267543040,"vms":11439005696,"shared":180854784,"text":2322432,"lib":0,"data":9684611072,"dirty":0,"uss":83603456,"pss":1670025216,"swap":0},"24308":{"rss":3658743808,"vms":11439005696,"shared":572682240,"text":2322432,"lib":0,"data":9684611072,"dirty":0,"uss":113598464,"pss":1824214016,"swap":0}},"nvidia_draw_absolute":38.05,"nvidia_estimated_attributable_power_draw":38.05,"average_gpu_estimated_utilization_absolute":0.145,"per_gpu_average_estimated_utilization_absolute":{"(0, 24308)":{"sm":14.5,"mem":0.0,"enc":0.0,"dec":0.0}},"average_gpu_estimated_utilization_relative":1.0,"per_gpu_performance_state":{"0":"P2"},"per_gpu_power_draw":{"0":38.05},"cpu_count_adjusted_average_load":[0.1590625,0.1659375,0.1628125],"realtime_carbon_intensity":337.461173778,"disk_write_speed":29.9849014016,"process_ids":[24371,24308]}
{"timestamp":1572411971.3624010086,"rapl_power_draw_absolute":76.7113031772,"rapl_estimated_attributable_power_draw":18.0324205409,"cpu_time_seconds":{"24371":{"user":4.89,"system":10.88,"children_user":0.49,"children_system":9.6},"24308":{"user":292.29,"system":2.63,"children_user":0.15,"children_system":0.25}},"average_relative_cpu_utilization":0.2355564164,"absolute_cpu_utilization":0.9986132437,"relative_mem_usage":0.2302138357,"absolute_mem_usage":3691465728.0,"absolute_mem_percent_usage":0.0273241017,"mem_info_per_process":{"24371":{"rss":3267543040,"vms":11439005696,"shared":180854784,"text":2322432,"lib":0,"data":9684611072,"dirty":0,"uss":83611648,"pss":1670029312,"swap":0},"24308":{"rss":3658743808,"vms":11439005696,"shared":572682240,"text":2322432,"lib":0,"data":9684611072,"dirty":0,"uss":113606656,"pss":1824218112,"swap":0}},"nvidia_draw_absolute":37.98,"nvidia_estimated_attributable_power_draw":37.98,"average_gpu_estimated_utilization_absolute":0.145,"per_gpu_average_estimated_utilization_absolute":{"(0, 24308)":{"sm":14.5,"mem":0.0,"enc":0.0,"dec":0.0}},"average_gpu_estimated_utilization_relative":1.0,"per_gpu_performance_state":{"0":"P2"},"per_gpu_power_draw":{"0":37.98},"cpu_count_adjusted_average_load":[0.15625,0.165,0.1625],"realtime_carbon_intensity":337.461173778,"disk_write_speed":16.8340545016,"process_ids":[24371,24308]}
{"timestamp":1572411979.7307200432,"rapl_power_draw_absolute":77.0814806986,"rapl_estimated_attributable_power_draw":18.0416805924,"cpu_time_seconds":{"24371":{"user":5.02,"system":11.22,"children_user":0.51,"children_system":9.89},"24308":{"user":300.66,"system":2.63,"children_user":0.15,"children_system":0.25}},"average_relative_cpu_utilization":0.2344488566,"absolute_cpu_utilization":0.9985908244,"relative_mem_usage":0.2302110149,"absolute_mem_usage":3691478016.0,"absolute_mem_percent_usage":0.0273241927,"mem_info_per_process":{"24371":{"rss":3267543040,"vms":11439005696,"shared":180854784,"text":2322432,"lib":0,"data":9684611072,"dirty":0,"uss":83615744,"pss":1670031360,"swap":0},"24308":{"rss":3658743808,"vms":11439005696,"shared":572682240,"text":2322432,"lib":0,"data":9684611072,"dirty":0,"uss":113610752,"pss":1824220160,"swap":0}},"nvidia_draw_absolute":37.77,"nvidia_estimated_attributable_power_draw":37.77,"average_gpu_estimated_utilization_absolute":0.145,"per_gpu_average_estimated_utilization_absolute":{"(0, 24308)":{"sm":14.5,"mem":0.0,"enc":0.0,"dec":0.0}},"average_gpu_estimated_utilization_relative":1.0,"per_gpu_performance_state":{"0":"P2"},"per_gpu_power_draw":{"0":37.77},"cpu_count_adjusted_average_load":[0.15375,0.164375,0.1625],"realtime_carbon_intensity":337.461173778,"disk_write_speed":27.5079490224,"process_ids":[24371,24308]}
{"timestamp":1572411987.9764249325,"rapl_power_draw_absolute":76.962176465,"rapl_estimated_attributable_power_draw":17.9753011347,"cpu_time_seconds":{"24371":{"user":5.2,"system":11.54,"children_user":0.53,"children_system":10.16},"24308":{"user":308.9,"system":2.64,"children_user":0.15,"children_system":0.25}},"average_relative_cpu_utilization":0.2338996317,"absolute_cpu_utilization":0.9986090012,"relative_mem_usage":0.2302360702,"absolute_mem_usage":3691490304.0,"absolute_mem_percent_usage":0.0273242837,"mem_info_per_process":{"24371":{"rss":3267543040,"vms":11439005696,"shared":180854784,"text":2322432,"lib":0,"data":9684611072,"dirty":0,"uss":83619840,"pss":1670033408,"swap":0},"24308":{"rss":3658743808,"vms":11439005696,"shared":572682240,"text":2322432,"lib":0,"data":9684611072,"dirty":0,"uss":113614848,"pss":1824222208,"swap":0}},"nvidia_draw_absolute":38.05,"nvidia_estimated_attributable_power_draw":38.05,"average_gpu_estimated_utilization_absolute":0.145,"per_gpu_average_estimated_utilization_absolute":{"(0, 24308)":{"sm":14.5,"mem":0.0,"enc":0.0,"dec":0.0}},"average_gpu_estimated_utilization_relative":1.0,"per_gpu_performance_state":{"0":"P2"},"per_gpu_power_draw":{"0":38.05},"cpu_count_adjusted_average_load":[0.1584375,0.1653125,0.1628125],"realtime_carbon_intensity":337.461173778,"disk_write_speed":26.8769774883,"process_ids":[24371,24308]}
{"timestamp":1572411996.2304339409,"rapl_power_draw_absolute":77.0170015548,"rapl_estimated_attributable_power_draw":18.2258292877,"cpu_time_seconds":{"24371":{"user":5.35,"system":11.89,"children_user":0.55,"children_system":10.42},"24308":{"user":317.14,"system":2.66,"children_user":0.15,"children_system":0.25}},"average_relative_cpu_utilization":0.2373009556,"absolute_cpu_utilization":1.0036392166,"relative_mem_usage":0.2302376583,"absolute_mem_usage":3691490304.0,"absolute_mem_percent_usage":0.0273242837,"mem_info_per_process":{"24371":{"rss":3267543040,"vms":11439005696,"shared":180854784,"text":2322432,"lib":0,"data":9684611072,"dirty":0,"uss":83619840,"pss":1670033408,"swap":0},"24308":{"rss":3658743808,"vms":11439005696,"shared":572682240,"text":2322432,"lib":0,"data":9684611072,"dirty":0,"uss":113614848,"pss":1824222208,"swap":0}},"nvidia_draw_absolute":38.06,"nvidia_estimated_attributable_power_draw":38.06,"average_gpu_estimated_utilization_absolute":0.145,"per_gpu_average_estimated_utilization_absolute":{"(0, 24308)":{"sm":14.5,"mem":0.0,"enc":0.0,"dec":0.0}},"average_gpu_estimated_utilization_relative":1.0,"per_gpu_performance_state":{"0":"P2"},"per_gpu_power_draw":{"0":38.06},"cpu_count_adjusted_average_load":[0.1725,0.168125,0.16375],"realtime_carbon_intensity":337.461173778,"disk_write_speed":25.9241765291,"process_ids":[24371,24308]}
{"timestamp":1572412004.4775950909,"rapl_power_draw_absolute":76.9669610906,"rapl_estimated_attributable_power_draw":18.001681547,"cpu_time_seconds":{"24371":{"user":5.52,"system":12.18,"children_user":0.56,"children_system":10.7},"24308":{"user":325.39,"system":2.66,"children_user":0.15,"children_system":0.25}},"average_relative_cpu_utilization":0.234252563,"absolute_cpu_utilization":1.0035846727,"relative_mem_usage":0.2302502478,"absolute_mem_usage":3691502592.0,"absolute_mem_percent_usage":0.0273243746,"mem_info_per_process":{"24371":{"rss":3267543040,"vms":11439005696,"shared":180854784,"text":2322432,"lib":0,"data":9684611072,"dirty":0,"uss":83623936,"pss":1670035456,"swap":0},"24308":{"rss":3658743808,"vms":11439005696,"shared":572682240,"text":2322432,"lib":0,"data":9684611072,"dirty":0,"uss":113618944,"pss":1824224256,"swap":0}},"nvidia_draw_absolute":38.01,"nvidia_estimated_attributable_power_draw":38.01,"average_gpu_estimated_utilization_absolute":0.145,"per_gpu_average_estimated_utilization_absolute":{"(0, 24308)":{"sm":14.5,"mem":0.0,"enc":0.0,"dec":0.0}},"average_gpu_estimated_utilization_relative":1.0,"per_gpu_performance_state":{"0":"P2"},"per_gpu_power_draw":{"0":38.01},"cpu_count_adjusted_average_load":[0.17625,0.16875,0.1640625],"realtime_carbon_intensity":337.461173778,"disk_write_speed":28.3427046181,"process_ids":[24371,24308]}
{"timestamp":1572412012.7704730034,"rapl_power_draw_absolute":77.2482509411,"rapl_estimated_attributable_power_draw":17.8718994272,"cpu_time_seconds":{"24371":{"user":5.7,"system":12.52,"children_user":0.58,"children_system":10.97},"24308":{"user":333.68,"system":2.67,"children_user":0.15,"children_system":0.25}},"average_relative_cpu_utilization":0.2314643618,"absolute_cpu_utilization":0.9985780939,"relative_mem_usage":0.2302734874,"absolute_mem_usage":3691514880.0,"absolute_mem_percent_usage":0.0273244656,"mem_info_per_process":{"24371":{"rss":3267543040,"vms":11439005696,"shared":180854784,"text":2322432,"lib":0,"data":9684611072,"dirty":0,"uss":83628032,"pss":1670037504,"swap":0},"24308":{"rss":3658743808,"vms":11439005696,"shared":572682240,"text":2322432,"lib":0,"data":9684611072,"dirty":0,"uss":113623040,"pss":1824226304,"swap":0}},"nvidia_draw_absolute":38.03,"nvidia_estimated_attributable_power_draw":38.03,"average_gpu_estimated_utilization_absolute":0.145,"per_gpu_average_estimated_utilization_absolute":{"(0, 24308)":{"sm":14.5,"mem":0.0,"enc":0.0,"dec":0.0}},"average_gpu_estimated_utilization_relative":1.0,"per_gpu_performance_state":{"0":"P2"},"per_gpu_power_draw":{"0":38.03},"cpu_count_adjusted_average_load":[0.1821875,0.170625,0.1646875],"realtime_carbon_intensity":337.461173778,"disk_write_speed":25.1568449415,"process_ids":[24371,24308]}
{"timestamp":1572412021.0068199635,"rapl_power_draw_absolute":76.6750182224,"rapl_estimated_attributable_power_draw":17.4569112486,"cpu_time_seconds":{"24371":{"user":5.86,"system":12.84,"children_user":0.59,"children_system":11.25},"24308":{"user":341.9,"system":2.68,"children_user":0.15,"children_system":0.25}},"average_relative_cpu_utilization":0.2274118892,"absolute_cpu_utilization":0.9935806887,"relative_mem_usage":0.2302717844,"absolute_mem_usage":3691539456.0,"absolute_mem_percent_usage":0.0273246475,"mem_info_per_process":{"24371":{"rss":3267543040,"vms":11439005696,"shared":180854784,"text":2322432,"lib":0,"data":9684611072,"dirty":0,"uss":83636224,"pss":1670041600,"swap":0},"24308":{"rss":3658743808,"vms":11439005696,"shared":572682240,"text":2322432,"lib":0,"data":9684611072,"dirty":0,"uss":113631232,"pss":1824230400,"swap":0}},"nvidia_draw_absolute":38.15,"nvidia_estimated_attributable_power_draw":38.15,"average_gpu_estimated_utilization_absolute":0.145,"per_gpu_average_estimated_utilization_absolute":{"(0, 24308)":{"sm":14.5,"mem":0.0,"enc":0.0,"dec":0.0}},"average_gpu_estimated_utilization_relative":1.0,"per_gpu_performance_state":{"0":"P2"},"per_gpu_power_draw":{"0":38.15},"cpu_count_adjusted_average_load":[0.1734375,0.1690625,0.1640625],"realtime_carbon_intensity":337.461173778,"disk_write_speed":27.1788487271,"process_ids":[24371,24308]}
{"timestamp":1572412029.2461700439,"rapl_power_draw_absolute":76.9235916873,"rapl_estimated_attributable_power_draw":17.4485372989,"cpu_time_seconds":{"24371":{"user":6.02,"system":13.16,"children_user":0.59,"children_system":11.54},"24308":{"user":350.14,"system":2.69,"children_user":0.15,"children_system":0.25}},"average_relative_cpu_utilization":0.2264841165,"absolute_cpu_utilization":0.9985859227,"relative_mem_usage":0.2302607257,"absolute_mem_usage":3691551744.0,"absolute_mem_percent_usage":0.0273247384,"mem_info_per_process":{"24371":{"rss":3267543040,"vms":11439005696,"shared":180854784,"text":2322432,"lib":0,"data":9684611072,"dirty":0,"uss":83640320,"pss":1670043648,"swap":0},"24308":{"rss":3658743808,"vms":11439005696,"shared":572682240,"text":2322432,"lib":0,"data":9684611072,"dirty":0,"uss":113635328,"pss":1824232448,"swap":0}},"nvidia_draw_absolute":38.24,"nvidia_estimated_attributable_power_draw":38.24,"average_gpu_estimated_utilization_absolute":0.145,"per_gpu_average_estimated_utilization_absolute":{"(0, 24308)":{"sm":14.5,"mem":0.0,"enc":0.0,"dec":0.0}},"average_gpu_estimated_utilization_relative":1.0,"per_gpu_performance_state":{"0":"P2"},"per_gpu_power_draw":{"0":38.24},"cpu_count_adjusted_average_load":[0.1746875,0.169375,0.164375],"realtime_carbon_intensity":337.461173778,"disk_write_speed":22.3211299186,"process_ids":[24371,24308]}
{"timestamp":1572412037.5353250504,"rapl_power_draw_absolute":76.9359478943,"rapl_estimated_attributable_power_draw":17.4878783438,"cpu_time_seconds":{"24371":{"user":6.19,"system":13.48,"children_user":0.61,"children_system":11.81},"24308":{"user":358.43,"system":2.69,"children_user":0.15,"children_system":0.25}},"average_relative_cpu_utilization":0.2270094857,"absolute_cpu_utilization":0.9986333569,"relative_mem_usage":0.2302534346,"absolute_mem_usage":3691576320.0,"absolute_mem_percent_usage":0.0273249203,"mem_info_per_process":{"24371":{"rss":3267543040,"vms":11439005696,"shared":180854784,"text":2322432,"lib":0,"data":9684611072,"dirty":0,"uss":83648512,"pss":1670047744,"swap":0},"24308":{"rss":3658743808,"vms":11439005696,"shared":572682240,"text":2322432,"lib":0,"data":9684611072,"dirty":0,"uss":113643520,"pss":1824236544,"swap":0}},"nvidia_draw_absolute":38.08,"nvidia_estimated_attributable_power_draw":38.08,"average_gpu_estimated_utilization_absolute":0.145,"per_gpu_average_estimated_utilization_absolute":{"(0, 24308)":{"sm":14.5,"mem":0.0,"enc":0.0,"dec":0.0}},"average_gpu_estimated_utilization_relative":1.0,"per_gpu_performance_state":{"0":"P2"},"per_gpu_power_draw":{"0":38.08},"cpu_count_adjusted_average_load":[0.1784375,0.1703125,0.1646875],"realtime_carbon_intensity":337.461173778,"disk_write_speed":21.782800606,"process_ids":[24371,24308]}
{"timestamp":1572412045.7635169029,"rapl_power_draw_absolute":77.2280477925,"rapl_estimated_attributable_power_draw":17.4710062018,"cpu_time_seconds":{"24371":{"user":6.36,"system":13.79,"children_user":0.62,"children_system":12.08},"24308":{"user":366.65,"system":2.7,"children_user":0.15,"children_system":0.25}},"average_relative_cpu_utilization":0.2258263722,"absolute_cpu_utilization":1.0035728884,"relative_mem_usage":0.2302540817,"absolute_mem_usage":3691576320.0,"absolute_mem_percent_usage":0.0273249203,"mem_info_per_process":{"24371":{"rss":3267543040,"vms":11439005696,"shared":180854784,"text":2322432,"lib":0,"data":9684611072,"dirty":0,"uss":83648512,"pss":1670047744,"swap":0},"24308":{"rss":3658743808,"vms":11439005696,"shared":572682240,"text":2322432,"lib":0,"data":9684611072,"dirty":0,"uss":113643520,"pss":1824236544,"swap":0}},"nvidia_draw_absolute":38.34,"nvidia_estimated_attributable_power_draw":38.34,"average_gpu_estimated_utilization_absolute":0.145,"per_gpu_average_estimated_utilization_absolute":{"(0, 24308)":{"sm":14.5,"mem":0.0,"enc":0.0,"dec":0.0}},"average_gpu_estimated_utilization_relative":1.0,"per_gpu_performance_state":{"0":"P2"},"per_gpu_power_draw":{"0":38.34},"cpu_count_adjusted_average_load":[0.1846875,0.171875,0.1653125],"realtime_carbon_intensity":336.704610597,"disk_write_speed":25.7998778283,"process_ids":[24371,24308]}
{"timestamp":1572412054.1808600426,"rapl_power_draw_absolute":77.0075484793,"rapl_estimated_attributable_power_draw":17.4323512281,"cpu_time_seconds":{"24371":{"user":6.5,"system":14.12,"children_user":0.63,"children_system":12.38},"24308":{"user":375.06,"system":2.71,"children_user":0.15,"children_system":0.25}},"average_relative_cpu_utilization":0.2259723526,"absolute_cpu_utilization":0.9985849885,"relative_mem_usage":0.2302765567,"absolute_mem_usage":3691588608.0,"absolute_mem_percent_usage":0.0273250113,"mem_info_per_process":{"24371":{"rss":3267543040,"vms":11439005696,"shared":180854784,"text":2322432,"lib":0,"data":9684611072,"dirty":0,"uss":83652608,"pss":1670049792,"swap":0},"24308":{"rss":3658743808,"vms":11439005696,"shared":572682240,"text":2322432,"lib":0,"data":9684611072,"dirty":0,"uss":113647616,"pss":1824238592,"swap":0}},"nvidia_draw_absolute":38.21,"nvidia_estimated_attributable_power_draw":38.21,"average_gpu_estimated_utilization_absolute":0.145,"per_gpu_average_estimated_utilization_absolute":{"(0, 24308)":{"sm":14.5,"mem":0.0,"enc":0.0,"dec":0.0}},"average_gpu_estimated_utilization_relative":1.0,"per_gpu_performance_state":{"0":"P2"},"per_gpu_power_draw":{"0":38.21},"cpu_count_adjusted_average_load":[0.18,0.17125,0.165],"realtime_carbon_intensity":336.704610597,"disk_write_speed":27.8332761165,"process_ids":[24371,24308]}
{"timestamp":1572412062.4978809357,"rapl_power_draw_absolute":77.5694940856,"rapl_estimated_attributable_power_draw":17.6683295522,"cpu_time_seconds":{"24371":{"user":6.67,"system":14.44,"children_user":0.65,"children_system":12.66},"24308":{"user":383.38,"system":2.71,"children_user":0.15,"children_system":0.25}},"average_relative_cpu_utilization":0.2275250014,"absolute_cpu_utilization":0.9986376238,"relative_mem_usage":0.2302939752,"absolute_mem_usage":3691600896.0,"absolute_mem_percent_usage":0.0273251023,"mem_info_per_process":{"24371":{"rss":3267543040,"vms":11439005696,"shared":180854784,"text":2322432,"lib":0,"data":9684611072,"dirty":0,"uss":83656704,"pss":1670051840,"swap":0},"24308":{"rss":3658743808,"vms":11439005696,"shared":572682240,"text":2322432,"lib":0,"data":9684611072,"dirty":0,"uss":113651712,"pss":1824240640,"swap":0}},"nvidia_draw_absolute":38.03,"nvidia_estimated_attributable_power_draw":38.03,"average_gpu_estimated_utilization_absolute":0.145,"per_gpu_average_estimated_utilization_absolute":{"(0, 24308)":{"sm":14.5,"mem":0.0,"enc":0.0,"dec":0.0}},"average_gpu_estimated_utilization_relative":1.0,"per_gpu_performance_state":{"0":"P2"},"per_gpu_power_draw":{"0":38.03},"cpu_count_adjusted_average_load":[0.183125,0.1721875,0.1653125],"realtime_carbon_intensity":336.704610597,"disk_write_speed":28.1137283448,"process_ids":[24371,24308]}
{"timestamp":1572412070.7472128868,"rapl_power_draw_absolute":77.7631526985,"rapl_estimated_attributable_power_draw":17.6650172766,"cpu_time_seconds":{"24371":{"user":6.81,"system":14.75,"children_user":0.67,"children_system":12.94},"24308":{"user":391.63,"system":2.72,"children_user":0.15,"children_system":0.25}},"average_relative_cpu_utilization":0.2268488855,"absolute_cpu_utilization":1.0035891975,"relative_mem_usage":0.2302707925,"absolute_mem_usage":3691600896.0,"absolute_mem_percent_usage":0.0273251023,"mem_info_per_process":{"24371":{"rss":3267543040,"vms":11439005696,"shared":180854784,"text":2322432,"lib":0,"data":9684611072,"dirty":0,"uss":83656704,"pss":1670051840,"swap":0},"24308":{"rss":3658743808,"vms":11439005696,"shared":572682240,"text":2322432,"lib":0,"data":9684611072,"dirty":0,"uss":113651712,"pss":1824240640,"swap":0}},"nvidia_draw_absolute":38.07,"nvidia_estimated_attributable_power_draw":38.07,"average_gpu_estimated_utilization_absolute":0.145,"per_gpu_average_estimated_utilization_absolute":{"(0, 24308)":{"sm":14.5,"mem":0.0,"enc":0.0,"dec":0.0}},"average_gpu_estimated_utilization_relative":1.0,"per_gpu_performance_state":{"0":"P2"},"per_gpu_power_draw":{"0":38.07},"cpu_count_adjusted_average_load":[0.1790625,0.1715625,0.1653125],"realtime_carbon_intensity":336.704610597,"disk_write_speed":30.8426250363,"process_ids":[24371,24308]}
{"timestamp":1572412078.9761400223,"rapl_power_draw_absolute":73.8835284724,"rapl_estimated_attributable_power_draw":20.3065562447,"cpu_time_seconds":{"24371":{"user":7.02,"system":15.04,"children_user":0.68,"children_system":13.22},"24308":{"user":399.86,"system":2.72,"children_user":0.15,"children_system":0.25}},"average_relative_cpu_utilization":0.2723440632,"absolute_cpu_utilization":1.0036001515,"relative_mem_usage":0.2989646161,"absolute_mem_usage":3777162240.0,"absolute_mem_percent_usage":0.0279584244,"mem_info_per_process":{"24371":{"rss":3267543040,"vms":11439005696,"shared":180854784,"text":2322432,"lib":0,"data":9684611072,"dirty":0,"uss":83734528,"pss":1671430144,"swap":0},"24308":{"rss":3658743808,"vms":11439005696,"shared":572682240,"text":2322432,"lib":0,"data":9684611072,"dirty":0,"uss":132222976,"pss":1889774592,"swap":0}},"nvidia_draw_absolute":38.07,"nvidia_estimated_attributable_power_draw":38.07,"average_gpu_estimated_utilization_absolute":0.14,"per_gpu_average_estimated_utilization_absolute":{"(0, 24308)":{"sm":14,"mem":0,"enc":0,"dec":0}},"average_gpu_estimated_utilization_relative":1.0,"per_gpu_performance_state":{"0":"P2"},"per_gpu_power_draw":{"0":38.07},"cpu_count_adjusted_average_load":[0.1771875,0.1715625,0.1653125],"realtime_carbon_intensity":336.704610597,"disk_write_speed":36.3789221507,"process_ids":[24371,24308]}
{"timestamp":1572412087.2350580692,"rapl_power_draw_absolute":73.2393407626,"rapl_estimated_attributable_power_draw":19.9638863486,"cpu_time_seconds":{"24371":{"user":7.2,"system":15.36,"children_user":0.7,"children_system":13.5},"24308":{"user":408.11,"system":2.73,"children_user":0.15,"children_system":0.25}},"average_relative_cpu_utilization":0.2701409244,"absolute_cpu_utilization":1.0035668685,"relative_mem_usage":0.2959509296,"absolute_mem_usage":3752771584.0,"absolute_mem_percent_usage":0.0277778856,"mem_info_per_process":{"24371":{"rss":3267543040,"vms":11439005696,"shared":180854784,"text":2322432,"lib":0,"data":9684611072,"dirty":0,"uss":83701760,"pss":1670609920,"swap":0},"24308":{"rss":3658743808,"vms":11439005696,"shared":572682240,"text":2322432,"lib":0,"data":9684611072,"dirty":0,"uss":126918656,"pss":1871541248,"swap":0}},"nvidia_draw_absolute":38.09,"nvidia_estimated_attributable_power_draw":38.09,"average_gpu_estimated_utilization_absolute":0.14,"per_gpu_average_estimated_utilization_absolute":{"(0, 24308)":{"sm":14,"mem":0,"enc":0,"dec":0}},"average_gpu_estimated_utilization_relative":1.0,"per_gpu_performance_state":{"0":"P2"},"per_gpu_power_draw":{"0":38.09},"cpu_count_adjusted_average_load":[0.1784375,0.171875,0.1653125],"realtime_carbon_intensity":336.704610597,"disk_write_speed":39.6395650549,"process_ids":[24371,24308]}
