{"timestamp":1572411117.5664720535,"rapl_power_draw_absolute":76.7839539034,"rapl_estimated_attributable_power_draw":17.4048029501,"cpu_time_seconds":{"21417":{"user":13.98,"system":3.68,"children_user":0.14,"children_system":0.27},"21521":{"user":0.02,"system":0.05,"children_user":0.0,"children_system":0.06}},"average_relative_cpu_utilization":0.2238163051,"absolute_cpu_utilization":1.0035991827,"relative_mem_usage":0.2584300069,"absolute_mem_usage":4148226048.0,"absolute_mem_percent_usage":0.0307050259,"mem_info_per_process":{"21417":{"rss":3622572032,"vms":11470778368,"shared":536670208,"text":2322432,"lib":0,"data":9716383744,"dirty":0,"uss":397758464,"pss":1998203904,"swap":0},"21521":{"rss":3259899904,"vms":11470778368,"shared":173846528,"text":2322432,"lib":0,"data":9716383744,"dirty":0,"uss":83767296,"pss":1668496384,"swap":0}},"nvidia_draw_absolute":44.44,"nvidia_estimated_attributable_power_draw":44.44,"average_gpu_estimated_utilization_absolute":0.2966666667,"per_gpu_average_estimated_utilization_absolute":{"(0, 21417)":{"sm":29.6666666667,"mem":1.3333333333,"enc":0.0,"dec":0.0}},"average_gpu_estimated_utilization_relative":1.0,"per_gpu_performance_state":{"0":"P2"},"per_gpu_power_draw":{"0":44.44},"cpu_count_adjusted_average_load":[0.15125,0.1596875,0.16],"realtime_carbon_intensity":337.277384728,"disk_write_speed":43.2568488094,"process_ids":[21417,21521]}
{"timestamp":1572411125.8861451149,"rapl_power_draw_absolute":78.6324365696,"rapl_estimated_attributable_power_draw":17.9723376536,"cpu_time_seconds":{"21417":{"user":22.28,"system":3.7,"children_user":0.14,"children_system":0.27},"21521":{"user":0.25,"system":0.38,"children_user":0.01,"children_system":0.34}},"average_relative_cpu_utilization":0.2254645065,"absolute_cpu_utilization":0.9986297087,"relative_mem_usage":0.2602793967,"absolute_mem_usage":4180712448.0,"absolute_mem_percent_usage":0.0309454891,"mem_info_per_process":{"21417":{"rss":3622572032,"vms":11470778368,"shared":536670208,"text":2322432,"lib":0,"data":9716383744,"dirty":0,"uss":408825856,"pss":2003562496,"swap":0},"21521":{"rss":3266383872,"vms":11470778368,"shared":180314112,"text":2322432,"lib":0,"data":9716383744,"dirty":0,"uss":93573120,"pss":1674750976,"swap":0}},"nvidia_draw_absolute":43.92,"nvidia_estimated_attributable_power_draw":43.92,"average_gpu_estimated_utilization_absolute":0.3,"per_gpu_average_estimated_utilization_absolute":{"(0, 21417)":{"sm":30.0,"mem":1.5,"enc":0.0,"dec":0.0}},"average_gpu_estimated_utilization_relative":1.0,"per_gpu_performance_state":{"0":"P2"},"per_gpu_power_draw":{"0":43.92},"cpu_count_adjusted_average_load":[0.156875,0.160625,0.1603125],"realtime_carbon_intensity":337.277384728,"disk_write_speed":15.8375429044,"process_ids":[21417,21521]}
{"timestamp":1572411134.1837790012,"rapl_power_draw_absolute":78.5928116181,"rapl_estimated_attributable_power_draw":17.7914121056,"cpu_time_seconds":{"21417":{"user":30.56,"system":3.72,"children_user":0.14,"children_system":0.27},"21521":{"user":0.39,"system":0.69,"children_user":0.04,"children_system":0.6}},"average_relative_cpu_utilization":0.2229743477,"absolute_cpu_utilization":0.998730918,"relative_mem_usage":0.2603621602,"absolute_mem_usage":4181907456.0,"absolute_mem_percent_usage":0.0309543345,"mem_info_per_process":{"21417":{"rss":3622572032,"vms":11470778368,"shared":536670208,"text":2322432,"lib":0,"data":9716383744,"dirty":0,"uss":409325568,"pss":2003803136,"swap":0},"21521":{"rss":3266383872,"vms":11470778368,"shared":180314112,"text":2322432,"lib":0,"data":9716383744,"dirty":0,"uss":93876224,"pss":1674902528,"swap":0}},"nvidia_draw_absolute":43.62,"nvidia_estimated_attributable_power_draw":43.62,"average_gpu_estimated_utilization_absolute":0.3,"per_gpu_average_estimated_utilization_absolute":{"(0, 21417)":{"sm":30,"mem":2,"enc":0,"dec":0}},"average_gpu_estimated_utilization_relative":1.0,"per_gpu_performance_state":{"0":"P2"},"per_gpu_power_draw":{"0":43.62},"cpu_count_adjusted_average_load":[0.156875,0.160625,0.1603125],"realtime_carbon_intensity":337.277384728,"disk_write_speed":17.3122332566,"process_ids":[21417,21521]}
{"timestamp":1572411142.4170351028,"rapl_power_draw_absolute":77.9761494618,"rapl_estimated_attributable_power_draw":18.2871138686,"cpu_time_seconds":{"21417":{"user":38.79,"system":3.72,"children_user":0.14,"children_system":0.27},"21521":{"user":0.53,"system":0.96,"children_user":0.06,"children_system":0.86}},"average_relative_cpu_utilization":0.2320080421,"absolute_cpu_utilization":0.9987553335,"relative_mem_usage":0.2604087864,"absolute_mem_usage":4181929984.0,"absolute_mem_percent_usage":0.0309545012,"mem_info_per_process":{"21417":{"rss":3622572032,"vms":11470778368,"shared":536670208,"text":2322432,"lib":0,"data":9716383744,"dirty":0,"uss":409329664,"pss":2003815424,"swap":0},"21521":{"rss":3266383872,"vms":11470778368,"shared":180314112,"text":2322432,"lib":0,"data":9716383744,"dirty":0,"uss":93880320,"pss":1674904576,"swap":0}},"nvidia_draw_absolute":43.67,"nvidia_estimated_attributable_power_draw":43.67,"average_gpu_estimated_utilization_absolute":0.3033333333,"per_gpu_average_estimated_utilization_absolute":{"(0, 21417)":{"sm":30.3333333333,"mem":1.6666666667,"enc":0.0,"dec":0.0}},"average_gpu_estimated_utilization_relative":1.0,"per_gpu_performance_state":{"0":"P2"},"per_gpu_power_draw":{"0":43.67},"cpu_count_adjusted_average_load":[0.1565625,0.1603125,0.1603125],"realtime_carbon_intensity":337.277384728,"disk_write_speed":14.4104755258,"process_ids":[21417,21521]}
{"timestamp":1572411150.7129230499,"rapl_power_draw_absolute":78.1255559512,"rapl_estimated_attributable_power_draw":18.0781902325,"cpu_time_seconds":{"21417":{"user":47.08,"system":3.73,"children_user":0.14,"children_system":0.27},"21521":{"user":0.65,"system":1.26,"children_user":0.07,"children_system":1.15}},"average_relative_cpu_utilization":0.2285619058,"absolute_cpu_utilization":0.998691331,"relative_mem_usage":0.2604216405,"absolute_mem_usage":4181942272.0,"absolute_mem_percent_usage":0.0309545922,"mem_info_per_process":{"21417":{"rss":3622572032,"vms":11470778368,"shared":536670208,"text":2322432,"lib":0,"data":9716383744,"dirty":0,"uss":409333760,"pss":2003817472,"swap":0},"21521":{"rss":3266383872,"vms":11470778368,"shared":180314112,"text":2322432,"lib":0,"data":9716383744,"dirty":0,"uss":93884416,"pss":1674906624,"swap":0}},"nvidia_draw_absolute":44.82,"nvidia_estimated_attributable_power_draw":44.82,"average_gpu_estimated_utilization_absolute":0.3033333333,"per_gpu_average_estimated_utilization_absolute":{"(0, 21417)":{"sm":30.3333333333,"mem":1.3333333333,"enc":0.0,"dec":0.0}},"average_gpu_estimated_utilization_relative":1.0,"per_gpu_performance_state":{"0":"P2"},"per_gpu_power_draw":{"0":44.82},"cpu_count_adjusted_average_load":[0.1565625,0.1603125,0.1603125],"realtime_carbon_intensity":337.277384728,"disk_write_speed":21.3124661777,"process_ids":[21417,21521]}
{"timestamp":1572411159.0782399178,"rapl_power_draw_absolute":78.0170086137,"rapl_estimated_attributable_power_draw":18.0982996637,"cpu_time_seconds":{"21417":{"user":55.44,"system":3.74,"children_user":0.14,"children_system":0.27},"21521":{"user":0.8,"system":1.58,"children_user":0.09,"children_system":1.43}},"average_relative_cpu_utilization":0.2290838069,"absolute_cpu_utilization":0.9986314715,"relative_mem_usage":0.2604421038,"absolute_mem_usage":4181966848.0,"absolute_mem_percent_usage":0.0309547741,"mem_info_per_process":{"21417":{"rss":3622572032,"vms":11470778368,"shared":536670208,"text":2322432,"lib":0,"data":9716383744,"dirty":0,"uss":409341952,"pss":2003821568,"swap":0},"21521":{"rss":3266383872,"vms":11470778368,"shared":180314112,"text":2322432,"lib":0,"data":9716383744,"dirty":0,"uss":93892608,"pss":1674910720,"swap":0}},"nvidia_draw_absolute":44.78,"nvidia_estimated_attributable_power_draw":44.78,"average_gpu_estimated_utilization_absolute":0.305,"per_gpu_average_estimated_utilization_absolute":{"(0, 21417)":{"sm":30.5,"mem":2.0,"enc":0.0,"dec":0.0}},"average_gpu_estimated_utilization_relative":1.0,"per_gpu_performance_state":{"0":"P2"},"per_gpu_power_draw":{"0":44.78},"cpu_count_adjusted_average_load":[0.1540625,0.1596875,0.16],"realtime_carbon_intensity":337.277384728,"disk_write_speed":20.5805733005,"process_ids":[21417,21521]}
{"timestamp":1572411167.3528659344,"rapl_power_draw_absolute":70.949139815,"rapl_estimated_attributable_power_draw":21.6206332616,"cpu_time_seconds":{"21417":{"user":63.72,"system":3.74,"children_user":0.14,"children_system":0.27},"21521":{"user":0.94,"system":1.9,"children_user":0.13,"children_system":1.71}},"average_relative_cpu_utilization":0.3020882385,"absolute_cpu_utilization":0.9986241194,"relative_mem_usage":0.3322634828,"absolute_mem_usage":4193036288.0,"absolute_mem_percent_usage":0.0310367097,"mem_info_per_process":{"21417":{"rss":3622572032,"vms":11470778368,"shared":536670208,"text":2322432,"lib":0,"data":9716383744,"dirty":0,"uss":411475968,"pss":2011512832,"swap":0},"21521":{"rss":3266383872,"vms":11470778368,"shared":180314112,"text":2322432,"lib":0,"data":9716383744,"dirty":0,"uss":93900800,"pss":1676146688,"swap":0}},"nvidia_draw_absolute":44.52,"nvidia_estimated_attributable_power_draw":44.52,"average_gpu_estimated_utilization_absolute":0.29,"per_gpu_average_estimated_utilization_absolute":{"(0, 21417)":{"sm":29.0,"mem":1.3333333333,"enc":0.0,"dec":0.0}},"average_gpu_estimated_utilization_relative":1.0,"per_gpu_performance_state":{"0":"P2"},"per_gpu_power_draw":{"0":44.52},"cpu_count_adjusted_average_load":[0.149375,0.1584375,0.1596875],"realtime_carbon_intensity":337.277384728,"disk_write_speed":32.7952188259,"process_ids":[21417,21521]}
{"timestamp":1572411175.8935070038,"rapl_power_draw_absolute":73.6166918753,"rapl_estimated_attributable_power_draw":20.7714180421,"cpu_time_seconds":{"21417":{"user":72.25,"system":3.75,"children_user":0.14,"children_system":0.27},"21521":{"user":1.1,"system":2.23,"children_user":0.14,"children_system":2.0}},"average_relative_cpu_utilization":0.2766116817,"absolute_cpu_utilization":0.9987209596,"relative_mem_usage":0.3324930794,"absolute_mem_usage":4193034240.0,"absolute_mem_percent_usage":0.0310366945,"mem_info_per_process":{"21417":{"rss":3622572032,"vms":11470778368,"shared":536670208,"text":2322432,"lib":0,"data":9716383744,"dirty":0,"uss":411480064,"pss":2011501568,"swap":0},"21521":{"rss":3266383872,"vms":11470778368,"shared":180314112,"text":2322432,"lib":0,"data":9716383744,"dirty":0,"uss":93904896,"pss":1676147712,"swap":0}},"nvidia_draw_absolute":44.23,"nvidia_estimated_attributable_power_draw":44.23,"average_gpu_estimated_utilization_absolute":0.3,"per_gpu_average_estimated_utilization_absolute":{"(0, 21417)":{"sm":30.0,"mem":1.25,"enc":0.0,"dec":0.0}},"average_gpu_estimated_utilization_relative":1.0,"per_gpu_performance_state":{"0":"P2"},"per_gpu_power_draw":{"0":44.23},"cpu_count_adjusted_average_load":[0.145625,0.1571875,0.159375],"realtime_carbon_intensity":337.277384728,"disk_write_speed":26.6368195268,"process_ids":[21417,21521]}
{"timestamp":1572411184.1149230003,"rapl_power_draw_absolute":73.0285054978,"rapl_estimated_attributable_power_draw":19.9555611837,"cpu_time_seconds":{"21417":{"user":80.47,"system":3.76,"children_user":0.14,"children_system":0.27},"21521":{"user":1.27,"system":2.52,"children_user":0.15,"children_system":2.26}},"average_relative_cpu_utilization":0.2669079503,"absolute_cpu_utilization":1.0035704954,"relative_mem_usage":0.3320580979,"absolute_mem_usage":4192098304.0,"absolute_mem_percent_usage":0.0310297668,"mem_info_per_process":{"21417":{"rss":3622572032,"vms":11470778368,"shared":536670208,"text":2322432,"lib":0,"data":9716383744,"dirty":0,"uss":411484160,"pss":2010776576,"swap":0},"21521":{"rss":3266383872,"vms":11470778368,"shared":180314112,"text":2322432,"lib":0,"data":9716383744,"dirty":0,"uss":93908992,"pss":1675928576,"swap":0}},"nvidia_draw_absolute":43.12,"nvidia_estimated_attributable_power_draw":43.12,"average_gpu_estimated_utilization_absolute":0.28,"per_gpu_average_estimated_utilization_absolute":{"(0, 21417)":{"sm":28.0,"mem":1.5,"enc":0.0,"dec":0.0}},"average_gpu_estimated_utilization_relative":1.0,"per_gpu_performance_state":{"0":"P2"},"per_gpu_power_draw":{"0":43.12},"cpu_count_adjusted_average_load":[0.1440625,0.156875,0.1590625],"realtime_carbon_intensity":337.277384728,"disk_write_speed":27.3488268979,"process_ids":[21417,21521]}
{"timestamp":1572411192.3920910358,"rapl_power_draw_absolute":77.9050042832,"rapl_estimated_attributable_power_draw":18.2137388215,"cpu_time_seconds":{"21417":{"user":88.73,"system":3.76,"children_user":0.14,"children_system":0.27},"21521":{"user":1.4,"system":2.85,"children_user":0.16,"children_system":2.57}},"average_relative_cpu_utilization":0.231732155,"absolute_cpu_utilization":0.9986359612,"relative_mem_usage":0.2522489554,"absolute_mem_usage":3825003520.0,"absolute_mem_percent_usage":0.0283125439,"mem_info_per_process":{"21417":{"rss":3622572032,"vms":11470778368,"shared":536670208,"text":2322432,"lib":0,"data":9716383744,"dirty":0,"uss":170614784,"pss":1885086720,"swap":0},"21521":{"rss":3266383872,"vms":11470778368,"shared":180314112,"text":2322432,"lib":0,"data":9716383744,"dirty":0,"uss":93900800,"pss":1675401216,"swap":0}},"nvidia_draw_absolute":44.84,"nvidia_estimated_attributable_power_draw":44.84,"average_gpu_estimated_utilization_absolute":0.3,"per_gpu_average_estimated_utilization_absolute":{"(0, 21417)":{"sm":30,"mem":1,"enc":0,"dec":0}},"average_gpu_estimated_utilization_relative":1.0,"per_gpu_performance_state":{"0":"P2"},"per_gpu_power_draw":{"0":44.84},"cpu_count_adjusted_average_load":[0.145625,0.156875,0.1590625],"realtime_carbon_intensity":337.277384728,"disk_write_speed":28.5000312567,"process_ids":[21417,21521]}
{"timestamp":1572411200.6498570442,"rapl_power_draw_absolute":78.9676511029,"rapl_estimated_attributable_power_draw":17.5659947192,"cpu_time_seconds":{"21417":{"user":96.98,"system":3.78,"children_user":0.14,"children_system":0.27},"21521":{"user":1.55,"system":3.16,"children_user":0.18,"children_system":2.86}},"average_relative_cpu_utilization":0.2213483133,"absolute_cpu_utilization":1.0035938606,"relative_mem_usage":0.2331393938,"absolute_mem_usage":3742082048.0,"absolute_mem_percent_usage":0.027698762,"mem_info_per_process":{"21417":{"rss":3622572032,"vms":11470778368,"shared":536670208,"text":2322432,"lib":0,"data":9716383744,"dirty":0,"uss":116305920,"pss":1856797696,"swap":0},"21521":{"rss":3266383872,"vms":11470778368,"shared":180314112,"text":2322432,"lib":0,"data":9716383744,"dirty":0,"uss":93904896,"pss":1675073536,"swap":0}},"nvidia_draw_absolute":44.52,"nvidia_estimated_attributable_power_draw":44.52,"average_gpu_estimated_utilization_absolute":0.3033333333,"per_gpu_average_estimated_utilization_absolute":{"(0, 21417)":{"sm":30.3333333333,"mem":1.3333333333,"enc":0.0,"dec":0.0}},"average_gpu_estimated_utilization_relative":1.0,"per_gpu_performance_state":{"0":"P2"},"per_gpu_power_draw":{"0":44.52},"cpu_count_adjusted_average_load":[0.1471875,0.1565625,0.1590625],"realtime_carbon_intensity":337.277384728,"disk_write_speed":19.5562170182,"process_ids":[21417,21521]}
{"timestamp":1572411208.9636309147,"rapl_power_draw_absolute":78.5358081373,"rapl_estimated_attributable_power_draw":17.4068303961,"cpu_time_seconds":{"21417":{"user":105.3,"system":3.78,"children_user":0.14,"children_system":0.27},"21521":{"user":1.68,"system":3.48,"children_user":0.19,"children_system":3.12}},"average_relative_cpu_utilization":0.2205038252,"absolute_cpu_utilization":0.9987556215,"relative_mem_usage":0.2329214256,"absolute_mem_usage":3741647872.0,"absolute_mem_percent_usage":0.0276955482,"mem_info_per_process":{"21417":{"rss":3622572032,"vms":11470778368,"shared":536670208,"text":2322432,"lib":0,"data":9716383744,"dirty":0,"uss":116314112,"pss":1856683008,"swap":0},"21521":{"rss":3266383872,"vms":11470778368,"shared":180314112,"text":2322432,"lib":0,"data":9716383744,"dirty":0,"uss":93913088,"pss":1674737664,"swap":0}},"nvidia_draw_absolute":45.08,"nvidia_estimated_attributable_power_draw":45.08,"average_gpu_estimated_utilization_absolute":0.3,"per_gpu_average_estimated_utilization_absolute":{"(0, 21417)":{"sm":30,"mem":2,"enc":0,"dec":0}},"average_gpu_estimated_utilization_relative":1.0,"per_gpu_performance_state":{"0":"P2"},"per_gpu_power_draw":{"0":45.08},"cpu_count_adjusted_average_load":[0.150625,0.1571875,0.1590625],"realtime_carbon_intensity":337.277384728,"disk_write_speed":33.4805492385,"process_ids":[21417,21521]}
{"timestamp":1572411217.2600150108,"rapl_power_draw_absolute":78.454370328,"rapl_estimated_attributable_power_draw":17.6603487606,"cpu_time_seconds":{"21417":{"user":113.6,"system":3.78,"children_user":0.14,"children_system":0.27},"21521":{"user":1.89,"system":3.81,"children_user":0.2,"children_system":3.38}},"average_relative_cpu_utilization":0.2243133971,"absolute_cpu_utilization":1.0035965001,"relative_mem_usage":0.2329772065,"absolute_mem_usage":3741647872.0,"absolute_mem_percent_usage":0.0276955482,"mem_info_per_process":{"21417":{"rss":3622572032,"vms":11470778368,"shared":536670208,"text":2322432,"lib":0,"data":9716383744,"dirty":0,"uss":116314112,"pss":1856683008,"swap":0},"21521":{"rss":3266383872,"vms":11470778368,"shared":180314112,"text":2322432,"lib":0,"data":9716383744,"dirty":0,"uss":93913088,"pss":1674737664,"swap":0}},"nvidia_draw_absolute":44.75,"nvidia_estimated_attributable_power_draw":44.75,"average_gpu_estimated_utilization_absolute":0.3,"per_gpu_average_estimated_utilization_absolute":{"(0, 21417)":{"sm":30.0,"mem":1.5,"enc":0.0,"dec":0.0}},"average_gpu_estimated_utilization_relative":1.0,"per_gpu_performance_state":{"0":"P2"},"per_gpu_power_draw":{"0":44.75},"cpu_count_adjusted_average_load":[0.15375,0.1578125,0.159375],"realtime_carbon_intensity":337.277384728,"disk_write_speed":19.7972743668,"process_ids":[21417,21521]}
{"timestamp":1572411225.4711680412,"rapl_power_draw_absolute":78.6000082757,"rapl_estimated_attributable_power_draw":17.585808976,"cpu_time_seconds":{"21417":{"user":121.81,"system":3.78,"children_user":0.14,"children_system":0.27},"21521":{"user":2.04,"system":4.11,"children_user":0.22,"children_system":3.64}},"average_relative_cpu_utilization":0.222822296,"absolute_cpu_utilization":1.0036033548,"relative_mem_usage":0.2328699385,"absolute_mem_usage":3741660160.0,"absolute_mem_percent_usage":0.0276956392,"mem_info_per_process":{"21417":{"rss":3622572032,"vms":11470778368,"shared":536670208,"text":2322432,"lib":0,"data":9716383744,"dirty":0,"uss":116318208,"pss":1856685056,"swap":0},"21521":{"rss":3266383872,"vms":11470778368,"shared":180314112,"text":2322432,"lib":0,"data":9716383744,"dirty":0,"uss":93917184,"pss":1674739712,"swap":0}},"nvidia_draw_absolute":44.45,"nvidia_estimated_attributable_power_draw":44.45,"average_gpu_estimated_utilization_absolute":0.3033333333,"per_gpu_average_estimated_utilization_absolute":{"(0, 21417)":{"sm":30.3333333333,"mem":1.6666666667,"enc":0.0,"dec":0.0}},"average_gpu_estimated_utilization_relative":1.0,"per_gpu_performance_state":{"0":"P2"},"per_gpu_power_draw":{"0":44.45},"cpu_count_adjusted_average_load":[0.1540625,0.1575,0.159375],"realtime_carbon_intensity":337.277384728,"disk_write_speed":35.5341082382,"process_ids":[21417,21521]}
{"timestamp":1572411233.7114439011,"rapl_power_draw_absolute":78.7048089694,"rapl_estimated_attributable_power_draw":17.5653682942,"cpu_time_seconds":{"21417":{"user":130.04,"system":3.79,"children_user":0.14,"children_system":0.27},"21521":{"user":2.25,"system":4.44,"children_user":0.23,"children_system":3.93}},"average_relative_cpu_utilization":0.2222043705,"absolute_cpu_utilization":0.9985975854,"relative_mem_usage":0.2329615658,"absolute_mem_usage":3741672448.0,"absolute_mem_percent_usage":0.0276957302,"mem_info_per_process":{"21417":{"rss":3622572032,"vms":11470778368,"shared":536670208,"text":2322432,"lib":0,"data":9716383744,"dirty":0,"uss":116322304,"pss":1856687104,"swap":0},"21521":{"rss":3266383872,"vms":11470778368,"shared":180314112,"text":2322432,"lib":0,"data":9716383744,"dirty":0,"uss":93921280,"pss":1674741760,"swap":0}},"nvidia_draw_absolute":44.23,"nvidia_estimated_attributable_power_draw":44.23,"average_gpu_estimated_utilization_absolute":0.3033333333,"per_gpu_average_estimated_utilization_absolute":{"(0, 21417)":{"sm":30.3333333333,"mem":1.3333333333,"enc":0.0,"dec":0.0}},"average_gpu_estimated_utilization_relative":1.0,"per_gpu_performance_state":{"0":"P2"},"per_gpu_power_draw":{"0":44.23},"cpu_count_adjusted_average_load":[0.156875,0.158125,0.159375],"realtime_carbon_intensity":337.277384728,"disk_write_speed":32.8910542614,"process_ids":[21417,21521]}
{"timestamp":1572411241.945980072,"rapl_power_draw_absolute":78.6195318225,"rapl_estimated_attributable_power_draw":17.6795421783,"cpu_time_seconds":{"21417":{"user":138.28,"system":3.8,"children_user":0.14,"children_system":0.27},"21521":{"user":2.41,"system":4.77,"children_user":0.26,"children_system":4.2}},"average_relative_cpu_utilization":0.2240785094,"absolute_cpu_utilization":1.0037405262,"relative_mem_usage":0.2328352021,"absolute_mem_usage":3741684736.0,"absolute_mem_percent_usage":0.0276958211,"mem_info_per_process":{"21417":{"rss":3622572032,"vms":11470778368,"shared":536670208,"text":2322432,"lib":0,"data":9716383744,"dirty":0,"uss":116326400,"pss":1856689152,"swap":0},"21521":{"rss":3266383872,"vms":11470778368,"shared":180314112,"text":2322432,"lib":0,"data":9716383744,"dirty":0,"uss":93925376,"pss":1674743808,"swap":0}},"nvidia_draw_absolute":42.99,"nvidia_estimated_attributable_power_draw":42.99,"average_gpu_estimated_utilization_absolute":0.3,"per_gpu_average_estimated_utilization_absolute":{"(0, 21417)":{"sm":30.0,"mem":1.25,"enc":0.0,"dec":0.0}},"average_gpu_estimated_utilization_relative":1.0,"per_gpu_performance_state":{"0":"P2"},"per_gpu_power_draw":{"0":42.99},"cpu_count_adjusted_average_load":[0.1540625,0.1575,0.1590625],"realtime_carbon_intensity":337.277384728,"disk_write_speed":1.2068713595,"process_ids":[21417,21521]}
{"timestamp":1572411250.552793026,"rapl_power_draw_absolute":77.2879759275,"rapl_estimated_attributable_power_draw":17.7148564235,"cpu_time_seconds":{"21417":{"user":146.88,"system":3.8,"children_user":0.14,"children_system":0.27},"21521":{"user":2.48,"system":5.1,"children_user":0.27,"children_system":4.47}},"average_relative_cpu_utilization":0.2288270207,"absolute_cpu_utilization":0.9987503057,"relative_mem_usage":0.2329582881,"absolute_mem_usage":3741698048.0,"absolute_mem_percent_usage":0.0276959196,"mem_info_per_process":{"21417":{"rss":3622572032,"vms":11470778368,"shared":536670208,"text":2322432,"lib":0,"data":9716383744,"dirty":0,"uss":116330496,"pss":1856692224,"swap":0},"21521":{"rss":3266383872,"vms":11470778368,"shared":180314112,"text":2322432,"lib":0,"data":9716383744,"dirty":0,"uss":93929472,"pss":1674745856,"swap":0}},"nvidia_draw_absolute":43.91,"nvidia_estimated_attributable_power_draw":43.91,"average_gpu_estimated_utilization_absolute":0.3033333333,"per_gpu_average_estimated_utilization_absolute":{"(0, 21417)":{"sm":30.3333333333,"mem":1.6666666667,"enc":0.0,"dec":0.0}},"average_gpu_estimated_utilization_relative":1.0,"per_gpu_performance_state":{"0":"P2"},"per_gpu_power_draw":{"0":43.91},"cpu_count_adjusted_average_load":[0.1496875,0.1565625,0.15875],"realtime_carbon_intensity":337.277384728,"disk_write_speed":17.6808405402,"process_ids":[21417,21521]}
{"timestamp":1572411258.8246068954,"rapl_power_draw_absolute":77.6364071469,"rapl_estimated_attributable_power_draw":17.5744046099,"cpu_time_seconds":{"21417":{"user":155.15,"system":3.81,"children_user":0.14,"children_system":0.27},"21521":{"user":2.59,"system":5.44,"children_user":0.28,"children_system":4.77}},"average_relative_cpu_utilization":0.2257150395,"absolute_cpu_utilization":0.9985964914,"relative_mem_usage":0.2329961821,"absolute_mem_usage":3741722624.0,"absolute_mem_percent_usage":0.0276961016,"mem_info_per_process":{"21417":{"rss":3622572032,"vms":11470778368,"shared":536670208,"text":2322432,"lib":0,"data":9716383744,"dirty":0,"uss":116338688,"pss":1856696320,"swap":0},"21521":{"rss":3266383872,"vms":11470778368,"shared":180314112,"text":2322432,"lib":0,"data":9716383744,"dirty":0,"uss":93937664,"pss":1674749952,"swap":0}},"nvidia_draw_absolute":44.85,"nvidia_estimated_attributable_power_draw":44.85,"average_gpu_estimated_utilization_absolute":0.305,"per_gpu_average_estimated_utilization_absolute":{"(0, 21417)":{"sm":30.5,"mem":1.0,"enc":0.0,"dec":0.0}},"average_gpu_estimated_utilization_relative":1.0,"per_gpu_performance_state":{"0":"P2"},"per_gpu_power_draw":{"0":44.85},"cpu_count_adjusted_average_load":[0.1503125,0.1565625,0.15875],"realtime_carbon_intensity":337.277384728,"disk_write_speed":22.0558692414,"process_ids":[21417,21521]}
{"timestamp":1572411267.1429159641,"rapl_power_draw_absolute":77.800981734,"rapl_estimated_attributable_power_draw":17.6121647943,"cpu_time_seconds":{"21417":{"user":163.47,"system":3.81,"children_user":0.14,"children_system":0.27},"21521":{"user":2.74,"system":5.77,"children_user":0.3,"children_system":5.06}},"average_relative_cpu_utilization":0.2257154549,"absolute_cpu_utilization":0.9986224959,"relative_mem_usage":0.232994221,"absolute_mem_usage":3741722624.0,"absolute_mem_percent_usage":0.0276961016,"mem_info_per_process":{"21417":{"rss":3622572032,"vms":11470778368,"shared":536670208,"text":2322432,"lib":0,"data":9716383744,"dirty":0,"uss":116338688,"pss":1856696320,"swap":0},"21521":{"rss":3266383872,"vms":11470778368,"shared":180314112,"text":2322432,"lib":0,"data":9716383744,"dirty":0,"uss":93937664,"pss":1674749952,"swap":0}},"nvidia_draw_absolute":44.36,"nvidia_estimated_attributable_power_draw":44.36,"average_gpu_estimated_utilization_absolute":0.3033333333,"per_gpu_average_estimated_utilization_absolute":{"(0, 21417)":{"sm":30.3333333333,"mem":1.6666666667,"enc":0.0,"dec":0.0}},"average_gpu_estimated_utilization_relative":1.0,"per_gpu_performance_state":{"0":"P2"},"per_gpu_power_draw":{"0":44.36},"cpu_count_adjusted_average_load":[0.155625,0.1575,0.1590625],"realtime_carbon_intensity":337.277384728,"disk_write_speed":23.0256686855,"process_ids":[21417,21521]}
{"timestamp":1572411275.4048058987,"rapl_power_draw_absolute":76.5969235249,"rapl_estimated_attributable_power_draw":17.4666573006,"cpu_time_seconds":{"21417":{"user":171.72,"system":3.82,"children_user":0.14,"children_system":0.27},"21521":{"user":2.9,"system":6.08,"children_user":0.32,"children_system":5.32}},"average_relative_cpu_utilization":0.227515277,"absolute_cpu_utilization":0.9986322071,"relative_mem_usage":0.2330117456,"absolute_mem_usage":3741734912.0,"absolute_mem_percent_usage":0.0276961925,"mem_info_per_process":{"21417":{"rss":3622572032,"vms":11470778368,"shared":536670208,"text":2322432,"lib":0,"data":9716383744,"dirty":0,"uss":116342784,"pss":1856698368,"swap":0},"21521":{"rss":3266383872,"vms":11470778368,"shared":180314112,"text":2322432,"lib":0,"data":9716383744,"dirty":0,"uss":93941760,"pss":1674752000,"swap":0}},"nvidia_draw_absolute":44.46,"nvidia_estimated_attributable_power_draw":44.46,"average_gpu_estimated_utilization_absolute":0.305,"per_gpu_average_estimated_utilization_absolute":{"(0, 21417)":{"sm":30.5,"mem":1.0,"enc":0.0,"dec":0.0}},"average_gpu_estimated_utilization_relative":1.0,"per_gpu_performance_state":{"0":"P2"},"per_gpu_power_draw":{"0":44.46},"cpu_count_adjusted_average_load":[0.153125,0.156875,0.15875],"realtime_carbon_intensity":337.277384728,"disk_write_speed":40.5395790769,"process_ids":[21417,21521]}
{"timestamp":1572411283.6732831001,"rapl_power_draw_absolute":77.7415341794,"rapl_estimated_attributable_power_draw":17.6534885168,"cpu_time_seconds":{"21417":{"user":179.99,"system":3.82,"children_user":0.14,"children_system":0.27},"21521":{"user":3.12,"system":6.38,"children_user":0.35,"children_system":5.6}},"average_relative_cpu_utilization":0.2264865045,"absolute_cpu_utilization":0.998636173,"relative_mem_usage":0.232988442,"absolute_mem_usage":3741747200.0,"absolute_mem_percent_usage":0.0276962835,"mem_info_per_process":{"21417":{"rss":3622572032,"vms":11470778368,"shared":536670208,"text":2322432,"lib":0,"data":9716383744,"dirty":0,"uss":116346880,"pss":1856700416,"swap":0},"21521":{"rss":3266383872,"vms":11470778368,"shared":180314112,"text":2322432,"lib":0,"data":9716383744,"dirty":0,"uss":93945856,"pss":1674754048,"swap":0}},"nvidia_draw_absolute":44.72,"nvidia_estimated_attributable_power_draw":44.72,"average_gpu_estimated_utilization_absolute":0.3025,"per_gpu_average_estimated_utilization_absolute":{"(0, 21417)":{"sm":30.25,"mem":1.5,"enc":0.0,"dec":0.0}},"average_gpu_estimated_utilization_relative":1.0,"per_gpu_performance_state":{"0":"P2"},"per_gpu_power_draw":{"0":44.72},"cpu_count_adjusted_average_load":[0.1534375,0.156875,0.15875],"realtime_carbon_intensity":337.277384728,"disk_write_speed":20.5632094359,"process_ids":[21417,21521]}
{"timestamp":1572411291.9372200966,"rapl_power_draw_absolute":77.8643596976,"rapl_estimated_attributable_power_draw":17.6996963672,"cpu_time_seconds":{"21417":{"user":188.26,"system":3.82,"children_user":0.14,"children_system":0.27},"21521":{"user":3.24,"system":6.7,"children_user":0.36,"children_system":5.87}},"average_relative_cpu_utilization":0.2267521802,"absolute_cpu_utilization":0.9987385987,"relative_mem_usage":0.2329216626,"absolute_mem_usage":3741759488.0,"absolute_mem_percent_usage":0.0276963744,"mem_info_per_process":{"21417":{"rss":3622572032,"vms":11470778368,"shared":536670208,"text":2322432,"lib":0,"data":9716383744,"dirty":0,"uss":116350976,"pss":1856702464,"swap":0},"21521":{"rss":3266383872,"vms":11470778368,"shared":180314112,"text":2322432,"lib":0,"data":9716383744,"dirty":0,"uss":93949952,"pss":1674756096,"swap":0}},"nvidia_draw_absolute":44.75,"nvidia_estimated_attributable_power_draw":44.75,"average_gpu_estimated_utilization_absolute":0.3,"per_gpu_average_estimated_utilization_absolute":{"(0, 21417)":{"sm":30.0,"mem":1.75,"enc":0.0,"dec":0.0}},"average_gpu_estimated_utilization_relative":1.0,"per_gpu_performance_state":{"0":"P2"},"per_gpu_power_draw":{"0":44.75},"cpu_count_adjusted_average_load":[0.15375,0.156875,0.15875],"realtime_carbon_intensity":337.277384728,"disk_write_speed":11.1037679655,"process_ids":[21417,21521]}
{"timestamp":1572411300.2087569237,"rapl_power_draw_absolute":78.0931775837,"rapl_estimated_attributable_power_draw":17.7413964509,"cpu_time_seconds":{"21417":{"user":196.53,"system":3.83,"children_user":0.14,"children_system":0.27},"21521":{"user":3.37,"system":6.99,"children_user":0.37,"children_system":6.15}},"average_relative_cpu_utilization":0.2265886993,"absolute_cpu_utilization":1.0036029703,"relative_mem_usage":0.2330021547,"absolute_mem_usage":3741771776.0,"absolute_mem_percent_usage":0.0276964654,"mem_info_per_process":{"21417":{"rss":3622572032,"vms":11470778368,"shared":536670208,"text":2322432,"lib":0,"data":9716383744,"dirty":0,"uss":116355072,"pss":1856704512,"swap":0},"21521":{"rss":3266383872,"vms":11470778368,"shared":180314112,"text":2322432,"lib":0,"data":9716383744,"dirty":0,"uss":93954048,"pss":1674758144,"swap":0}},"nvidia_draw_absolute":44.81,"nvidia_estimated_attributable_power_draw":44.81,"average_gpu_estimated_utilization_absolute":0.3,"per_gpu_average_estimated_utilization_absolute":{"(0, 21417)":{"sm":30,"mem":2,"enc":0,"dec":0}},"average_gpu_estimated_utilization_relative":1.0,"per_gpu_performance_state":{"0":"P2"},"per_gpu_power_draw":{"0":44.81},"cpu_count_adjusted_average_load":[0.156875,0.1571875,0.1590625],"realtime_carbon_intensity":337.277384728,"disk_write_speed":33.1866613235,"process_ids":[21417,21521]}
{"timestamp":1572411308.4464869499,"rapl_power_draw_absolute":77.7410633087,"rapl_estimated_attributable_power_draw":17.599305772,"cpu_time_seconds":{"21417":{"user":204.75,"system":3.85,"children_user":0.14,"children_system":0.27},"21521":{"user":3.54,"system":7.29,"children_user":0.39,"children_system":6.43}},"average_relative_cpu_utilization":0.2257173007,"absolute_cpu_utilization":0.9986275001,"relative_mem_usage":0.2329778433,"absolute_mem_usage":3741784064.0,"absolute_mem_percent_usage":0.0276965563,"mem_info_per_process":{"21417":{"rss":3622572032,"vms":11470778368,"shared":536670208,"text":2322432,"lib":0,"data":9716383744,"dirty":0,"uss":116359168,"pss":1856706560,"swap":0},"21521":{"rss":3266383872,"vms":11470778368,"shared":180314112,"text":2322432,"lib":0,"data":9716383744,"dirty":0,"uss":93958144,"pss":1674760192,"swap":0}},"nvidia_draw_absolute":44.0,"nvidia_estimated_attributable_power_draw":44.0,"average_gpu_estimated_utilization_absolute":0.3033333333,"per_gpu_average_estimated_utilization_absolute":{"(0, 21417)":{"sm":30.3333333333,"mem":1.6666666667,"enc":0.0,"dec":0.0}},"average_gpu_estimated_utilization_relative":1.0,"per_gpu_performance_state":{"0":"P2"},"per_gpu_power_draw":{"0":44.0},"cpu_count_adjusted_average_load":[0.1540625,0.156875,0.15875],"realtime_carbon_intensity":337.277384728,"disk_write_speed":43.9972936388,"process_ids":[21417,21521]}
{"timestamp":1572411316.6551918983,"rapl_power_draw_absolute":77.8318577497,"rapl_estimated_attributable_power_draw":17.4062107384,"cpu_time_seconds":{"21417":{"user":212.95,"system":3.86,"children_user":0.14,"children_system":0.27},"21521":{"user":3.75,"system":7.58,"children_user":0.4,"children_system":6.71}},"average_relative_cpu_utilization":0.2227007937,"absolute_cpu_utilization":0.9986080056,"relative_mem_usage":0.2330052155,"absolute_mem_usage":3741820928.0,"absolute_mem_percent_usage":0.0276968292,"mem_info_per_process":{"21417":{"rss":3622572032,"vms":11470778368,"shared":536670208,"text":2322432,"lib":0,"data":9716383744,"dirty":0,"uss":116371456,"pss":1856712704,"swap":0},"21521":{"rss":3266383872,"vms":11470778368,"shared":180314112,"text":2322432,"lib":0,"data":9716383744,"dirty":0,"uss":93970432,"pss":1674766336,"swap":0}},"nvidia_draw_absolute":44.56,"nvidia_estimated_attributable_power_draw":44.56,"average_gpu_estimated_utilization_absolute":0.3,"per_gpu_average_estimated_utilization_absolute":{"(0, 21417)":{"sm":30.0,"mem":1.5,"enc":0.0,"dec":0.0}},"average_gpu_estimated_utilization_relative":1.0,"per_gpu_performance_state":{"0":"P2"},"per_gpu_power_draw":{"0":44.56},"cpu_count_adjusted_average_load":[0.1496875,0.155625,0.1584375],"realtime_carbon_intensity":337.277384728,"disk_write_speed":21.9715971947,"process_ids":[21417,21521]}
{"timestamp":1572411324.9425430298,"rapl_power_draw_absolute":77.6838663229,"rapl_estimated_attributable_power_draw":17.4514306116,"cpu_time_seconds":{"21417":{"user":221.24,"system":3.87,"children_user":0.14,"children_system":0.27},"21521":{"user":3.9,"system":7.89,"children_user":0.42,"children_system":7.0}},"average_relative_cpu_utilization":0.2238155512,"absolute_cpu_utilization":1.0036269942,"relative_mem_usage":0.2329678325,"absolute_mem_usage":3741833216.0,"absolute_mem_percent_usage":0.0276969202,"mem_info_per_process":{"21417":{"rss":3622572032,"vms":11470778368,"shared":536670208,"text":2322432,"lib":0,"data":9716383744,"dirty":0,"uss":116375552,"pss":1856714752,"swap":0},"21521":{"rss":3266383872,"vms":11470778368,"shared":180314112,"text":2322432,"lib":0,"data":9716383744,"dirty":0,"uss":93974528,"pss":1674768384,"swap":0}},"nvidia_draw_absolute":44.49,"nvidia_estimated_attributable_power_draw":44.49,"average_gpu_estimated_utilization_absolute":0.3,"per_gpu_average_estimated_utilization_absolute":{"(0, 21417)":{"sm":30.0,"mem":1.5,"enc":0.0,"dec":0.0}},"average_gpu_estimated_utilization_relative":1.0,"per_gpu_performance_state":{"0":"P2"},"per_gpu_power_draw":{"0":44.49},"cpu_count_adjusted_average_load":[0.1528125,0.15625,0.15875],"realtime_carbon_intensity":337.277384728,"disk_write_speed":21.202453266,"process_ids":[21417,21521]}
{"timestamp":1572411333.1502900124,"rapl_power_draw_absolute":77.894347349,"rapl_estimated_attributable_power_draw":17.1473149153,"cpu_time_seconds":{"21417":{"user":229.43,"system":3.88,"children_user":0.14,"children_system":0.27},"21521":{"user":4.02,"system":8.17,"children_user":0.44,"children_system":7.25}},"average_relative_cpu_utilization":0.2188142478,"absolute_cpu_utilization":0.9987168537,"relative_mem_usage":0.2328860451,"absolute_mem_usage":3741845504.0,"absolute_mem_percent_usage":0.0276970111,"mem_info_per_process":{"21417":{"rss":3622572032,"vms":11470778368,"shared":536670208,"text":2322432,"lib":0,"data":9716383744,"dirty":0,"uss":116379648,"pss":1856716800,"swap":0},"21521":{"rss":3266383872,"vms":11470778368,"shared":180314112,"text":2322432,"lib":0,"data":9716383744,"dirty":0,"uss":93978624,"pss":1674770432,"swap":0}},"nvidia_draw_absolute":45.31,"nvidia_estimated_attributable_power_draw":45.31,"average_gpu_estimated_utilization_absolute":0.3,"per_gpu_average_estimated_utilization_absolute":{"(0, 21417)":{"sm":30,"mem":2,"enc":0,"dec":0}},"average_gpu_estimated_utilization_relative":1.0,"per_gpu_performance_state":{"0":"P2"},"per_gpu_power_draw":{"0":45.31},"cpu_count_adjusted_average_load":[0.158125,0.1571875,0.1590625],"realtime_carbon_intensity":337.277384728,"disk_write_speed":29.0911764374,"process_ids":[21417,21521]}
{"timestamp":1572411341.4158279896,"rapl_power_draw_absolute":77.7203747439,"rapl_estimated_attributable_power_draw":17.3616674935,"cpu_time_seconds":{"21417":{"user":237.7,"system":3.88,"children_user":0.14,"children_system":0.27},"21521":{"user":4.2,"system":8.47,"children_user":0.45,"children_system":7.54}},"average_relative_cpu_utilization":0.2224546798,"absolute_cpu_utilization":0.9986538982,"relative_mem_usage":0.2327563341,"absolute_mem_usage":3741748224.0,"absolute_mem_percent_usage":0.027696291,"mem_info_per_process":{"21417":{"rss":3622572032,"vms":11470778368,"shared":536670208,"text":2322432,"lib":0,"data":9716383744,"dirty":0,"uss":116383744,"pss":1856718848,"swap":0},"21521":{"rss":3266383872,"vms":11470778368,"shared":180314112,"text":2322432,"lib":0,"data":9716383744,"dirty":0,"uss":93982720,"pss":1674662912,"swap":0}},"nvidia_draw_absolute":44.67,"nvidia_estimated_attributable_power_draw":44.67,"average_gpu_estimated_utilization_absolute":0.3033333333,"per_gpu_average_estimated_utilization_absolute":{"(0, 21417)":{"sm":30.3333333333,"mem":1.3333333333,"enc":0.0,"dec":0.0}},"average_gpu_estimated_utilization_relative":1.0,"per_gpu_performance_state":{"0":"P2"},"per_gpu_power_draw":{"0":44.67},"cpu_count_adjusted_average_load":[0.155625,0.156875,0.15875],"realtime_carbon_intensity":337.277384728,"disk_write_speed":33.0981141412,"process_ids":[21417,21521]}
{"timestamp":1572411349.6938080788,"rapl_power_draw_absolute":77.9814641903,"rapl_estimated_attributable_power_draw":17.4947256708,"cpu_time_seconds":{"21417":{"user":245.98,"system":3.88,"children_user":0.14,"children_system":0.27},"21521":{"user":4.35,"system":8.83,"children_user":0.46,"children_system":7.83}},"average_relative_cpu_utilization":0.2234586831,"absolute_cpu_utilization":0.9987250321,"relative_mem_usage":0.2329808222,"absolute_mem_usage":3741870080.0,"absolute_mem_percent_usage":0.027697193,"mem_info_per_process":{"21417":{"rss":3622572032,"vms":11470778368,"shared":536670208,"text":2322432,"lib":0,"data":9716383744,"dirty":0,"uss":116387840,"pss":1856720896,"swap":0},"21521":{"rss":3266383872,"vms":11470778368,"shared":180314112,"text":2322432,"lib":0,"data":9716383744,"dirty":0,"uss":93986816,"pss":1674774528,"swap":0}},"nvidia_draw_absolute":44.41,"nvidia_estimated_attributable_power_draw":44.41,"average_gpu_estimated_utilization_absolute":0.2966666667,"per_gpu_average_estimated_utilization_absolute":{"(0, 21417)":{"sm":29.6666666667,"mem":1.3333333333,"enc":0.0,"dec":0.0}},"average_gpu_estimated_utilization_relative":1.0,"per_gpu_performance_state":{"0":"P2"},"per_gpu_power_draw":{"0":44.41},"cpu_count_adjusted_average_load":[0.1621875,0.158125,0.1590625],"realtime_carbon_intensity":337.277384728,"disk_write_speed":11.7939822031,"process_ids":[21417,21521]}
{"timestamp":1572411358.0108699799,"rapl_power_draw_absolute":77.0113566362,"rapl_estimated_attributable_power_draw":17.6153334943,"cpu_time_seconds":{"21417":{"user":254.3,"system":3.88,"children_user":0.14,"children_system":0.27},"21521":{"user":4.47,"system":9.14,"children_user":0.47,"children_system":8.11}},"average_relative_cpu_utilization":0.2283005006,"absolute_cpu_utilization":0.998726498,"relative_mem_usage":0.2329457048,"absolute_mem_usage":3741882368.0,"absolute_mem_percent_usage":0.027697284,"mem_info_per_process":{"21417":{"rss":3622572032,"vms":11470778368,"shared":536670208,"text":2322432,"lib":0,"data":9716383744,"dirty":0,"uss":116391936,"pss":1856722944,"swap":0},"21521":{"rss":3266383872,"vms":11470778368,"shared":180314112,"text":2322432,"lib":0,"data":9716383744,"dirty":0,"uss":93990912,"pss":1674776576,"swap":0}},"nvidia_draw_absolute":45.21,"nvidia_estimated_attributable_power_draw":45.21,"average_gpu_estimated_utilization_absolute":0.3,"per_gpu_average_estimated_utilization_absolute":{"(0, 21417)":{"sm":30.0,"mem":1.5,"enc":0.0,"dec":0.0}},"average_gpu_estimated_utilization_relative":1.0,"per_gpu_performance_state":{"0":"P2"},"per_gpu_power_draw":{"0":45.21},"cpu_count_adjusted_average_load":[0.166875,0.159375,0.159375],"realtime_carbon_intensity":337.277384728,"disk_write_speed":34.9619025098,"process_ids":[21417,21521]}
{"timestamp":1572411366.256964922,"rapl_power_draw_absolute":76.9577414489,"rapl_estimated_attributable_power_draw":17.5203671111,"cpu_time_seconds":{"21417":{"user":262.54,"system":3.9,"children_user":0.14,"children_system":0.27},"21521":{"user":4.66,"system":9.42,"children_user":0.48,"children_system":8.39}},"average_relative_cpu_utilization":0.2271123211,"absolute_cpu_utilization":1.0037142787,"relative_mem_usage":0.2329720142,"absolute_mem_usage":3741894656.0,"absolute_mem_percent_usage":0.0276973749,"mem_info_per_process":{"21417":{"rss":3622572032,"vms":11470778368,"shared":536670208,"text":2322432,"lib":0,"data":9716383744,"dirty":0,"uss":116396032,"pss":1856724992,"swap":0},"21521":{"rss":3266383872,"vms":11470778368,"shared":180314112,"text":2322432,"lib":0,"data":9716383744,"dirty":0,"uss":93995008,"pss":1674778624,"swap":0}},"nvidia_draw_absolute":44.53,"nvidia_estimated_attributable_power_draw":44.53,"average_gpu_estimated_utilization_absolute":0.3,"per_gpu_average_estimated_utilization_absolute":{"(0, 21417)":{"sm":30.0,"mem":1.5,"enc":0.0,"dec":0.0}},"average_gpu_estimated_utilization_relative":1.0,"per_gpu_performance_state":{"0":"P2"},"per_gpu_power_draw":{"0":44.53},"cpu_count_adjusted_average_load":[0.1628125,0.15875,0.159375],"realtime_carbon_intensity":337.277384728,"disk_write_speed":27.4023659637,"process_ids":[21417,21521]}
{"timestamp":1572411374.507627964,"rapl_power_draw_absolute":77.6205480135,"rapl_estimated_attributable_power_draw":17.4103133454,"cpu_time_seconds":{"21417":{"user":270.78,"system":3.91,"children_user":0.14,"children_system":0.27},"21521":{"user":4.8,"system":9.75,"children_user":0.49,"children_system":8.7}},"average_relative_cpu_utilization":0.2234463802,"absolute_cpu_utilization":0.9986119955,"relative_mem_usage":0.2329734328,"absolute_mem_usage":3741906944.0,"absolute_mem_percent_usage":0.0276974659,"mem_info_per_process":{"21417":{"rss":3622572032,"vms":11470778368,"shared":536670208,"text":2322432,"lib":0,"data":9716383744,"dirty":0,"uss":116400128,"pss":1856727040,"swap":0},"21521":{"rss":3266383872,"vms":11470778368,"shared":180314112,"text":2322432,"lib":0,"data":9716383744,"dirty":0,"uss":93999104,"pss":1674780672,"swap":0}},"nvidia_draw_absolute":44.75,"nvidia_estimated_attributable_power_draw":44.75,"average_gpu_estimated_utilization_absolute":0.305,"per_gpu_average_estimated_utilization_absolute":{"(0, 21417)":{"sm":30.5,"mem":2.0,"enc":0.0,"dec":0.0}},"average_gpu_estimated_utilization_relative":1.0,"per_gpu_performance_state":{"0":"P2"},"per_gpu_power_draw":{"0":44.75},"cpu_count_adjusted_average_load":[0.1665625,0.1596875,0.1596875],"realtime_carbon_intensity":337.277384728,"disk_write_speed":13.0189501167,"process_ids":[21417,21521]}
{"timestamp":1572411382.7667350769,"rapl_power_draw_absolute":77.8184241241,"rapl_estimated_attributable_power_draw":17.6703020394,"cpu_time_seconds":{"21417":{"user":279.03,"system":3.92,"children_user":0.14,"children_system":0.27},"21521":{"user":4.91,"system":10.06,"children_user":0.5,"children_system":8.97}},"average_relative_cpu_utilization":0.226485688,"absolute_cpu_utilization":0.9986323743,"relative_mem_usage":0.2330052156,"absolute_mem_usage":3741919232.0,"absolute_mem_percent_usage":0.0276975568,"mem_info_per_process":{"21417":{"rss":3622572032,"vms":11470778368,"shared":536670208,"text":2322432,"lib":0,"data":9716383744,"dirty":0,"uss":116404224,"pss":1856729088,"swap":0},"21521":{"rss":3266383872,"vms":11470778368,"shared":180314112,"text":2322432,"lib":0,"data":9716383744,"dirty":0,"uss":94003200,"pss":1674782720,"swap":0}},"nvidia_draw_absolute":44.85,"nvidia_estimated_attributable_power_draw":44.85,"average_gpu_estimated_utilization_absolute":0.3,"per_gpu_average_estimated_utilization_absolute":{"(0, 21417)":{"sm":30,"mem":1,"enc":0,"dec":0}},"average_gpu_estimated_utilization_relative":1.0,"per_gpu_performance_state":{"0":"P2"},"per_gpu_power_draw":{"0":44.85},"cpu_count_adjusted_average_load":[0.163125,0.1590625,0.159375],"realtime_carbon_intensity":337.277384728,"disk_write_speed":35.1157239058,"process_ids":[21417,21521]}
{"timestamp":1572411391.0711190701,"rapl_power_draw_absolute":78.0978532299,"rapl_estimated_attributable_power_draw":17.6623793919,"cpu_time_seconds":{"21417":{"user":287.33,"system":3.93,"children_user":0.14,"children_system":0.27},"21521":{"user":5.1,"system":10.35,"children_user":0.52,"children_system":9.25}},"average_relative_cpu_utilization":0.2254742899,"absolute_cpu_utilization":0.9987552276,"relative_mem_usage":0.2331605312,"absolute_mem_usage":3741943808.0,"absolute_mem_percent_usage":0.0276977388,"mem_info_per_process":{"21417":{"rss":3622572032,"vms":11470778368,"shared":536670208,"text":2322432,"lib":0,"data":9716383744,"dirty":0,"uss":116408320,"pss":1856740352,"swap":0},"21521":{"rss":3266383872,"vms":11470778368,"shared":180314112,"text":2322432,"lib":0,"data":9716383744,"dirty":0,"uss":94007296,"pss":1674787840,"swap":0}},"nvidia_draw_absolute":44.38,"nvidia_estimated_attributable_power_draw":44.38,"average_gpu_estimated_utilization_absolute":0.3033333333,"per_gpu_average_estimated_utilization_absolute":{"(0, 21417)":{"sm":30.3333333333,"mem":1.6666666667,"enc":0.0,"dec":0.0}},"average_gpu_estimated_utilization_relative":1.0,"per_gpu_performance_state":{"0":"P2"},"per_gpu_power_draw":{"0":44.38},"cpu_count_adjusted_average_load":[0.1596875,0.1584375,0.1590625],"realtime_carbon_intensity":337.277384728,"disk_write_speed":19.9224628725,"process_ids":[21417,21521]}
{"timestamp":1572411399.2757179737,"rapl_power_draw_absolute":77.541600647,"rapl_estimated_attributable_power_draw":18.2527730624,"cpu_time_seconds":{"21417":{"user":295.54,"system":3.93,"children_user":0.14,"children_system":0.27},"21521":{"user":5.21,"system":10.64,"children_user":0.52,"children_system":9.52}},"average_relative_cpu_utilization":0.2356167591,"absolute_cpu_utilization":1.0036041463,"relative_mem_usage":0.2331028153,"absolute_mem_usage":3741956096.0,"absolute_mem_percent_usage":0.0276978297,"mem_info_per_process":{"21417":{"rss":3622572032,"vms":11470778368,"shared":536670208,"text":2322432,"lib":0,"data":9716383744,"dirty":0,"uss":116412416,"pss":1856742400,"swap":0},"21521":{"rss":3266383872,"vms":11470778368,"shared":180314112,"text":2322432,"lib":0,"data":9716383744,"dirty":0,"uss":94011392,"pss":1674789888,"swap":0}},"nvidia_draw_absolute":44.19,"nvidia_estimated_attributable_power_draw":44.19,"average_gpu_estimated_utilization_absolute":0.3,"per_gpu_average_estimated_utilization_absolute":{"(0, 21417)":{"sm":30.0,"mem":1.5,"enc":0.0,"dec":0.0}},"average_gpu_estimated_utilization_relative":1.0,"per_gpu_performance_state":{"0":"P2"},"per_gpu_power_draw":{"0":44.19},"cpu_count_adjusted_average_load":[0.161875,0.15875,0.159375],"realtime_carbon_intensity":337.277384728,"disk_write_speed":25.6001923091,"process_ids":[21417,21521]}
{"timestamp":1572411407.5048120022,"rapl_power_draw_absolute":77.8959553625,"rapl_estimated_attributable_power_draw":18.3114475777,"cpu_time_seconds":{"21417":{"user":303.75,"system":3.95,"children_user":0.14,"children_system":0.27},"21521":{"user":5.36,"system":10.96,"children_user":0.53,"children_system":9.81}},"average_relative_cpu_utilization":0.2352718587,"absolute_cpu_utilization":0.9986102235,"relative_mem_usage":0.233094362,"absolute_mem_usage":3741968384.0,"absolute_mem_percent_usage":0.0276979207,"mem_info_per_process":{"21417":{"rss":3622572032,"vms":11470778368,"shared":536670208,"text":2322432,"lib":0,"data":9716383744,"dirty":0,"uss":116416512,"pss":1856744448,"swap":0},"21521":{"rss":3266383872,"vms":11470778368,"shared":180314112,"text":2322432,"lib":0,"data":9716383744,"dirty":0,"uss":94015488,"pss":1674791936,"swap":0}},"nvidia_draw_absolute":44.16,"nvidia_estimated_attributable_power_draw":44.16,"average_gpu_estimated_utilization_absolute":0.305,"per_gpu_average_estimated_utilization_absolute":{"(0, 21417)":{"sm":30.5,"mem":2.0,"enc":0.0,"dec":0.0}},"average_gpu_estimated_utilization_relative":1.0,"per_gpu_performance_state":{"0":"P2"},"per_gpu_power_draw":{"0":44.16},"cpu_count_adjusted_average_load":[0.1678125,0.1603125,0.1596875],"realtime_carbon_intensity":337.277384728,"disk_write_speed":29.5532994477,"process_ids":[21417,21521]}
{"timestamp":1572411415.7933909893,"rapl_power_draw_absolute":77.7140671967,"rapl_estimated_attributable_power_draw":18.1520613798,"cpu_time_seconds":{"21417":{"user":312.04,"system":3.96,"children_user":0.14,"children_system":0.27},"21521":{"user":5.51,"system":11.28,"children_user":0.54,"children_system":10.1}},"average_relative_cpu_utilization":0.2336209388,"absolute_cpu_utilization":0.9985973773,"relative_mem_usage":0.233112733,"absolute_mem_usage":3741980672.0,"absolute_mem_percent_usage":0.0276980116,"mem_info_per_process":{"21417":{"rss":3622572032,"vms":11470778368,"shared":536670208,"text":2322432,"lib":0,"data":9716383744,"dirty":0,"uss":116420608,"pss":1856746496,"swap":0},"21521":{"rss":3266383872,"vms":11470778368,"shared":180314112,"text":2322432,"lib":0,"data":9716383744,"dirty":0,"uss":94019584,"pss":1674793984,"swap":0}},"nvidia_draw_absolute":44.81,"nvidia_estimated_attributable_power_draw":44.81,"average_gpu_estimated_utilization_absolute":0.3,"per_gpu_average_estimated_utilization_absolute":{"(0, 21417)":{"sm":30,"mem":1,"enc":0,"dec":0}},"average_gpu_estimated_utilization_relative":1.0,"per_gpu_performance_state":{"0":"P2"},"per_gpu_power_draw":{"0":44.81},"cpu_count_adjusted_average_load":[0.16125,0.1590625,0.159375],"realtime_carbon_intensity":337.277384728,"disk_write_speed":27.5570301798,"process_ids":[21417,21521]}
{"timestamp":1572411424.0272319317,"rapl_power_draw_absolute":77.3360435766,"rapl_estimated_attributable_power_draw":18.4374316586,"cpu_time_seconds":{"21417":{"user":320.27,"system":3.96,"children_user":0.14,"children_system":0.27},"21521":{"user":5.67,"system":11.59,"children_user":0.55,"children_system":10.4}},"average_relative_cpu_utilization":0.2389277145,"absolute_cpu_utilization":0.9986273385,"relative_mem_usage":0.2331203729,"absolute_mem_usage":3741986816.0,"absolute_mem_percent_usage":0.0276980571,"mem_info_per_process":{"21417":{"rss":3622572032,"vms":11470778368,"shared":536670208,"text":2322432,"lib":0,"data":9716383744,"dirty":0,"uss":116424704,"pss":1856742400,"swap":0},"21521":{"rss":3266383872,"vms":11470778368,"shared":180314112,"text":2322432,"lib":0,"data":9716383744,"dirty":0,"uss":94023680,"pss":1674796032,"swap":0}},"nvidia_draw_absolute":44.37,"nvidia_estimated_attributable_power_draw":44.37,"average_gpu_estimated_utilization_absolute":0.305,"per_gpu_average_estimated_utilization_absolute":{"(0, 21417)":{"sm":30.5,"mem":2.0,"enc":0.0,"dec":0.0}},"average_gpu_estimated_utilization_relative":1.0,"per_gpu_performance_state":{"0":"P2"},"per_gpu_power_draw":{"0":44.37},"cpu_count_adjusted_average_load":[0.1659375,0.16,0.1596875],"realtime_carbon_intensity":337.277384728,"disk_write_speed":25.7682621838,"process_ids":[21417,21521]}
{"timestamp":1572411432.2522759438,"rapl_power_draw_absolute":77.2287638221,"rapl_estimated_attributable_power_draw":18.5773426388,"cpu_time_seconds":{"21417":{"user":328.5,"system":3.96,"children_user":0.14,"children_system":0.27},"21521":{"user":5.84,"system":11.89,"children_user":0.56,"children_system":10.68}},"average_relative_cpu_utilization":0.241282363,"absolute_cpu_utilization":1.003678828,"relative_mem_usage":0.2329624333,"absolute_mem_usage":3741904896.0,"absolute_mem_percent_usage":0.0276974507,"mem_info_per_process":{"21417":{"rss":3622572032,"vms":11470778368,"shared":536670208,"text":2322432,"lib":0,"data":9716383744,"dirty":0,"uss":116428800,"pss":1856750592,"swap":0},"21521":{"rss":3266383872,"vms":11470778368,"shared":180314112,"text":2322432,"lib":0,"data":9716383744,"dirty":0,"uss":94027776,"pss":1674697728,"swap":0}},"nvidia_draw_absolute":44.91,"nvidia_estimated_attributable_power_draw":44.91,"average_gpu_estimated_utilization_absolute":0.3,"per_gpu_average_estimated_utilization_absolute":{"(0, 21417)":{"sm":30,"mem":2,"enc":0,"dec":0}},"average_gpu_estimated_utilization_relative":1.0,"per_gpu_performance_state":{"0":"P2"},"per_gpu_power_draw":{"0":44.91},"cpu_count_adjusted_average_load":[0.1759375,0.1625,0.160625],"realtime_carbon_intensity":337.277384728,"disk_write_speed":20.7826341951,"process_ids":[21417,21521]}
{"timestamp":1572411440.5031659603,"rapl_power_draw_absolute":77.6330502463,"rapl_estimated_attributable_power_draw":18.428340215,"cpu_time_seconds":{"21417":{"user":336.74,"system":3.97,"children_user":0.14,"children_system":0.27},"21521":{"user":6.0,"system":12.18,"children_user":0.58,"children_system":10.97}},"average_relative_cpu_utilization":0.2378037912,"absolute_cpu_utilization":0.9987567103,"relative_mem_usage":0.232970981,"absolute_mem_usage":3741917184.0,"absolute_mem_percent_usage":0.0276975417,"mem_info_per_process":{"21417":{"rss":3622572032,"vms":11470778368,"shared":536670208,"text":2322432,"lib":0,"data":9716383744,"dirty":0,"uss":116432896,"pss":1856752640,"swap":0},"21521":{"rss":3266383872,"vms":11470778368,"shared":180314112,"text":2322432,"lib":0,"data":9716383744,"dirty":0,"uss":94031872,"pss":1674699776,"swap":0}},"nvidia_draw_absolute":45.23,"nvidia_estimated_attributable_power_draw":45.23,"average_gpu_estimated_utilization_absolute":0.3,"per_gpu_average_estimated_utilization_absolute":{"(0, 21417)":{"sm":30.0,"mem":1.5,"enc":0.0,"dec":0.0}},"average_gpu_estimated_utilization_relative":1.0,"per_gpu_performance_state":{"0":"P2"},"per_gpu_power_draw":{"0":45.23},"cpu_count_adjusted_average_load":[0.168125,0.16125,0.16],"realtime_carbon_intensity":337.277384728,"disk_write_speed":18.0344711196,"process_ids":[21417,21521]}
{"timestamp":1572411448.9025290012,"rapl_power_draw_absolute":77.527662417,"rapl_estimated_attributable_power_draw":18.4412108224,"cpu_time_seconds":{"21417":{"user":345.14,"system":3.98,"children_user":0.14,"children_system":0.27},"21521":{"user":6.18,"system":12.47,"children_user":0.58,"children_system":11.27}},"average_relative_cpu_utilization":0.2383572568,"absolute_cpu_utilization":0.998583146,"relative_mem_usage":0.2331136564,"absolute_mem_usage":3741931520.0,"absolute_mem_percent_usage":0.0276976478,"mem_info_per_process":{"21417":{"rss":3622572032,"vms":11470778368,"shared":536670208,"text":2322432,"lib":0,"data":9716383744,"dirty":0,"uss":116436992,"pss":1856656384,"swap":0},"21521":{"rss":3266383872,"vms":11470778368,"shared":180314112,"text":2322432,"lib":0,"data":9716383744,"dirty":0,"uss":94035968,"pss":1674802176,"swap":0}},"nvidia_draw_absolute":44.66,"nvidia_estimated_attributable_power_draw":44.66,"average_gpu_estimated_utilization_absolute":0.3,"per_gpu_average_estimated_utilization_absolute":{"(0, 21417)":{"sm":30.0,"mem":1.5,"enc":0.0,"dec":0.0}},"average_gpu_estimated_utilization_relative":1.0,"per_gpu_performance_state":{"0":"P2"},"per_gpu_power_draw":{"0":44.66},"cpu_count_adjusted_average_load":[0.1721875,0.1621875,0.1603125],"realtime_carbon_intensity":337.461173778,"disk_write_speed":21.4250791877,"process_ids":[21417,21521]}
{"timestamp":1572411457.2251911163,"rapl_power_draw_absolute":77.5158187927,"rapl_estimated_attributable_power_draw":18.4768232721,"cpu_time_seconds":{"21417":{"user":353.46,"system":3.98,"children_user":0.14,"children_system":0.27},"21521":{"user":6.36,"system":12.78,"children_user":0.6,"children_system":11.55}},"average_relative_cpu_utilization":0.2389281644,"absolute_cpu_utilization":0.9986159724,"relative_mem_usage":0.2329649834,"absolute_mem_usage":3741945856.0,"absolute_mem_percent_usage":0.0276977539,"mem_info_per_process":{"21417":{"rss":3622572032,"vms":11470778368,"shared":536670208,"text":2322432,"lib":0,"data":9716383744,"dirty":0,"uss":116441088,"pss":1856756736,"swap":0},"21521":{"rss":3266383872,"vms":11470778368,"shared":180314112,"text":2322432,"lib":0,"data":9716383744,"dirty":0,"uss":94040064,"pss":1674707968,"swap":0}},"nvidia_draw_absolute":44.52,"nvidia_estimated_attributable_power_draw":44.52,"average_gpu_estimated_utilization_absolute":0.3,"per_gpu_average_estimated_utilization_absolute":{"(0, 21417)":{"sm":30,"mem":2,"enc":0,"dec":0}},"average_gpu_estimated_utilization_relative":1.0,"per_gpu_performance_state":{"0":"P2"},"per_gpu_power_draw":{"0":44.52},"cpu_count_adjusted_average_load":[0.174375,0.163125,0.160625],"realtime_carbon_intensity":337.461173778,"disk_write_speed":22.4963809411,"process_ids":[21417,21521]}
{"timestamp":1572411465.4972751141,"rapl_power_draw_absolute":77.5156082651,"rapl_estimated_attributable_power_draw":18.5189431779,"cpu_time_seconds":{"21417":{"user":361.72,"system":3.99,"children_user":0.14,"children_system":0.27},"21521":{"user":6.53,"system":13.1,"children_user":0.62,"children_system":11.79}},"average_relative_cpu_utilization":0.2395119367,"absolute_cpu_utilization":0.9987480334,"relative_mem_usage":0.2330208237,"absolute_mem_usage":3742054400.0,"absolute_mem_percent_usage":0.0276985574,"mem_info_per_process":{"21417":{"rss":3622572032,"vms":11470778368,"shared":536670208,"text":2322432,"lib":0,"data":9716383744,"dirty":0,"uss":116445184,"pss":1856758784,"swap":0},"21521":{"rss":3266383872,"vms":11470778368,"shared":180314112,"text":2322432,"lib":0,"data":9716383744,"dirty":0,"uss":94044160,"pss":1674806272,"swap":0}},"nvidia_draw_absolute":44.54,"nvidia_estimated_attributable_power_draw":44.54,"average_gpu_estimated_utilization_absolute":0.3,"per_gpu_average_estimated_utilization_absolute":{"(0, 21417)":{"sm":30,"mem":1,"enc":0,"dec":0}},"average_gpu_estimated_utilization_relative":1.0,"per_gpu_performance_state":{"0":"P2"},"per_gpu_power_draw":{"0":44.54},"cpu_count_adjusted_average_load":[0.17125,0.1628125,0.160625],"realtime_carbon_intensity":337.461173778,"disk_write_speed":21.8905586194,"process_ids":[21417,21521]}
{"timestamp":1572411473.7693591118,"rapl_power_draw_absolute":77.6316515795,"rapl_estimated_attributable_power_draw":18.3663185566,"cpu_time_seconds":{"21417":{"user":369.99,"system":4.0,"children_user":0.14,"children_system":0.27},"21521":{"user":6.66,"system":13.43,"children_user":0.63,"children_system":12.07}},"average_relative_cpu_utilization":0.2369420673,"absolute_cpu_utilization":0.9985788313,"relative_mem_usage":0.2330884799,"absolute_mem_usage":3742054400.0,"absolute_mem_percent_usage":0.0276985574,"mem_info_per_process":{"21417":{"rss":3622572032,"vms":11470778368,"shared":536670208,"text":2322432,"lib":0,"data":9716383744,"dirty":0,"uss":116445184,"pss":1856758784,"swap":0},"21521":{"rss":3266383872,"vms":11470778368,"shared":180314112,"text":2322432,"lib":0,"data":9716383744,"dirty":0,"uss":94044160,"pss":1674806272,"swap":0}},"nvidia_draw_absolute":44.74,"nvidia_estimated_attributable_power_draw":44.74,"average_gpu_estimated_utilization_absolute":0.3033333333,"per_gpu_average_estimated_utilization_absolute":{"(0, 21417)":{"sm":30.3333333333,"mem":1.3333333333,"enc":0.0,"dec":0.0}},"average_gpu_estimated_utilization_relative":1.0,"per_gpu_performance_state":{"0":"P2"},"per_gpu_power_draw":{"0":44.74},"cpu_count_adjusted_average_load":[0.1725,0.163125,0.1609375],"realtime_carbon_intensity":337.461173778,"disk_write_speed":34.109199175,"process_ids":[21417,21521]}
{"timestamp":1572411482.0954699516,"rapl_power_draw_absolute":77.7430421771,"rapl_estimated_attributable_power_draw":18.5946153894,"cpu_time_seconds":{"21417":{"user":378.32,"system":4.0,"children_user":0.14,"children_system":0.27},"21521":{"user":6.85,"system":13.78,"children_user":0.64,"children_system":12.36}},"average_relative_cpu_utilization":0.2397920436,"absolute_cpu_utilization":0.9986687948,"relative_mem_usage":0.2330746092,"absolute_mem_usage":3742078976.0,"absolute_mem_percent_usage":0.0276987393,"mem_info_per_process":{"21417":{"rss":3622572032,"vms":11470778368,"shared":536670208,"text":2322432,"lib":0,"data":9716383744,"dirty":0,"uss":116453376,"pss":1856762880,"swap":0},"21521":{"rss":3266383872,"vms":11470778368,"shared":180314112,"text":2322432,"lib":0,"data":9716383744,"dirty":0,"uss":94052352,"pss":1674810368,"swap":0}},"nvidia_draw_absolute":44.78,"nvidia_estimated_attributable_power_draw":44.78,"average_gpu_estimated_utilization_absolute":0.3,"per_gpu_average_estimated_utilization_absolute":{"(0, 21417)":{"sm":30,"mem":2,"enc":0,"dec":0}},"average_gpu_estimated_utilization_relative":1.0,"per_gpu_performance_state":{"0":"P2"},"per_gpu_power_draw":{"0":44.78},"cpu_count_adjusted_average_load":[0.1703125,0.163125,0.160625],"realtime_carbon_intensity":337.461173778,"disk_write_speed":33.7565743097,"process_ids":[21417,21521]}
{"timestamp":1572411490.3405930996,"rapl_power_draw_absolute":78.0722205625,"rapl_estimated_attributable_power_draw":18.5567089697,"cpu_time_seconds":{"21417":{"user":386.57,"system":4.0,"children_user":0.14,"children_system":0.27},"21521":{"user":7.03,"system":14.11,"children_user":0.66,"children_system":12.62}},"average_relative_cpu_utilization":0.2381362534,"absolute_cpu_utilization":1.0036849314,"relative_mem_usage":0.2330632525,"absolute_mem_usage":3742078976.0,"absolute_mem_percent_usage":0.0276987393,"mem_info_per_process":{"21417":{"rss":3622572032,"vms":11470778368,"shared":536670208,"text":2322432,"lib":0,"data":9716383744,"dirty":0,"uss":116453376,"pss":1856762880,"swap":0},"21521":{"rss":3266383872,"vms":11470778368,"shared":180314112,"text":2322432,"lib":0,"data":9716383744,"dirty":0,"uss":94052352,"pss":1674810368,"swap":0}},"nvidia_draw_absolute":44.69,"nvidia_estimated_attributable_power_draw":44.69,"average_gpu_estimated_utilization_absolute":0.3,"per_gpu_average_estimated_utilization_absolute":{"(0, 21417)":{"sm":30,"mem":1,"enc":0,"dec":0}},"average_gpu_estimated_utilization_relative":1.0,"per_gpu_performance_state":{"0":"P2"},"per_gpu_power_draw":{"0":44.69},"cpu_count_adjusted_average_load":[0.165625,0.1621875,0.160625],"realtime_carbon_intensity":337.461173778,"disk_write_speed":25.8474041411,"process_ids":[21417,21521]}
{"timestamp":1572411498.5838429928,"rapl_power_draw_absolute":77.718349658,"rapl_estimated_attributable_power_draw":18.1777139922,"cpu_time_seconds":{"21417":{"user":394.81,"system":4.01,"children_user":0.14,"children_system":0.27},"21521":{"user":7.19,"system":14.4,"children_user":0.68,"children_system":12.91}},"average_relative_cpu_utilization":0.2339744295,"absolute_cpu_utilization":1.003596894,"relative_mem_usage":0.233069555,"absolute_mem_usage":3742078976.0,"absolute_mem_percent_usage":0.0276987393,"mem_info_per_process":{"21417":{"rss":3622572032,"vms":11470778368,"shared":536670208,"text":2322432,"lib":0,"data":9716383744,"dirty":0,"uss":116453376,"pss":1856762880,"swap":0},"21521":{"rss":3266383872,"vms":11470778368,"shared":180314112,"text":2322432,"lib":0,"data":9716383744,"dirty":0,"uss":94052352,"pss":1674810368,"swap":0}},"nvidia_draw_absolute":44.45,"nvidia_estimated_attributable_power_draw":44.45,"average_gpu_estimated_utilization_absolute":0.3033333333,"per_gpu_average_estimated_utilization_absolute":{"(0, 21417)":{"sm":30.3333333333,"mem":1.6666666667,"enc":0.0,"dec":0.0}},"average_gpu_estimated_utilization_relative":1.0,"per_gpu_performance_state":{"0":"P2"},"per_gpu_power_draw":{"0":44.45},"cpu_count_adjusted_average_load":[0.165,0.1621875,0.160625],"realtime_carbon_intensity":337.461173778,"disk_write_speed":33.4226833006,"process_ids":[21417,21521]}
{"timestamp":1572411506.857503891,"rapl_power_draw_absolute":78.2494942455,"rapl_estimated_attributable_power_draw":18.1676953524,"cpu_time_seconds":{"21417":{"user":403.08,"system":4.02,"children_user":0.14,"children_system":0.27},"21521":{"user":7.38,"system":14.68,"children_user":0.69,"children_system":13.19}},"average_relative_cpu_utilization":0.2320847304,"absolute_cpu_utilization":1.0035874115,"relative_mem_usage":0.2330829341,"absolute_mem_usage":3742078976.0,"absolute_mem_percent_usage":0.0276987393,"mem_info_per_process":{"21417":{"rss":3622572032,"vms":11470778368,"shared":536670208,"text":2322432,"lib":0,"data":9716383744,"dirty":0,"uss":116453376,"pss":1856762880,"swap":0},"21521":{"rss":3266383872,"vms":11470778368,"shared":180314112,"text":2322432,"lib":0,"data":9716383744,"dirty":0,"uss":94052352,"pss":1674810368,"swap":0}},"nvidia_draw_absolute":44.65,"nvidia_estimated_attributable_power_draw":44.65,"average_gpu_estimated_utilization_absolute":0.3,"per_gpu_average_estimated_utilization_absolute":{"(0, 21417)":{"sm":30,"mem":1,"enc":0,"dec":0}},"average_gpu_estimated_utilization_relative":1.0,"per_gpu_performance_state":{"0":"P2"},"per_gpu_power_draw":{"0":44.65},"cpu_count_adjusted_average_load":[0.16125,0.1615625,0.1603125],"realtime_carbon_intensity":337.461173778,"disk_write_speed":34.7465474352,"process_ids":[21417,21521]}
{"timestamp":1572411515.1305809021,"rapl_power_draw_absolute":77.6772219674,"rapl_estimated_attributable_power_draw":17.9977232626,"cpu_time_seconds":{"21417":{"user":411.36,"system":4.02,"children_user":0.14,"children_system":0.27},"21521":{"user":7.54,"system":14.98,"children_user":0.71,"children_system":13.47}},"average_relative_cpu_utilization":0.2315543254,"absolute_cpu_utilization":1.0035970023,"relative_mem_usage":0.2331027974,"absolute_mem_usage":3742078976.0,"absolute_mem_percent_usage":0.0276987393,"mem_info_per_process":{"21417":{"rss":3622572032,"vms":11470778368,"shared":536670208,"text":2322432,"lib":0,"data":9716383744,"dirty":0,"uss":116453376,"pss":1856762880,"swap":0},"21521":{"rss":3266383872,"vms":11470778368,"shared":180314112,"text":2322432,"lib":0,"data":9716383744,"dirty":0,"uss":94052352,"pss":1674810368,"swap":0}},"nvidia_draw_absolute":44.27,"nvidia_estimated_attributable_power_draw":44.27,"average_gpu_estimated_utilization_absolute":0.3,"per_gpu_average_estimated_utilization_absolute":{"(0, 21417)":{"sm":30,"mem":2,"enc":0,"dec":0}},"average_gpu_estimated_utilization_relative":1.0,"per_gpu_performance_state":{"0":"P2"},"per_gpu_power_draw":{"0":44.27},"cpu_count_adjusted_average_load":[0.1628125,0.161875,0.1603125],"realtime_carbon_intensity":337.461173778,"disk_write_speed":35.5453930736,"process_ids":[21417,21521]}
{"timestamp":1572411523.4038228989,"rapl_power_draw_absolute":76.6540721341,"rapl_estimated_attributable_power_draw":17.7042239896,"cpu_time_seconds":{"21417":{"user":419.62,"system":4.03,"children_user":0.14,"children_system":0.27},"21521":{"user":7.72,"system":15.29,"children_user":0.72,"children_system":13.76}},"average_relative_cpu_utilization":0.2307512009,"absolute_cpu_utilization":1.0035938855,"relative_mem_usage":0.2330598041,"absolute_mem_usage":3742078976.0,"absolute_mem_percent_usage":0.0276987393,"mem_info_per_process":{"21417":{"rss":3622572032,"vms":11470778368,"shared":536670208,"text":2322432,"lib":0,"data":9716383744,"dirty":0,"uss":116453376,"pss":1856762880,"swap":0},"21521":{"rss":3266383872,"vms":11470778368,"shared":180314112,"text":2322432,"lib":0,"data":9716383744,"dirty":0,"uss":94052352,"pss":1674810368,"swap":0}},"nvidia_draw_absolute":44.52,"nvidia_estimated_attributable_power_draw":44.52,"average_gpu_estimated_utilization_absolute":0.3033333333,"per_gpu_average_estimated_utilization_absolute":{"(0, 21417)":{"sm":30.3333333333,"mem":1.3333333333,"enc":0.0,"dec":0.0}},"average_gpu_estimated_utilization_relative":1.0,"per_gpu_performance_state":{"0":"P2"},"per_gpu_power_draw":{"0":44.52},"cpu_count_adjusted_average_load":[0.1675,0.1628125,0.160625],"realtime_carbon_intensity":337.461173778,"disk_write_speed":27.6640905589,"process_ids":[21417,21521]}
{"timestamp":1572411531.7328269482,"rapl_power_draw_absolute":71.222060031,"rapl_estimated_attributable_power_draw":21.7323126775,"cpu_time_seconds":{"21417":{"user":427.95,"system":4.03,"children_user":0.14,"children_system":0.27},"21521":{"user":7.88,"system":15.61,"children_user":0.72,"children_system":14.07}},"average_relative_cpu_utilization":0.3060407453,"absolute_cpu_utilization":1.0085750632,"relative_mem_usage":0.2967807653,"absolute_mem_usage":3750834176.0,"absolute_mem_percent_usage":0.0277635449,"mem_info_per_process":{"21417":{"rss":3622572032,"vms":11470778368,"shared":536670208,"text":2322432,"lib":0,"data":9716383744,"dirty":0,"uss":116744192,"pss":1863957504,"swap":0},"21521":{"rss":3266383872,"vms":11470778368,"shared":180314112,"text":2322432,"lib":0,"data":9716383744,"dirty":0,"uss":94052352,"pss":1676080128,"swap":0}},"nvidia_draw_absolute":44.32,"nvidia_estimated_attributable_power_draw":44.32,"average_gpu_estimated_utilization_absolute":0.3033333333,"per_gpu_average_estimated_utilization_absolute":{"(0, 21417)":{"sm":30.3333333333,"mem":1.3333333333,"enc":0.0,"dec":0.0}},"average_gpu_estimated_utilization_relative":1.0,"per_gpu_performance_state":{"0":"P2"},"per_gpu_power_draw":{"0":44.32},"cpu_count_adjusted_average_load":[0.15625,0.160625,0.16],"realtime_carbon_intensity":337.461173778,"disk_write_speed":18.9855534418,"process_ids":[21417,21521]}
{"timestamp":1572411540.0338070393,"rapl_power_draw_absolute":73.454152209,"rapl_estimated_attributable_power_draw":20.1276174654,"cpu_time_seconds":{"21417":{"user":436.25,"system":4.04,"children_user":0.14,"children_system":0.27},"21521":{"user":8.0,"system":15.9,"children_user":0.73,"children_system":14.37}},"average_relative_cpu_utilization":0.2717206402,"absolute_cpu_utilization":0.9986016662,"relative_mem_usage":0.2961299245,"absolute_mem_usage":3750804480.0,"absolute_mem_percent_usage":0.0277633251,"mem_info_per_process":{"21417":{"rss":3622572032,"vms":11470778368,"shared":536670208,"text":2322432,"lib":0,"data":9716383744,"dirty":0,"uss":116744192,"pss":1863929856,"swap":0},"21521":{"rss":3266383872,"vms":11470778368,"shared":180314112,"text":2322432,"lib":0,"data":9716383744,"dirty":0,"uss":94052352,"pss":1676078080,"swap":0}},"nvidia_draw_absolute":44.56,"nvidia_estimated_attributable_power_draw":44.56,"average_gpu_estimated_utilization_absolute":0.3033333333,"per_gpu_average_estimated_utilization_absolute":{"(0, 21417)":{"sm":30.3333333333,"mem":1.6666666667,"enc":0.0,"dec":0.0}},"average_gpu_estimated_utilization_relative":1.0,"per_gpu_performance_state":{"0":"P2"},"per_gpu_power_draw":{"0":44.56},"cpu_count_adjusted_average_load":[0.15625,0.1603125,0.16],"realtime_carbon_intensity":337.461173778,"disk_write_speed":17.6088301794,"process_ids":[21417,21521]}
{"timestamp":1572411548.2469830513,"rapl_power_draw_absolute":72.8343086583,"rapl_estimated_attributable_power_draw":19.5378085686,"cpu_time_seconds":{"21417":{"user":444.46,"system":4.04,"children_user":0.14,"children_system":0.27},"21521":{"user":8.13,"system":16.2,"children_user":0.74,"children_system":14.62}},"average_relative_cpu_utilization":0.265520371,"absolute_cpu_utilization":1.0037606539,"relative_mem_usage":0.294032304,"absolute_mem_usage":3733644288.0,"absolute_mem_percent_usage":0.027636306,"mem_info_per_process":{"21417":{"rss":3622572032,"vms":11470778368,"shared":536670208,"text":2322432,"lib":0,"data":9716383744,"dirty":0,"uss":115453952,"pss":1848680448,"swap":0},"21521":{"rss":3266383872,"vms":11470778368,"shared":180314112,"text":2322432,"lib":0,"data":9716383744,"dirty":0,"uss":94052352,"pss":1675457536,"swap":0}},"nvidia_draw_absolute":44.54,"nvidia_estimated_attributable_power_draw":44.54,"average_gpu_estimated_utilization_absolute":0.29,"per_gpu_average_estimated_utilization_absolute":{"(0, 21417)":{"sm":29.0,"mem":1.5,"enc":0.0,"dec":0.0}},"average_gpu_estimated_utilization_relative":1.0,"per_gpu_performance_state":{"0":"P2"},"per_gpu_power_draw":{"0":44.54},"cpu_count_adjusted_average_load":[0.15375,0.1596875,0.1596875],"realtime_carbon_intensity":337.461173778,"disk_write_speed":34.3591226525,"process_ids":[21417,21521]}
{"timestamp":1572411556.5196409225,"rapl_power_draw_absolute":77.0742954889,"rapl_estimated_attributable_power_draw":17.9163232242,"cpu_time_seconds":{"21417":{"user":452.72,"system":4.06,"children_user":0.14,"children_system":0.27},"21521":{"user":8.28,"system":16.54,"children_user":0.77,"children_system":14.88}},"average_relative_cpu_utilization":0.232542181,"absolute_cpu_utilization":0.9986105782,"relative_mem_usage":0.2316782599,"absolute_mem_usage":3689576448.0,"absolute_mem_percent_usage":0.0273101174,"mem_info_per_process":{"21417":{"rss":3622572032,"vms":11470778368,"shared":536670208,"text":2322432,"lib":0,"data":9716383744,"dirty":0,"uss":111112192,"pss":1809025024,"swap":0},"21521":{"rss":3266383872,"vms":11470778368,"shared":180314112,"text":2322432,"lib":0,"data":9716383744,"dirty":0,"uss":94052352,"pss":1675386880,"swap":0}},"nvidia_draw_absolute":44.21,"nvidia_estimated_attributable_power_draw":44.21,"average_gpu_estimated_utilization_absolute":0.3,"per_gpu_average_estimated_utilization_absolute":{"(0, 21417)":{"sm":30,"mem":2,"enc":0,"dec":0}},"average_gpu_estimated_utilization_relative":1.0,"per_gpu_performance_state":{"0":"P2"},"per_gpu_power_draw":{"0":44.21},"cpu_count_adjusted_average_load":[0.1490625,0.1584375,0.159375],"realtime_carbon_intensity":337.461173778,"disk_write_speed":26.622122561,"process_ids":[21417,21521]}
{"timestamp":1572411564.781318903,"rapl_power_draw_absolute":77.1274454234,"rapl_estimated_attributable_power_draw":17.2349614069,"cpu_time_seconds":{"21417":{"user":460.99,"system":4.06,"children_user":0.14,"children_system":0.27},"21521":{"user":8.46,"system":16.85,"children_user":0.78,"children_system":15.17}},"average_relative_cpu_utilization":0.2228188418,"absolute_cpu_utilization":1.0035748502,"relative_mem_usage":0.2298883472,"absolute_mem_usage":3688893440.0,"absolute_mem_percent_usage":0.0273050618,"mem_info_per_process":{"21417":{"rss":3622572032,"vms":11470778368,"shared":536670208,"text":2322432,"lib":0,"data":9716383744,"dirty":0,"uss":111108096,"pss":1808647168,"swap":0},"21521":{"rss":3266383872,"vms":11470778368,"shared":180314112,"text":2322432,"lib":0,"data":9716383744,"dirty":0,"uss":94052352,"pss":1675085824,"swap":0}},"nvidia_draw_absolute":44.32,"nvidia_estimated_attributable_power_draw":44.32,"average_gpu_estimated_utilization_absolute":0.295,"per_gpu_average_estimated_utilization_absolute":{"(0, 21417)":{"sm":29.5,"mem":1.0,"enc":0.0,"dec":0.0}},"average_gpu_estimated_utilization_relative":1.0,"per_gpu_performance_state":{"0":"P2"},"per_gpu_power_draw":{"0":44.32},"cpu_count_adjusted_average_load":[0.155,0.159375,0.1596875],"realtime_carbon_intensity":337.461173778,"disk_write_speed":25.6129873546,"process_ids":[21417,21521]}
{"timestamp":1572411573.0032300949,"rapl_power_draw_absolute":77.3232392428,"rapl_estimated_attributable_power_draw":17.3041130028,"cpu_time_seconds":{"21417":{"user":469.21,"system":4.06,"children_user":0.14,"children_system":0.27},"21521":{"user":8.61,"system":17.14,"children_user":0.82,"children_system":15.43}},"average_relative_cpu_utilization":0.2232039619,"absolute_cpu_utilization":0.9986290734,"relative_mem_usage":0.2296799762,"absolute_mem_usage":3688452096.0,"absolute_mem_percent_usage":0.0273017949,"mem_info_per_process":{"21417":{"rss":3622572032,"vms":11470778368,"shared":536670208,"text":2322432,"lib":0,"data":9716383744,"dirty":0,"uss":111108096,"pss":1808515072,"swap":0},"21521":{"rss":3266383872,"vms":11470778368,"shared":180314112,"text":2322432,"lib":0,"data":9716383744,"dirty":0,"uss":94035968,"pss":1674792960,"swap":0}},"nvidia_draw_absolute":44.7,"nvidia_estimated_attributable_power_draw":44.7,"average_gpu_estimated_utilization_absolute":0.3,"per_gpu_average_estimated_utilization_absolute":{"(0, 21417)":{"sm":30.0,"mem":1.5,"enc":0.0,"dec":0.0}},"average_gpu_estimated_utilization_relative":1.0,"per_gpu_performance_state":{"0":"P2"},"per_gpu_power_draw":{"0":44.7},"cpu_count_adjusted_average_load":[0.1625,0.1609375,0.16],"realtime_carbon_intensity":337.461173778,"disk_write_speed":13.0298584829,"process_ids":[21417,21521]}
