{"timestamp":1573521129.3109719753,"rapl_power_draw_absolute":61.0914796064,"rapl_estimated_attributable_power_draw":13.5912480984,"cpu_time_seconds":{"16992":{"user":8.53,"system":2.7,"children_user":0.13,"children_system":0.14},"17133":{"user":0.02,"system":0.02,"children_user":0.0,"children_system":0.02}},"average_relative_cpu_utilization":0.2368342128,"absolute_cpu_utilization":0.9886652738,"relative_mem_usage":0.0676386477,"absolute_mem_usage":5295238144.0,"absolute_mem_percent_usage":0.0391951697,"mem_info_per_process":{"16992":{"rss":4513673216,"vms":11217195008,"shared":113369088,"text":2322432,"lib":0,"data":9835823104,"dirty":0,"uss":649080832,"pss":2579145728,"swap":0},"17133":{"rss":3928207360,"vms":10740281344,"shared":4513792,"text":2322432,"lib":0,"data":9358909440,"dirty":0,"uss":69074944,"pss":1997936640,"swap":0}},"nvidia_draw_absolute":37.02,"nvidia_estimated_attributable_power_draw":37.02,"average_gpu_estimated_utilization_absolute":0.04,"per_gpu_average_estimated_utilization_absolute":{"(0, 0)":{"sm":0,"mem":0,"enc":0,"dec":0},"(0, 16992)":{"sm":4,"mem":0,"enc":0,"dec":0}},"average_gpu_estimated_utilization_relative":1.0,"per_gpu_performance_state":{"0":"P2"},"per_gpu_power_draw":{"0":37.02},"cpu_count_adjusted_average_load":[0.1278125,0.1309375,0.134375],"cpu_freq":[{"current":2399.906,"min":1200.0,"max":3200.0},{"current":1396.312,"min":1200.0,"max":3200.0},{"current":2198.343,"min":1200.0,"max":3200.0},{"current":1983.843,"min":1200.0,"max":3200.0},{"current":1297.218,"min":1200.0,"max":3200.0},{"current":1257.281,"min":1200.0,"max":3200.0},{"current":2399.906,"min":1200.0,"max":3200.0},{"current":1205.625,"min":1200.0,"max":3200.0},{"current":1244.906,"min":1200.0,"max":3200.0},{"current":1678.687,"min":1200.0,"max":3200.0},{"current":3104.625,"min":1200.0,"max":3200.0},{"current":1273.218,"min":1200.0,"max":3200.0},{"current":1249.687,"min":1200.0,"max":3200.0},{"current":1200.093,"min":1200.0,"max":3200.0},{"current":1252.781,"min":1200.0,"max":3200.0},{"current":1275.75,"min":1200.0,"max":3200.0},{"current":1202.156,"min":1200.0,"max":3200.0},{"current":2400.0,"min":1200.0,"max":3200.0},{"current":2183.343,"min":1200.0,"max":3200.0},{"current":1499.625,"min":1200.0,"max":3200.0},{"current":1311.375,"min":1200.0,"max":3200.0},{"current":1285.125,"min":1200.0,"max":3200.0},{"current":2400.0,"min":1200.0,"max":3200.0},{"current":1399.125,"min":1200.0,"max":3200.0},{"current":1342.781,"min":1200.0,"max":3200.0},{"current":1997.625,"min":1200.0,"max":3200.0},{"current":2609.437,"min":1200.0,"max":3200.0},{"current":1399.875,"min":1200.0,"max":3200.0},{"current":1307.25,"min":1200.0,"max":3200.0},{"current":1202.156,"min":1200.0,"max":3200.0},{"current":1249.031,"min":1200.0,"max":3200.0},{"current":1201.031,"min":1200.0,"max":3200.0}],"realtime_carbon_intensity":392.5383791503,"disk_write_speed":16.722966696,"process_ids":[16992,17133]}
{"timestamp":1573521137.4343249798,"rapl_power_draw_absolute":65.6108043207,"rapl_estimated_attributable_power_draw":15.2716718813,"cpu_time_seconds":{"16992":{"user":15.0,"system":4.19,"children_user":0.13,"children_system":0.14},"17133":{"user":0.17,"system":0.17,"children_user":0.01,"children_system":0.2}},"average_relative_cpu_utilization":0.2395527657,"absolute_cpu_utilization":1.0036232064,"relative_mem_usage":0.1510719642,"absolute_mem_usage":12267273216.0,"absolute_mem_percent_usage":0.0908019324,"mem_info_per_process":{"16992":{"rss":7096909824,"vms":15987789824,"shared":565968896,"text":2322432,"lib":0,"data":14391287808,"dirty":0,"uss":3828727808,"pss":5459811328,"swap":0},"17133":{"rss":3935334400,"vms":10740281344,"shared":11624448,"text":2322432,"lib":0,"data":9358909440,"dirty":0,"uss":674672640,"pss":2304061440,"swap":0}},"nvidia_draw_absolute":56.6,"nvidia_estimated_attributable_power_draw":56.6,"average_gpu_estimated_utilization_absolute":0.295,"per_gpu_average_estimated_utilization_absolute":{"(0, 16992)":{"sm":29.5,"mem":8.5,"enc":0.0,"dec":0.0}},"average_gpu_estimated_utilization_relative":1.0,"per_gpu_performance_state":{"0":"P2"},"per_gpu_power_draw":{"0":56.6},"cpu_count_adjusted_average_load":[0.131875,0.1315625,0.1346875],"cpu_freq":[{"current":1557.843,"min":1200.0,"max":3200.0},{"current":1493.906,"min":1200.0,"max":3200.0},{"current":2339.625,"min":1200.0,"max":3200.0},{"current":2399.906,"min":1200.0,"max":3200.0},{"current":1263.468,"min":1200.0,"max":3200.0},{"current":1282.218,"min":1200.0,"max":3200.0},{"current":1692.281,"min":1200.0,"max":3200.0},{"current":1500.0,"min":1200.0,"max":3200.0},{"current":1483.5,"min":1200.0,"max":3200.0},{"current":3160.781,"min":1200.0,"max":3200.0},{"current":1440.0,"min":1200.0,"max":3200.0},{"current":1297.312,"min":1200.0,"max":3200.0},{"current":1200.093,"min":1200.0,"max":3200.0},{"current":1200.187,"min":1200.0,"max":3200.0},{"current":1200.093,"min":1200.0,"max":3200.0},{"current":1206.75,"min":1200.0,"max":3200.0},{"current":1643.812,"min":1200.0,"max":3200.0},{"current":2089.5,"min":1200.0,"max":3200.0},{"current":1943.25,"min":1200.0,"max":3200.0},{"current":2399.906,"min":1200.0,"max":3200.0},{"current":1214.25,"min":1200.0,"max":3200.0},{"current":1229.906,"min":1200.0,"max":3200.0},{"current":1440.187,"min":1200.0,"max":3200.0},{"current":1398.468,"min":1200.0,"max":3200.0},{"current":1735.031,"min":1200.0,"max":3200.0},{"current":1282.312,"min":1200.0,"max":3200.0},{"current":1464.093,"min":1200.0,"max":3200.0},{"current":1200.187,"min":1200.0,"max":3200.0},{"current":1227.093,"min":1200.0,"max":3200.0},{"current":1253.812,"min":1200.0,"max":3200.0},{"current":1255.875,"min":1200.0,"max":3200.0},{"current":1200.468,"min":1200.0,"max":3200.0}],"realtime_carbon_intensity":392.5383791503,"disk_write_speed":9.6453775452,"process_ids":[16992,17133]}
{"timestamp":1573521145.4543550014,"rapl_power_draw_absolute":65.8596737459,"rapl_estimated_attributable_power_draw":15.1434138573,"cpu_time_seconds":{"16992":{"user":22.79,"system":4.42,"children_user":0.13,"children_system":0.14},"17133":{"user":0.28,"system":0.32,"children_user":0.02,"children_system":0.38}},"average_relative_cpu_utilization":0.2364478007,"absolute_cpu_utilization":1.0036034164,"relative_mem_usage":0.1511519482,"absolute_mem_usage":12275031040.0,"absolute_mem_percent_usage":0.0908593556,"mem_info_per_process":{"16992":{"rss":7096909824,"vms":15987789824,"shared":565968896,"text":2322432,"lib":0,"data":14391287808,"dirty":0,"uss":3831275520,"pss":5461085184,"swap":0},"17133":{"rss":3935391744,"vms":10740281344,"shared":11681792,"text":2322432,"lib":0,"data":9358909440,"dirty":0,"uss":677277696,"pss":2305392640,"swap":0}},"nvidia_draw_absolute":54.41,"nvidia_estimated_attributable_power_draw":54.41,"average_gpu_estimated_utilization_absolute":0.33,"per_gpu_average_estimated_utilization_absolute":{"(0, 16992)":{"sm":33,"mem":10,"enc":0,"dec":0}},"average_gpu_estimated_utilization_relative":1.0,"per_gpu_performance_state":{"0":"P2"},"per_gpu_power_draw":{"0":54.41},"cpu_count_adjusted_average_load":[0.1315625,0.1315625,0.134375],"cpu_freq":[{"current":2399.906,"min":1200.0,"max":3200.0},{"current":1891.593,"min":1200.0,"max":3200.0},{"current":1896.656,"min":1200.0,"max":3200.0},{"current":1371.656,"min":1200.0,"max":3200.0},{"current":1253.156,"min":1200.0,"max":3200.0},{"current":1265.343,"min":1200.0,"max":3200.0},{"current":2399.906,"min":1200.0,"max":3200.0},{"current":1799.625,"min":1200.0,"max":3200.0},{"current":1572.375,"min":1200.0,"max":3200.0},{"current":3117.0,"min":1200.0,"max":3200.0},{"current":1304.718,"min":1200.0,"max":3200.0},{"current":1778.25,"min":1200.0,"max":3200.0},{"current":1200.187,"min":1200.0,"max":3200.0},{"current":1200.093,"min":1200.0,"max":3200.0},{"current":1200.0,"min":1200.0,"max":3200.0},{"current":1200.093,"min":1200.0,"max":3200.0},{"current":2384.906,"min":1200.0,"max":3200.0},{"current":1999.968,"min":1200.0,"max":3200.0},{"current":1717.312,"min":1200.0,"max":3200.0},{"current":1272.75,"min":1200.0,"max":3200.0},{"current":1200.0,"min":1200.0,"max":3200.0},{"current":1245.75,"min":1200.0,"max":3200.0},{"current":2399.906,"min":1200.0,"max":3200.0},{"current":1903.781,"min":1200.0,"max":3200.0},{"current":1300.312,"min":1200.0,"max":3200.0},{"current":2470.312,"min":1200.0,"max":3200.0},{"current":1376.343,"min":1200.0,"max":3200.0},{"current":1687.406,"min":1200.0,"max":3200.0},{"current":1223.343,"min":1200.0,"max":3200.0},{"current":1251.75,"min":1200.0,"max":3200.0},{"current":1200.843,"min":1200.0,"max":3200.0},{"current":1220.718,"min":1200.0,"max":3200.0}],"realtime_carbon_intensity":392.5383791503,"disk_write_speed":12.088222228,"process_ids":[16992,17133]}
{"timestamp":1573521153.6220929623,"rapl_power_draw_absolute":66.3025304132,"rapl_estimated_attributable_power_draw":15.7788219681,"cpu_time_seconds":{"16992":{"user":30.72,"system":4.66,"children_user":0.13,"children_system":0.14},"17133":{"user":0.4,"system":0.47,"children_user":0.03,"children_system":0.56}},"average_relative_cpu_utilization":0.2450982878,"absolute_cpu_utilization":1.0035645539,"relative_mem_usage":0.1511910996,"absolute_mem_usage":12279540736.0,"absolute_mem_percent_usage":0.0908927362,"mem_info_per_process":{"16992":{"rss":7096909824,"vms":15987789824,"shared":565968896,"text":2322432,"lib":0,"data":14391287808,"dirty":0,"uss":3832778752,"pss":5461836800,"swap":0},"17133":{"rss":3935391744,"vms":10740281344,"shared":11681792,"text":2322432,"lib":0,"data":9358909440,"dirty":0,"uss":678780928,"pss":2306144256,"swap":0}},"nvidia_draw_absolute":50.96,"nvidia_estimated_attributable_power_draw":50.96,"average_gpu_estimated_utilization_absolute":0.33,"per_gpu_average_estimated_utilization_absolute":{"(0, 16992)":{"sm":33.0,"mem":9.5,"enc":0.0,"dec":0.0}},"average_gpu_estimated_utilization_relative":1.0,"per_gpu_performance_state":{"0":"P2"},"per_gpu_power_draw":{"0":50.96},"cpu_count_adjusted_average_load":[0.1353125,0.1325,0.1346875],"cpu_freq":[{"current":2400.0,"min":1200.0,"max":3200.0},{"current":1531.406,"min":1200.0,"max":3200.0},{"current":2035.875,"min":1200.0,"max":3200.0},{"current":2399.906,"min":1200.0,"max":3200.0},{"current":1283.906,"min":1200.0,"max":3200.0},{"current":1201.5,"min":1200.0,"max":3200.0},{"current":1470.656,"min":1200.0,"max":3200.0},{"current":2400.0,"min":1200.0,"max":3200.0},{"current":1271.437,"min":1200.0,"max":3200.0},{"current":3092.625,"min":1200.0,"max":3200.0},{"current":1449.656,"min":1200.0,"max":3200.0},{"current":1290.468,"min":1200.0,"max":3200.0},{"current":1264.312,"min":1200.0,"max":3200.0},{"current":1200.093,"min":1200.0,"max":3200.0},{"current":1200.093,"min":1200.0,"max":3200.0},{"current":1200.0,"min":1200.0,"max":3200.0},{"current":2255.062,"min":1200.0,"max":3200.0},{"current":1549.781,"min":1200.0,"max":3200.0},{"current":2400.0,"min":1200.0,"max":3200.0},{"current":2247.843,"min":1200.0,"max":3200.0},{"current":1477.031,"min":1200.0,"max":3200.0},{"current":1245.75,"min":1200.0,"max":3200.0},{"current":1299.656,"min":1200.0,"max":3200.0},{"current":2399.906,"min":1200.0,"max":3200.0},{"current":1454.25,"min":1200.0,"max":3200.0},{"current":2470.312,"min":1200.0,"max":3200.0},{"current":1227.562,"min":1200.0,"max":3200.0},{"current":1500.0,"min":1200.0,"max":3200.0},{"current":1201.218,"min":1200.0,"max":3200.0},{"current":1263.562,"min":1200.0,"max":3200.0},{"current":1200.843,"min":1200.0,"max":3200.0},{"current":1219.875,"min":1200.0,"max":3200.0}],"realtime_carbon_intensity":392.5383791503,"disk_write_speed":5.6996228384,"process_ids":[16992,17133]}
{"timestamp":1573521161.8112900257,"rapl_power_draw_absolute":65.835375314,"rapl_estimated_attributable_power_draw":15.3909693021,"cpu_time_seconds":{"16992":{"user":38.7,"system":4.86,"children_user":0.13,"children_system":0.14},"17133":{"user":0.49,"system":0.62,"children_user":0.05,"children_system":0.72}},"average_relative_cpu_utilization":0.2406135168,"absolute_cpu_utilization":0.9936925045,"relative_mem_usage":0.1512069972,"absolute_mem_usage":12282330112.0,"absolute_mem_percent_usage":0.090913383,"mem_info_per_process":{"16992":{"rss":7096909824,"vms":15987789824,"shared":565968896,"text":2322432,"lib":0,"data":14391287808,"dirty":0,"uss":3833708544,"pss":5462301696,"swap":0},"17133":{"rss":3935391744,"vms":10740281344,"shared":11681792,"text":2322432,"lib":0,"data":9358909440,"dirty":0,"uss":679710720,"pss":2306609152,"swap":0}},"nvidia_draw_absolute":56.3,"nvidia_estimated_attributable_power_draw":56.3,"average_gpu_estimated_utilization_absolute":0.33,"per_gpu_average_estimated_utilization_absolute":{"(0, 16992)":{"sm":33,"mem":10,"enc":0,"dec":0}},"average_gpu_estimated_utilization_relative":1.0,"per_gpu_performance_state":{"0":"P2"},"per_gpu_power_draw":{"0":56.3},"cpu_count_adjusted_average_load":[0.13125,0.1315625,0.134375],"cpu_freq":[{"current":2399.906,"min":1200.0,"max":3200.0},{"current":2396.25,"min":1200.0,"max":3200.0},{"current":1399.968,"min":1200.0,"max":3200.0},{"current":2399.906,"min":1200.0,"max":3200.0},{"current":1200.656,"min":1200.0,"max":3200.0},{"current":1229.531,"min":1200.0,"max":3200.0},{"current":1802.531,"min":1200.0,"max":3200.0},{"current":1902.093,"min":1200.0,"max":3200.0},{"current":1314.656,"min":1200.0,"max":3200.0},{"current":3158.812,"min":1200.0,"max":3200.0},{"current":1200.281,"min":1200.0,"max":3200.0},{"current":1499.531,"min":1200.0,"max":3200.0},{"current":1200.0,"min":1200.0,"max":3200.0},{"current":1200.187,"min":1200.0,"max":3200.0},{"current":1295.343,"min":1200.0,"max":3200.0},{"current":1203.187,"min":1200.0,"max":3200.0},{"current":2400.0,"min":1200.0,"max":3200.0},{"current":2340.375,"min":1200.0,"max":3200.0},{"current":1415.906,"min":1200.0,"max":3200.0},{"current":2364.187,"min":1200.0,"max":3200.0},{"current":1200.0,"min":1200.0,"max":3200.0},{"current":1305.75,"min":1200.0,"max":3200.0},{"current":1696.312,"min":1200.0,"max":3200.0},{"current":2399.906,"min":1200.0,"max":3200.0},{"current":1474.406,"min":1200.0,"max":3200.0},{"current":2998.593,"min":1200.0,"max":3200.0},{"current":1340.25,"min":1200.0,"max":3200.0},{"current":1547.625,"min":1200.0,"max":3200.0},{"current":1233.75,"min":1200.0,"max":3200.0},{"current":1255.781,"min":1200.0,"max":3200.0},{"current":1202.062,"min":1200.0,"max":3200.0},{"current":1199.906,"min":1200.0,"max":3200.0}],"realtime_carbon_intensity":392.5383791503,"disk_write_speed":17.3937109608,"process_ids":[16992,17133]}
{"timestamp":1573521169.9587450027,"rapl_power_draw_absolute":66.9223911598,"rapl_estimated_attributable_power_draw":15.752335016,"cpu_time_seconds":{"16992":{"user":46.59,"system":5.13,"children_user":0.13,"children_system":0.14},"17133":{"user":0.63,"system":0.78,"children_user":0.08,"children_system":0.88}},"average_relative_cpu_utilization":0.2432813346,"absolute_cpu_utilization":0.9985811772,"relative_mem_usage":0.1512144405,"absolute_mem_usage":12284001280.0,"absolute_mem_percent_usage":0.090925753,"mem_info_per_process":{"16992":{"rss":7096909824,"vms":15987789824,"shared":565968896,"text":2322432,"lib":0,"data":14391287808,"dirty":0,"uss":3834265600,"pss":5462580224,"swap":0},"17133":{"rss":3935391744,"vms":10740281344,"shared":11681792,"text":2322432,"lib":0,"data":9358909440,"dirty":0,"uss":680267776,"pss":2306887680,"swap":0}},"nvidia_draw_absolute":53.43,"nvidia_estimated_attributable_power_draw":53.43,"average_gpu_estimated_utilization_absolute":0.33,"per_gpu_average_estimated_utilization_absolute":{"(0, 16992)":{"sm":33,"mem":10,"enc":0,"dec":0}},"average_gpu_estimated_utilization_relative":1.0,"per_gpu_performance_state":{"0":"P2"},"per_gpu_power_draw":{"0":53.43},"cpu_count_adjusted_average_load":[0.130625,0.1315625,0.134375],"cpu_freq":[{"current":2399.906,"min":1200.0,"max":3200.0},{"current":1392.562,"min":1200.0,"max":3200.0},{"current":1396.687,"min":1200.0,"max":3200.0},{"current":1494.656,"min":1200.0,"max":3200.0},{"current":1336.406,"min":1200.0,"max":3200.0},{"current":1260.656,"min":1200.0,"max":3200.0},{"current":1861.406,"min":1200.0,"max":3200.0},{"current":2399.906,"min":1200.0,"max":3200.0},{"current":1315.968,"min":1200.0,"max":3200.0},{"current":3173.062,"min":1200.0,"max":3200.0},{"current":1199.906,"min":1200.0,"max":3200.0},{"current":1299.937,"min":1200.0,"max":3200.0},{"current":1226.062,"min":1200.0,"max":3200.0},{"current":1262.531,"min":1200.0,"max":3200.0},{"current":1200.093,"min":1200.0,"max":3200.0},{"current":1200.093,"min":1200.0,"max":3200.0},{"current":2399.906,"min":1200.0,"max":3200.0},{"current":1239.75,"min":1200.0,"max":3200.0},{"current":1399.968,"min":1200.0,"max":3200.0},{"current":1580.437,"min":1200.0,"max":3200.0},{"current":1499.531,"min":1200.0,"max":3200.0},{"current":1202.25,"min":1200.0,"max":3200.0},{"current":1487.062,"min":1200.0,"max":3200.0},{"current":2400.0,"min":1200.0,"max":3200.0},{"current":1367.343,"min":1200.0,"max":3200.0},{"current":2998.593,"min":1200.0,"max":3200.0},{"current":1389.093,"min":1200.0,"max":3200.0},{"current":1267.593,"min":1200.0,"max":3200.0},{"current":1233.75,"min":1200.0,"max":3200.0},{"current":1255.781,"min":1200.0,"max":3200.0},{"current":1202.062,"min":1200.0,"max":3200.0},{"current":1200.375,"min":1200.0,"max":3200.0}],"realtime_carbon_intensity":392.5383791503,"disk_write_speed":16.9201954113,"process_ids":[16992,17133]}
{"timestamp":1573521177.9812619686,"rapl_power_draw_absolute":65.8337557508,"rapl_estimated_attributable_power_draw":15.8590353649,"cpu_time_seconds":{"16992":{"user":54.38,"system":5.37,"children_user":0.13,"children_system":0.14},"17133":{"user":0.77,"system":0.94,"children_user":0.1,"children_system":1.06}},"average_relative_cpu_utilization":0.2487506248,"absolute_cpu_utilization":1.0037183044,"relative_mem_usage":0.1512198567,"absolute_mem_usage":12285574144.0,"absolute_mem_percent_usage":0.0909373952,"mem_info_per_process":{"16992":{"rss":7096909824,"vms":15987789824,"shared":565968896,"text":2322432,"lib":0,"data":14391287808,"dirty":0,"uss":3834789888,"pss":5462842368,"swap":0},"17133":{"rss":3935391744,"vms":10740281344,"shared":11681792,"text":2322432,"lib":0,"data":9358909440,"dirty":0,"uss":680792064,"pss":2307149824,"swap":0}},"nvidia_draw_absolute":52.94,"nvidia_estimated_attributable_power_draw":52.94,"average_gpu_estimated_utilization_absolute":0.33,"per_gpu_average_estimated_utilization_absolute":{"(0, 16992)":{"sm":33,"mem":10,"enc":0,"dec":0}},"average_gpu_estimated_utilization_relative":1.0,"per_gpu_performance_state":{"0":"P2"},"per_gpu_power_draw":{"0":52.94},"cpu_count_adjusted_average_load":[0.1253125,0.1303125,0.1340625],"cpu_freq":[{"current":2365.687,"min":1200.0,"max":3200.0},{"current":2329.687,"min":1200.0,"max":3200.0},{"current":1343.25,"min":1200.0,"max":3200.0},{"current":1565.531,"min":1200.0,"max":3200.0},{"current":1335.281,"min":1200.0,"max":3200.0},{"current":1200.562,"min":1200.0,"max":3200.0},{"current":2750.906,"min":1200.0,"max":3200.0},{"current":2399.906,"min":1200.0,"max":3200.0},{"current":1372.593,"min":1200.0,"max":3200.0},{"current":3123.093,"min":1200.0,"max":3200.0},{"current":1222.218,"min":1200.0,"max":3200.0},{"current":1532.156,"min":1200.0,"max":3200.0},{"current":1200.093,"min":1200.0,"max":3200.0},{"current":1262.718,"min":1200.0,"max":3200.0},{"current":1205.343,"min":1200.0,"max":3200.0},{"current":1242.093,"min":1200.0,"max":3200.0},{"current":1379.718,"min":1200.0,"max":3200.0},{"current":2399.906,"min":1200.0,"max":3200.0},{"current":1462.031,"min":1200.0,"max":3200.0},{"current":1356.562,"min":1200.0,"max":3200.0},{"current":1207.125,"min":1200.0,"max":3200.0},{"current":1224.562,"min":1200.0,"max":3200.0},{"current":1528.968,"min":1200.0,"max":3200.0},{"current":2400.0,"min":1200.0,"max":3200.0},{"current":1244.156,"min":1200.0,"max":3200.0},{"current":3147.468,"min":1200.0,"max":3200.0},{"current":1395.75,"min":1200.0,"max":3200.0},{"current":1603.406,"min":1200.0,"max":3200.0},{"current":1238.25,"min":1200.0,"max":3200.0},{"current":1251.281,"min":1200.0,"max":3200.0},{"current":1207.593,"min":1200.0,"max":3200.0},{"current":1280.25,"min":1200.0,"max":3200.0}],"realtime_carbon_intensity":392.5383791503,"disk_write_speed":19.6665555404,"process_ids":[16992,17133]}
{"timestamp":1573521186.0497000217,"rapl_power_draw_absolute":65.4654731509,"rapl_estimated_attributable_power_draw":15.1713871525,"cpu_time_seconds":{"16992":{"user":62.22,"system":5.6,"children_user":0.13,"children_system":0.14},"17133":{"user":0.89,"system":1.09,"children_user":0.11,"children_system":1.23}},"average_relative_cpu_utilization":0.2384213756,"absolute_cpu_utilization":1.003694418,"relative_mem_usage":0.1512232825,"absolute_mem_usage":12286839808.0,"absolute_mem_percent_usage":0.0909467637,"mem_info_per_process":{"16992":{"rss":7096909824,"vms":15987789824,"shared":565968896,"text":2322432,"lib":0,"data":14391287808,"dirty":0,"uss":3835211776,"pss":5463053312,"swap":0},"17133":{"rss":3935391744,"vms":10740281344,"shared":11681792,"text":2322432,"lib":0,"data":9358909440,"dirty":0,"uss":681213952,"pss":2307360768,"swap":0}},"nvidia_draw_absolute":54.31,"nvidia_estimated_attributable_power_draw":54.31,"average_gpu_estimated_utilization_absolute":0.33,"per_gpu_average_estimated_utilization_absolute":{"(0, 16992)":{"sm":33,"mem":10,"enc":0,"dec":0}},"average_gpu_estimated_utilization_relative":1.0,"per_gpu_performance_state":{"0":"P2"},"per_gpu_power_draw":{"0":54.31},"cpu_count_adjusted_average_load":[0.1278125,0.130625,0.1340625],"cpu_freq":[{"current":2399.906,"min":1200.0,"max":3200.0},{"current":2392.968,"min":1200.0,"max":3200.0},{"current":2399.906,"min":1200.0,"max":3200.0},{"current":1599.937,"min":1200.0,"max":3200.0},{"current":1225.218,"min":1200.0,"max":3200.0},{"current":1200.562,"min":1200.0,"max":3200.0},{"current":2399.906,"min":1200.0,"max":3200.0},{"current":2385.0,"min":1200.0,"max":3200.0},{"current":1295.437,"min":1200.0,"max":3200.0},{"current":3054.843,"min":1200.0,"max":3200.0},{"current":1399.968,"min":1200.0,"max":3200.0},{"current":1599.937,"min":1200.0,"max":3200.0},{"current":1231.968,"min":1200.0,"max":3200.0},{"current":1373.625,"min":1200.0,"max":3200.0},{"current":1260.375,"min":1200.0,"max":3200.0},{"current":1200.0,"min":1200.0,"max":3200.0},{"current":2399.906,"min":1200.0,"max":3200.0},{"current":2400.0,"min":1200.0,"max":3200.0},{"current":2400.0,"min":1200.0,"max":3200.0},{"current":1462.593,"min":1200.0,"max":3200.0},{"current":1203.937,"min":1200.0,"max":3200.0},{"current":1202.25,"min":1200.0,"max":3200.0},{"current":2399.906,"min":1200.0,"max":3200.0},{"current":2192.062,"min":1200.0,"max":3200.0},{"current":1477.312,"min":1200.0,"max":3200.0},{"current":3147.468,"min":1200.0,"max":3200.0},{"current":1318.406,"min":1200.0,"max":3200.0},{"current":1461.187,"min":1200.0,"max":3200.0},{"current":1217.343,"min":1200.0,"max":3200.0},{"current":1451.343,"min":1200.0,"max":3200.0},{"current":1202.437,"min":1200.0,"max":3200.0},{"current":1201.875,"min":1200.0,"max":3200.0}],"realtime_carbon_intensity":392.5383791503,"disk_write_speed":11.9255743423,"process_ids":[16992,17133]}
{"timestamp":1573521194.1135599613,"rapl_power_draw_absolute":68.283593193,"rapl_estimated_attributable_power_draw":15.7446593829,"cpu_time_seconds":{"16992":{"user":70.01,"system":5.88,"children_user":0.13,"children_system":0.14},"17133":{"user":1.0,"system":1.24,"children_user":0.14,"children_system":1.39}},"average_relative_cpu_utilization":0.2386390226,"absolute_cpu_utilization":0.9986227225,"relative_mem_usage":0.151295324,"absolute_mem_usage":12293917696.0,"absolute_mem_percent_usage":0.0909991539,"mem_info_per_process":{"16992":{"rss":7096909824,"vms":15987789824,"shared":565968896,"text":2322432,"lib":0,"data":14391287808,"dirty":0,"uss":3837571072,"pss":5464232960,"swap":0},"17133":{"rss":3935391744,"vms":10740281344,"shared":11681792,"text":2322432,"lib":0,"data":9358909440,"dirty":0,"uss":683573248,"pss":2308540416,"swap":0}},"nvidia_draw_absolute":55.17,"nvidia_estimated_attributable_power_draw":55.17,"average_gpu_estimated_utilization_absolute":0.33,"per_gpu_average_estimated_utilization_absolute":{"(0, 16992)":{"sm":33,"mem":10,"enc":0,"dec":0}},"average_gpu_estimated_utilization_relative":1.0,"per_gpu_performance_state":{"0":"P2"},"per_gpu_power_draw":{"0":55.17},"cpu_count_adjusted_average_load":[0.1275,0.130625,0.1340625],"cpu_freq":[{"current":2400.0,"min":1200.0,"max":3200.0},{"current":1513.218,"min":1200.0,"max":3200.0},{"current":1497.468,"min":1200.0,"max":3200.0},{"current":2390.062,"min":1200.0,"max":3200.0},{"current":1248.093,"min":1200.0,"max":3200.0},{"current":1201.968,"min":1200.0,"max":3200.0},{"current":1562.156,"min":1200.0,"max":3200.0},{"current":2399.906,"min":1200.0,"max":3200.0},{"current":1313.156,"min":1200.0,"max":3200.0},{"current":3159.843,"min":1200.0,"max":3200.0},{"current":1300.312,"min":1200.0,"max":3200.0},{"current":1299.093,"min":1200.0,"max":3200.0},{"current":1200.187,"min":1200.0,"max":3200.0},{"current":1200.093,"min":1200.0,"max":3200.0},{"current":1233.187,"min":1200.0,"max":3200.0},{"current":1200.187,"min":1200.0,"max":3200.0},{"current":2387.437,"min":1200.0,"max":3200.0},{"current":1597.031,"min":1200.0,"max":3200.0},{"current":2397.843,"min":1200.0,"max":3200.0},{"current":2400.093,"min":1200.0,"max":3200.0},{"current":1200.0,"min":1200.0,"max":3200.0},{"current":1276.875,"min":1200.0,"max":3200.0},{"current":1588.5,"min":1200.0,"max":3200.0},{"current":2400.0,"min":1200.0,"max":3200.0},{"current":1363.968,"min":1200.0,"max":3200.0},{"current":3116.437,"min":1200.0,"max":3200.0},{"current":1469.625,"min":1200.0,"max":3200.0},{"current":1329.375,"min":1200.0,"max":3200.0},{"current":1206.0,"min":1200.0,"max":3200.0},{"current":1273.031,"min":1200.0,"max":3200.0},{"current":1391.343,"min":1200.0,"max":3200.0},{"current":1201.125,"min":1200.0,"max":3200.0}],"realtime_carbon_intensity":392.5383791503,"disk_write_speed":15.195494214,"process_ids":[16992,17133]}
{"timestamp":1573521202.1511490345,"rapl_power_draw_absolute":65.6231062976,"rapl_estimated_attributable_power_draw":15.2231158118,"cpu_time_seconds":{"16992":{"user":77.85,"system":6.08,"children_user":0.13,"children_system":0.14},"17133":{"user":1.13,"system":1.42,"children_user":0.14,"children_system":1.57}},"average_relative_cpu_utilization":0.2386423357,"absolute_cpu_utilization":0.9986124469,"relative_mem_usage":0.1512842809,"absolute_mem_usage":12294360064.0,"absolute_mem_percent_usage":0.0910024283,"mem_info_per_process":{"16992":{"rss":7096913920,"vms":15987789824,"shared":565968896,"text":2322432,"lib":0,"data":14391287808,"dirty":0,"uss":3837718528,"pss":5464306688,"swap":0},"17133":{"rss":3935391744,"vms":10740281344,"shared":11681792,"text":2322432,"lib":0,"data":9358909440,"dirty":0,"uss":683720704,"pss":2308614144,"swap":0}},"nvidia_draw_absolute":53.92,"nvidia_estimated_attributable_power_draw":53.92,"average_gpu_estimated_utilization_absolute":0.33,"per_gpu_average_estimated_utilization_absolute":{"(0, 16992)":{"sm":33,"mem":10,"enc":0,"dec":0}},"average_gpu_estimated_utilization_relative":1.0,"per_gpu_performance_state":{"0":"P2"},"per_gpu_power_draw":{"0":53.92},"cpu_count_adjusted_average_load":[0.1271875,0.1303125,0.13375],"cpu_freq":[{"current":2397.75,"min":1200.0,"max":3200.0},{"current":2399.906,"min":1200.0,"max":3200.0},{"current":1199.906,"min":1200.0,"max":3200.0},{"current":1699.593,"min":1200.0,"max":3200.0},{"current":1200.656,"min":1200.0,"max":3200.0},{"current":1200.468,"min":1200.0,"max":3200.0},{"current":2030.156,"min":1200.0,"max":3200.0},{"current":2399.906,"min":1200.0,"max":3200.0},{"current":1397.625,"min":1200.0,"max":3200.0},{"current":3153.656,"min":1200.0,"max":3200.0},{"current":1240.593,"min":1200.0,"max":3200.0},{"current":2399.906,"min":1200.0,"max":3200.0},{"current":1200.187,"min":1200.0,"max":3200.0},{"current":1235.343,"min":1200.0,"max":3200.0},{"current":1277.906,"min":1200.0,"max":3200.0},{"current":1210.781,"min":1200.0,"max":3200.0},{"current":2400.0,"min":1200.0,"max":3200.0},{"current":2400.0,"min":1200.0,"max":3200.0},{"current":1200.093,"min":1200.0,"max":3200.0},{"current":1455.187,"min":1200.0,"max":3200.0},{"current":1289.531,"min":1200.0,"max":3200.0},{"current":1202.062,"min":1200.0,"max":3200.0},{"current":2343.843,"min":1200.0,"max":3200.0},{"current":1695.75,"min":1200.0,"max":3200.0},{"current":1444.031,"min":1200.0,"max":3200.0},{"current":3116.437,"min":1200.0,"max":3200.0},{"current":1352.156,"min":1200.0,"max":3200.0},{"current":2399.906,"min":1200.0,"max":3200.0},{"current":1276.218,"min":1200.0,"max":3200.0},{"current":1273.031,"min":1200.0,"max":3200.0},{"current":1301.531,"min":1200.0,"max":3200.0},{"current":1281.375,"min":1200.0,"max":3200.0}],"realtime_carbon_intensity":392.5383791503,"disk_write_speed":13.2312429022,"process_ids":[16992,17133]}
{"timestamp":1573521210.2170329094,"rapl_power_draw_absolute":64.9499908753,"rapl_estimated_attributable_power_draw":15.2184090465,"cpu_time_seconds":{"16992":{"user":85.67,"system":6.33,"children_user":0.13,"children_system":0.14},"17133":{"user":1.24,"system":1.58,"children_user":0.16,"children_system":1.74}},"average_relative_cpu_utilization":0.2412726541,"absolute_cpu_utilization":1.0036058246,"relative_mem_usage":0.1512839391,"absolute_mem_usage":12294999040.0,"absolute_mem_percent_usage":0.091007158,"mem_info_per_process":{"16992":{"rss":7096913920,"vms":15987789824,"shared":565968896,"text":2322432,"lib":0,"data":14391287808,"dirty":0,"uss":3837931520,"pss":5464413184,"swap":0},"17133":{"rss":3935391744,"vms":10740281344,"shared":11681792,"text":2322432,"lib":0,"data":9358909440,"dirty":0,"uss":683933696,"pss":2308720640,"swap":0}},"nvidia_draw_absolute":52.57,"nvidia_estimated_attributable_power_draw":52.57,"average_gpu_estimated_utilization_absolute":0.33,"per_gpu_average_estimated_utilization_absolute":{"(0, 16992)":{"sm":33,"mem":10,"enc":0,"dec":0}},"average_gpu_estimated_utilization_relative":1.0,"per_gpu_performance_state":{"0":"P2"},"per_gpu_power_draw":{"0":52.57},"cpu_count_adjusted_average_load":[0.1271875,0.1303125,0.13375],"cpu_freq":[{"current":1288.031,"min":1200.0,"max":3200.0},{"current":2197.687,"min":1200.0,"max":3200.0},{"current":1299.937,"min":1200.0,"max":3200.0},{"current":2399.906,"min":1200.0,"max":3200.0},{"current":1299.187,"min":1200.0,"max":3200.0},{"current":1229.343,"min":1200.0,"max":3200.0},{"current":2273.062,"min":1200.0,"max":3200.0},{"current":2400.0,"min":1200.0,"max":3200.0},{"current":1399.593,"min":1200.0,"max":3200.0},{"current":3079.312,"min":1200.0,"max":3200.0},{"current":1333.875,"min":1200.0,"max":3200.0},{"current":1398.562,"min":1200.0,"max":3200.0},{"current":1200.093,"min":1200.0,"max":3200.0},{"current":1394.625,"min":1200.0,"max":3200.0},{"current":1200.187,"min":1200.0,"max":3200.0},{"current":1229.812,"min":1200.0,"max":3200.0},{"current":1294.218,"min":1200.0,"max":3200.0},{"current":2268.562,"min":1200.0,"max":3200.0},{"current":1297.968,"min":1200.0,"max":3200.0},{"current":2399.906,"min":1200.0,"max":3200.0},{"current":1355.625,"min":1200.0,"max":3200.0},{"current":1206.187,"min":1200.0,"max":3200.0},{"current":2400.187,"min":1200.0,"max":3200.0},{"current":2199.937,"min":1200.0,"max":3200.0},{"current":1281.937,"min":1200.0,"max":3200.0},{"current":3077.343,"min":1200.0,"max":3200.0},{"current":1493.625,"min":1200.0,"max":3200.0},{"current":1501.406,"min":1200.0,"max":3200.0},{"current":1231.125,"min":1200.0,"max":3200.0},{"current":1353.375,"min":1200.0,"max":3200.0},{"current":1234.781,"min":1200.0,"max":3200.0},{"current":1297.968,"min":1200.0,"max":3200.0}],"realtime_carbon_intensity":392.5383791503,"disk_write_speed":15.9733781094,"process_ids":[16992,17133]}
{"timestamp":1573521218.3316700459,"rapl_power_draw_absolute":65.1832697053,"rapl_estimated_attributable_power_draw":15.0767994293,"cpu_time_seconds":{"16992":{"user":93.55,"system":6.56,"children_user":0.13,"children_system":0.14},"17133":{"user":1.39,"system":1.74,"children_user":0.18,"children_system":1.9}},"average_relative_cpu_utilization":0.2380158903,"absolute_cpu_utilization":0.9936218353,"relative_mem_usage":0.151274782,"absolute_mem_usage":12295441408.0,"absolute_mem_percent_usage":0.0910104324,"mem_info_per_process":{"16992":{"rss":7096913920,"vms":15987789824,"shared":565968896,"text":2322432,"lib":0,"data":14391287808,"dirty":0,"uss":3838078976,"pss":5464486912,"swap":0},"17133":{"rss":3935391744,"vms":10740281344,"shared":11681792,"text":2322432,"lib":0,"data":9358909440,"dirty":0,"uss":684081152,"pss":2308794368,"swap":0}},"nvidia_draw_absolute":57.38,"nvidia_estimated_attributable_power_draw":57.38,"average_gpu_estimated_utilization_absolute":0.33,"per_gpu_average_estimated_utilization_absolute":{"(0, 16992)":{"sm":33.0,"mem":9.5,"enc":0.0,"dec":0.0}},"average_gpu_estimated_utilization_relative":1.0,"per_gpu_performance_state":{"0":"P2"},"per_gpu_power_draw":{"0":57.38},"cpu_count_adjusted_average_load":[0.126875,0.13,0.13375],"cpu_freq":[{"current":1259.437,"min":1200.0,"max":3200.0},{"current":1299.656,"min":1200.0,"max":3200.0},{"current":1397.062,"min":1200.0,"max":3200.0},{"current":2400.0,"min":1200.0,"max":3200.0},{"current":1338.375,"min":1200.0,"max":3200.0},{"current":1201.968,"min":1200.0,"max":3200.0},{"current":2399.906,"min":1200.0,"max":3200.0},{"current":1396.5,"min":1200.0,"max":3200.0},{"current":1498.218,"min":1200.0,"max":3200.0},{"current":3147.187,"min":1200.0,"max":3200.0},{"current":1967.062,"min":1200.0,"max":3200.0},{"current":1298.718,"min":1200.0,"max":3200.0},{"current":1200.187,"min":1200.0,"max":3200.0},{"current":1288.5,"min":1200.0,"max":3200.0},{"current":1200.0,"min":1200.0,"max":3200.0},{"current":1200.093,"min":1200.0,"max":3200.0},{"current":1219.781,"min":1200.0,"max":3200.0},{"current":1297.593,"min":1200.0,"max":3200.0},{"current":1474.218,"min":1200.0,"max":3200.0},{"current":2400.0,"min":1200.0,"max":3200.0},{"current":1221.75,"min":1200.0,"max":3200.0},{"current":1202.531,"min":1200.0,"max":3200.0},{"current":2400.0,"min":1200.0,"max":3200.0},{"current":1231.312,"min":1200.0,"max":3200.0},{"current":1340.437,"min":1200.0,"max":3200.0},{"current":3200.156,"min":1200.0,"max":3200.0},{"current":2056.218,"min":1200.0,"max":3200.0},{"current":1299.0,"min":1200.0,"max":3200.0},{"current":1226.625,"min":1200.0,"max":3200.0},{"current":1293.281,"min":1200.0,"max":3200.0},{"current":1202.718,"min":1200.0,"max":3200.0},{"current":1200.375,"min":1200.0,"max":3200.0}],"realtime_carbon_intensity":392.5383791503,"disk_write_speed":24.1007524254,"process_ids":[16992,17133]}
{"timestamp":1573521226.3923909664,"rapl_power_draw_absolute":65.4496883242,"rapl_estimated_attributable_power_draw":15.7344605259,"cpu_time_seconds":{"16992":{"user":101.32,"system":6.86,"children_user":0.13,"children_system":0.14},"17133":{"user":1.58,"system":1.89,"children_user":0.19,"children_system":2.06}},"average_relative_cpu_utilization":0.2478210618,"absolute_cpu_utilization":1.0036259954,"relative_mem_usage":0.1512678157,"absolute_mem_usage":12295724032.0,"absolute_mem_percent_usage":0.0910125244,"mem_info_per_process":{"16992":{"rss":7096913920,"vms":15987789824,"shared":565968896,"text":2322432,"lib":0,"data":14391287808,"dirty":0,"uss":3838173184,"pss":5464534016,"swap":0},"17133":{"rss":3935391744,"vms":10740281344,"shared":11681792,"text":2322432,"lib":0,"data":9358909440,"dirty":0,"uss":684175360,"pss":2308841472,"swap":0}},"nvidia_draw_absolute":58.12,"nvidia_estimated_attributable_power_draw":58.12,"average_gpu_estimated_utilization_absolute":0.33,"per_gpu_average_estimated_utilization_absolute":{"(0, 16992)":{"sm":33.0,"mem":9.5,"enc":0.0,"dec":0.0}},"average_gpu_estimated_utilization_relative":1.0,"per_gpu_performance_state":{"0":"P2"},"per_gpu_power_draw":{"0":58.12},"cpu_count_adjusted_average_load":[0.1340625,0.1315625,0.1340625],"cpu_freq":[{"current":1507.593,"min":1200.0,"max":3200.0},{"current":1278.0,"min":1200.0,"max":3200.0},{"current":2399.906,"min":1200.0,"max":3200.0},{"current":1211.531,"min":1200.0,"max":3200.0},{"current":1296.093,"min":1200.0,"max":3200.0},{"current":1278.562,"min":1200.0,"max":3200.0},{"current":2399.906,"min":1200.0,"max":3200.0},{"current":1296.375,"min":1200.0,"max":3200.0},{"current":1469.437,"min":1200.0,"max":3200.0},{"current":3154.125,"min":1200.0,"max":3200.0},{"current":1225.968,"min":1200.0,"max":3200.0},{"current":2096.343,"min":1200.0,"max":3200.0},{"current":1246.968,"min":1200.0,"max":3200.0},{"current":1231.687,"min":1200.0,"max":3200.0},{"current":1200.093,"min":1200.0,"max":3200.0},{"current":1200.0,"min":1200.0,"max":3200.0},{"current":1898.625,"min":1200.0,"max":3200.0},{"current":1498.687,"min":1200.0,"max":3200.0},{"current":2400.0,"min":1200.0,"max":3200.0},{"current":1297.593,"min":1200.0,"max":3200.0},{"current":1200.0,"min":1200.0,"max":3200.0},{"current":1205.156,"min":1200.0,"max":3200.0},{"current":2400.0,"min":1200.0,"max":3200.0},{"current":1399.968,"min":1200.0,"max":3200.0},{"current":1242.656,"min":1200.0,"max":3200.0},{"current":3161.062,"min":1200.0,"max":3200.0},{"current":1472.343,"min":1200.0,"max":3200.0},{"current":2125.218,"min":1200.0,"max":3200.0},{"current":1276.031,"min":1200.0,"max":3200.0},{"current":1281.0,"min":1200.0,"max":3200.0},{"current":1200.281,"min":1200.0,"max":3200.0},{"current":1219.781,"min":1200.0,"max":3200.0}],"realtime_carbon_intensity":392.5383791503,"disk_write_speed":12.7367648411,"process_ids":[16992,17133]}
{"timestamp":1573521234.4299800396,"rapl_power_draw_absolute":67.1711575861,"rapl_estimated_attributable_power_draw":15.9117043464,"cpu_time_seconds":{"16992":{"user":109.09,"system":7.13,"children_user":0.13,"children_system":0.14},"17133":{"user":1.68,"system":2.06,"children_user":0.22,"children_system":2.21}},"average_relative_cpu_utilization":0.2444791997,"absolute_cpu_utilization":0.998652832,"relative_mem_usage":0.151258109,"absolute_mem_usage":12295908352.0,"absolute_mem_percent_usage":0.0910138887,"mem_info_per_process":{"16992":{"rss":7096913920,"vms":15987789824,"shared":565968896,"text":2322432,"lib":0,"data":14391287808,"dirty":0,"uss":3838234624,"pss":5464564736,"swap":0},"17133":{"rss":3935391744,"vms":10740281344,"shared":11681792,"text":2322432,"lib":0,"data":9358909440,"dirty":0,"uss":684236800,"pss":2308872192,"swap":0}},"nvidia_draw_absolute":55.26,"nvidia_estimated_attributable_power_draw":55.26,"average_gpu_estimated_utilization_absolute":0.33,"per_gpu_average_estimated_utilization_absolute":{"(0, 16992)":{"sm":33,"mem":10,"enc":0,"dec":0}},"average_gpu_estimated_utilization_relative":1.0,"per_gpu_performance_state":{"0":"P2"},"per_gpu_power_draw":{"0":55.26},"cpu_count_adjusted_average_load":[0.1328125,0.13125,0.1340625],"cpu_freq":[{"current":1500.0,"min":1200.0,"max":3200.0},{"current":2399.906,"min":1200.0,"max":3200.0},{"current":1664.812,"min":1200.0,"max":3200.0},{"current":2399.906,"min":1200.0,"max":3200.0},{"current":1219.781,"min":1200.0,"max":3200.0},{"current":1200.281,"min":1200.0,"max":3200.0},{"current":2399.906,"min":1200.0,"max":3200.0},{"current":1205.531,"min":1200.0,"max":3200.0},{"current":1373.718,"min":1200.0,"max":3200.0},{"current":3131.343,"min":1200.0,"max":3200.0},{"current":1260.562,"min":1200.0,"max":3200.0},{"current":1605.281,"min":1200.0,"max":3200.0},{"current":1296.656,"min":1200.0,"max":3200.0},{"current":1209.093,"min":1200.0,"max":3200.0},{"current":1200.0,"min":1200.0,"max":3200.0},{"current":1200.468,"min":1200.0,"max":3200.0},{"current":1398.468,"min":1200.0,"max":3200.0},{"current":2113.687,"min":1200.0,"max":3200.0},{"current":1798.218,"min":1200.0,"max":3200.0},{"current":2399.906,"min":1200.0,"max":3200.0},{"current":1295.437,"min":1200.0,"max":3200.0},{"current":1205.156,"min":1200.0,"max":3200.0},{"current":2399.906,"min":1200.0,"max":3200.0},{"current":1300.031,"min":1200.0,"max":3200.0},{"current":1300.968,"min":1200.0,"max":3200.0},{"current":3161.062,"min":1200.0,"max":3200.0},{"current":1694.156,"min":1200.0,"max":3200.0},{"current":1499.906,"min":1200.0,"max":3200.0},{"current":1200.468,"min":1200.0,"max":3200.0},{"current":1281.0,"min":1200.0,"max":3200.0},{"current":1200.281,"min":1200.0,"max":3200.0},{"current":1200.75,"min":1200.0,"max":3200.0}],"realtime_carbon_intensity":392.5383791503,"disk_write_speed":17.3369211628,"process_ids":[16992,17133]}
{"timestamp":1573521242.4445641041,"rapl_power_draw_absolute":66.1765709877,"rapl_estimated_attributable_power_draw":15.6731585596,"cpu_time_seconds":{"16992":{"user":116.86,"system":7.37,"children_user":0.13,"children_system":0.14},"17133":{"user":1.8,"system":2.22,"children_user":0.25,"children_system":2.36}},"average_relative_cpu_utilization":0.2438869639,"absolute_cpu_utilization":0.9986936495,"relative_mem_usage":0.1512469422,"absolute_mem_usage":12296154112.0,"absolute_mem_percent_usage":0.0910157078,"mem_info_per_process":{"16992":{"rss":7096913920,"vms":15987789824,"shared":565968896,"text":2322432,"lib":0,"data":14391287808,"dirty":0,"uss":3838316544,"pss":5464605696,"swap":0},"17133":{"rss":3935391744,"vms":10740281344,"shared":11681792,"text":2322432,"lib":0,"data":9358909440,"dirty":0,"uss":684318720,"pss":2308913152,"swap":0}},"nvidia_draw_absolute":55.15,"nvidia_estimated_attributable_power_draw":55.15,"average_gpu_estimated_utilization_absolute":0.33,"per_gpu_average_estimated_utilization_absolute":{"(0, 16992)":{"sm":33,"mem":10,"enc":0,"dec":0}},"average_gpu_estimated_utilization_relative":1.0,"per_gpu_performance_state":{"0":"P2"},"per_gpu_power_draw":{"0":55.15},"cpu_count_adjusted_average_load":[0.1340625,0.1315625,0.1340625],"cpu_freq":[{"current":1797.562,"min":1200.0,"max":3200.0},{"current":1615.406,"min":1200.0,"max":3200.0},{"current":2399.906,"min":1200.0,"max":3200.0},{"current":2399.906,"min":1200.0,"max":3200.0},{"current":1285.031,"min":1200.0,"max":3200.0},{"current":1200.843,"min":1200.0,"max":3200.0},{"current":1259.812,"min":1200.0,"max":3200.0},{"current":2378.906,"min":1200.0,"max":3200.0},{"current":1698.093,"min":1200.0,"max":3200.0},{"current":3122.906,"min":1200.0,"max":3200.0},{"current":1341.843,"min":1200.0,"max":3200.0},{"current":1861.312,"min":1200.0,"max":3200.0},{"current":1200.187,"min":1200.0,"max":3200.0},{"current":1216.031,"min":1200.0,"max":3200.0},{"current":1499.906,"min":1200.0,"max":3200.0},{"current":1264.406,"min":1200.0,"max":3200.0},{"current":1647.375,"min":1200.0,"max":3200.0},{"current":2399.906,"min":1200.0,"max":3200.0},{"current":2399.906,"min":1200.0,"max":3200.0},{"current":2400.0,"min":1200.0,"max":3200.0},{"current":1381.687,"min":1200.0,"max":3200.0},{"current":1202.25,"min":1200.0,"max":3200.0},{"current":1594.125,"min":1200.0,"max":3200.0},{"current":1399.968,"min":1200.0,"max":3200.0},{"current":1496.062,"min":1200.0,"max":3200.0},{"current":3159.093,"min":1200.0,"max":3200.0},{"current":1375.875,"min":1200.0,"max":3200.0},{"current":1612.031,"min":1200.0,"max":3200.0},{"current":1203.187,"min":1200.0,"max":3200.0},{"current":1293.843,"min":1200.0,"max":3200.0},{"current":1782.187,"min":1200.0,"max":3200.0},{"current":1200.843,"min":1200.0,"max":3200.0}],"realtime_carbon_intensity":392.5383791503,"disk_write_speed":18.7547739216,"process_ids":[16992,17133]}
{"timestamp":1573521250.6571159363,"rapl_power_draw_absolute":65.7690025942,"rapl_estimated_attributable_power_draw":15.0889140645,"cpu_time_seconds":{"16992":{"user":124.88,"system":7.58,"children_user":0.13,"children_system":0.14},"17133":{"user":1.93,"system":2.4,"children_user":0.26,"children_system":2.54}},"average_relative_cpu_utilization":0.2359029274,"absolute_cpu_utilization":1.0037059885,"relative_mem_usage":0.1512402523,"absolute_mem_usage":12296375296.0,"absolute_mem_percent_usage":0.091017345,"mem_info_per_process":{"16992":{"rss":7096913920,"vms":15987789824,"shared":565968896,"text":2322432,"lib":0,"data":14391287808,"dirty":0,"uss":3838390272,"pss":5464642560,"swap":0},"17133":{"rss":3935391744,"vms":10740281344,"shared":11681792,"text":2322432,"lib":0,"data":9358909440,"dirty":0,"uss":684392448,"pss":2308950016,"swap":0}},"nvidia_draw_absolute":57.45,"nvidia_estimated_attributable_power_draw":57.45,"average_gpu_estimated_utilization_absolute":0.33,"per_gpu_average_estimated_utilization_absolute":{"(0, 16992)":{"sm":33.0,"mem":9.5,"enc":0.0,"dec":0.0}},"average_gpu_estimated_utilization_relative":1.0,"per_gpu_performance_state":{"0":"P2"},"per_gpu_power_draw":{"0":57.45},"cpu_count_adjusted_average_load":[0.1284375,0.1303125,0.13375],"cpu_freq":[{"current":2399.906,"min":1200.0,"max":3200.0},{"current":1899.562,"min":1200.0,"max":3200.0},{"current":2399.906,"min":1200.0,"max":3200.0},{"current":1688.343,"min":1200.0,"max":3200.0},{"current":1276.968,"min":1200.0,"max":3200.0},{"current":1201.125,"min":1200.0,"max":3200.0},{"current":1498.593,"min":1200.0,"max":3200.0},{"current":2400.0,"min":1200.0,"max":3200.0},{"current":1456.687,"min":1200.0,"max":3200.0},{"current":3110.25,"min":1200.0,"max":3200.0},{"current":1396.406,"min":1200.0,"max":3200.0},{"current":1823.437,"min":1200.0,"max":3200.0},{"current":1231.031,"min":1200.0,"max":3200.0},{"current":1200.093,"min":1200.0,"max":3200.0},{"current":1200.0,"min":1200.0,"max":3200.0},{"current":1200.281,"min":1200.0,"max":3200.0},{"current":2400.0,"min":1200.0,"max":3200.0},{"current":1543.593,"min":1200.0,"max":3200.0},{"current":2296.406,"min":1200.0,"max":3200.0},{"current":1666.125,"min":1200.0,"max":3200.0},{"current":1295.718,"min":1200.0,"max":3200.0},{"current":1202.25,"min":1200.0,"max":3200.0},{"current":2184.093,"min":1200.0,"max":3200.0},{"current":2400.0,"min":1200.0,"max":3200.0},{"current":1336.593,"min":1200.0,"max":3200.0},{"current":2979.843,"min":1200.0,"max":3200.0},{"current":1200.562,"min":1200.0,"max":3200.0},{"current":1516.875,"min":1200.0,"max":3200.0},{"current":1200.0,"min":1200.0,"max":3200.0},{"current":1257.75,"min":1200.0,"max":3200.0},{"current":1200.468,"min":1200.0,"max":3200.0},{"current":1202.25,"min":1200.0,"max":3200.0}],"realtime_carbon_intensity":392.5383791503,"disk_write_speed":12.5881090908,"process_ids":[16992,17133]}
{"timestamp":1573521258.6979539394,"rapl_power_draw_absolute":65.4043901853,"rapl_estimated_attributable_power_draw":15.4159875964,"cpu_time_seconds":{"16992":{"user":132.66,"system":7.84,"children_user":0.13,"children_system":0.14},"17133":{"user":2.07,"system":2.55,"children_user":0.29,"children_system":2.7}},"average_relative_cpu_utilization":0.2427303027,"absolute_cpu_utilization":1.0036049304,"relative_mem_usage":0.1512320473,"absolute_mem_usage":12296596480.0,"absolute_mem_percent_usage":0.0910189822,"mem_info_per_process":{"16992":{"rss":7096913920,"vms":15987789824,"shared":565968896,"text":2322432,"lib":0,"data":14391287808,"dirty":0,"uss":3838464000,"pss":5464679424,"swap":0},"17133":{"rss":3935391744,"vms":10740281344,"shared":11681792,"text":2322432,"lib":0,"data":9358909440,"dirty":0,"uss":684466176,"pss":2308986880,"swap":0}},"nvidia_draw_absolute":52.36,"nvidia_estimated_attributable_power_draw":52.36,"average_gpu_estimated_utilization_absolute":0.33,"per_gpu_average_estimated_utilization_absolute":{"(0, 16992)":{"sm":33.0,"mem":9.5,"enc":0.0,"dec":0.0}},"average_gpu_estimated_utilization_relative":1.0,"per_gpu_performance_state":{"0":"P2"},"per_gpu_power_draw":{"0":52.36},"cpu_count_adjusted_average_load":[0.1278125,0.1303125,0.1334375],"cpu_freq":[{"current":1253.812,"min":1200.0,"max":3200.0},{"current":1499.906,"min":1200.0,"max":3200.0},{"current":2316.75,"min":1200.0,"max":3200.0},{"current":1696.968,"min":1200.0,"max":3200.0},{"current":1259.062,"min":1200.0,"max":3200.0},{"current":1269.75,"min":1200.0,"max":3200.0},{"current":2399.906,"min":1200.0,"max":3200.0},{"current":1596.468,"min":1200.0,"max":3200.0},{"current":1200.75,"min":1200.0,"max":3200.0},{"current":3069.75,"min":1200.0,"max":3200.0},{"current":1399.031,"min":1200.0,"max":3200.0},{"current":1273.687,"min":1200.0,"max":3200.0},{"current":1203.75,"min":1200.0,"max":3200.0},{"current":1391.906,"min":1200.0,"max":3200.0},{"current":1200.187,"min":1200.0,"max":3200.0},{"current":1200.093,"min":1200.0,"max":3200.0},{"current":1244.25,"min":1200.0,"max":3200.0},{"current":2397.0,"min":1200.0,"max":3200.0},{"current":2399.906,"min":1200.0,"max":3200.0},{"current":1371.0,"min":1200.0,"max":3200.0},{"current":1288.031,"min":1200.0,"max":3200.0},{"current":1207.968,"min":1200.0,"max":3200.0},{"current":2400.0,"min":1200.0,"max":3200.0},{"current":1299.937,"min":1200.0,"max":3200.0},{"current":1478.718,"min":1200.0,"max":3200.0},{"current":3136.218,"min":1200.0,"max":3200.0},{"current":1200.656,"min":1200.0,"max":3200.0},{"current":1424.062,"min":1200.0,"max":3200.0},{"current":1259.906,"min":1200.0,"max":3200.0},{"current":1356.281,"min":1200.0,"max":3200.0},{"current":1199.906,"min":1200.0,"max":3200.0},{"current":1200.375,"min":1200.0,"max":3200.0}],"realtime_carbon_intensity":392.5383791503,"disk_write_speed":17.6539916895,"process_ids":[16992,17133]}
