{"timestamp":1572292159.7836821079,"rapl_power_draw_absolute":77.3979385319,"rapl_estimated_attributable_power_draw":17.559809079,"cpu_time_seconds":{"15849":{"user":0.05,"system":0.0,"children_user":0.0,"children_system":0.0},"15876":{"user":0.01,"system":0.01,"children_user":0.0,"children_system":0.02},"15798":{"user":52.2,"system":4.43,"children_user":0.16,"children_system":0.11}},"average_relative_cpu_utilization":0.2386576113,"absolute_cpu_utilization":0.9984632689,"relative_mem_usage":0.1177819008,"absolute_mem_usage":2286620672.0,"absolute_mem_percent_usage":0.0169254872,"mem_info_per_process":{"15849":{"rss":11218944,"vms":28168192,"shared":5664768,"text":2322432,"lib":0,"data":5283840,"dirty":0,"uss":5574656,"pss":5919744,"swap":0},"15876":{"rss":1303707648,"vms":3525959680,"shared":8417280,"text":2322432,"lib":0,"data":1902788608,"dirty":0,"uss":117428224,"pss":707156992,"swap":0},"15798":{"rss":1712078848,"vms":3939364864,"shared":119947264,"text":2322432,"lib":0,"data":2295975936,"dirty":0,"uss":417013760,"pss":1033527296,"swap":0}},"nvidia_draw_absolute":35.19,"nvidia_estimated_attributable_power_draw":35.19,"average_gpu_estimated_utilization_absolute":0.035,"per_gpu_average_estimated_utilization_absolute":{"(0, 15798)":{"sm":3.5,"mem":0.0,"enc":0.0,"dec":0.0}},"average_gpu_estimated_utilization_relative":1.0,"per_gpu_performance_state":{"0":"P2"},"per_gpu_power_draw":{"0":35.19},"cpu_count_adjusted_average_load":[0.1684375,0.15375,0.1484375],"realtime_carbon_intensity":211.4815994177,"disk_write_speed":48.7540828876,"process_ids":[15849,15876,15798]}
{"timestamp":1572292167.8423960209,"rapl_power_draw_absolute":81.1136652762,"rapl_estimated_attributable_power_draw":20.734096286,"cpu_time_seconds":{"15849":{"user":0.05,"system":0.0,"children_user":0.0,"children_system":0.0},"15876":{"user":0.23,"system":0.15,"children_user":0.03,"children_system":0.18},"15798":{"user":58.72,"system":5.88,"children_user":0.16,"children_system":0.11}},"average_relative_cpu_utilization":0.2415331477,"absolute_cpu_utilization":0.9984109398,"relative_mem_usage":0.4033275063,"absolute_mem_usage":9060973568.0,"absolute_mem_percent_usage":0.0670690132,"mem_info_per_process":{"15849":{"rss":11218944,"vms":28168192,"shared":5664768,"text":2322432,"lib":0,"data":5283840,"dirty":0,"uss":5574656,"pss":5917696,"swap":0},"15876":{"rss":1310068736,"vms":3525959680,"shared":14766080,"text":2322432,"lib":0,"data":1902788608,"dirty":0,"uss":730980352,"pss":1014889472,"swap":0},"15798":{"rss":4430508032,"vms":13376811008,"shared":579444736,"text":2322432,"lib":0,"data":11544883200,"dirty":0,"uss":3457826816,"pss":3845784576,"swap":0}},"nvidia_draw_absolute":38.72,"nvidia_estimated_attributable_power_draw":0.0,"average_gpu_estimated_utilization_absolute":0.0,"per_gpu_average_estimated_utilization_absolute":{"(0, 15798)":{"sm":0,"mem":0,"enc":0,"dec":0}},"average_gpu_estimated_utilization_relative":0.0,"per_gpu_performance_state":{"0":"P2"},"per_gpu_power_draw":{"0":38.72},"cpu_count_adjusted_average_load":[0.165,0.1534375,0.1484375],"realtime_carbon_intensity":211.4815994177,"disk_write_speed":45.8868001592,"process_ids":[15849,15876,15798]}
{"timestamp":1572292175.8204610348,"rapl_power_draw_absolute":81.140719127,"rapl_estimated_attributable_power_draw":20.7557071839,"cpu_time_seconds":{"15849":{"user":0.05,"system":0.0,"children_user":0.0,"children_system":0.0},"15876":{"user":0.44,"system":0.31,"children_user":0.04,"children_system":0.34},"15798":{"user":66.7,"system":5.88,"children_user":0.16,"children_system":0.11}},"average_relative_cpu_utilization":0.2418190566,"absolute_cpu_utilization":0.9984448746,"relative_mem_usage":0.4033782213,"absolute_mem_usage":9062132736.0,"absolute_mem_percent_usage":0.0670775933,"mem_info_per_process":{"15849":{"rss":11218944,"vms":28168192,"shared":5664768,"text":2322432,"lib":0,"data":5283840,"dirty":0,"uss":5574656,"pss":5917696,"swap":0},"15876":{"rss":1310068736,"vms":3525959680,"shared":14766080,"text":2322432,"lib":0,"data":1902788608,"dirty":0,"uss":731017216,"pss":1014907904,"swap":0},"15798":{"rss":4431192064,"vms":13377335296,"shared":579444736,"text":2322432,"lib":0,"data":11545407488,"dirty":0,"uss":3458387968,"pss":3846327296,"swap":0}},"nvidia_draw_absolute":38.91,"nvidia_estimated_attributable_power_draw":0.0,"average_gpu_estimated_utilization_absolute":0.0,"per_gpu_average_estimated_utilization_absolute":{"(0, 15798)":{"sm":0,"mem":0,"enc":0,"dec":0}},"average_gpu_estimated_utilization_relative":0.0,"per_gpu_performance_state":{"0":"P2"},"per_gpu_power_draw":{"0":38.91},"cpu_count_adjusted_average_load":[0.15875,0.1525,0.148125],"realtime_carbon_intensity":211.4815994177,"disk_write_speed":40.7195531594,"process_ids":[15849,15876,15798]}
{"timestamp":1572292183.7730200291,"rapl_power_draw_absolute":80.0354622796,"rapl_estimated_attributable_power_draw":20.5250572598,"cpu_time_seconds":{"15849":{"user":0.05,"system":0.0,"children_user":0.0,"children_system":0.0},"15876":{"user":0.63,"system":0.48,"children_user":0.06,"children_system":0.5},"15798":{"user":74.61,"system":5.92,"children_user":0.16,"children_system":0.11}},"average_relative_cpu_utilization":0.2424045047,"absolute_cpu_utilization":0.9984228175,"relative_mem_usage":0.4036545548,"absolute_mem_usage":9070410752.0,"absolute_mem_percent_usage":0.0671388669,"mem_info_per_process":{"15849":{"rss":11218944,"vms":28168192,"shared":5664768,"text":2322432,"lib":0,"data":5283840,"dirty":0,"uss":5574656,"pss":5917696,"swap":0},"15876":{"rss":1310068736,"vms":3525959680,"shared":14766080,"text":2322432,"lib":0,"data":1902788608,"dirty":0,"uss":732737536,"pss":1015768064,"swap":0},"15798":{"rss":4440592384,"vms":13713141760,"shared":588546048,"text":2322432,"lib":0,"data":11881213952,"dirty":0,"uss":3460411392,"pss":3850001408,"swap":0}},"nvidia_draw_absolute":46.42,"nvidia_estimated_attributable_power_draw":46.42,"average_gpu_estimated_utilization_absolute":0.205,"per_gpu_average_estimated_utilization_absolute":{"(0, 15798)":{"sm":20.5,"mem":3.75,"enc":0.0,"dec":0.0}},"average_gpu_estimated_utilization_relative":1.0,"per_gpu_performance_state":{"0":"P2"},"per_gpu_power_draw":{"0":46.42},"cpu_count_adjusted_average_load":[0.1559375,0.151875,0.1478125],"realtime_carbon_intensity":211.4815994177,"disk_write_speed":47.9405187465,"process_ids":[15849,15876,15798]}
{"timestamp":1572292191.7211630344,"rapl_power_draw_absolute":78.1222226985,"rapl_estimated_attributable_power_draw":20.074105647,"cpu_time_seconds":{"15849":{"user":0.05,"system":0.0,"children_user":0.0,"children_system":0.0},"15876":{"user":0.82,"system":0.63,"children_user":0.1,"children_system":0.65},"15798":{"user":82.3,"system":6.19,"children_user":0.16,"children_system":0.11}},"average_relative_cpu_utilization":0.2424064712,"absolute_cpu_utilization":0.998435284,"relative_mem_usage":0.4040666876,"absolute_mem_usage":9079196672.0,"absolute_mem_percent_usage":0.0672039,"mem_info_per_process":{"15849":{"rss":11218944,"vms":28168192,"shared":5664768,"text":2322432,"lib":0,"data":5283840,"dirty":0,"uss":5574656,"pss":5917696,"swap":0},"15876":{"rss":1310068736,"vms":3525959680,"shared":14766080,"text":2322432,"lib":0,"data":1902788608,"dirty":0,"uss":735621120,"pss":1017209856,"swap":0},"15798":{"rss":4440592384,"vms":13713141760,"shared":588546048,"text":2322432,"lib":0,"data":11881213952,"dirty":0,"uss":3463385088,"pss":3851488256,"swap":0}},"nvidia_draw_absolute":47.68,"nvidia_estimated_attributable_power_draw":47.68,"average_gpu_estimated_utilization_absolute":0.365,"per_gpu_average_estimated_utilization_absolute":{"(0, 15798)":{"sm":36.5,"mem":7.0,"enc":0.0,"dec":0.0}},"average_gpu_estimated_utilization_relative":1.0,"per_gpu_performance_state":{"0":"P2"},"per_gpu_power_draw":{"0":47.68},"cpu_count_adjusted_average_load":[0.1534375,0.1515625,0.1478125],"realtime_carbon_intensity":211.4815994177,"disk_write_speed":51.4127787619,"process_ids":[15849,15876,15798]}
{"timestamp":1572292199.6961159706,"rapl_power_draw_absolute":78.1292165409,"rapl_estimated_attributable_power_draw":19.7067583543,"cpu_time_seconds":{"15849":{"user":0.05,"system":0.0,"children_user":0.0,"children_system":0.0},"15876":{"user":1.03,"system":0.82,"children_user":0.12,"children_system":0.8},"15798":{"user":89.94,"system":6.52,"children_user":0.16,"children_system":0.11}},"average_relative_cpu_utilization":0.2372287528,"absolute_cpu_utilization":0.9992119905,"relative_mem_usage":0.4040831774,"absolute_mem_usage":9083211776.0,"absolute_mem_percent_usage":0.0672336197,"mem_info_per_process":{"15849":{"rss":11218944,"vms":28168192,"shared":5664768,"text":2322432,"lib":0,"data":5283840,"dirty":0,"uss":5574656,"pss":5916672,"swap":0},"15876":{"rss":1310068736,"vms":3525959680,"shared":14766080,"text":2322432,"lib":0,"data":1902788608,"dirty":0,"uss":737001472,"pss":1017899008,"swap":0},"15798":{"rss":4440592384,"vms":13713141760,"shared":588546048,"text":2322432,"lib":0,"data":11881213952,"dirty":0,"uss":3464683520,"pss":3852136448,"swap":0}},"nvidia_draw_absolute":45.05,"nvidia_estimated_attributable_power_draw":45.05,"average_gpu_estimated_utilization_absolute":0.365,"per_gpu_average_estimated_utilization_absolute":{"(0, 15798)":{"sm":36.5,"mem":7.0,"enc":0.0,"dec":0.0}},"average_gpu_estimated_utilization_relative":1.0,"per_gpu_performance_state":{"0":"P2"},"per_gpu_power_draw":{"0":45.05},"cpu_count_adjusted_average_load":[0.1515625,0.15125,0.1478125],"realtime_carbon_intensity":211.4815994177,"disk_write_speed":44.4434886407,"process_ids":[15849,15876,15798]}
{"timestamp":1572292207.6474099159,"rapl_power_draw_absolute":78.1877150867,"rapl_estimated_attributable_power_draw":20.1380492301,"cpu_time_seconds":{"15849":{"user":0.05,"system":0.0,"children_user":0.0,"children_system":0.0},"15876":{"user":1.25,"system":0.98,"children_user":0.12,"children_system":0.97},"15798":{"user":97.61,"system":6.81,"children_user":0.16,"children_system":0.11}},"average_relative_cpu_utilization":0.2430303448,"absolute_cpu_utilization":1.0034273615,"relative_mem_usage":0.4042697647,"absolute_mem_usage":9085611008.0,"absolute_mem_percent_usage":0.0672513787,"mem_info_per_process":{"15849":{"rss":11218944,"vms":28168192,"shared":5664768,"text":2322432,"lib":0,"data":5283840,"dirty":0,"uss":5574656,"pss":5917696,"swap":0},"15876":{"rss":1310068736,"vms":3525959680,"shared":14766080,"text":2322432,"lib":0,"data":1902788608,"dirty":0,"uss":737804288,"pss":1018301440,"swap":0},"15798":{"rss":4440592384,"vms":13713141760,"shared":588546048,"text":2322432,"lib":0,"data":11881213952,"dirty":0,"uss":3465478144,"pss":3852534784,"swap":0}},"nvidia_draw_absolute":48.08,"nvidia_estimated_attributable_power_draw":48.08,"average_gpu_estimated_utilization_absolute":0.365,"per_gpu_average_estimated_utilization_absolute":{"(0, 15798)":{"sm":36.5,"mem":7.0,"enc":0.0,"dec":0.0}},"average_gpu_estimated_utilization_relative":1.0,"per_gpu_performance_state":{"0":"P2"},"per_gpu_power_draw":{"0":48.08},"cpu_count_adjusted_average_load":[0.1496875,0.1509375,0.1475],"realtime_carbon_intensity":211.4815994177,"disk_write_speed":50.2140235811,"process_ids":[15849,15876,15798]}
{"timestamp":1572292215.6191720963,"rapl_power_draw_absolute":78.2100910371,"rapl_estimated_attributable_power_draw":20.0520342361,"cpu_time_seconds":{"15849":{"user":0.05,"system":0.0,"children_user":0.0,"children_system":0.0},"15876":{"user":1.47,"system":1.16,"children_user":0.13,"children_system":1.14},"15798":{"user":105.32,"system":7.08,"children_user":0.16,"children_system":0.11}},"average_relative_cpu_utilization":0.2418210708,"absolute_cpu_utilization":0.9984422267,"relative_mem_usage":0.4043110388,"absolute_mem_usage":9087282176.0,"absolute_mem_percent_usage":0.0672637486,"mem_info_per_process":{"15849":{"rss":11218944,"vms":28168192,"shared":5664768,"text":2322432,"lib":0,"data":5283840,"dirty":0,"uss":5574656,"pss":5917696,"swap":0},"15876":{"rss":1310068736,"vms":3525959680,"shared":14766080,"text":2322432,"lib":0,"data":1902788608,"dirty":0,"uss":738361344,"pss":1018579968,"swap":0},"15798":{"rss":4440592384,"vms":13713141760,"shared":588546048,"text":2322432,"lib":0,"data":11881213952,"dirty":0,"uss":3466035200,"pss":3852813312,"swap":0}},"nvidia_draw_absolute":45.44,"nvidia_estimated_attributable_power_draw":45.44,"average_gpu_estimated_utilization_absolute":0.365,"per_gpu_average_estimated_utilization_absolute":{"(0, 15798)":{"sm":36.5,"mem":7.0,"enc":0.0,"dec":0.0}},"average_gpu_estimated_utilization_relative":1.0,"per_gpu_performance_state":{"0":"P2"},"per_gpu_power_draw":{"0":45.44},"cpu_count_adjusted_average_load":[0.145625,0.15,0.1475],"realtime_carbon_intensity":211.4815994177,"disk_write_speed":51.3633318842,"process_ids":[15849,15876,15798]}
{"timestamp":1572292223.5800271034,"rapl_power_draw_absolute":78.0237970143,"rapl_estimated_attributable_power_draw":19.95210676,"cpu_time_seconds":{"15849":{"user":0.05,"system":0.0,"children_user":0.0,"children_system":0.0},"15876":{"user":1.71,"system":1.32,"children_user":0.14,"children_system":1.3},"15798":{"user":112.96,"system":7.4,"children_user":0.16,"children_system":0.11}},"average_relative_cpu_utilization":0.2409466521,"absolute_cpu_utilization":0.9984356962,"relative_mem_usage":0.4043967269,"absolute_mem_usage":9088154624.0,"absolute_mem_percent_usage":0.0672702065,"mem_info_per_process":{"15849":{"rss":11218944,"vms":28168192,"shared":5664768,"text":2322432,"lib":0,"data":5283840,"dirty":0,"uss":5574656,"pss":5917696,"swap":0},"15876":{"rss":1310068736,"vms":3525959680,"shared":14766080,"text":2322432,"lib":0,"data":1902788608,"dirty":0,"uss":738652160,"pss":1018725376,"swap":0},"15798":{"rss":4440592384,"vms":13713141760,"shared":588546048,"text":2322432,"lib":0,"data":11881213952,"dirty":0,"uss":3466326016,"pss":3852958720,"swap":0}},"nvidia_draw_absolute":48.94,"nvidia_estimated_attributable_power_draw":48.94,"average_gpu_estimated_utilization_absolute":0.365,"per_gpu_average_estimated_utilization_absolute":{"(0, 15798)":{"sm":36.5,"mem":7.0,"enc":0.0,"dec":0.0}},"average_gpu_estimated_utilization_relative":1.0,"per_gpu_performance_state":{"0":"P2"},"per_gpu_power_draw":{"0":48.94},"cpu_count_adjusted_average_load":[0.1490625,0.150625,0.1475],"realtime_carbon_intensity":211.4815994177,"disk_write_speed":45.3162551477,"process_ids":[15849,15876,15798]}
{"timestamp":1572292231.5806419849,"rapl_power_draw_absolute":71.1203931939,"rapl_estimated_attributable_power_draw":24.3165434408,"cpu_time_seconds":{"15849":{"user":0.05,"system":0.0,"children_user":0.0,"children_system":0.0},"15876":{"user":1.95,"system":1.49,"children_user":0.16,"children_system":1.46},"15798":{"user":120.67,"system":7.69,"children_user":0.16,"children_system":0.11}},"average_relative_cpu_utilization":0.3225500486,"absolute_cpu_utilization":0.9984438069,"relative_mem_usage":0.5178338909,"absolute_mem_usage":9135046656.0,"absolute_mem_percent_usage":0.0676172997,"mem_info_per_process":{"15849":{"rss":11218944,"vms":28168192,"shared":5664768,"text":2322432,"lib":0,"data":5283840,"dirty":0,"uss":5574656,"pss":6019072,"swap":0},"15876":{"rss":1310068736,"vms":3525959680,"shared":14766080,"text":2322432,"lib":0,"data":1902788608,"dirty":0,"uss":738967552,"pss":1019473920,"swap":0},"15798":{"rss":4440592384,"vms":13713141760,"shared":588546048,"text":2322432,"lib":0,"data":11881213952,"dirty":0,"uss":3473010688,"pss":3892000768,"swap":0}},"nvidia_draw_absolute":46.42,"nvidia_estimated_attributable_power_draw":46.42,"average_gpu_estimated_utilization_absolute":0.36,"per_gpu_average_estimated_utilization_absolute":{"(0, 15798)":{"sm":36,"mem":7,"enc":0,"dec":0}},"average_gpu_estimated_utilization_relative":1.0,"per_gpu_performance_state":{"0":"P2"},"per_gpu_power_draw":{"0":46.42},"cpu_count_adjusted_average_load":[0.1428125,0.1490625,0.1471875],"realtime_carbon_intensity":211.4815994177,"disk_write_speed":49.4728235305,"process_ids":[15849,15876,15798]}
{"timestamp":1572292239.5365390778,"rapl_power_draw_absolute":70.7414469857,"rapl_estimated_attributable_power_draw":24.3685477255,"cpu_time_seconds":{"15849":{"user":0.05,"system":0.0,"children_user":0.0,"children_system":0.0},"15876":{"user":2.18,"system":1.67,"children_user":0.16,"children_system":1.62},"15798":{"user":128.33,"system":7.99,"children_user":0.16,"children_system":0.11}},"average_relative_cpu_utilization":0.3251889209,"absolute_cpu_utilization":0.9989754764,"relative_mem_usage":0.5184566469,"absolute_mem_usage":9135864832.0,"absolute_mem_percent_usage":0.0676233558,"mem_info_per_process":{"15849":{"rss":11218944,"vms":28168192,"shared":5664768,"text":2322432,"lib":0,"data":5283840,"dirty":0,"uss":5574656,"pss":6028288,"swap":0},"15876":{"rss":1310068736,"vms":3525959680,"shared":14766080,"text":2322432,"lib":0,"data":1902788608,"dirty":0,"uss":739229696,"pss":1019607040,"swap":0},"15798":{"rss":4440592384,"vms":13713141760,"shared":588546048,"text":2322432,"lib":0,"data":11881213952,"dirty":0,"uss":3473272832,"pss":3892152320,"swap":0}},"nvidia_draw_absolute":45.93,"nvidia_estimated_attributable_power_draw":45.93,"average_gpu_estimated_utilization_absolute":0.365,"per_gpu_average_estimated_utilization_absolute":{"(0, 15798)":{"sm":36.5,"mem":7.0,"enc":0.0,"dec":0.0}},"average_gpu_estimated_utilization_relative":1.0,"per_gpu_performance_state":{"0":"P2"},"per_gpu_power_draw":{"0":45.93},"cpu_count_adjusted_average_load":[0.1353125,0.1471875,0.1465625],"realtime_carbon_intensity":211.4815994177,"disk_write_speed":45.0418192472,"process_ids":[15849,15876,15798]}
{"timestamp":1572292247.4832010269,"rapl_power_draw_absolute":70.9483967369,"rapl_estimated_attributable_power_draw":24.4635848626,"cpu_time_seconds":{"15849":{"user":0.05,"system":0.0,"children_user":0.0,"children_system":0.0},"15876":{"user":2.38,"system":1.83,"children_user":0.18,"children_system":1.76},"15798":{"user":135.94,"system":8.33,"children_user":0.16,"children_system":0.11}},"average_relative_cpu_utilization":0.3257299634,"absolute_cpu_utilization":0.9985093507,"relative_mem_usage":0.5184335658,"absolute_mem_usage":9136615424.0,"absolute_mem_percent_usage":0.0676289116,"mem_info_per_process":{"15849":{"rss":11218944,"vms":28168192,"shared":5664768,"text":2322432,"lib":0,"data":5283840,"dirty":0,"uss":5574656,"pss":6028288,"swap":0},"15876":{"rss":1310068736,"vms":3525959680,"shared":14766080,"text":2322432,"lib":0,"data":1902788608,"dirty":0,"uss":739479552,"pss":1019732992,"swap":0},"15798":{"rss":4440592384,"vms":13713141760,"shared":588546048,"text":2322432,"lib":0,"data":11881213952,"dirty":0,"uss":3473522688,"pss":3892277248,"swap":0}},"nvidia_draw_absolute":46.51,"nvidia_estimated_attributable_power_draw":46.51,"average_gpu_estimated_utilization_absolute":0.365,"per_gpu_average_estimated_utilization_absolute":{"(0, 15798)":{"sm":36.5,"mem":7.0,"enc":0.0,"dec":0.0}},"average_gpu_estimated_utilization_relative":1.0,"per_gpu_performance_state":{"0":"P2"},"per_gpu_power_draw":{"0":46.51},"cpu_count_adjusted_average_load":[0.131875,0.1465625,0.14625],"realtime_carbon_intensity":211.4815994177,"disk_write_speed":47.5980672016,"process_ids":[15849,15876,15798]}
{"timestamp":1572292255.420124054,"rapl_power_draw_absolute":69.6561096528,"rapl_estimated_attributable_power_draw":23.8715870613,"cpu_time_seconds":{"15849":{"user":0.05,"system":0.0,"children_user":0.0,"children_system":0.0},"15876":{"user":2.6,"system":2.0,"children_user":0.21,"children_system":1.9},"15798":{"user":143.54,"system":8.67,"children_user":0.16,"children_system":0.11}},"average_relative_cpu_utilization":0.3230791524,"absolute_cpu_utilization":0.9984446165,"relative_mem_usage":0.5185364172,"absolute_mem_usage":9137106944.0,"absolute_mem_percent_usage":0.0676325498,"mem_info_per_process":{"15849":{"rss":11218944,"vms":28168192,"shared":5664768,"text":2322432,"lib":0,"data":5283840,"dirty":0,"uss":5574656,"pss":6028288,"swap":0},"15876":{"rss":1310068736,"vms":3525959680,"shared":14766080,"text":2322432,"lib":0,"data":1902788608,"dirty":0,"uss":739643392,"pss":1019814912,"swap":0},"15798":{"rss":4440592384,"vms":13713141760,"shared":588546048,"text":2322432,"lib":0,"data":11881213952,"dirty":0,"uss":3473686528,"pss":3892359168,"swap":0}},"nvidia_draw_absolute":47.3,"nvidia_estimated_attributable_power_draw":47.3,"average_gpu_estimated_utilization_absolute":0.365,"per_gpu_average_estimated_utilization_absolute":{"(0, 15798)":{"sm":36.5,"mem":7.0,"enc":0.0,"dec":0.0}},"average_gpu_estimated_utilization_relative":1.0,"per_gpu_performance_state":{"0":"P2"},"per_gpu_power_draw":{"0":47.3},"cpu_count_adjusted_average_load":[0.12625,0.1446875,0.145625],"realtime_carbon_intensity":211.4815994177,"disk_write_speed":27.4364360075,"process_ids":[15849,15876,15798]}
{"timestamp":1572292263.3667778969,"rapl_power_draw_absolute":70.6811046439,"rapl_estimated_attributable_power_draw":22.9048221583,"cpu_time_seconds":{"15849":{"user":0.05,"system":0.0,"children_user":0.0,"children_system":0.0},"15876":{"user":2.77,"system":2.14,"children_user":0.22,"children_system":2.06},"15798":{"user":151.25,"system":8.91,"children_user":0.16,"children_system":0.11}},"average_relative_cpu_utilization":0.3040740501,"absolute_cpu_utilization":1.0034748692,"relative_mem_usage":0.5167983565,"absolute_mem_usage":9137369088.0,"absolute_mem_percent_usage":0.0676344902,"mem_info_per_process":{"15849":{"rss":11218944,"vms":28168192,"shared":5664768,"text":2322432,"lib":0,"data":5283840,"dirty":0,"uss":5574656,"pss":6020096,"swap":0},"15876":{"rss":1310068736,"vms":3525959680,"shared":14766080,"text":2322432,"lib":0,"data":1902788608,"dirty":0,"uss":739758080,"pss":1019868160,"swap":0},"15798":{"rss":4440592384,"vms":13713141760,"shared":588546048,"text":2322432,"lib":0,"data":11881213952,"dirty":0,"uss":3473801216,"pss":3892346880,"swap":0}},"nvidia_draw_absolute":45.15,"nvidia_estimated_attributable_power_draw":45.15,"average_gpu_estimated_utilization_absolute":0.355,"per_gpu_average_estimated_utilization_absolute":{"(0, 15798)":{"sm":35.5,"mem":7.0,"enc":0.0,"dec":0.0}},"average_gpu_estimated_utilization_relative":1.0,"per_gpu_performance_state":{"0":"P2"},"per_gpu_power_draw":{"0":45.15},"cpu_count_adjusted_average_load":[0.1284375,0.145,0.1459375],"realtime_carbon_intensity":211.4815994177,"disk_write_speed":41.9840644287,"process_ids":[15849,15876,15798]}
{"timestamp":1572292271.386316061,"rapl_power_draw_absolute":76.6364521703,"rapl_estimated_attributable_power_draw":19.118073215,"cpu_time_seconds":{"15849":{"user":0.05,"system":0.0,"children_user":0.0,"children_system":0.0},"15876":{"user":2.94,"system":2.32,"children_user":0.22,"children_system":2.24},"15798":{"user":158.96,"system":9.22,"children_user":0.16,"children_system":0.11}},"average_relative_cpu_utilization":0.2282924671,"absolute_cpu_utilization":0.9984366692,"relative_mem_usage":0.454221687,"absolute_mem_usage":9128258560.0,"absolute_mem_percent_usage":0.0675670544,"mem_info_per_process":{"15849":{"rss":11218944,"vms":28168192,"shared":5664768,"text":2322432,"lib":0,"data":5283840,"dirty":0,"uss":5574656,"pss":5976064,"swap":0},"15876":{"rss":1310068736,"vms":3525959680,"shared":14766080,"text":2322432,"lib":0,"data":1902788608,"dirty":0,"uss":739856384,"pss":1019670528,"swap":0},"15798":{"rss":4440592384,"vms":13713141760,"shared":588546048,"text":2322432,"lib":0,"data":11881213952,"dirty":0,"uss":3473350656,"pss":3883830272,"swap":0}},"nvidia_draw_absolute":47.0,"nvidia_estimated_attributable_power_draw":47.0,"average_gpu_estimated_utilization_absolute":0.365,"per_gpu_average_estimated_utilization_absolute":{"(0, 15798)":{"sm":36.5,"mem":7.0,"enc":0.0,"dec":0.0}},"average_gpu_estimated_utilization_relative":1.0,"per_gpu_performance_state":{"0":"P2"},"per_gpu_power_draw":{"0":47.0},"cpu_count_adjusted_average_load":[0.1303125,0.1446875,0.145625],"realtime_carbon_intensity":211.4815994177,"disk_write_speed":43.4633893598,"process_ids":[15849,15876,15798]}
{"timestamp":1572292279.3345360756,"rapl_power_draw_absolute":80.9436827509,"rapl_estimated_attributable_power_draw":15.1770079401,"cpu_time_seconds":{"15849":{"user":0.05,"system":0.0,"children_user":0.0,"children_system":0.0},"15876":{"user":3.14,"system":2.49,"children_user":0.24,"children_system":2.38},"15798":{"user":166.61,"system":9.53,"children_user":0.16,"children_system":0.11}},"average_relative_cpu_utilization":0.1564095397,"absolute_cpu_utilization":1.0034217222,"relative_mem_usage":0.4818385132,"absolute_mem_usage":9128288256.0,"absolute_mem_percent_usage":0.0675672742,"mem_info_per_process":{"15849":{"rss":11218944,"vms":28168192,"shared":5664768,"text":2322432,"lib":0,"data":5283840,"dirty":0,"uss":5574656,"pss":5943296,"swap":0},"15876":{"rss":1310068736,"vms":3525959680,"shared":14766080,"text":2322432,"lib":0,"data":1902788608,"dirty":0,"uss":739971072,"pss":1019705344,"swap":0},"15798":{"rss":4440592384,"vms":13713141760,"shared":588546048,"text":2322432,"lib":0,"data":11881213952,"dirty":0,"uss":3473440768,"pss":3883653120,"swap":0}},"nvidia_draw_absolute":48.27,"nvidia_estimated_attributable_power_draw":48.27,"average_gpu_estimated_utilization_absolute":0.36,"per_gpu_average_estimated_utilization_absolute":{"(0, 15798)":{"sm":36,"mem":7,"enc":0,"dec":0}},"average_gpu_estimated_utilization_relative":1.0,"per_gpu_performance_state":{"0":"P2"},"per_gpu_power_draw":{"0":48.27},"cpu_count_adjusted_average_load":[0.13,0.144375,0.145625],"realtime_carbon_intensity":211.4815994177,"disk_write_speed":43.2182218206,"process_ids":[15849,15876,15798]}
{"timestamp":1572292287.3103001118,"rapl_power_draw_absolute":79.7169841506,"rapl_estimated_attributable_power_draw":20.7483357905,"cpu_time_seconds":{"15849":{"user":0.05,"system":0.0,"children_user":0.0,"children_system":0.0},"15876":{"user":3.36,"system":2.66,"children_user":0.25,"children_system":2.53},"15798":{"user":174.28,"system":9.84,"children_user":0.16,"children_system":0.11}},"average_relative_cpu_utilization":0.245102645,"absolute_cpu_utilization":1.0034043381,"relative_mem_usage":0.4144008903,"absolute_mem_usage":9103874048.0,"absolute_mem_percent_usage":0.0673865611,"mem_info_per_process":{"15849":{"rss":11218944,"vms":28168192,"shared":5664768,"text":2322432,"lib":0,"data":5283840,"dirty":0,"uss":5574656,"pss":5923840,"swap":0},"15876":{"rss":1310068736,"vms":3525959680,"shared":14766080,"text":2322432,"lib":0,"data":1902788608,"dirty":0,"uss":740061184,"pss":1019505664,"swap":0},"15798":{"rss":4440592384,"vms":13713141760,"shared":588546048,"text":2322432,"lib":0,"data":11881213952,"dirty":0,"uss":3470860288,"pss":3861948416,"swap":0}},"nvidia_draw_absolute":46.12,"nvidia_estimated_attributable_power_draw":46.12,"average_gpu_estimated_utilization_absolute":0.365,"per_gpu_average_estimated_utilization_absolute":{"(0, 15798)":{"sm":36.5,"mem":7.0,"enc":0.0,"dec":0.0}},"average_gpu_estimated_utilization_relative":1.0,"per_gpu_performance_state":{"0":"P2"},"per_gpu_power_draw":{"0":46.12},"cpu_count_adjusted_average_load":[0.1384375,0.1459375,0.1459375],"realtime_carbon_intensity":211.4815994177,"disk_write_speed":52.0394915996,"process_ids":[15849,15876,15798]}
{"timestamp":1572292295.2951910496,"rapl_power_draw_absolute":82.5895285046,"rapl_estimated_attributable_power_draw":21.292122581,"cpu_time_seconds":{"15849":{"user":0.05,"system":0.0,"children_user":0.0,"children_system":0.0},"15876":{"user":3.59,"system":2.84,"children_user":0.27,"children_system":2.7},"15798":{"user":181.96,"system":10.14,"children_user":0.16,"children_system":0.11}},"average_relative_cpu_utilization":0.2447809061,"absolute_cpu_utilization":0.9984253538,"relative_mem_usage":0.4053536693,"absolute_mem_usage":9099668480.0,"absolute_mem_percent_usage":0.0673554316,"mem_info_per_process":{"15849":{"rss":11218944,"vms":28168192,"shared":5664768,"text":2322432,"lib":0,"data":5283840,"dirty":0,"uss":5574656,"pss":5921792,"swap":0},"15876":{"rss":1310068736,"vms":3525959680,"shared":14766080,"text":2322432,"lib":0,"data":1902788608,"dirty":0,"uss":740163584,"pss":1019522048,"swap":0},"15798":{"rss":4440592384,"vms":13713141760,"shared":588546048,"text":2322432,"lib":0,"data":11881213952,"dirty":0,"uss":3470299136,"pss":3858187264,"swap":0}},"nvidia_draw_absolute":47.2,"nvidia_estimated_attributable_power_draw":47.2,"average_gpu_estimated_utilization_absolute":0.365,"per_gpu_average_estimated_utilization_absolute":{"(0, 15798)":{"sm":36.5,"mem":7.0,"enc":0.0,"dec":0.0}},"average_gpu_estimated_utilization_relative":1.0,"per_gpu_performance_state":{"0":"P2"},"per_gpu_power_draw":{"0":47.2},"cpu_count_adjusted_average_load":[0.13625,0.145,0.1459375],"realtime_carbon_intensity":211.4815994177,"disk_write_speed":42.967302366,"process_ids":[15849,15876,15798]}
{"timestamp":1572292303.2652440071,"rapl_power_draw_absolute":82.6476847857,"rapl_estimated_attributable_power_draw":21.4965673792,"cpu_time_seconds":{"15849":{"user":0.05,"system":0.0,"children_user":0.0,"children_system":0.0},"15876":{"user":3.81,"system":3.04,"children_user":0.29,"children_system":2.86},"15798":{"user":189.64,"system":10.43,"children_user":0.16,"children_system":0.11}},"average_relative_cpu_utilization":0.2466075825,"absolute_cpu_utilization":1.0034701836,"relative_mem_usage":0.4053420444,"absolute_mem_usage":9099877376.0,"absolute_mem_percent_usage":0.0673569779,"mem_info_per_process":{"15849":{"rss":11218944,"vms":28168192,"shared":5664768,"text":2322432,"lib":0,"data":5283840,"dirty":0,"uss":5574656,"pss":5921792,"swap":0},"15876":{"rss":1310068736,"vms":3525959680,"shared":14766080,"text":2322432,"lib":0,"data":1902788608,"dirty":0,"uss":740233216,"pss":1019556864,"swap":0},"15798":{"rss":4440592384,"vms":13713141760,"shared":588546048,"text":2322432,"lib":0,"data":11881213952,"dirty":0,"uss":3470368768,"pss":3858222080,"swap":0}},"nvidia_draw_absolute":46.03,"nvidia_estimated_attributable_power_draw":46.03,"average_gpu_estimated_utilization_absolute":0.365,"per_gpu_average_estimated_utilization_absolute":{"(0, 15798)":{"sm":36.5,"mem":7.0,"enc":0.0,"dec":0.0}},"average_gpu_estimated_utilization_relative":1.0,"per_gpu_performance_state":{"0":"P2"},"per_gpu_power_draw":{"0":46.03},"cpu_count_adjusted_average_load":[0.1428125,0.14625,0.14625],"realtime_carbon_intensity":211.4815994177,"disk_write_speed":49.7753270883,"process_ids":[15849,15876,15798]}
{"timestamp":1572292311.2246890068,"rapl_power_draw_absolute":79.3167435955,"rapl_estimated_attributable_power_draw":20.6000827645,"cpu_time_seconds":{"15849":{"user":0.05,"system":0.0,"children_user":0.0,"children_system":0.0},"15876":{"user":4.02,"system":3.21,"children_user":0.3,"children_system":3.02},"15798":{"user":197.31,"system":10.73,"children_user":0.16,"children_system":0.11}},"average_relative_cpu_utilization":0.2457118092,"absolute_cpu_utilization":1.0034864515,"relative_mem_usage":0.4052459727,"absolute_mem_usage":9099116544.0,"absolute_mem_percent_usage":0.0673513462,"mem_info_per_process":{"15849":{"rss":11218944,"vms":28168192,"shared":5664768,"text":2322432,"lib":0,"data":5283840,"dirty":0,"uss":5574656,"pss":5921792,"swap":0},"15876":{"rss":1310068736,"vms":3525959680,"shared":14766080,"text":2322432,"lib":0,"data":1902788608,"dirty":0,"uss":740278272,"pss":1019579392,"swap":0},"15798":{"rss":4440592384,"vms":13713141760,"shared":588546048,"text":2322432,"lib":0,"data":11881213952,"dirty":0,"uss":3470274560,"pss":3857487872,"swap":0}},"nvidia_draw_absolute":44.95,"nvidia_estimated_attributable_power_draw":44.95,"average_gpu_estimated_utilization_absolute":0.36,"per_gpu_average_estimated_utilization_absolute":{"(0, 15798)":{"sm":36,"mem":7,"enc":0,"dec":0}},"average_gpu_estimated_utilization_relative":1.0,"per_gpu_performance_state":{"0":"P2"},"per_gpu_power_draw":{"0":44.95},"cpu_count_adjusted_average_load":[0.1425,0.14625,0.14625],"realtime_carbon_intensity":211.4815994177,"disk_write_speed":32.7304395477,"process_ids":[15849,15876,15798]}
{"timestamp":1572292319.2302370071,"rapl_power_draw_absolute":79.1816762684,"rapl_estimated_attributable_power_draw":20.2384180079,"cpu_time_seconds":{"15849":{"user":0.05,"system":0.0,"children_user":0.0,"children_system":0.0},"15876":{"user":4.24,"system":3.36,"children_user":0.32,"children_system":3.18},"15798":{"user":205.02,"system":11.02,"children_user":0.16,"children_system":0.11}},"average_relative_cpu_utilization":0.2409457203,"absolute_cpu_utilization":0.9985732853,"relative_mem_usage":0.4051296285,"absolute_mem_usage":9099341824.0,"absolute_mem_percent_usage":0.0673530137,"mem_info_per_process":{"15849":{"rss":11218944,"vms":28168192,"shared":5664768,"text":2322432,"lib":0,"data":5283840,"dirty":0,"uss":5574656,"pss":5919744,"swap":0},"15876":{"rss":1310068736,"vms":3525959680,"shared":14766080,"text":2322432,"lib":0,"data":1902788608,"dirty":0,"uss":740352000,"pss":1019615232,"swap":0},"15798":{"rss":4440592384,"vms":13713141760,"shared":588546048,"text":2322432,"lib":0,"data":11881213952,"dirty":0,"uss":3470348288,"pss":3857531904,"swap":0}},"nvidia_draw_absolute":47.0,"nvidia_estimated_attributable_power_draw":47.0,"average_gpu_estimated_utilization_absolute":0.36,"per_gpu_average_estimated_utilization_absolute":{"(0, 15798)":{"sm":36,"mem":7,"enc":0,"dec":0}},"average_gpu_estimated_utilization_relative":1.0,"per_gpu_performance_state":{"0":"P2"},"per_gpu_power_draw":{"0":47.0},"cpu_count_adjusted_average_load":[0.14125,0.145625,0.1459375],"realtime_carbon_intensity":211.4815994177,"disk_write_speed":36.6091789648,"process_ids":[15849,15876,15798]}
{"timestamp":1572292327.1906790733,"rapl_power_draw_absolute":79.1045843366,"rapl_estimated_attributable_power_draw":20.6495488897,"cpu_time_seconds":{"15849":{"user":0.05,"system":0.0,"children_user":0.0,"children_system":0.0},"15876":{"user":4.47,"system":3.48,"children_user":0.32,"children_system":3.35},"15798":{"user":212.66,"system":11.36,"children_user":0.16,"children_system":0.11}},"average_relative_cpu_utilization":0.2469242527,"absolute_cpu_utilization":1.0084028955,"relative_mem_usage":0.4051816431,"absolute_mem_usage":9099542528.0,"absolute_mem_percent_usage":0.0673544993,"mem_info_per_process":{"15849":{"rss":11218944,"vms":28168192,"shared":5664768,"text":2322432,"lib":0,"data":5283840,"dirty":0,"uss":5574656,"pss":5922816,"swap":0},"15876":{"rss":1310068736,"vms":3525959680,"shared":14766080,"text":2322432,"lib":0,"data":1902788608,"dirty":0,"uss":740417536,"pss":1019650048,"swap":0},"15798":{"rss":4440592384,"vms":13713141760,"shared":588546048,"text":2322432,"lib":0,"data":11881213952,"dirty":0,"uss":3470413824,"pss":3857563648,"swap":0}},"nvidia_draw_absolute":46.12,"nvidia_estimated_attributable_power_draw":46.12,"average_gpu_estimated_utilization_absolute":0.365,"per_gpu_average_estimated_utilization_absolute":{"(0, 15798)":{"sm":36.5,"mem":7.0,"enc":0.0,"dec":0.0}},"average_gpu_estimated_utilization_relative":1.0,"per_gpu_performance_state":{"0":"P2"},"per_gpu_power_draw":{"0":46.12},"cpu_count_adjusted_average_load":[0.145625,0.1465625,0.14625],"realtime_carbon_intensity":211.4815994177,"disk_write_speed":40.9432068878,"process_ids":[15849,15876,15798]}
{"timestamp":1572292335.160777092,"rapl_power_draw_absolute":70.9492150263,"rapl_estimated_attributable_power_draw":24.5044955645,"cpu_time_seconds":{"15849":{"user":0.05,"system":0.0,"children_user":0.0,"children_system":0.0},"15876":{"user":4.68,"system":3.65,"children_user":0.35,"children_system":3.5},"15798":{"user":220.33,"system":11.66,"children_user":0.16,"children_system":0.11}},"average_relative_cpu_utilization":0.3278689744,"absolute_cpu_utilization":1.0034250102,"relative_mem_usage":0.5180267804,"absolute_mem_usage":9154339840.0,"absolute_mem_percent_usage":0.0677601071,"mem_info_per_process":{"15849":{"rss":11218944,"vms":28168192,"shared":5664768,"text":2322432,"lib":0,"data":5283840,"dirty":0,"uss":5574656,"pss":6024192,"swap":0},"15876":{"rss":1310068736,"vms":3525959680,"shared":14766080,"text":2322432,"lib":0,"data":1902788608,"dirty":0,"uss":740483072,"pss":1020307456,"swap":0},"15798":{"rss":4440592384,"vms":13713141760,"shared":588546048,"text":2322432,"lib":0,"data":11881213952,"dirty":0,"uss":3482664960,"pss":3899285504,"swap":0}},"nvidia_draw_absolute":46.33,"nvidia_estimated_attributable_power_draw":46.33,"average_gpu_estimated_utilization_absolute":0.3766666667,"per_gpu_average_estimated_utilization_absolute":{"(0, 15798)":{"sm":37.6666666667,"mem":7.3333333333,"enc":0.0,"dec":0.0}},"average_gpu_estimated_utilization_relative":1.0,"per_gpu_performance_state":{"0":"P2"},"per_gpu_power_draw":{"0":46.33},"cpu_count_adjusted_average_load":[0.1375,0.145,0.145625],"realtime_carbon_intensity":211.4815994177,"disk_write_speed":43.4669927664,"process_ids":[15849,15876,15798]}
