{"timestamp":1572411912.279321909,"rapl_power_draw_absolute":87.5228171594,"rapl_estimated_attributable_power_draw":20.115547269,"cpu_time_seconds":{"8016":{"user":0.01,"system":0.04,"children_user":0.0,"children_system":0.05},"7781":{"user":11.1,"system":3.58,"children_user":0.09,"children_system":0.2}},"average_relative_cpu_utilization":0.2403755876,"absolute_cpu_utilization":0.998780185,"relative_mem_usage":0.1443883446,"absolute_mem_usage":3513589760.0,"absolute_mem_percent_usage":0.0260075204,"mem_info_per_process":{"8016":{"rss":3261075456,"vms":12015595520,"shared":173817856,"text":2322432,"lib":0,"data":10287792128,"dirty":0,"uss":26783744,"pss":1640686592,"swap":0},"7781":{"rss":3651985408,"vms":12015595520,"shared":564879360,"text":2322432,"lib":0,"data":10287792128,"dirty":0,"uss":52695040,"pss":1793424384,"swap":0}},"nvidia_draw_absolute":155.82,"nvidia_estimated_attributable_power_draw":155.82,"average_gpu_estimated_utilization_absolute":0.99,"per_gpu_average_estimated_utilization_absolute":{"(0, 7781)":{"sm":99.0,"mem":70.5,"enc":0.0,"dec":0.0}},"average_gpu_estimated_utilization_relative":1.0,"per_gpu_performance_state":{"0":"P2"},"per_gpu_power_draw":{"0":155.82},"cpu_count_adjusted_average_load":[0.1428125,0.15125,0.1553125],"realtime_carbon_intensity":336.704610597,"disk_write_speed":48.4937055246,"process_ids":[8016,7781]}
{"timestamp":1572411920.5062410831,"rapl_power_draw_absolute":88.2876219902,"rapl_estimated_attributable_power_draw":19.9619413159,"cpu_time_seconds":{"8016":{"user":0.17,"system":0.35,"children_user":0.0,"children_system":0.26},"7781":{"user":17.89,"system":5.02,"children_user":0.09,"children_system":0.2}},"average_relative_cpu_utilization":0.2352854718,"absolute_cpu_utilization":0.9997626082,"relative_mem_usage":0.147531086,"absolute_mem_usage":3545373696.0,"absolute_mem_percent_usage":0.0262427845,"mem_info_per_process":{"8016":{"rss":3267784704,"vms":12015595520,"shared":180211712,"text":2322432,"lib":0,"data":10287792128,"dirty":0,"uss":39202816,"pss":1648394240,"swap":0},"7781":{"rss":3651985408,"vms":12015595520,"shared":564879360,"text":2322432,"lib":0,"data":10287792128,"dirty":0,"uss":61829120,"pss":1795947520,"swap":0}},"nvidia_draw_absolute":155.23,"nvidia_estimated_attributable_power_draw":155.23,"average_gpu_estimated_utilization_absolute":0.99,"per_gpu_average_estimated_utilization_absolute":{"(0, 7781)":{"sm":99,"mem":70,"enc":0,"dec":0}},"average_gpu_estimated_utilization_relative":1.0,"per_gpu_performance_state":{"0":"P2"},"per_gpu_power_draw":{"0":155.23},"cpu_count_adjusted_average_load":[0.1546875,0.1534375,0.15625],"realtime_carbon_intensity":336.704610597,"disk_write_speed":40.5745568051,"process_ids":[8016,7781]}
{"timestamp":1572411928.6640501022,"rapl_power_draw_absolute":88.3986237234,"rapl_estimated_attributable_power_draw":19.5779950798,"cpu_time_seconds":{"8016":{"user":0.29,"system":0.66,"children_user":0.01,"children_system":0.47},"7781":{"user":24.56,"system":6.51,"children_user":0.09,"children_system":0.2}},"average_relative_cpu_utilization":0.2301416384,"absolute_cpu_utilization":0.9987531652,"relative_mem_usage":0.1475076592,"absolute_mem_usage":3546242048.0,"absolute_mem_percent_usage":0.026249212,"mem_info_per_process":{"8016":{"rss":3267981312,"vms":12015595520,"shared":180211712,"text":2322432,"lib":0,"data":10287792128,"dirty":0,"uss":39899136,"pss":1648558080,"swap":0},"7781":{"rss":3651985408,"vms":12015595520,"shared":564879360,"text":2322432,"lib":0,"data":10287792128,"dirty":0,"uss":61919232,"pss":1795865600,"swap":0}},"nvidia_draw_absolute":156.75,"nvidia_estimated_attributable_power_draw":156.75,"average_gpu_estimated_utilization_absolute":0.99,"per_gpu_average_estimated_utilization_absolute":{"(0, 7781)":{"sm":99.0,"mem":70.5,"enc":0.0,"dec":0.0}},"average_gpu_estimated_utilization_relative":1.0,"per_gpu_performance_state":{"0":"P2"},"per_gpu_power_draw":{"0":156.75},"cpu_count_adjusted_average_load":[0.1503125,0.1525,0.155625],"realtime_carbon_intensity":336.704610597,"disk_write_speed":42.4965772351,"process_ids":[8016,7781]}
{"timestamp":1572411936.8237230778,"rapl_power_draw_absolute":88.3860500953,"rapl_estimated_attributable_power_draw":19.7274114925,"cpu_time_seconds":{"8016":{"user":0.42,"system":0.98,"children_user":0.01,"children_system":0.69},"7781":{"user":31.11,"system":8.12,"children_user":0.09,"children_system":0.2}},"average_relative_cpu_utilization":0.232010319,"absolute_cpu_utilization":0.9988147897,"relative_mem_usage":0.147511069,"absolute_mem_usage":3546266624.0,"absolute_mem_percent_usage":0.0262493939,"mem_info_per_process":{"8016":{"rss":3267981312,"vms":12015595520,"shared":180211712,"text":2322432,"lib":0,"data":10287792128,"dirty":0,"uss":39907328,"pss":1648562176,"swap":0},"7781":{"rss":3651985408,"vms":12015595520,"shared":564879360,"text":2322432,"lib":0,"data":10287792128,"dirty":0,"uss":61927424,"pss":1795869696,"swap":0}},"nvidia_draw_absolute":157.68,"nvidia_estimated_attributable_power_draw":157.68,"average_gpu_estimated_utilization_absolute":0.98,"per_gpu_average_estimated_utilization_absolute":{"(0, 7781)":{"sm":98,"mem":70,"enc":0,"dec":0}},"average_gpu_estimated_utilization_relative":1.0,"per_gpu_performance_state":{"0":"P2"},"per_gpu_power_draw":{"0":157.68},"cpu_count_adjusted_average_load":[0.150625,0.1525,0.155625],"realtime_carbon_intensity":336.704610597,"disk_write_speed":38.3341199163,"process_ids":[8016,7781]}
{"timestamp":1572411944.9868819714,"rapl_power_draw_absolute":88.1233243727,"rapl_estimated_attributable_power_draw":20.0583842011,"cpu_time_seconds":{"8016":{"user":0.53,"system":1.28,"children_user":0.01,"children_system":0.91},"7781":{"user":37.72,"system":9.68,"children_user":0.09,"children_system":0.2}},"average_relative_cpu_utilization":0.2369577231,"absolute_cpu_utilization":0.9988051437,"relative_mem_usage":0.1475089161,"absolute_mem_usage":3546278912.0,"absolute_mem_percent_usage":0.0262494849,"mem_info_per_process":{"8016":{"rss":3267981312,"vms":12015595520,"shared":180211712,"text":2322432,"lib":0,"data":10287792128,"dirty":0,"uss":39911424,"pss":1648564224,"swap":0},"7781":{"rss":3651985408,"vms":12015595520,"shared":564879360,"text":2322432,"lib":0,"data":10287792128,"dirty":0,"uss":61931520,"pss":1795871744,"swap":0}},"nvidia_draw_absolute":159.52,"nvidia_estimated_attributable_power_draw":159.52,"average_gpu_estimated_utilization_absolute":0.99,"per_gpu_average_estimated_utilization_absolute":{"(0, 7781)":{"sm":99.0,"mem":70.5,"enc":0.0,"dec":0.0}},"average_gpu_estimated_utilization_relative":1.0,"per_gpu_performance_state":{"0":"P2"},"per_gpu_power_draw":{"0":159.52},"cpu_count_adjusted_average_load":[0.15375,0.153125,0.1559375],"realtime_carbon_intensity":336.704610597,"disk_write_speed":39.3496796855,"process_ids":[8016,7781]}
{"timestamp":1572411953.1284730434,"rapl_power_draw_absolute":87.9609541199,"rapl_estimated_attributable_power_draw":19.7879165667,"cpu_time_seconds":{"8016":{"user":0.64,"system":1.6,"children_user":0.02,"children_system":1.12},"7781":{"user":44.39,"system":11.15,"children_user":0.09,"children_system":0.2}},"average_relative_cpu_utilization":0.234183644,"absolute_cpu_utilization":0.9987855531,"relative_mem_usage":0.1474990988,"absolute_mem_usage":3546291200.0,"absolute_mem_percent_usage":0.0262495758,"mem_info_per_process":{"8016":{"rss":3267981312,"vms":12015595520,"shared":180211712,"text":2322432,"lib":0,"data":10287792128,"dirty":0,"uss":39915520,"pss":1648566272,"swap":0},"7781":{"rss":3651985408,"vms":12015595520,"shared":564879360,"text":2322432,"lib":0,"data":10287792128,"dirty":0,"uss":61935616,"pss":1795873792,"swap":0}},"nvidia_draw_absolute":160.83,"nvidia_estimated_attributable_power_draw":160.83,"average_gpu_estimated_utilization_absolute":0.99,"per_gpu_average_estimated_utilization_absolute":{"(0, 7781)":{"sm":99.0,"mem":70.5,"enc":0.0,"dec":0.0}},"average_gpu_estimated_utilization_relative":1.0,"per_gpu_performance_state":{"0":"P2"},"per_gpu_power_draw":{"0":160.83},"cpu_count_adjusted_average_load":[0.15875,0.154375,0.15625],"realtime_carbon_intensity":336.704610597,"disk_write_speed":52.5371578881,"process_ids":[8016,7781]}
{"timestamp":1572411961.2737278938,"rapl_power_draw_absolute":88.7428966484,"rapl_estimated_attributable_power_draw":19.3895125577,"cpu_time_seconds":{"8016":{"user":0.78,"system":1.93,"children_user":0.03,"children_system":1.32},"7781":{"user":51.03,"system":12.66,"children_user":0.09,"children_system":0.2}},"average_relative_cpu_utilization":0.2268534798,"absolute_cpu_utilization":1.0044707449,"relative_mem_usage":0.1474780277,"absolute_mem_usage":3546303488.0,"absolute_mem_percent_usage":0.0262496668,"mem_info_per_process":{"8016":{"rss":3267981312,"vms":12015595520,"shared":180211712,"text":2322432,"lib":0,"data":10287792128,"dirty":0,"uss":39919616,"pss":1648568320,"swap":0},"7781":{"rss":3651985408,"vms":12015595520,"shared":564879360,"text":2322432,"lib":0,"data":10287792128,"dirty":0,"uss":61939712,"pss":1795875840,"swap":0}},"nvidia_draw_absolute":160.59,"nvidia_estimated_attributable_power_draw":160.59,"average_gpu_estimated_utilization_absolute":0.99,"per_gpu_average_estimated_utilization_absolute":{"(0, 7781)":{"sm":99,"mem":70,"enc":0,"dec":0}},"average_gpu_estimated_utilization_relative":1.0,"per_gpu_performance_state":{"0":"P2"},"per_gpu_power_draw":{"0":160.59},"cpu_count_adjusted_average_load":[0.1584375,0.154375,0.15625],"realtime_carbon_intensity":336.704610597,"disk_write_speed":44.6688290551,"process_ids":[8016,7781]}
{"timestamp":1572411969.4039869308,"rapl_power_draw_absolute":88.2168398371,"rapl_estimated_attributable_power_draw":19.7766025951,"cpu_time_seconds":{"8016":{"user":0.92,"system":2.22,"children_user":0.03,"children_system":1.54},"7781":{"user":57.72,"system":14.1,"children_user":0.09,"children_system":0.2}},"average_relative_cpu_utilization":0.2330911494,"absolute_cpu_utilization":0.9988172518,"relative_mem_usage":0.1474728866,"absolute_mem_usage":3546315776.0,"absolute_mem_percent_usage":0.0262497578,"mem_info_per_process":{"8016":{"rss":3267981312,"vms":12015595520,"shared":180211712,"text":2322432,"lib":0,"data":10287792128,"dirty":0,"uss":39923712,"pss":1648570368,"swap":0},"7781":{"rss":3651985408,"vms":12015595520,"shared":564879360,"text":2322432,"lib":0,"data":10287792128,"dirty":0,"uss":61943808,"pss":1795877888,"swap":0}},"nvidia_draw_absolute":162.6,"nvidia_estimated_attributable_power_draw":162.6,"average_gpu_estimated_utilization_absolute":0.99,"per_gpu_average_estimated_utilization_absolute":{"(0, 7781)":{"sm":99.0,"mem":70.5,"enc":0.0,"dec":0.0}},"average_gpu_estimated_utilization_relative":1.0,"per_gpu_performance_state":{"0":"P2"},"per_gpu_power_draw":{"0":162.6},"cpu_count_adjusted_average_load":[0.1603125,0.155,0.1565625],"realtime_carbon_intensity":336.704610597,"disk_write_speed":47.5353119704,"process_ids":[8016,7781]}
{"timestamp":1572411977.5180449486,"rapl_power_draw_absolute":88.2287757729,"rapl_estimated_attributable_power_draw":20.0180920482,"cpu_time_seconds":{"8016":{"user":1.07,"system":2.5,"children_user":0.04,"children_system":1.75},"7781":{"user":64.2,"system":15.74,"children_user":0.09,"children_system":0.2}},"average_relative_cpu_utilization":0.2364619692,"absolute_cpu_utilization":1.0038000919,"relative_mem_usage":0.1474850037,"absolute_mem_usage":3546328064.0,"absolute_mem_percent_usage":0.0262498487,"mem_info_per_process":{"8016":{"rss":3267981312,"vms":12015595520,"shared":180211712,"text":2322432,"lib":0,"data":10287792128,"dirty":0,"uss":39927808,"pss":1648572416,"swap":0},"7781":{"rss":3651985408,"vms":12015595520,"shared":564879360,"text":2322432,"lib":0,"data":10287792128,"dirty":0,"uss":61947904,"pss":1795879936,"swap":0}},"nvidia_draw_absolute":163.16,"nvidia_estimated_attributable_power_draw":163.16,"average_gpu_estimated_utilization_absolute":0.99,"per_gpu_average_estimated_utilization_absolute":{"(0, 7781)":{"sm":99.0,"mem":70.5,"enc":0.0,"dec":0.0}},"average_gpu_estimated_utilization_relative":1.0,"per_gpu_performance_state":{"0":"P2"},"per_gpu_power_draw":{"0":163.16},"cpu_count_adjusted_average_load":[0.1575,0.154375,0.15625],"realtime_carbon_intensity":336.704610597,"disk_write_speed":36.9421260649,"process_ids":[8016,7781]}
{"timestamp":1572411985.6492679119,"rapl_power_draw_absolute":88.0294350281,"rapl_estimated_attributable_power_draw":19.8686543603,"cpu_time_seconds":{"8016":{"user":1.18,"system":2.79,"children_user":0.04,"children_system":1.96},"7781":{"user":70.75,"system":17.32,"children_user":0.09,"children_system":0.2}},"average_relative_cpu_utilization":0.2348037987,"absolute_cpu_utilization":1.0037982487,"relative_mem_usage":0.1474740747,"absolute_mem_usage":3546230784.0,"absolute_mem_percent_usage":0.0262491286,"mem_info_per_process":{"8016":{"rss":3267981312,"vms":12015595520,"shared":180211712,"text":2322432,"lib":0,"data":10287792128,"dirty":0,"uss":39931904,"pss":1648574464,"swap":0},"7781":{"rss":3651985408,"vms":12015595520,"shared":564879360,"text":2322432,"lib":0,"data":10287792128,"dirty":0,"uss":61952000,"pss":1795772416,"swap":0}},"nvidia_draw_absolute":163.84,"nvidia_estimated_attributable_power_draw":163.84,"average_gpu_estimated_utilization_absolute":0.99,"per_gpu_average_estimated_utilization_absolute":{"(0, 7781)":{"sm":99,"mem":71,"enc":0,"dec":0}},"average_gpu_estimated_utilization_relative":1.0,"per_gpu_performance_state":{"0":"P2"},"per_gpu_power_draw":{"0":163.84},"cpu_count_adjusted_average_load":[0.174375,0.158125,0.1575],"realtime_carbon_intensity":336.704610597,"disk_write_speed":21.8900254687,"process_ids":[8016,7781]}
{"timestamp":1572411993.7894918919,"rapl_power_draw_absolute":88.2347454599,"rapl_estimated_attributable_power_draw":19.8099940027,"cpu_time_seconds":{"8016":{"user":1.28,"system":3.08,"children_user":0.04,"children_system":2.18},"7781":{"user":77.35,"system":18.86,"children_user":0.09,"children_system":0.2}},"average_relative_cpu_utilization":0.2336329761,"absolute_cpu_utilization":0.9987800475,"relative_mem_usage":0.1475172699,"absolute_mem_usage":3546341376.0,"absolute_mem_percent_usage":0.0262499472,"mem_info_per_process":{"8016":{"rss":3267981312,"vms":12015595520,"shared":180211712,"text":2322432,"lib":0,"data":10287792128,"dirty":0,"uss":39931904,"pss":1648574464,"swap":0},"7781":{"rss":3651985408,"vms":12015595520,"shared":564879360,"text":2322432,"lib":0,"data":10287792128,"dirty":0,"uss":61952000,"pss":1795883008,"swap":0}},"nvidia_draw_absolute":164.8,"nvidia_estimated_attributable_power_draw":164.8,"average_gpu_estimated_utilization_absolute":0.99,"per_gpu_average_estimated_utilization_absolute":{"(0, 7781)":{"sm":99.0,"mem":70.5,"enc":0.0,"dec":0.0}},"average_gpu_estimated_utilization_relative":1.0,"per_gpu_performance_state":{"0":"P2"},"per_gpu_power_draw":{"0":164.8},"cpu_count_adjusted_average_load":[0.17875,0.1596875,0.1578125],"realtime_carbon_intensity":336.704610597,"disk_write_speed":37.8360736061,"process_ids":[8016,7781]}
{"timestamp":1572412001.8994319439,"rapl_power_draw_absolute":88.4129188618,"rapl_estimated_attributable_power_draw":19.6466905469,"cpu_time_seconds":{"8016":{"user":1.38,"system":3.38,"children_user":0.05,"children_system":2.39},"7781":{"user":83.86,"system":20.46,"children_user":0.09,"children_system":0.2}},"average_relative_cpu_utilization":0.231026859,"absolute_cpu_utilization":1.0037719048,"relative_mem_usage":0.1475257741,"absolute_mem_usage":3546353664.0,"absolute_mem_percent_usage":0.0262500382,"mem_info_per_process":{"8016":{"rss":3267981312,"vms":12015595520,"shared":180211712,"text":2322432,"lib":0,"data":10287792128,"dirty":0,"uss":39936000,"pss":1648576512,"swap":0},"7781":{"rss":3651985408,"vms":12015595520,"shared":564879360,"text":2322432,"lib":0,"data":10287792128,"dirty":0,"uss":61956096,"pss":1795885056,"swap":0}},"nvidia_draw_absolute":165.22,"nvidia_estimated_attributable_power_draw":165.22,"average_gpu_estimated_utilization_absolute":0.985,"per_gpu_average_estimated_utilization_absolute":{"(0, 7781)":{"sm":98.5,"mem":70.5,"enc":0.0,"dec":0.0}},"average_gpu_estimated_utilization_relative":1.0,"per_gpu_performance_state":{"0":"P2"},"per_gpu_power_draw":{"0":165.22},"cpu_count_adjusted_average_load":[0.179375,0.16,0.158125],"realtime_carbon_intensity":336.704610597,"disk_write_speed":41.8097808258,"process_ids":[8016,7781]}
{"timestamp":1572412010.0691289902,"rapl_power_draw_absolute":88.6022296689,"rapl_estimated_attributable_power_draw":19.5297226458,"cpu_time_seconds":{"8016":{"user":1.48,"system":3.72,"children_user":0.05,"children_system":2.6},"7781":{"user":90.48,"system":22.02,"children_user":0.09,"children_system":0.2}},"average_relative_cpu_utilization":0.2289205385,"absolute_cpu_utilization":1.0038008557,"relative_mem_usage":0.1475083899,"absolute_mem_usage":3546365952.0,"absolute_mem_percent_usage":0.0262501292,"mem_info_per_process":{"8016":{"rss":3267981312,"vms":12015595520,"shared":180211712,"text":2322432,"lib":0,"data":10287792128,"dirty":0,"uss":39940096,"pss":1648578560,"swap":0},"7781":{"rss":3651985408,"vms":12015595520,"shared":564879360,"text":2322432,"lib":0,"data":10287792128,"dirty":0,"uss":61960192,"pss":1795887104,"swap":0}},"nvidia_draw_absolute":165.61,"nvidia_estimated_attributable_power_draw":165.61,"average_gpu_estimated_utilization_absolute":0.99,"per_gpu_average_estimated_utilization_absolute":{"(0, 7781)":{"sm":99.0,"mem":70.5,"enc":0.0,"dec":0.0}},"average_gpu_estimated_utilization_relative":1.0,"per_gpu_performance_state":{"0":"P2"},"per_gpu_power_draw":{"0":165.61},"cpu_count_adjusted_average_load":[0.1809375,0.1609375,0.1584375],"realtime_carbon_intensity":336.704610597,"disk_write_speed":31.7811966042,"process_ids":[8016,7781]}
{"timestamp":1572412018.2961080074,"rapl_power_draw_absolute":89.1989743145,"rapl_estimated_attributable_power_draw":19.5890248019,"cpu_time_seconds":{"8016":{"user":1.59,"system":4.04,"children_user":0.06,"children_system":2.8},"7781":{"user":97.08,"system":23.64,"children_user":0.09,"children_system":0.2}},"average_relative_cpu_utilization":0.2280421914,"absolute_cpu_utilization":0.9987927757,"relative_mem_usage":0.147489536,"absolute_mem_usage":3546390528.0,"absolute_mem_percent_usage":0.0262503111,"mem_info_per_process":{"8016":{"rss":3267981312,"vms":12015595520,"shared":180211712,"text":2322432,"lib":0,"data":10287792128,"dirty":0,"uss":39948288,"pss":1648582656,"swap":0},"7781":{"rss":3651985408,"vms":12015595520,"shared":564879360,"text":2322432,"lib":0,"data":10287792128,"dirty":0,"uss":61968384,"pss":1795891200,"swap":0}},"nvidia_draw_absolute":166.6,"nvidia_estimated_attributable_power_draw":166.6,"average_gpu_estimated_utilization_absolute":0.99,"per_gpu_average_estimated_utilization_absolute":{"(0, 7781)":{"sm":99.0,"mem":70.5,"enc":0.0,"dec":0.0}},"average_gpu_estimated_utilization_relative":1.0,"per_gpu_performance_state":{"0":"P2"},"per_gpu_power_draw":{"0":166.6},"cpu_count_adjusted_average_load":[0.1815625,0.161875,0.15875],"realtime_carbon_intensity":336.704610597,"disk_write_speed":36.5319137134,"process_ids":[8016,7781]}
{"timestamp":1572412026.4294059277,"rapl_power_draw_absolute":88.7467562472,"rapl_estimated_attributable_power_draw":19.7512426024,"cpu_time_seconds":{"8016":{"user":1.71,"system":4.33,"children_user":0.07,"children_system":3.02},"7781":{"user":103.74,"system":25.12,"children_user":0.09,"children_system":0.2}},"average_relative_cpu_utilization":0.231290945,"absolute_cpu_utilization":1.0038043461,"relative_mem_usage":0.1475038417,"absolute_mem_usage":3546402816.0,"absolute_mem_percent_usage":0.026250402,"mem_info_per_process":{"8016":{"rss":3267981312,"vms":12015595520,"shared":180211712,"text":2322432,"lib":0,"data":10287792128,"dirty":0,"uss":39952384,"pss":1648584704,"swap":0},"7781":{"rss":3651985408,"vms":12015595520,"shared":564879360,"text":2322432,"lib":0,"data":10287792128,"dirty":0,"uss":61972480,"pss":1795893248,"swap":0}},"nvidia_draw_absolute":166.76,"nvidia_estimated_attributable_power_draw":166.76,"average_gpu_estimated_utilization_absolute":0.99,"per_gpu_average_estimated_utilization_absolute":{"(0, 7781)":{"sm":99,"mem":71,"enc":0,"dec":0}},"average_gpu_estimated_utilization_relative":1.0,"per_gpu_performance_state":{"0":"P2"},"per_gpu_power_draw":{"0":166.76},"cpu_count_adjusted_average_load":[0.179375,0.161875,0.15875],"realtime_carbon_intensity":336.704610597,"disk_write_speed":39.363454423,"process_ids":[8016,7781]}
