{"timestamp":1572412461.0507349968,"rapl_power_draw_absolute":89.1573229582,"rapl_estimated_attributable_power_draw":19.5316017838,"cpu_time_seconds":{"11451":{"user":9.4,"system":2.85,"children_user":0.06,"children_system":0.16},"11508":{"user":0.0,"system":0.03,"children_user":0.0,"children_system":0.03}},"average_relative_cpu_utilization":0.2264908953,"absolute_cpu_utilization":0.9987673327,"relative_mem_usage":0.1553542515,"absolute_mem_usage":3728416768.0,"absolute_mem_percent_usage":0.0275976656,"mem_info_per_process":{"11451":{"rss":3651280896,"vms":11412156416,"shared":565096448,"text":2322432,"lib":0,"data":9684353024,"dirty":0,"uss":122056704,"pss":1826793472,"swap":0},"11508":{"rss":3260133376,"vms":11412156416,"shared":173805568,"text":2322432,"lib":0,"data":9684353024,"dirty":0,"uss":101986304,"pss":1677580288,"swap":0}},"nvidia_draw_absolute":44.84,"nvidia_estimated_attributable_power_draw":44.84,"average_gpu_estimated_utilization_absolute":0.225,"per_gpu_average_estimated_utilization_absolute":{"(0, 11451)":{"sm":22.5,"mem":1.5,"enc":0.0,"dec":0.0}},"average_gpu_estimated_utilization_relative":1.0,"per_gpu_performance_state":{"0":"P2"},"per_gpu_power_draw":{"0":44.84},"cpu_count_adjusted_average_load":[0.1646875,0.1634375,0.1609375],"realtime_carbon_intensity":335.5704697987,"disk_write_speed":33.7738587738,"process_ids":[11451,11508]}
{"timestamp":1572412469.0854558945,"rapl_power_draw_absolute":89.2347777791,"rapl_estimated_attributable_power_draw":19.7753153225,"cpu_time_seconds":{"11451":{"user":17.44,"system":2.86,"children_user":0.06,"children_system":0.16},"11508":{"user":0.12,"system":0.22,"children_user":0.02,"children_system":0.18}},"average_relative_cpu_utilization":0.2291781457,"absolute_cpu_utilization":1.0037876938,"relative_mem_usage":0.1566393361,"absolute_mem_usage":3761068032.0,"absolute_mem_percent_usage":0.0278393496,"mem_info_per_process":{"11451":{"rss":3651280896,"vms":11412156416,"shared":565096448,"text":2322432,"lib":0,"data":9684353024,"dirty":0,"uss":132833280,"pss":1831999488,"swap":0},"11508":{"rss":3266539520,"vms":11412156416,"shared":180199424,"text":2322432,"lib":0,"data":9684353024,"dirty":0,"uss":112201728,"pss":1684033536,"swap":0}},"nvidia_draw_absolute":43.97,"nvidia_estimated_attributable_power_draw":43.97,"average_gpu_estimated_utilization_absolute":0.225,"per_gpu_average_estimated_utilization_absolute":{"(0, 11451)":{"sm":22.5,"mem":1.5,"enc":0.0,"dec":0.0}},"average_gpu_estimated_utilization_relative":1.0,"per_gpu_performance_state":{"0":"P2"},"per_gpu_power_draw":{"0":43.97},"cpu_count_adjusted_average_load":[0.163125,0.163125,0.160625],"realtime_carbon_intensity":335.5704697987,"disk_write_speed":41.4454186731,"process_ids":[11451,11508]}
{"timestamp":1572412477.0810210705,"rapl_power_draw_absolute":89.5407569613,"rapl_estimated_attributable_power_draw":19.5240776987,"cpu_time_seconds":{"11451":{"user":25.42,"system":2.86,"children_user":0.06,"children_system":0.16},"11508":{"user":0.23,"system":0.41,"children_user":0.02,"children_system":0.36}},"average_relative_cpu_utilization":0.225211796,"absolute_cpu_utilization":0.9987923892,"relative_mem_usage":0.1566947472,"absolute_mem_usage":3762247680.0,"absolute_mem_percent_usage":0.0278480813,"mem_info_per_process":{"11451":{"rss":3651280896,"vms":11412156416,"shared":565096448,"text":2322432,"lib":0,"data":9684353024,"dirty":0,"uss":133468160,"pss":1832316928,"swap":0},"11508":{"rss":3266539520,"vms":11412156416,"shared":180199424,"text":2322432,"lib":0,"data":9684353024,"dirty":0,"uss":112353280,"pss":1684109312,"swap":0}},"nvidia_draw_absolute":43.11,"nvidia_estimated_attributable_power_draw":43.11,"average_gpu_estimated_utilization_absolute":0.225,"per_gpu_average_estimated_utilization_absolute":{"(0, 11451)":{"sm":22.5,"mem":1.5,"enc":0.0,"dec":0.0}},"average_gpu_estimated_utilization_relative":1.0,"per_gpu_performance_state":{"0":"P2"},"per_gpu_power_draw":{"0":43.11},"cpu_count_adjusted_average_load":[0.1603125,0.1625,0.160625],"realtime_carbon_intensity":335.5704697987,"disk_write_speed":33.5264591002,"process_ids":[11451,11508]}
{"timestamp":1572412485.0586259365,"rapl_power_draw_absolute":89.7046717369,"rapl_estimated_attributable_power_draw":19.7702077346,"cpu_time_seconds":{"11451":{"user":33.4,"system":2.87,"children_user":0.06,"children_system":0.16},"11508":{"user":0.32,"system":0.6,"children_user":0.03,"children_system":0.52}},"average_relative_cpu_utilization":0.2278777834,"absolute_cpu_utilization":1.0037728815,"relative_mem_usage":0.1566799968,"absolute_mem_usage":3762259968.0,"absolute_mem_percent_usage":0.0278481723,"mem_info_per_process":{"11451":{"rss":3651280896,"vms":11412156416,"shared":565096448,"text":2322432,"lib":0,"data":9684353024,"dirty":0,"uss":133472256,"pss":1832318976,"swap":0},"11508":{"rss":3266539520,"vms":11412156416,"shared":180199424,"text":2322432,"lib":0,"data":9684353024,"dirty":0,"uss":112357376,"pss":1684111360,"swap":0}},"nvidia_draw_absolute":43.49,"nvidia_estimated_attributable_power_draw":43.49,"average_gpu_estimated_utilization_absolute":0.225,"per_gpu_average_estimated_utilization_absolute":{"(0, 11451)":{"sm":22.5,"mem":1.0,"enc":0.0,"dec":0.0}},"average_gpu_estimated_utilization_relative":1.0,"per_gpu_performance_state":{"0":"P2"},"per_gpu_power_draw":{"0":43.49},"cpu_count_adjusted_average_load":[0.1665625,0.16375,0.1609375],"realtime_carbon_intensity":335.5704697987,"disk_write_speed":19.9436539889,"process_ids":[11451,11508]}
{"timestamp":1572412493.0138719082,"rapl_power_draw_absolute":89.4157504441,"rapl_estimated_attributable_power_draw":19.5864009067,"cpu_time_seconds":{"11451":{"user":41.34,"system":2.88,"children_user":0.06,"children_system":0.16},"11508":{"user":0.38,"system":0.78,"children_user":0.04,"children_system":0.7}},"average_relative_cpu_utilization":0.2262314633,"absolute_cpu_utilization":0.9987942585,"relative_mem_usage":0.1566913602,"absolute_mem_usage":3762272256.0,"absolute_mem_percent_usage":0.0278482633,"mem_info_per_process":{"11451":{"rss":3651280896,"vms":11412156416,"shared":565096448,"text":2322432,"lib":0,"data":9684353024,"dirty":0,"uss":133476352,"pss":1832321024,"swap":0},"11508":{"rss":3266539520,"vms":11412156416,"shared":180199424,"text":2322432,"lib":0,"data":9684353024,"dirty":0,"uss":112361472,"pss":1684113408,"swap":0}},"nvidia_draw_absolute":42.63,"nvidia_estimated_attributable_power_draw":42.63,"average_gpu_estimated_utilization_absolute":0.22,"per_gpu_average_estimated_utilization_absolute":{"(0, 11451)":{"sm":22,"mem":1,"enc":0,"dec":0}},"average_gpu_estimated_utilization_relative":1.0,"per_gpu_performance_state":{"0":"P2"},"per_gpu_power_draw":{"0":42.63},"cpu_count_adjusted_average_load":[0.168125,0.164375,0.16125],"realtime_carbon_intensity":335.5704697987,"disk_write_speed":21.9668164851,"process_ids":[11451,11508]}
{"timestamp":1572412500.9749019146,"rapl_power_draw_absolute":89.976441012,"rapl_estimated_attributable_power_draw":19.3226584341,"cpu_time_seconds":{"11451":{"user":49.3,"system":2.89,"children_user":0.06,"children_system":0.16},"11508":{"user":0.45,"system":0.96,"children_user":0.04,"children_system":0.86}},"average_relative_cpu_utilization":0.2214716075,"absolute_cpu_utilization":0.9987789531,"relative_mem_usage":0.1566291871,"absolute_mem_usage":3762294784.0,"absolute_mem_percent_usage":0.02784843,"mem_info_per_process":{"11451":{"rss":3651280896,"vms":11412156416,"shared":565096448,"text":2322432,"lib":0,"data":9684353024,"dirty":0,"uss":133488640,"pss":1832314880,"swap":0},"11508":{"rss":3266539520,"vms":11412156416,"shared":180199424,"text":2322432,"lib":0,"data":9684353024,"dirty":0,"uss":112373760,"pss":1684117504,"swap":0}},"nvidia_draw_absolute":42.63,"nvidia_estimated_attributable_power_draw":42.63,"average_gpu_estimated_utilization_absolute":0.2266666667,"per_gpu_average_estimated_utilization_absolute":{"(0, 11451)":{"sm":22.6666666667,"mem":1.3333333333,"enc":0.0,"dec":0.0}},"average_gpu_estimated_utilization_relative":1.0,"per_gpu_performance_state":{"0":"P2"},"per_gpu_power_draw":{"0":42.63},"cpu_count_adjusted_average_load":[0.17375,0.165625,0.1615625],"realtime_carbon_intensity":335.5704697987,"disk_write_speed":25.6561927863,"process_ids":[11451,11508]}
{"timestamp":1572412508.9598829746,"rapl_power_draw_absolute":90.2244291615,"rapl_estimated_attributable_power_draw":19.4147890174,"cpu_time_seconds":{"11451":{"user":57.27,"system":2.9,"children_user":0.06,"children_system":0.16},"11508":{"user":0.54,"system":1.14,"children_user":0.06,"children_system":1.02}},"average_relative_cpu_utilization":0.2219631067,"absolute_cpu_utilization":0.9987855847,"relative_mem_usage":0.1566259642,"absolute_mem_usage":3762314240.0,"absolute_mem_percent_usage":0.027848574,"mem_info_per_process":{"11451":{"rss":3651280896,"vms":11412156416,"shared":565096448,"text":2322432,"lib":0,"data":9684353024,"dirty":0,"uss":133492736,"pss":1832315904,"swap":0},"11508":{"rss":3266543616,"vms":11412156416,"shared":180199424,"text":2322432,"lib":0,"data":9684353024,"dirty":0,"uss":112381952,"pss":1684123648,"swap":0}},"nvidia_draw_absolute":41.97,"nvidia_estimated_attributable_power_draw":41.97,"average_gpu_estimated_utilization_absolute":0.22,"per_gpu_average_estimated_utilization_absolute":{"(0, 11451)":{"sm":22,"mem":1,"enc":0,"dec":0}},"average_gpu_estimated_utilization_relative":1.0,"per_gpu_performance_state":{"0":"P2"},"per_gpu_power_draw":{"0":41.97},"cpu_count_adjusted_average_load":[0.1784375,0.166875,0.1621875],"realtime_carbon_intensity":335.5704697987,"disk_write_speed":28.8820283805,"process_ids":[11451,11508]}
{"timestamp":1572412516.9492149353,"rapl_power_draw_absolute":90.0128405949,"rapl_estimated_attributable_power_draw":19.4392108492,"cpu_time_seconds":{"11451":{"user":65.25,"system":2.92,"children_user":0.06,"children_system":0.16},"11508":{"user":0.64,"system":1.32,"children_user":0.06,"children_system":1.19}},"average_relative_cpu_utilization":0.2228198766,"absolute_cpu_utilization":1.0037686817,"relative_mem_usage":0.1565618619,"absolute_mem_usage":3762233344.0,"absolute_mem_percent_usage":0.0278479752,"mem_info_per_process":{"11451":{"rss":3651280896,"vms":11412156416,"shared":565096448,"text":2322432,"lib":0,"data":9684353024,"dirty":0,"uss":133496832,"pss":1832317952,"swap":0},"11508":{"rss":3266543616,"vms":11412156416,"shared":180199424,"text":2322432,"lib":0,"data":9684353024,"dirty":0,"uss":112386048,"pss":1684032512,"swap":0}},"nvidia_draw_absolute":41.77,"nvidia_estimated_attributable_power_draw":41.77,"average_gpu_estimated_utilization_absolute":0.225,"per_gpu_average_estimated_utilization_absolute":{"(0, 11451)":{"sm":22.5,"mem":1.0,"enc":0.0,"dec":0.0}},"average_gpu_estimated_utilization_relative":1.0,"per_gpu_performance_state":{"0":"P2"},"per_gpu_power_draw":{"0":41.77},"cpu_count_adjusted_average_load":[0.1740625,0.1659375,0.161875],"realtime_carbon_intensity":335.5704697987,"disk_write_speed":15.9782705176,"process_ids":[11451,11508]}
{"timestamp":1572412524.9245519638,"rapl_power_draw_absolute":89.8635137806,"rapl_estimated_attributable_power_draw":19.9207358455,"cpu_time_seconds":{"11451":{"user":73.22,"system":2.92,"children_user":0.06,"children_system":0.16},"11508":{"user":0.69,"system":1.5,"children_user":0.07,"children_system":1.35}},"average_relative_cpu_utilization":0.2290820747,"absolute_cpu_utilization":0.9987971331,"relative_mem_usage":0.1566495477,"absolute_mem_usage":3762339840.0,"absolute_mem_percent_usage":0.0278487635,"mem_info_per_process":{"11451":{"rss":3651280896,"vms":11412156416,"shared":565096448,"text":2322432,"lib":0,"data":9684353024,"dirty":0,"uss":133500928,"pss":1832321024,"swap":0},"11508":{"rss":3266543616,"vms":11412156416,"shared":180199424,"text":2322432,"lib":0,"data":9684353024,"dirty":0,"uss":112390144,"pss":1684127744,"swap":0}},"nvidia_draw_absolute":41.38,"nvidia_estimated_attributable_power_draw":41.38,"average_gpu_estimated_utilization_absolute":0.2233333333,"per_gpu_average_estimated_utilization_absolute":{"(0, 11451)":{"sm":22.3333333333,"mem":0.6666666667,"enc":0.0,"dec":0.0}},"average_gpu_estimated_utilization_relative":1.0,"per_gpu_performance_state":{"0":"P2"},"per_gpu_power_draw":{"0":41.38},"cpu_count_adjusted_average_load":[0.1734375,0.16625,0.161875],"realtime_carbon_intensity":335.5704697987,"disk_write_speed":24.9286679934,"process_ids":[11451,11508]}
{"timestamp":1572412533.4398670197,"rapl_power_draw_absolute":87.1605964123,"rapl_estimated_attributable_power_draw":19.8829816215,"cpu_time_seconds":{"11451":{"user":81.73,"system":2.93,"children_user":0.06,"children_system":0.16},"11508":{"user":0.78,"system":1.68,"children_user":0.07,"children_system":1.52}},"average_relative_cpu_utilization":0.2333610264,"absolute_cpu_utilization":0.9987823701,"relative_mem_usage":0.1853238078,"absolute_mem_usage":3850078208.0,"absolute_mem_percent_usage":0.0284982011,"mem_info_per_process":{"11451":{"rss":3651280896,"vms":11412156416,"shared":565096448,"text":2322432,"lib":0,"data":9684353024,"dirty":0,"uss":154734592,"pss":1897277440,"swap":0},"11508":{"rss":3266543616,"vms":11412156416,"shared":180199424,"text":2322432,"lib":0,"data":9684353024,"dirty":0,"uss":112521216,"pss":1685544960,"swap":0}},"nvidia_draw_absolute":39.65,"nvidia_estimated_attributable_power_draw":39.65,"average_gpu_estimated_utilization_absolute":0.22,"per_gpu_average_estimated_utilization_absolute":{"(0, 11451)":{"sm":22,"mem":1,"enc":0,"dec":0}},"average_gpu_estimated_utilization_relative":1.0,"per_gpu_performance_state":{"0":"P2"},"per_gpu_power_draw":{"0":39.65},"cpu_count_adjusted_average_load":[0.1721875,0.1659375,0.161875],"realtime_carbon_intensity":335.5704697987,"disk_write_speed":31.3275448051,"process_ids":[11451,11508]}
{"timestamp":1572412541.5327889919,"rapl_power_draw_absolute":89.3475521154,"rapl_estimated_attributable_power_draw":20.128893901,"cpu_time_seconds":{"11451":{"user":89.81,"system":2.94,"children_user":0.06,"children_system":0.16},"11508":{"user":0.9,"system":1.86,"children_user":0.09,"children_system":1.68}},"average_relative_cpu_utilization":0.2330876363,"absolute_cpu_utilization":0.9987821788,"relative_mem_usage":0.1646922317,"absolute_mem_usage":3778099200.0,"absolute_mem_percent_usage":0.027965414,"mem_info_per_process":{"11451":{"rss":3651280896,"vms":11412156416,"shared":565096448,"text":2322432,"lib":0,"data":9684353024,"dirty":0,"uss":135954432,"pss":1844845568,"swap":0},"11508":{"rss":3266543616,"vms":11412156416,"shared":180199424,"text":2322432,"lib":0,"data":9684353024,"dirty":0,"uss":112525312,"pss":1684773888,"swap":0}},"nvidia_draw_absolute":41.36,"nvidia_estimated_attributable_power_draw":41.36,"average_gpu_estimated_utilization_absolute":0.2233333333,"per_gpu_average_estimated_utilization_absolute":{"(0, 11451)":{"sm":22.3333333333,"mem":1.3333333333,"enc":0.0,"dec":0.0}},"average_gpu_estimated_utilization_relative":1.0,"per_gpu_performance_state":{"0":"P2"},"per_gpu_power_draw":{"0":41.36},"cpu_count_adjusted_average_load":[0.171875,0.16625,0.1621875],"realtime_carbon_intensity":335.5704697987,"disk_write_speed":20.5266141902,"process_ids":[11451,11508]}
{"timestamp":1572412549.5825550556,"rapl_power_draw_absolute":88.6448445727,"rapl_estimated_attributable_power_draw":20.0580124999,"cpu_time_seconds":{"11451":{"user":97.86,"system":2.95,"children_user":0.06,"children_system":0.16},"11508":{"user":0.99,"system":2.02,"children_user":0.09,"children_system":1.86}},"average_relative_cpu_utilization":0.2345203918,"absolute_cpu_utilization":1.0037318715,"relative_mem_usage":0.1557579618,"absolute_mem_usage":3754067968.0,"absolute_mem_percent_usage":0.0277875353,"mem_info_per_process":{"11451":{"rss":3651280896,"vms":11412156416,"shared":565096448,"text":2322432,"lib":0,"data":9684353024,"dirty":0,"uss":128147456,"pss":1828956160,"swap":0},"11508":{"rss":3266543616,"vms":11412156416,"shared":180199424,"text":2322432,"lib":0,"data":9684353024,"dirty":0,"uss":112533504,"pss":1684430848,"swap":0}},"nvidia_draw_absolute":41.28,"nvidia_estimated_attributable_power_draw":41.28,"average_gpu_estimated_utilization_absolute":0.2233333333,"per_gpu_average_estimated_utilization_absolute":{"(0, 11451)":{"sm":22.3333333333,"mem":1.3333333333,"enc":0.0,"dec":0.0}},"average_gpu_estimated_utilization_relative":1.0,"per_gpu_performance_state":{"0":"P2"},"per_gpu_power_draw":{"0":41.28},"cpu_count_adjusted_average_load":[0.1646875,0.165,0.1615625],"realtime_carbon_intensity":335.5704697987,"disk_write_speed":29.442445151,"process_ids":[11451,11508]}
{"timestamp":1572412557.5582919121,"rapl_power_draw_absolute":88.9019147149,"rapl_estimated_attributable_power_draw":19.5760054043,"cpu_time_seconds":{"11451":{"user":105.82,"system":2.96,"children_user":0.06,"children_system":0.16},"11508":{"user":1.08,"system":2.21,"children_user":0.1,"children_system":2.02}},"average_relative_cpu_utilization":0.2277772759,"absolute_cpu_utilization":0.9988002492,"relative_mem_usage":0.1556696454,"absolute_mem_usage":3753393152.0,"absolute_mem_percent_usage":0.0277825403,"mem_info_per_process":{"11451":{"rss":3651280896,"vms":11412156416,"shared":565096448,"text":2322432,"lib":0,"data":9684353024,"dirty":0,"uss":128155648,"pss":1828836352,"swap":0},"11508":{"rss":3266543616,"vms":11412156416,"shared":180199424,"text":2322432,"lib":0,"data":9684353024,"dirty":0,"uss":112340992,"pss":1684060160,"swap":0}},"nvidia_draw_absolute":41.09,"nvidia_estimated_attributable_power_draw":41.09,"average_gpu_estimated_utilization_absolute":0.2233333333,"per_gpu_average_estimated_utilization_absolute":{"(0, 11451)":{"sm":22.3333333333,"mem":1.3333333333,"enc":0.0,"dec":0.0}},"average_gpu_estimated_utilization_relative":1.0,"per_gpu_performance_state":{"0":"P2"},"per_gpu_power_draw":{"0":41.09},"cpu_count_adjusted_average_load":[0.1615625,0.164375,0.1615625],"realtime_carbon_intensity":335.5704697987,"disk_write_speed":25.3776217267,"process_ids":[11451,11508]}
{"timestamp":1572412565.564825058,"rapl_power_draw_absolute":88.8602757855,"rapl_estimated_attributable_power_draw":19.7232721068,"cpu_time_seconds":{"11451":{"user":113.82,"system":2.96,"children_user":0.06,"children_system":0.16},"11508":{"user":1.16,"system":2.4,"children_user":0.11,"children_system":2.18}},"average_relative_cpu_utilization":0.2296074258,"absolute_cpu_utilization":0.9987921439,"relative_mem_usage":0.1556693352,"absolute_mem_usage":3753405440.0,"absolute_mem_percent_usage":0.0277826313,"mem_info_per_process":{"11451":{"rss":3651280896,"vms":11412156416,"shared":565096448,"text":2322432,"lib":0,"data":9684353024,"dirty":0,"uss":128159744,"pss":1828838400,"swap":0},"11508":{"rss":3266543616,"vms":11412156416,"shared":180199424,"text":2322432,"lib":0,"data":9684353024,"dirty":0,"uss":112345088,"pss":1684062208,"swap":0}},"nvidia_draw_absolute":41.09,"nvidia_estimated_attributable_power_draw":41.09,"average_gpu_estimated_utilization_absolute":0.2266666667,"per_gpu_average_estimated_utilization_absolute":{"(0, 11451)":{"sm":22.6666666667,"mem":1.3333333333,"enc":0.0,"dec":0.0}},"average_gpu_estimated_utilization_relative":1.0,"per_gpu_performance_state":{"0":"P2"},"per_gpu_power_draw":{"0":41.09},"cpu_count_adjusted_average_load":[0.1609375,0.1640625,0.16125],"realtime_carbon_intensity":335.5704697987,"disk_write_speed":25.1334096349,"process_ids":[11451,11508]}
{"timestamp":1572412573.5569190979,"rapl_power_draw_absolute":88.9662907668,"rapl_estimated_attributable_power_draw":19.6958920665,"cpu_time_seconds":{"11451":{"user":121.81,"system":2.97,"children_user":0.06,"children_system":0.16},"11508":{"user":1.25,"system":2.57,"children_user":0.13,"children_system":2.34}},"average_relative_cpu_utilization":0.2293402163,"absolute_cpu_utilization":0.9987394738,"relative_mem_usage":0.1556792069,"absolute_mem_usage":3753417728.0,"absolute_mem_percent_usage":0.0277827222,"mem_info_per_process":{"11451":{"rss":3651280896,"vms":11412156416,"shared":565096448,"text":2322432,"lib":0,"data":9684353024,"dirty":0,"uss":128163840,"pss":1828840448,"swap":0},"11508":{"rss":3266543616,"vms":11412156416,"shared":180199424,"text":2322432,"lib":0,"data":9684353024,"dirty":0,"uss":112349184,"pss":1684064256,"swap":0}},"nvidia_draw_absolute":40.79,"nvidia_estimated_attributable_power_draw":40.79,"average_gpu_estimated_utilization_absolute":0.2233333333,"per_gpu_average_estimated_utilization_absolute":{"(0, 11451)":{"sm":22.3333333333,"mem":1.3333333333,"enc":0.0,"dec":0.0}},"average_gpu_estimated_utilization_relative":1.0,"per_gpu_performance_state":{"0":"P2"},"per_gpu_power_draw":{"0":40.79},"cpu_count_adjusted_average_load":[0.163125,0.164375,0.1615625],"realtime_carbon_intensity":335.5704697987,"disk_write_speed":15.3108848979,"process_ids":[11451,11508]}
{"timestamp":1572412581.5489470959,"rapl_power_draw_absolute":88.6839826797,"rapl_estimated_attributable_power_draw":19.4263120047,"cpu_time_seconds":{"11451":{"user":129.8,"system":2.98,"children_user":0.06,"children_system":0.16},"11508":{"user":1.31,"system":2.74,"children_user":0.14,"children_system":2.5}},"average_relative_cpu_utilization":0.2265948374,"absolute_cpu_utilization":1.0037887471,"relative_mem_usage":0.1556901636,"absolute_mem_usage":3753424896.0,"absolute_mem_percent_usage":0.0277827753,"mem_info_per_process":{"11451":{"rss":3651280896,"vms":11412156416,"shared":565096448,"text":2322432,"lib":0,"data":9684353024,"dirty":0,"uss":128167936,"pss":1828839424,"swap":0},"11508":{"rss":3266543616,"vms":11412156416,"shared":180199424,"text":2322432,"lib":0,"data":9684353024,"dirty":0,"uss":112353280,"pss":1684064256,"swap":0}},"nvidia_draw_absolute":40.99,"nvidia_estimated_attributable_power_draw":40.99,"average_gpu_estimated_utilization_absolute":0.2233333333,"per_gpu_average_estimated_utilization_absolute":{"(0, 11451)":{"sm":22.3333333333,"mem":1.3333333333,"enc":0.0,"dec":0.0}},"average_gpu_estimated_utilization_relative":1.0,"per_gpu_performance_state":{"0":"P2"},"per_gpu_power_draw":{"0":40.99},"cpu_count_adjusted_average_load":[0.1640625,0.1646875,0.1615625],"realtime_carbon_intensity":335.5704697987,"disk_write_speed":22.8035165106,"process_ids":[11451,11508]}
{"timestamp":1572412589.5473968983,"rapl_power_draw_absolute":88.8137224815,"rapl_estimated_attributable_power_draw":19.6202448421,"cpu_time_seconds":{"11451":{"user":137.79,"system":2.99,"children_user":0.06,"children_system":0.16},"11508":{"user":1.4,"system":2.91,"children_user":0.14,"children_system":2.67}},"average_relative_cpu_utilization":0.2286548656,"absolute_cpu_utilization":1.0037788833,"relative_mem_usage":0.1556929553,"absolute_mem_usage":3753449472.0,"absolute_mem_percent_usage":0.0277829572,"mem_info_per_process":{"11451":{"rss":3651280896,"vms":11412156416,"shared":565096448,"text":2322432,"lib":0,"data":9684353024,"dirty":0,"uss":128176128,"pss":1828843520,"swap":0},"11508":{"rss":3266543616,"vms":11412156416,"shared":180199424,"text":2322432,"lib":0,"data":9684353024,"dirty":0,"uss":112361472,"pss":1684068352,"swap":0}},"nvidia_draw_absolute":40.6,"nvidia_estimated_attributable_power_draw":40.6,"average_gpu_estimated_utilization_absolute":0.225,"per_gpu_average_estimated_utilization_absolute":{"(0, 11451)":{"sm":22.5,"mem":1.0,"enc":0.0,"dec":0.0}},"average_gpu_estimated_utilization_relative":1.0,"per_gpu_performance_state":{"0":"P2"},"per_gpu_power_draw":{"0":40.6},"cpu_count_adjusted_average_load":[0.1653125,0.165,0.161875],"realtime_carbon_intensity":335.5704697987,"disk_write_speed":18.6930186146,"process_ids":[11451,11508]}
{"timestamp":1572412597.5556969643,"rapl_power_draw_absolute":88.7760471375,"rapl_estimated_attributable_power_draw":19.7138420821,"cpu_time_seconds":{"11451":{"user":145.78,"system":3.0,"children_user":0.06,"children_system":0.16},"11508":{"user":1.47,"system":3.09,"children_user":0.16,"children_system":2.82}},"average_relative_cpu_utilization":0.2298675498,"absolute_cpu_utilization":0.9987629421,"relative_mem_usage":0.1556491275,"absolute_mem_usage":3753364480.0,"absolute_mem_percent_usage":0.0277823281,"mem_info_per_process":{"11451":{"rss":3651280896,"vms":11412156416,"shared":565096448,"text":2322432,"lib":0,"data":9684353024,"dirty":0,"uss":128180224,"pss":1828748288,"swap":0},"11508":{"rss":3266543616,"vms":11412156416,"shared":180199424,"text":2322432,"lib":0,"data":9684353024,"dirty":0,"uss":112365568,"pss":1684070400,"swap":0}},"nvidia_draw_absolute":40.99,"nvidia_estimated_attributable_power_draw":40.99,"average_gpu_estimated_utilization_absolute":0.225,"per_gpu_average_estimated_utilization_absolute":{"(0, 11451)":{"sm":22.5,"mem":1.0,"enc":0.0,"dec":0.0}},"average_gpu_estimated_utilization_relative":1.0,"per_gpu_performance_state":{"0":"P2"},"per_gpu_power_draw":{"0":40.99},"cpu_count_adjusted_average_load":[0.169375,0.165625,0.1621875],"realtime_carbon_intensity":335.5704697987,"disk_write_speed":26.8168574635,"process_ids":[11451,11508]}
{"timestamp":1572412605.5782709122,"rapl_power_draw_absolute":88.6249605151,"rapl_estimated_attributable_power_draw":20.094415274,"cpu_time_seconds":{"11451":{"user":153.8,"system":3.01,"children_user":0.06,"children_system":0.16},"11508":{"user":1.58,"system":3.25,"children_user":0.16,"children_system":3.0}},"average_relative_cpu_utilization":0.2350745637,"absolute_cpu_utilization":1.0037571863,"relative_mem_usage":0.1556686107,"absolute_mem_usage":3753474048.0,"absolute_mem_percent_usage":0.0277831391,"mem_info_per_process":{"11451":{"rss":3651280896,"vms":11412156416,"shared":565096448,"text":2322432,"lib":0,"data":9684353024,"dirty":0,"uss":128184320,"pss":1828847616,"swap":0},"11508":{"rss":3266543616,"vms":11412156416,"shared":180199424,"text":2322432,"lib":0,"data":9684353024,"dirty":0,"uss":112369664,"pss":1684072448,"swap":0}},"nvidia_draw_absolute":40.8,"nvidia_estimated_attributable_power_draw":40.8,"average_gpu_estimated_utilization_absolute":0.22,"per_gpu_average_estimated_utilization_absolute":{"(0, 11451)":{"sm":22,"mem":2,"enc":0,"dec":0}},"average_gpu_estimated_utilization_relative":1.0,"per_gpu_performance_state":{"0":"P2"},"per_gpu_power_draw":{"0":40.8},"cpu_count_adjusted_average_load":[0.1628125,0.164375,0.1615625],"realtime_carbon_intensity":335.5704697987,"disk_write_speed":27.6485187954,"process_ids":[11451,11508]}
{"timestamp":1572412613.5506649017,"rapl_power_draw_absolute":88.5759375204,"rapl_estimated_attributable_power_draw":19.5897909725,"cpu_time_seconds":{"11451":{"user":161.76,"system":3.02,"children_user":0.06,"children_system":0.16},"11508":{"user":1.68,"system":3.42,"children_user":0.18,"children_system":3.16}},"average_relative_cpu_utilization":0.2288113989,"absolute_cpu_utilization":0.9987355888,"relative_mem_usage":0.1556777079,"absolute_mem_usage":3753474048.0,"absolute_mem_percent_usage":0.0277831391,"mem_info_per_process":{"11451":{"rss":3651280896,"vms":11412156416,"shared":565096448,"text":2322432,"lib":0,"data":9684353024,"dirty":0,"uss":128184320,"pss":1828847616,"swap":0},"11508":{"rss":3266543616,"vms":11412156416,"shared":180199424,"text":2322432,"lib":0,"data":9684353024,"dirty":0,"uss":112369664,"pss":1684072448,"swap":0}},"nvidia_draw_absolute":40.9,"nvidia_estimated_attributable_power_draw":40.9,"average_gpu_estimated_utilization_absolute":0.2233333333,"per_gpu_average_estimated_utilization_absolute":{"(0, 11451)":{"sm":22.3333333333,"mem":1.3333333333,"enc":0.0,"dec":0.0}},"average_gpu_estimated_utilization_relative":1.0,"per_gpu_performance_state":{"0":"P2"},"per_gpu_power_draw":{"0":40.9},"cpu_count_adjusted_average_load":[0.1646875,0.1646875,0.161875],"realtime_carbon_intensity":335.5704697987,"disk_write_speed":29.7176391234,"process_ids":[11451,11508]}
{"timestamp":1572412621.5449430943,"rapl_power_draw_absolute":88.6130007012,"rapl_estimated_attributable_power_draw":19.8165190288,"cpu_time_seconds":{"11451":{"user":169.75,"system":3.03,"children_user":0.06,"children_system":0.16},"11508":{"user":1.78,"system":3.59,"children_user":0.18,"children_system":3.34}},"average_relative_cpu_utilization":0.2315556386,"absolute_cpu_utilization":1.0037927023,"relative_mem_usage":0.1556675865,"absolute_mem_usage":3753486336.0,"absolute_mem_percent_usage":0.0277832301,"mem_info_per_process":{"11451":{"rss":3651280896,"vms":11412156416,"shared":565096448,"text":2322432,"lib":0,"data":9684353024,"dirty":0,"uss":128188416,"pss":1828849664,"swap":0},"11508":{"rss":3266543616,"vms":11412156416,"shared":180199424,"text":2322432,"lib":0,"data":9684353024,"dirty":0,"uss":112373760,"pss":1684074496,"swap":0}},"nvidia_draw_absolute":40.32,"nvidia_estimated_attributable_power_draw":40.32,"average_gpu_estimated_utilization_absolute":0.2233333333,"per_gpu_average_estimated_utilization_absolute":{"(0, 11451)":{"sm":22.3333333333,"mem":1.3333333333,"enc":0.0,"dec":0.0}},"average_gpu_estimated_utilization_relative":1.0,"per_gpu_performance_state":{"0":"P2"},"per_gpu_power_draw":{"0":40.32},"cpu_count_adjusted_average_load":[0.1609375,0.1640625,0.1615625],"realtime_carbon_intensity":335.5704697987,"disk_write_speed":23.8662471757,"process_ids":[11451,11508]}
{"timestamp":1572412629.5142009258,"rapl_power_draw_absolute":88.4896037679,"rapl_estimated_attributable_power_draw":19.6618941187,"cpu_time_seconds":{"11451":{"user":177.71,"system":3.04,"children_user":0.06,"children_system":0.16},"11508":{"user":1.85,"system":3.78,"children_user":0.19,"children_system":3.5}},"average_relative_cpu_utilization":0.2301388435,"absolute_cpu_utilization":0.998796793,"relative_mem_usage":0.1556736495,"absolute_mem_usage":3753498624.0,"absolute_mem_percent_usage":0.027783321,"mem_info_per_process":{"11451":{"rss":3651280896,"vms":11412156416,"shared":565096448,"text":2322432,"lib":0,"data":9684353024,"dirty":0,"uss":128192512,"pss":1828851712,"swap":0},"11508":{"rss":3266543616,"vms":11412156416,"shared":180199424,"text":2322432,"lib":0,"data":9684353024,"dirty":0,"uss":112377856,"pss":1684076544,"swap":0}},"nvidia_draw_absolute":40.9,"nvidia_estimated_attributable_power_draw":40.9,"average_gpu_estimated_utilization_absolute":0.225,"per_gpu_average_estimated_utilization_absolute":{"(0, 11451)":{"sm":22.5,"mem":1.0,"enc":0.0,"dec":0.0}},"average_gpu_estimated_utilization_relative":1.0,"per_gpu_performance_state":{"0":"P2"},"per_gpu_power_draw":{"0":40.9},"cpu_count_adjusted_average_load":[0.1646875,0.1646875,0.161875],"realtime_carbon_intensity":335.5704697987,"disk_write_speed":25.3566739321,"process_ids":[11451,11508]}
{"timestamp":1572412637.498497963,"rapl_power_draw_absolute":88.4416154614,"rapl_estimated_attributable_power_draw":19.6768050951,"cpu_time_seconds":{"11451":{"user":185.69,"system":3.05,"children_user":0.06,"children_system":0.16},"11508":{"user":1.93,"system":3.96,"children_user":0.19,"children_system":3.68}},"average_relative_cpu_utilization":0.2304940243,"absolute_cpu_utilization":1.0037737685,"relative_mem_usage":0.1556773663,"absolute_mem_usage":3753523200.0,"absolute_mem_percent_usage":0.0277835029,"mem_info_per_process":{"11451":{"rss":3651280896,"vms":11412156416,"shared":565096448,"text":2322432,"lib":0,"data":9684353024,"dirty":0,"uss":128200704,"pss":1828855808,"swap":0},"11508":{"rss":3266543616,"vms":11412156416,"shared":180199424,"text":2322432,"lib":0,"data":9684353024,"dirty":0,"uss":112386048,"pss":1684080640,"swap":0}},"nvidia_draw_absolute":40.33,"nvidia_estimated_attributable_power_draw":40.33,"average_gpu_estimated_utilization_absolute":0.225,"per_gpu_average_estimated_utilization_absolute":{"(0, 11451)":{"sm":22.5,"mem":1.0,"enc":0.0,"dec":0.0}},"average_gpu_estimated_utilization_relative":1.0,"per_gpu_performance_state":{"0":"P2"},"per_gpu_power_draw":{"0":40.33},"cpu_count_adjusted_average_load":[0.1665625,0.165,0.1621875],"realtime_carbon_intensity":335.5704697987,"disk_write_speed":28.675289444,"process_ids":[11451,11508]}
{"timestamp":1572412645.5342729092,"rapl_power_draw_absolute":86.6259268574,"rapl_estimated_attributable_power_draw":20.8453088829,"cpu_time_seconds":{"11451":{"user":193.71,"system":3.06,"children_user":0.06,"children_system":0.16},"11508":{"user":2.02,"system":4.14,"children_user":0.2,"children_system":3.84}},"average_relative_cpu_utilization":0.247512633,"absolute_cpu_utilization":0.9987674237,"relative_mem_usage":0.1844260833,"absolute_mem_usage":3833363456.0,"absolute_mem_percent_usage":0.0283744789,"mem_info_per_process":{"11451":{"rss":3651280896,"vms":11412156416,"shared":565096448,"text":2322432,"lib":0,"data":9684353024,"dirty":0,"uss":143650816,"pss":1891810304,"swap":0},"11508":{"rss":3266543616,"vms":11412156416,"shared":180199424,"text":2322432,"lib":0,"data":9684353024,"dirty":0,"uss":112496640,"pss":1685405696,"swap":0}},"nvidia_draw_absolute":40.24,"nvidia_estimated_attributable_power_draw":40.24,"average_gpu_estimated_utilization_absolute":0.215,"per_gpu_average_estimated_utilization_absolute":{"(0, 11451)":{"sm":21.5,"mem":1.0,"enc":0.0,"dec":0.0}},"average_gpu_estimated_utilization_relative":1.0,"per_gpu_performance_state":{"0":"P2"},"per_gpu_power_draw":{"0":40.24},"cpu_count_adjusted_average_load":[0.1625,0.164375,0.161875],"realtime_carbon_intensity":333.430730058,"disk_write_speed":31.7712845408,"process_ids":[11451,11508]}
{"timestamp":1572412654.1163079739,"rapl_power_draw_absolute":86.5632220159,"rapl_estimated_attributable_power_draw":21.1830266122,"cpu_time_seconds":{"11451":{"user":202.29,"system":3.06,"children_user":0.06,"children_system":0.16},"11508":{"user":2.12,"system":4.33,"children_user":0.2,"children_system":4.01}},"average_relative_cpu_utilization":0.2525162256,"absolute_cpu_utilization":0.9988092336,"relative_mem_usage":0.1831177702,"absolute_mem_usage":3815437312.0,"absolute_mem_percent_usage":0.0282417899,"mem_info_per_process":{"11451":{"rss":3651280896,"vms":11412156416,"shared":565096448,"text":2322432,"lib":0,"data":9684353024,"dirty":0,"uss":142557184,"pss":1875625984,"swap":0},"11508":{"rss":3266543616,"vms":11412156416,"shared":180199424,"text":2322432,"lib":0,"data":9684353024,"dirty":0,"uss":112529408,"pss":1684724736,"swap":0}},"nvidia_draw_absolute":40.76,"nvidia_estimated_attributable_power_draw":40.76,"average_gpu_estimated_utilization_absolute":0.22,"per_gpu_average_estimated_utilization_absolute":{"(0, 11451)":{"sm":22,"mem":1,"enc":0,"dec":0}},"average_gpu_estimated_utilization_relative":1.0,"per_gpu_performance_state":{"0":"P2"},"per_gpu_power_draw":{"0":40.76},"cpu_count_adjusted_average_load":[0.16625,0.165,0.1621875],"realtime_carbon_intensity":333.430730058,"disk_write_speed":19.6601487576,"process_ids":[11451,11508]}
{"timestamp":1572412662.829433918,"rapl_power_draw_absolute":87.8329975793,"rapl_estimated_attributable_power_draw":20.7003585759,"cpu_time_seconds":{"11451":{"user":211.0,"system":3.07,"children_user":0.06,"children_system":0.16},"11508":{"user":2.2,"system":4.49,"children_user":0.22,"children_system":4.17}},"average_relative_cpu_utilization":0.2459906716,"absolute_cpu_utilization":0.9987964084,"relative_mem_usage":0.1564321754,"absolute_mem_usage":3765815296.0,"absolute_mem_percent_usage":0.0278744888,"mem_info_per_process":{"11451":{"rss":3651280896,"vms":11412156416,"shared":565096448,"text":2322432,"lib":0,"data":9684353024,"dirty":0,"uss":136269824,"pss":1832298496,"swap":0},"11508":{"rss":3266543616,"vms":11412156416,"shared":180199424,"text":2322432,"lib":0,"data":9684353024,"dirty":0,"uss":112529408,"pss":1684717568,"swap":0}},"nvidia_draw_absolute":40.69,"nvidia_estimated_attributable_power_draw":40.69,"average_gpu_estimated_utilization_absolute":0.225,"per_gpu_average_estimated_utilization_absolute":{"(0, 11451)":{"sm":22.5,"mem":1.5,"enc":0.0,"dec":0.0}},"average_gpu_estimated_utilization_relative":1.0,"per_gpu_performance_state":{"0":"P2"},"per_gpu_power_draw":{"0":40.69},"cpu_count_adjusted_average_load":[0.168125,0.1653125,0.1621875],"realtime_carbon_intensity":333.430730058,"disk_write_speed":19.8184526946,"process_ids":[11451,11508]}
{"timestamp":1572412670.8197069168,"rapl_power_draw_absolute":89.2208643484,"rapl_estimated_attributable_power_draw":19.717098961,"cpu_time_seconds":{"11451":{"user":218.99,"system":3.07,"children_user":0.06,"children_system":0.16},"11508":{"user":2.28,"system":4.66,"children_user":0.23,"children_system":4.34}},"average_relative_cpu_utilization":0.2288215773,"absolute_cpu_utilization":0.9988210631,"relative_mem_usage":0.1556448992,"absolute_mem_usage":3764668416.0,"absolute_mem_percent_usage":0.0278659996,"mem_info_per_process":{"11451":{"rss":3651280896,"vms":11412156416,"shared":565096448,"text":2322432,"lib":0,"data":9684353024,"dirty":0,"uss":136220672,"pss":1831798784,"swap":0},"11508":{"rss":3266543616,"vms":11412156416,"shared":180199424,"text":2322432,"lib":0,"data":9684353024,"dirty":0,"uss":112508928,"pss":1684140032,"swap":0}},"nvidia_draw_absolute":40.36,"nvidia_estimated_attributable_power_draw":40.36,"average_gpu_estimated_utilization_absolute":0.225,"per_gpu_average_estimated_utilization_absolute":{"(0, 11451)":{"sm":22.5,"mem":1.0,"enc":0.0,"dec":0.0}},"average_gpu_estimated_utilization_relative":1.0,"per_gpu_performance_state":{"0":"P2"},"per_gpu_power_draw":{"0":40.36},"cpu_count_adjusted_average_load":[0.16875,0.165625,0.1621875],"realtime_carbon_intensity":333.430730058,"disk_write_speed":28.9169810488,"process_ids":[11451,11508]}
{"timestamp":1572412678.7937440872,"rapl_power_draw_absolute":88.8571872007,"rapl_estimated_attributable_power_draw":19.8978276133,"cpu_time_seconds":{"11451":{"user":226.96,"system":3.08,"children_user":0.06,"children_system":0.16},"11508":{"user":2.37,"system":4.84,"children_user":0.24,"children_system":4.5}},"average_relative_cpu_utilization":0.2320892107,"absolute_cpu_utilization":1.003799711,"relative_mem_usage":0.1556439536,"absolute_mem_usage":3764688896.0,"absolute_mem_percent_usage":0.0278661512,"mem_info_per_process":{"11451":{"rss":3651280896,"vms":11412156416,"shared":565096448,"text":2322432,"lib":0,"data":9684353024,"dirty":0,"uss":136228864,"pss":1831800832,"swap":0},"11508":{"rss":3266543616,"vms":11412156416,"shared":180199424,"text":2322432,"lib":0,"data":9684353024,"dirty":0,"uss":112517120,"pss":1684142080,"swap":0}},"nvidia_draw_absolute":40.93,"nvidia_estimated_attributable_power_draw":40.93,"average_gpu_estimated_utilization_absolute":0.225,"per_gpu_average_estimated_utilization_absolute":{"(0, 11451)":{"sm":22.5,"mem":1.5,"enc":0.0,"dec":0.0}},"average_gpu_estimated_utilization_relative":1.0,"per_gpu_performance_state":{"0":"P2"},"per_gpu_power_draw":{"0":40.93},"cpu_count_adjusted_average_load":[0.1740625,0.166875,0.1628125],"realtime_carbon_intensity":333.430730058,"disk_write_speed":17.1542901703,"process_ids":[11451,11508]}
{"timestamp":1572412686.7815980911,"rapl_power_draw_absolute":88.8904858981,"rapl_estimated_attributable_power_draw":19.8662533078,"cpu_time_seconds":{"11451":{"user":234.94,"system":3.09,"children_user":0.06,"children_system":0.16},"11508":{"user":2.42,"system":5.03,"children_user":0.25,"children_system":4.66}},"average_relative_cpu_utilization":0.2315548789,"absolute_cpu_utilization":1.0037877629,"relative_mem_usage":0.1556184326,"absolute_mem_usage":3764713472.0,"absolute_mem_percent_usage":0.0278663331,"mem_info_per_process":{"11451":{"rss":3651280896,"vms":11412156416,"shared":565096448,"text":2322432,"lib":0,"data":9684353024,"dirty":0,"uss":136237056,"pss":1831804928,"swap":0},"11508":{"rss":3266543616,"vms":11412156416,"shared":180199424,"text":2322432,"lib":0,"data":9684353024,"dirty":0,"uss":112525312,"pss":1684146176,"swap":0}},"nvidia_draw_absolute":40.37,"nvidia_estimated_attributable_power_draw":40.37,"average_gpu_estimated_utilization_absolute":0.2266666667,"per_gpu_average_estimated_utilization_absolute":{"(0, 11451)":{"sm":22.6666666667,"mem":1.6666666667,"enc":0.0,"dec":0.0}},"average_gpu_estimated_utilization_relative":1.0,"per_gpu_performance_state":{"0":"P2"},"per_gpu_power_draw":{"0":40.37},"cpu_count_adjusted_average_load":[0.17,0.16625,0.1625],"realtime_carbon_intensity":333.430730058,"disk_write_speed":19.900032595,"process_ids":[11451,11508]}
{"timestamp":1572412694.7598640919,"rapl_power_draw_absolute":88.7935192791,"rapl_estimated_attributable_power_draw":20.0335957335,"cpu_time_seconds":{"11451":{"user":242.92,"system":3.09,"children_user":0.06,"children_system":0.16},"11508":{"user":2.5,"system":5.2,"children_user":0.26,"children_system":4.83}},"average_relative_cpu_utilization":0.2339054653,"absolute_cpu_utilization":0.9987924115,"relative_mem_usage":0.15557119,"absolute_mem_usage":3764631552.0,"absolute_mem_percent_usage":0.0278657267,"mem_info_per_process":{"11451":{"rss":3651280896,"vms":11412156416,"shared":565096448,"text":2322432,"lib":0,"data":9684353024,"dirty":0,"uss":136241152,"pss":1831806976,"swap":0},"11508":{"rss":3266543616,"vms":11412156416,"shared":180199424,"text":2322432,"lib":0,"data":9684353024,"dirty":0,"uss":112529408,"pss":1684054016,"swap":0}},"nvidia_draw_absolute":40.89,"nvidia_estimated_attributable_power_draw":40.89,"average_gpu_estimated_utilization_absolute":0.225,"per_gpu_average_estimated_utilization_absolute":{"(0, 11451)":{"sm":22.5,"mem":2.0,"enc":0.0,"dec":0.0}},"average_gpu_estimated_utilization_relative":1.0,"per_gpu_performance_state":{"0":"P2"},"per_gpu_power_draw":{"0":40.89},"cpu_count_adjusted_average_load":[0.163125,0.1646875,0.1621875],"realtime_carbon_intensity":333.430730058,"disk_write_speed":18.856304603,"process_ids":[11451,11508]}
{"timestamp":1572412702.7598528862,"rapl_power_draw_absolute":88.6041989792,"rapl_estimated_attributable_power_draw":20.0443929826,"cpu_time_seconds":{"11451":{"user":250.9,"system":3.11,"children_user":0.06,"children_system":0.16},"11508":{"user":2.57,"system":5.38,"children_user":0.26,"children_system":5.0}},"average_relative_cpu_utilization":0.234457474,"absolute_cpu_utilization":0.9988047256,"relative_mem_usage":0.1556229838,"absolute_mem_usage":3764638720.0,"absolute_mem_percent_usage":0.0278657798,"mem_info_per_process":{"11451":{"rss":3651280896,"vms":11412156416,"shared":565096448,"text":2322432,"lib":0,"data":9684353024,"dirty":0,"uss":136249344,"pss":1831700480,"swap":0},"11508":{"rss":3266543616,"vms":11412156416,"shared":180199424,"text":2322432,"lib":0,"data":9684353024,"dirty":0,"uss":112537600,"pss":1684151296,"swap":0}},"nvidia_draw_absolute":40.32,"nvidia_estimated_attributable_power_draw":40.32,"average_gpu_estimated_utilization_absolute":0.2266666667,"per_gpu_average_estimated_utilization_absolute":{"(0, 11451)":{"sm":22.6666666667,"mem":1.6666666667,"enc":0.0,"dec":0.0}},"average_gpu_estimated_utilization_relative":1.0,"per_gpu_performance_state":{"0":"P2"},"per_gpu_power_draw":{"0":40.32},"cpu_count_adjusted_average_load":[0.16,0.1640625,0.161875],"realtime_carbon_intensity":333.430730058,"disk_write_speed":16.9425603288,"process_ids":[11451,11508]}
{"timestamp":1572412710.7559609413,"rapl_power_draw_absolute":88.1472973438,"rapl_estimated_attributable_power_draw":20.2468603096,"cpu_time_seconds":{"11451":{"user":258.89,"system":3.11,"children_user":0.06,"children_system":0.16},"11508":{"user":2.62,"system":5.56,"children_user":0.26,"children_system":5.18}},"average_relative_cpu_utilization":0.2383679036,"absolute_cpu_utilization":0.998803174,"relative_mem_usage":0.1556361991,"absolute_mem_usage":3764749312.0,"absolute_mem_percent_usage":0.0278665984,"mem_info_per_process":{"11451":{"rss":3651280896,"vms":11412156416,"shared":565096448,"text":2322432,"lib":0,"data":9684353024,"dirty":0,"uss":136249344,"pss":1831811072,"swap":0},"11508":{"rss":3266543616,"vms":11412156416,"shared":180199424,"text":2322432,"lib":0,"data":9684353024,"dirty":0,"uss":112537600,"pss":1684151296,"swap":0}},"nvidia_draw_absolute":40.54,"nvidia_estimated_attributable_power_draw":40.54,"average_gpu_estimated_utilization_absolute":0.22,"per_gpu_average_estimated_utilization_absolute":{"(0, 11451)":{"sm":22.0,"mem":1.5,"enc":0.0,"dec":0.0}},"average_gpu_estimated_utilization_relative":1.0,"per_gpu_performance_state":{"0":"P2"},"per_gpu_power_draw":{"0":40.54},"cpu_count_adjusted_average_load":[0.159375,0.16375,0.161875],"realtime_carbon_intensity":333.430730058,"disk_write_speed":18.8562452627,"process_ids":[11451,11508]}
{"timestamp":1572412718.7579419613,"rapl_power_draw_absolute":88.7850958854,"rapl_estimated_attributable_power_draw":20.1836291391,"cpu_time_seconds":{"11451":{"user":266.88,"system":3.13,"children_user":0.06,"children_system":0.16},"11508":{"user":2.69,"system":5.74,"children_user":0.27,"children_system":5.35}},"average_relative_cpu_utilization":0.2358364479,"absolute_cpu_utilization":0.9988030625,"relative_mem_usage":0.155428872,"absolute_mem_usage":3764758528.0,"absolute_mem_percent_usage":0.0278666666,"mem_info_per_process":{"11451":{"rss":3651280896,"vms":11412156416,"shared":565096448,"text":2322432,"lib":0,"data":9684353024,"dirty":0,"uss":136253440,"pss":1831810048,"swap":0},"11508":{"rss":3266543616,"vms":11412156416,"shared":180199424,"text":2322432,"lib":0,"data":9684353024,"dirty":0,"uss":112541696,"pss":1684153344,"swap":0}},"nvidia_draw_absolute":40.65,"nvidia_estimated_attributable_power_draw":40.65,"average_gpu_estimated_utilization_absolute":0.225,"per_gpu_average_estimated_utilization_absolute":{"(0, 11451)":{"sm":22.5,"mem":2.0,"enc":0.0,"dec":0.0}},"average_gpu_estimated_utilization_relative":1.0,"per_gpu_performance_state":{"0":"P2"},"per_gpu_power_draw":{"0":40.65},"cpu_count_adjusted_average_load":[0.1590625,0.16375,0.161875],"realtime_carbon_intensity":333.430730058,"disk_write_speed":17.8726370754,"process_ids":[11451,11508]}
{"timestamp":1572412726.7813808918,"rapl_power_draw_absolute":88.551763665,"rapl_estimated_attributable_power_draw":20.3047924582,"cpu_time_seconds":{"11451":{"user":274.9,"system":3.14,"children_user":0.06,"children_system":0.16},"11508":{"user":2.76,"system":5.91,"children_user":0.28,"children_system":5.51}},"average_relative_cpu_utilization":0.2380834283,"absolute_cpu_utilization":0.9987876156,"relative_mem_usage":0.1554761419,"absolute_mem_usage":3764771840.0,"absolute_mem_percent_usage":0.0278667651,"mem_info_per_process":{"11451":{"rss":3651280896,"vms":11412156416,"shared":565096448,"text":2322432,"lib":0,"data":9684353024,"dirty":0,"uss":136257536,"pss":1831812096,"swap":0},"11508":{"rss":3266543616,"vms":11412156416,"shared":180199424,"text":2322432,"lib":0,"data":9684353024,"dirty":0,"uss":112545792,"pss":1684156416,"swap":0}},"nvidia_draw_absolute":40.47,"nvidia_estimated_attributable_power_draw":40.47,"average_gpu_estimated_utilization_absolute":0.225,"per_gpu_average_estimated_utilization_absolute":{"(0, 11451)":{"sm":22.5,"mem":2.0,"enc":0.0,"dec":0.0}},"average_gpu_estimated_utilization_relative":1.0,"per_gpu_performance_state":{"0":"P2"},"per_gpu_power_draw":{"0":40.47},"cpu_count_adjusted_average_load":[0.16125,0.1640625,0.161875],"realtime_carbon_intensity":333.430730058,"disk_write_speed":27.1591504477,"process_ids":[11451,11508]}
{"timestamp":1572412734.7431778908,"rapl_power_draw_absolute":88.5794369065,"rapl_estimated_attributable_power_draw":20.3305894137,"cpu_time_seconds":{"11451":{"user":282.86,"system":3.14,"children_user":0.06,"children_system":0.16},"11508":{"user":2.86,"system":6.08,"children_user":0.28,"children_system":5.68}},"average_relative_cpu_utilization":0.2381400247,"absolute_cpu_utilization":1.0037786984,"relative_mem_usage":0.1555051635,"absolute_mem_usage":3764784128.0,"absolute_mem_percent_usage":0.0278668561,"mem_info_per_process":{"11451":{"rss":3651280896,"vms":11412156416,"shared":565096448,"text":2322432,"lib":0,"data":9684353024,"dirty":0,"uss":136261632,"pss":1831814144,"swap":0},"11508":{"rss":3266543616,"vms":11412156416,"shared":180199424,"text":2322432,"lib":0,"data":9684353024,"dirty":0,"uss":112549888,"pss":1684158464,"swap":0}},"nvidia_draw_absolute":40.12,"nvidia_estimated_attributable_power_draw":40.12,"average_gpu_estimated_utilization_absolute":0.225,"per_gpu_average_estimated_utilization_absolute":{"(0, 11451)":{"sm":22.5,"mem":1.5,"enc":0.0,"dec":0.0}},"average_gpu_estimated_utilization_relative":1.0,"per_gpu_performance_state":{"0":"P2"},"per_gpu_power_draw":{"0":40.12},"cpu_count_adjusted_average_load":[0.1628125,0.164375,0.161875],"realtime_carbon_intensity":333.430730058,"disk_write_speed":29.5217180761,"process_ids":[11451,11508]}
{"timestamp":1572412742.7102949619,"rapl_power_draw_absolute":91.708597318,"rapl_estimated_attributable_power_draw":19.0440544694,"cpu_time_seconds":{"11451":{"user":290.82,"system":3.14,"children_user":0.06,"children_system":0.16},"11508":{"user":2.95,"system":6.26,"children_user":0.3,"children_system":5.84}},"average_relative_cpu_utilization":0.2135953465,"absolute_cpu_utilization":1.0037933051,"relative_mem_usage":0.1549252495,"absolute_mem_usage":3764674560.0,"absolute_mem_percent_usage":0.0278660451,"mem_info_per_process":{"11451":{"rss":3651280896,"vms":11412156416,"shared":565096448,"text":2322432,"lib":0,"data":9684353024,"dirty":0,"uss":136273920,"pss":1831677952,"swap":0},"11508":{"rss":3266543616,"vms":11412156416,"shared":180199424,"text":2322432,"lib":0,"data":9684353024,"dirty":0,"uss":112562176,"pss":1684160512,"swap":0}},"nvidia_draw_absolute":40.46,"nvidia_estimated_attributable_power_draw":40.46,"average_gpu_estimated_utilization_absolute":0.22,"per_gpu_average_estimated_utilization_absolute":{"(0, 11451)":{"sm":22.0,"mem":1.5,"enc":0.0,"dec":0.0}},"average_gpu_estimated_utilization_relative":1.0,"per_gpu_performance_state":{"0":"P2"},"per_gpu_power_draw":{"0":40.46},"cpu_count_adjusted_average_load":[0.1596875,0.16375,0.161875],"realtime_carbon_intensity":333.430730058,"disk_write_speed":29.8630698777,"process_ids":[11451,11508]}
{"timestamp":1572412750.6774089336,"rapl_power_draw_absolute":91.2543776916,"rapl_estimated_attributable_power_draw":18.5340128531,"cpu_time_seconds":{"11451":{"user":298.78,"system":3.16,"children_user":0.06,"children_system":0.16},"11508":{"user":3.05,"system":6.44,"children_user":0.3,"children_system":6.0}},"average_relative_cpu_utilization":0.2087166975,"absolute_cpu_utilization":1.0037969863,"relative_mem_usage":0.1551111064,"absolute_mem_usage":3764844544.0,"absolute_mem_percent_usage":0.0278673033,"mem_info_per_process":{"11451":{"rss":3651280896,"vms":11412156416,"shared":565096448,"text":2322432,"lib":0,"data":9684353024,"dirty":0,"uss":136282112,"pss":1831824384,"swap":0},"11508":{"rss":3266543616,"vms":11412156416,"shared":180199424,"text":2322432,"lib":0,"data":9684353024,"dirty":0,"uss":112570368,"pss":1684167680,"swap":0}},"nvidia_draw_absolute":40.04,"nvidia_estimated_attributable_power_draw":40.04,"average_gpu_estimated_utilization_absolute":0.2166666667,"per_gpu_average_estimated_utilization_absolute":{"(0, 11451)":{"sm":21.6666666667,"mem":1.3333333333,"enc":0.0,"dec":0.0}},"average_gpu_estimated_utilization_relative":1.0,"per_gpu_performance_state":{"0":"P2"},"per_gpu_power_draw":{"0":40.04},"cpu_count_adjusted_average_load":[0.16875,0.1653125,0.1625],"realtime_carbon_intensity":333.430730058,"disk_write_speed":24.1319517839,"process_ids":[11451,11508]}
{"timestamp":1572412758.680535078,"rapl_power_draw_absolute":94.2744716057,"rapl_estimated_attributable_power_draw":17.7069402472,"cpu_time_seconds":{"11451":{"user":306.78,"system":3.16,"children_user":0.06,"children_system":0.16},"11508":{"user":3.13,"system":6.63,"children_user":0.3,"children_system":6.18}},"average_relative_cpu_utilization":0.1917448281,"absolute_cpu_utilization":0.9987945502,"relative_mem_usage":0.1551629938,"absolute_mem_usage":3764845568.0,"absolute_mem_percent_usage":0.0278673109,"mem_info_per_process":{"11451":{"rss":3651280896,"vms":11412156416,"shared":565096448,"text":2322432,"lib":0,"data":9684353024,"dirty":0,"uss":136282112,"pss":1831824384,"swap":0},"11508":{"rss":3266543616,"vms":11412156416,"shared":180199424,"text":2322432,"lib":0,"data":9684353024,"dirty":0,"uss":112570368,"pss":1684168704,"swap":0}},"nvidia_draw_absolute":40.16,"nvidia_estimated_attributable_power_draw":40.16,"average_gpu_estimated_utilization_absolute":0.2233333333,"per_gpu_average_estimated_utilization_absolute":{"(0, 11451)":{"sm":22.3333333333,"mem":1.6666666667,"enc":0.0,"dec":0.0}},"average_gpu_estimated_utilization_relative":1.0,"per_gpu_performance_state":{"0":"P2"},"per_gpu_power_draw":{"0":40.16},"cpu_count_adjusted_average_load":[0.1678125,0.1653125,0.1625],"realtime_carbon_intensity":333.430730058,"disk_write_speed":22.4976479486,"process_ids":[11451,11508]}
{"timestamp":1572412766.7423760891,"rapl_power_draw_absolute":89.4653550179,"rapl_estimated_attributable_power_draw":19.7514698455,"cpu_time_seconds":{"11451":{"user":314.84,"system":3.16,"children_user":0.06,"children_system":0.16},"11508":{"user":3.2,"system":6.82,"children_user":0.3,"children_system":6.35}},"average_relative_cpu_utilization":0.2283000129,"absolute_cpu_utilization":0.9987793303,"relative_mem_usage":0.1557596492,"absolute_mem_usage":3764872192.0,"absolute_mem_percent_usage":0.0278675079,"mem_info_per_process":{"11451":{"rss":3651280896,"vms":11412156416,"shared":565096448,"text":2322432,"lib":0,"data":9684353024,"dirty":0,"uss":136286208,"pss":1831838720,"swap":0},"11508":{"rss":3266543616,"vms":11412156416,"shared":180199424,"text":2322432,"lib":0,"data":9684353024,"dirty":0,"uss":112574464,"pss":1684172800,"swap":0}},"nvidia_draw_absolute":40.28,"nvidia_estimated_attributable_power_draw":40.28,"average_gpu_estimated_utilization_absolute":0.22,"per_gpu_average_estimated_utilization_absolute":{"(0, 11451)":{"sm":22.0,"mem":1.5,"enc":0.0,"dec":0.0}},"average_gpu_estimated_utilization_relative":1.0,"per_gpu_performance_state":{"0":"P2"},"per_gpu_power_draw":{"0":40.28},"cpu_count_adjusted_average_load":[0.1803125,0.168125,0.1634375],"realtime_carbon_intensity":333.430730058,"disk_write_speed":16.8737066038,"process_ids":[11451,11508]}
{"timestamp":1572412774.7834091187,"rapl_power_draw_absolute":88.1964742593,"rapl_estimated_attributable_power_draw":20.279480983,"cpu_time_seconds":{"11451":{"user":322.88,"system":3.16,"children_user":0.06,"children_system":0.16},"11508":{"user":3.27,"system":7.0,"children_user":0.31,"children_system":6.51}},"average_relative_cpu_utilization":0.2386523145,"absolute_cpu_utilization":0.9988082023,"relative_mem_usage":0.1558011861,"absolute_mem_usage":3764884480.0,"absolute_mem_percent_usage":0.0278675989,"mem_info_per_process":{"11451":{"rss":3651280896,"vms":11412156416,"shared":565096448,"text":2322432,"lib":0,"data":9684353024,"dirty":0,"uss":136290304,"pss":1831840768,"swap":0},"11508":{"rss":3266543616,"vms":11412156416,"shared":180199424,"text":2322432,"lib":0,"data":9684353024,"dirty":0,"uss":112578560,"pss":1684174848,"swap":0}},"nvidia_draw_absolute":40.56,"nvidia_estimated_attributable_power_draw":40.56,"average_gpu_estimated_utilization_absolute":0.2266666667,"per_gpu_average_estimated_utilization_absolute":{"(0, 11451)":{"sm":22.6666666667,"mem":1.6666666667,"enc":0.0,"dec":0.0}},"average_gpu_estimated_utilization_relative":1.0,"per_gpu_performance_state":{"0":"P2"},"per_gpu_power_draw":{"0":40.56},"cpu_count_adjusted_average_load":[0.1815625,0.16875,0.16375],"realtime_carbon_intensity":333.430730058,"disk_write_speed":28.2870257343,"process_ids":[11451,11508]}
