{"timestamp":1572412083.5229680538,"rapl_power_draw_absolute":86.5631639001,"rapl_estimated_attributable_power_draw":21.7554418464,"cpu_time_seconds":{"9163":{"user":0.0,"system":0.03,"children_user":0.0,"children_system":0.04},"8862":{"user":12.75,"system":4.22,"children_user":0.08,"children_system":0.14}},"average_relative_cpu_utilization":0.2613688778,"absolute_cpu_utilization":1.0037681421,"relative_mem_usage":0.1680665548,"absolute_mem_usage":3563167744.0,"absolute_mem_percent_usage":0.0263744957,"mem_info_per_process":{"9163":{"rss":3262472192,"vms":11981070336,"shared":173907968,"text":2322432,"lib":0,"data":10253266944,"dirty":0,"uss":22552576,"pss":1639229440,"swap":0},"8862":{"rss":3654393856,"vms":11981070336,"shared":565837824,"text":2322432,"lib":0,"data":10253266944,"dirty":0,"uss":63897600,"pss":1837488128,"swap":0}},"nvidia_draw_absolute":169.21,"nvidia_estimated_attributable_power_draw":169.21,"average_gpu_estimated_utilization_absolute":0.985,"per_gpu_average_estimated_utilization_absolute":{"(0, 8862)":{"sm":98.5,"mem":69.0,"enc":0.0,"dec":0.0}},"average_gpu_estimated_utilization_relative":1.0,"per_gpu_performance_state":{"0":"P2"},"per_gpu_power_draw":{"0":169.21},"cpu_count_adjusted_average_load":[0.16625,0.159375,0.1578125],"realtime_carbon_intensity":336.704610597,"disk_write_speed":25.6648392898,"process_ids":[9163,8862]}
{"timestamp":1572412094.1211280823,"rapl_power_draw_absolute":91.3000021955,"rapl_estimated_attributable_power_draw":16.2114495169,"cpu_time_seconds":{"9163":{"user":0.1,"system":0.22,"children_user":0.01,"children_system":0.2},"8862":{"user":21.32,"system":6.24,"children_user":0.08,"children_system":0.14}},"average_relative_cpu_utilization":0.1792723188,"absolute_cpu_utilization":0.9937551769,"relative_mem_usage":0.1635960153,"absolute_mem_usage":3576597504.0,"absolute_mem_percent_usage":0.0264739025,"mem_info_per_process":{"9163":{"rss":3269132288,"vms":11981070336,"shared":180555776,"text":2322432,"lib":0,"data":10253266944,"dirty":0,"uss":33607680,"pss":1646416896,"swap":0},"8862":{"rss":3654393856,"vms":11981070336,"shared":565837824,"text":2322432,"lib":0,"data":10253266944,"dirty":0,"uss":66416640,"pss":1830156288,"swap":0}},"nvidia_draw_absolute":172.2,"nvidia_estimated_attributable_power_draw":172.2,"average_gpu_estimated_utilization_absolute":0.985,"per_gpu_average_estimated_utilization_absolute":{"(0, 8862)":{"sm":98.5,"mem":69.0,"enc":0.0,"dec":0.0}},"average_gpu_estimated_utilization_relative":1.0,"per_gpu_performance_state":{"0":"P2"},"per_gpu_power_draw":{"0":172.2},"cpu_count_adjusted_average_load":[0.1853125,0.16375,0.159375],"realtime_carbon_intensity":336.704610597,"disk_write_speed":45.8031720227,"process_ids":[9163,8862]}
{"timestamp":1572412102.1057059765,"rapl_power_draw_absolute":90.0987142068,"rapl_estimated_attributable_power_draw":19.1254311032,"cpu_time_seconds":{"9163":{"user":0.23,"system":0.4,"children_user":0.02,"children_system":0.36},"8862":{"user":27.71,"system":7.84,"children_user":0.08,"children_system":0.14}},"average_relative_cpu_utilization":0.2200148679,"absolute_cpu_utilization":0.9987962449,"relative_mem_usage":0.1465342098,"absolute_mem_usage":3506981888.0,"absolute_mem_percent_usage":0.0259586091,"mem_info_per_process":{"9163":{"rss":3269132288,"vms":11981070336,"shared":180555776,"text":2322432,"lib":0,"data":10253266944,"dirty":0,"uss":33652736,"pss":1646139392,"swap":0},"8862":{"rss":3654393856,"vms":11981070336,"shared":565837824,"text":2322432,"lib":0,"data":10253266944,"dirty":0,"uss":42123264,"pss":1785066496,"swap":0}},"nvidia_draw_absolute":173.44,"nvidia_estimated_attributable_power_draw":173.44,"average_gpu_estimated_utilization_absolute":0.985,"per_gpu_average_estimated_utilization_absolute":{"(0, 8862)":{"sm":98.5,"mem":69.0,"enc":0.0,"dec":0.0}},"average_gpu_estimated_utilization_relative":1.0,"per_gpu_performance_state":{"0":"P2"},"per_gpu_power_draw":{"0":173.44},"cpu_count_adjusted_average_load":[0.183125,0.16375,0.159375],"realtime_carbon_intensity":336.704610597,"disk_write_speed":47.5268957729,"process_ids":[9163,8862]}
{"timestamp":1572412110.0969929695,"rapl_power_draw_absolute":89.6669185104,"rapl_estimated_attributable_power_draw":18.8815587056,"cpu_time_seconds":{"9163":{"user":0.37,"system":0.59,"children_user":0.03,"children_system":0.52},"8862":{"user":34.08,"system":9.46,"children_user":0.08,"children_system":0.14}},"average_relative_cpu_utilization":0.2180952398,"absolute_cpu_utilization":0.9987992718,"relative_mem_usage":0.1464527484,"absolute_mem_usage":3506321408.0,"absolute_mem_percent_usage":0.0259537203,"mem_info_per_process":{"9163":{"rss":3269132288,"vms":11981070336,"shared":180555776,"text":2322432,"lib":0,"data":10253266944,"dirty":0,"uss":33546240,"pss":1645746176,"swap":0},"8862":{"rss":3654393856,"vms":11981070336,"shared":565837824,"text":2322432,"lib":0,"data":10253266944,"dirty":0,"uss":42131456,"pss":1784897536,"swap":0}},"nvidia_draw_absolute":173.28,"nvidia_estimated_attributable_power_draw":173.28,"average_gpu_estimated_utilization_absolute":0.99,"per_gpu_average_estimated_utilization_absolute":{"(0, 8862)":{"sm":99,"mem":69,"enc":0,"dec":0}},"average_gpu_estimated_utilization_relative":1.0,"per_gpu_performance_state":{"0":"P2"},"per_gpu_power_draw":{"0":173.28},"cpu_count_adjusted_average_load":[0.18125,0.16375,0.159375],"realtime_carbon_intensity":336.704610597,"disk_write_speed":35.8725703616,"process_ids":[9163,8862]}
{"timestamp":1572412118.1245570183,"rapl_power_draw_absolute":89.9548486421,"rapl_estimated_attributable_power_draw":19.2507602578,"cpu_time_seconds":{"9163":{"user":0.49,"system":0.77,"children_user":0.03,"children_system":0.7},"8862":{"user":40.56,"system":11.02,"children_user":0.08,"children_system":0.14}},"average_relative_cpu_utilization":0.2218477492,"absolute_cpu_utilization":1.0038089383,"relative_mem_usage":0.1464290082,"absolute_mem_usage":3506229248.0,"absolute_mem_percent_usage":0.0259530381,"mem_info_per_process":{"9163":{"rss":3269132288,"vms":11981070336,"shared":180555776,"text":2322432,"lib":0,"data":10253266944,"dirty":0,"uss":33550336,"pss":1645646848,"swap":0},"8862":{"rss":3654393856,"vms":11981070336,"shared":565837824,"text":2322432,"lib":0,"data":10253266944,"dirty":0,"uss":42135552,"pss":1784896512,"swap":0}},"nvidia_draw_absolute":173.95,"nvidia_estimated_attributable_power_draw":173.95,"average_gpu_estimated_utilization_absolute":0.985,"per_gpu_average_estimated_utilization_absolute":{"(0, 8862)":{"sm":98.5,"mem":69.0,"enc":0.0,"dec":0.0}},"average_gpu_estimated_utilization_relative":1.0,"per_gpu_performance_state":{"0":"P2"},"per_gpu_power_draw":{"0":173.95},"cpu_count_adjusted_average_load":[0.1790625,0.16375,0.159375],"realtime_carbon_intensity":336.704610597,"disk_write_speed":26.402031221,"process_ids":[9163,8862]}
{"timestamp":1572412126.1328160763,"rapl_power_draw_absolute":90.1907925466,"rapl_estimated_attributable_power_draw":19.0509758556,"cpu_time_seconds":{"9163":{"user":0.58,"system":0.96,"children_user":0.03,"children_system":0.87},"8862":{"user":46.99,"system":12.59,"children_user":0.08,"children_system":0.14}},"average_relative_cpu_utilization":0.2188104688,"absolute_cpu_utilization":0.9988085386,"relative_mem_usage":0.1464495596,"absolute_mem_usage":3506339840.0,"absolute_mem_percent_usage":0.0259538567,"mem_info_per_process":{"9163":{"rss":3269132288,"vms":11981070336,"shared":180555776,"text":2322432,"lib":0,"data":10253266944,"dirty":0,"uss":33554432,"pss":1645747200,"swap":0},"8862":{"rss":3654393856,"vms":11981070336,"shared":565837824,"text":2322432,"lib":0,"data":10253266944,"dirty":0,"uss":42139648,"pss":1784898560,"swap":0}},"nvidia_draw_absolute":175.06,"nvidia_estimated_attributable_power_draw":175.06,"average_gpu_estimated_utilization_absolute":0.99,"per_gpu_average_estimated_utilization_absolute":{"(0, 8862)":{"sm":99,"mem":69,"enc":0,"dec":0}},"average_gpu_estimated_utilization_relative":1.0,"per_gpu_performance_state":{"0":"P2"},"per_gpu_power_draw":{"0":175.06},"cpu_count_adjusted_average_load":[0.1778125,0.1640625,0.1596875],"realtime_carbon_intensity":336.704610597,"disk_write_speed":37.997825747,"process_ids":[9163,8862]}
{"timestamp":1572412134.1231460571,"rapl_power_draw_absolute":90.1870895501,"rapl_estimated_attributable_power_draw":19.0718137291,"cpu_time_seconds":{"9163":{"user":0.68,"system":1.17,"children_user":0.04,"children_system":1.03},"8862":{"user":53.36,"system":14.22,"children_user":0.08,"children_system":0.14}},"average_relative_cpu_utilization":0.2190512341,"absolute_cpu_utilization":0.9987783882,"relative_mem_usage":0.1464273484,"absolute_mem_usage":3506247680.0,"absolute_mem_percent_usage":0.0259531745,"mem_info_per_process":{"9163":{"rss":3269132288,"vms":11981070336,"shared":180555776,"text":2322432,"lib":0,"data":10253266944,"dirty":0,"uss":33562624,"pss":1645634560,"swap":0},"8862":{"rss":3654393856,"vms":11981070336,"shared":565837824,"text":2322432,"lib":0,"data":10253266944,"dirty":0,"uss":42147840,"pss":1784902656,"swap":0}},"nvidia_draw_absolute":177.67,"nvidia_estimated_attributable_power_draw":177.67,"average_gpu_estimated_utilization_absolute":0.985,"per_gpu_average_estimated_utilization_absolute":{"(0, 8862)":{"sm":98.5,"mem":69.0,"enc":0.0,"dec":0.0}},"average_gpu_estimated_utilization_relative":1.0,"per_gpu_performance_state":{"0":"P2"},"per_gpu_power_draw":{"0":177.67},"cpu_count_adjusted_average_load":[0.1815625,0.1653125,0.16],"realtime_carbon_intensity":336.704610597,"disk_write_speed":34.622826835,"process_ids":[9163,8862]}
{"timestamp":1572412142.1459889412,"rapl_power_draw_absolute":90.467240377,"rapl_estimated_attributable_power_draw":19.0771319046,"cpu_time_seconds":{"9163":{"user":0.8,"system":1.35,"children_user":0.04,"children_system":1.2},"8862":{"user":59.87,"system":15.73,"children_user":0.08,"children_system":0.14}},"average_relative_cpu_utilization":0.2183325529,"absolute_cpu_utilization":0.9987883998,"relative_mem_usage":0.1464304072,"absolute_mem_usage":3506376704.0,"absolute_mem_percent_usage":0.0259541296,"mem_info_per_process":{"9163":{"rss":3269132288,"vms":11981070336,"shared":180555776,"text":2322432,"lib":0,"data":10253266944,"dirty":0,"uss":33566720,"pss":1645753344,"swap":0},"8862":{"rss":3654393856,"vms":11981070336,"shared":565837824,"text":2322432,"lib":0,"data":10253266944,"dirty":0,"uss":42151936,"pss":1784904704,"swap":0}},"nvidia_draw_absolute":179.84,"nvidia_estimated_attributable_power_draw":179.84,"average_gpu_estimated_utilization_absolute":0.99,"per_gpu_average_estimated_utilization_absolute":{"(0, 8862)":{"sm":99,"mem":69,"enc":0,"dec":0}},"average_gpu_estimated_utilization_relative":1.0,"per_gpu_performance_state":{"0":"P2"},"per_gpu_power_draw":{"0":179.84},"cpu_count_adjusted_average_load":[0.1871875,0.1665625,0.160625],"realtime_carbon_intensity":336.704610597,"disk_write_speed":41.2213908508,"process_ids":[9163,8862]}
{"timestamp":1572412150.1594920158,"rapl_power_draw_absolute":90.2810335665,"rapl_estimated_attributable_power_draw":19.1332337753,"cpu_time_seconds":{"9163":{"user":0.95,"system":1.52,"children_user":0.05,"children_system":1.38},"8862":{"user":66.26,"system":17.36,"children_user":0.08,"children_system":0.14}},"average_relative_cpu_utilization":0.2194247323,"absolute_cpu_utilization":1.0038012573,"relative_mem_usage":0.1464402258,"absolute_mem_usage":3506401280.0,"absolute_mem_percent_usage":0.0259543115,"mem_info_per_process":{"9163":{"rss":3269132288,"vms":11981070336,"shared":180555776,"text":2322432,"lib":0,"data":10253266944,"dirty":0,"uss":33574912,"pss":1645757440,"swap":0},"8862":{"rss":3654393856,"vms":11981070336,"shared":565837824,"text":2322432,"lib":0,"data":10253266944,"dirty":0,"uss":42160128,"pss":1784908800,"swap":0}},"nvidia_draw_absolute":180.12,"nvidia_estimated_attributable_power_draw":180.12,"average_gpu_estimated_utilization_absolute":0.99,"per_gpu_average_estimated_utilization_absolute":{"(0, 8862)":{"sm":99,"mem":69,"enc":0,"dec":0}},"average_gpu_estimated_utilization_relative":1.0,"per_gpu_performance_state":{"0":"P2"},"per_gpu_power_draw":{"0":180.12},"cpu_count_adjusted_average_load":[0.1921875,0.1684375,0.16125],"realtime_carbon_intensity":336.704610597,"disk_write_speed":42.5823756593,"process_ids":[9163,8862]}
{"timestamp":1572412158.1562321186,"rapl_power_draw_absolute":90.041931236,"rapl_estimated_attributable_power_draw":19.0294925242,"cpu_time_seconds":{"9163":{"user":1.07,"system":1.72,"children_user":0.06,"children_system":1.55},"8862":{"user":72.73,"system":18.88,"children_user":0.08,"children_system":0.14}},"average_relative_cpu_utilization":0.2188103469,"absolute_cpu_utilization":0.9987748876,"relative_mem_usage":0.1464482925,"absolute_mem_usage":3506401280.0,"absolute_mem_percent_usage":0.0259543115,"mem_info_per_process":{"9163":{"rss":3269132288,"vms":11981070336,"shared":180555776,"text":2322432,"lib":0,"data":10253266944,"dirty":0,"uss":33574912,"pss":1645757440,"swap":0},"8862":{"rss":3654393856,"vms":11981070336,"shared":565837824,"text":2322432,"lib":0,"data":10253266944,"dirty":0,"uss":42160128,"pss":1784908800,"swap":0}},"nvidia_draw_absolute":178.82,"nvidia_estimated_attributable_power_draw":178.82,"average_gpu_estimated_utilization_absolute":0.99,"per_gpu_average_estimated_utilization_absolute":{"(0, 8862)":{"sm":99,"mem":69,"enc":0,"dec":0}},"average_gpu_estimated_utilization_relative":1.0,"per_gpu_performance_state":{"0":"P2"},"per_gpu_power_draw":{"0":178.82},"cpu_count_adjusted_average_load":[0.194375,0.169375,0.1615625],"realtime_carbon_intensity":336.704610597,"disk_write_speed":26.9292143555,"process_ids":[9163,8862]}
{"timestamp":1572412166.1546080112,"rapl_power_draw_absolute":90.3880960389,"rapl_estimated_attributable_power_draw":19.2722814913,"cpu_time_seconds":{"9163":{"user":1.16,"system":1.9,"children_user":0.06,"children_system":1.73},"8862":{"user":79.26,"system":20.35,"children_user":0.08,"children_system":0.14}},"average_relative_cpu_utilization":0.2209846635,"absolute_cpu_utilization":0.9987796201,"relative_mem_usage":0.1464481043,"absolute_mem_usage":3506413568.0,"absolute_mem_percent_usage":0.0259544024,"mem_info_per_process":{"9163":{"rss":3269132288,"vms":11981070336,"shared":180555776,"text":2322432,"lib":0,"data":10253266944,"dirty":0,"uss":33579008,"pss":1645759488,"swap":0},"8862":{"rss":3654393856,"vms":11981070336,"shared":565837824,"text":2322432,"lib":0,"data":10253266944,"dirty":0,"uss":42164224,"pss":1784910848,"swap":0}},"nvidia_draw_absolute":180.91,"nvidia_estimated_attributable_power_draw":180.91,"average_gpu_estimated_utilization_absolute":0.99,"per_gpu_average_estimated_utilization_absolute":{"(0, 8862)":{"sm":99,"mem":69,"enc":0,"dec":0}},"average_gpu_estimated_utilization_relative":1.0,"per_gpu_performance_state":{"0":"P2"},"per_gpu_power_draw":{"0":180.91},"cpu_count_adjusted_average_load":[0.1859375,0.1684375,0.16125],"realtime_carbon_intensity":336.704610597,"disk_write_speed":21.7912524386,"process_ids":[9163,8862]}
{"timestamp":1572412174.1932790279,"rapl_power_draw_absolute":90.7222012355,"rapl_estimated_attributable_power_draw":19.1794099285,"cpu_time_seconds":{"9163":{"user":1.25,"system":2.08,"children_user":0.06,"children_system":1.9},"8862":{"user":85.58,"system":22.07,"children_user":0.08,"children_system":0.14}},"average_relative_cpu_utilization":0.218939924,"absolute_cpu_utilization":1.0037689413,"relative_mem_usage":0.1464468387,"absolute_mem_usage":3506425856.0,"absolute_mem_percent_usage":0.0259544934,"mem_info_per_process":{"9163":{"rss":3269132288,"vms":11981070336,"shared":180555776,"text":2322432,"lib":0,"data":10253266944,"dirty":0,"uss":33583104,"pss":1645761536,"swap":0},"8862":{"rss":3654393856,"vms":11981070336,"shared":565837824,"text":2322432,"lib":0,"data":10253266944,"dirty":0,"uss":42168320,"pss":1784912896,"swap":0}},"nvidia_draw_absolute":180.83,"nvidia_estimated_attributable_power_draw":180.83,"average_gpu_estimated_utilization_absolute":0.99,"per_gpu_average_estimated_utilization_absolute":{"(0, 8862)":{"sm":99,"mem":69,"enc":0,"dec":0}},"average_gpu_estimated_utilization_relative":1.0,"per_gpu_performance_state":{"0":"P2"},"per_gpu_power_draw":{"0":180.83},"cpu_count_adjusted_average_load":[0.18125,0.1678125,0.16125],"realtime_carbon_intensity":336.704610597,"disk_write_speed":33.993308272,"process_ids":[9163,8862]}
{"timestamp":1572412182.1999208927,"rapl_power_draw_absolute":90.3918525161,"rapl_estimated_attributable_power_draw":19.0769675049,"cpu_time_seconds":{"9163":{"user":1.35,"system":2.28,"children_user":0.08,"children_system":2.06},"8862":{"user":92.12,"system":23.54,"children_user":0.08,"children_system":0.14}},"average_relative_cpu_utilization":0.2185712117,"absolute_cpu_utilization":0.9988115118,"relative_mem_usage":0.1464416651,"absolute_mem_usage":3506438144.0,"absolute_mem_percent_usage":0.0259545843,"mem_info_per_process":{"9163":{"rss":3269132288,"vms":11981070336,"shared":180555776,"text":2322432,"lib":0,"data":10253266944,"dirty":0,"uss":33587200,"pss":1645763584,"swap":0},"8862":{"rss":3654393856,"vms":11981070336,"shared":565837824,"text":2322432,"lib":0,"data":10253266944,"dirty":0,"uss":42172416,"pss":1784914944,"swap":0}},"nvidia_draw_absolute":180.74,"nvidia_estimated_attributable_power_draw":180.74,"average_gpu_estimated_utilization_absolute":0.99,"per_gpu_average_estimated_utilization_absolute":{"(0, 8862)":{"sm":99,"mem":69,"enc":0,"dec":0}},"average_gpu_estimated_utilization_relative":1.0,"per_gpu_performance_state":{"0":"P2"},"per_gpu_power_draw":{"0":180.74},"cpu_count_adjusted_average_load":[0.1790625,0.1678125,0.16125],"realtime_carbon_intensity":336.704610597,"disk_write_speed":36.9078125805,"process_ids":[9163,8862]}
{"timestamp":1572412190.2614080906,"rapl_power_draw_absolute":87.3490408337,"rapl_estimated_attributable_power_draw":20.9514746535,"cpu_time_seconds":{"9163":{"user":1.48,"system":2.47,"children_user":0.09,"children_system":2.22},"8862":{"user":98.62,"system":25.1,"children_user":0.08,"children_system":0.14}},"average_relative_cpu_utilization":0.2481367529,"absolute_cpu_utilization":1.0037934373,"relative_mem_usage":0.172544498,"absolute_mem_usage":3565555712.0,"absolute_mem_percent_usage":0.0263921714,"mem_info_per_process":{"9163":{"rss":3269132288,"vms":11981070336,"shared":180555776,"text":2322432,"lib":0,"data":10253266944,"dirty":0,"uss":33603584,"pss":1647032320,"swap":0},"8862":{"rss":3654393856,"vms":11981070336,"shared":565837824,"text":2322432,"lib":0,"data":10253266944,"dirty":0,"uss":42405888,"pss":1842513920,"swap":0}},"nvidia_draw_absolute":181.03,"nvidia_estimated_attributable_power_draw":181.03,"average_gpu_estimated_utilization_absolute":0.985,"per_gpu_average_estimated_utilization_absolute":{"(0, 8862)":{"sm":98.5,"mem":69.0,"enc":0.0,"dec":0.0}},"average_gpu_estimated_utilization_relative":1.0,"per_gpu_performance_state":{"0":"P2"},"per_gpu_power_draw":{"0":181.03},"cpu_count_adjusted_average_load":[0.173125,0.166875,0.1609375],"realtime_carbon_intensity":336.704610597,"disk_write_speed":25.6463095828,"process_ids":[9163,8862]}
{"timestamp":1572412199.3518259525,"rapl_power_draw_absolute":88.022484306,"rapl_estimated_attributable_power_draw":20.0485808925,"cpu_time_seconds":{"9163":{"user":1.56,"system":2.66,"children_user":0.1,"children_system":2.38},"8862":{"user":106.0,"system":26.82,"children_user":0.08,"children_system":0.14}},"average_relative_cpu_utilization":0.2353532143,"absolute_cpu_utilization":1.0037558065,"relative_mem_usage":0.16705939,"absolute_mem_usage":3548366848.0,"absolute_mem_percent_usage":0.0262649397,"mem_info_per_process":{"9163":{"rss":3269132288,"vms":11981070336,"shared":180555776,"text":2322432,"lib":0,"data":10253266944,"dirty":0,"uss":33599488,"pss":1646311424,"swap":0},"8862":{"rss":3654393856,"vms":11981070336,"shared":565837824,"text":2322432,"lib":0,"data":10253266944,"dirty":0,"uss":42319872,"pss":1826136064,"swap":0}},"nvidia_draw_absolute":181.97,"nvidia_estimated_attributable_power_draw":181.97,"average_gpu_estimated_utilization_absolute":0.99,"per_gpu_average_estimated_utilization_absolute":{"(0, 8862)":{"sm":99,"mem":69,"enc":0,"dec":0}},"average_gpu_estimated_utilization_relative":1.0,"per_gpu_performance_state":{"0":"P2"},"per_gpu_power_draw":{"0":181.97},"cpu_count_adjusted_average_load":[0.180625,0.1684375,0.1615625],"realtime_carbon_intensity":336.704610597,"disk_write_speed":20.9294043305,"process_ids":[9163,8862]}
{"timestamp":1572412208.2413420677,"rapl_power_draw_absolute":92.0191209455,"rapl_estimated_attributable_power_draw":16.2455570822,"cpu_time_seconds":{"9163":{"user":1.64,"system":2.84,"children_user":0.11,"children_system":2.54},"8862":{"user":113.17,"system":28.53,"children_user":0.08,"children_system":0.14}},"average_relative_cpu_utilization":0.1782454018,"absolute_cpu_utilization":0.998763847,"relative_mem_usage":0.1623749232,"absolute_mem_usage":3540811776.0,"absolute_mem_percent_usage":0.0262090173,"mem_info_per_process":{"9163":{"rss":3269132288,"vms":11981070336,"shared":180555776,"text":2322432,"lib":0,"data":10253266944,"dirty":0,"uss":33599488,"pss":1646304256,"swap":0},"8862":{"rss":3654393856,"vms":11981070336,"shared":565837824,"text":2322432,"lib":0,"data":10253266944,"dirty":0,"uss":42299392,"pss":1818608640,"swap":0}},"nvidia_draw_absolute":180.54,"nvidia_estimated_attributable_power_draw":180.54,"average_gpu_estimated_utilization_absolute":0.99,"per_gpu_average_estimated_utilization_absolute":{"(0, 8862)":{"sm":99,"mem":69,"enc":0,"dec":0}},"average_gpu_estimated_utilization_relative":1.0,"per_gpu_performance_state":{"0":"P2"},"per_gpu_power_draw":{"0":180.54},"cpu_count_adjusted_average_load":[0.18375,0.169375,0.161875],"realtime_carbon_intensity":336.704610597,"disk_write_speed":33.53065285,"process_ids":[9163,8862]}
{"timestamp":1572412216.2003641129,"rapl_power_draw_absolute":87.4130828147,"rapl_estimated_attributable_power_draw":20.9417979845,"cpu_time_seconds":{"9163":{"user":1.74,"system":3.02,"children_user":0.12,"children_system":2.7},"8862":{"user":119.56,"system":30.11,"children_user":0.08,"children_system":0.14}},"average_relative_cpu_utilization":0.2509275286,"absolute_cpu_utilization":1.0038014795,"relative_mem_usage":0.1465707623,"absolute_mem_usage":3505471488.0,"absolute_mem_percent_usage":0.0259474292,"mem_info_per_process":{"9163":{"rss":3269132288,"vms":11981070336,"shared":180555776,"text":2322432,"lib":0,"data":10253266944,"dirty":0,"uss":33603584,"pss":1646305280,"swap":0},"8862":{"rss":3654393856,"vms":11981070336,"shared":565837824,"text":2322432,"lib":0,"data":10253266944,"dirty":0,"uss":42213376,"pss":1783349248,"swap":0}},"nvidia_draw_absolute":181.71,"nvidia_estimated_attributable_power_draw":181.71,"average_gpu_estimated_utilization_absolute":0.99,"per_gpu_average_estimated_utilization_absolute":{"(0, 8862)":{"sm":99,"mem":69,"enc":0,"dec":0}},"average_gpu_estimated_utilization_relative":1.0,"per_gpu_performance_state":{"0":"P2"},"per_gpu_power_draw":{"0":181.71},"cpu_count_adjusted_average_load":[0.1840625,0.17,0.1621875],"realtime_carbon_intensity":336.704610597,"disk_write_speed":25.8619562444,"process_ids":[9163,8862]}
{"timestamp":1572412224.1795558929,"rapl_power_draw_absolute":88.9929749693,"rapl_estimated_attributable_power_draw":19.3714649223,"cpu_time_seconds":{"9163":{"user":1.84,"system":3.2,"children_user":0.13,"children_system":2.86},"8862":{"user":125.99,"system":31.65,"children_user":0.08,"children_system":0.14}},"average_relative_cpu_utilization":0.226127723,"absolute_cpu_utilization":0.9938181291,"relative_mem_usage":0.1462452149,"absolute_mem_usage":3504350208.0,"absolute_mem_percent_usage":0.0259391295,"mem_info_per_process":{"9163":{"rss":3269132288,"vms":11981070336,"shared":180555776,"text":2322432,"lib":0,"data":10253266944,"dirty":0,"uss":33558528,"pss":1645691904,"swap":0},"8862":{"rss":3654393856,"vms":11981070336,"shared":565837824,"text":2322432,"lib":0,"data":10253266944,"dirty":0,"uss":42217472,"pss":1782882304,"swap":0}},"nvidia_draw_absolute":181.21,"nvidia_estimated_attributable_power_draw":181.21,"average_gpu_estimated_utilization_absolute":0.99,"per_gpu_average_estimated_utilization_absolute":{"(0, 8862)":{"sm":99,"mem":69,"enc":0,"dec":0}},"average_gpu_estimated_utilization_relative":1.0,"per_gpu_performance_state":{"0":"P2"},"per_gpu_power_draw":{"0":181.21},"cpu_count_adjusted_average_load":[0.18,0.169375,0.1621875],"realtime_carbon_intensity":336.704610597,"disk_write_speed":31.3435079635,"process_ids":[9163,8862]}
