{"timestamp":1573522922.614289999,"rapl_power_draw_absolute":63.7001655434,"rapl_estimated_attributable_power_draw":14.1770350346,"cpu_time_seconds":{"25098":{"user":0.02,"system":0.02,"children_user":0.0,"children_system":0.03},"25003":{"user":32.75,"system":3.11,"children_user":0.14,"children_system":0.12}},"average_relative_cpu_utilization":0.2406541083,"absolute_cpu_utilization":0.9985553029,"relative_mem_usage":0.0421937,"absolute_mem_usage":3266778112.0,"absolute_mem_percent_usage":0.0241805787,"mem_info_per_process":{"25098":{"rss":1542938624,"vms":3659198464,"shared":4288512,"text":2322432,"lib":0,"data":2298044416,"dirty":0,"uss":197484544,"pss":869603328,"swap":0},"25003":{"rss":2111279104,"vms":4123000832,"shared":109142016,"text":2322432,"lib":0,"data":2761846784,"dirty":0,"uss":763604992,"pss":1436085248,"swap":0}},"nvidia_draw_absolute":35.57,"nvidia_estimated_attributable_power_draw":35.57,"average_gpu_estimated_utilization_absolute":0.03,"per_gpu_average_estimated_utilization_absolute":{"(0, 0)":{"sm":0,"mem":0,"enc":0,"dec":0},"(0, 25003)":{"sm":3,"mem":0,"enc":0,"dec":0}},"average_gpu_estimated_utilization_relative":1.0,"per_gpu_performance_state":{"0":"P2"},"per_gpu_power_draw":{"0":35.57},"cpu_count_adjusted_average_load":[0.1628125,0.151875,0.1434375],"cpu_freq":[{"current":2400.0,"min":1200.0,"max":3200.0},{"current":1407.468,"min":1200.0,"max":3200.0},{"current":2199.843,"min":1200.0,"max":3200.0},{"current":2385.0,"min":1200.0,"max":3200.0},{"current":1288.875,"min":1200.0,"max":3200.0},{"current":1200.937,"min":1200.0,"max":3200.0},{"current":2523.0,"min":1200.0,"max":3200.0},{"current":1269.0,"min":1200.0,"max":3200.0},{"current":1699.968,"min":1200.0,"max":3200.0},{"current":1290.375,"min":1200.0,"max":3200.0},{"current":3159.937,"min":1200.0,"max":3200.0},{"current":1296.281,"min":1200.0,"max":3200.0},{"current":1248.656,"min":1200.0,"max":3200.0},{"current":1279.125,"min":1200.0,"max":3200.0},{"current":1295.343,"min":1200.0,"max":3200.0},{"current":1226.625,"min":1200.0,"max":3200.0},{"current":2400.093,"min":1200.0,"max":3200.0},{"current":1996.968,"min":1200.0,"max":3200.0},{"current":1824.187,"min":1200.0,"max":3200.0},{"current":1742.437,"min":1200.0,"max":3200.0},{"current":1236.75,"min":1200.0,"max":3200.0},{"current":1235.718,"min":1200.0,"max":3200.0},{"current":2692.031,"min":1200.0,"max":3200.0},{"current":1299.937,"min":1200.0,"max":3200.0},{"current":1700.437,"min":1200.0,"max":3200.0},{"current":1544.062,"min":1200.0,"max":3200.0},{"current":3199.406,"min":1200.0,"max":3200.0},{"current":1263.562,"min":1200.0,"max":3200.0},{"current":1303.125,"min":1200.0,"max":3200.0},{"current":1224.375,"min":1200.0,"max":3200.0},{"current":1247.156,"min":1200.0,"max":3200.0},{"current":1200.281,"min":1200.0,"max":3200.0}],"realtime_carbon_intensity":404.3374508703,"disk_write_speed":44.8772721479,"process_ids":[25098,25003]}
{"timestamp":1573522930.7979300022,"rapl_power_draw_absolute":67.0406730125,"rapl_estimated_attributable_power_draw":15.6398701464,"cpu_time_seconds":{"25098":{"user":0.33,"system":0.17,"children_user":0.02,"children_system":0.2},"25003":{"user":39.26,"system":4.62,"children_user":0.14,"children_system":0.12}},"average_relative_cpu_utilization":0.2418579499,"absolute_cpu_utilization":1.003603045,"relative_mem_usage":0.1281547982,"absolute_mem_usage":10294080512.0,"absolute_mem_percent_usage":0.0761964282,"mem_info_per_process":{"25098":{"rss":1550356480,"vms":3659198464,"shared":11689984,"text":2322432,"lib":0,"data":2298044416,"dirty":0,"uss":973852672,"pss":1261065216,"swap":0},"25003":{"rss":4468649984,"vms":13743046656,"shared":558014464,"text":2322432,"lib":0,"data":12173135872,"dirty":0,"uss":3885125632,"pss":4174036992,"swap":0}},"nvidia_draw_absolute":46.15,"nvidia_estimated_attributable_power_draw":46.15,"average_gpu_estimated_utilization_absolute":0.34,"per_gpu_average_estimated_utilization_absolute":{"(0, 25003)":{"sm":34,"mem":7,"enc":0,"dec":0}},"average_gpu_estimated_utilization_relative":1.0,"per_gpu_performance_state":{"0":"P2"},"per_gpu_power_draw":{"0":46.15},"cpu_count_adjusted_average_load":[0.1665625,0.1528125,0.14375],"cpu_freq":[{"current":1835.906,"min":1200.0,"max":3200.0},{"current":2399.906,"min":1200.0,"max":3200.0},{"current":1234.031,"min":1200.0,"max":3200.0},{"current":2154.375,"min":1200.0,"max":3200.0},{"current":1300.125,"min":1200.0,"max":3200.0},{"current":1274.25,"min":1200.0,"max":3200.0},{"current":1899.281,"min":1200.0,"max":3200.0},{"current":2399.906,"min":1200.0,"max":3200.0},{"current":1463.906,"min":1200.0,"max":3200.0},{"current":1315.875,"min":1200.0,"max":3200.0},{"current":3125.062,"min":1200.0,"max":3200.0},{"current":1892.062,"min":1200.0,"max":3200.0},{"current":1200.093,"min":1200.0,"max":3200.0},{"current":1200.187,"min":1200.0,"max":3200.0},{"current":1293.187,"min":1200.0,"max":3200.0},{"current":1275.187,"min":1200.0,"max":3200.0},{"current":1818.375,"min":1200.0,"max":3200.0},{"current":2399.906,"min":1200.0,"max":3200.0},{"current":1999.968,"min":1200.0,"max":3200.0},{"current":1599.937,"min":1200.0,"max":3200.0},{"current":1300.968,"min":1200.0,"max":3200.0},{"current":1279.687,"min":1200.0,"max":3200.0},{"current":2250.937,"min":1200.0,"max":3200.0},{"current":1993.5,"min":1200.0,"max":3200.0},{"current":1472.531,"min":1200.0,"max":3200.0},{"current":1406.812,"min":1200.0,"max":3200.0},{"current":2606.437,"min":1200.0,"max":3200.0},{"current":1889.156,"min":1200.0,"max":3200.0},{"current":1205.156,"min":1200.0,"max":3200.0},{"current":1247.625,"min":1200.0,"max":3200.0},{"current":1389.281,"min":1200.0,"max":3200.0},{"current":1200.0,"min":1200.0,"max":3200.0}],"realtime_carbon_intensity":404.3374508703,"disk_write_speed":47.0969802963,"process_ids":[25098,25003]}
{"timestamp":1573522938.8213059902,"rapl_power_draw_absolute":66.9428026645,"rapl_estimated_attributable_power_draw":15.8735362143,"cpu_time_seconds":{"25098":{"user":0.57,"system":0.36,"children_user":0.05,"children_system":0.35},"25003":{"user":47.01,"system":4.89,"children_user":0.14,"children_system":0.12}},"average_relative_cpu_utilization":0.2459817584,"absolute_cpu_utilization":0.9986054609,"relative_mem_usage":0.1282287168,"absolute_mem_usage":10301060096.0,"absolute_mem_percent_usage":0.0762480908,"mem_info_per_process":{"25098":{"rss":1550356480,"vms":3659198464,"shared":11689984,"text":2322432,"lib":0,"data":2298044416,"dirty":0,"uss":976179200,"pss":1262228480,"swap":0},"25003":{"rss":4468715520,"vms":13743046656,"shared":558080000,"text":2322432,"lib":0,"data":12173135872,"dirty":0,"uss":3887452160,"pss":4175200256,"swap":0}},"nvidia_draw_absolute":45.38,"nvidia_estimated_attributable_power_draw":45.38,"average_gpu_estimated_utilization_absolute":0.3466666667,"per_gpu_average_estimated_utilization_absolute":{"(0, 25003)":{"sm":34.6666666667,"mem":7.3333333333,"enc":0.0,"dec":0.0}},"average_gpu_estimated_utilization_relative":1.0,"per_gpu_performance_state":{"0":"P2"},"per_gpu_power_draw":{"0":45.38},"cpu_count_adjusted_average_load":[0.16,0.1521875,0.1434375],"cpu_freq":[{"current":2399.906,"min":1200.0,"max":3200.0},{"current":1571.906,"min":1200.0,"max":3200.0},{"current":2157.281,"min":1200.0,"max":3200.0},{"current":2400.0,"min":1200.0,"max":3200.0},{"current":1310.812,"min":1200.0,"max":3200.0},{"current":1239.0,"min":1200.0,"max":3200.0},{"current":2399.906,"min":1200.0,"max":3200.0},{"current":1459.781,"min":1200.0,"max":3200.0},{"current":1334.906,"min":1200.0,"max":3200.0},{"current":1208.062,"min":1200.0,"max":3200.0},{"current":3114.468,"min":1200.0,"max":3200.0},{"current":1524.093,"min":1200.0,"max":3200.0},{"current":1200.093,"min":1200.0,"max":3200.0},{"current":1227.375,"min":1200.0,"max":3200.0},{"current":1200.187,"min":1200.0,"max":3200.0},{"current":1201.312,"min":1200.0,"max":3200.0},{"current":2400.0,"min":1200.0,"max":3200.0},{"current":1796.906,"min":1200.0,"max":3200.0},{"current":2399.906,"min":1200.0,"max":3200.0},{"current":2400.0,"min":1200.0,"max":3200.0},{"current":1297.218,"min":1200.0,"max":3200.0},{"current":1233.375,"min":1200.0,"max":3200.0},{"current":2400.0,"min":1200.0,"max":3200.0},{"current":1506.281,"min":1200.0,"max":3200.0},{"current":1497.75,"min":1200.0,"max":3200.0},{"current":1477.687,"min":1200.0,"max":3200.0},{"current":3200.25,"min":1200.0,"max":3200.0},{"current":1346.531,"min":1200.0,"max":3200.0},{"current":1207.406,"min":1200.0,"max":3200.0},{"current":1357.312,"min":1200.0,"max":3200.0},{"current":1204.593,"min":1200.0,"max":3200.0},{"current":1225.406,"min":1200.0,"max":3200.0}],"realtime_carbon_intensity":404.3374508703,"disk_write_speed":45.1845210602,"process_ids":[25098,25003]}
{"timestamp":1573522946.8363289833,"rapl_power_draw_absolute":66.6134421981,"rapl_estimated_attributable_power_draw":15.8894367229,"cpu_time_seconds":{"25098":{"user":0.82,"system":0.54,"children_user":0.07,"children_system":0.51},"25003":{"user":54.73,"system":5.19,"children_user":0.14,"children_system":0.12}},"average_relative_cpu_utilization":0.2475172223,"absolute_cpu_utilization":1.0036076111,"relative_mem_usage":0.1282632447,"absolute_mem_usage":10304709632.0,"absolute_mem_percent_usage":0.0762751046,"mem_info_per_process":{"25098":{"rss":1550356480,"vms":3659198464,"shared":11689984,"text":2322432,"lib":0,"data":2298044416,"dirty":0,"uss":977383424,"pss":1262830592,"swap":0},"25003":{"rss":4468715520,"vms":13743046656,"shared":558080000,"text":2322432,"lib":0,"data":12173135872,"dirty":0,"uss":3888680960,"pss":4175814656,"swap":0}},"nvidia_draw_absolute":49.19,"nvidia_estimated_attributable_power_draw":49.19,"average_gpu_estimated_utilization_absolute":0.35,"per_gpu_average_estimated_utilization_absolute":{"(0, 25003)":{"sm":35.0,"mem":7.5,"enc":0.0,"dec":0.0}},"average_gpu_estimated_utilization_relative":1.0,"per_gpu_performance_state":{"0":"P2"},"per_gpu_power_draw":{"0":49.19},"cpu_count_adjusted_average_load":[0.1571875,0.1515625,0.1434375],"cpu_freq":[{"current":1596.375,"min":1200.0,"max":3200.0},{"current":2400.0,"min":1200.0,"max":3200.0},{"current":1396.687,"min":1200.0,"max":3200.0},{"current":1200.0,"min":1200.0,"max":3200.0},{"current":1511.437,"min":1200.0,"max":3200.0},{"current":1200.375,"min":1200.0,"max":3200.0},{"current":1297.968,"min":1200.0,"max":3200.0},{"current":1398.937,"min":1200.0,"max":3200.0},{"current":1396.968,"min":1200.0,"max":3200.0},{"current":1500.0,"min":1200.0,"max":3200.0},{"current":3167.343,"min":1200.0,"max":3200.0},{"current":1295.718,"min":1200.0,"max":3200.0},{"current":1200.187,"min":1200.0,"max":3200.0},{"current":1200.187,"min":1200.0,"max":3200.0},{"current":1200.0,"min":1200.0,"max":3200.0},{"current":1200.0,"min":1200.0,"max":3200.0},{"current":1383.843,"min":1200.0,"max":3200.0},{"current":2399.906,"min":1200.0,"max":3200.0},{"current":1222.406,"min":1200.0,"max":3200.0},{"current":2283.843,"min":1200.0,"max":3200.0},{"current":1388.156,"min":1200.0,"max":3200.0},{"current":1224.656,"min":1200.0,"max":3200.0},{"current":2528.25,"min":1200.0,"max":3200.0},{"current":1204.875,"min":1200.0,"max":3200.0},{"current":1295.718,"min":1200.0,"max":3200.0},{"current":1449.468,"min":1200.0,"max":3200.0},{"current":3200.25,"min":1200.0,"max":3200.0},{"current":1494.187,"min":1200.0,"max":3200.0},{"current":1299.937,"min":1200.0,"max":3200.0},{"current":1357.312,"min":1200.0,"max":3200.0},{"current":1233.468,"min":1200.0,"max":3200.0},{"current":1225.406,"min":1200.0,"max":3200.0}],"realtime_carbon_intensity":404.3374508703,"disk_write_speed":48.7390356738,"process_ids":[25098,25003]}
{"timestamp":1573522954.9068770409,"rapl_power_draw_absolute":66.9754269514,"rapl_estimated_attributable_power_draw":15.6261330046,"cpu_time_seconds":{"25098":{"user":1.09,"system":0.73,"children_user":0.09,"children_system":0.68},"25003":{"user":62.58,"system":5.41,"children_user":0.14,"children_system":0.12}},"average_relative_cpu_utilization":0.2418233438,"absolute_cpu_utilization":0.9986393476,"relative_mem_usage":0.1282845376,"absolute_mem_usage":10306817024.0,"absolute_mem_percent_usage":0.0762907034,"mem_info_per_process":{"25098":{"rss":1550356480,"vms":3659198464,"shared":11689984,"text":2322432,"lib":0,"data":2298044416,"dirty":0,"uss":978083840,"pss":1263180800,"swap":0},"25003":{"rss":4468715520,"vms":13743046656,"shared":558080000,"text":2322432,"lib":0,"data":12173135872,"dirty":0,"uss":3889385472,"pss":4176166912,"swap":0}},"nvidia_draw_absolute":45.94,"nvidia_estimated_attributable_power_draw":45.94,"average_gpu_estimated_utilization_absolute":0.345,"per_gpu_average_estimated_utilization_absolute":{"(0, 25003)":{"sm":34.5,"mem":7.0,"enc":0.0,"dec":0.0}},"average_gpu_estimated_utilization_relative":1.0,"per_gpu_performance_state":{"0":"P2"},"per_gpu_power_draw":{"0":45.94},"cpu_count_adjusted_average_load":[0.1453125,0.1490625,0.1428125],"cpu_freq":[{"current":1296.75,"min":1200.0,"max":3200.0},{"current":1396.5,"min":1200.0,"max":3200.0},{"current":2400.0,"min":1200.0,"max":3200.0},{"current":1896.656,"min":1200.0,"max":3200.0},{"current":1321.125,"min":1200.0,"max":3200.0},{"current":1224.937,"min":1200.0,"max":3200.0},{"current":2399.906,"min":1200.0,"max":3200.0},{"current":1784.906,"min":1200.0,"max":3200.0},{"current":1297.875,"min":1200.0,"max":3200.0},{"current":1200.375,"min":1200.0,"max":3200.0},{"current":3169.406,"min":1200.0,"max":3200.0},{"current":1900.031,"min":1200.0,"max":3200.0},{"current":1200.093,"min":1200.0,"max":3200.0},{"current":1232.156,"min":1200.0,"max":3200.0},{"current":1200.093,"min":1200.0,"max":3200.0},{"current":1224.937,"min":1200.0,"max":3200.0},{"current":1665.937,"min":1200.0,"max":3200.0},{"current":1200.0,"min":1200.0,"max":3200.0},{"current":1918.781,"min":1200.0,"max":3200.0},{"current":1998.468,"min":1200.0,"max":3200.0},{"current":1200.0,"min":1200.0,"max":3200.0},{"current":1224.656,"min":1200.0,"max":3200.0},{"current":2400.0,"min":1200.0,"max":3200.0},{"current":1397.062,"min":1200.0,"max":3200.0},{"current":1258.875,"min":1200.0,"max":3200.0},{"current":1604.25,"min":1200.0,"max":3200.0},{"current":2968.968,"min":1200.0,"max":3200.0},{"current":1960.687,"min":1200.0,"max":3200.0},{"current":1201.312,"min":1200.0,"max":3200.0},{"current":1245.656,"min":1200.0,"max":3200.0},{"current":1210.031,"min":1200.0,"max":3200.0},{"current":1262.25,"min":1200.0,"max":3200.0}],"realtime_carbon_intensity":404.3374508703,"disk_write_speed":52.5388396809,"process_ids":[25098,25003]}
{"timestamp":1573522962.9080979824,"rapl_power_draw_absolute":66.9188525363,"rapl_estimated_attributable_power_draw":15.5545940238,"cpu_time_seconds":{"25098":{"user":1.36,"system":0.89,"children_user":0.09,"children_system":0.86},"25003":{"user":70.32,"system":5.68,"children_user":0.14,"children_system":0.12}},"average_relative_cpu_utilization":0.2409435455,"absolute_cpu_utilization":0.9992637006,"relative_mem_usage":0.1282917252,"absolute_mem_usage":10308494336.0,"absolute_mem_percent_usage":0.0763031188,"mem_info_per_process":{"25098":{"rss":1550356480,"vms":3659198464,"shared":11689984,"text":2322432,"lib":0,"data":2298044416,"dirty":0,"uss":978657280,"pss":1263467520,"swap":0},"25003":{"rss":4468715520,"vms":13743046656,"shared":558080000,"text":2322432,"lib":0,"data":12173135872,"dirty":0,"uss":3889930240,"pss":4176439296,"swap":0}},"nvidia_draw_absolute":45.64,"nvidia_estimated_attributable_power_draw":45.64,"average_gpu_estimated_utilization_absolute":0.345,"per_gpu_average_estimated_utilization_absolute":{"(0, 25003)":{"sm":34.5,"mem":7.0,"enc":0.0,"dec":0.0}},"average_gpu_estimated_utilization_relative":1.0,"per_gpu_performance_state":{"0":"P2"},"per_gpu_power_draw":{"0":45.64},"cpu_count_adjusted_average_load":[0.1384375,0.1478125,0.1421875],"cpu_freq":[{"current":1296.937,"min":1200.0,"max":3200.0},{"current":2399.906,"min":1200.0,"max":3200.0},{"current":2400.0,"min":1200.0,"max":3200.0},{"current":1299.937,"min":1200.0,"max":3200.0},{"current":1337.531,"min":1200.0,"max":3200.0},{"current":1201.125,"min":1200.0,"max":3200.0},{"current":2399.906,"min":1200.0,"max":3200.0},{"current":2351.343,"min":1200.0,"max":3200.0},{"current":1626.75,"min":1200.0,"max":3200.0},{"current":1400.062,"min":1200.0,"max":3200.0},{"current":3174.937,"min":1200.0,"max":3200.0},{"current":1416.375,"min":1200.0,"max":3200.0},{"current":1200.0,"min":1200.0,"max":3200.0},{"current":1200.093,"min":1200.0,"max":3200.0},{"current":1202.25,"min":1200.0,"max":3200.0},{"current":1200.093,"min":1200.0,"max":3200.0},{"current":1499.812,"min":1200.0,"max":3200.0},{"current":2400.0,"min":1200.0,"max":3200.0},{"current":2399.906,"min":1200.0,"max":3200.0},{"current":1292.156,"min":1200.0,"max":3200.0},{"current":1202.25,"min":1200.0,"max":3200.0},{"current":1204.125,"min":1200.0,"max":3200.0},{"current":2220.0,"min":1200.0,"max":3200.0},{"current":2400.0,"min":1200.0,"max":3200.0},{"current":1296.75,"min":1200.0,"max":3200.0},{"current":1300.5,"min":1200.0,"max":3200.0},{"current":3200.156,"min":1200.0,"max":3200.0},{"current":1513.5,"min":1200.0,"max":3200.0},{"current":1232.718,"min":1200.0,"max":3200.0},{"current":1245.656,"min":1200.0,"max":3200.0},{"current":1287.843,"min":1200.0,"max":3200.0},{"current":1262.25,"min":1200.0,"max":3200.0}],"realtime_carbon_intensity":404.3374508703,"disk_write_speed":46.6038524466,"process_ids":[25098,25003]}
{"timestamp":1573522970.9034740925,"rapl_power_draw_absolute":66.0402014235,"rapl_estimated_attributable_power_draw":15.1525478565,"cpu_time_seconds":{"25098":{"user":1.59,"system":1.08,"children_user":0.1,"children_system":1.03},"25003":{"user":78.1,"system":5.9,"children_user":0.14,"children_system":0.12}},"average_relative_cpu_utilization":0.237794998,"absolute_cpu_utilization":0.9986217585,"relative_mem_usage":0.1282911686,"absolute_mem_usage":10309514240.0,"absolute_mem_percent_usage":0.0763106681,"mem_info_per_process":{"25098":{"rss":1550356480,"vms":3659198464,"shared":11689984,"text":2322432,"lib":0,"data":2298044416,"dirty":0,"uss":978997248,"pss":1263637504,"swap":0},"25003":{"rss":4468715520,"vms":13743046656,"shared":558080000,"text":2322432,"lib":0,"data":12173135872,"dirty":0,"uss":3890270208,"pss":4176609280,"swap":0}},"nvidia_draw_absolute":46.42,"nvidia_estimated_attributable_power_draw":46.42,"average_gpu_estimated_utilization_absolute":0.345,"per_gpu_average_estimated_utilization_absolute":{"(0, 25003)":{"sm":34.5,"mem":7.0,"enc":0.0,"dec":0.0}},"average_gpu_estimated_utilization_relative":1.0,"per_gpu_performance_state":{"0":"P2"},"per_gpu_power_draw":{"0":46.42},"cpu_count_adjusted_average_load":[0.13625,0.146875,0.1421875],"cpu_freq":[{"current":1830.656,"min":1200.0,"max":3200.0},{"current":1230.281,"min":1200.0,"max":3200.0},{"current":1393.687,"min":1200.0,"max":3200.0},{"current":1239.656,"min":1200.0,"max":3200.0},{"current":1227.468,"min":1200.0,"max":3200.0},{"current":1200.937,"min":1200.0,"max":3200.0},{"current":2399.906,"min":1200.0,"max":3200.0},{"current":1698.281,"min":1200.0,"max":3200.0},{"current":1420.781,"min":1200.0,"max":3200.0},{"current":1299.937,"min":1200.0,"max":3200.0},{"current":3152.906,"min":1200.0,"max":3200.0},{"current":1400.25,"min":1200.0,"max":3200.0},{"current":1200.187,"min":1200.0,"max":3200.0},{"current":1200.093,"min":1200.0,"max":3200.0},{"current":1200.093,"min":1200.0,"max":3200.0},{"current":1200.093,"min":1200.0,"max":3200.0},{"current":2400.0,"min":1200.0,"max":3200.0},{"current":1856.343,"min":1200.0,"max":3200.0},{"current":1200.0,"min":1200.0,"max":3200.0},{"current":1909.125,"min":1200.0,"max":3200.0},{"current":1200.0,"min":1200.0,"max":3200.0},{"current":1250.625,"min":1200.0,"max":3200.0},{"current":2399.906,"min":1200.0,"max":3200.0},{"current":1799.906,"min":1200.0,"max":3200.0},{"current":1357.687,"min":1200.0,"max":3200.0},{"current":1213.5,"min":1200.0,"max":3200.0},{"current":3199.406,"min":1200.0,"max":3200.0},{"current":1300.687,"min":1200.0,"max":3200.0},{"current":1260.75,"min":1200.0,"max":3200.0},{"current":1432.781,"min":1200.0,"max":3200.0},{"current":1229.343,"min":1200.0,"max":3200.0},{"current":1289.25,"min":1200.0,"max":3200.0}],"realtime_carbon_intensity":404.3374508703,"disk_write_speed":47.7249358655,"process_ids":[25098,25003]}
{"timestamp":1573522978.914798975,"rapl_power_draw_absolute":66.691407407,"rapl_estimated_attributable_power_draw":15.6422127361,"cpu_time_seconds":{"25098":{"user":1.85,"system":1.26,"children_user":0.11,"children_system":1.2},"25003":{"user":85.9,"system":6.11,"children_user":0.14,"children_system":0.12}},"average_relative_cpu_utilization":0.2432916766,"absolute_cpu_utilization":0.9986080892,"relative_mem_usage":0.128291091,"absolute_mem_usage":10310509568.0,"absolute_mem_percent_usage":0.0763180355,"mem_info_per_process":{"25098":{"rss":1550356480,"vms":3659198464,"shared":11689984,"text":2322432,"lib":0,"data":2298044416,"dirty":0,"uss":979329024,"pss":1263803392,"swap":0},"25003":{"rss":4468715520,"vms":13743046656,"shared":558080000,"text":2322432,"lib":0,"data":12173135872,"dirty":0,"uss":3890601984,"pss":4176775168,"swap":0}},"nvidia_draw_absolute":48.82,"nvidia_estimated_attributable_power_draw":48.82,"average_gpu_estimated_utilization_absolute":0.3466666667,"per_gpu_average_estimated_utilization_absolute":{"(0, 25003)":{"sm":34.6666666667,"mem":7.3333333333,"enc":0.0,"dec":0.0}},"average_gpu_estimated_utilization_relative":1.0,"per_gpu_performance_state":{"0":"P2"},"per_gpu_power_draw":{"0":48.82},"cpu_count_adjusted_average_load":[0.1321875,0.145625,0.141875],"cpu_freq":[{"current":1514.906,"min":1200.0,"max":3200.0},{"current":2271.656,"min":1200.0,"max":3200.0},{"current":2399.906,"min":1200.0,"max":3200.0},{"current":2398.593,"min":1200.0,"max":3200.0},{"current":1212.375,"min":1200.0,"max":3200.0},{"current":1201.593,"min":1200.0,"max":3200.0},{"current":2399.906,"min":1200.0,"max":3200.0},{"current":1995.75,"min":1200.0,"max":3200.0},{"current":1653.843,"min":1200.0,"max":3200.0},{"current":1699.593,"min":1200.0,"max":3200.0},{"current":3144.375,"min":1200.0,"max":3200.0},{"current":1222.125,"min":1200.0,"max":3200.0},{"current":1200.187,"min":1200.0,"max":3200.0},{"current":1223.812,"min":1200.0,"max":3200.0},{"current":1200.0,"min":1200.0,"max":3200.0},{"current":1200.093,"min":1200.0,"max":3200.0},{"current":1502.718,"min":1200.0,"max":3200.0},{"current":2398.312,"min":1200.0,"max":3200.0},{"current":1217.343,"min":1200.0,"max":3200.0},{"current":2399.906,"min":1200.0,"max":3200.0},{"current":1289.625,"min":1200.0,"max":3200.0},{"current":1215.0,"min":1200.0,"max":3200.0},{"current":2399.906,"min":1200.0,"max":3200.0},{"current":1897.406,"min":1200.0,"max":3200.0},{"current":1899.656,"min":1200.0,"max":3200.0},{"current":1500.937,"min":1200.0,"max":3200.0},{"current":3199.406,"min":1200.0,"max":3200.0},{"current":1264.875,"min":1200.0,"max":3200.0},{"current":1260.75,"min":1200.0,"max":3200.0},{"current":1432.781,"min":1200.0,"max":3200.0},{"current":1229.343,"min":1200.0,"max":3200.0},{"current":1294.593,"min":1200.0,"max":3200.0}],"realtime_carbon_intensity":404.3374508703,"disk_write_speed":40.930453329,"process_ids":[25098,25003]}
{"timestamp":1573522987.0051939487,"rapl_power_draw_absolute":66.236692373,"rapl_estimated_attributable_power_draw":15.339557426,"cpu_time_seconds":{"25098":{"user":2.09,"system":1.44,"children_user":0.14,"children_system":1.35},"25003":{"user":93.73,"system":6.38,"children_user":0.14,"children_system":0.12}},"average_relative_cpu_utilization":0.2400773385,"absolute_cpu_utilization":0.9985909916,"relative_mem_usage":0.1282877445,"absolute_mem_usage":10311025664.0,"absolute_mem_percent_usage":0.0763218556,"mem_info_per_process":{"25098":{"rss":1550356480,"vms":3659198464,"shared":11689984,"text":2322432,"lib":0,"data":2298044416,"dirty":0,"uss":979501056,"pss":1263889408,"swap":0},"25003":{"rss":4468719616,"vms":13743046656,"shared":558080000,"text":2322432,"lib":0,"data":12173135872,"dirty":0,"uss":3890774016,"pss":4176861184,"swap":0}},"nvidia_draw_absolute":47.47,"nvidia_estimated_attributable_power_draw":47.47,"average_gpu_estimated_utilization_absolute":0.34,"per_gpu_average_estimated_utilization_absolute":{"(0, 25003)":{"sm":34.0,"mem":7.5,"enc":0.0,"dec":0.0}},"average_gpu_estimated_utilization_relative":1.0,"per_gpu_performance_state":{"0":"P2"},"per_gpu_power_draw":{"0":47.47},"cpu_count_adjusted_average_load":[0.1315625,0.1453125,0.1415625],"cpu_freq":[{"current":1228.312,"min":1200.0,"max":3200.0},{"current":1269.937,"min":1200.0,"max":3200.0},{"current":2399.906,"min":1200.0,"max":3200.0},{"current":1834.5,"min":1200.0,"max":3200.0},{"current":1212.562,"min":1200.0,"max":3200.0},{"current":1201.5,"min":1200.0,"max":3200.0},{"current":1199.906,"min":1200.0,"max":3200.0},{"current":2196.187,"min":1200.0,"max":3200.0},{"current":1500.281,"min":1200.0,"max":3200.0},{"current":1200.093,"min":1200.0,"max":3200.0},{"current":3141.375,"min":1200.0,"max":3200.0},{"current":1295.812,"min":1200.0,"max":3200.0},{"current":1261.218,"min":1200.0,"max":3200.0},{"current":1200.093,"min":1200.0,"max":3200.0},{"current":1234.406,"min":1200.0,"max":3200.0},{"current":1279.875,"min":1200.0,"max":3200.0},{"current":1210.406,"min":1200.0,"max":3200.0},{"current":1399.125,"min":1200.0,"max":3200.0},{"current":2400.0,"min":1200.0,"max":3200.0},{"current":1900.031,"min":1200.0,"max":3200.0},{"current":1269.187,"min":1200.0,"max":3200.0},{"current":1201.593,"min":1200.0,"max":3200.0},{"current":1294.406,"min":1200.0,"max":3200.0},{"current":2400.0,"min":1200.0,"max":3200.0},{"current":1600.968,"min":1200.0,"max":3200.0},{"current":1496.625,"min":1200.0,"max":3200.0},{"current":3126.093,"min":1200.0,"max":3200.0},{"current":1208.156,"min":1200.0,"max":3200.0},{"current":1276.593,"min":1200.0,"max":3200.0},{"current":1245.843,"min":1200.0,"max":3200.0},{"current":1232.625,"min":1200.0,"max":3200.0},{"current":1216.875,"min":1200.0,"max":3200.0}],"realtime_carbon_intensity":404.3374508703,"disk_write_speed":30.9337520251,"process_ids":[25098,25003]}
{"timestamp":1573522995.0770471096,"rapl_power_draw_absolute":68.3350937241,"rapl_estimated_attributable_power_draw":15.9887708894,"cpu_time_seconds":{"25098":{"user":2.3,"system":1.61,"children_user":0.17,"children_system":1.51},"25003":{"user":101.57,"system":6.61,"children_user":0.14,"children_system":0.12}},"average_relative_cpu_utilization":0.2438800656,"absolute_cpu_utilization":0.9985962555,"relative_mem_usage":0.1282850518,"absolute_mem_usage":10311762944.0,"absolute_mem_percent_usage":0.076327313,"mem_info_per_process":{"25098":{"rss":1550356480,"vms":3659198464,"shared":11689984,"text":2322432,"lib":0,"data":2298044416,"dirty":0,"uss":979746816,"pss":1264012288,"swap":0},"25003":{"rss":4468719616,"vms":13743046656,"shared":558080000,"text":2322432,"lib":0,"data":12173135872,"dirty":0,"uss":3891019776,"pss":4176984064,"swap":0}},"nvidia_draw_absolute":46.05,"nvidia_estimated_attributable_power_draw":46.05,"average_gpu_estimated_utilization_absolute":0.34,"per_gpu_average_estimated_utilization_absolute":{"(0, 25003)":{"sm":34.0,"mem":7.5,"enc":0.0,"dec":0.0}},"average_gpu_estimated_utilization_relative":1.0,"per_gpu_performance_state":{"0":"P2"},"per_gpu_power_draw":{"0":46.05},"cpu_count_adjusted_average_load":[0.1375,0.14625,0.141875],"cpu_freq":[{"current":2400.0,"min":1200.0,"max":3200.0},{"current":1200.0,"min":1200.0,"max":3200.0},{"current":2195.906,"min":1200.0,"max":3200.0},{"current":1299.937,"min":1200.0,"max":3200.0},{"current":1234.031,"min":1200.0,"max":3200.0},{"current":1294.312,"min":1200.0,"max":3200.0},{"current":1299.75,"min":1200.0,"max":3200.0},{"current":2400.0,"min":1200.0,"max":3200.0},{"current":1399.687,"min":1200.0,"max":3200.0},{"current":1670.25,"min":1200.0,"max":3200.0},{"current":3156.562,"min":1200.0,"max":3200.0},{"current":2399.906,"min":1200.0,"max":3200.0},{"current":1200.093,"min":1200.0,"max":3200.0},{"current":1200.187,"min":1200.0,"max":3200.0},{"current":1200.093,"min":1200.0,"max":3200.0},{"current":1228.218,"min":1200.0,"max":3200.0},{"current":2400.0,"min":1200.0,"max":3200.0},{"current":1207.406,"min":1200.0,"max":3200.0},{"current":1770.843,"min":1200.0,"max":3200.0},{"current":1200.0,"min":1200.0,"max":3200.0},{"current":1200.0,"min":1200.0,"max":3200.0},{"current":1245.093,"min":1200.0,"max":3200.0},{"current":1440.468,"min":1200.0,"max":3200.0},{"current":2399.906,"min":1200.0,"max":3200.0},{"current":1549.875,"min":1200.0,"max":3200.0},{"current":1572.75,"min":1200.0,"max":3200.0},{"current":3126.093,"min":1200.0,"max":3200.0},{"current":2399.906,"min":1200.0,"max":3200.0},{"current":1222.406,"min":1200.0,"max":3200.0},{"current":1380.0,"min":1200.0,"max":3200.0},{"current":1235.718,"min":1200.0,"max":3200.0},{"current":1216.875,"min":1200.0,"max":3200.0}],"realtime_carbon_intensity":404.3374508703,"disk_write_speed":45.3523752303,"process_ids":[25098,25003]}
{"timestamp":1573523003.0439929962,"rapl_power_draw_absolute":66.3147417972,"rapl_estimated_attributable_power_draw":15.664055902,"cpu_time_seconds":{"25098":{"user":2.5,"system":1.78,"children_user":0.18,"children_system":1.67},"25003":{"user":109.24,"system":6.91,"children_user":0.14,"children_system":0.12}},"average_relative_cpu_utilization":0.2451043284,"absolute_cpu_utilization":1.0042423648,"relative_mem_usage":0.1282793894,"absolute_mem_usage":10312168448.0,"absolute_mem_percent_usage":0.0763303145,"mem_info_per_process":{"25098":{"rss":1550356480,"vms":3659198464,"shared":11689984,"text":2322432,"lib":0,"data":2298044416,"dirty":0,"uss":979881984,"pss":1264079872,"swap":0},"25003":{"rss":4468719616,"vms":13743046656,"shared":558080000,"text":2322432,"lib":0,"data":12173135872,"dirty":0,"uss":3891154944,"pss":4177051648,"swap":0}},"nvidia_draw_absolute":45.44,"nvidia_estimated_attributable_power_draw":45.44,"average_gpu_estimated_utilization_absolute":0.3433333333,"per_gpu_average_estimated_utilization_absolute":{"(0, 25003)":{"sm":34.3333333333,"mem":7.3333333333,"enc":0.0,"dec":0.0}},"average_gpu_estimated_utilization_relative":1.0,"per_gpu_performance_state":{"0":"P2"},"per_gpu_power_draw":{"0":45.44},"cpu_count_adjusted_average_load":[0.1365625,0.1459375,0.141875],"cpu_freq":[{"current":1246.031,"min":1200.0,"max":3200.0},{"current":2399.906,"min":1200.0,"max":3200.0},{"current":2356.968,"min":1200.0,"max":3200.0},{"current":1659.281,"min":1200.0,"max":3200.0},{"current":1222.781,"min":1200.0,"max":3200.0},{"current":1201.5,"min":1200.0,"max":3200.0},{"current":1205.812,"min":1200.0,"max":3200.0},{"current":2399.906,"min":1200.0,"max":3200.0},{"current":1397.437,"min":1200.0,"max":3200.0},{"current":1314.468,"min":1200.0,"max":3200.0},{"current":3177.468,"min":1200.0,"max":3200.0},{"current":1541.531,"min":1200.0,"max":3200.0},{"current":1200.187,"min":1200.0,"max":3200.0},{"current":1450.593,"min":1200.0,"max":3200.0},{"current":1212.281,"min":1200.0,"max":3200.0},{"current":1200.093,"min":1200.0,"max":3200.0},{"current":1200.0,"min":1200.0,"max":3200.0},{"current":2400.0,"min":1200.0,"max":3200.0},{"current":2764.031,"min":1200.0,"max":3200.0},{"current":1888.125,"min":1200.0,"max":3200.0},{"current":1200.0,"min":1200.0,"max":3200.0},{"current":1245.093,"min":1200.0,"max":3200.0},{"current":1395.281,"min":1200.0,"max":3200.0},{"current":2297.062,"min":1200.0,"max":3200.0},{"current":1399.968,"min":1200.0,"max":3200.0},{"current":1300.968,"min":1200.0,"max":3200.0},{"current":3131.437,"min":1200.0,"max":3200.0},{"current":1364.812,"min":1200.0,"max":3200.0},{"current":1203.468,"min":1200.0,"max":3200.0},{"current":1335.375,"min":1200.0,"max":3200.0},{"current":1240.125,"min":1200.0,"max":3200.0},{"current":1289.625,"min":1200.0,"max":3200.0}],"realtime_carbon_intensity":404.3374508703,"disk_write_speed":37.6085195627,"process_ids":[25098,25003]}
{"timestamp":1573523011.0374429226,"rapl_power_draw_absolute":66.8599007748,"rapl_estimated_attributable_power_draw":15.8235732456,"cpu_time_seconds":{"25098":{"user":2.67,"system":1.97,"children_user":0.21,"children_system":1.82},"25003":{"user":117.02,"system":7.13,"children_user":0.14,"children_system":0.12}},"average_relative_cpu_utilization":0.2457082358,"absolute_cpu_utilization":1.0036325145,"relative_mem_usage":0.1282761426,"absolute_mem_usage":10312604672.0,"absolute_mem_percent_usage":0.0763335434,"mem_info_per_process":{"25098":{"rss":1550356480,"vms":3659198464,"shared":11689984,"text":2322432,"lib":0,"data":2298044416,"dirty":0,"uss":980025344,"pss":1264151552,"swap":0},"25003":{"rss":4468719616,"vms":13743046656,"shared":558080000,"text":2322432,"lib":0,"data":12173135872,"dirty":0,"uss":3891302400,"pss":4177125376,"swap":0}},"nvidia_draw_absolute":45.93,"nvidia_estimated_attributable_power_draw":45.93,"average_gpu_estimated_utilization_absolute":0.345,"per_gpu_average_estimated_utilization_absolute":{"(0, 25003)":{"sm":34.5,"mem":7.0,"enc":0.0,"dec":0.0}},"average_gpu_estimated_utilization_relative":1.0,"per_gpu_performance_state":{"0":"P2"},"per_gpu_power_draw":{"0":45.93},"cpu_count_adjusted_average_load":[0.141875,0.146875,0.1421875],"cpu_freq":[{"current":1499.812,"min":1200.0,"max":3200.0},{"current":2400.0,"min":1200.0,"max":3200.0},{"current":1260.187,"min":1200.0,"max":3200.0},{"current":1460.718,"min":1200.0,"max":3200.0},{"current":1200.843,"min":1200.0,"max":3200.0},{"current":1200.281,"min":1200.0,"max":3200.0},{"current":1622.531,"min":1200.0,"max":3200.0},{"current":2399.906,"min":1200.0,"max":3200.0},{"current":1391.718,"min":1200.0,"max":3200.0},{"current":1292.343,"min":1200.0,"max":3200.0},{"current":3069.093,"min":1200.0,"max":3200.0},{"current":1417.312,"min":1200.0,"max":3200.0},{"current":1289.062,"min":1200.0,"max":3200.0},{"current":1200.187,"min":1200.0,"max":3200.0},{"current":1202.625,"min":1200.0,"max":3200.0},{"current":1200.093,"min":1200.0,"max":3200.0},{"current":1392.656,"min":1200.0,"max":3200.0},{"current":2233.218,"min":1200.0,"max":3200.0},{"current":1627.875,"min":1200.0,"max":3200.0},{"current":2400.0,"min":1200.0,"max":3200.0},{"current":1200.0,"min":1200.0,"max":3200.0},{"current":1218.093,"min":1200.0,"max":3200.0},{"current":2196.468,"min":1200.0,"max":3200.0},{"current":2399.906,"min":1200.0,"max":3200.0},{"current":1369.781,"min":1200.0,"max":3200.0},{"current":1498.875,"min":1200.0,"max":3200.0},{"current":3131.437,"min":1200.0,"max":3200.0},{"current":1723.968,"min":1200.0,"max":3200.0},{"current":1205.531,"min":1200.0,"max":3200.0},{"current":1742.531,"min":1200.0,"max":3200.0},{"current":1200.843,"min":1200.0,"max":3200.0},{"current":1201.031,"min":1200.0,"max":3200.0}],"realtime_carbon_intensity":404.3374508703,"disk_write_speed":47.6531817848,"process_ids":[25098,25003]}
{"timestamp":1573523019.0277459621,"rapl_power_draw_absolute":66.5638525743,"rapl_estimated_attributable_power_draw":15.3025859005,"cpu_time_seconds":{"25098":{"user":2.9,"system":2.14,"children_user":0.23,"children_system":1.98},"25003":{"user":124.81,"system":7.34,"children_user":0.14,"children_system":0.12}},"average_relative_cpu_utilization":0.2384149596,"absolute_cpu_utilization":1.003605735,"relative_mem_usage":0.1282702656,"absolute_mem_usage":10312991744.0,"absolute_mem_percent_usage":0.0763364085,"mem_info_per_process":{"25098":{"rss":1550356480,"vms":3659198464,"shared":11689984,"text":2322432,"lib":0,"data":2298044416,"dirty":0,"uss":980156416,"pss":1264217088,"swap":0},"25003":{"rss":4468719616,"vms":13743046656,"shared":558080000,"text":2322432,"lib":0,"data":12173135872,"dirty":0,"uss":3891429376,"pss":4177188864,"swap":0}},"nvidia_draw_absolute":45.63,"nvidia_estimated_attributable_power_draw":45.63,"average_gpu_estimated_utilization_absolute":0.345,"per_gpu_average_estimated_utilization_absolute":{"(0, 25003)":{"sm":34.5,"mem":7.0,"enc":0.0,"dec":0.0}},"average_gpu_estimated_utilization_relative":1.0,"per_gpu_performance_state":{"0":"P2"},"per_gpu_power_draw":{"0":45.63},"cpu_count_adjusted_average_load":[0.144375,0.1471875,0.1425],"cpu_freq":[{"current":1202.156,"min":1200.0,"max":3200.0},{"current":2196.468,"min":1200.0,"max":3200.0},{"current":1206.75,"min":1200.0,"max":3200.0},{"current":1849.125,"min":1200.0,"max":3200.0},{"current":1265.343,"min":1200.0,"max":3200.0},{"current":1201.593,"min":1200.0,"max":3200.0},{"current":2400.0,"min":1200.0,"max":3200.0},{"current":2399.906,"min":1200.0,"max":3200.0},{"current":1620.937,"min":1200.0,"max":3200.0},{"current":1298.625,"min":1200.0,"max":3200.0},{"current":3112.875,"min":1200.0,"max":3200.0},{"current":1334.812,"min":1200.0,"max":3200.0},{"current":1251.656,"min":1200.0,"max":3200.0},{"current":1253.25,"min":1200.0,"max":3200.0},{"current":1280.718,"min":1200.0,"max":3200.0},{"current":1200.093,"min":1200.0,"max":3200.0},{"current":1497.937,"min":1200.0,"max":3200.0},{"current":2390.906,"min":1200.0,"max":3200.0},{"current":1223.812,"min":1200.0,"max":3200.0},{"current":1317.562,"min":1200.0,"max":3200.0},{"current":1200.0,"min":1200.0,"max":3200.0},{"current":1285.406,"min":1200.0,"max":3200.0},{"current":2400.0,"min":1200.0,"max":3200.0},{"current":2399.25,"min":1200.0,"max":3200.0},{"current":1485.937,"min":1200.0,"max":3200.0},{"current":1277.625,"min":1200.0,"max":3200.0},{"current":3200.156,"min":1200.0,"max":3200.0},{"current":1351.312,"min":1200.0,"max":3200.0},{"current":1217.343,"min":1200.0,"max":3200.0},{"current":1280.625,"min":1200.0,"max":3200.0},{"current":1240.781,"min":1200.0,"max":3200.0},{"current":1208.25,"min":1200.0,"max":3200.0}],"realtime_carbon_intensity":404.3374508703,"disk_write_speed":43.8077054595,"process_ids":[25098,25003]}
{"timestamp":1573523027.0493359566,"rapl_power_draw_absolute":69.200932753,"rapl_estimated_attributable_power_draw":16.191033207,"cpu_time_seconds":{"25098":{"user":3.16,"system":2.32,"children_user":0.26,"children_system":2.14},"25003":{"user":132.57,"system":7.6,"children_user":0.14,"children_system":0.12}},"average_relative_cpu_utilization":0.2442063111,"absolute_cpu_utilization":1.0035929758,"relative_mem_usage":0.1282669115,"absolute_mem_usage":10313298944.0,"absolute_mem_percent_usage":0.0763386824,"mem_info_per_process":{"25098":{"rss":1550356480,"vms":3659198464,"shared":11689984,"text":2322432,"lib":0,"data":2298044416,"dirty":0,"uss":980258816,"pss":1264268288,"swap":0},"25003":{"rss":4468719616,"vms":13743046656,"shared":558080000,"text":2322432,"lib":0,"data":12173135872,"dirty":0,"uss":3891531776,"pss":4177240064,"swap":0}},"nvidia_draw_absolute":45.27,"nvidia_estimated_attributable_power_draw":45.27,"average_gpu_estimated_utilization_absolute":0.3433333333,"per_gpu_average_estimated_utilization_absolute":{"(0, 25003)":{"sm":34.3333333333,"mem":7.6666666667,"enc":0.0,"dec":0.0}},"average_gpu_estimated_utilization_relative":1.0,"per_gpu_performance_state":{"0":"P2"},"per_gpu_power_draw":{"0":45.27},"cpu_count_adjusted_average_load":[0.1428125,0.1465625,0.1421875],"cpu_freq":[{"current":1219.031,"min":1200.0,"max":3200.0},{"current":2399.906,"min":1200.0,"max":3200.0},{"current":1770.656,"min":1200.0,"max":3200.0},{"current":2299.968,"min":1200.0,"max":3200.0},{"current":1310.718,"min":1200.0,"max":3200.0},{"current":1264.968,"min":1200.0,"max":3200.0},{"current":1390.875,"min":1200.0,"max":3200.0},{"current":2399.906,"min":1200.0,"max":3200.0},{"current":1222.312,"min":1200.0,"max":3200.0},{"current":1483.687,"min":1200.0,"max":3200.0},{"current":3155.156,"min":1200.0,"max":3200.0},{"current":2399.906,"min":1200.0,"max":3200.0},{"current":1273.5,"min":1200.0,"max":3200.0},{"current":1214.906,"min":1200.0,"max":3200.0},{"current":1200.187,"min":1200.0,"max":3200.0},{"current":1213.125,"min":1200.0,"max":3200.0},{"current":1395.75,"min":1200.0,"max":3200.0},{"current":2400.0,"min":1200.0,"max":3200.0},{"current":1499.906,"min":1200.0,"max":3200.0},{"current":1931.343,"min":1200.0,"max":3200.0},{"current":1293.281,"min":1200.0,"max":3200.0},{"current":1209.843,"min":1200.0,"max":3200.0},{"current":1399.781,"min":1200.0,"max":3200.0},{"current":1299.187,"min":1200.0,"max":3200.0},{"current":1279.781,"min":1200.0,"max":3200.0},{"current":1447.125,"min":1200.0,"max":3200.0},{"current":3173.812,"min":1200.0,"max":3200.0},{"current":2399.906,"min":1200.0,"max":3200.0},{"current":1217.343,"min":1200.0,"max":3200.0},{"current":1280.625,"min":1200.0,"max":3200.0},{"current":1240.781,"min":1200.0,"max":3200.0},{"current":1208.25,"min":1200.0,"max":3200.0}],"realtime_carbon_intensity":404.3374508703,"disk_write_speed":36.6945761477,"process_ids":[25098,25003]}
{"timestamp":1573523035.0307290554,"rapl_power_draw_absolute":67.8134670394,"rapl_estimated_attributable_power_draw":16.4551788386,"cpu_time_seconds":{"25098":{"user":3.4,"system":2.48,"children_user":0.28,"children_system":2.29},"25003":{"user":140.33,"system":7.82,"children_user":0.14,"children_system":0.12}},"average_relative_cpu_utilization":0.251878579,"absolute_cpu_utilization":0.9986613957,"relative_mem_usage":0.1282527498,"absolute_mem_usage":10313532416.0,"absolute_mem_percent_usage":0.0763404105,"mem_info_per_process":{"25098":{"rss":1550356480,"vms":3659198464,"shared":11689984,"text":2322432,"lib":0,"data":2298044416,"dirty":0,"uss":980336640,"pss":1264307200,"swap":0},"25003":{"rss":4468719616,"vms":13743046656,"shared":558080000,"text":2322432,"lib":0,"data":12173135872,"dirty":0,"uss":3891609600,"pss":4177278976,"swap":0}},"nvidia_draw_absolute":44.6,"nvidia_estimated_attributable_power_draw":44.6,"average_gpu_estimated_utilization_absolute":0.345,"per_gpu_average_estimated_utilization_absolute":{"(0, 25003)":{"sm":34.5,"mem":7.5,"enc":0.0,"dec":0.0}},"average_gpu_estimated_utilization_relative":1.0,"per_gpu_performance_state":{"0":"P2"},"per_gpu_power_draw":{"0":44.6},"cpu_count_adjusted_average_load":[0.15,0.148125,0.1428125],"cpu_freq":[{"current":2098.031,"min":1200.0,"max":3200.0},{"current":2399.906,"min":1200.0,"max":3200.0},{"current":2399.906,"min":1200.0,"max":3200.0},{"current":1499.437,"min":1200.0,"max":3200.0},{"current":1287.843,"min":1200.0,"max":3200.0},{"current":1200.937,"min":1200.0,"max":3200.0},{"current":1296.75,"min":1200.0,"max":3200.0},{"current":1527.843,"min":1200.0,"max":3200.0},{"current":1295.718,"min":1200.0,"max":3200.0},{"current":1207.218,"min":1200.0,"max":3200.0},{"current":3163.031,"min":1200.0,"max":3200.0},{"current":1300.125,"min":1200.0,"max":3200.0},{"current":1299.093,"min":1200.0,"max":3200.0},{"current":1200.093,"min":1200.0,"max":3200.0},{"current":1220.25,"min":1200.0,"max":3200.0},{"current":1200.0,"min":1200.0,"max":3200.0},{"current":1399.968,"min":1200.0,"max":3200.0},{"current":2400.0,"min":1200.0,"max":3200.0},{"current":2400.0,"min":1200.0,"max":3200.0},{"current":1296.187,"min":1200.0,"max":3200.0},{"current":1200.0,"min":1200.0,"max":3200.0},{"current":1209.843,"min":1200.0,"max":3200.0},{"current":1289.812,"min":1200.0,"max":3200.0},{"current":2398.406,"min":1200.0,"max":3200.0},{"current":1361.718,"min":1200.0,"max":3200.0},{"current":1313.25,"min":1200.0,"max":3200.0},{"current":3124.593,"min":1200.0,"max":3200.0},{"current":1400.906,"min":1200.0,"max":3200.0},{"current":1273.781,"min":1200.0,"max":3200.0},{"current":1297.5,"min":1200.0,"max":3200.0},{"current":1283.906,"min":1200.0,"max":3200.0},{"current":1225.125,"min":1200.0,"max":3200.0}],"realtime_carbon_intensity":404.3374508703,"disk_write_speed":37.6986127182,"process_ids":[25098,25003]}
{"timestamp":1573523043.0339651108,"rapl_power_draw_absolute":67.8323893969,"rapl_estimated_attributable_power_draw":15.5139224291,"cpu_time_seconds":{"25098":{"user":3.62,"system":2.66,"children_user":0.29,"children_system":2.46},"25003":{"user":148.08,"system":8.08,"children_user":0.14,"children_system":0.12}},"average_relative_cpu_utilization":0.2380816875,"absolute_cpu_utilization":0.9986212291,"relative_mem_usage":0.1282433559,"absolute_mem_usage":10313716736.0,"absolute_mem_percent_usage":0.0763417749,"mem_info_per_process":{"25098":{"rss":1550356480,"vms":3659198464,"shared":11689984,"text":2322432,"lib":0,"data":2298044416,"dirty":0,"uss":980398080,"pss":1264337920,"swap":0},"25003":{"rss":4468719616,"vms":13743046656,"shared":558080000,"text":2322432,"lib":0,"data":12173135872,"dirty":0,"uss":3891671040,"pss":4177309696,"swap":0}},"nvidia_draw_absolute":50.06,"nvidia_estimated_attributable_power_draw":50.06,"average_gpu_estimated_utilization_absolute":0.3433333333,"per_gpu_average_estimated_utilization_absolute":{"(0, 25003)":{"sm":34.3333333333,"mem":7.3333333333,"enc":0.0,"dec":0.0}},"average_gpu_estimated_utilization_relative":1.0,"per_gpu_performance_state":{"0":"P2"},"per_gpu_power_draw":{"0":50.06},"cpu_count_adjusted_average_load":[0.1503125,0.148125,0.1428125],"cpu_freq":[{"current":2399.906,"min":1200.0,"max":3200.0},{"current":1776.093,"min":1200.0,"max":3200.0},{"current":1290.75,"min":1200.0,"max":3200.0},{"current":1422.375,"min":1200.0,"max":3200.0},{"current":1328.437,"min":1200.0,"max":3200.0},{"current":1200.468,"min":1200.0,"max":3200.0},{"current":1499.906,"min":1200.0,"max":3200.0},{"current":2399.906,"min":1200.0,"max":3200.0},{"current":1315.218,"min":1200.0,"max":3200.0},{"current":1780.687,"min":1200.0,"max":3200.0},{"current":3055.875,"min":1200.0,"max":3200.0},{"current":1429.781,"min":1200.0,"max":3200.0},{"current":1200.093,"min":1200.0,"max":3200.0},{"current":1209.937,"min":1200.0,"max":3200.0},{"current":1295.437,"min":1200.0,"max":3200.0},{"current":1200.937,"min":1200.0,"max":3200.0},{"current":1266.0,"min":1200.0,"max":3200.0},{"current":2400.0,"min":1200.0,"max":3200.0},{"current":1298.812,"min":1200.0,"max":3200.0},{"current":1899.843,"min":1200.0,"max":3200.0},{"current":1205.906,"min":1200.0,"max":3200.0},{"current":1224.937,"min":1200.0,"max":3200.0},{"current":1472.906,"min":1200.0,"max":3200.0},{"current":2400.0,"min":1200.0,"max":3200.0},{"current":1300.687,"min":1200.0,"max":3200.0},{"current":1897.968,"min":1200.0,"max":3200.0},{"current":3124.593,"min":1200.0,"max":3200.0},{"current":1636.218,"min":1200.0,"max":3200.0},{"current":1229.812,"min":1200.0,"max":3200.0},{"current":1219.968,"min":1200.0,"max":3200.0},{"current":1287.562,"min":1200.0,"max":3200.0},{"current":1228.687,"min":1200.0,"max":3200.0}],"realtime_carbon_intensity":404.3374508703,"disk_write_speed":51.138559395,"process_ids":[25098,25003]}
{"timestamp":1573523051.0195019245,"rapl_power_draw_absolute":65.7959496587,"rapl_estimated_attributable_power_draw":16.8287219393,"cpu_time_seconds":{"25098":{"user":3.86,"system":2.84,"children_user":0.31,"children_system":2.61},"25003":{"user":155.82,"system":8.32,"children_user":0.14,"children_system":0.12}},"average_relative_cpu_utilization":0.2673602847,"absolute_cpu_utilization":0.9986145291,"relative_mem_usage":0.128234379,"absolute_mem_usage":10313950208.0,"absolute_mem_percent_usage":0.076343503,"mem_info_per_process":{"25098":{"rss":1550356480,"vms":3659198464,"shared":11689984,"text":2322432,"lib":0,"data":2298044416,"dirty":0,"uss":980475904,"pss":1264376832,"swap":0},"25003":{"rss":4468719616,"vms":13743046656,"shared":558080000,"text":2322432,"lib":0,"data":12173135872,"dirty":0,"uss":3891748864,"pss":4177348608,"swap":0}},"nvidia_draw_absolute":45.38,"nvidia_estimated_attributable_power_draw":45.38,"average_gpu_estimated_utilization_absolute":0.345,"per_gpu_average_estimated_utilization_absolute":{"(0, 25003)":{"sm":34.5,"mem":7.0,"enc":0.0,"dec":0.0}},"average_gpu_estimated_utilization_relative":1.0,"per_gpu_performance_state":{"0":"P2"},"per_gpu_power_draw":{"0":45.38},"cpu_count_adjusted_average_load":[0.1465625,0.1475,0.1425],"cpu_freq":[{"current":2026.875,"min":1200.0,"max":3200.0},{"current":1896.75,"min":1200.0,"max":3200.0},{"current":1298.906,"min":1200.0,"max":3200.0},{"current":1299.937,"min":1200.0,"max":3200.0},{"current":1201.218,"min":1200.0,"max":3200.0},{"current":1227.75,"min":1200.0,"max":3200.0},{"current":1200.0,"min":1200.0,"max":3200.0},{"current":1597.5,"min":1200.0,"max":3200.0},{"current":1398.281,"min":1200.0,"max":3200.0},{"current":1511.156,"min":1200.0,"max":3200.0},{"current":3142.218,"min":1200.0,"max":3200.0},{"current":1303.593,"min":1200.0,"max":3200.0},{"current":1200.093,"min":1200.0,"max":3200.0},{"current":1568.156,"min":1200.0,"max":3200.0},{"current":1271.343,"min":1200.0,"max":3200.0},{"current":1204.781,"min":1200.0,"max":3200.0},{"current":2399.906,"min":1200.0,"max":3200.0},{"current":1863.375,"min":1200.0,"max":3200.0},{"current":1600.125,"min":1200.0,"max":3200.0},{"current":1217.062,"min":1200.0,"max":3200.0},{"current":1200.0,"min":1200.0,"max":3200.0},{"current":1283.718,"min":1200.0,"max":3200.0},{"current":1217.062,"min":1200.0,"max":3200.0},{"current":2400.0,"min":1200.0,"max":3200.0},{"current":1306.312,"min":1200.0,"max":3200.0},{"current":1681.406,"min":1200.0,"max":3200.0},{"current":3169.406,"min":1200.0,"max":3200.0},{"current":1266.562,"min":1200.0,"max":3200.0},{"current":1200.843,"min":1200.0,"max":3200.0},{"current":1544.718,"min":1200.0,"max":3200.0},{"current":1236.281,"min":1200.0,"max":3200.0},{"current":1200.375,"min":1200.0,"max":3200.0}],"realtime_carbon_intensity":404.3374508703,"disk_write_speed":50.9396003752,"process_ids":[25098,25003]}
{"timestamp":1573523059.0154008865,"rapl_power_draw_absolute":67.1025531047,"rapl_estimated_attributable_power_draw":15.6523567499,"cpu_time_seconds":{"25098":{"user":4.08,"system":3.04,"children_user":0.32,"children_system":2.78},"25003":{"user":163.57,"system":8.58,"children_user":0.14,"children_system":0.12}},"average_relative_cpu_utilization":0.241826896,"absolute_cpu_utilization":0.9986396039,"relative_mem_usage":0.1282315817,"absolute_mem_usage":10314079232.0,"absolute_mem_percent_usage":0.076344458,"mem_info_per_process":{"25098":{"rss":1550356480,"vms":3659198464,"shared":11689984,"text":2322432,"lib":0,"data":2298044416,"dirty":0,"uss":980516864,"pss":1264397312,"swap":0},"25003":{"rss":4468719616,"vms":13743046656,"shared":558080000,"text":2322432,"lib":0,"data":12173135872,"dirty":0,"uss":3891793920,"pss":4177371136,"swap":0}},"nvidia_draw_absolute":45.76,"nvidia_estimated_attributable_power_draw":45.76,"average_gpu_estimated_utilization_absolute":0.345,"per_gpu_average_estimated_utilization_absolute":{"(0, 25003)":{"sm":34.5,"mem":7.5,"enc":0.0,"dec":0.0}},"average_gpu_estimated_utilization_relative":1.0,"per_gpu_performance_state":{"0":"P2"},"per_gpu_power_draw":{"0":45.76},"cpu_count_adjusted_average_load":[0.140625,0.14625,0.1421875],"cpu_freq":[{"current":1212.281,"min":1200.0,"max":3200.0},{"current":2694.937,"min":1200.0,"max":3200.0},{"current":1225.875,"min":1200.0,"max":3200.0},{"current":1271.812,"min":1200.0,"max":3200.0},{"current":1279.5,"min":1200.0,"max":3200.0},{"current":1201.5,"min":1200.0,"max":3200.0},{"current":1596.093,"min":1200.0,"max":3200.0},{"current":2399.906,"min":1200.0,"max":3200.0},{"current":1474.968,"min":1200.0,"max":3200.0},{"current":1298.812,"min":1200.0,"max":3200.0},{"current":3123.0,"min":1200.0,"max":3200.0},{"current":1577.718,"min":1200.0,"max":3200.0},{"current":1200.0,"min":1200.0,"max":3200.0},{"current":1215.937,"min":1200.0,"max":3200.0},{"current":1251.093,"min":1200.0,"max":3200.0},{"current":1211.343,"min":1200.0,"max":3200.0},{"current":1490.812,"min":1200.0,"max":3200.0},{"current":2698.406,"min":1200.0,"max":3200.0},{"current":2400.093,"min":1200.0,"max":3200.0},{"current":1394.437,"min":1200.0,"max":3200.0},{"current":1204.406,"min":1200.0,"max":3200.0},{"current":1237.781,"min":1200.0,"max":3200.0},{"current":1447.125,"min":1200.0,"max":3200.0},{"current":2400.0,"min":1200.0,"max":3200.0},{"current":1338.0,"min":1200.0,"max":3200.0},{"current":1379.906,"min":1200.0,"max":3200.0},{"current":3169.406,"min":1200.0,"max":3200.0},{"current":1601.625,"min":1200.0,"max":3200.0},{"current":1212.093,"min":1200.0,"max":3200.0},{"current":1283.718,"min":1200.0,"max":3200.0},{"current":1273.687,"min":1200.0,"max":3200.0},{"current":1261.406,"min":1200.0,"max":3200.0}],"realtime_carbon_intensity":404.3374508703,"disk_write_speed":50.9737208297,"process_ids":[25098,25003]}
{"timestamp":1573523067.0212628841,"rapl_power_draw_absolute":68.2065853711,"rapl_estimated_attributable_power_draw":15.6246593159,"cpu_time_seconds":{"25098":{"user":4.34,"system":3.22,"children_user":0.35,"children_system":2.94},"25003":{"user":171.34,"system":8.81,"children_user":0.14,"children_system":0.12}},"average_relative_cpu_utilization":0.2383570876,"absolute_cpu_utilization":0.9985985847,"relative_mem_usage":0.1282210761,"absolute_mem_usage":10314220544.0,"absolute_mem_percent_usage":0.076345504,"mem_info_per_process":{"25098":{"rss":1550356480,"vms":3659198464,"shared":11689984,"text":2322432,"lib":0,"data":2298044416,"dirty":0,"uss":980566016,"pss":1264421888,"swap":0},"25003":{"rss":4468719616,"vms":13743046656,"shared":558080000,"text":2322432,"lib":0,"data":12173135872,"dirty":0,"uss":3891838976,"pss":4177393664,"swap":0}},"nvidia_draw_absolute":45.27,"nvidia_estimated_attributable_power_draw":45.27,"average_gpu_estimated_utilization_absolute":0.35,"per_gpu_average_estimated_utilization_absolute":{"(0, 25003)":{"sm":35.0,"mem":7.5,"enc":0.0,"dec":0.0}},"average_gpu_estimated_utilization_relative":1.0,"per_gpu_performance_state":{"0":"P2"},"per_gpu_power_draw":{"0":45.27},"cpu_count_adjusted_average_load":[0.139375,0.145625,0.1421875],"cpu_freq":[{"current":1333.125,"min":1200.0,"max":3200.0},{"current":1397.437,"min":1200.0,"max":3200.0},{"current":2212.875,"min":1200.0,"max":3200.0},{"current":2399.906,"min":1200.0,"max":3200.0},{"current":1220.062,"min":1200.0,"max":3200.0},{"current":1284.375,"min":1200.0,"max":3200.0},{"current":2399.906,"min":1200.0,"max":3200.0},{"current":1199.906,"min":1200.0,"max":3200.0},{"current":1297.687,"min":1200.0,"max":3200.0},{"current":1201.406,"min":1200.0,"max":3200.0},{"current":3150.093,"min":1200.0,"max":3200.0},{"current":1715.812,"min":1200.0,"max":3200.0},{"current":1267.218,"min":1200.0,"max":3200.0},{"current":1200.093,"min":1200.0,"max":3200.0},{"current":1200.093,"min":1200.0,"max":3200.0},{"current":1266.562,"min":1200.0,"max":3200.0},{"current":1201.875,"min":1200.0,"max":3200.0},{"current":1258.312,"min":1200.0,"max":3200.0},{"current":2376.843,"min":1200.0,"max":3200.0},{"current":2399.906,"min":1200.0,"max":3200.0},{"current":1200.656,"min":1200.0,"max":3200.0},{"current":1295.718,"min":1200.0,"max":3200.0},{"current":2400.0,"min":1200.0,"max":3200.0},{"current":1398.281,"min":1200.0,"max":3200.0},{"current":1266.0,"min":1200.0,"max":3200.0},{"current":1200.375,"min":1200.0,"max":3200.0},{"current":2988.0,"min":1200.0,"max":3200.0},{"current":1947.468,"min":1200.0,"max":3200.0},{"current":1200.375,"min":1200.0,"max":3200.0},{"current":1280.531,"min":1200.0,"max":3200.0},{"current":1202.718,"min":1200.0,"max":3200.0},{"current":1240.781,"min":1200.0,"max":3200.0}],"realtime_carbon_intensity":404.3374508703,"disk_write_speed":42.4211633995,"process_ids":[25098,25003]}
{"timestamp":1573523075.0583720207,"rapl_power_draw_absolute":66.3504941115,"rapl_estimated_attributable_power_draw":15.2043108691,"cpu_time_seconds":{"25098":{"user":4.56,"system":3.42,"children_user":0.37,"children_system":3.1},"25003":{"user":179.16,"system":9.04,"children_user":0.14,"children_system":0.12}},"average_relative_cpu_utilization":0.2375716803,"absolute_cpu_utilization":1.003612474,"relative_mem_usage":0.1282135564,"absolute_mem_usage":10314318848.0,"absolute_mem_percent_usage":0.0763462317,"mem_info_per_process":{"25098":{"rss":1550356480,"vms":3659198464,"shared":11689984,"text":2322432,"lib":0,"data":2298044416,"dirty":0,"uss":980598784,"pss":1264438272,"swap":0},"25003":{"rss":4468719616,"vms":13743046656,"shared":558080000,"text":2322432,"lib":0,"data":12173135872,"dirty":0,"uss":3891871744,"pss":4177410048,"swap":0}},"nvidia_draw_absolute":45.25,"nvidia_estimated_attributable_power_draw":45.25,"average_gpu_estimated_utilization_absolute":0.345,"per_gpu_average_estimated_utilization_absolute":{"(0, 25003)":{"sm":34.5,"mem":7.5,"enc":0.0,"dec":0.0}},"average_gpu_estimated_utilization_relative":1.0,"per_gpu_performance_state":{"0":"P2"},"per_gpu_power_draw":{"0":45.25},"cpu_count_adjusted_average_load":[0.139375,0.145625,0.1421875],"cpu_freq":[{"current":1235.812,"min":1200.0,"max":3200.0},{"current":1253.812,"min":1200.0,"max":3200.0},{"current":1395.843,"min":1200.0,"max":3200.0},{"current":2399.906,"min":1200.0,"max":3200.0},{"current":1257.75,"min":1200.0,"max":3200.0},{"current":1200.843,"min":1200.0,"max":3200.0},{"current":1384.312,"min":1200.0,"max":3200.0},{"current":1996.218,"min":1200.0,"max":3200.0},{"current":1296.937,"min":1200.0,"max":3200.0},{"current":1499.906,"min":1200.0,"max":3200.0},{"current":3143.812,"min":1200.0,"max":3200.0},{"current":1230.937,"min":1200.0,"max":3200.0},{"current":1242.75,"min":1200.0,"max":3200.0},{"current":1200.093,"min":1200.0,"max":3200.0},{"current":1200.093,"min":1200.0,"max":3200.0},{"current":1203.0,"min":1200.0,"max":3200.0},{"current":2233.031,"min":1200.0,"max":3200.0},{"current":1221.375,"min":1200.0,"max":3200.0},{"current":1695.562,"min":1200.0,"max":3200.0},{"current":2400.093,"min":1200.0,"max":3200.0},{"current":1275.562,"min":1200.0,"max":3200.0},{"current":1202.25,"min":1200.0,"max":3200.0},{"current":2398.406,"min":1200.0,"max":3200.0},{"current":2096.906,"min":1200.0,"max":3200.0},{"current":1388.156,"min":1200.0,"max":3200.0},{"current":1574.343,"min":1200.0,"max":3200.0},{"current":2988.0,"min":1200.0,"max":3200.0},{"current":1274.062,"min":1200.0,"max":3200.0},{"current":1263.187,"min":1200.0,"max":3200.0},{"current":1241.25,"min":1200.0,"max":3200.0},{"current":1238.062,"min":1200.0,"max":3200.0},{"current":1201.312,"min":1200.0,"max":3200.0}],"realtime_carbon_intensity":404.3374508703,"disk_write_speed":51.9004632648,"process_ids":[25098,25003]}
