{"timestamp":1573521995.6117300987,"rapl_power_draw_absolute":64.3531565784,"rapl_estimated_attributable_power_draw":13.9429936001,"cpu_time_seconds":{"19905":{"user":32.3,"system":3.31,"children_user":0.14,"children_system":0.12},"19981":{"user":0.0,"system":0.02,"children_user":0.0,"children_system":0.01}},"average_relative_cpu_utilization":0.2334666387,"absolute_cpu_utilization":0.9894411557,"relative_mem_usage":0.0411472618,"absolute_mem_usage":3154320384.0,"absolute_mem_percent_usage":0.0233481705,"mem_info_per_process":{"19905":{"rss":2101284864,"vms":4112437248,"shared":109531136,"text":2322432,"lib":0,"data":2751283200,"dirty":0,"uss":718200832,"pss":1408456704,"swap":0},"19981":{"rss":1549664256,"vms":3665936384,"shared":4145152,"text":2322432,"lib":0,"data":2304782336,"dirty":0,"uss":168910848,"pss":858752000,"swap":0}},"nvidia_draw_absolute":37.21,"nvidia_estimated_attributable_power_draw":37.21,"average_gpu_estimated_utilization_absolute":0.0425,"per_gpu_average_estimated_utilization_absolute":{"(0, 0)":{"sm":0.0,"mem":0.0,"enc":0.0,"dec":0.0},"(0, 19905)":{"sm":4.25,"mem":0.0,"enc":0.0,"dec":0.0}},"average_gpu_estimated_utilization_relative":1.0,"per_gpu_performance_state":{"0":"P2"},"per_gpu_power_draw":{"0":37.21},"cpu_count_adjusted_average_load":[0.146875,0.1396875,0.1365625],"cpu_freq":[{"current":1899.937,"min":1200.0,"max":3200.0},{"current":1892.531,"min":1200.0,"max":3200.0},{"current":2400.0,"min":1200.0,"max":3200.0},{"current":1215.843,"min":1200.0,"max":3200.0},{"current":1357.312,"min":1200.0,"max":3200.0},{"current":1207.5,"min":1200.0,"max":3200.0},{"current":1201.312,"min":1200.0,"max":3200.0},{"current":2400.093,"min":1200.0,"max":3200.0},{"current":1295.25,"min":1200.0,"max":3200.0},{"current":3180.375,"min":1200.0,"max":3200.0},{"current":1804.687,"min":1200.0,"max":3200.0},{"current":1420.406,"min":1200.0,"max":3200.0},{"current":1200.562,"min":1200.0,"max":3200.0},{"current":1243.031,"min":1200.0,"max":3200.0},{"current":1228.312,"min":1200.0,"max":3200.0},{"current":1200.937,"min":1200.0,"max":3200.0},{"current":1982.906,"min":1200.0,"max":3200.0},{"current":1698.093,"min":1200.0,"max":3200.0},{"current":2399.906,"min":1200.0,"max":3200.0},{"current":1299.937,"min":1200.0,"max":3200.0},{"current":1294.312,"min":1200.0,"max":3200.0},{"current":1297.781,"min":1200.0,"max":3200.0},{"current":1397.718,"min":1200.0,"max":3200.0},{"current":2400.0,"min":1200.0,"max":3200.0},{"current":1200.281,"min":1200.0,"max":3200.0},{"current":1600.781,"min":1200.0,"max":3200.0},{"current":2075.718,"min":1200.0,"max":3200.0},{"current":1487.437,"min":1200.0,"max":3200.0},{"current":1400.718,"min":1200.0,"max":3200.0},{"current":1232.906,"min":1200.0,"max":3200.0},{"current":1369.593,"min":1200.0,"max":3200.0},{"current":1202.437,"min":1200.0,"max":3200.0}],"realtime_carbon_intensity":400.267172889,"disk_write_speed":55.3389884658,"process_ids":[19905,19981]}
{"timestamp":1573522003.6538100243,"rapl_power_draw_absolute":65.2288537916,"rapl_estimated_attributable_power_draw":15.0279701669,"cpu_time_seconds":{"19905":{"user":38.68,"system":4.84,"children_user":0.14,"children_system":0.12},"19981":{"user":0.24,"system":0.18,"children_user":0.02,"children_system":0.17}},"average_relative_cpu_utilization":0.2395508888,"absolute_cpu_utilization":1.0035980309,"relative_mem_usage":0.1272334929,"absolute_mem_usage":10121009152.0,"absolute_mem_percent_usage":0.07491536,"mem_info_per_process":{"19905":{"rss":4563124224,"vms":13837402112,"shared":558034944,"text":2322432,"lib":0,"data":12267491328,"dirty":0,"uss":3854127104,"pss":4205591552,"swap":0},"19981":{"rss":1557012480,"vms":3665936384,"shared":11476992,"text":2322432,"lib":0,"data":2304782336,"dirty":0,"uss":855805952,"pss":1205484544,"swap":0}},"nvidia_draw_absolute":54.42,"nvidia_estimated_attributable_power_draw":54.42,"average_gpu_estimated_utilization_absolute":0.33,"per_gpu_average_estimated_utilization_absolute":{"(0, 19905)":{"sm":33,"mem":8,"enc":0,"dec":0}},"average_gpu_estimated_utilization_relative":1.0,"per_gpu_performance_state":{"0":"P2"},"per_gpu_power_draw":{"0":54.42},"cpu_count_adjusted_average_load":[0.1459375,0.1396875,0.1365625],"cpu_freq":[{"current":1202.437,"min":1200.0,"max":3200.0},{"current":2399.906,"min":1200.0,"max":3200.0},{"current":1207.031,"min":1200.0,"max":3200.0},{"current":2220.093,"min":1200.0,"max":3200.0},{"current":1231.218,"min":1200.0,"max":3200.0},{"current":1338.375,"min":1200.0,"max":3200.0},{"current":2313.0,"min":1200.0,"max":3200.0},{"current":2058.0,"min":1200.0,"max":3200.0},{"current":1215.187,"min":1200.0,"max":3200.0},{"current":3159.468,"min":1200.0,"max":3200.0},{"current":1300.031,"min":1200.0,"max":3200.0},{"current":1569.093,"min":1200.0,"max":3200.0},{"current":1208.625,"min":1200.0,"max":3200.0},{"current":1200.0,"min":1200.0,"max":3200.0},{"current":1600.125,"min":1200.0,"max":3200.0},{"current":1200.093,"min":1200.0,"max":3200.0},{"current":1300.031,"min":1200.0,"max":3200.0},{"current":2400.0,"min":1200.0,"max":3200.0},{"current":1297.687,"min":1200.0,"max":3200.0},{"current":2396.718,"min":1200.0,"max":3200.0},{"current":1293.937,"min":1200.0,"max":3200.0},{"current":1405.687,"min":1200.0,"max":3200.0},{"current":2688.843,"min":1200.0,"max":3200.0},{"current":1486.125,"min":1200.0,"max":3200.0},{"current":1297.968,"min":1200.0,"max":3200.0},{"current":1600.781,"min":1200.0,"max":3200.0},{"current":1385.156,"min":1200.0,"max":3200.0},{"current":1834.406,"min":1200.0,"max":3200.0},{"current":1260.375,"min":1200.0,"max":3200.0},{"current":1205.25,"min":1200.0,"max":3200.0},{"current":1566.843,"min":1200.0,"max":3200.0},{"current":1203.0,"min":1200.0,"max":3200.0}],"realtime_carbon_intensity":400.267172889,"disk_write_speed":51.0582779919,"process_ids":[19905,19981]}
{"timestamp":1573522011.6718039513,"rapl_power_draw_absolute":65.1574634651,"rapl_estimated_attributable_power_draw":15.3207876412,"cpu_time_seconds":{"19905":{"user":46.46,"system":5.07,"children_user":0.14,"children_system":0.12},"19981":{"user":0.48,"system":0.39,"children_user":0.04,"children_system":0.34}},"average_relative_cpu_utilization":0.2441818801,"absolute_cpu_utilization":0.9986558655,"relative_mem_usage":0.1273135895,"absolute_mem_usage":10128586752.0,"absolute_mem_percent_usage":0.0749714491,"mem_info_per_process":{"19905":{"rss":4563189760,"vms":13837402112,"shared":558100480,"text":2322432,"lib":0,"data":12267491328,"dirty":0,"uss":3856674816,"pss":4206898176,"swap":0},"19981":{"rss":1557012480,"vms":3665936384,"shared":11476992,"text":2322432,"lib":0,"data":2304782336,"dirty":0,"uss":858288128,"pss":1206725632,"swap":0}},"nvidia_draw_absolute":51.03,"nvidia_estimated_attributable_power_draw":51.03,"average_gpu_estimated_utilization_absolute":0.33,"per_gpu_average_estimated_utilization_absolute":{"(0, 19905)":{"sm":33.0,"mem":7.5,"enc":0.0,"dec":0.0}},"average_gpu_estimated_utilization_relative":1.0,"per_gpu_performance_state":{"0":"P2"},"per_gpu_power_draw":{"0":51.03},"cpu_count_adjusted_average_load":[0.149375,0.140625,0.136875],"cpu_freq":[{"current":2399.906,"min":1200.0,"max":3200.0},{"current":1427.531,"min":1200.0,"max":3200.0},{"current":2383.312,"min":1200.0,"max":3200.0},{"current":1999.875,"min":1200.0,"max":3200.0},{"current":1376.531,"min":1200.0,"max":3200.0},{"current":1234.687,"min":1200.0,"max":3200.0},{"current":1399.968,"min":1200.0,"max":3200.0},{"current":1708.312,"min":1200.0,"max":3200.0},{"current":1299.093,"min":1200.0,"max":3200.0},{"current":3178.125,"min":1200.0,"max":3200.0},{"current":1699.781,"min":1200.0,"max":3200.0},{"current":1500.093,"min":1200.0,"max":3200.0},{"current":1224.375,"min":1200.0,"max":3200.0},{"current":1248.281,"min":1200.0,"max":3200.0},{"current":1201.125,"min":1200.0,"max":3200.0},{"current":1200.0,"min":1200.0,"max":3200.0},{"current":2400.0,"min":1200.0,"max":3200.0},{"current":2363.718,"min":1200.0,"max":3200.0},{"current":2295.656,"min":1200.0,"max":3200.0},{"current":2399.906,"min":1200.0,"max":3200.0},{"current":1297.593,"min":1200.0,"max":3200.0},{"current":1468.031,"min":1200.0,"max":3200.0},{"current":1396.875,"min":1200.0,"max":3200.0},{"current":1698.281,"min":1200.0,"max":3200.0},{"current":1579.312,"min":1200.0,"max":3200.0},{"current":2606.625,"min":1200.0,"max":3200.0},{"current":1648.312,"min":1200.0,"max":3200.0},{"current":1781.531,"min":1200.0,"max":3200.0},{"current":1217.531,"min":1200.0,"max":3200.0},{"current":1200.843,"min":1200.0,"max":3200.0},{"current":1274.718,"min":1200.0,"max":3200.0},{"current":1200.937,"min":1200.0,"max":3200.0}],"realtime_carbon_intensity":400.267172889,"disk_write_speed":49.7675310449,"process_ids":[19905,19981]}
{"timestamp":1573522019.6662490368,"rapl_power_draw_absolute":65.8650475626,"rapl_estimated_attributable_power_draw":15.3277187713,"cpu_time_seconds":{"19905":{"user":54.21,"system":5.32,"children_user":0.14,"children_system":0.12},"19981":{"user":0.72,"system":0.58,"children_user":0.06,"children_system":0.5}},"average_relative_cpu_utilization":0.2421132594,"absolute_cpu_utilization":0.9986805058,"relative_mem_usage":0.1273469388,"absolute_mem_usage":10132297728.0,"absolute_mem_percent_usage":0.0749989176,"mem_info_per_process":{"19905":{"rss":4563189760,"vms":13837402112,"shared":558100480,"text":2322432,"lib":0,"data":12267491328,"dirty":0,"uss":3857911808,"pss":4207516672,"swap":0},"19981":{"rss":1557012480,"vms":3665936384,"shared":11476992,"text":2322432,"lib":0,"data":2304782336,"dirty":0,"uss":859525120,"pss":1207344128,"swap":0}},"nvidia_draw_absolute":50.83,"nvidia_estimated_attributable_power_draw":50.83,"average_gpu_estimated_utilization_absolute":0.33,"per_gpu_average_estimated_utilization_absolute":{"(0, 19905)":{"sm":33,"mem":8,"enc":0,"dec":0}},"average_gpu_estimated_utilization_relative":1.0,"per_gpu_performance_state":{"0":"P2"},"per_gpu_power_draw":{"0":50.83},"cpu_count_adjusted_average_load":[0.1409375,0.1390625,0.13625],"cpu_freq":[{"current":2226.937,"min":1200.0,"max":3200.0},{"current":1586.062,"min":1200.0,"max":3200.0},{"current":1994.718,"min":1200.0,"max":3200.0},{"current":1696.781,"min":1200.0,"max":3200.0},{"current":1269.468,"min":1200.0,"max":3200.0},{"current":1300.312,"min":1200.0,"max":3200.0},{"current":2400.0,"min":1200.0,"max":3200.0},{"current":2399.531,"min":1200.0,"max":3200.0},{"current":1220.625,"min":1200.0,"max":3200.0},{"current":3058.218,"min":1200.0,"max":3200.0},{"current":1569.843,"min":1200.0,"max":3200.0},{"current":1781.531,"min":1200.0,"max":3200.0},{"current":1500.187,"min":1200.0,"max":3200.0},{"current":1500.093,"min":1200.0,"max":3200.0},{"current":1485.468,"min":1200.0,"max":3200.0},{"current":1300.125,"min":1200.0,"max":3200.0},{"current":2399.906,"min":1200.0,"max":3200.0},{"current":1602.187,"min":1200.0,"max":3200.0},{"current":1793.343,"min":1200.0,"max":3200.0},{"current":1760.812,"min":1200.0,"max":3200.0},{"current":1278.656,"min":1200.0,"max":3200.0},{"current":1212.843,"min":1200.0,"max":3200.0},{"current":2400.093,"min":1200.0,"max":3200.0},{"current":2399.906,"min":1200.0,"max":3200.0},{"current":1679.156,"min":1200.0,"max":3200.0},{"current":3199.968,"min":1200.0,"max":3200.0},{"current":1877.156,"min":1200.0,"max":3200.0},{"current":1871.156,"min":1200.0,"max":3200.0},{"current":1501.687,"min":1200.0,"max":3200.0},{"current":1511.437,"min":1200.0,"max":3200.0},{"current":1367.625,"min":1200.0,"max":3200.0},{"current":1401.75,"min":1200.0,"max":3200.0}],"realtime_carbon_intensity":400.267172889,"disk_write_speed":38.7604934073,"process_ids":[19905,19981]}
{"timestamp":1573522027.678098917,"rapl_power_draw_absolute":65.5476678727,"rapl_estimated_attributable_power_draw":15.2554888425,"cpu_time_seconds":{"19905":{"user":61.98,"system":5.57,"children_user":0.14,"children_system":0.12},"19981":{"user":0.88,"system":0.77,"children_user":0.08,"children_system":0.67}},"average_relative_cpu_utilization":0.2415232055,"absolute_cpu_utilization":0.998610816,"relative_mem_usage":0.1273655315,"absolute_mem_usage":10134706176.0,"absolute_mem_percent_usage":0.0750167449,"mem_info_per_process":{"19905":{"rss":4563189760,"vms":13837402112,"shared":558100480,"text":2322432,"lib":0,"data":12267491328,"dirty":0,"uss":3858714624,"pss":4207918080,"swap":0},"19981":{"rss":1557012480,"vms":3665936384,"shared":11476992,"text":2322432,"lib":0,"data":2304782336,"dirty":0,"uss":860327936,"pss":1207745536,"swap":0}},"nvidia_draw_absolute":53.11,"nvidia_estimated_attributable_power_draw":53.11,"average_gpu_estimated_utilization_absolute":0.33,"per_gpu_average_estimated_utilization_absolute":{"(0, 19905)":{"sm":33.0,"mem":7.5,"enc":0.0,"dec":0.0}},"average_gpu_estimated_utilization_relative":1.0,"per_gpu_performance_state":{"0":"P2"},"per_gpu_power_draw":{"0":53.11},"cpu_count_adjusted_average_load":[0.1359375,0.1378125,0.1359375],"cpu_freq":[{"current":1699.125,"min":1200.0,"max":3200.0},{"current":2709.562,"min":1200.0,"max":3200.0},{"current":2399.906,"min":1200.0,"max":3200.0},{"current":2400.0,"min":1200.0,"max":3200.0},{"current":1240.687,"min":1200.0,"max":3200.0},{"current":1357.875,"min":1200.0,"max":3200.0},{"current":1698.75,"min":1200.0,"max":3200.0},{"current":2098.781,"min":1200.0,"max":3200.0},{"current":1219.968,"min":1200.0,"max":3200.0},{"current":3112.593,"min":1200.0,"max":3200.0},{"current":1299.75,"min":1200.0,"max":3200.0},{"current":1579.687,"min":1200.0,"max":3200.0},{"current":1232.437,"min":1200.0,"max":3200.0},{"current":1200.281,"min":1200.0,"max":3200.0},{"current":1200.187,"min":1200.0,"max":3200.0},{"current":1200.0,"min":1200.0,"max":3200.0},{"current":1451.906,"min":1200.0,"max":3200.0},{"current":2834.25,"min":1200.0,"max":3200.0},{"current":1398.75,"min":1200.0,"max":3200.0},{"current":1434.468,"min":1200.0,"max":3200.0},{"current":1299.093,"min":1200.0,"max":3200.0},{"current":1294.312,"min":1200.0,"max":3200.0},{"current":2400.0,"min":1200.0,"max":3200.0},{"current":1763.062,"min":1200.0,"max":3200.0},{"current":1225.875,"min":1200.0,"max":3200.0},{"current":3199.968,"min":1200.0,"max":3200.0},{"current":1329.187,"min":1200.0,"max":3200.0},{"current":1601.156,"min":1200.0,"max":3200.0},{"current":1270.687,"min":1200.0,"max":3200.0},{"current":1274.531,"min":1200.0,"max":3200.0},{"current":1230.0,"min":1200.0,"max":3200.0},{"current":1277.906,"min":1200.0,"max":3200.0}],"realtime_carbon_intensity":400.267172889,"disk_write_speed":49.4927384687,"process_ids":[19905,19981]}
{"timestamp":1573522035.7059528828,"rapl_power_draw_absolute":65.6009452924,"rapl_estimated_attributable_power_draw":15.6649721792,"cpu_time_seconds":{"19905":{"user":69.8,"system":5.78,"children_user":0.14,"children_system":0.12},"19981":{"user":1.13,"system":0.96,"children_user":0.09,"children_system":0.85}},"average_relative_cpu_utilization":0.2481312609,"absolute_cpu_utilization":1.0036416043,"relative_mem_usage":0.1273696163,"absolute_mem_usage":10135971840.0,"absolute_mem_percent_usage":0.0750261133,"mem_info_per_process":{"19905":{"rss":4563189760,"vms":13837402112,"shared":558100480,"text":2322432,"lib":0,"data":12267491328,"dirty":0,"uss":3859136512,"pss":4208129024,"swap":0},"19981":{"rss":1557012480,"vms":3665936384,"shared":11476992,"text":2322432,"lib":0,"data":2304782336,"dirty":0,"uss":860749824,"pss":1207956480,"swap":0}},"nvidia_draw_absolute":50.26,"nvidia_estimated_attributable_power_draw":50.26,"average_gpu_estimated_utilization_absolute":0.33,"per_gpu_average_estimated_utilization_absolute":{"(0, 19905)":{"sm":33,"mem":8,"enc":0,"dec":0}},"average_gpu_estimated_utilization_relative":1.0,"per_gpu_performance_state":{"0":"P2"},"per_gpu_power_draw":{"0":50.26},"cpu_count_adjusted_average_load":[0.1378125,0.138125,0.13625],"cpu_freq":[{"current":1300.031,"min":1200.0,"max":3200.0},{"current":2400.281,"min":1200.0,"max":3200.0},{"current":2400.0,"min":1200.0,"max":3200.0},{"current":1898.906,"min":1200.0,"max":3200.0},{"current":1213.312,"min":1200.0,"max":3200.0},{"current":1200.093,"min":1200.0,"max":3200.0},{"current":2400.0,"min":1200.0,"max":3200.0},{"current":2400.0,"min":1200.0,"max":3200.0},{"current":1266.843,"min":1200.0,"max":3200.0},{"current":3054.468,"min":1200.0,"max":3200.0},{"current":1341.187,"min":1200.0,"max":3200.0},{"current":1299.187,"min":1200.0,"max":3200.0},{"current":1272.937,"min":1200.0,"max":3200.0},{"current":1250.437,"min":1200.0,"max":3200.0},{"current":1224.468,"min":1200.0,"max":3200.0},{"current":1200.093,"min":1200.0,"max":3200.0},{"current":1438.875,"min":1200.0,"max":3200.0},{"current":2399.906,"min":1200.0,"max":3200.0},{"current":2400.0,"min":1200.0,"max":3200.0},{"current":1786.031,"min":1200.0,"max":3200.0},{"current":1200.562,"min":1200.0,"max":3200.0},{"current":1201.875,"min":1200.0,"max":3200.0},{"current":2398.031,"min":1200.0,"max":3200.0},{"current":2399.906,"min":1200.0,"max":3200.0},{"current":1466.625,"min":1200.0,"max":3200.0},{"current":3125.625,"min":1200.0,"max":3200.0},{"current":1287.093,"min":1200.0,"max":3200.0},{"current":1216.875,"min":1200.0,"max":3200.0},{"current":1240.031,"min":1200.0,"max":3200.0},{"current":1275.843,"min":1200.0,"max":3200.0},{"current":1470.093,"min":1200.0,"max":3200.0},{"current":1222.781,"min":1200.0,"max":3200.0}],"realtime_carbon_intensity":400.267172889,"disk_write_speed":55.9460587831,"process_ids":[19905,19981]}
{"timestamp":1573522043.7186059952,"rapl_power_draw_absolute":66.9438803211,"rapl_estimated_attributable_power_draw":15.7037209177,"cpu_time_seconds":{"19905":{"user":77.54,"system":6.05,"children_user":0.14,"children_system":0.12},"19981":{"user":1.36,"system":1.14,"children_user":0.12,"children_system":1.0}},"average_relative_cpu_utilization":0.2450722243,"absolute_cpu_utilization":0.9985873882,"relative_mem_usage":0.1273695795,"absolute_mem_usage":10136979456.0,"absolute_mem_percent_usage":0.0750335716,"mem_info_per_process":{"19905":{"rss":4563189760,"vms":13837402112,"shared":558100480,"text":2322432,"lib":0,"data":12267491328,"dirty":0,"uss":3859472384,"pss":4208296960,"swap":0},"19981":{"rss":1557012480,"vms":3665936384,"shared":11476992,"text":2322432,"lib":0,"data":2304782336,"dirty":0,"uss":861085696,"pss":1208124416,"swap":0}},"nvidia_draw_absolute":54.26,"nvidia_estimated_attributable_power_draw":54.26,"average_gpu_estimated_utilization_absolute":0.33,"per_gpu_average_estimated_utilization_absolute":{"(0, 19905)":{"sm":33.0,"mem":7.5,"enc":0.0,"dec":0.0}},"average_gpu_estimated_utilization_relative":1.0,"per_gpu_performance_state":{"0":"P2"},"per_gpu_power_draw":{"0":54.26},"cpu_count_adjusted_average_load":[0.138125,0.1384375,0.13625],"cpu_freq":[{"current":1199.906,"min":1200.0,"max":3200.0},{"current":1697.25,"min":1200.0,"max":3200.0},{"current":1795.125,"min":1200.0,"max":3200.0},{"current":2400.0,"min":1200.0,"max":3200.0},{"current":1286.343,"min":1200.0,"max":3200.0},{"current":1201.312,"min":1200.0,"max":3200.0},{"current":2399.906,"min":1200.0,"max":3200.0},{"current":2400.0,"min":1200.0,"max":3200.0},{"current":1693.031,"min":1200.0,"max":3200.0},{"current":3148.781,"min":1200.0,"max":3200.0},{"current":1484.531,"min":1200.0,"max":3200.0},{"current":1400.812,"min":1200.0,"max":3200.0},{"current":1267.312,"min":1200.0,"max":3200.0},{"current":1254.75,"min":1200.0,"max":3200.0},{"current":1200.0,"min":1200.0,"max":3200.0},{"current":1268.437,"min":1200.0,"max":3200.0},{"current":1398.937,"min":1200.0,"max":3200.0},{"current":1671.656,"min":1200.0,"max":3200.0},{"current":1765.031,"min":1200.0,"max":3200.0},{"current":2399.906,"min":1200.0,"max":3200.0},{"current":1372.781,"min":1200.0,"max":3200.0},{"current":1226.812,"min":1200.0,"max":3200.0},{"current":2399.906,"min":1200.0,"max":3200.0},{"current":2272.968,"min":1200.0,"max":3200.0},{"current":1698.093,"min":1200.0,"max":3200.0},{"current":3174.468,"min":1200.0,"max":3200.0},{"current":1786.968,"min":1200.0,"max":3200.0},{"current":1379.156,"min":1200.0,"max":3200.0},{"current":1229.718,"min":1200.0,"max":3200.0},{"current":1290.843,"min":1200.0,"max":3200.0},{"current":1234.5,"min":1200.0,"max":3200.0},{"current":1392.0,"min":1200.0,"max":3200.0}],"realtime_carbon_intensity":400.267172889,"disk_write_speed":51.1749401562,"process_ids":[19905,19981]}
{"timestamp":1573522051.792840004,"rapl_power_draw_absolute":66.8508282858,"rapl_estimated_attributable_power_draw":15.6227481283,"cpu_time_seconds":{"19905":{"user":85.38,"system":6.3,"children_user":0.14,"children_system":0.12},"19981":{"user":1.6,"system":1.31,"children_user":0.14,"children_system":1.17}},"average_relative_cpu_utilization":0.2433179875,"absolute_cpu_utilization":1.0036030524,"relative_mem_usage":0.1273693528,"absolute_mem_usage":10137821184.0,"absolute_mem_percent_usage":0.0750398021,"mem_info_per_process":{"19905":{"rss":4563189760,"vms":13837402112,"shared":558100480,"text":2322432,"lib":0,"data":12267491328,"dirty":0,"uss":3859750912,"pss":4208436224,"swap":0},"19981":{"rss":1557012480,"vms":3665936384,"shared":11476992,"text":2322432,"lib":0,"data":2304782336,"dirty":0,"uss":861368320,"pss":1208265728,"swap":0}},"nvidia_draw_absolute":50.57,"nvidia_estimated_attributable_power_draw":50.57,"average_gpu_estimated_utilization_absolute":0.33,"per_gpu_average_estimated_utilization_absolute":{"(0, 19905)":{"sm":33.0,"mem":7.5,"enc":0.0,"dec":0.0}},"average_gpu_estimated_utilization_relative":1.0,"per_gpu_performance_state":{"0":"P2"},"per_gpu_power_draw":{"0":50.57},"cpu_count_adjusted_average_load":[0.1346875,0.1375,0.1359375],"cpu_freq":[{"current":2399.906,"min":1200.0,"max":3200.0},{"current":1318.687,"min":1200.0,"max":3200.0},{"current":2399.906,"min":1200.0,"max":3200.0},{"current":2085.75,"min":1200.0,"max":3200.0},{"current":1202.437,"min":1200.0,"max":3200.0},{"current":1201.031,"min":1200.0,"max":3200.0},{"current":1899.375,"min":1200.0,"max":3200.0},{"current":1717.687,"min":1200.0,"max":3200.0},{"current":1205.062,"min":1200.0,"max":3200.0},{"current":3052.406,"min":1200.0,"max":3200.0},{"current":1379.062,"min":1200.0,"max":3200.0},{"current":1298.25,"min":1200.0,"max":3200.0},{"current":1208.156,"min":1200.0,"max":3200.0},{"current":1200.093,"min":1200.0,"max":3200.0},{"current":1484.343,"min":1200.0,"max":3200.0},{"current":1254.093,"min":1200.0,"max":3200.0},{"current":2399.906,"min":1200.0,"max":3200.0},{"current":1399.125,"min":1200.0,"max":3200.0},{"current":2400.0,"min":1200.0,"max":3200.0},{"current":2029.875,"min":1200.0,"max":3200.0},{"current":1202.156,"min":1200.0,"max":3200.0},{"current":1246.406,"min":1200.0,"max":3200.0},{"current":1671.562,"min":1200.0,"max":3200.0},{"current":1797.187,"min":1200.0,"max":3200.0},{"current":1232.343,"min":1200.0,"max":3200.0},{"current":3174.468,"min":1200.0,"max":3200.0},{"current":1200.843,"min":1200.0,"max":3200.0},{"current":1577.812,"min":1200.0,"max":3200.0},{"current":1240.031,"min":1200.0,"max":3200.0},{"current":1281.468,"min":1200.0,"max":3200.0},{"current":1456.781,"min":1200.0,"max":3200.0},{"current":1201.031,"min":1200.0,"max":3200.0}],"realtime_carbon_intensity":400.267172889,"disk_write_speed":58.5411007181,"process_ids":[19905,19981]}
{"timestamp":1573522059.783121109,"rapl_power_draw_absolute":65.7982083986,"rapl_estimated_attributable_power_draw":15.2422570341,"cpu_time_seconds":{"19905":{"user":93.08,"system":6.58,"children_user":0.14,"children_system":0.12},"19981":{"user":1.82,"system":1.5,"children_user":0.15,"children_system":1.33}},"average_relative_cpu_utilization":0.2403640269,"absolute_cpu_utilization":0.9991114777,"relative_mem_usage":0.1273640007,"absolute_mem_usage":10138388480.0,"absolute_mem_percent_usage":0.0750440012,"mem_info_per_process":{"19905":{"rss":4563193856,"vms":13837402112,"shared":558100480,"text":2322432,"lib":0,"data":12267491328,"dirty":0,"uss":3859943424,"pss":4208534528,"swap":0},"19981":{"rss":1557012480,"vms":3665936384,"shared":11476992,"text":2322432,"lib":0,"data":2304782336,"dirty":0,"uss":861552640,"pss":1208357888,"swap":0}},"nvidia_draw_absolute":51.69,"nvidia_estimated_attributable_power_draw":51.69,"average_gpu_estimated_utilization_absolute":0.33,"per_gpu_average_estimated_utilization_absolute":{"(0, 19905)":{"sm":33.0,"mem":7.5,"enc":0.0,"dec":0.0}},"average_gpu_estimated_utilization_relative":1.0,"per_gpu_performance_state":{"0":"P2"},"per_gpu_power_draw":{"0":51.69},"cpu_count_adjusted_average_load":[0.128125,0.13625,0.135625],"cpu_freq":[{"current":1399.968,"min":1200.0,"max":3200.0},{"current":1199.906,"min":1200.0,"max":3200.0},{"current":2399.906,"min":1200.0,"max":3200.0},{"current":1829.062,"min":1200.0,"max":3200.0},{"current":1228.687,"min":1200.0,"max":3200.0},{"current":1200.937,"min":1200.0,"max":3200.0},{"current":1610.437,"min":1200.0,"max":3200.0},{"current":1899.281,"min":1200.0,"max":3200.0},{"current":1259.25,"min":1200.0,"max":3200.0},{"current":3181.687,"min":1200.0,"max":3200.0},{"current":1500.0,"min":1200.0,"max":3200.0},{"current":1567.125,"min":1200.0,"max":3200.0},{"current":1200.093,"min":1200.0,"max":3200.0},{"current":1284.468,"min":1200.0,"max":3200.0},{"current":1204.218,"min":1200.0,"max":3200.0},{"current":1270.406,"min":1200.0,"max":3200.0},{"current":2332.406,"min":1200.0,"max":3200.0},{"current":1203.0,"min":1200.0,"max":3200.0},{"current":2400.0,"min":1200.0,"max":3200.0},{"current":1897.5,"min":1200.0,"max":3200.0},{"current":1284.562,"min":1200.0,"max":3200.0},{"current":1246.406,"min":1200.0,"max":3200.0},{"current":2400.0,"min":1200.0,"max":3200.0},{"current":1296.281,"min":1200.0,"max":3200.0},{"current":1277.156,"min":1200.0,"max":3200.0},{"current":3060.0,"min":1200.0,"max":3200.0},{"current":1494.75,"min":1200.0,"max":3200.0},{"current":1413.0,"min":1200.0,"max":3200.0},{"current":1320.843,"min":1200.0,"max":3200.0},{"current":1246.406,"min":1200.0,"max":3200.0},{"current":1204.312,"min":1200.0,"max":3200.0},{"current":1206.843,"min":1200.0,"max":3200.0}],"realtime_carbon_intensity":400.267172889,"disk_write_speed":54.7164100526,"process_ids":[19905,19981]}
{"timestamp":1573522067.7923679352,"rapl_power_draw_absolute":64.9663025777,"rapl_estimated_attributable_power_draw":14.9791500773,"cpu_time_seconds":{"19905":{"user":100.84,"system":6.84,"children_user":0.14,"children_system":0.12},"19981":{"user":2.06,"system":1.68,"children_user":0.16,"children_system":1.51}},"average_relative_cpu_utilization":0.2392630368,"absolute_cpu_utilization":1.0036054437,"relative_mem_usage":0.1273630953,"absolute_mem_usage":10139027456.0,"absolute_mem_percent_usage":0.0750487308,"mem_info_per_process":{"19905":{"rss":4563193856,"vms":13837402112,"shared":558100480,"text":2322432,"lib":0,"data":12267491328,"dirty":0,"uss":3860156416,"pss":4208641024,"swap":0},"19981":{"rss":1557012480,"vms":3665936384,"shared":11476992,"text":2322432,"lib":0,"data":2304782336,"dirty":0,"uss":861765632,"pss":1208464384,"swap":0}},"nvidia_draw_absolute":51.28,"nvidia_estimated_attributable_power_draw":51.28,"average_gpu_estimated_utilization_absolute":0.33,"per_gpu_average_estimated_utilization_absolute":{"(0, 19905)":{"sm":33.0,"mem":7.5,"enc":0.0,"dec":0.0}},"average_gpu_estimated_utilization_relative":1.0,"per_gpu_performance_state":{"0":"P2"},"per_gpu_power_draw":{"0":51.28},"cpu_count_adjusted_average_load":[0.1225,0.1346875,0.135],"cpu_freq":[{"current":1698.656,"min":1200.0,"max":3200.0},{"current":1795.875,"min":1200.0,"max":3200.0},{"current":1947.75,"min":1200.0,"max":3200.0},{"current":2391.468,"min":1200.0,"max":3200.0},{"current":1244.906,"min":1200.0,"max":3200.0},{"current":1201.031,"min":1200.0,"max":3200.0},{"current":1887.0,"min":1200.0,"max":3200.0},{"current":1723.593,"min":1200.0,"max":3200.0},{"current":1488.468,"min":1200.0,"max":3200.0},{"current":3045.656,"min":1200.0,"max":3200.0},{"current":1299.375,"min":1200.0,"max":3200.0},{"current":1577.531,"min":1200.0,"max":3200.0},{"current":1200.0,"min":1200.0,"max":3200.0},{"current":1251.843,"min":1200.0,"max":3200.0},{"current":1325.437,"min":1200.0,"max":3200.0},{"current":1200.0,"min":1200.0,"max":3200.0},{"current":2400.0,"min":1200.0,"max":3200.0},{"current":1541.437,"min":1200.0,"max":3200.0},{"current":2399.906,"min":1200.0,"max":3200.0},{"current":2382.093,"min":1200.0,"max":3200.0},{"current":1283.531,"min":1200.0,"max":3200.0},{"current":1202.437,"min":1200.0,"max":3200.0},{"current":1480.781,"min":1200.0,"max":3200.0},{"current":1528.312,"min":1200.0,"max":3200.0},{"current":1354.031,"min":1200.0,"max":3200.0},{"current":3060.0,"min":1200.0,"max":3200.0},{"current":1300.781,"min":1200.0,"max":3200.0},{"current":1491.562,"min":1200.0,"max":3200.0},{"current":1227.0,"min":1200.0,"max":3200.0},{"current":1229.343,"min":1200.0,"max":3200.0},{"current":1379.437,"min":1200.0,"max":3200.0},{"current":1300.968,"min":1200.0,"max":3200.0}],"realtime_carbon_intensity":400.267172889,"disk_write_speed":54.8321366091,"process_ids":[19905,19981]}
{"timestamp":1573522075.8154630661,"rapl_power_draw_absolute":65.3636812486,"rapl_estimated_attributable_power_draw":15.0333931255,"cpu_time_seconds":{"19905":{"user":108.55,"system":7.15,"children_user":0.14,"children_system":0.12},"19981":{"user":2.26,"system":1.87,"children_user":0.18,"children_system":1.68}},"average_relative_cpu_utilization":0.238647905,"absolute_cpu_utilization":0.9986847378,"relative_mem_usage":0.1273613945,"absolute_mem_usage":10139539456.0,"absolute_mem_percent_usage":0.0750525207,"mem_info_per_process":{"19905":{"rss":4563288064,"vms":13837402112,"shared":558100480,"text":2322432,"lib":0,"data":12267491328,"dirty":0,"uss":3860357120,"pss":4208786432,"swap":0},"19981":{"rss":1557012480,"vms":3665936384,"shared":11476992,"text":2322432,"lib":0,"data":2304782336,"dirty":0,"uss":861876224,"pss":1208519680,"swap":0}},"nvidia_draw_absolute":51.12,"nvidia_estimated_attributable_power_draw":51.12,"average_gpu_estimated_utilization_absolute":0.33,"per_gpu_average_estimated_utilization_absolute":{"(0, 19905)":{"sm":33.0,"mem":7.5,"enc":0.0,"dec":0.0}},"average_gpu_estimated_utilization_relative":1.0,"per_gpu_performance_state":{"0":"P2"},"per_gpu_power_draw":{"0":51.12},"cpu_count_adjusted_average_load":[0.1203125,0.1340625,0.135],"cpu_freq":[{"current":2334.75,"min":1200.0,"max":3200.0},{"current":2074.781,"min":1200.0,"max":3200.0},{"current":1797.0,"min":1200.0,"max":3200.0},{"current":2399.906,"min":1200.0,"max":3200.0},{"current":1227.281,"min":1200.0,"max":3200.0},{"current":1800.375,"min":1200.0,"max":3200.0},{"current":2399.906,"min":1200.0,"max":3200.0},{"current":1985.531,"min":1200.0,"max":3200.0},{"current":1291.218,"min":1200.0,"max":3200.0},{"current":3014.437,"min":1200.0,"max":3200.0},{"current":1554.75,"min":1200.0,"max":3200.0},{"current":2039.718,"min":1200.0,"max":3200.0},{"current":1832.812,"min":1200.0,"max":3200.0},{"current":1857.375,"min":1200.0,"max":3200.0},{"current":1625.812,"min":1200.0,"max":3200.0},{"current":1280.812,"min":1200.0,"max":3200.0},{"current":2142.281,"min":1200.0,"max":3200.0},{"current":1699.968,"min":1200.0,"max":3200.0},{"current":1899.937,"min":1200.0,"max":3200.0},{"current":2400.0,"min":1200.0,"max":3200.0},{"current":1206.468,"min":1200.0,"max":3200.0},{"current":1779.281,"min":1200.0,"max":3200.0},{"current":2190.656,"min":1200.0,"max":3200.0},{"current":2096.25,"min":1200.0,"max":3200.0},{"current":1708.312,"min":1200.0,"max":3200.0},{"current":3074.906,"min":1200.0,"max":3200.0},{"current":1877.812,"min":1200.0,"max":3200.0},{"current":2088.187,"min":1200.0,"max":3200.0},{"current":1278.187,"min":1200.0,"max":3200.0},{"current":1749.0,"min":1200.0,"max":3200.0},{"current":1228.031,"min":1200.0,"max":3200.0},{"current":1387.968,"min":1200.0,"max":3200.0}],"realtime_carbon_intensity":400.267172889,"disk_write_speed":50.8511669918,"process_ids":[19905,19981]}
{"timestamp":1573522083.8223850727,"rapl_power_draw_absolute":65.7983766104,"rapl_estimated_attributable_power_draw":15.111101508,"cpu_time_seconds":{"19905":{"user":116.28,"system":7.44,"children_user":0.14,"children_system":0.12},"19981":{"user":2.47,"system":2.04,"children_user":0.2,"children_system":1.84}},"average_relative_cpu_utilization":0.2381862405,"absolute_cpu_utilization":1.0085962823,"relative_mem_usage":0.1273555536,"absolute_mem_usage":10140104704.0,"absolute_mem_percent_usage":0.0750567046,"mem_info_per_process":{"19905":{"rss":4563324928,"vms":13837402112,"shared":558100480,"text":2322432,"lib":0,"data":12267491328,"dirty":0,"uss":3860557824,"pss":4208905216,"swap":0},"19981":{"rss":1557012480,"vms":3665936384,"shared":11476992,"text":2322432,"lib":0,"data":2304782336,"dirty":0,"uss":862040064,"pss":1208601600,"swap":0}},"nvidia_draw_absolute":56.63,"nvidia_estimated_attributable_power_draw":56.63,"average_gpu_estimated_utilization_absolute":0.33,"per_gpu_average_estimated_utilization_absolute":{"(0, 19905)":{"sm":33.0,"mem":7.5,"enc":0.0,"dec":0.0}},"average_gpu_estimated_utilization_relative":1.0,"per_gpu_performance_state":{"0":"P2"},"per_gpu_power_draw":{"0":56.63},"cpu_count_adjusted_average_load":[0.123125,0.134375,0.135],"cpu_freq":[{"current":2399.906,"min":1200.0,"max":3200.0},{"current":2082.093,"min":1200.0,"max":3200.0},{"current":1397.718,"min":1200.0,"max":3200.0},{"current":2399.906,"min":1200.0,"max":3200.0},{"current":1201.125,"min":1200.0,"max":3200.0},{"current":1241.625,"min":1200.0,"max":3200.0},{"current":1201.125,"min":1200.0,"max":3200.0},{"current":1565.812,"min":1200.0,"max":3200.0},{"current":1395.656,"min":1200.0,"max":3200.0},{"current":3148.687,"min":1200.0,"max":3200.0},{"current":1296.562,"min":1200.0,"max":3200.0},{"current":1315.218,"min":1200.0,"max":3200.0},{"current":1231.875,"min":1200.0,"max":3200.0},{"current":1249.875,"min":1200.0,"max":3200.0},{"current":1200.0,"min":1200.0,"max":3200.0},{"current":1213.687,"min":1200.0,"max":3200.0},{"current":2400.0,"min":1200.0,"max":3200.0},{"current":2400.0,"min":1200.0,"max":3200.0},{"current":1267.312,"min":1200.0,"max":3200.0},{"current":2399.906,"min":1200.0,"max":3200.0},{"current":1299.937,"min":1200.0,"max":3200.0},{"current":1209.843,"min":1200.0,"max":3200.0},{"current":1384.5,"min":1200.0,"max":3200.0},{"current":1444.5,"min":1200.0,"max":3200.0},{"current":1376.25,"min":1200.0,"max":3200.0},{"current":3074.906,"min":1200.0,"max":3200.0},{"current":1398.093,"min":1200.0,"max":3200.0},{"current":1300.5,"min":1200.0,"max":3200.0},{"current":1224.937,"min":1200.0,"max":3200.0},{"current":1246.125,"min":1200.0,"max":3200.0},{"current":1204.312,"min":1200.0,"max":3200.0},{"current":1344.093,"min":1200.0,"max":3200.0}],"realtime_carbon_intensity":400.267172889,"disk_write_speed":51.3719457073,"process_ids":[19905,19981]}
{"timestamp":1573522091.8197779655,"rapl_power_draw_absolute":66.0566237084,"rapl_estimated_attributable_power_draw":15.2380224208,"cpu_time_seconds":{"19905":{"user":124.02,"system":7.7,"children_user":0.14,"children_system":0.12},"19981":{"user":2.7,"system":2.22,"children_user":0.22,"children_system":2.01}},"average_relative_cpu_utilization":0.2395490161,"absolute_cpu_utilization":1.0036014956,"relative_mem_usage":0.1273498543,"absolute_mem_usage":10140547072.0,"absolute_mem_percent_usage":0.075059979,"mem_info_per_process":{"19905":{"rss":4563386368,"vms":13837402112,"shared":558100480,"text":2322432,"lib":0,"data":12267491328,"dirty":0,"uss":3860725760,"pss":4209019904,"swap":0},"19981":{"rss":1557012480,"vms":3665936384,"shared":11476992,"text":2322432,"lib":0,"data":2304782336,"dirty":0,"uss":862146560,"pss":1208654848,"swap":0}},"nvidia_draw_absolute":49.78,"nvidia_estimated_attributable_power_draw":49.78,"average_gpu_estimated_utilization_absolute":0.33,"per_gpu_average_estimated_utilization_absolute":{"(0, 19905)":{"sm":33.0,"mem":7.5,"enc":0.0,"dec":0.0}},"average_gpu_estimated_utilization_relative":1.0,"per_gpu_performance_state":{"0":"P2"},"per_gpu_power_draw":{"0":49.78},"cpu_count_adjusted_average_load":[0.1234375,0.1340625,0.135],"cpu_freq":[{"current":2400.0,"min":1200.0,"max":3200.0},{"current":1679.718,"min":1200.0,"max":3200.0},{"current":1298.343,"min":1200.0,"max":3200.0},{"current":2399.906,"min":1200.0,"max":3200.0},{"current":1225.687,"min":1200.0,"max":3200.0},{"current":1200.656,"min":1200.0,"max":3200.0},{"current":1451.906,"min":1200.0,"max":3200.0},{"current":1297.5,"min":1200.0,"max":3200.0},{"current":1217.625,"min":1200.0,"max":3200.0},{"current":3130.218,"min":1200.0,"max":3200.0},{"current":2000.062,"min":1200.0,"max":3200.0},{"current":1297.031,"min":1200.0,"max":3200.0},{"current":1200.656,"min":1200.0,"max":3200.0},{"current":1216.875,"min":1200.0,"max":3200.0},{"current":1200.0,"min":1200.0,"max":3200.0},{"current":1223.156,"min":1200.0,"max":3200.0},{"current":2400.0,"min":1200.0,"max":3200.0},{"current":2095.687,"min":1200.0,"max":3200.0},{"current":1399.218,"min":1200.0,"max":3200.0},{"current":2400.0,"min":1200.0,"max":3200.0},{"current":1200.0,"min":1200.0,"max":3200.0},{"current":1221.75,"min":1200.0,"max":3200.0},{"current":1698.187,"min":1200.0,"max":3200.0},{"current":1485.562,"min":1200.0,"max":3200.0},{"current":1232.25,"min":1200.0,"max":3200.0},{"current":3136.031,"min":1200.0,"max":3200.0},{"current":1972.5,"min":1200.0,"max":3200.0},{"current":1278.937,"min":1200.0,"max":3200.0},{"current":1200.375,"min":1200.0,"max":3200.0},{"current":1259.812,"min":1200.0,"max":3200.0},{"current":1201.875,"min":1200.0,"max":3200.0},{"current":1220.812,"min":1200.0,"max":3200.0}],"realtime_carbon_intensity":400.267172889,"disk_write_speed":50.4773878674,"process_ids":[19905,19981]}
{"timestamp":1573522099.8302578926,"rapl_power_draw_absolute":65.2392285004,"rapl_estimated_attributable_power_draw":15.0211283809,"cpu_time_seconds":{"19905":{"user":131.81,"system":7.92,"children_user":0.14,"children_system":0.12},"19981":{"user":2.91,"system":2.4,"children_user":0.24,"children_system":2.17}},"average_relative_cpu_utilization":0.238925885,"absolute_cpu_utilization":0.9986116426,"relative_mem_usage":0.1273431063,"absolute_mem_usage":10140829696.0,"absolute_mem_percent_usage":0.075062071,"mem_info_per_process":{"19905":{"rss":4563386368,"vms":13837402112,"shared":558100480,"text":2322432,"lib":0,"data":12267491328,"dirty":0,"uss":3860819968,"pss":4209067008,"swap":0},"19981":{"rss":1557012480,"vms":3665936384,"shared":11476992,"text":2322432,"lib":0,"data":2304782336,"dirty":0,"uss":862240768,"pss":1208701952,"swap":0}},"nvidia_draw_absolute":53.33,"nvidia_estimated_attributable_power_draw":53.33,"average_gpu_estimated_utilization_absolute":0.33,"per_gpu_average_estimated_utilization_absolute":{"(0, 19905)":{"sm":33.0,"mem":7.5,"enc":0.0,"dec":0.0}},"average_gpu_estimated_utilization_relative":1.0,"per_gpu_performance_state":{"0":"P2"},"per_gpu_power_draw":{"0":53.33},"cpu_count_adjusted_average_load":[0.1184375,0.1328125,0.134375],"cpu_freq":[{"current":2192.156,"min":1200.0,"max":3200.0},{"current":1276.406,"min":1200.0,"max":3200.0},{"current":2399.906,"min":1200.0,"max":3200.0},{"current":1588.875,"min":1200.0,"max":3200.0},{"current":1450.031,"min":1200.0,"max":3200.0},{"current":1279.125,"min":1200.0,"max":3200.0},{"current":2399.906,"min":1200.0,"max":3200.0},{"current":2399.906,"min":1200.0,"max":3200.0},{"current":1223.437,"min":1200.0,"max":3200.0},{"current":3157.218,"min":1200.0,"max":3200.0},{"current":1598.625,"min":1200.0,"max":3200.0},{"current":1893.281,"min":1200.0,"max":3200.0},{"current":1230.093,"min":1200.0,"max":3200.0},{"current":1352.718,"min":1200.0,"max":3200.0},{"current":1200.0,"min":1200.0,"max":3200.0},{"current":1250.812,"min":1200.0,"max":3200.0},{"current":2260.781,"min":1200.0,"max":3200.0},{"current":1698.656,"min":1200.0,"max":3200.0},{"current":2400.0,"min":1200.0,"max":3200.0},{"current":1590.937,"min":1200.0,"max":3200.0},{"current":1200.0,"min":1200.0,"max":3200.0},{"current":1476.093,"min":1200.0,"max":3200.0},{"current":2400.0,"min":1200.0,"max":3200.0},{"current":2400.0,"min":1200.0,"max":3200.0},{"current":1233.0,"min":1200.0,"max":3200.0},{"current":3199.968,"min":1200.0,"max":3200.0},{"current":1601.531,"min":1200.0,"max":3200.0},{"current":1855.781,"min":1200.0,"max":3200.0},{"current":1267.593,"min":1200.0,"max":3200.0},{"current":1372.593,"min":1200.0,"max":3200.0},{"current":1201.875,"min":1200.0,"max":3200.0},{"current":1200.937,"min":1200.0,"max":3200.0}],"realtime_carbon_intensity":400.267172889,"disk_write_speed":43.9872263809,"process_ids":[19905,19981]}
{"timestamp":1573522107.8357439041,"rapl_power_draw_absolute":66.5636823779,"rapl_estimated_attributable_power_draw":15.2875777971,"cpu_time_seconds":{"19905":{"user":139.58,"system":8.16,"children_user":0.14,"children_system":0.12},"19981":{"user":3.1,"system":2.57,"children_user":0.24,"children_system":2.36}},"average_relative_cpu_utilization":0.2389270791,"absolute_cpu_utilization":0.9986135168,"relative_mem_usage":0.1273342096,"absolute_mem_usage":10141091840.0,"absolute_mem_percent_usage":0.0750640113,"mem_info_per_process":{"19905":{"rss":4563406848,"vms":13837402112,"shared":558100480,"text":2322432,"lib":0,"data":12267491328,"dirty":0,"uss":3860914176,"pss":4209124352,"swap":0},"19981":{"rss":1557012480,"vms":3665936384,"shared":11476992,"text":2322432,"lib":0,"data":2304782336,"dirty":0,"uss":862314496,"pss":1208738816,"swap":0}},"nvidia_draw_absolute":53.7,"nvidia_estimated_attributable_power_draw":53.7,"average_gpu_estimated_utilization_absolute":0.33,"per_gpu_average_estimated_utilization_absolute":{"(0, 19905)":{"sm":33.0,"mem":7.5,"enc":0.0,"dec":0.0}},"average_gpu_estimated_utilization_relative":1.0,"per_gpu_performance_state":{"0":"P2"},"per_gpu_power_draw":{"0":53.7},"cpu_count_adjusted_average_load":[0.1196875,0.1325,0.134375],"cpu_freq":[{"current":1909.968,"min":1200.0,"max":3200.0},{"current":1329.281,"min":1200.0,"max":3200.0},{"current":2399.906,"min":1200.0,"max":3200.0},{"current":2399.906,"min":1200.0,"max":3200.0},{"current":1200.187,"min":1200.0,"max":3200.0},{"current":1276.312,"min":1200.0,"max":3200.0},{"current":1667.531,"min":1200.0,"max":3200.0},{"current":2399.906,"min":1200.0,"max":3200.0},{"current":1599.468,"min":1200.0,"max":3200.0},{"current":2927.343,"min":1200.0,"max":3200.0},{"current":1202.906,"min":1200.0,"max":3200.0},{"current":1770.187,"min":1200.0,"max":3200.0},{"current":1226.718,"min":1200.0,"max":3200.0},{"current":1224.0,"min":1200.0,"max":3200.0},{"current":1200.0,"min":1200.0,"max":3200.0},{"current":1291.875,"min":1200.0,"max":3200.0},{"current":1900.5,"min":1200.0,"max":3200.0},{"current":1499.25,"min":1200.0,"max":3200.0},{"current":2399.906,"min":1200.0,"max":3200.0},{"current":2400.0,"min":1200.0,"max":3200.0},{"current":1285.406,"min":1200.0,"max":3200.0},{"current":1287.75,"min":1200.0,"max":3200.0},{"current":1464.75,"min":1200.0,"max":3200.0},{"current":2310.187,"min":1200.0,"max":3200.0},{"current":1547.25,"min":1200.0,"max":3200.0},{"current":3108.468,"min":1200.0,"max":3200.0},{"current":1253.437,"min":1200.0,"max":3200.0},{"current":1801.593,"min":1200.0,"max":3200.0},{"current":1202.531,"min":1200.0,"max":3200.0},{"current":1200.937,"min":1200.0,"max":3200.0},{"current":1206.75,"min":1200.0,"max":3200.0},{"current":1200.093,"min":1200.0,"max":3200.0}],"realtime_carbon_intensity":400.267172889,"disk_write_speed":48.7512721602,"process_ids":[19905,19981]}
{"timestamp":1573522115.8462750912,"rapl_power_draw_absolute":65.7047595734,"rapl_estimated_attributable_power_draw":15.5837631544,"cpu_time_seconds":{"19905":{"user":147.38,"system":8.38,"children_user":0.14,"children_system":0.12},"19981":{"user":3.34,"system":2.74,"children_user":0.27,"children_system":2.52}},"average_relative_cpu_utilization":0.2463190917,"absolute_cpu_utilization":1.008601406,"relative_mem_usage":0.1273286697,"absolute_mem_usage":10141399040.0,"absolute_mem_percent_usage":0.0750662852,"mem_info_per_process":{"19905":{"rss":4563406848,"vms":13837402112,"shared":558100480,"text":2322432,"lib":0,"data":12267491328,"dirty":0,"uss":3861016576,"pss":4209175552,"swap":0},"19981":{"rss":1557012480,"vms":3665936384,"shared":11476992,"text":2322432,"lib":0,"data":2304782336,"dirty":0,"uss":862416896,"pss":1208790016,"swap":0}},"nvidia_draw_absolute":55.63,"nvidia_estimated_attributable_power_draw":55.63,"average_gpu_estimated_utilization_absolute":0.33,"per_gpu_average_estimated_utilization_absolute":{"(0, 19905)":{"sm":33.0,"mem":7.5,"enc":0.0,"dec":0.0}},"average_gpu_estimated_utilization_relative":1.0,"per_gpu_performance_state":{"0":"P2"},"per_gpu_power_draw":{"0":55.63},"cpu_count_adjusted_average_load":[0.12,0.1321875,0.134375],"cpu_freq":[{"current":2400.0,"min":1200.0,"max":3200.0},{"current":2399.906,"min":1200.0,"max":3200.0},{"current":1289.156,"min":1200.0,"max":3200.0},{"current":1200.0,"min":1200.0,"max":3200.0},{"current":1200.656,"min":1200.0,"max":3200.0},{"current":1276.218,"min":1200.0,"max":3200.0},{"current":1499.906,"min":1200.0,"max":3200.0},{"current":1199.906,"min":1200.0,"max":3200.0},{"current":1299.937,"min":1200.0,"max":3200.0},{"current":3171.937,"min":1200.0,"max":3200.0},{"current":2399.906,"min":1200.0,"max":3200.0},{"current":1400.156,"min":1200.0,"max":3200.0},{"current":1213.781,"min":1200.0,"max":3200.0},{"current":1245.093,"min":1200.0,"max":3200.0},{"current":1234.125,"min":1200.0,"max":3200.0},{"current":1223.062,"min":1200.0,"max":3200.0},{"current":2400.0,"min":1200.0,"max":3200.0},{"current":2400.0,"min":1200.0,"max":3200.0},{"current":1284.656,"min":1200.0,"max":3200.0},{"current":2347.687,"min":1200.0,"max":3200.0},{"current":1210.218,"min":1200.0,"max":3200.0},{"current":1221.0,"min":1200.0,"max":3200.0},{"current":1384.593,"min":1200.0,"max":3200.0},{"current":1267.125,"min":1200.0,"max":3200.0},{"current":1311.468,"min":1200.0,"max":3200.0},{"current":3108.468,"min":1200.0,"max":3200.0},{"current":2400.0,"min":1200.0,"max":3200.0},{"current":1483.593,"min":1200.0,"max":3200.0},{"current":1266.562,"min":1200.0,"max":3200.0},{"current":1256.156,"min":1200.0,"max":3200.0},{"current":1206.75,"min":1200.0,"max":3200.0},{"current":1296.937,"min":1200.0,"max":3200.0}],"realtime_carbon_intensity":400.267172889,"disk_write_speed":59.225660145,"process_ids":[19905,19981]}
{"timestamp":1573522123.8902089596,"rapl_power_draw_absolute":65.2690268469,"rapl_estimated_attributable_power_draw":15.4695541232,"cpu_time_seconds":{"19905":{"user":155.18,"system":8.62,"children_user":0.14,"children_system":0.12},"19981":{"user":3.56,"system":2.92,"children_user":0.29,"children_system":2.69}},"average_relative_cpu_utilization":0.2462809453,"absolute_cpu_utilization":0.9986002638,"relative_mem_usage":0.1273223355,"absolute_mem_usage":10141521920.0,"absolute_mem_percent_usage":0.0750671948,"mem_info_per_process":{"19905":{"rss":4563406848,"vms":13837402112,"shared":558100480,"text":2322432,"lib":0,"data":12267491328,"dirty":0,"uss":3861057536,"pss":4209196032,"swap":0},"19981":{"rss":1557012480,"vms":3665936384,"shared":11476992,"text":2322432,"lib":0,"data":2304782336,"dirty":0,"uss":862457856,"pss":1208810496,"swap":0}},"nvidia_draw_absolute":51.81,"nvidia_estimated_attributable_power_draw":51.81,"average_gpu_estimated_utilization_absolute":0.33,"per_gpu_average_estimated_utilization_absolute":{"(0, 19905)":{"sm":33,"mem":7,"enc":0,"dec":0}},"average_gpu_estimated_utilization_relative":1.0,"per_gpu_performance_state":{"0":"P2"},"per_gpu_power_draw":{"0":51.81},"cpu_count_adjusted_average_load":[0.1275,0.1334375,0.1346875],"cpu_freq":[{"current":2297.812,"min":1200.0,"max":3200.0},{"current":2368.968,"min":1200.0,"max":3200.0},{"current":1288.125,"min":1200.0,"max":3200.0},{"current":2380.031,"min":1200.0,"max":3200.0},{"current":1291.687,"min":1200.0,"max":3200.0},{"current":1200.937,"min":1200.0,"max":3200.0},{"current":1297.593,"min":1200.0,"max":3200.0},{"current":1345.406,"min":1200.0,"max":3200.0},{"current":1299.937,"min":1200.0,"max":3200.0},{"current":3166.687,"min":1200.0,"max":3200.0},{"current":1400.437,"min":1200.0,"max":3200.0},{"current":1812.0,"min":1200.0,"max":3200.0},{"current":1277.25,"min":1200.0,"max":3200.0},{"current":1231.968,"min":1200.0,"max":3200.0},{"current":1200.0,"min":1200.0,"max":3200.0},{"current":1222.5,"min":1200.0,"max":3200.0},{"current":1365.093,"min":1200.0,"max":3200.0},{"current":2399.906,"min":1200.0,"max":3200.0},{"current":1299.656,"min":1200.0,"max":3200.0},{"current":2328.468,"min":1200.0,"max":3200.0},{"current":1287.656,"min":1200.0,"max":3200.0},{"current":1221.0,"min":1200.0,"max":3200.0},{"current":2002.968,"min":1200.0,"max":3200.0},{"current":1397.625,"min":1200.0,"max":3200.0},{"current":1270.312,"min":1200.0,"max":3200.0},{"current":3154.125,"min":1200.0,"max":3200.0},{"current":1376.625,"min":1200.0,"max":3200.0},{"current":1970.812,"min":1200.0,"max":3200.0},{"current":1200.468,"min":1200.0,"max":3200.0},{"current":1277.25,"min":1200.0,"max":3200.0},{"current":1210.5,"min":1200.0,"max":3200.0},{"current":1224.656,"min":1200.0,"max":3200.0}],"realtime_carbon_intensity":400.267172889,"disk_write_speed":35.2038168743,"process_ids":[19905,19981]}
{"timestamp":1573522131.8977890015,"rapl_power_draw_absolute":66.7271779014,"rapl_estimated_attributable_power_draw":15.4476325363,"cpu_time_seconds":{"19905":{"user":162.9,"system":8.91,"children_user":0.14,"children_system":0.12},"19981":{"user":3.76,"system":3.07,"children_user":0.3,"children_system":2.86}},"average_relative_cpu_utilization":0.2400735944,"absolute_cpu_utilization":0.998610138,"relative_mem_usage":0.1273153909,"absolute_mem_usage":10141767680.0,"absolute_mem_percent_usage":0.0750690139,"mem_info_per_process":{"19905":{"rss":4563406848,"vms":13837402112,"shared":558100480,"text":2322432,"lib":0,"data":12267491328,"dirty":0,"uss":3861139456,"pss":4209236992,"swap":0},"19981":{"rss":1557012480,"vms":3665936384,"shared":11476992,"text":2322432,"lib":0,"data":2304782336,"dirty":0,"uss":862539776,"pss":1208851456,"swap":0}},"nvidia_draw_absolute":50.56,"nvidia_estimated_attributable_power_draw":50.56,"average_gpu_estimated_utilization_absolute":0.33,"per_gpu_average_estimated_utilization_absolute":{"(0, 19905)":{"sm":33,"mem":7,"enc":0,"dec":0}},"average_gpu_estimated_utilization_relative":1.0,"per_gpu_performance_state":{"0":"P2"},"per_gpu_power_draw":{"0":50.56},"cpu_count_adjusted_average_load":[0.1321875,0.134375,0.135],"cpu_freq":[{"current":1900.687,"min":1200.0,"max":3200.0},{"current":1203.937,"min":1200.0,"max":3200.0},{"current":1760.156,"min":1200.0,"max":3200.0},{"current":2399.906,"min":1200.0,"max":3200.0},{"current":1237.406,"min":1200.0,"max":3200.0},{"current":1200.093,"min":1200.0,"max":3200.0},{"current":2399.906,"min":1200.0,"max":3200.0},{"current":2097.843,"min":1200.0,"max":3200.0},{"current":1395.75,"min":1200.0,"max":3200.0},{"current":3151.031,"min":1200.0,"max":3200.0},{"current":1274.531,"min":1200.0,"max":3200.0},{"current":1492.593,"min":1200.0,"max":3200.0},{"current":1235.625,"min":1200.0,"max":3200.0},{"current":1281.093,"min":1200.0,"max":3200.0},{"current":1240.218,"min":1200.0,"max":3200.0},{"current":1200.093,"min":1200.0,"max":3200.0},{"current":2399.906,"min":1200.0,"max":3200.0},{"current":1291.875,"min":1200.0,"max":3200.0},{"current":2297.625,"min":1200.0,"max":3200.0},{"current":2400.093,"min":1200.0,"max":3200.0},{"current":1215.843,"min":1200.0,"max":3200.0},{"current":1226.156,"min":1200.0,"max":3200.0},{"current":2399.906,"min":1200.0,"max":3200.0},{"current":1824.937,"min":1200.0,"max":3200.0},{"current":1356.468,"min":1200.0,"max":3200.0},{"current":3154.125,"min":1200.0,"max":3200.0},{"current":1480.593,"min":1200.0,"max":3200.0},{"current":1557.937,"min":1200.0,"max":3200.0},{"current":1200.468,"min":1200.0,"max":3200.0},{"current":1200.093,"min":1200.0,"max":3200.0},{"current":1210.5,"min":1200.0,"max":3200.0},{"current":1300.125,"min":1200.0,"max":3200.0}],"realtime_carbon_intensity":400.267172889,"disk_write_speed":45.8530709093,"process_ids":[19905,19981]}
{"timestamp":1573522139.9028670788,"rapl_power_draw_absolute":66.1381266899,"rapl_estimated_attributable_power_draw":15.4455920024,"cpu_time_seconds":{"19905":{"user":170.66,"system":9.16,"children_user":0.14,"children_system":0.12},"19981":{"user":4.0,"system":3.26,"children_user":0.32,"children_system":3.02}},"average_relative_cpu_utilization":0.2427303063,"absolute_cpu_utilization":1.0036036778,"relative_mem_usage":0.1273040389,"absolute_mem_usage":10141915136.0,"absolute_mem_percent_usage":0.0750701054,"mem_info_per_process":{"19905":{"rss":4563406848,"vms":13837402112,"shared":558100480,"text":2322432,"lib":0,"data":12267491328,"dirty":0,"uss":3861188608,"pss":4209261568,"swap":0},"19981":{"rss":1557012480,"vms":3665936384,"shared":11476992,"text":2322432,"lib":0,"data":2304782336,"dirty":0,"uss":862588928,"pss":1208876032,"swap":0}},"nvidia_draw_absolute":53.92,"nvidia_estimated_attributable_power_draw":53.92,"average_gpu_estimated_utilization_absolute":0.33,"per_gpu_average_estimated_utilization_absolute":{"(0, 19905)":{"sm":33,"mem":7,"enc":0,"dec":0}},"average_gpu_estimated_utilization_relative":1.0,"per_gpu_performance_state":{"0":"P2"},"per_gpu_power_draw":{"0":53.92},"cpu_count_adjusted_average_load":[0.13125,0.1340625,0.1346875],"cpu_freq":[{"current":2399.906,"min":1200.0,"max":3200.0},{"current":2400.0,"min":1200.0,"max":3200.0},{"current":2196.562,"min":1200.0,"max":3200.0},{"current":1199.906,"min":1200.0,"max":3200.0},{"current":1692.0,"min":1200.0,"max":3200.0},{"current":1200.0,"min":1200.0,"max":3200.0},{"current":1200.843,"min":1200.0,"max":3200.0},{"current":1200.281,"min":1200.0,"max":3200.0},{"current":1228.593,"min":1200.0,"max":3200.0},{"current":3051.843,"min":1200.0,"max":3200.0},{"current":1376.625,"min":1200.0,"max":3200.0},{"current":1299.0,"min":1200.0,"max":3200.0},{"current":1200.187,"min":1200.0,"max":3200.0},{"current":1243.875,"min":1200.0,"max":3200.0},{"current":1232.812,"min":1200.0,"max":3200.0},{"current":1200.093,"min":1200.0,"max":3200.0},{"current":2399.906,"min":1200.0,"max":3200.0},{"current":2114.343,"min":1200.0,"max":3200.0},{"current":2236.218,"min":1200.0,"max":3200.0},{"current":1200.093,"min":1200.0,"max":3200.0},{"current":1684.593,"min":1200.0,"max":3200.0},{"current":1226.156,"min":1200.0,"max":3200.0},{"current":1200.0,"min":1200.0,"max":3200.0},{"current":1250.718,"min":1200.0,"max":3200.0},{"current":1300.781,"min":1200.0,"max":3200.0},{"current":3169.875,"min":1200.0,"max":3200.0},{"current":1377.468,"min":1200.0,"max":3200.0},{"current":1206.562,"min":1200.0,"max":3200.0},{"current":1234.031,"min":1200.0,"max":3200.0},{"current":1206.093,"min":1200.0,"max":3200.0},{"current":1206.937,"min":1200.0,"max":3200.0},{"current":1300.406,"min":1200.0,"max":3200.0}],"realtime_carbon_intensity":400.267172889,"disk_write_speed":48.6313681787,"process_ids":[19905,19981]}
