{"timestamp":1572292283.0080420971,"rapl_power_draw_absolute":79.4498196672,"rapl_estimated_attributable_power_draw":18.404162444,"cpu_time_seconds":{"16456":{"user":51.06,"system":4.68,"children_user":1.08,"children_system":0.16},"16513":{"user":0.03,"system":0.02,"children_user":0.0,"children_system":0.0},"16540":{"user":0.02,"system":0.0,"children_user":0.0,"children_system":0.02}},"average_relative_cpu_utilization":0.2429769455,"absolute_cpu_utilization":0.992864139,"relative_mem_usage":0.1235124145,"absolute_mem_usage":2408955904.0,"absolute_mem_percent_usage":0.0178310084,"mem_info_per_process":{"16456":{"rss":1709002752,"vms":8609128448,"shared":120930304,"text":2322432,"lib":0,"data":6902771712,"dirty":0,"uss":476696576,"pss":1091567616,"swap":0},"16513":{"rss":11153408,"vms":28168192,"shared":5599232,"text":2322432,"lib":0,"data":5283840,"dirty":0,"uss":5574656,"pss":5917696,"swap":0},"16540":{"rss":1301753856,"vms":3524382720,"shared":8335360,"text":2322432,"lib":0,"data":1901211648,"dirty":0,"uss":121098240,"pss":708101120,"swap":0}},"nvidia_draw_absolute":35.27,"nvidia_estimated_attributable_power_draw":35.27,"average_gpu_estimated_utilization_absolute":0.025,"per_gpu_average_estimated_utilization_absolute":{"(0, 16456)":{"sm":2.5,"mem":0.0,"enc":0.0,"dec":0.0}},"average_gpu_estimated_utilization_relative":1.0,"per_gpu_performance_state":{"0":"P2"},"per_gpu_power_draw":{"0":35.27},"cpu_count_adjusted_average_load":[0.139375,0.14625,0.14625],"realtime_carbon_intensity":212.1267297888,"disk_write_speed":33.4654532654,"process_ids":[16456,16513,16540]}
{"timestamp":1572292291.0953969955,"rapl_power_draw_absolute":82.3061047777,"rapl_estimated_attributable_power_draw":21.3516108613,"cpu_time_seconds":{"16456":{"user":57.86,"system":5.93,"children_user":1.08,"children_system":0.16},"16513":{"user":0.03,"system":0.02,"children_user":0.0,"children_system":0.0},"16540":{"user":0.21,"system":0.15,"children_user":0.03,"children_system":0.18}},"average_relative_cpu_utilization":0.2457065059,"absolute_cpu_utilization":1.0035154139,"relative_mem_usage":0.4040588964,"absolute_mem_usage":9072065536.0,"absolute_mem_percent_usage":0.0671511156,"mem_info_per_process":{"16456":{"rss":4428263424,"vms":13376421888,"shared":578801664,"text":2322432,"lib":0,"data":11544494080,"dirty":0,"uss":3466928128,"pss":3854249984,"swap":0},"16513":{"rss":11153408,"vms":28168192,"shared":5599232,"text":2322432,"lib":0,"data":5283840,"dirty":0,"uss":5574656,"pss":5916672,"swap":0},"16540":{"rss":1308471296,"vms":3524382720,"shared":15040512,"text":2322432,"lib":0,"data":1901211648,"dirty":0,"uss":727199744,"pss":1012196352,"swap":0}},"nvidia_draw_absolute":35.56,"nvidia_estimated_attributable_power_draw":0.0,"average_gpu_estimated_utilization_absolute":0.0,"per_gpu_average_estimated_utilization_absolute":{"(0, 16456)":{"sm":0,"mem":0,"enc":0,"dec":0}},"average_gpu_estimated_utilization_relative":0.0,"per_gpu_performance_state":{"0":"P2"},"per_gpu_power_draw":{"0":35.56},"cpu_count_adjusted_average_load":[0.1371875,0.1453125,0.1459375],"realtime_carbon_intensity":212.1267297888,"disk_write_speed":37.9140893209,"process_ids":[16456,16513,16540]}
{"timestamp":1572292299.0657160282,"rapl_power_draw_absolute":82.5811008616,"rapl_estimated_attributable_power_draw":21.3171457288,"cpu_time_seconds":{"16456":{"user":65.8,"system":5.93,"children_user":1.08,"children_system":0.16},"16513":{"user":0.03,"system":0.02,"children_user":0.0,"children_system":0.0},"16540":{"user":0.38,"system":0.32,"children_user":0.04,"children_system":0.35}},"average_relative_cpu_utilization":0.2447765009,"absolute_cpu_utilization":0.9984600453,"relative_mem_usage":0.4040833613,"absolute_mem_usage":9073220608.0,"absolute_mem_percent_usage":0.0671596654,"mem_info_per_process":{"16456":{"rss":4428951552,"vms":13376946176,"shared":578801664,"text":2322432,"lib":0,"data":11545018368,"dirty":0,"uss":3467620352,"pss":3854663680,"swap":0},"16513":{"rss":11153408,"vms":28168192,"shared":5599232,"text":2322432,"lib":0,"data":5283840,"dirty":0,"uss":5574656,"pss":5916672,"swap":0},"16540":{"rss":1308471296,"vms":3524382720,"shared":15040512,"text":2322432,"lib":0,"data":1901211648,"dirty":0,"uss":727232512,"pss":1012212736,"swap":0}},"nvidia_draw_absolute":35.57,"nvidia_estimated_attributable_power_draw":0.0,"average_gpu_estimated_utilization_absolute":0.0,"per_gpu_average_estimated_utilization_absolute":{"(0, 16456)":{"sm":0,"mem":0,"enc":0,"dec":0}},"average_gpu_estimated_utilization_relative":0.0,"per_gpu_performance_state":{"0":"P2"},"per_gpu_power_draw":{"0":35.57},"cpu_count_adjusted_average_load":[0.13625,0.145,0.1459375],"realtime_carbon_intensity":212.1267297888,"disk_write_speed":38.5812617568,"process_ids":[16456,16513,16540]}
{"timestamp":1572292307.0448279381,"rapl_power_draw_absolute":81.3976469357,"rapl_estimated_attributable_power_draw":21.1343749022,"cpu_time_seconds":{"16456":{"user":73.74,"system":5.98,"children_user":1.08,"children_system":0.16},"16513":{"user":0.03,"system":0.02,"children_user":0.0,"children_system":0.0},"16540":{"user":0.61,"system":0.48,"children_user":0.04,"children_system":0.52}},"average_relative_cpu_utilization":0.2459137063,"absolute_cpu_utilization":1.0030791237,"relative_mem_usage":0.4045371671,"absolute_mem_usage":9082711040.0,"absolute_mem_percent_usage":0.0672299132,"mem_info_per_process":{"16456":{"rss":4437880832,"vms":13712752640,"shared":587431936,"text":2322432,"lib":0,"data":11880824832,"dirty":0,"uss":3470249984,"pss":3858661376,"swap":0},"16513":{"rss":11153408,"vms":28168192,"shared":5599232,"text":2322432,"lib":0,"data":5283840,"dirty":0,"uss":5574656,"pss":5916672,"swap":0},"16540":{"rss":1308471296,"vms":3524382720,"shared":15040512,"text":2322432,"lib":0,"data":1901211648,"dirty":0,"uss":729141248,"pss":1013167104,"swap":0}},"nvidia_draw_absolute":46.7,"nvidia_estimated_attributable_power_draw":46.7,"average_gpu_estimated_utilization_absolute":0.3033333333,"per_gpu_average_estimated_utilization_absolute":{"(0, 16456)":{"sm":30.3333333333,"mem":5.6666666667,"enc":0.0,"dec":0.0}},"average_gpu_estimated_utilization_relative":1.0,"per_gpu_performance_state":{"0":"P2"},"per_gpu_power_draw":{"0":46.7},"cpu_count_adjusted_average_load":[0.1415625,0.1459375,0.14625],"realtime_carbon_intensity":212.1267297888,"disk_write_speed":37.3622160097,"process_ids":[16456,16513,16540]}
{"timestamp":1572292315.000451088,"rapl_power_draw_absolute":79.1022763638,"rapl_estimated_attributable_power_draw":20.5289875432,"cpu_time_seconds":{"16456":{"user":81.42,"system":6.25,"children_user":1.08,"children_system":0.16},"16513":{"user":0.03,"system":0.02,"children_user":0.0,"children_system":0.0},"16540":{"user":0.8,"system":0.63,"children_user":0.07,"children_system":0.67}},"average_relative_cpu_utilization":0.245400489,"absolute_cpu_utilization":1.0034892732,"relative_mem_usage":0.4048813603,"absolute_mem_usage":9091344384.0,"absolute_mem_percent_usage":0.067293817,"mem_info_per_process":{"16456":{"rss":4437946368,"vms":13712752640,"shared":587497472,"text":2322432,"lib":0,"data":11880824832,"dirty":0,"uss":3473121280,"pss":3860116480,"swap":0},"16513":{"rss":11153408,"vms":28168192,"shared":5599232,"text":2322432,"lib":0,"data":5283840,"dirty":0,"uss":5574656,"pss":5916672,"swap":0},"16540":{"rss":1308471296,"vms":3524382720,"shared":15040512,"text":2322432,"lib":0,"data":1901211648,"dirty":0,"uss":732012544,"pss":1014602752,"swap":0}},"nvidia_draw_absolute":44.35,"nvidia_estimated_attributable_power_draw":44.35,"average_gpu_estimated_utilization_absolute":0.37,"per_gpu_average_estimated_utilization_absolute":{"(0, 16456)":{"sm":37,"mem":7,"enc":0,"dec":0}},"average_gpu_estimated_utilization_relative":1.0,"per_gpu_performance_state":{"0":"P2"},"per_gpu_power_draw":{"0":44.35},"cpu_count_adjusted_average_load":[0.14125,0.145625,0.1459375],"realtime_carbon_intensity":212.1267297888,"disk_write_speed":38.9979172865,"process_ids":[16456,16513,16540]}
{"timestamp":1572292322.9470260143,"rapl_power_draw_absolute":78.9459198813,"rapl_estimated_attributable_power_draw":20.3494571494,"cpu_time_seconds":{"16456":{"user":89.06,"system":6.56,"children_user":1.08,"children_system":0.16},"16513":{"user":0.03,"system":0.02,"children_user":0.0,"children_system":0.0},"16540":{"user":0.97,"system":0.8,"children_user":0.08,"children_system":0.82}},"average_relative_cpu_utilization":0.2432860661,"absolute_cpu_utilization":0.9984610778,"relative_mem_usage":0.4049924218,"absolute_mem_usage":9095153664.0,"absolute_mem_percent_usage":0.0673220131,"mem_info_per_process":{"16456":{"rss":4437946368,"vms":13712752640,"shared":587497472,"text":2322432,"lib":0,"data":11880824832,"dirty":0,"uss":3474391040,"pss":3860751360,"swap":0},"16513":{"rss":11153408,"vms":28168192,"shared":5599232,"text":2322432,"lib":0,"data":5283840,"dirty":0,"uss":5574656,"pss":5916672,"swap":0},"16540":{"rss":1308471296,"vms":3524382720,"shared":15040512,"text":2322432,"lib":0,"data":1901211648,"dirty":0,"uss":733282304,"pss":1015237632,"swap":0}},"nvidia_draw_absolute":46.41,"nvidia_estimated_attributable_power_draw":46.41,"average_gpu_estimated_utilization_absolute":0.37,"per_gpu_average_estimated_utilization_absolute":{"(0, 16456)":{"sm":37,"mem":7,"enc":0,"dec":0}},"average_gpu_estimated_utilization_relative":1.0,"per_gpu_performance_state":{"0":"P2"},"per_gpu_power_draw":{"0":46.41},"cpu_count_adjusted_average_load":[0.1475,0.146875,0.1465625],"realtime_carbon_intensity":212.1267297888,"disk_write_speed":35.7567286471,"process_ids":[16456,16513,16540]}
{"timestamp":1572292330.9555330276,"rapl_power_draw_absolute":78.9843627741,"rapl_estimated_attributable_power_draw":20.5879146815,"cpu_time_seconds":{"16456":{"user":96.77,"system":6.86,"children_user":1.08,"children_system":0.16},"16513":{"user":0.03,"system":0.02,"children_user":0.0,"children_system":0.0},"16540":{"user":1.16,"system":0.96,"children_user":0.08,"children_system":1.0}},"average_relative_cpu_utilization":0.2438814816,"absolute_cpu_utilization":0.9984541125,"relative_mem_usage":0.4242395421,"absolute_mem_usage":9098387456.0,"absolute_mem_percent_usage":0.0673459495,"mem_info_per_process":{"16456":{"rss":4437946368,"vms":13712752640,"shared":587497472,"text":2322432,"lib":0,"data":11880824832,"dirty":0,"uss":3475308544,"pss":3861395456,"swap":0},"16513":{"rss":11153408,"vms":28168192,"shared":5599232,"text":2322432,"lib":0,"data":5283840,"dirty":0,"uss":5574656,"pss":5937152,"swap":0},"16540":{"rss":1308471296,"vms":3524382720,"shared":15040512,"text":2322432,"lib":0,"data":1901211648,"dirty":0,"uss":734199808,"pss":1015971840,"swap":0}},"nvidia_draw_absolute":44.85,"nvidia_estimated_attributable_power_draw":44.85,"average_gpu_estimated_utilization_absolute":0.37,"per_gpu_average_estimated_utilization_absolute":{"(0, 16456)":{"sm":37,"mem":7,"enc":0,"dec":0}},"average_gpu_estimated_utilization_relative":1.0,"per_gpu_performance_state":{"0":"P2"},"per_gpu_power_draw":{"0":44.85},"cpu_count_adjusted_average_load":[0.1415625,0.145625,0.1459375],"realtime_carbon_intensity":212.1267297888,"disk_write_speed":33.1767479019,"process_ids":[16456,16513,16540]}
{"timestamp":1572292338.9150578976,"rapl_power_draw_absolute":69.6570998108,"rapl_estimated_attributable_power_draw":24.1239530473,"cpu_time_seconds":{"16456":{"user":104.4,"system":7.2,"children_user":1.08,"children_system":0.16},"16513":{"user":0.03,"system":0.02,"children_user":0.0,"children_system":0.0},"16540":{"user":1.38,"system":1.12,"children_user":0.1,"children_system":1.15}},"average_relative_cpu_utilization":0.3284014102,"absolute_cpu_utilization":1.0035378788,"relative_mem_usage":0.5174569916,"absolute_mem_usage":9133406208.0,"absolute_mem_percent_usage":0.0676051571,"mem_info_per_process":{"16456":{"rss":4437946368,"vms":13712752640,"shared":587497472,"text":2322432,"lib":0,"data":11880824832,"dirty":0,"uss":3475910656,"pss":3894567936,"swap":0},"16513":{"rss":11153408,"vms":28168192,"shared":5599232,"text":2322432,"lib":0,"data":5283840,"dirty":0,"uss":5574656,"pss":6023168,"swap":0},"16540":{"rss":1308471296,"vms":3524382720,"shared":15040512,"text":2322432,"lib":0,"data":1901211648,"dirty":0,"uss":734789632,"pss":1016540160,"swap":0}},"nvidia_draw_absolute":44.16,"nvidia_estimated_attributable_power_draw":44.16,"average_gpu_estimated_utilization_absolute":0.355,"per_gpu_average_estimated_utilization_absolute":{"(0, 16456)":{"sm":35.5,"mem":7.0,"enc":0.0,"dec":0.0}},"average_gpu_estimated_utilization_relative":1.0,"per_gpu_performance_state":{"0":"P2"},"per_gpu_power_draw":{"0":44.16},"cpu_count_adjusted_average_load":[0.1375,0.145,0.145625],"realtime_carbon_intensity":212.1267297888,"disk_write_speed":34.9465249834,"process_ids":[16456,16513,16540]}
{"timestamp":1572292346.8630309105,"rapl_power_draw_absolute":70.9564136464,"rapl_estimated_attributable_power_draw":24.7902188489,"cpu_time_seconds":{"16456":{"user":112.07,"system":7.48,"children_user":1.08,"children_system":0.16},"16513":{"user":0.03,"system":0.02,"children_user":0.0,"children_system":0.0},"16540":{"user":1.52,"system":1.3,"children_user":0.13,"children_system":1.28}},"average_relative_cpu_utilization":0.3316654217,"absolute_cpu_utilization":1.008508784,"relative_mem_usage":0.5175407155,"absolute_mem_usage":9134396416.0,"absolute_mem_percent_usage":0.0676124866,"mem_info_per_process":{"16456":{"rss":4437946368,"vms":13712752640,"shared":587497472,"text":2322432,"lib":0,"data":11880824832,"dirty":0,"uss":3476242432,"pss":3894734848,"swap":0},"16513":{"rss":11153408,"vms":28168192,"shared":5599232,"text":2322432,"lib":0,"data":5283840,"dirty":0,"uss":5574656,"pss":6023168,"swap":0},"16540":{"rss":1308471296,"vms":3524382720,"shared":15040512,"text":2322432,"lib":0,"data":1901211648,"dirty":0,"uss":735117312,"pss":1016704000,"swap":0}},"nvidia_draw_absolute":46.98,"nvidia_estimated_attributable_power_draw":46.98,"average_gpu_estimated_utilization_absolute":0.375,"per_gpu_average_estimated_utilization_absolute":{"(0, 16456)":{"sm":37.5,"mem":7.0,"enc":0.0,"dec":0.0}},"average_gpu_estimated_utilization_relative":1.0,"per_gpu_performance_state":{"0":"P2"},"per_gpu_power_draw":{"0":46.98},"cpu_count_adjusted_average_load":[0.1284375,0.1428125,0.145],"realtime_carbon_intensity":212.1267297888,"disk_write_speed":48.5885774842,"process_ids":[16456,16513,16540]}
{"timestamp":1572292354.8577160835,"rapl_power_draw_absolute":62.6267269691,"rapl_estimated_attributable_power_draw":26.4624119166,"cpu_time_seconds":{"16456":{"user":119.77,"system":7.78,"children_user":1.08,"children_system":0.16},"16513":{"user":0.03,"system":0.02,"children_user":0.0,"children_system":0.0},"16540":{"user":1.76,"system":1.49,"children_user":0.15,"children_system":1.42}},"average_relative_cpu_utilization":0.3987683401,"absolute_cpu_utilization":1.0034601743,"relative_mem_usage":0.7172049888,"absolute_mem_usage":9236486144.0,"absolute_mem_percent_usage":0.0683681512,"mem_info_per_process":{"16456":{"rss":4437946368,"vms":13712752640,"shared":587497472,"text":2322432,"lib":0,"data":11880824832,"dirty":0,"uss":3504656384,"pss":3966488576,"swap":0},"16513":{"rss":11153408,"vms":28168192,"shared":5599232,"text":2322432,"lib":0,"data":5283840,"dirty":0,"uss":5574656,"pss":6232064,"swap":0},"16540":{"rss":1308471296,"vms":3524382720,"shared":15040512,"text":2322432,"lib":0,"data":1901211648,"dirty":0,"uss":735531008,"pss":1018003456,"swap":0}},"nvidia_draw_absolute":45.9,"nvidia_estimated_attributable_power_draw":45.9,"average_gpu_estimated_utilization_absolute":0.36,"per_gpu_average_estimated_utilization_absolute":{"(0, 16456)":{"sm":36,"mem":7,"enc":0,"dec":0}},"average_gpu_estimated_utilization_relative":1.0,"per_gpu_performance_state":{"0":"P2"},"per_gpu_power_draw":{"0":45.9},"cpu_count_adjusted_average_load":[0.123125,0.1409375,0.144375],"realtime_carbon_intensity":212.1267297888,"disk_write_speed":45.0766512002,"process_ids":[16456,16513,16540]}
{"timestamp":1572292362.7937009335,"rapl_power_draw_absolute":78.7655210505,"rapl_estimated_attributable_power_draw":14.969993446,"cpu_time_seconds":{"16456":{"user":127.46,"system":8.03,"children_user":1.08,"children_system":0.16},"16513":{"user":0.03,"system":0.02,"children_user":0.0,"children_system":0.0},"16540":{"user":1.99,"system":1.65,"children_user":0.17,"children_system":1.56}},"average_relative_cpu_utilization":0.1504355183,"absolute_cpu_utilization":1.0034910259,"relative_mem_usage":0.5908156041,"absolute_mem_usage":9214751744.0,"absolute_mem_percent_usage":0.068207274,"mem_info_per_process":{"16456":{"rss":4437946368,"vms":13712752640,"shared":587497472,"text":2322432,"lib":0,"data":11880824832,"dirty":0,"uss":3500994560,"pss":3948692480,"swap":0},"16513":{"rss":11153408,"vms":28168192,"shared":5599232,"text":2322432,"lib":0,"data":5283840,"dirty":0,"uss":5574656,"pss":6127616,"swap":0},"16540":{"rss":1308471296,"vms":3524382720,"shared":15040512,"text":2322432,"lib":0,"data":1901211648,"dirty":0,"uss":735797248,"pss":1017565184,"swap":0}},"nvidia_draw_absolute":44.55,"nvidia_estimated_attributable_power_draw":44.55,"average_gpu_estimated_utilization_absolute":0.365,"per_gpu_average_estimated_utilization_absolute":{"(0, 16456)":{"sm":36.5,"mem":7.0,"enc":0.0,"dec":0.0}},"average_gpu_estimated_utilization_relative":1.0,"per_gpu_performance_state":{"0":"P2"},"per_gpu_power_draw":{"0":44.55},"cpu_count_adjusted_average_load":[0.143125,0.145,0.145625],"realtime_carbon_intensity":212.1267297888,"disk_write_speed":47.3661259062,"process_ids":[16456,16513,16540]}
{"timestamp":1572292370.754668951,"rapl_power_draw_absolute":68.8966700066,"rapl_estimated_attributable_power_draw":25.4275545004,"cpu_time_seconds":{"16456":{"user":135.14,"system":8.3,"children_user":1.08,"children_system":0.16},"16513":{"user":0.03,"system":0.02,"children_user":0.0,"children_system":0.0},"16540":{"user":2.21,"system":1.81,"children_user":0.2,"children_system":1.7}},"average_relative_cpu_utilization":0.3383875312,"absolute_cpu_utilization":0.9985521121,"relative_mem_usage":0.6524011258,"absolute_mem_usage":9214053376.0,"absolute_mem_percent_usage":0.0682021047,"mem_info_per_process":{"16456":{"rss":4437946368,"vms":13712752640,"shared":587497472,"text":2322432,"lib":0,"data":11880824832,"dirty":0,"uss":3501019136,"pss":3947970560,"swap":0},"16513":{"rss":11153408,"vms":28168192,"shared":5599232,"text":2322432,"lib":0,"data":5283840,"dirty":0,"uss":5574656,"pss":5982208,"swap":0},"16540":{"rss":1308471296,"vms":3524382720,"shared":15040512,"text":2322432,"lib":0,"data":1901211648,"dirty":0,"uss":735965184,"pss":1017541632,"swap":0}},"nvidia_draw_absolute":48.46,"nvidia_estimated_attributable_power_draw":48.46,"average_gpu_estimated_utilization_absolute":0.36,"per_gpu_average_estimated_utilization_absolute":{"(0, 16456)":{"sm":36,"mem":7,"enc":0,"dec":0}},"average_gpu_estimated_utilization_relative":1.0,"per_gpu_performance_state":{"0":"P2"},"per_gpu_power_draw":{"0":48.46},"cpu_count_adjusted_average_load":[0.135625,0.143125,0.145],"realtime_carbon_intensity":212.1267297888,"disk_write_speed":52.1656532602,"process_ids":[16456,16513,16540]}
{"timestamp":1572292378.6929309368,"rapl_power_draw_absolute":72.4829744969,"rapl_estimated_attributable_power_draw":23.6289181272,"cpu_time_seconds":{"16456":{"user":142.73,"system":8.66,"children_user":1.08,"children_system":0.16},"16513":{"user":0.03,"system":0.02,"children_user":0.0,"children_system":0.0},"16540":{"user":2.45,"system":1.97,"children_user":0.21,"children_system":1.86}},"average_relative_cpu_utilization":0.30405292,"absolute_cpu_utilization":1.00341838,"relative_mem_usage":0.519588441,"absolute_mem_usage":9136599040.0,"absolute_mem_percent_usage":0.0676287904,"mem_info_per_process":{"16456":{"rss":4437946368,"vms":13712752640,"shared":587497472,"text":2322432,"lib":0,"data":11880824832,"dirty":0,"uss":3477553152,"pss":3894366208,"swap":0},"16513":{"rss":11153408,"vms":28168192,"shared":5599232,"text":2322432,"lib":0,"data":5283840,"dirty":0,"uss":5574656,"pss":6026240,"swap":0},"16540":{"rss":1308471296,"vms":3524382720,"shared":15040512,"text":2322432,"lib":0,"data":1901211648,"dirty":0,"uss":735977472,"pss":1017101312,"swap":0}},"nvidia_draw_absolute":48.63,"nvidia_estimated_attributable_power_draw":48.63,"average_gpu_estimated_utilization_absolute":0.365,"per_gpu_average_estimated_utilization_absolute":{"(0, 16456)":{"sm":36.5,"mem":7.0,"enc":0.0,"dec":0.0}},"average_gpu_estimated_utilization_relative":1.0,"per_gpu_performance_state":{"0":"P2"},"per_gpu_power_draw":{"0":48.63},"cpu_count_adjusted_average_load":[0.1321875,0.1425,0.1446875],"realtime_carbon_intensity":212.1267297888,"disk_write_speed":41.024063679,"process_ids":[16456,16513,16540]}
{"timestamp":1572292386.6834740639,"rapl_power_draw_absolute":73.8427945966,"rapl_estimated_attributable_power_draw":23.1789076276,"cpu_time_seconds":{"16456":{"user":150.37,"system":9.01,"children_user":1.08,"children_system":0.16},"16513":{"user":0.03,"system":0.02,"children_user":0.0,"children_system":0.0},"16540":{"user":2.68,"system":2.13,"children_user":0.24,"children_system":2.0}},"average_relative_cpu_utilization":0.2928001889,"absolute_cpu_utilization":0.998454586,"relative_mem_usage":0.5185646502,"absolute_mem_usage":9136979968.0,"absolute_mem_percent_usage":0.06763161,"mem_info_per_process":{"16456":{"rss":4437946368,"vms":13712752640,"shared":587497472,"text":2322432,"lib":0,"data":11880824832,"dirty":0,"uss":3477700608,"pss":3894397952,"swap":0},"16513":{"rss":11153408,"vms":28168192,"shared":5599232,"text":2322432,"lib":0,"data":5283840,"dirty":0,"uss":5574656,"pss":6011904,"swap":0},"16540":{"rss":1308471296,"vms":3524382720,"shared":15040512,"text":2322432,"lib":0,"data":1901211648,"dirty":0,"uss":736124928,"pss":1017169920,"swap":0}},"nvidia_draw_absolute":45.63,"nvidia_estimated_attributable_power_draw":45.63,"average_gpu_estimated_utilization_absolute":0.365,"per_gpu_average_estimated_utilization_absolute":{"(0, 16456)":{"sm":36.5,"mem":7.0,"enc":0.0,"dec":0.0}},"average_gpu_estimated_utilization_relative":1.0,"per_gpu_performance_state":{"0":"P2"},"per_gpu_power_draw":{"0":45.63},"cpu_count_adjusted_average_load":[0.1334375,0.1425,0.1446875],"realtime_carbon_intensity":212.1267297888,"disk_write_speed":57.0478835243,"process_ids":[16456,16513,16540]}
{"timestamp":1572292394.6273639202,"rapl_power_draw_absolute":72.457689881,"rapl_estimated_attributable_power_draw":20.8509859561,"cpu_time_seconds":{"16456":{"user":158.06,"system":9.27,"children_user":1.08,"children_system":0.16},"16513":{"user":0.03,"system":0.02,"children_user":0.0,"children_system":0.0},"16540":{"user":2.88,"system":2.32,"children_user":0.26,"children_system":2.14}},"average_relative_cpu_utilization":0.2658500248,"absolute_cpu_utilization":1.0034381645,"relative_mem_usage":0.5181340427,"absolute_mem_usage":9134757888.0,"absolute_mem_percent_usage":0.0676151622,"mem_info_per_process":{"16456":{"rss":4437946368,"vms":13712752640,"shared":587497472,"text":2322432,"lib":0,"data":11880824832,"dirty":0,"uss":3476807680,"pss":3892879360,"swap":0},"16513":{"rss":11153408,"vms":28168192,"shared":5599232,"text":2322432,"lib":0,"data":5283840,"dirty":0,"uss":5574656,"pss":6010880,"swap":0},"16540":{"rss":1308471296,"vms":3524382720,"shared":15040512,"text":2322432,"lib":0,"data":1901211648,"dirty":0,"uss":736251904,"pss":1017233408,"swap":0}},"nvidia_draw_absolute":49.02,"nvidia_estimated_attributable_power_draw":49.02,"average_gpu_estimated_utilization_absolute":0.365,"per_gpu_average_estimated_utilization_absolute":{"(0, 16456)":{"sm":36.5,"mem":7.0,"enc":0.0,"dec":0.0}},"average_gpu_estimated_utilization_relative":1.0,"per_gpu_performance_state":{"0":"P2"},"per_gpu_power_draw":{"0":49.02},"cpu_count_adjusted_average_load":[0.141875,0.14375,0.1453125],"realtime_carbon_intensity":212.1267297888,"disk_write_speed":48.7496176094,"process_ids":[16456,16513,16540]}
{"timestamp":1572292402.6149950027,"rapl_power_draw_absolute":71.8007417792,"rapl_estimated_attributable_power_draw":22.8357355719,"cpu_time_seconds":{"16456":{"user":165.76,"system":9.56,"children_user":1.08,"children_system":0.16},"16513":{"user":0.03,"system":0.02,"children_user":0.0,"children_system":0.0},"16540":{"user":3.1,"system":2.51,"children_user":0.28,"children_system":2.3}},"average_relative_cpu_utilization":0.2964358124,"absolute_cpu_utilization":1.0034408665,"relative_mem_usage":0.5175038641,"absolute_mem_usage":9134992384.0,"absolute_mem_percent_usage":0.0676168979,"mem_info_per_process":{"16456":{"rss":4437946368,"vms":13712752640,"shared":587497472,"text":2322432,"lib":0,"data":11880824832,"dirty":0,"uss":3476865024,"pss":3892896768,"swap":0},"16513":{"rss":11153408,"vms":28168192,"shared":5599232,"text":2322432,"lib":0,"data":5283840,"dirty":0,"uss":5574656,"pss":6010880,"swap":0},"16540":{"rss":1308471296,"vms":3524382720,"shared":15040512,"text":2322432,"lib":0,"data":1901211648,"dirty":0,"uss":736358400,"pss":1017286656,"swap":0}},"nvidia_draw_absolute":48.45,"nvidia_estimated_attributable_power_draw":48.45,"average_gpu_estimated_utilization_absolute":0.365,"per_gpu_average_estimated_utilization_absolute":{"(0, 16456)":{"sm":36.5,"mem":7.0,"enc":0.0,"dec":0.0}},"average_gpu_estimated_utilization_relative":1.0,"per_gpu_performance_state":{"0":"P2"},"per_gpu_power_draw":{"0":48.45},"cpu_count_adjusted_average_load":[0.145625,0.1446875,0.145625],"realtime_carbon_intensity":212.1267297888,"disk_write_speed":41.4853381902,"process_ids":[16456,16513,16540]}
{"timestamp":1572292410.5733029842,"rapl_power_draw_absolute":71.9358496791,"rapl_estimated_attributable_power_draw":22.7747177451,"cpu_time_seconds":{"16456":{"user":173.42,"system":9.86,"children_user":1.08,"children_system":0.16},"16513":{"user":0.03,"system":0.02,"children_user":0.0,"children_system":0.0},"16540":{"user":3.32,"system":2.69,"children_user":0.29,"children_system":2.47}},"average_relative_cpu_utilization":0.2949554766,"absolute_cpu_utilization":0.9984467333,"relative_mem_usage":0.516478593,"absolute_mem_usage":9135250432.0,"absolute_mem_percent_usage":0.067618808,"mem_info_per_process":{"16456":{"rss":4437946368,"vms":13712752640,"shared":587497472,"text":2322432,"lib":0,"data":11880824832,"dirty":0,"uss":3476951040,"pss":3892939776,"swap":0},"16513":{"rss":11153408,"vms":28168192,"shared":5599232,"text":2322432,"lib":0,"data":5283840,"dirty":0,"uss":5574656,"pss":6010880,"swap":0},"16540":{"rss":1308471296,"vms":3524382720,"shared":15040512,"text":2322432,"lib":0,"data":1901211648,"dirty":0,"uss":736444416,"pss":1017329664,"swap":0}},"nvidia_draw_absolute":46.01,"nvidia_estimated_attributable_power_draw":46.01,"average_gpu_estimated_utilization_absolute":0.365,"per_gpu_average_estimated_utilization_absolute":{"(0, 16456)":{"sm":36.5,"mem":7.0,"enc":0.0,"dec":0.0}},"average_gpu_estimated_utilization_relative":1.0,"per_gpu_performance_state":{"0":"P2"},"per_gpu_power_draw":{"0":46.01},"cpu_count_adjusted_average_load":[0.145,0.144375,0.1453125],"realtime_carbon_intensity":212.1267297888,"disk_write_speed":49.7452195154,"process_ids":[16456,16513,16540]}
{"timestamp":1572292418.5263290405,"rapl_power_draw_absolute":72.2485737242,"rapl_estimated_attributable_power_draw":22.5512374392,"cpu_time_seconds":{"16456":{"user":181.07,"system":10.16,"children_user":1.08,"children_system":0.16},"16513":{"user":0.03,"system":0.02,"children_user":0.0,"children_system":0.0},"16540":{"user":3.54,"system":2.87,"children_user":0.31,"children_system":2.63}},"average_relative_cpu_utilization":0.2902509353,"absolute_cpu_utilization":0.9984858812,"relative_mem_usage":0.5157387583,"absolute_mem_usage":9135458304.0,"absolute_mem_percent_usage":0.0676203467,"mem_info_per_process":{"16456":{"rss":4437946368,"vms":13712752640,"shared":587497472,"text":2322432,"lib":0,"data":11880824832,"dirty":0,"uss":3477020672,"pss":3892973568,"swap":0},"16513":{"rss":11153408,"vms":28168192,"shared":5599232,"text":2322432,"lib":0,"data":5283840,"dirty":0,"uss":5574656,"pss":6010880,"swap":0},"16540":{"rss":1308471296,"vms":3524382720,"shared":15040512,"text":2322432,"lib":0,"data":1901211648,"dirty":0,"uss":736514048,"pss":1017364480,"swap":0}},"nvidia_draw_absolute":48.34,"nvidia_estimated_attributable_power_draw":48.34,"average_gpu_estimated_utilization_absolute":0.365,"per_gpu_average_estimated_utilization_absolute":{"(0, 16456)":{"sm":36.5,"mem":7.0,"enc":0.0,"dec":0.0}},"average_gpu_estimated_utilization_relative":1.0,"per_gpu_performance_state":{"0":"P2"},"per_gpu_power_draw":{"0":48.34},"cpu_count_adjusted_average_load":[0.1434375,0.1440625,0.1453125],"realtime_carbon_intensity":212.1267297888,"disk_write_speed":39.8541826518,"process_ids":[16456,16513,16540]}
{"timestamp":1572292426.4840300083,"rapl_power_draw_absolute":72.2385638871,"rapl_estimated_attributable_power_draw":22.8221649489,"cpu_time_seconds":{"16456":{"user":188.71,"system":10.48,"children_user":1.08,"children_system":0.16},"16513":{"user":0.03,"system":0.02,"children_user":0.0,"children_system":0.0},"16540":{"user":3.75,"system":3.05,"children_user":0.32,"children_system":2.79}},"average_relative_cpu_utilization":0.2945357299,"absolute_cpu_utilization":0.998584539,"relative_mem_usage":0.514766786,"absolute_mem_usage":9135602688.0,"absolute_mem_percent_usage":0.0676214154,"mem_info_per_process":{"16456":{"rss":4437946368,"vms":13712752640,"shared":587497472,"text":2322432,"lib":0,"data":11880824832,"dirty":0,"uss":3477069824,"pss":3892997120,"swap":0},"16513":{"rss":11153408,"vms":28168192,"shared":5599232,"text":2322432,"lib":0,"data":5283840,"dirty":0,"uss":5574656,"pss":6009856,"swap":0},"16540":{"rss":1308471296,"vms":3524382720,"shared":15040512,"text":2322432,"lib":0,"data":1901211648,"dirty":0,"uss":736563200,"pss":1017388032,"swap":0}},"nvidia_draw_absolute":46.31,"nvidia_estimated_attributable_power_draw":46.31,"average_gpu_estimated_utilization_absolute":0.365,"per_gpu_average_estimated_utilization_absolute":{"(0, 16456)":{"sm":36.5,"mem":7.0,"enc":0.0,"dec":0.0}},"average_gpu_estimated_utilization_relative":1.0,"per_gpu_performance_state":{"0":"P2"},"per_gpu_power_draw":{"0":46.31},"cpu_count_adjusted_average_load":[0.1453125,0.1446875,0.1453125],"realtime_carbon_intensity":212.1267297888,"disk_write_speed":45.997214486,"process_ids":[16456,16513,16540]}
{"timestamp":1572292434.4352660179,"rapl_power_draw_absolute":72.1808557246,"rapl_estimated_attributable_power_draw":21.9014656011,"cpu_time_seconds":{"16456":{"user":196.36,"system":10.8,"children_user":1.08,"children_system":0.16},"16513":{"user":0.03,"system":0.02,"children_user":0.0,"children_system":0.0},"16540":{"user":3.98,"system":3.21,"children_user":0.34,"children_system":2.93}},"average_relative_cpu_utilization":0.2806980393,"absolute_cpu_utilization":1.0034472565,"relative_mem_usage":0.5126280863,"absolute_mem_usage":9135435776.0,"absolute_mem_percent_usage":0.0676201799,"mem_info_per_process":{"16456":{"rss":4437946368,"vms":13712752640,"shared":587497472,"text":2322432,"lib":0,"data":11880824832,"dirty":0,"uss":3477094400,"pss":3892768768,"swap":0},"16513":{"rss":11153408,"vms":28168192,"shared":5599232,"text":2322432,"lib":0,"data":5283840,"dirty":0,"uss":5574656,"pss":6009856,"swap":0},"16540":{"rss":1308471296,"vms":3524382720,"shared":15040512,"text":2322432,"lib":0,"data":1901211648,"dirty":0,"uss":736587776,"pss":1017400320,"swap":0}},"nvidia_draw_absolute":45.72,"nvidia_estimated_attributable_power_draw":45.72,"average_gpu_estimated_utilization_absolute":0.365,"per_gpu_average_estimated_utilization_absolute":{"(0, 16456)":{"sm":36.5,"mem":7.0,"enc":0.0,"dec":0.0}},"average_gpu_estimated_utilization_relative":1.0,"per_gpu_performance_state":{"0":"P2"},"per_gpu_power_draw":{"0":45.72},"cpu_count_adjusted_average_load":[0.14625,0.1446875,0.145625],"realtime_carbon_intensity":212.1267297888,"disk_write_speed":49.9101349499,"process_ids":[16456,16513,16540]}
{"timestamp":1572292442.3993799686,"rapl_power_draw_absolute":81.8702340677,"rapl_estimated_attributable_power_draw":21.0938610988,"cpu_time_seconds":{"16456":{"user":204.0,"system":11.12,"children_user":1.08,"children_system":0.16},"16513":{"user":0.03,"system":0.02,"children_user":0.0,"children_system":0.0},"16540":{"user":4.23,"system":3.37,"children_user":0.36,"children_system":3.08}},"average_relative_cpu_utilization":0.2338969243,"absolute_cpu_utilization":0.9984540215,"relative_mem_usage":0.5067354231,"absolute_mem_usage":9135558656.0,"absolute_mem_percent_usage":0.0676210895,"mem_info_per_process":{"16456":{"rss":4437946368,"vms":13712752640,"shared":587497472,"text":2322432,"lib":0,"data":11880824832,"dirty":0,"uss":3477135360,"pss":3892789248,"swap":0},"16513":{"rss":11153408,"vms":28168192,"shared":5599232,"text":2322432,"lib":0,"data":5283840,"dirty":0,"uss":5574656,"pss":6009856,"swap":0},"16540":{"rss":1308471296,"vms":3524382720,"shared":15040512,"text":2322432,"lib":0,"data":1901211648,"dirty":0,"uss":736628736,"pss":1017420800,"swap":0}},"nvidia_draw_absolute":46.79,"nvidia_estimated_attributable_power_draw":46.79,"average_gpu_estimated_utilization_absolute":0.365,"per_gpu_average_estimated_utilization_absolute":{"(0, 16456)":{"sm":36.5,"mem":7.0,"enc":0.0,"dec":0.0}},"average_gpu_estimated_utilization_relative":1.0,"per_gpu_performance_state":{"0":"P2"},"per_gpu_power_draw":{"0":46.79},"cpu_count_adjusted_average_load":[0.1503125,0.145625,0.145625],"realtime_carbon_intensity":212.1267297888,"disk_write_speed":41.5136700413,"process_ids":[16456,16513,16540]}
{"timestamp":1572292450.363658905,"rapl_power_draw_absolute":81.5366564369,"rapl_estimated_attributable_power_draw":20.9788244086,"cpu_time_seconds":{"16456":{"user":211.64,"system":11.44,"children_user":1.08,"children_system":0.16},"16513":{"user":0.03,"system":0.02,"children_user":0.0,"children_system":0.0},"16540":{"user":4.49,"system":3.52,"children_user":0.36,"children_system":3.24}},"average_relative_cpu_utilization":0.233550851,"absolute_cpu_utilization":0.9935072231,"relative_mem_usage":0.5057709912,"absolute_mem_usage":9135718400.0,"absolute_mem_percent_usage":0.0676222719,"mem_info_per_process":{"16456":{"rss":4437946368,"vms":13712752640,"shared":587497472,"text":2322432,"lib":0,"data":11880824832,"dirty":0,"uss":3477188608,"pss":3892815872,"swap":0},"16513":{"rss":11153408,"vms":28168192,"shared":5599232,"text":2322432,"lib":0,"data":5283840,"dirty":0,"uss":5574656,"pss":6009856,"swap":0},"16540":{"rss":1308471296,"vms":3524382720,"shared":15040512,"text":2322432,"lib":0,"data":1901211648,"dirty":0,"uss":736681984,"pss":1017447424,"swap":0}},"nvidia_draw_absolute":45.31,"nvidia_estimated_attributable_power_draw":45.31,"average_gpu_estimated_utilization_absolute":0.365,"per_gpu_average_estimated_utilization_absolute":{"(0, 16456)":{"sm":36.5,"mem":7.0,"enc":0.0,"dec":0.0}},"average_gpu_estimated_utilization_relative":1.0,"per_gpu_performance_state":{"0":"P2"},"per_gpu_power_draw":{"0":45.31},"cpu_count_adjusted_average_load":[0.14625,0.145,0.145625],"realtime_carbon_intensity":212.1267297888,"disk_write_speed":40.7981090659,"process_ids":[16456,16513,16540]}
{"timestamp":1572292458.3432788849,"rapl_power_draw_absolute":82.4245038822,"rapl_estimated_attributable_power_draw":21.1733461326,"cpu_time_seconds":{"16456":{"user":219.32,"system":11.75,"children_user":1.08,"children_system":0.16},"16513":{"user":0.03,"system":0.02,"children_user":0.0,"children_system":0.0},"16540":{"user":4.74,"system":3.68,"children_user":0.38,"children_system":3.4}},"average_relative_cpu_utilization":0.233894735,"absolute_cpu_utilization":0.9984245926,"relative_mem_usage":0.5045775487,"absolute_mem_usage":9135816704.0,"absolute_mem_percent_usage":0.0676229995,"mem_info_per_process":{"16456":{"rss":4437946368,"vms":13712752640,"shared":587497472,"text":2322432,"lib":0,"data":11880824832,"dirty":0,"uss":3477221376,"pss":3892832256,"swap":0},"16513":{"rss":11153408,"vms":28168192,"shared":5599232,"text":2322432,"lib":0,"data":5283840,"dirty":0,"uss":5574656,"pss":6009856,"swap":0},"16540":{"rss":1308471296,"vms":3524382720,"shared":15040512,"text":2322432,"lib":0,"data":1901211648,"dirty":0,"uss":736714752,"pss":1017463808,"swap":0}},"nvidia_draw_absolute":49.04,"nvidia_estimated_attributable_power_draw":49.04,"average_gpu_estimated_utilization_absolute":0.365,"per_gpu_average_estimated_utilization_absolute":{"(0, 16456)":{"sm":36.5,"mem":7.0,"enc":0.0,"dec":0.0}},"average_gpu_estimated_utilization_relative":1.0,"per_gpu_performance_state":{"0":"P2"},"per_gpu_power_draw":{"0":49.04},"cpu_count_adjusted_average_load":[0.1471875,0.145,0.145625],"realtime_carbon_intensity":212.1267297888,"disk_write_speed":52.3162957436,"process_ids":[16456,16513,16540]}
