value_loss,policy_entropy,total_timesteps,nupdates,fps,explained_variance,ep_len_mean,ep_reward_mean
0.010339871048927307,1.7917495965957642,80,1,42,-70.80236053466797,,
0.023202024400234222,1.7917072772979736,8000,100,1036,0.01240628957748413,,
0.06539259850978851,1.7915065288543701,16000,200,1123,-0.08941519260406494,869.6428571428571,-20.785714285714285
0.013182532973587513,1.791074514389038,24000,300,1173,0.013685941696166992,893.625,-20.625
0.02495708502829075,1.7911278009414673,32000,400,1180,-0.01594698429107666,893.3333333333334,-20.633333333333333
0.045973844826221466,1.7907969951629639,40000,500,1194,0.0016356110572814941,900.4857142857143,-20.571428571428573
0.00453093321993947,1.786916971206665,48000,600,1194,0.004759430885314941,904.1702127659574,-20.51063829787234
0.05600627139210701,1.7845128774642944,56000,700,1200,0.0043007731437683105,900.4528301886793,-20.528301886792452
0.073760986328125,1.77045476436615,64000,800,1204,0.0186956524848938,901.5238095238095,-20.46031746031746
0.05652128532528877,1.765760064125061,72000,900,1207,0.03231018781661987,899.9589041095891,-20.45205479452055
0.09672854095697403,1.7624775171279907,80000,1000,1212,0.060928523540496826,889.2592592592592,-20.506172839506174
0.022827627137303352,1.7585594654083252,88000,1100,1209,0.07037335634231567,876.8297872340426,-20.5531914893617
0.055138248950242996,1.777265191078186,96000,1200,1215,0.06759786605834961,877.81,-20.54
0.11846484243869781,1.7873119115829468,104000,1300,1215,0.0761256217956543,879.95,-20.5
0.04493177682161331,1.7863210439682007,112000,1400,1218,0.05196726322174072,876.13,-20.5
0.03265060856938362,1.7687667608261108,120000,1500,1221,0.18636560440063477,869.61,-20.52
0.06706655025482178,1.7708702087402344,128000,1600,1223,0.22082853317260742,861.99,-20.54
0.07371339201927185,1.7437502145767212,136000,1700,1222,0.3907517194747925,853.62,-20.58
0.06636983156204224,1.7743514776229858,144000,1800,1220,0.36910367012023926,850.98,-20.55
0.13084229826927185,1.7830349206924438,152000,1900,1221,0.12653082609176636,846.74,-20.6
0.0366998054087162,1.7796911001205444,160000,2000,1219,0.19719672203063965,861.36,-20.58
0.14599134027957916,1.7849512100219727,168000,2100,1219,-0.33953940868377686,871.34,-20.55
0.024307021871209145,1.7768977880477905,176000,2200,1220,0.5648685395717621,877.38,-20.53
0.17873266339302063,1.7814381122589111,184000,2300,1220,0.2446344494819641,887.86,-20.47
0.05959724262356758,1.7740482091903687,192000,2400,1220,0.7753660529851913,888.07,-20.46
0.01943848840892315,1.7702436447143555,200000,2500,1218,0.7012466788291931,891.16,-20.45
0.06620005518198013,1.78240966796875,208000,2600,1219,0.2528432607650757,893.63,-20.44
0.05384473875164986,1.7783031463623047,216000,2700,1219,0.31001877784729004,902.66,-20.39
0.07244910299777985,1.7621415853500366,224000,2800,1220,0.6675205826759338,907.05,-20.38
0.04801570624113083,1.7776844501495361,232000,2900,1219,0.52484330534935,922.69,-20.3
0.005724088288843632,1.783695936203003,240000,3000,1220,0.6584612429141998,923.04,-20.31
0.028903836384415627,1.780440092086792,248000,3100,1221,0.45090746879577637,921.72,-20.33
0.031396232545375824,1.7755787372589111,256000,3200,1129,0.6721192896366119,917.32,-20.31
0.01839636266231537,1.7540804147720337,264000,3300,1131,0.80776247382164,925.06,-20.24
0.020876415073871613,1.7841386795043945,272000,3400,1134,0.548277884721756,925.22,-20.26
0.009839357808232307,1.7836500406265259,280000,3500,1137,0.6814649105072021,924.98,-20.23
0.008351050317287445,1.7862510681152344,288000,3600,1138,0.7947418391704559,936.04,-20.24
0.06881494075059891,1.7795207500457764,296000,3700,1141,0.3833085298538208,938.79,-20.23
0.0674365907907486,1.7738673686981201,304000,3800,1142,0.501414030790329,936.24,-20.27
0.08032359927892685,1.780458688735962,312000,3900,1144,0.5702451169490814,930.87,-20.28
0.03153619542717934,1.7718795537948608,320000,4000,1146,0.7383700013160706,932.19,-20.27
0.02796369418501854,1.7511829137802124,328000,4100,1147,0.5053063333034515,917.59,-20.42
0.023134766146540642,1.7630364894866943,336000,4200,1148,0.7345406413078308,914.25,-20.42
0.008639526553452015,1.7629588842391968,344000,4300,1149,0.785798966884613,904.65,-20.39
0.029050275683403015,1.7593625783920288,352000,4400,1151,0.7297275960445404,894.38,-20.49
0.01062716357409954,1.7418200969696045,360000,4500,1152,0.8128716200590134,895.24,-20.49
0.01364261843264103,1.7468385696411133,368000,4600,1153,0.9243394136428833,890.15,-20.49
0.012041340582072735,1.7355852127075195,376000,4700,1154,0.9563044346868992,884.32,-20.48
0.01122387032955885,1.7742376327514648,384000,4800,1156,0.9268076047301292,875.07,-20.5
0.016699153929948807,1.7626804113388062,392000,4900,1157,0.8589937090873718,872.65,-20.5
0.014607916586101055,1.7808119058609009,400000,5000,1157,0.8614989072084427,876.66,-20.49
0.00888547021895647,1.7808574438095093,408000,5100,1158,0.9177761748433113,882.57,-20.42
0.023260904476046562,1.7830079793930054,416000,5200,1159,0.8803602978587151,886.96,-20.42
0.08630646765232086,1.7830851078033447,424000,5300,1159,0.41047239303588867,893.82,-20.42
0.015520686283707619,1.7826217412948608,432000,5400,1161,0.9207167997956276,900.75,-20.38
0.010911153629422188,1.7644294500350952,440000,5500,1162,0.8248047232627869,911.67,-20.32
0.021778302267193794,1.7434523105621338,448000,5600,1164,0.8886055797338486,914.19,-20.28
0.011621838435530663,1.7698967456817627,456000,5700,1164,0.8273524194955826,931.57,-20.25
0.012524251826107502,1.7398046255111694,464000,5800,1165,0.950401246547699,936.22,-20.25
0.01274925284087658,1.7475807666778564,472000,5900,1166,0.9171756058931351,941.58,-20.28
0.016808317974209785,1.7824338674545288,480000,6000,1166,0.8979446068406105,939.76,-20.26
0.023111259564757347,1.7773841619491577,488000,6100,1167,0.8800186589360237,940.62,-20.26
0.011756484396755695,1.7810032367706299,496000,6200,1168,0.8647818565368652,930.5,-20.34
0.0076809050515294075,1.7810847759246826,504000,6300,1125,0.951378833502531,929.98,-20.35
0.024006757885217667,1.7776706218719482,512000,6400,1126,0.8344270884990692,930.89,-20.34
0.017901400104165077,1.7854381799697876,520000,6500,1127,0.8918326571583748,923.37,-20.34
0.03053291141986847,1.7707443237304688,528000,6600,1128,0.7301669418811798,916.57,-20.41
0.029026946052908897,1.7714608907699585,536000,6700,1129,0.8831289410591125,918.24,-20.42
0.01581690087914467,1.7725436687469482,544000,6800,1130,0.7525001019239426,904.18,-20.46
0.023693092167377472,1.7762556076049805,552000,6900,1132,0.7375125288963318,898.52,-20.44
0.03938186541199684,1.7854883670806885,560000,7000,1133,0.6815440654754639,898.84,-20.4
0.011824165470898151,1.7829889059066772,568000,7100,1134,0.7996873408555984,900.6,-20.4
0.041222888976335526,1.7787246704101562,576000,7200,1135,0.8819852843880653,907.43,-20.36
0.03983449190855026,1.7875843048095703,584000,7300,1136,0.7476679980754852,909.7,-20.36
0.017976487055420876,1.7820335626602173,592000,7400,1137,0.8563668578863144,909.78,-20.34
0.01949363760650158,1.785251259803772,600000,7500,1138,0.7885898351669312,917.63,-20.3
0.019972076639533043,1.7875938415527344,608000,7600,1139,0.7657301723957062,912.59,-20.3
0.01659303717315197,1.7849388122558594,616000,7700,1140,0.9023299515247345,915.49,-20.28
0.03803478926420212,1.7818580865859985,624000,7800,1141,0.8082287311553955,920.6,-20.23
0.04048020392656326,1.7821859121322632,632000,7900,1142,0.8744610548019409,911.53,-20.28
0.00968967005610466,1.7851272821426392,640000,8000,1143,0.8604169636964798,915.37,-20.24
0.007565496955066919,1.7807998657226562,648000,8100,1144,0.9451606571674347,914.67,-20.28
0.029340535402297974,1.7729154825210571,656000,8200,1145,0.8514665365219116,916.04,-20.26
0.016392160207033157,1.7812693119049072,664000,8300,1146,0.9675196595489979,917.37,-20.25
0.006102792918682098,1.7871694564819336,672000,8400,1146,0.9002072289586067,917.69,-20.23
0.06034637615084648,1.783900499343872,680000,8500,1147,0.8100632280111313,922.99,-20.17
0.03851061314344406,1.7800121307373047,688000,8600,1148,0.7223587930202484,925.14,-20.14
0.02006695792078972,1.775438904762268,696000,8700,1149,0.8675317913293839,928.45,-20.12
0.0205366313457489,1.7767372131347656,704000,8800,1150,0.8860506415367126,931.58,-20.12
0.02854369580745697,1.7825151681900024,712000,8900,1151,0.7761294394731522,926.58,-20.17
0.009084723889827728,1.7769609689712524,720000,9000,1152,0.9583308696746826,932.92,-20.15
0.09014268219470978,1.774707555770874,728000,9100,1153,0.5246878862380981,938.34,-20.08
0.009174373932182789,1.773158073425293,736000,9200,1153,0.9738858696073294,938.6,-20.08
0.017140492796897888,1.7833858728408813,744000,9300,1154,0.9444667883217335,936.85,-20.09
0.05432913452386856,1.7881104946136475,752000,9400,1122,0.7529840767383575,931.48,-20.18
0.04018989950418472,1.7844517230987549,760000,9500,1123,0.6290876269340515,930.85,-20.22
0.017578119412064552,1.7815223932266235,768000,9600,1124,0.7607982903718948,937.86,-20.21
0.043289050459861755,1.77725088596344,776000,9700,1126,0.6628158688545227,940.13,-20.2
0.021301889792084694,1.7689969539642334,784000,9800,1127,0.7368762791156769,936.73,-20.24
0.02854662761092186,1.7772293090820312,792000,9900,1128,0.7813849747180939,934.82,-20.2
0.04131724685430527,1.7812938690185547,800000,10000,1129,0.8427102565765381,939.42,-20.16
0.010522490367293358,1.7791202068328857,808000,10100,1130,0.8875543177127838,942.89,-20.18
0.014749799855053425,1.781826376914978,816000,10200,1131,0.9166666194796562,938.92,-20.2
0.03857846185564995,1.7723404169082642,824000,10300,1132,0.6389767229557037,936.55,-20.23
0.019739288836717606,1.7690527439117432,832000,10400,1133,0.9444605484604836,936.62,-20.26
0.05635514110326767,1.7710697650909424,840000,10500,1134,0.7487510144710541,939.67,-20.21
0.04159075766801834,1.777823805809021,848000,10600,1135,0.8693683445453644,936.18,-20.2
0.012434509582817554,1.784837007522583,856000,10700,1135,0.9152320027351379,931.95,-20.2
0.010237609967589378,1.787248969078064,864000,10800,1136,0.9669960997998714,931.69,-20.21
0.030285026878118515,1.7850462198257446,872000,10900,1137,0.8691582977771759,932.42,-20.19
0.02440369501709938,1.7756853103637695,880000,11000,1138,0.8096111565828323,927.26,-20.26
0.008362785913050175,1.780539870262146,888000,11100,1139,0.9283013418316841,926.53,-20.28
0.010144149884581566,1.7846739292144775,896000,11200,1140,0.8679973632097244,928.21,-20.21
0.01901785098016262,1.784959077835083,904000,11300,1140,0.8933612182736397,923.72,-20.19
0.007820152677595615,1.7778021097183228,912000,11400,1141,0.9550118073821068,930.95,-20.13
0.012450551614165306,1.783761739730835,920000,11500,1142,0.946557778865099,934.56,-20.13
0.01465343963354826,1.7864059209823608,928000,11600,1142,0.952941719442606,933.26,-20.16
0.007715878076851368,1.783860206604004,936000,11700,1143,0.9662279114127159,935.19,-20.15
0.018164020031690598,1.7864700555801392,944000,11800,1144,0.9412160627543926,936.66,-20.1
0.02540299855172634,1.777907133102417,952000,11900,1144,0.8361125141382217,934.64,-20.14
0.017342539504170418,1.782806396484375,960000,12000,1145,0.9556235931813717,928.74,-20.17
0.012042337097227573,1.7880067825317383,968000,12100,1146,0.9563776850700378,927.49,-20.18
0.030705129727721214,1.7763395309448242,976000,12200,1146,0.8753241896629333,929.84,-20.22
0.02099466696381569,1.784410834312439,984000,12300,1147,0.8213498741388321,933.76,-20.23
0.007477746810764074,1.7861039638519287,992000,12400,1147,0.9277499318122864,931.27,-20.29
0.018039584159851074,1.7870429754257202,1000000,12500,1147,0.8979731872677803,927.94,-20.33
0.014495735056698322,1.7685883045196533,1008000,12600,1125,0.8731774091720581,925.99,-20.34
0.014219442382454872,1.7844241857528687,1016000,12700,1125,0.849373072385788,929.64,-20.28
0.0087429229170084,1.781860589981079,1024000,12800,1126,0.9480724409222603,927.84,-20.32
0.009290425106883049,1.778757095336914,1032000,12900,1127,0.8916976302862167,926.94,-20.33
0.022769644856452942,1.782090187072754,1040000,13000,1128,0.8345857560634613,923.65,-20.34
0.00855468399822712,1.782556176185608,1048000,13100,1129,0.9721919670701027,932.16,-20.34
0.05562544986605644,1.769616723060608,1056000,13200,1129,0.7840950638055801,928.84,-20.38
0.015048389323055744,1.7844922542572021,1064000,13300,1130,0.9524182714521885,926.46,-20.37
0.05557170510292053,1.7834399938583374,1072000,13400,1131,0.793254628777504,933.25,-20.28
0.0325339175760746,1.7697023153305054,1080000,13500,1131,0.7547540068626404,936.71,-20.23
0.03627244383096695,1.7549644708633423,1088000,13600,1132,0.7611500173807144,935.27,-20.25
0.04634859040379524,1.7725051641464233,1096000,13700,1133,0.5861736834049225,942.18,-20.22
0.013065008446574211,1.7773956060409546,1104000,13800,1133,0.888606384396553,933.51,-20.25
0.018061237409710884,1.7790536880493164,1112000,13900,1134,0.6793275475502014,935.66,-20.25
0.010106849484145641,1.7795250415802002,1120000,14000,1135,0.8934619873762131,935.75,-20.27
0.03498627245426178,1.7805531024932861,1128000,14100,1135,0.7249603569507599,940.64,-20.24
0.01512111909687519,1.7815933227539062,1136000,14200,1136,0.8992929831147194,950.35,-20.16
0.007400874979794025,1.7830318212509155,1144000,14300,1137,0.9745880402624607,945.47,-20.17
0.028633195906877518,1.7829341888427734,1152000,14400,1137,0.8213183581829071,958.6,-20.09
0.028577055782079697,1.7830092906951904,1160000,14500,1138,0.8778524994850159,963.01,-20.05
0.017928658053278923,1.784460425376892,1168000,14600,1138,0.8698134571313858,958.1,-20.14
0.017588891088962555,1.7863651514053345,1176000,14700,1139,0.9281370714306831,955.61,-20.15
0.009495913982391357,1.7852728366851807,1184000,14800,1139,0.938378993421793,957.46,-20.1
0.02522936463356018,1.786036729812622,1192000,14900,1140,0.8219627887010574,958.53,-20.14
0.011139762587845325,1.7848879098892212,1200000,15000,1140,0.9547280073165894,966.09,-20.12
0.01884600892663002,1.7875173091888428,1208000,15100,1141,0.9459897167980671,969.61,-20.08
0.01501234620809555,1.7882722616195679,1216000,15200,1142,0.9192153960466385,969.33,-20.04
0.006905478425323963,1.7883498668670654,1224000,15300,1142,0.9744309242814779,973.92,-19.99
0.011516627855598927,1.7868156433105469,1232000,15400,1143,0.8581769913434982,971.2,-20.01
0.01146245002746582,1.7873928546905518,1240000,15500,1143,0.9641076549887657,959.43,-20.06
0.05259821563959122,1.7881975173950195,1248000,15600,1144,0.7294278144836426,955.36,-20.1
0.017589017748832703,1.7813247442245483,1256000,15700,1127,0.8433267176151276,948.99,-20.19
0.053751759231090546,1.7875573635101318,1264000,15800,1128,0.8823249936103821,950.32,-20.18
0.009916791692376137,1.786616563796997,1272000,15900,1128,0.940234761685133,947.64,-20.18
0.010789478197693825,1.7639716863632202,1280000,16000,1129,0.9262345135211945,944.15,-20.2
0.016834154725074768,1.7872804403305054,1288000,16100,1129,0.8562490046024323,940.72,-20.18
0.016036896035075188,1.7703144550323486,1296000,16200,1130,0.9322366863489151,928.33,-20.24
0.022055024281144142,1.78487229347229,1304000,16300,1131,0.8920344039797783,919.99,-20.34
0.016169076785445213,1.767491102218628,1312000,16400,1131,0.9473104439675808,911.0,-20.41
0.04140685871243477,1.7780816555023193,1320000,16500,1132,0.7647555619478226,912.68,-20.37
0.02077437937259674,1.7733409404754639,1328000,16600,1132,0.913107194006443,918.08,-20.36
0.018404949456453323,1.785344123840332,1336000,16700,1133,0.8683501034975052,911.17,-20.4
0.010369920171797276,1.7854788303375244,1344000,16800,1133,0.9319972321391106,908.4,-20.38
0.007878698408603668,1.7783832550048828,1352000,16900,1134,0.9503464177250862,906.39,-20.34
0.03576209396123886,1.7846925258636475,1360000,17000,1135,0.8408965617418289,905.78,-20.35
0.015457667410373688,1.7842689752578735,1368000,17100,1135,0.9150749817490578,911.52,-20.31
0.016650116071105003,1.7848351001739502,1376000,17200,1136,0.9090148657560349,909.11,-20.36
0.014452251605689526,1.7745832204818726,1384000,17300,1136,0.8786907345056534,917.68,-20.32
0.032048456370830536,1.783098816871643,1392000,17400,1137,0.887774258852005,921.04,-20.32
0.017148558050394058,1.7845525741577148,1400000,17500,1137,0.8711561560630798,921.69,-20.29
0.012922915630042553,1.788336992263794,1408000,17600,1137,0.9298099055886269,922.97,-20.3
0.009348871186375618,1.7821521759033203,1416000,17700,1138,0.9380492120981216,922.5,-20.29
0.012323111295700073,1.7868179082870483,1424000,17800,1138,0.8969158977270126,916.07,-20.33
0.017321428284049034,1.788260817527771,1432000,17900,1139,0.9263488203287125,918.52,-20.33
0.031241366639733315,1.7887588739395142,1440000,18000,1139,0.8043181300163269,923.79,-20.31
0.006076996214687824,1.7830135822296143,1448000,18100,1140,0.9596046209335327,925.22,-20.27
0.06220341846346855,1.7836167812347412,1456000,18200,1140,0.8024074733257294,922.09,-20.29
0.018506154417991638,1.7878150939941406,1464000,18300,1141,0.9689403027296066,925.53,-20.27
0.0419488251209259,1.775072693824768,1472000,18400,1141,0.815668448805809,922.39,-20.21
0.02091471292078495,1.7847130298614502,1480000,18500,1142,0.8543963134288788,918.12,-20.21
0.01706508919596672,1.7816886901855469,1488000,18600,1142,0.9520953446626663,923.66,-20.19
0.007986397482454777,1.7786486148834229,1496000,18700,1143,0.9662948362529278,919.06,-20.24
0.02723034843802452,1.770387887954712,1504000,18800,1129,0.8597001731395721,916.78,-20.25
0.024644028395414352,1.7752482891082764,1512000,18900,1129,0.8120889514684677,927.97,-20.23
0.013346473686397076,1.7866172790527344,1520000,19000,1130,0.9350419268012047,923.6,-20.26
0.008324031718075275,1.7777862548828125,1528000,19100,1130,0.9738819431513548,927.74,-20.22
0.012609725818037987,1.785666823387146,1536000,19200,1131,0.8257317990064621,924.63,-20.25
0.05048453062772751,1.7857716083526611,1544000,19300,1131,0.8443179130554199,921.61,-20.32
0.023282848298549652,1.7833244800567627,1552000,19400,1132,0.9241025000810623,922.29,-20.28
0.018294204026460648,1.7868200540542603,1560000,19500,1132,0.9536671303212643,925.78,-20.27
0.024182839319109917,1.7865654230117798,1568000,19600,1133,0.828100249171257,926.23,-20.24
0.038814909756183624,1.7874033451080322,1576000,19700,1133,0.8741225451231003,926.78,-20.22
0.0180808175355196,1.7868320941925049,1584000,19800,1134,0.9257666617631912,928.6,-20.16
0.016933104023337364,1.7828178405761719,1592000,19900,1134,0.8322855085134506,927.07,-20.21
0.01616596430540085,1.7816966772079468,1600000,20000,1135,0.7336852848529816,921.69,-20.19
0.019876044243574142,1.7806097269058228,1608000,20100,1135,0.8012614995241165,925.98,-20.18
0.05287378281354904,1.777650237083435,1616000,20200,1135,0.6700502932071686,929.01,-20.11
0.007702899165451527,1.7825133800506592,1624000,20300,1136,0.9619199708104134,923.05,-20.15
0.013461410999298096,1.7791999578475952,1632000,20400,1136,0.9588264226913452,929.5,-20.08
0.04599239304661751,1.780573844909668,1640000,20500,1137,0.6557228267192841,935.03,-20.06
0.05574869364500046,1.7834045886993408,1648000,20600,1137,0.8800083473324776,931.44,-20.06
0.024584006518125534,1.7805862426757812,1656000,20700,1137,0.9240010976791382,931.36,-20.1
0.012593751773238182,1.787250280380249,1664000,20800,1138,0.8370261639356613,930.74,-20.14
0.02512538805603981,1.7849010229110718,1672000,20900,1138,0.7971632182598114,935.99,-20.1
0.009472565725445747,1.7855714559555054,1680000,21000,1139,0.938377320766449,932.41,-20.11
0.03358767181634903,1.7857468128204346,1688000,21100,1139,0.8381970375776291,938.89,-20.07
0.04789606109261513,1.7842200994491577,1696000,21200,1140,0.8305720537900925,935.98,-20.09
0.02058633789420128,1.7833582162857056,1704000,21300,1140,0.9170248508453369,932.9,-20.07
0.009717397391796112,1.7808119058609009,1712000,21400,1140,0.9573261439800262,939.35,-20.06
0.02837619185447693,1.7759414911270142,1720000,21500,1141,0.8290581852197647,939.97,-20.03
0.01653643324971199,1.7781730890274048,1728000,21600,1141,0.822372704744339,932.99,-20.07
0.03183794766664505,1.7765827178955078,1736000,21700,1141,0.8637561649084091,934.04,-20.08
0.026670020073652267,1.7828950881958008,1744000,21800,1142,0.8977171406149864,932.08,-20.12
0.010443128645420074,1.781313180923462,1752000,21900,1129,0.9411332346498966,934.08,-20.1
0.009576735086739063,1.7817516326904297,1760000,22000,1129,0.9675880149006844,933.27,-20.09
0.009929774329066277,1.7788461446762085,1768000,22100,1130,0.9426941610872746,934.21,-20.12
0.026826217770576477,1.7804228067398071,1776000,22200,1130,0.8195885121822357,943.06,-20.06
0.004062950145453215,1.7747386693954468,1784000,22300,1130,0.979521906003356,943.17,-20.1
0.007498064544051886,1.7724761962890625,1792000,22400,1131,0.9668510034680367,948.47,-20.12
0.010862210765480995,1.7846599817276,1800000,22500,1131,0.9687760379165411,937.21,-20.18
0.009533338248729706,1.7860238552093506,1808000,22600,1132,0.8956842795014381,937.32,-20.19
0.011116549372673035,1.7849702835083008,1816000,22700,1132,0.9287429004907608,932.46,-20.23
0.015072152018547058,1.7854493856430054,1824000,22800,1133,0.8692863881587982,931.7,-20.26
0.00922381691634655,1.7877603769302368,1832000,22900,1133,0.7906091064214706,938.8,-20.22
0.015765387564897537,1.7834104299545288,1840000,23000,1133,0.8277178853750229,941.58,-20.2
0.012005539610981941,1.7837626934051514,1848000,23100,1134,0.9532821625471115,942.9,-20.22
0.015411809086799622,1.7863271236419678,1856000,23200,1134,0.9489328972995281,942.85,-20.21
0.0069971755146980286,1.7882877588272095,1864000,23300,1134,0.956917330622673,941.27,-20.22
0.01870131492614746,1.7848774194717407,1872000,23400,1135,0.934096097946167,935.98,-20.27
0.018366649746894836,1.782273530960083,1880000,23500,1135,0.8481232523918152,939.23,-20.24
0.012287160381674767,1.7782869338989258,1888000,23600,1135,0.9460207335650921,937.07,-20.22
0.01733141392469406,1.7797200679779053,1896000,23700,1136,0.9109387695789337,949.82,-20.17
0.0076932585798203945,1.773170828819275,1904000,23800,1136,0.9378314130008221,951.08,-20.16
0.008766496554017067,1.7812715768814087,1912000,23900,1137,0.9761160407215357,950.94,-20.12
0.011539245024323463,1.7807260751724243,1920000,24000,1137,0.9472850114107132,954.13,-20.1
0.04381342977285385,1.7803090810775757,1928000,24100,1137,0.7300512492656708,947.93,-20.15
0.036231108009815216,1.781770944595337,1936000,24200,1138,0.9167788997292519,944.52,-20.14
0.010883955284953117,1.7793285846710205,1944000,24300,1138,0.9245981127023697,952.45,-20.1
0.017553556710481644,1.7771276235580444,1952000,24400,1138,0.7902132421731949,954.77,-20.13
0.006591989193111658,1.7824236154556274,1960000,24500,1139,0.9753946084529161,960.41,-20.04
0.020575417205691338,1.7811286449432373,1968000,24600,1139,0.8986221700906754,965.15,-19.99
0.009182433597743511,1.787027359008789,1976000,24700,1139,0.9656970389187336,960.19,-19.99
0.024545175954699516,1.787501573562622,1984000,24800,1140,0.8765330165624619,959.53,-20.01
0.008792547509074211,1.7879056930541992,1992000,24900,1140,0.961374893784523,955.62,-20.03
0.022169385105371475,1.782798409461975,2000000,25000,1140,0.8862316012382507,955.47,-20.06
0.013233944773674011,1.786150336265564,2008000,25100,1130,0.9265882298350334,964.73,-20.03
0.054436929523944855,1.7872556447982788,2016000,25200,1130,0.8025282770395279,972.99,-19.98
0.01657332293689251,1.7889362573623657,2024000,25300,1131,0.9254352226853371,973.58,-19.98
0.01340967696160078,1.7905685901641846,2032000,25400,1131,0.8857256919145584,979.89,-19.94
0.026646673679351807,1.7902767658233643,2040000,25500,1131,0.8781958147883415,971.28,-20.0
0.006896664388477802,1.7870889902114868,2048000,25600,1132,0.9162254258990288,970.57,-19.98
0.015303097665309906,1.785469651222229,2056000,25700,1132,0.8915938585996628,961.94,-20.07
0.011204686015844345,1.789447546005249,2064000,25800,1132,0.9120117127895355,959.45,-20.11
0.012642426416277885,1.7880843877792358,2072000,25900,1133,0.9637944214046001,964.64,-20.09
0.0035055563785135746,1.7852928638458252,2080000,26000,1133,0.9953863183036447,975.93,-20.03
0.0092486422508955,1.7858461141586304,2088000,26100,1133,0.9755369555205107,974.57,-20.04
0.040145061910152435,1.783890962600708,2096000,26200,1133,0.6954628825187683,965.12,-20.07
0.014864531345665455,1.7838691473007202,2104000,26300,1134,0.9521336369216442,961.42,-20.09
0.010965663008391857,1.7758989334106445,2112000,26400,1134,0.9351914525032043,959.8,-20.07
0.03460623323917389,1.77854323387146,2120000,26500,1134,0.7820850163698196,955.82,-20.07
0.009498536586761475,1.785904884338379,2128000,26600,1135,0.9673204496502876,952.32,-20.1
0.03882277384400368,1.7855608463287354,2136000,26700,1135,0.6823766827583313,952.31,-20.12
0.01945231482386589,1.7880840301513672,2144000,26800,1135,0.9392736405134201,954.15,-20.12
0.015071315690875053,1.7881648540496826,2152000,26900,1136,0.9313723146915436,961.93,-20.08
0.023353056982159615,1.7882366180419922,2160000,27000,1136,0.8461397737264633,963.76,-20.05
0.011924664489924908,1.7868049144744873,2168000,27100,1136,0.8122411817312241,967.55,-20.03
0.015252301469445229,1.7834879159927368,2176000,27200,1137,0.916283592581749,964.48,-20.07
0.00678499648347497,1.7841476202011108,2184000,27300,1137,0.9762265142053366,970.54,-20.05
0.02143171988427639,1.7843364477157593,2192000,27400,1137,0.8593520224094391,974.92,-20.04
0.01369490660727024,1.785048484802246,2200000,27500,1138,0.8916412964463234,981.34,-20.03
0.11079442501068115,1.78219735622406,2208000,27600,1138,0.5771824419498444,973.19,-20.05
0.038655273616313934,1.7822113037109375,2216000,27700,1138,0.8716462105512619,979.77,-20.03
0.007383537944406271,1.7817455530166626,2224000,27800,1138,0.9380081743001938,984.33,-20.0
0.010298943147063255,1.7804101705551147,2232000,27900,1138,0.9118392691016197,985.58,-19.98
0.0324571467936039,1.783102035522461,2240000,28000,1139,0.8898937329649925,984.54,-19.98
0.04003842920064926,1.7840051651000977,2248000,28100,1139,0.8138834089040756,976.06,-20.06
0.01600133255124092,1.7885723114013672,2256000,28200,1129,0.9450547844171524,973.22,-20.08
0.015273419208824635,1.7864038944244385,2264000,28300,1129,0.9480748288333416,974.16,-20.09
0.010596121661365032,1.7881050109863281,2272000,28400,1130,0.9551488906145096,971.03,-20.12
0.01985614374279976,1.7862775325775146,2280000,28500,1130,0.9382171370089054,973.67,-20.1
0.027904141694307327,1.783060073852539,2288000,28600,1130,0.8466216176748276,975.54,-20.08
0.029676729813218117,1.7859938144683838,2296000,28700,1131,0.9089172184467316,979.61,-20.04
0.024010898545384407,1.787763237953186,2304000,28800,1131,0.8168808370828629,984.85,-20.01
0.010382578708231449,1.7877700328826904,2312000,28900,1131,0.9504993408918381,991.9,-20.03
0.01204109750688076,1.7879011631011963,2320000,29000,1131,0.9071620181202888,989.5,-20.05
0.01192803867161274,1.7887213230133057,2328000,29100,1132,0.8685202151536942,980.97,-20.04
0.027693327516317368,1.7887485027313232,2336000,29200,1132,0.7597245275974274,983.53,-20.01
0.012787079438567162,1.7882864475250244,2344000,29300,1133,0.9004839062690735,996.45,-19.94
0.011907716281712055,1.7861292362213135,2352000,29400,1133,0.9278766736388206,1004.72,-19.85
0.015676267445087433,1.7849323749542236,2360000,29500,1133,0.8352216333150864,1008.08,-19.78
0.01832466758787632,1.776659369468689,2368000,29600,1134,0.9398054517805576,1016.32,-19.74
0.0050979191437363625,1.78213369846344,2376000,29700,1134,0.9666023477911949,1022.52,-19.71
0.010497902520000935,1.7848937511444092,2384000,29800,1134,0.897209033370018,1016.86,-19.75
0.0113432127982378,1.783599853515625,2392000,29900,1134,0.9617746286094189,1014.82,-19.77
0.011809861287474632,1.7740356922149658,2400000,30000,1135,0.8064242452383041,1010.94,-19.81
0.021776044741272926,1.7814754247665405,2408000,30100,1135,0.8815974071621895,1005.77,-19.8
0.020448502153158188,1.7827072143554688,2416000,30200,1135,0.889377661049366,1003.23,-19.8
0.01163557916879654,1.7807683944702148,2424000,30300,1135,0.9144365191459656,1020.38,-19.7
0.032858215272426605,1.7850027084350586,2432000,30400,1136,0.8623650670051575,1019.69,-19.71
0.009959755465388298,1.7854893207550049,2440000,30500,1136,0.8917264938354492,1015.87,-19.74
0.01792132668197155,1.7850936651229858,2448000,30600,1136,0.9194836094975471,1006.34,-19.8
0.022090112790465355,1.7834575176239014,2456000,30700,1136,0.6613182425498962,997.47,-19.86
0.014765133149921894,1.786974310874939,2464000,30800,1137,0.9470297731459141,991.79,-19.91
0.03140747919678688,1.7767162322998047,2472000,30900,1137,0.7730129808187485,992.64,-19.92
0.020782407373189926,1.777642011642456,2480000,31000,1137,0.8327420502901077,997.72,-19.91
0.016676736995577812,1.7793083190917969,2488000,31100,1137,0.8836943507194519,1002.81,-19.81
0.023234957829117775,1.782853364944458,2496000,31200,1137,0.9212843105196953,1001.61,-19.81
0.013524843379855156,1.7827043533325195,2504000,31300,1127,0.9633928127586842,1005.26,-19.81
0.014033272862434387,1.7814033031463623,2512000,31400,1127,0.9467055425047874,1012.57,-19.77
0.019912803545594215,1.7853772640228271,2520000,31500,1128,0.8877686560153961,1005.19,-19.84
0.04660692438483238,1.7776561975479126,2528000,31600,1128,0.530497282743454,1002.35,-19.93
0.01858314499258995,1.7779099941253662,2536000,31700,1128,0.9237790629267693,1011.12,-19.86
0.015551328659057617,1.7785027027130127,2544000,31800,1129,0.909704178571701,1009.28,-19.93
0.009675687178969383,1.773337721824646,2552000,31900,1129,0.9477137587964535,1017.71,-19.89
0.009964191354811192,1.7756946086883545,2560000,32000,1129,0.8801239728927612,1020.89,-19.86
0.011366395279765129,1.7854206562042236,2568000,32100,1130,0.9366379901766777,1012.58,-19.89
0.01750132627785206,1.7681655883789062,2576000,32200,1130,0.9162339717149734,1005.95,-19.94
0.007554026786237955,1.766453504562378,2584000,32300,1130,0.9503441788256168,1002.29,-19.92
0.007853920571506023,1.7755550146102905,2592000,32400,1130,0.9485083557665348,1004.54,-19.92
0.04020676016807556,1.7743806838989258,2600000,32500,1131,0.7599585503339767,999.75,-19.96
0.017280440777540207,1.7787506580352783,2608000,32600,1131,0.955275796353817,1006.72,-19.95
0.04232555255293846,1.7677894830703735,2616000,32700,1131,0.7215876281261444,1005.7,-19.97
0.04557846859097481,1.7683544158935547,2624000,32800,1132,0.7960840463638306,997.16,-19.95
0.027057290077209473,1.7739797830581665,2632000,32900,1132,0.7940626740455627,1002.32,-19.91
0.02462940849363804,1.7633107900619507,2640000,33000,1132,0.9066934436559677,1012.59,-19.81
0.04986970126628876,1.7772009372711182,2648000,33100,1133,0.8462930023670197,1012.31,-19.83
0.01262647844851017,1.7752805948257446,2656000,33200,1133,0.9224492311477661,1008.61,-19.84
0.011912052519619465,1.7715457677841187,2664000,33300,1133,0.9439297504723072,1008.59,-19.85
0.022708076983690262,1.7704890966415405,2672000,33400,1133,0.895502083003521,1013.94,-19.83
0.011817367747426033,1.7728893756866455,2680000,33500,1134,0.9641813710331917,1017.08,-19.8
0.021595995873212814,1.7785106897354126,2688000,33600,1134,0.9127732664346695,1029.37,-19.75
0.0437750518321991,1.7760118246078491,2696000,33700,1134,0.7986963987350464,1028.41,-19.77
0.022028930485248566,1.7785117626190186,2704000,33800,1134,0.9019541591405869,1031.84,-19.73
0.030856752768158913,1.7749547958374023,2712000,33900,1135,0.8379119038581848,1034.61,-19.69
0.022936657071113586,1.7811553478240967,2720000,34000,1135,0.8843925595283508,1038.36,-19.66
0.0136921601369977,1.7679979801177979,2728000,34100,1135,0.855923980474472,1051.13,-19.56
0.07024093717336655,1.7763402462005615,2736000,34200,1135,0.6484549939632416,1046.39,-19.59
0.007153180427849293,1.7774598598480225,2744000,34300,1136,0.9393248856067657,1040.94,-19.62
0.030629759654402733,1.7547944784164429,2752000,34400,1128,0.7512150406837463,1045.28,-19.62
0.00814194604754448,1.7742763757705688,2760000,34500,1128,0.9665024988353252,1053.83,-19.51
0.018041400238871574,1.7701308727264404,2768000,34600,1128,0.9003463089466095,1060.46,-19.52
0.023152446374297142,1.7304222583770752,2776000,34700,1129,0.8313143253326416,1058.47,-19.51
0.009827526286244392,1.7463645935058594,2784000,34800,1129,0.9334916323423386,1059.48,-19.52
0.024328280240297318,1.7685308456420898,2792000,34900,1129,0.8597541749477386,1055.23,-19.58
0.022655531764030457,1.777083158493042,2800000,35000,1129,0.9012294262647629,1047.23,-19.59
0.015517416410148144,1.7733780145645142,2808000,35100,1130,0.921793632209301,1059.94,-19.51
0.014747105538845062,1.7704236507415771,2816000,35200,1130,0.924836054444313,1055.4,-19.55
0.012088598683476448,1.7637412548065186,2824000,35300,1130,0.937825083732605,1052.35,-19.56
0.02440009079873562,1.7758293151855469,2832000,35400,1131,0.9088604375720024,1045.33,-19.63
0.07697837054729462,1.7782375812530518,2840000,35500,1131,0.26898425817489624,1045.7,-19.63
0.035381656140089035,1.7699874639511108,2848000,35600,1131,0.8465137630701065,1050.36,-19.66
0.01116897165775299,1.7568533420562744,2856000,35700,1131,0.9330434799194336,1047.43,-19.66
0.016850585117936134,1.7538152933120728,2864000,35800,1132,0.9477585479617119,1043.22,-19.72
0.011610077694058418,1.7723042964935303,2872000,35900,1132,0.9380919672548771,1039.06,-19.72
0.09018059819936752,1.7748785018920898,2880000,36000,1132,0.6077038049697876,1051.57,-19.69
0.01907471939921379,1.7724802494049072,2888000,36100,1132,0.9019601047039032,1057.47,-19.64
0.030832450836896896,1.7694997787475586,2896000,36200,1133,0.7319480180740356,1062.57,-19.59
0.015331169590353966,1.7481294870376587,2904000,36300,1133,0.8650127798318863,1066.89,-19.63
0.006833861581981182,1.761559247970581,2912000,36400,1133,0.9554476328194141,1068.21,-19.65
0.03543101251125336,1.7679592370986938,2920000,36500,1133,0.602136880159378,1067.54,-19.65
0.012976284138858318,1.7603721618652344,2928000,36600,1134,0.8915635347366333,1077.2,-19.57
0.02882910706102848,1.7362054586410522,2936000,36700,1134,0.8888914957642555,1079.14,-19.58
0.01807369664311409,1.7443891763687134,2944000,36800,1134,0.9417928121984005,1081.13,-19.59
0.02482747659087181,1.7594232559204102,2952000,36900,1134,0.8549391627311707,1081.62,-19.54
0.012245534919202328,1.7642914056777954,2960000,37000,1134,0.9082689955830574,1088.06,-19.49
0.015523187816143036,1.7352221012115479,2968000,37100,1135,0.880035787820816,1087.74,-19.48
0.0075113652274012566,1.7652826309204102,2976000,37200,1135,0.9620811380445957,1095.96,-19.45
0.013088452629745007,1.7554066181182861,2984000,37300,1135,0.8862054646015167,1101.85,-19.39
0.06000233814120293,1.7541885375976562,2992000,37400,1135,0.8326449543237686,1091.76,-19.47
0.023250637575984,1.7544677257537842,3000000,37500,1135,0.8439743369817734,1103.49,-19.41
0.009249722585082054,1.7636486291885376,3008000,37600,1127,0.9270954877138138,1100.43,-19.44
0.029375310987234116,1.7659881114959717,3016000,37700,1127,0.9002949595451355,1096.43,-19.42
0.018206749111413956,1.7687137126922607,3024000,37800,1128,0.9393446370959282,1092.65,-19.46
0.018765810877084732,1.7667242288589478,3032000,37900,1128,0.8738728612661362,1095.41,-19.45
0.018275493755936623,1.7611143589019775,3040000,38000,1128,0.7839134186506271,1103.38,-19.45
0.024294329807162285,1.7345809936523438,3048000,38100,1128,0.8596478849649429,1103.62,-19.46
0.017225410789251328,1.7557464838027954,3056000,38200,1129,0.9219399690628052,1110.21,-19.4
0.022750526666641235,1.7592859268188477,3064000,38300,1129,0.7886109799146652,1122.94,-19.34
0.044116780161857605,1.7564668655395508,3072000,38400,1129,0.56849405169487,1130.54,-19.26
0.012533801607787609,1.7478296756744385,3080000,38500,1130,0.891216941177845,1129.09,-19.25
0.028035452589392662,1.761760950088501,3088000,38600,1130,0.8412425369024277,1130.33,-19.25
0.01870395801961422,1.7577422857284546,3096000,38700,1130,0.8839656040072441,1139.58,-19.22
0.03125891834497452,1.6853660345077515,3104000,38800,1130,0.8421642482280731,1143.08,-19.16
0.018552089110016823,1.7369575500488281,3112000,38900,1131,0.8985783010721207,1145.15,-19.2
0.011862477287650108,1.7136656045913696,3120000,39000,1131,0.9251362085342407,1153.31,-19.14
0.01397329568862915,1.751993179321289,3128000,39100,1131,0.9358160719275475,1160.99,-19.1
0.031282149255275726,1.7272831201553345,3136000,39200,1132,0.6859477162361145,1166.76,-19.1
0.014565818011760712,1.7370151281356812,3144000,39300,1132,0.8896131068468094,1178.02,-19.04
0.00811645109206438,1.7644546031951904,3152000,39400,1132,0.9165957272052765,1191.85,-18.9
0.019179673865437508,1.7652299404144287,3160000,39500,1132,0.8711587935686111,1199.65,-18.86
0.03515329584479332,1.7585771083831787,3168000,39600,1133,0.5926446914672852,1199.49,-18.86
0.05984777957201004,1.7126461267471313,3176000,39700,1133,0.7886849492788315,1211.34,-18.75
0.03496389836072922,1.7073848247528076,3184000,39800,1133,0.8276035636663437,1215.2,-18.8
0.02052890509366989,1.7129619121551514,3192000,39900,1133,0.800506979227066,1223.86,-18.75
0.040143705904483795,1.7035471200942993,3200000,40000,1134,0.7445604503154755,1228.22,-18.74
0.013048367574810982,1.7320724725723267,3208000,40100,1134,0.9282535463571548,1242.79,-18.64
0.017218533903360367,1.7403039932250977,3216000,40200,1134,0.9046687707304955,1262.73,-18.45
0.02877062000334263,1.7011854648590088,3224000,40300,1135,0.8504966497421265,1260.16,-18.44
0.03796995431184769,1.6979782581329346,3232000,40400,1135,0.8212595134973526,1265.34,-18.4
0.018721144646406174,1.7214397192001343,3240000,40500,1135,0.8385443389415741,1271.37,-18.41
0.014095989987254143,1.6767394542694092,3248000,40600,1136,0.8363609910011292,1286.75,-18.37
0.01809781976044178,1.7548491954803467,3256000,40700,1127,0.7617623060941696,1290.71,-18.36
0.01687755063176155,1.6575496196746826,3264000,40800,1127,0.8183131664991379,1304.39,-18.31
0.013603645376861095,1.6843525171279907,3272000,40900,1127,0.8838667795062065,1322.09,-18.27
0.018862133845686913,1.710974931716919,3280000,41000,1128,0.8262691795825958,1326.93,-18.23
0.028304684907197952,1.681706190109253,3288000,41100,1128,0.7866902649402618,1327.44,-18.26
0.014678907580673695,1.6727380752563477,3296000,41200,1128,0.9480986818671227,1338.24,-18.18
0.03037332370877266,1.7107875347137451,3304000,41300,1129,0.7625900655984879,1347.68,-18.13
0.02186020277440548,1.6858707666397095,3312000,41400,1129,0.8324858993291855,1356.42,-18.11
0.03390964865684509,1.677715539932251,3320000,41500,1129,0.798625573515892,1373.46,-18.09
0.03190423175692558,1.7266530990600586,3328000,41600,1129,0.6043628752231598,1380.01,-18.02
0.025399837642908096,1.6600029468536377,3336000,41700,1130,0.8475035279989243,1388.6,-17.99
0.013120874762535095,1.6785123348236084,3344000,41800,1130,0.9078049659729004,1402.96,-18.02
0.012092926539480686,1.6831843852996826,3352000,41900,1130,0.862666055560112,1396.21,-18.12
0.042628876864910126,1.67727530002594,3360000,42000,1130,0.5705691576004028,1406.73,-18.09
0.011298248544335365,1.7110106945037842,3368000,42100,1131,0.8583951443433762,1422.89,-18.07
0.022531911730766296,1.657388687133789,3376000,42200,1131,0.7767558842897415,1437.3,-18.02
0.030214250087738037,1.6563527584075928,3384000,42300,1131,0.7086115777492523,1437.99,-17.99
0.0524306483566761,1.654208779335022,3392000,42400,1132,0.6936879754066467,1443.47,-17.96
0.016202833503484726,1.7301826477050781,3400000,42500,1132,0.8676831722259521,1465.13,-17.85
0.013193972408771515,1.668137788772583,3408000,42600,1132,0.8369960337877274,1476.16,-17.78
0.012554185464978218,1.719049096107483,3416000,42700,1132,0.8610144704580307,1480.04,-17.79
0.01922411471605301,1.7371238470077515,3424000,42800,1133,0.8562449812889099,1483.11,-17.76
0.03649171069264412,1.6600825786590576,3432000,42900,1133,0.23538917303085327,1497.77,-17.77
0.08575905114412308,1.6211297512054443,3440000,43000,1133,0.750914067029953,1506.01,-17.77
0.043020062148571014,1.6130666732788086,3448000,43100,1133,0.6539853513240814,1511.13,-17.81
0.022272830829024315,1.7230241298675537,3456000,43200,1134,0.8061278015375137,1521.69,-17.82
0.041659120470285416,1.6730073690414429,3464000,43300,1134,0.7763405293226242,1524.15,-17.79
0.014947849325835705,1.6924651861190796,3472000,43400,1134,0.3424663543701172,1534.71,-17.73
0.013413554057478905,1.7358230352401733,3480000,43500,1134,0.8827410191297531,1535.53,-17.78
0.01818988099694252,1.6622505187988281,3488000,43600,1135,0.7825417518615723,1543.44,-17.72
0.026456886902451515,1.6294119358062744,3496000,43700,1135,0.8234865218400955,1544.37,-17.73
0.020719021558761597,1.6552391052246094,3504000,43800,1124,0.8365154415369034,1556.4,-17.65
0.02360430173575878,1.6219158172607422,3512000,43900,1125,0.7718848586082458,1562.92,-17.67
0.0298975370824337,1.6761844158172607,3520000,44000,1125,0.6400726735591888,1567.68,-17.71
0.017399553209543228,1.6673015356063843,3528000,44100,1125,0.8074586391448975,1572.7,-17.64
0.030066335573792458,1.715083360671997,3536000,44200,1125,0.6848256587982178,1586.54,-17.51
0.0696881115436554,1.7087860107421875,3544000,44300,1126,0.5617189109325409,1586.93,-17.53
0.011573797091841698,1.6624298095703125,3552000,44400,1126,0.8795922100543976,1591.7,-17.55
0.014340254478156567,1.656373381614685,3560000,44500,1126,0.7542470395565033,1602.58,-17.44
0.012901860289275646,1.6532920598983765,3568000,44600,1126,0.9406324997544289,1604.54,-17.45
0.04606374353170395,1.6740081310272217,3576000,44700,1127,0.8192571848630905,1606.1,-17.47
0.02642158232629299,1.6885906457901,3584000,44800,1127,0.5795368552207947,1623.89,-17.3
0.021407749503850937,1.676700234413147,3592000,44900,1127,0.8233955502510071,1635.0,-17.27
0.018271971493959427,1.5950438976287842,3600000,45000,1127,0.8555595725774765,1646.35,-17.14
0.00598100433126092,1.688974380493164,3608000,45100,1128,0.932963564991951,1644.42,-17.22
0.018559912219643593,1.683551549911499,3616000,45200,1128,0.8661935180425644,1660.55,-17.16
0.014201527461409569,1.7292801141738892,3624000,45300,1128,0.8453262895345688,1665.0,-17.16
0.01853160932660103,1.724698781967163,3632000,45400,1128,0.8517260700464249,1671.7,-17.16
0.00925152562558651,1.7204034328460693,3640000,45500,1129,0.8853573426604271,1672.11,-17.2
0.016813883557915688,1.6852134466171265,3648000,45600,1129,0.8051387071609497,1688.73,-17.1
0.03112713061273098,1.7066984176635742,3656000,45700,1129,0.7606506645679474,1693.69,-17.08
0.01643199659883976,1.675163984298706,3664000,45800,1129,0.7017938494682312,1698.57,-17.09
0.027439016848802567,1.6196601390838623,3672000,45900,1130,0.8580359071493149,1713.12,-16.93
0.025642236694693565,1.6669645309448242,3680000,46000,1130,0.8091844767332077,1719.45,-16.9
0.015619628131389618,1.7435064315795898,3688000,46100,1130,0.8703189641237259,1734.16,-16.74
0.01238342933356762,1.6316967010498047,3696000,46200,1130,0.8860971182584763,1738.07,-16.83
0.014000916853547096,1.6904693841934204,3704000,46300,1131,0.9058100804686546,1743.12,-16.94
0.02061353251338005,1.6593118906021118,3712000,46400,1131,0.8064750730991364,1744.62,-17.03
0.01850840449333191,1.6330757141113281,3720000,46500,1131,0.8300592750310898,1757.09,-16.93
0.017473557963967323,1.668290138244629,3728000,46600,1131,0.8495676517486572,1758.49,-17.05
0.03183512017130852,1.7250398397445679,3736000,46700,1132,0.7994902580976486,1759.23,-17.13
0.014639700762927532,1.6947917938232422,3744000,46800,1132,0.8221915066242218,1753.86,-17.25
0.01742452383041382,1.656712532043457,3752000,46900,1122,0.790279284119606,1760.78,-17.13
0.007880310527980328,1.7222604751586914,3760000,47000,1122,0.9518269561231136,1771.54,-17.13
0.018360931426286697,1.6766493320465088,3768000,47100,1123,0.6475103497505188,1759.45,-17.3
0.013207395561039448,1.6585054397583008,3776000,47200,1123,0.8856937885284424,1754.52,-17.43
0.019894160330295563,1.6653263568878174,3784000,47300,1123,0.5553331971168518,1760.87,-17.4
0.013196301646530628,1.6953166723251343,3792000,47400,1123,0.7244981229305267,1763.5,-17.28
0.019140705466270447,1.7294769287109375,3800000,47500,1123,0.8228867202997208,1777.88,-17.07
0.045014817267656326,1.6788804531097412,3808000,47600,1124,0.46180349588394165,1778.37,-17.12
0.02009914629161358,1.7112171649932861,3816000,47700,1124,0.7522228360176086,1779.38,-17.14
0.008590728044509888,1.7111791372299194,3824000,47800,1124,0.9221662655472755,1781.56,-17.09
0.017221724614501,1.6591520309448242,3832000,47900,1124,0.8767246156930923,1792.49,-17.11
0.01278035156428814,1.6806796789169312,3840000,48000,1124,0.8224770575761795,1792.0,-17.09
0.018801510334014893,1.6997419595718384,3848000,48100,1125,0.8309943675994873,1795.74,-17.17
0.013551004230976105,1.6889524459838867,3856000,48200,1125,0.897193118929863,1796.49,-17.28
0.02117861807346344,1.703021764755249,3864000,48300,1125,0.8258389234542847,1803.68,-17.32
0.017572592943906784,1.6689164638519287,3872000,48400,1125,0.6545352637767792,1815.37,-17.21
0.06439681351184845,1.6972557306289673,3880000,48500,1126,0.01544874906539917,1815.66,-17.25
0.025647809728980064,1.7505712509155273,3888000,48600,1126,0.8173872083425522,1825.55,-17.03
0.03530389070510864,1.653159737586975,3896000,48700,1126,0.7064938545227051,1828.18,-17.05
0.01858324371278286,1.6991245746612549,3904000,48800,1126,0.8347336649894714,1825.97,-17.09
0.022373532876372337,1.686836838722229,3912000,48900,1126,0.8721825927495956,1841.67,-16.75
0.009054034017026424,1.6406099796295166,3920000,49000,1127,0.8099012225866318,1840.11,-16.78
0.012609152123332024,1.668351173400879,3928000,49100,1127,0.8739115744829178,1858.34,-16.56
0.010563363321125507,1.7687489986419678,3936000,49200,1127,0.8926873803138733,1856.67,-16.6
0.014041105285286903,1.7053260803222656,3944000,49300,1128,0.8874714970588684,1859.13,-16.58
0.016969982534646988,1.6644233465194702,3952000,49400,1128,0.8913846909999847,1871.37,-16.45
0.04193038493394852,1.7102489471435547,3960000,49500,1128,0.8252688199281693,1881.72,-16.24
0.020587123930454254,1.6787042617797852,3968000,49600,1128,0.8440725803375244,1890.95,-16.12
0.025185832753777504,1.72799551486969,3976000,49700,1129,0.8650921136140823,1905.77,-15.92
0.017592480406165123,1.6709718704223633,3984000,49800,1129,0.9123916476964951,1923.92,-15.81
0.02477307617664337,1.6796905994415283,3992000,49900,1129,0.8827584534883499,1925.12,-15.72
0.019463401287794113,1.7044188976287842,4000000,50000,1129,0.895332932472229,1917.09,-15.86
0.055674027651548386,1.6687463521957397,4008000,50100,1118,0.5389476120471954,1940.49,-15.49
0.018509352579712868,1.6908622980117798,4016000,50200,1119,0.8300726562738419,1950.9,-15.38
0.01961573399603367,1.6494486331939697,4024000,50300,1119,0.902656689286232,1949.0,-15.48
0.025633346289396286,1.7000951766967773,4032000,50400,1119,0.6595726609230042,1946.94,-15.39
0.01586296409368515,1.665436029434204,4040000,50500,1119,0.9021806567907333,1943.37,-15.46
0.019620683044195175,1.6098849773406982,4048000,50600,1119,0.8619288802146912,1953.65,-15.32
0.021329542621970177,1.6869999170303345,4056000,50700,1120,0.8559928387403488,1958.17,-15.28
0.013492314144968987,1.7363836765289307,4064000,50800,1120,0.7966279089450836,1959.62,-15.19
0.018305111676454544,1.6116628646850586,4072000,50900,1120,0.8533158302307129,1958.58,-15.15
0.0148294847458601,1.676049828529358,4080000,51000,1120,0.803421139717102,1971.22,-15.01
0.009765489026904106,1.7033946514129639,4088000,51100,1121,0.8616198599338531,1964.99,-15.01
0.0423535481095314,1.7077839374542236,4096000,51200,1121,0.8629835844039917,1974.74,-14.9
0.007799078710377216,1.6810897588729858,4104000,51300,1121,0.9414080679416656,1961.45,-14.99
0.03546475991606712,1.6714611053466797,4112000,51400,1121,0.33037811517715454,1969.43,-14.88
0.008831121027469635,1.6603012084960938,4120000,51500,1122,0.9231173321604729,1972.28,-14.74
0.013376755639910698,1.6717078685760498,4128000,51600,1122,0.8571154475212097,1984.84,-14.64
0.031142795458436012,1.6014087200164795,4136000,51700,1122,0.20744657516479492,1982.62,-14.61
0.01645236648619175,1.7375777959823608,4144000,51800,1122,0.8443530201911926,1980.72,-14.71
0.01692998968064785,1.6527525186538696,4152000,51900,1123,0.9035367593169212,1979.33,-14.74
0.017909741029143333,1.6369621753692627,4160000,52000,1123,0.8667245656251907,1976.2,-14.79
0.02174324356019497,1.5799946784973145,4168000,52100,1123,0.7623440325260162,1984.56,-14.72
0.019258184358477592,1.6206715106964111,4176000,52200,1123,0.669141560792923,1973.13,-14.8
0.016142429783940315,1.5728123188018799,4184000,52300,1123,0.49562811851501465,1968.39,-14.81
0.02027646265923977,1.6443259716033936,4192000,52400,1124,0.835944876074791,1982.86,-14.63
0.028482992202043533,1.6867964267730713,4200000,52500,1124,0.843506395816803,1983.53,-14.6
0.03169655799865723,1.6661964654922485,4208000,52600,1124,0.7909157574176788,1978.04,-14.61
0.011078380048274994,1.6538665294647217,4216000,52700,1125,0.9111081287264824,1977.89,-14.57
0.010558748617768288,1.6529573202133179,4224000,52800,1125,0.8377668112516403,1977.24,-14.42
0.011761506088078022,1.6873972415924072,4232000,52900,1125,0.8737737536430359,1979.41,-14.33
0.01583508402109146,1.6415178775787354,4240000,53000,1125,0.8045634925365448,1982.98,-14.16
0.03010714426636696,1.7167155742645264,4248000,53100,1125,0.9051694720983505,1979.45,-14.09
0.032428137958049774,1.7017234563827515,4256000,53200,1115,0.8072580546140671,1967.93,-14.21
0.04009029269218445,1.681213140487671,4264000,53300,1115,0.5810405313968658,1956.44,-14.28
0.03286775201559067,1.606379508972168,4272000,53400,1115,0.7843625694513321,1965.07,-14.15
0.017030615359544754,1.6806873083114624,4280000,53500,1115,0.737109899520874,1964.59,-14.14
0.036877553910017014,1.6496105194091797,4288000,53600,1115,0.7360556125640869,1958.68,-14.27
0.023300789296627045,1.6764310598373413,4296000,53700,1116,0.8548420667648315,1960.59,-14.24
0.017332669347524643,1.6597633361816406,4304000,53800,1116,0.707772970199585,1962.86,-14.38
0.03128165751695633,1.5860203504562378,4312000,53900,1116,0.6630081832408905,1958.41,-14.5
0.025034138932824135,1.6189744472503662,4320000,54000,1116,0.6106017231941223,1958.04,-14.41
0.025158410891890526,1.713343858718872,4328000,54100,1117,0.912129707634449,1954.7,-14.45
0.021214725449681282,1.6282517910003662,4336000,54200,1117,0.8072877675294876,1955.48,-14.47
0.05227773264050484,1.6366510391235352,4344000,54300,1117,0.772209882736206,1951.96,-14.53
0.06044495105743408,1.6478363275527954,4352000,54400,1117,0.8163977712392807,1956.34,-14.46
0.02631448768079281,1.6643638610839844,4360000,54500,1117,0.8619698733091354,1959.94,-14.41
0.01716848649084568,1.5629894733428955,4368000,54600,1118,0.8031711578369141,1960.84,-14.37
0.026555221527814865,1.6219394207000732,4376000,54700,1118,0.7565369755029678,1960.84,-14.37
0.03166598081588745,1.5627896785736084,4384000,54800,1118,0.781880110502243,1972.04,-14.22
0.050257641822099686,1.6670650243759155,4392000,54900,1118,0.6738751828670502,1975.44,-14.29
0.014760377816855907,1.675058126449585,4400000,55000,1119,0.9343506619334221,1980.31,-14.21
0.027635833248496056,1.5837900638580322,4408000,55100,1119,0.8824800625443459,1995.62,-14.05
0.011223776265978813,1.6861950159072876,4416000,55200,1119,0.9381612092256546,1993.48,-14.09
0.014796636998653412,1.6939046382904053,4424000,55300,1119,0.6900180280208588,2018.71,-13.74
0.082516148686409,1.6026405096054077,4432000,55400,1120,0.6618925929069519,2033.94,-13.47
0.01715296134352684,1.6783325672149658,4440000,55500,1120,0.8858077451586723,2025.81,-13.61
0.007270750589668751,1.7166006565093994,4448000,55600,1120,0.9380494095385075,2008.03,-13.95
0.021161776036024094,1.6027425527572632,4456000,55700,1120,0.885512538254261,2023.82,-13.6
0.005172663368284702,1.5960896015167236,4464000,55800,1120,0.9554677195847034,2044.07,-13.32
0.02021688222885132,1.6359670162200928,4472000,55900,1121,0.8362864702939987,2044.56,-13.33
0.008648579008877277,1.6168467998504639,4480000,56000,1121,0.9391331449151039,2042.74,-13.36
0.032337628304958344,1.6114143133163452,4488000,56100,1121,0.8765245601534843,2040.81,-13.34
0.014412665739655495,1.7076666355133057,4496000,56200,1121,0.841203972697258,2047.98,-13.1
0.023620974272489548,1.6477159261703491,4504000,56300,1111,0.8494343459606171,2067.87,-12.74
0.047903940081596375,1.5713756084442139,4512000,56400,1111,0.8266482651233673,2073.11,-12.55
0.03213626891374588,1.5773420333862305,4520000,56500,1112,0.7366743981838226,2081.76,-12.41
0.020864151418209076,1.5292173624038696,4528000,56600,1112,0.8522897809743881,2084.34,-12.3
0.013921593315899372,1.645473837852478,4536000,56700,1112,0.9020719677209854,2088.53,-12.23
0.04047604277729988,1.5988962650299072,4544000,56800,1112,0.8811608478426933,2115.42,-11.74
0.020596632733941078,1.6523287296295166,4552000,56900,1113,0.8945834934711456,2118.88,-11.64
0.011424859054386616,1.667319893836975,4560000,57000,1113,0.9271123483777046,2111.48,-11.68
0.035378314554691315,1.683386206626892,4568000,57100,1113,0.5859991610050201,2113.9,-11.62
0.024062668904662132,1.6951713562011719,4576000,57200,1113,0.7290396094322205,2113.9,-11.62
0.016658086329698563,1.7389183044433594,4584000,57300,1113,0.861324280500412,2109.08,-11.78
0.026999792084097862,1.6415691375732422,4592000,57400,1114,0.8643627315759659,2100.89,-11.92
0.03526054322719574,1.6612364053726196,4600000,57500,1114,0.7789125144481659,2127.32,-11.41
0.0288894921541214,1.6586993932724,4608000,57600,1114,0.8684355616569519,2115.1,-11.58
0.04678593575954437,1.5926787853240967,4616000,57700,1114,0.7974764853715897,2105.75,-11.72
0.05141371488571167,1.6641101837158203,4624000,57800,1114,0.8510136157274246,2108.91,-11.58
0.028357654809951782,1.6060163974761963,4632000,57900,1115,0.879412978887558,2112.87,-11.54
0.016032427549362183,1.5802335739135742,4640000,58000,1115,0.8887923657894135,2113.88,-11.51
0.025498569011688232,1.6671816110610962,4648000,58100,1115,0.8364256024360657,2106.19,-11.68
0.029335131868720055,1.5543196201324463,4656000,58200,1115,0.9076529964804649,2118.98,-11.54
0.013255193829536438,1.7059118747711182,4664000,58300,1116,0.8903435841202736,2121.39,-11.49
0.02616381272673607,1.406851053237915,4672000,58400,1116,0.8618258535861969,2117.71,-11.62
0.027933254837989807,1.6735883951187134,4680000,58500,1116,0.8445655107498169,2121.02,-11.59
0.022893045097589493,1.6946465969085693,4688000,58600,1116,0.758173480629921,2114.78,-11.64
0.04175941273570061,1.593274474143982,4696000,58700,1116,0.617423951625824,2128.14,-11.44
0.039793990552425385,1.5843346118927002,4704000,58800,1117,0.6637528240680695,2127.29,-11.59
0.01980939507484436,1.68096923828125,4712000,58900,1117,0.8463452905416489,2121.76,-11.74
0.010836312547326088,1.511709451675415,4720000,59000,1117,0.9568113721907139,2131.14,-11.7
0.019589673727750778,1.6112645864486694,4728000,59100,1117,0.9461776576936245,2131.9,-11.81
0.01866086944937706,1.6190595626831055,4736000,59200,1118,0.7944061756134033,2141.05,-11.75
0.054228413850069046,1.63229501247406,4744000,59300,1118,0.7527562379837036,2148.32,-11.58
0.02588416263461113,1.57532799243927,4752000,59400,1108,0.8869799077510834,2137.78,-11.77
0.023199716582894325,1.644166350364685,4760000,59500,1108,0.9224103316664696,2121.26,-11.99
0.02721470035612583,1.5112221240997314,4768000,59600,1108,0.8866108953952789,2136.25,-11.8
0.015817955136299133,1.6875724792480469,4776000,59700,1108,0.9636594504117966,2143.31,-11.67
0.041434697806835175,1.5955865383148193,4784000,59800,1108,0.6198701560497284,2163.12,-11.52
0.03039543703198433,1.6610107421875,4792000,59900,1109,0.8829892799258232,2168.64,-11.44
0.055484794080257416,1.6437437534332275,4800000,60000,1109,0.8222178965806961,2178.14,-11.32
0.01158888079226017,1.5462186336517334,4808000,60100,1109,0.951956931501627,2183.12,-11.27
0.01764814369380474,1.4951937198638916,4816000,60200,1109,0.9353572428226471,2204.86,-10.94
0.013660612516105175,1.600572943687439,4824000,60300,1110,0.8506073355674744,2202.32,-10.91
0.01409842073917389,1.5288504362106323,4832000,60400,1110,0.8733672797679901,2221.74,-10.61
0.041065048426389694,1.572149634361267,4840000,60500,1110,0.878578431904316,2225.04,-10.55
0.05997049808502197,1.650747299194336,4848000,60600,1110,0.71098992228508,2235.45,-10.45
0.014643987640738487,1.668291687965393,4856000,60700,1111,0.948227521032095,2236.27,-10.46
0.08202605694532394,1.6337674856185913,4864000,60800,1111,0.6983932256698608,2239.53,-10.37
0.008568082936108112,1.6599130630493164,4872000,60900,1111,0.9104033857584,2256.45,-10.22
0.020372966304421425,1.7009395360946655,4880000,61000,1111,0.916442520916462,2272.95,-10.03
0.02563958428800106,1.670749306678772,4888000,61100,1112,0.8583121448755264,2280.39,-9.88
0.032035164535045624,1.6513392925262451,4896000,61200,1112,0.9007287696003914,2284.66,-9.82
0.01988954283297062,1.7031158208847046,4904000,61300,1112,0.9346638470888138,2297.86,-9.64
0.03872749209403992,1.6655528545379639,4912000,61400,1112,0.8925663456320763,2309.83,-9.46
0.03615729883313179,1.6096805334091187,4920000,61500,1112,0.8196455091238022,2309.83,-9.46
0.012096692807972431,1.60330331325531,4928000,61600,1113,0.8881005644798279,2336.79,-9.14
0.03127230331301689,1.650740623474121,4936000,61700,1113,0.8536026179790497,2354.17,-8.98
0.01505644153803587,1.6690170764923096,4944000,61800,1113,0.9467745460569859,2378.73,-8.63
0.012677015736699104,1.6605846881866455,4952000,61900,1113,0.9496315680444241,2387.16,-8.46
0.01826954074203968,1.7241766452789307,4960000,62000,1113,0.9251955896615982,2393.09,-8.26
0.009455827064812183,1.7374775409698486,4968000,62100,1114,0.9599844478070736,2408.1,-7.98
0.031094074249267578,1.6340335607528687,4976000,62200,1114,0.8572928607463837,2410.78,-7.95
0.02325098216533661,1.6420704126358032,4984000,62300,1114,0.828992947936058,2413.35,-7.84
0.03153005987405777,1.5039751529693604,4992000,62400,1114,0.9221620708703995,2435.23,-7.57
0.02374555915594101,1.5768641233444214,5000000,62500,1114,0.9130045920610428,2442.13,-7.48
