{"timestamp":1573523105.7405319214,"rapl_power_draw_absolute":66.3530161993,"rapl_estimated_attributable_power_draw":14.9068477736,"cpu_time_seconds":{"25706":{"user":0.01,"system":0.02,"children_user":0.0,"children_system":0.02},"25628":{"user":33.02,"system":3.07,"children_user":0.13,"children_system":0.11}},"average_relative_cpu_utilization":0.2423420171,"absolute_cpu_utilization":0.9891507711,"relative_mem_usage":0.0383739086,"absolute_mem_usage":2972878848.0,"absolute_mem_percent_usage":0.0220051465,"mem_info_per_process":{"25706":{"rss":1543385088,"vms":3662532608,"shared":4390912,"text":2322432,"lib":0,"data":2301378560,"dirty":0,"uss":197730304,"pss":869915648,"swap":0},"25628":{"rss":1950838784,"vms":8815390720,"shared":129318912,"text":2322432,"lib":0,"data":7396241408,"dirty":0,"uss":615936000,"pss":1289296896,"swap":0}},"nvidia_draw_absolute":35.08,"nvidia_estimated_attributable_power_draw":35.08,"average_gpu_estimated_utilization_absolute":0.028,"per_gpu_average_estimated_utilization_absolute":{"(0, 25628)":{"sm":2.8,"mem":0.0,"enc":0.0,"dec":0.0}},"average_gpu_estimated_utilization_relative":1.0,"per_gpu_performance_state":{"0":"P2"},"per_gpu_power_draw":{"0":35.08},"cpu_count_adjusted_average_load":[0.1553125,0.148125,0.143125],"cpu_freq":[{"current":1665.937,"min":1200.0,"max":3200.0},{"current":1685.062,"min":1200.0,"max":3200.0},{"current":2384.625,"min":1200.0,"max":3200.0},{"current":2399.906,"min":1200.0,"max":3200.0},{"current":1275.093,"min":1200.0,"max":3200.0},{"current":1200.843,"min":1200.0,"max":3200.0},{"current":1399.968,"min":1200.0,"max":3200.0},{"current":1695.281,"min":1200.0,"max":3200.0},{"current":1211.531,"min":1200.0,"max":3200.0},{"current":1700.437,"min":1200.0,"max":3200.0},{"current":1475.718,"min":1200.0,"max":3200.0},{"current":3170.906,"min":1200.0,"max":3200.0},{"current":1274.156,"min":1200.0,"max":3200.0},{"current":1354.781,"min":1200.0,"max":3200.0},{"current":1200.0,"min":1200.0,"max":3200.0},{"current":1200.0,"min":1200.0,"max":3200.0},{"current":1495.5,"min":1200.0,"max":3200.0},{"current":1818.843,"min":1200.0,"max":3200.0},{"current":2243.437,"min":1200.0,"max":3200.0},{"current":2400.0,"min":1200.0,"max":3200.0},{"current":1200.656,"min":1200.0,"max":3200.0},{"current":1253.812,"min":1200.0,"max":3200.0},{"current":1579.031,"min":1200.0,"max":3200.0},{"current":1424.062,"min":1200.0,"max":3200.0},{"current":1296.656,"min":1200.0,"max":3200.0},{"current":1772.343,"min":1200.0,"max":3200.0},{"current":1400.437,"min":1200.0,"max":3200.0},{"current":3165.375,"min":1200.0,"max":3200.0},{"current":1200.375,"min":1200.0,"max":3200.0},{"current":1300.687,"min":1200.0,"max":3200.0},{"current":1204.875,"min":1200.0,"max":3200.0},{"current":1201.593,"min":1200.0,"max":3200.0}],"realtime_carbon_intensity":404.3374508703,"disk_write_speed":33.0355790815,"process_ids":[25706,25628]}
{"timestamp":1573523114.3046569824,"rapl_power_draw_absolute":66.2543609123,"rapl_estimated_attributable_power_draw":15.3686686345,"cpu_time_seconds":{"25706":{"user":0.26,"system":0.17,"children_user":0.0,"children_system":0.22},"25628":{"user":39.93,"system":4.58,"children_user":0.13,"children_system":0.11}},"average_relative_cpu_utilization":0.2412818344,"absolute_cpu_utilization":1.0036227508,"relative_mem_usage":0.1251991379,"absolute_mem_usage":10070556672.0,"absolute_mem_percent_usage":0.0745419125,"mem_info_per_process":{"25706":{"rss":1550516224,"vms":3662532608,"shared":11505664,"text":2322432,"lib":0,"data":2301378560,"dirty":0,"uss":844759040,"pss":1196632064,"swap":0},"25628":{"rss":4550848512,"vms":13828677632,"shared":557469696,"text":2322432,"lib":0,"data":12258766848,"dirty":0,"uss":3837804544,"pss":4191361024,"swap":0}},"nvidia_draw_absolute":53.6,"nvidia_estimated_attributable_power_draw":53.6,"average_gpu_estimated_utilization_absolute":0.33,"per_gpu_average_estimated_utilization_absolute":{"(0, 25628)":{"sm":33,"mem":8,"enc":0,"dec":0}},"average_gpu_estimated_utilization_relative":1.0,"per_gpu_performance_state":{"0":"P2"},"per_gpu_power_draw":{"0":53.6},"cpu_count_adjusted_average_load":[0.14125,0.1453125,0.1421875],"cpu_freq":[{"current":1970.156,"min":1200.0,"max":3200.0},{"current":1221.0,"min":1200.0,"max":3200.0},{"current":1385.906,"min":1200.0,"max":3200.0},{"current":1999.218,"min":1200.0,"max":3200.0},{"current":1281.562,"min":1200.0,"max":3200.0},{"current":1262.343,"min":1200.0,"max":3200.0},{"current":1696.218,"min":1200.0,"max":3200.0},{"current":2399.906,"min":1200.0,"max":3200.0},{"current":1493.625,"min":1200.0,"max":3200.0},{"current":1300.218,"min":1200.0,"max":3200.0},{"current":1560.281,"min":1200.0,"max":3200.0},{"current":3187.687,"min":1200.0,"max":3200.0},{"current":1278.843,"min":1200.0,"max":3200.0},{"current":1260.281,"min":1200.0,"max":3200.0},{"current":1366.125,"min":1200.0,"max":3200.0},{"current":1200.093,"min":1200.0,"max":3200.0},{"current":2379.843,"min":1200.0,"max":3200.0},{"current":2299.125,"min":1200.0,"max":3200.0},{"current":1399.875,"min":1200.0,"max":3200.0},{"current":1837.218,"min":1200.0,"max":3200.0},{"current":1395.187,"min":1200.0,"max":3200.0},{"current":1394.906,"min":1200.0,"max":3200.0},{"current":1797.562,"min":1200.0,"max":3200.0},{"current":2399.906,"min":1200.0,"max":3200.0},{"current":1800.0,"min":1200.0,"max":3200.0},{"current":1293.468,"min":1200.0,"max":3200.0},{"current":1663.593,"min":1200.0,"max":3200.0},{"current":3138.562,"min":1200.0,"max":3200.0},{"current":1311.375,"min":1200.0,"max":3200.0},{"current":1258.125,"min":1200.0,"max":3200.0},{"current":1380.75,"min":1200.0,"max":3200.0},{"current":1202.25,"min":1200.0,"max":3200.0}],"realtime_carbon_intensity":404.3374508703,"disk_write_speed":28.8856617487,"process_ids":[25706,25628]}
{"timestamp":1573523122.3018081188,"rapl_power_draw_absolute":64.9932602265,"rapl_estimated_attributable_power_draw":14.8179448679,"cpu_time_seconds":{"25706":{"user":0.43,"system":0.34,"children_user":0.01,"children_system":0.4},"25628":{"user":47.69,"system":4.82,"children_user":0.13,"children_system":0.11}},"average_relative_cpu_utilization":0.2366689906,"absolute_cpu_utilization":0.9986361191,"relative_mem_usage":0.1252666209,"absolute_mem_usage":10077253632.0,"absolute_mem_percent_usage":0.0745914831,"mem_info_per_process":{"25706":{"rss":1550516224,"vms":3662532608,"shared":11505664,"text":2322432,"lib":0,"data":2301378560,"dirty":0,"uss":846991360,"pss":1197748224,"swap":0},"25628":{"rss":4550848512,"vms":13828677632,"shared":557469696,"text":2322432,"lib":0,"data":12258766848,"dirty":0,"uss":3840036864,"pss":4192477184,"swap":0}},"nvidia_draw_absolute":52.27,"nvidia_estimated_attributable_power_draw":52.27,"average_gpu_estimated_utilization_absolute":0.33,"per_gpu_average_estimated_utilization_absolute":{"(0, 25628)":{"sm":33,"mem":8,"enc":0,"dec":0}},"average_gpu_estimated_utilization_relative":1.0,"per_gpu_performance_state":{"0":"P2"},"per_gpu_power_draw":{"0":52.27},"cpu_count_adjusted_average_load":[0.1396875,0.145,0.1421875],"cpu_freq":[{"current":1291.687,"min":1200.0,"max":3200.0},{"current":1399.968,"min":1200.0,"max":3200.0},{"current":2399.906,"min":1200.0,"max":3200.0},{"current":2400.0,"min":1200.0,"max":3200.0},{"current":1296.468,"min":1200.0,"max":3200.0},{"current":1201.218,"min":1200.0,"max":3200.0},{"current":2399.906,"min":1200.0,"max":3200.0},{"current":1696.5,"min":1200.0,"max":3200.0},{"current":1399.968,"min":1200.0,"max":3200.0},{"current":1422.187,"min":1200.0,"max":3200.0},{"current":1761.468,"min":1200.0,"max":3200.0},{"current":3147.468,"min":1200.0,"max":3200.0},{"current":1200.0,"min":1200.0,"max":3200.0},{"current":1293.0,"min":1200.0,"max":3200.0},{"current":1286.625,"min":1200.0,"max":3200.0},{"current":1297.5,"min":1200.0,"max":3200.0},{"current":1407.187,"min":1200.0,"max":3200.0},{"current":1297.875,"min":1200.0,"max":3200.0},{"current":2400.187,"min":1200.0,"max":3200.0},{"current":1618.218,"min":1200.0,"max":3200.0},{"current":1298.25,"min":1200.0,"max":3200.0},{"current":1201.312,"min":1200.0,"max":3200.0},{"current":1977.468,"min":1200.0,"max":3200.0},{"current":1343.906,"min":1200.0,"max":3200.0},{"current":1323.843,"min":1200.0,"max":3200.0},{"current":1377.75,"min":1200.0,"max":3200.0},{"current":1400.812,"min":1200.0,"max":3200.0},{"current":3103.875,"min":1200.0,"max":3200.0},{"current":1245.656,"min":1200.0,"max":3200.0},{"current":1294.312,"min":1200.0,"max":3200.0},{"current":1229.437,"min":1200.0,"max":3200.0},{"current":1200.281,"min":1200.0,"max":3200.0}],"realtime_carbon_intensity":404.3374508703,"disk_write_speed":37.0653906547,"process_ids":[25706,25628]}
{"timestamp":1573523130.3066129684,"rapl_power_draw_absolute":68.0672456332,"rapl_estimated_attributable_power_draw":15.7755752583,"cpu_time_seconds":{"25706":{"user":0.64,"system":0.51,"children_user":0.03,"children_system":0.56},"25628":{"user":55.45,"system":5.07,"children_user":0.13,"children_system":0.11}},"average_relative_cpu_utilization":0.2424490433,"absolute_cpu_utilization":1.0036444028,"relative_mem_usage":0.1253042511,"absolute_mem_usage":10081013760.0,"absolute_mem_percent_usage":0.0746193155,"mem_info_per_process":{"25706":{"rss":1550516224,"vms":3662532608,"shared":11505664,"text":2322432,"lib":0,"data":2301378560,"dirty":0,"uss":848244736,"pss":1198374912,"swap":0},"25628":{"rss":4550848512,"vms":13828677632,"shared":557469696,"text":2322432,"lib":0,"data":12258766848,"dirty":0,"uss":3841290240,"pss":4193103872,"swap":0}},"nvidia_draw_absolute":50.01,"nvidia_estimated_attributable_power_draw":50.01,"average_gpu_estimated_utilization_absolute":0.33,"per_gpu_average_estimated_utilization_absolute":{"(0, 25628)":{"sm":33.0,"mem":7.5,"enc":0.0,"dec":0.0}},"average_gpu_estimated_utilization_relative":1.0,"per_gpu_performance_state":{"0":"P2"},"per_gpu_power_draw":{"0":50.01},"cpu_count_adjusted_average_load":[0.1375,0.144375,0.141875],"cpu_freq":[{"current":2400.0,"min":1200.0,"max":3200.0},{"current":1396.687,"min":1200.0,"max":3200.0},{"current":2093.343,"min":1200.0,"max":3200.0},{"current":1597.031,"min":1200.0,"max":3200.0},{"current":1200.843,"min":1200.0,"max":3200.0},{"current":1232.437,"min":1200.0,"max":3200.0},{"current":1276.968,"min":1200.0,"max":3200.0},{"current":2399.906,"min":1200.0,"max":3200.0},{"current":1203.281,"min":1200.0,"max":3200.0},{"current":1833.562,"min":1200.0,"max":3200.0},{"current":1999.406,"min":1200.0,"max":3200.0},{"current":3147.468,"min":1200.0,"max":3200.0},{"current":1213.125,"min":1200.0,"max":3200.0},{"current":1264.781,"min":1200.0,"max":3200.0},{"current":1207.218,"min":1200.0,"max":3200.0},{"current":1200.093,"min":1200.0,"max":3200.0},{"current":2400.0,"min":1200.0,"max":3200.0},{"current":1296.093,"min":1200.0,"max":3200.0},{"current":1996.218,"min":1200.0,"max":3200.0},{"current":1539.656,"min":1200.0,"max":3200.0},{"current":1200.0,"min":1200.0,"max":3200.0},{"current":1202.906,"min":1200.0,"max":3200.0},{"current":1295.906,"min":1200.0,"max":3200.0},{"current":2400.093,"min":1200.0,"max":3200.0},{"current":1246.687,"min":1200.0,"max":3200.0},{"current":1474.781,"min":1200.0,"max":3200.0},{"current":1851.937,"min":1200.0,"max":3200.0},{"current":3142.687,"min":1200.0,"max":3200.0},{"current":1200.187,"min":1200.0,"max":3200.0},{"current":1231.593,"min":1200.0,"max":3200.0},{"current":1211.25,"min":1200.0,"max":3200.0},{"current":1205.062,"min":1200.0,"max":3200.0}],"realtime_carbon_intensity":404.3374508703,"disk_write_speed":51.0995963179,"process_ids":[25706,25628]}
{"timestamp":1573523138.2894589901,"rapl_power_draw_absolute":65.4868088611,"rapl_estimated_attributable_power_draw":15.0177603321,"cpu_time_seconds":{"25706":{"user":0.84,"system":0.7,"children_user":0.05,"children_system":0.72},"25628":{"user":63.2,"system":5.3,"children_user":0.13,"children_system":0.11}},"average_relative_cpu_utilization":0.2380741176,"absolute_cpu_utilization":0.9986027825,"relative_mem_usage":0.1253182983,"absolute_mem_usage":10082893824.0,"absolute_mem_percent_usage":0.0746332316,"mem_info_per_process":{"25706":{"rss":1550516224,"vms":3662532608,"shared":11505664,"text":2322432,"lib":0,"data":2301378560,"dirty":0,"uss":848871424,"pss":1198688256,"swap":0},"25628":{"rss":4550848512,"vms":13828677632,"shared":557469696,"text":2322432,"lib":0,"data":12258766848,"dirty":0,"uss":3841916928,"pss":4193417216,"swap":0}},"nvidia_draw_absolute":50.74,"nvidia_estimated_attributable_power_draw":50.74,"average_gpu_estimated_utilization_absolute":0.33,"per_gpu_average_estimated_utilization_absolute":{"(0, 25628)":{"sm":33.0,"mem":7.5,"enc":0.0,"dec":0.0}},"average_gpu_estimated_utilization_relative":1.0,"per_gpu_performance_state":{"0":"P2"},"per_gpu_power_draw":{"0":50.74},"cpu_count_adjusted_average_load":[0.138125,0.144375,0.141875],"cpu_freq":[{"current":2399.906,"min":1200.0,"max":3200.0},{"current":1591.968,"min":1200.0,"max":3200.0},{"current":1703.156,"min":1200.0,"max":3200.0},{"current":2127.562,"min":1200.0,"max":3200.0},{"current":1262.625,"min":1200.0,"max":3200.0},{"current":1200.75,"min":1200.0,"max":3200.0},{"current":1455.281,"min":1200.0,"max":3200.0},{"current":1700.343,"min":1200.0,"max":3200.0},{"current":1310.343,"min":1200.0,"max":3200.0},{"current":1398.562,"min":1200.0,"max":3200.0},{"current":1429.593,"min":1200.0,"max":3200.0},{"current":3185.343,"min":1200.0,"max":3200.0},{"current":1277.062,"min":1200.0,"max":3200.0},{"current":1200.281,"min":1200.0,"max":3200.0},{"current":1200.187,"min":1200.0,"max":3200.0},{"current":1200.093,"min":1200.0,"max":3200.0},{"current":2400.0,"min":1200.0,"max":3200.0},{"current":1396.125,"min":1200.0,"max":3200.0},{"current":1441.968,"min":1200.0,"max":3200.0},{"current":2400.0,"min":1200.0,"max":3200.0},{"current":1284.843,"min":1200.0,"max":3200.0},{"current":1202.906,"min":1200.0,"max":3200.0},{"current":1295.812,"min":1200.0,"max":3200.0},{"current":1698.843,"min":1200.0,"max":3200.0},{"current":1319.437,"min":1200.0,"max":3200.0},{"current":1200.0,"min":1200.0,"max":3200.0},{"current":1372.875,"min":1200.0,"max":3200.0},{"current":3120.937,"min":1200.0,"max":3200.0},{"current":1218.562,"min":1200.0,"max":3200.0},{"current":1228.031,"min":1200.0,"max":3200.0},{"current":1211.25,"min":1200.0,"max":3200.0},{"current":1205.062,"min":1200.0,"max":3200.0}],"realtime_carbon_intensity":404.3374508703,"disk_write_speed":49.4268130807,"process_ids":[25706,25628]}
{"timestamp":1573523146.3281390667,"rapl_power_draw_absolute":65.4517469089,"rapl_estimated_attributable_power_draw":15.4174142471,"cpu_time_seconds":{"25706":{"user":1.07,"system":0.9,"children_user":0.05,"children_system":0.9},"25628":{"user":71.04,"system":5.5,"children_user":0.13,"children_system":0.11}},"average_relative_cpu_utilization":0.244785683,"absolute_cpu_utilization":0.9986477699,"relative_mem_usage":0.1253269607,"absolute_mem_usage":10084325376.0,"absolute_mem_percent_usage":0.0746438279,"mem_info_per_process":{"25706":{"rss":1550516224,"vms":3662532608,"shared":11505664,"text":2322432,"lib":0,"data":2301378560,"dirty":0,"uss":849346560,"pss":1198925824,"swap":0},"25628":{"rss":4550848512,"vms":13828677632,"shared":557469696,"text":2322432,"lib":0,"data":12258766848,"dirty":0,"uss":3842396160,"pss":4193656832,"swap":0}},"nvidia_draw_absolute":50.54,"nvidia_estimated_attributable_power_draw":50.54,"average_gpu_estimated_utilization_absolute":0.33,"per_gpu_average_estimated_utilization_absolute":{"(0, 25628)":{"sm":33.0,"mem":7.5,"enc":0.0,"dec":0.0}},"average_gpu_estimated_utilization_relative":1.0,"per_gpu_performance_state":{"0":"P2"},"per_gpu_power_draw":{"0":50.54},"cpu_count_adjusted_average_load":[0.144375,0.145625,0.1421875],"cpu_freq":[{"current":2399.906,"min":1200.0,"max":3200.0},{"current":2193.093,"min":1200.0,"max":3200.0},{"current":2383.218,"min":1200.0,"max":3200.0},{"current":1315.125,"min":1200.0,"max":3200.0},{"current":1200.187,"min":1200.0,"max":3200.0},{"current":1200.75,"min":1200.0,"max":3200.0},{"current":2399.906,"min":1200.0,"max":3200.0},{"current":1397.25,"min":1200.0,"max":3200.0},{"current":1322.343,"min":1200.0,"max":3200.0},{"current":1498.687,"min":1200.0,"max":3200.0},{"current":1800.187,"min":1200.0,"max":3200.0},{"current":3076.218,"min":1200.0,"max":3200.0},{"current":1206.843,"min":1200.0,"max":3200.0},{"current":1286.343,"min":1200.0,"max":3200.0},{"current":1200.093,"min":1200.0,"max":3200.0},{"current":1200.093,"min":1200.0,"max":3200.0},{"current":2400.0,"min":1200.0,"max":3200.0},{"current":1699.687,"min":1200.0,"max":3200.0},{"current":2399.906,"min":1200.0,"max":3200.0},{"current":1498.5,"min":1200.0,"max":3200.0},{"current":1287.937,"min":1200.0,"max":3200.0},{"current":1205.906,"min":1200.0,"max":3200.0},{"current":1200.656,"min":1200.0,"max":3200.0},{"current":1398.187,"min":1200.0,"max":3200.0},{"current":1411.593,"min":1200.0,"max":3200.0},{"current":1210.125,"min":1200.0,"max":3200.0},{"current":1728.375,"min":1200.0,"max":3200.0},{"current":3177.375,"min":1200.0,"max":3200.0},{"current":1235.25,"min":1200.0,"max":3200.0},{"current":1253.906,"min":1200.0,"max":3200.0},{"current":1209.093,"min":1200.0,"max":3200.0},{"current":1207.687,"min":1200.0,"max":3200.0}],"realtime_carbon_intensity":404.3374508703,"disk_write_speed":46.8682266549,"process_ids":[25706,25628]}
{"timestamp":1573523154.3555660248,"rapl_power_draw_absolute":65.2069090169,"rapl_estimated_attributable_power_draw":15.0221072605,"cpu_time_seconds":{"25706":{"user":1.27,"system":1.09,"children_user":0.07,"children_system":1.08},"25628":{"user":78.82,"system":5.76,"children_user":0.13,"children_system":0.11}},"average_relative_cpu_utilization":0.2392689173,"absolute_cpu_utilization":1.0036205629,"relative_mem_usage":0.1253260454,"absolute_mem_usage":10085400576.0,"absolute_mem_percent_usage":0.0746517865,"mem_info_per_process":{"25706":{"rss":1550516224,"vms":3662532608,"shared":11505664,"text":2322432,"lib":0,"data":2301378560,"dirty":0,"uss":849698816,"pss":1199101952,"swap":0},"25628":{"rss":4550848512,"vms":13828677632,"shared":557469696,"text":2322432,"lib":0,"data":12258766848,"dirty":0,"uss":3842760704,"pss":4193839104,"swap":0}},"nvidia_draw_absolute":51.12,"nvidia_estimated_attributable_power_draw":51.12,"average_gpu_estimated_utilization_absolute":0.33,"per_gpu_average_estimated_utilization_absolute":{"(0, 25628)":{"sm":33,"mem":8,"enc":0,"dec":0}},"average_gpu_estimated_utilization_relative":1.0,"per_gpu_performance_state":{"0":"P2"},"per_gpu_power_draw":{"0":51.12},"cpu_count_adjusted_average_load":[0.14375,0.1453125,0.1421875],"cpu_freq":[{"current":1598.906,"min":1200.0,"max":3200.0},{"current":1699.312,"min":1200.0,"max":3200.0},{"current":1597.125,"min":1200.0,"max":3200.0},{"current":1994.718,"min":1200.0,"max":3200.0},{"current":1200.375,"min":1200.0,"max":3200.0},{"current":1273.406,"min":1200.0,"max":3200.0},{"current":2399.906,"min":1200.0,"max":3200.0},{"current":2702.812,"min":1200.0,"max":3200.0},{"current":1590.375,"min":1200.0,"max":3200.0},{"current":1298.906,"min":1200.0,"max":3200.0},{"current":1443.0,"min":1200.0,"max":3200.0},{"current":3103.5,"min":1200.0,"max":3200.0},{"current":1265.531,"min":1200.0,"max":3200.0},{"current":1200.093,"min":1200.0,"max":3200.0},{"current":1200.093,"min":1200.0,"max":3200.0},{"current":1200.093,"min":1200.0,"max":3200.0},{"current":1450.968,"min":1200.0,"max":3200.0},{"current":1594.875,"min":1200.0,"max":3200.0},{"current":1426.781,"min":1200.0,"max":3200.0},{"current":2099.906,"min":1200.0,"max":3200.0},{"current":1206.375,"min":1200.0,"max":3200.0},{"current":1205.906,"min":1200.0,"max":3200.0},{"current":2400.0,"min":1200.0,"max":3200.0},{"current":2694.562,"min":1200.0,"max":3200.0},{"current":1691.812,"min":1200.0,"max":3200.0},{"current":1202.156,"min":1200.0,"max":3200.0},{"current":1341.75,"min":1200.0,"max":3200.0},{"current":3144.281,"min":1200.0,"max":3200.0},{"current":1254.093,"min":1200.0,"max":3200.0},{"current":1201.218,"min":1200.0,"max":3200.0},{"current":1209.093,"min":1200.0,"max":3200.0},{"current":1252.218,"min":1200.0,"max":3200.0}],"realtime_carbon_intensity":404.3374508703,"disk_write_speed":43.6127542983,"process_ids":[25706,25628]}
{"timestamp":1573523162.3593249321,"rapl_power_draw_absolute":66.2593305421,"rapl_estimated_attributable_power_draw":14.971105761,"cpu_time_seconds":{"25706":{"user":1.46,"system":1.28,"children_user":0.07,"children_system":1.26},"25628":{"user":86.6,"system":5.98,"children_user":0.13,"children_system":0.11}},"average_relative_cpu_utilization":0.2350056788,"absolute_cpu_utilization":0.9986334888,"relative_mem_usage":0.1253243241,"absolute_mem_usage":10086359040.0,"absolute_mem_percent_usage":0.0746588811,"mem_info_per_process":{"25706":{"rss":1550516224,"vms":3662532608,"shared":11505664,"text":2322432,"lib":0,"data":2301378560,"dirty":0,"uss":850026496,"pss":1199265792,"swap":0},"25628":{"rss":4550848512,"vms":13828677632,"shared":557469696,"text":2322432,"lib":0,"data":12258766848,"dirty":0,"uss":3843072000,"pss":4193994752,"swap":0}},"nvidia_draw_absolute":51.81,"nvidia_estimated_attributable_power_draw":51.81,"average_gpu_estimated_utilization_absolute":0.33,"per_gpu_average_estimated_utilization_absolute":{"(0, 25628)":{"sm":33,"mem":8,"enc":0,"dec":0}},"average_gpu_estimated_utilization_relative":1.0,"per_gpu_performance_state":{"0":"P2"},"per_gpu_power_draw":{"0":51.81},"cpu_count_adjusted_average_load":[0.1396875,0.144375,0.141875],"cpu_freq":[{"current":1999.875,"min":1200.0,"max":3200.0},{"current":2399.906,"min":1200.0,"max":3200.0},{"current":2399.906,"min":1200.0,"max":3200.0},{"current":2091.468,"min":1200.0,"max":3200.0},{"current":1200.468,"min":1200.0,"max":3200.0},{"current":1255.875,"min":1200.0,"max":3200.0},{"current":1955.437,"min":1200.0,"max":3200.0},{"current":1247.531,"min":1200.0,"max":3200.0},{"current":1404.937,"min":1200.0,"max":3200.0},{"current":2097.75,"min":1200.0,"max":3200.0},{"current":1220.718,"min":1200.0,"max":3200.0},{"current":3175.781,"min":1200.0,"max":3200.0},{"current":1270.312,"min":1200.0,"max":3200.0},{"current":1200.093,"min":1200.0,"max":3200.0},{"current":1200.093,"min":1200.0,"max":3200.0},{"current":1200.093,"min":1200.0,"max":3200.0},{"current":1895.625,"min":1200.0,"max":3200.0},{"current":2400.0,"min":1200.0,"max":3200.0},{"current":2400.0,"min":1200.0,"max":3200.0},{"current":1679.531,"min":1200.0,"max":3200.0},{"current":1200.0,"min":1200.0,"max":3200.0},{"current":1395.843,"min":1200.0,"max":3200.0},{"current":1989.093,"min":1200.0,"max":3200.0},{"current":1299.281,"min":1200.0,"max":3200.0},{"current":1596.562,"min":1200.0,"max":3200.0},{"current":1871.343,"min":1200.0,"max":3200.0},{"current":1287.281,"min":1200.0,"max":3200.0},{"current":3131.343,"min":1200.0,"max":3200.0},{"current":1241.812,"min":1200.0,"max":3200.0},{"current":1200.281,"min":1200.0,"max":3200.0},{"current":1343.906,"min":1200.0,"max":3200.0},{"current":1204.406,"min":1200.0,"max":3200.0}],"realtime_carbon_intensity":404.3374508703,"disk_write_speed":45.7565012014,"process_ids":[25706,25628]}
{"timestamp":1573523170.381966114,"rapl_power_draw_absolute":65.5037452493,"rapl_estimated_attributable_power_draw":15.0766192793,"cpu_time_seconds":{"25706":{"user":1.66,"system":1.47,"children_user":0.08,"children_system":1.44},"25628":{"user":94.39,"system":6.22,"children_user":0.13,"children_system":0.11}},"average_relative_cpu_utilization":0.238931029,"absolute_cpu_utilization":0.9986188459,"relative_mem_usage":0.1253357555,"absolute_mem_usage":10088251392.0,"absolute_mem_percent_usage":0.0746728882,"mem_info_per_process":{"25706":{"rss":1550516224,"vms":3662532608,"shared":11505664,"text":2322432,"lib":0,"data":2301378560,"dirty":0,"uss":850657280,"pss":1199581184,"swap":0},"25628":{"rss":4550848512,"vms":13828677632,"shared":557469696,"text":2322432,"lib":0,"data":12258766848,"dirty":0,"uss":3843702784,"pss":4194310144,"swap":0}},"nvidia_draw_absolute":51.51,"nvidia_estimated_attributable_power_draw":51.51,"average_gpu_estimated_utilization_absolute":0.33,"per_gpu_average_estimated_utilization_absolute":{"(0, 25628)":{"sm":33,"mem":8,"enc":0,"dec":0}},"average_gpu_estimated_utilization_relative":1.0,"per_gpu_performance_state":{"0":"P2"},"per_gpu_power_draw":{"0":51.51},"cpu_count_adjusted_average_load":[0.1375,0.14375,0.141875],"cpu_freq":[{"current":2399.906,"min":1200.0,"max":3200.0},{"current":1221.75,"min":1200.0,"max":3200.0},{"current":1584.75,"min":1200.0,"max":3200.0},{"current":2399.906,"min":1200.0,"max":3200.0},{"current":1237.312,"min":1200.0,"max":3200.0},{"current":1200.093,"min":1200.0,"max":3200.0},{"current":1294.218,"min":1200.0,"max":3200.0},{"current":1202.343,"min":1200.0,"max":3200.0},{"current":1399.968,"min":1200.0,"max":3200.0},{"current":1247.906,"min":1200.0,"max":3200.0},{"current":1804.031,"min":1200.0,"max":3200.0},{"current":3175.687,"min":1200.0,"max":3200.0},{"current":1253.437,"min":1200.0,"max":3200.0},{"current":1200.093,"min":1200.0,"max":3200.0},{"current":1355.343,"min":1200.0,"max":3200.0},{"current":1200.187,"min":1200.0,"max":3200.0},{"current":2400.0,"min":1200.0,"max":3200.0},{"current":2137.125,"min":1200.0,"max":3200.0},{"current":1199.906,"min":1200.0,"max":3200.0},{"current":2399.906,"min":1200.0,"max":3200.0},{"current":1249.5,"min":1200.0,"max":3200.0},{"current":1241.531,"min":1200.0,"max":3200.0},{"current":1695.656,"min":1200.0,"max":3200.0},{"current":1216.687,"min":1200.0,"max":3200.0},{"current":1485.75,"min":1200.0,"max":3200.0},{"current":1278.093,"min":1200.0,"max":3200.0},{"current":2070.656,"min":1200.0,"max":3200.0},{"current":3178.125,"min":1200.0,"max":3200.0},{"current":1217.437,"min":1200.0,"max":3200.0},{"current":1201.781,"min":1200.0,"max":3200.0},{"current":1506.468,"min":1200.0,"max":3200.0},{"current":1200.468,"min":1200.0,"max":3200.0}],"realtime_carbon_intensity":404.3374508703,"disk_write_speed":51.9221348219,"process_ids":[25706,25628]}
{"timestamp":1573523178.3927741051,"rapl_power_draw_absolute":66.2741881441,"rapl_estimated_attributable_power_draw":15.5120239988,"cpu_time_seconds":{"25706":{"user":1.91,"system":1.65,"children_user":0.09,"children_system":1.61},"25628":{"user":102.19,"system":6.44,"children_user":0.13,"children_system":0.11}},"average_relative_cpu_utilization":0.2436164424,"absolute_cpu_utilization":1.003601602,"relative_mem_usage":0.1253331643,"absolute_mem_usage":10088687616.0,"absolute_mem_percent_usage":0.0746761171,"mem_info_per_process":{"25706":{"rss":1550516224,"vms":3662532608,"shared":11505664,"text":2322432,"lib":0,"data":2301378560,"dirty":0,"uss":850800640,"pss":1199652864,"swap":0},"25628":{"rss":4550848512,"vms":13828677632,"shared":557469696,"text":2322432,"lib":0,"data":12258766848,"dirty":0,"uss":3843850240,"pss":4194383872,"swap":0}},"nvidia_draw_absolute":50.73,"nvidia_estimated_attributable_power_draw":50.73,"average_gpu_estimated_utilization_absolute":0.33,"per_gpu_average_estimated_utilization_absolute":{"(0, 25628)":{"sm":33.0,"mem":7.5,"enc":0.0,"dec":0.0}},"average_gpu_estimated_utilization_relative":1.0,"per_gpu_performance_state":{"0":"P2"},"per_gpu_power_draw":{"0":50.73},"cpu_count_adjusted_average_load":[0.138125,0.14375,0.141875],"cpu_freq":[{"current":2088.0,"min":1200.0,"max":3200.0},{"current":2038.593,"min":1200.0,"max":3200.0},{"current":1607.812,"min":1200.0,"max":3200.0},{"current":2399.906,"min":1200.0,"max":3200.0},{"current":1289.437,"min":1200.0,"max":3200.0},{"current":1241.437,"min":1200.0,"max":3200.0},{"current":1531.125,"min":1200.0,"max":3200.0},{"current":2242.781,"min":1200.0,"max":3200.0},{"current":1299.375,"min":1200.0,"max":3200.0},{"current":1265.531,"min":1200.0,"max":3200.0},{"current":1589.625,"min":1200.0,"max":3200.0},{"current":3175.687,"min":1200.0,"max":3200.0},{"current":1286.156,"min":1200.0,"max":3200.0},{"current":1400.156,"min":1200.0,"max":3200.0},{"current":1202.156,"min":1200.0,"max":3200.0},{"current":1300.031,"min":1200.0,"max":3200.0},{"current":1599.656,"min":1200.0,"max":3200.0},{"current":1799.906,"min":1200.0,"max":3200.0},{"current":1834.218,"min":1200.0,"max":3200.0},{"current":2400.0,"min":1200.0,"max":3200.0},{"current":1210.5,"min":1200.0,"max":3200.0},{"current":1394.625,"min":1200.0,"max":3200.0},{"current":1819.875,"min":1200.0,"max":3200.0},{"current":2305.968,"min":1200.0,"max":3200.0},{"current":1253.812,"min":1200.0,"max":3200.0},{"current":1300.218,"min":1200.0,"max":3200.0},{"current":1645.781,"min":1200.0,"max":3200.0},{"current":3160.687,"min":1200.0,"max":3200.0},{"current":1265.906,"min":1200.0,"max":3200.0},{"current":1240.687,"min":1200.0,"max":3200.0},{"current":1280.625,"min":1200.0,"max":3200.0},{"current":1265.156,"min":1200.0,"max":3200.0}],"realtime_carbon_intensity":404.3374508703,"disk_write_speed":54.230036124,"process_ids":[25706,25628]}
{"timestamp":1573523186.4309420586,"rapl_power_draw_absolute":66.3409060985,"rapl_estimated_attributable_power_draw":15.6777141947,"cpu_time_seconds":{"25706":{"user":2.12,"system":1.86,"children_user":0.1,"children_system":1.8},"25628":{"user":109.98,"system":6.68,"children_user":0.13,"children_system":0.11}},"average_relative_cpu_utilization":0.2459908855,"absolute_cpu_utilization":0.9986532629,"relative_mem_usage":0.1253257893,"absolute_mem_usage":10089172992.0,"absolute_mem_percent_usage":0.0746797098,"mem_info_per_process":{"25706":{"rss":1550516224,"vms":3662532608,"shared":11505664,"text":2322432,"lib":0,"data":2301378560,"dirty":0,"uss":850964480,"pss":1199734784,"swap":0},"25628":{"rss":4550848512,"vms":13828677632,"shared":557469696,"text":2322432,"lib":0,"data":12258766848,"dirty":0,"uss":3844009984,"pss":4194463744,"swap":0}},"nvidia_draw_absolute":50.76,"nvidia_estimated_attributable_power_draw":50.76,"average_gpu_estimated_utilization_absolute":0.33,"per_gpu_average_estimated_utilization_absolute":{"(0, 25628)":{"sm":33.0,"mem":7.5,"enc":0.0,"dec":0.0}},"average_gpu_estimated_utilization_relative":1.0,"per_gpu_performance_state":{"0":"P2"},"per_gpu_power_draw":{"0":50.76},"cpu_count_adjusted_average_load":[0.136875,0.1434375,0.1415625],"cpu_freq":[{"current":1199.906,"min":1200.0,"max":3200.0},{"current":2356.593,"min":1200.0,"max":3200.0},{"current":2398.875,"min":1200.0,"max":3200.0},{"current":1438.218,"min":1200.0,"max":3200.0},{"current":1223.718,"min":1200.0,"max":3200.0},{"current":1244.156,"min":1200.0,"max":3200.0},{"current":2058.375,"min":1200.0,"max":3200.0},{"current":2080.406,"min":1200.0,"max":3200.0},{"current":1280.906,"min":1200.0,"max":3200.0},{"current":1298.625,"min":1200.0,"max":3200.0},{"current":1383.093,"min":1200.0,"max":3200.0},{"current":3042.562,"min":1200.0,"max":3200.0},{"current":1200.0,"min":1200.0,"max":3200.0},{"current":1200.187,"min":1200.0,"max":3200.0},{"current":1203.937,"min":1200.0,"max":3200.0},{"current":1200.0,"min":1200.0,"max":3200.0},{"current":1244.062,"min":1200.0,"max":3200.0},{"current":2400.0,"min":1200.0,"max":3200.0},{"current":2205.937,"min":1200.0,"max":3200.0},{"current":1500.0,"min":1200.0,"max":3200.0},{"current":1220.156,"min":1200.0,"max":3200.0},{"current":1434.562,"min":1200.0,"max":3200.0},{"current":1982.531,"min":1200.0,"max":3200.0},{"current":1426.218,"min":1200.0,"max":3200.0},{"current":1243.125,"min":1200.0,"max":3200.0},{"current":1203.656,"min":1200.0,"max":3200.0},{"current":1275.468,"min":1200.0,"max":3200.0},{"current":3126.093,"min":1200.0,"max":3200.0},{"current":1248.281,"min":1200.0,"max":3200.0},{"current":1216.218,"min":1200.0,"max":3200.0},{"current":1240.406,"min":1200.0,"max":3200.0},{"current":1217.156,"min":1200.0,"max":3200.0}],"realtime_carbon_intensity":404.3374508703,"disk_write_speed":55.6211300645,"process_ids":[25706,25628]}
{"timestamp":1573523194.4305720329,"rapl_power_draw_absolute":65.5734090237,"rapl_estimated_attributable_power_draw":16.3100494126,"cpu_time_seconds":{"25706":{"user":2.34,"system":2.05,"children_user":0.12,"children_system":1.97},"25628":{"user":117.73,"system":6.94,"children_user":0.13,"children_system":0.11}},"average_relative_cpu_utilization":0.2603933605,"absolute_cpu_utilization":0.998594047,"relative_mem_usage":0.1253187231,"absolute_mem_usage":10089619456.0,"absolute_mem_percent_usage":0.0746830145,"mem_info_per_process":{"25706":{"rss":1550516224,"vms":3662532608,"shared":11505664,"text":2322432,"lib":0,"data":2301378560,"dirty":0,"uss":851103744,"pss":1199810560,"swap":0},"25628":{"rss":4550848512,"vms":13828677632,"shared":557469696,"text":2322432,"lib":0,"data":12258766848,"dirty":0,"uss":3844149248,"pss":4194555904,"swap":0}},"nvidia_draw_absolute":51.78,"nvidia_estimated_attributable_power_draw":51.78,"average_gpu_estimated_utilization_absolute":0.33,"per_gpu_average_estimated_utilization_absolute":{"(0, 25628)":{"sm":33.0,"mem":7.5,"enc":0.0,"dec":0.0}},"average_gpu_estimated_utilization_relative":1.0,"per_gpu_performance_state":{"0":"P2"},"per_gpu_power_draw":{"0":51.78},"cpu_count_adjusted_average_load":[0.1375,0.143125,0.1415625],"cpu_freq":[{"current":1718.718,"min":1200.0,"max":3200.0},{"current":2043.562,"min":1200.0,"max":3200.0},{"current":1530.843,"min":1200.0,"max":3200.0},{"current":1326.937,"min":1200.0,"max":3200.0},{"current":1200.187,"min":1200.0,"max":3200.0},{"current":1200.937,"min":1200.0,"max":3200.0},{"current":1594.5,"min":1200.0,"max":3200.0},{"current":1756.968,"min":1200.0,"max":3200.0},{"current":1281.093,"min":1200.0,"max":3200.0},{"current":1200.0,"min":1200.0,"max":3200.0},{"current":1995.562,"min":1200.0,"max":3200.0},{"current":2905.593,"min":1200.0,"max":3200.0},{"current":1209.75,"min":1200.0,"max":3200.0},{"current":1214.343,"min":1200.0,"max":3200.0},{"current":1200.0,"min":1200.0,"max":3200.0},{"current":1200.093,"min":1200.0,"max":3200.0},{"current":1999.687,"min":1200.0,"max":3200.0},{"current":2399.906,"min":1200.0,"max":3200.0},{"current":2811.843,"min":1200.0,"max":3200.0},{"current":1408.218,"min":1200.0,"max":3200.0},{"current":1200.75,"min":1200.0,"max":3200.0},{"current":1223.718,"min":1200.0,"max":3200.0},{"current":1890.468,"min":1200.0,"max":3200.0},{"current":2197.218,"min":1200.0,"max":3200.0},{"current":1262.812,"min":1200.0,"max":3200.0},{"current":1301.062,"min":1200.0,"max":3200.0},{"current":1994.906,"min":1200.0,"max":3200.0},{"current":3154.031,"min":1200.0,"max":3200.0},{"current":1288.406,"min":1200.0,"max":3200.0},{"current":1200.281,"min":1200.0,"max":3200.0},{"current":1215.375,"min":1200.0,"max":3200.0},{"current":1203.375,"min":1200.0,"max":3200.0}],"realtime_carbon_intensity":404.3374508703,"disk_write_speed":45.2424329399,"process_ids":[25706,25628]}
{"timestamp":1573523202.4180779457,"rapl_power_draw_absolute":65.8311084295,"rapl_estimated_attributable_power_draw":15.4061548206,"cpu_time_seconds":{"25706":{"user":2.55,"system":2.24,"children_user":0.14,"children_system":2.13},"25628":{"user":125.48,"system":7.18,"children_user":0.13,"children_system":0.11}},"average_relative_cpu_utilization":0.2441844196,"absolute_cpu_utilization":0.9986370553,"relative_mem_usage":0.1253543325,"absolute_mem_usage":10091118592.0,"absolute_mem_percent_usage":0.0746941111,"mem_info_per_process":{"25706":{"rss":1550516224,"vms":3662532608,"shared":11505664,"text":2322432,"lib":0,"data":2301378560,"dirty":0,"uss":851603456,"pss":1200060416,"swap":0},"25628":{"rss":4550848512,"vms":13828677632,"shared":557469696,"text":2322432,"lib":0,"data":12258766848,"dirty":0,"uss":3844648960,"pss":4194805760,"swap":0}},"nvidia_draw_absolute":51.78,"nvidia_estimated_attributable_power_draw":51.78,"average_gpu_estimated_utilization_absolute":0.33,"per_gpu_average_estimated_utilization_absolute":{"(0, 25628)":{"sm":33,"mem":8,"enc":0,"dec":0}},"average_gpu_estimated_utilization_relative":1.0,"per_gpu_performance_state":{"0":"P2"},"per_gpu_power_draw":{"0":51.78},"cpu_count_adjusted_average_load":[0.1515625,0.14625,0.1425],"cpu_freq":[{"current":1472.437,"min":1200.0,"max":3200.0},{"current":2399.906,"min":1200.0,"max":3200.0},{"current":2399.906,"min":1200.0,"max":3200.0},{"current":2377.125,"min":1200.0,"max":3200.0},{"current":1401.375,"min":1200.0,"max":3200.0},{"current":1201.5,"min":1200.0,"max":3200.0},{"current":1395.75,"min":1200.0,"max":3200.0},{"current":1369.218,"min":1200.0,"max":3200.0},{"current":1200.0,"min":1200.0,"max":3200.0},{"current":1994.718,"min":1200.0,"max":3200.0},{"current":1670.437,"min":1200.0,"max":3200.0},{"current":2784.093,"min":1200.0,"max":3200.0},{"current":1344.187,"min":1200.0,"max":3200.0},{"current":1264.406,"min":1200.0,"max":3200.0},{"current":1278.843,"min":1200.0,"max":3200.0},{"current":1200.093,"min":1200.0,"max":3200.0},{"current":1700.156,"min":1200.0,"max":3200.0},{"current":2035.5,"min":1200.0,"max":3200.0},{"current":2400.093,"min":1200.0,"max":3200.0},{"current":2400.0,"min":1200.0,"max":3200.0},{"current":1218.656,"min":1200.0,"max":3200.0},{"current":1200.468,"min":1200.0,"max":3200.0},{"current":1528.5,"min":1200.0,"max":3200.0},{"current":1395.75,"min":1200.0,"max":3200.0},{"current":1223.718,"min":1200.0,"max":3200.0},{"current":1994.906,"min":1200.0,"max":3200.0},{"current":1501.312,"min":1200.0,"max":3200.0},{"current":3130.031,"min":1200.0,"max":3200.0},{"current":1242.937,"min":1200.0,"max":3200.0},{"current":1295.343,"min":1200.0,"max":3200.0},{"current":1215.375,"min":1200.0,"max":3200.0},{"current":1267.781,"min":1200.0,"max":3200.0}],"realtime_carbon_intensity":404.3374508703,"disk_write_speed":52.51362409,"process_ids":[25706,25628]}
{"timestamp":1573523210.4402680397,"rapl_power_draw_absolute":64.787363571,"rapl_estimated_attributable_power_draw":15.3460449514,"cpu_time_seconds":{"25706":{"user":2.78,"system":2.42,"children_user":0.16,"children_system":2.29},"25628":{"user":133.28,"system":7.41,"children_user":0.13,"children_system":0.11}},"average_relative_cpu_utilization":0.2463117098,"absolute_cpu_utilization":1.0036495891,"relative_mem_usage":0.1253601149,"absolute_mem_usage":10091376640.0,"absolute_mem_percent_usage":0.0746960212,"mem_info_per_process":{"25706":{"rss":1550516224,"vms":3662532608,"shared":11505664,"text":2322432,"lib":0,"data":2301378560,"dirty":0,"uss":851689472,"pss":1200103424,"swap":0},"25628":{"rss":4550848512,"vms":13828677632,"shared":557469696,"text":2322432,"lib":0,"data":12258766848,"dirty":0,"uss":3844734976,"pss":4194848768,"swap":0}},"nvidia_draw_absolute":50.35,"nvidia_estimated_attributable_power_draw":50.35,"average_gpu_estimated_utilization_absolute":0.33,"per_gpu_average_estimated_utilization_absolute":{"(0, 25628)":{"sm":33,"mem":8,"enc":0,"dec":0}},"average_gpu_estimated_utilization_relative":1.0,"per_gpu_performance_state":{"0":"P2"},"per_gpu_power_draw":{"0":50.35},"cpu_count_adjusted_average_load":[0.145,0.145,0.1421875],"cpu_freq":[{"current":2399.906,"min":1200.0,"max":3200.0},{"current":2345.531,"min":1200.0,"max":3200.0},{"current":1809.468,"min":1200.0,"max":3200.0},{"current":1599.937,"min":1200.0,"max":3200.0},{"current":1223.343,"min":1200.0,"max":3200.0},{"current":2291.625,"min":1200.0,"max":3200.0},{"current":1549.593,"min":1200.0,"max":3200.0},{"current":1699.5,"min":1200.0,"max":3200.0},{"current":1653.187,"min":1200.0,"max":3200.0},{"current":1326.093,"min":1200.0,"max":3200.0},{"current":1365.843,"min":1200.0,"max":3200.0},{"current":3199.968,"min":1200.0,"max":3200.0},{"current":1200.281,"min":1200.0,"max":3200.0},{"current":1200.0,"min":1200.0,"max":3200.0},{"current":1248.656,"min":1200.0,"max":3200.0},{"current":1200.093,"min":1200.0,"max":3200.0},{"current":2400.0,"min":1200.0,"max":3200.0},{"current":2400.0,"min":1200.0,"max":3200.0},{"current":2130.468,"min":1200.0,"max":3200.0},{"current":1629.937,"min":1200.0,"max":3200.0},{"current":1450.593,"min":1200.0,"max":3200.0},{"current":1505.437,"min":1200.0,"max":3200.0},{"current":2355.468,"min":1200.0,"max":3200.0},{"current":2399.343,"min":1200.0,"max":3200.0},{"current":1337.718,"min":1200.0,"max":3200.0},{"current":1555.031,"min":1200.0,"max":3200.0},{"current":1368.187,"min":1200.0,"max":3200.0},{"current":3079.031,"min":1200.0,"max":3200.0},{"current":1263.0,"min":1200.0,"max":3200.0},{"current":1200.937,"min":1200.0,"max":3200.0},{"current":1278.843,"min":1200.0,"max":3200.0},{"current":1201.968,"min":1200.0,"max":3200.0}],"realtime_carbon_intensity":404.3374508703,"disk_write_speed":51.2724822736,"process_ids":[25706,25628]}
{"timestamp":1573523218.5003519058,"rapl_power_draw_absolute":66.1898050216,"rapl_estimated_attributable_power_draw":15.1436609145,"cpu_time_seconds":{"25706":{"user":3.02,"system":2.6,"children_user":0.17,"children_system":2.46},"25628":{"user":141.12,"system":7.63,"children_user":0.13,"children_system":0.11}},"average_relative_cpu_utilization":0.238367192,"absolute_cpu_utilization":0.9986710649,"relative_mem_usage":0.1253668776,"absolute_mem_usage":10092224512.0,"absolute_mem_percent_usage":0.0747022971,"mem_info_per_process":{"25706":{"rss":1550516224,"vms":3662532608,"shared":11505664,"text":2322432,"lib":0,"data":2301378560,"dirty":0,"uss":851972096,"pss":1200244736,"swap":0},"25628":{"rss":4550848512,"vms":13828677632,"shared":557469696,"text":2322432,"lib":0,"data":12258766848,"dirty":0,"uss":3845017600,"pss":4194990080,"swap":0}},"nvidia_draw_absolute":49.96,"nvidia_estimated_attributable_power_draw":49.96,"average_gpu_estimated_utilization_absolute":0.33,"per_gpu_average_estimated_utilization_absolute":{"(0, 25628)":{"sm":33.0,"mem":7.5,"enc":0.0,"dec":0.0}},"average_gpu_estimated_utilization_relative":1.0,"per_gpu_performance_state":{"0":"P2"},"per_gpu_power_draw":{"0":49.96},"cpu_count_adjusted_average_load":[0.146875,0.1453125,0.1425],"cpu_freq":[{"current":1899.937,"min":1200.0,"max":3200.0},{"current":1199.906,"min":1200.0,"max":3200.0},{"current":2198.812,"min":1200.0,"max":3200.0},{"current":1657.687,"min":1200.0,"max":3200.0},{"current":1231.781,"min":1200.0,"max":3200.0},{"current":1235.343,"min":1200.0,"max":3200.0},{"current":2226.843,"min":1200.0,"max":3200.0},{"current":2137.5,"min":1200.0,"max":3200.0},{"current":1500.0,"min":1200.0,"max":3200.0},{"current":1304.906,"min":1200.0,"max":3200.0},{"current":1721.718,"min":1200.0,"max":3200.0},{"current":3182.437,"min":1200.0,"max":3200.0},{"current":1219.781,"min":1200.0,"max":3200.0},{"current":1200.093,"min":1200.0,"max":3200.0},{"current":1201.218,"min":1200.0,"max":3200.0},{"current":1200.093,"min":1200.0,"max":3200.0},{"current":1797.375,"min":1200.0,"max":3200.0},{"current":2400.0,"min":1200.0,"max":3200.0},{"current":2400.0,"min":1200.0,"max":3200.0},{"current":2399.906,"min":1200.0,"max":3200.0},{"current":1200.656,"min":1200.0,"max":3200.0},{"current":1505.437,"min":1200.0,"max":3200.0},{"current":2399.906,"min":1200.0,"max":3200.0},{"current":2399.906,"min":1200.0,"max":3200.0},{"current":1366.406,"min":1200.0,"max":3200.0},{"current":1574.531,"min":1200.0,"max":3200.0},{"current":1500.843,"min":1200.0,"max":3200.0},{"current":3174.0,"min":1200.0,"max":3200.0},{"current":1269.281,"min":1200.0,"max":3200.0},{"current":1200.937,"min":1200.0,"max":3200.0},{"current":1582.312,"min":1200.0,"max":3200.0},{"current":1202.718,"min":1200.0,"max":3200.0}],"realtime_carbon_intensity":404.3374508703,"disk_write_speed":44.7895107785,"process_ids":[25706,25628]}
{"timestamp":1573523226.5102739334,"rapl_power_draw_absolute":65.1729160911,"rapl_estimated_attributable_power_draw":14.7483652132,"cpu_time_seconds":{"25706":{"user":3.25,"system":2.78,"children_user":0.17,"children_system":2.65},"25628":{"user":148.91,"system":7.85,"children_user":0.13,"children_system":0.11}},"average_relative_cpu_utilization":0.234727559,"absolute_cpu_utilization":0.9986577733,"relative_mem_usage":0.1253440925,"absolute_mem_usage":10092347392.0,"absolute_mem_percent_usage":0.0747032066,"mem_info_per_process":{"25706":{"rss":1550516224,"vms":3662532608,"shared":11505664,"text":2322432,"lib":0,"data":2301378560,"dirty":0,"uss":852013056,"pss":1200265216,"swap":0},"25628":{"rss":4550852608,"vms":13828677632,"shared":557469696,"text":2322432,"lib":0,"data":12258766848,"dirty":0,"uss":3845058560,"pss":4195010560,"swap":0}},"nvidia_draw_absolute":54.87,"nvidia_estimated_attributable_power_draw":54.87,"average_gpu_estimated_utilization_absolute":0.33,"per_gpu_average_estimated_utilization_absolute":{"(0, 25628)":{"sm":33.0,"mem":7.5,"enc":0.0,"dec":0.0}},"average_gpu_estimated_utilization_relative":1.0,"per_gpu_performance_state":{"0":"P2"},"per_gpu_power_draw":{"0":54.87},"cpu_count_adjusted_average_load":[0.145,0.145,0.1421875],"cpu_freq":[{"current":1795.125,"min":1200.0,"max":3200.0},{"current":1199.906,"min":1200.0,"max":3200.0},{"current":2399.906,"min":1200.0,"max":3200.0},{"current":2400.0,"min":1200.0,"max":3200.0},{"current":1387.406,"min":1200.0,"max":3200.0},{"current":1200.75,"min":1200.0,"max":3200.0},{"current":2098.781,"min":1200.0,"max":3200.0},{"current":2055.0,"min":1200.0,"max":3200.0},{"current":1460.718,"min":1200.0,"max":3200.0},{"current":1515.843,"min":1200.0,"max":3200.0},{"current":1296.562,"min":1200.0,"max":3200.0},{"current":3182.437,"min":1200.0,"max":3200.0},{"current":1247.812,"min":1200.0,"max":3200.0},{"current":1200.187,"min":1200.0,"max":3200.0},{"current":1200.093,"min":1200.0,"max":3200.0},{"current":1200.0,"min":1200.0,"max":3200.0},{"current":1499.437,"min":1200.0,"max":3200.0},{"current":1515.468,"min":1200.0,"max":3200.0},{"current":1424.531,"min":1200.0,"max":3200.0},{"current":1989.093,"min":1200.0,"max":3200.0},{"current":1239.656,"min":1200.0,"max":3200.0},{"current":1257.375,"min":1200.0,"max":3200.0},{"current":1399.406,"min":1200.0,"max":3200.0},{"current":2400.0,"min":1200.0,"max":3200.0},{"current":1601.531,"min":1200.0,"max":3200.0},{"current":1200.468,"min":1200.0,"max":3200.0},{"current":1401.0,"min":1200.0,"max":3200.0},{"current":3125.062,"min":1200.0,"max":3200.0},{"current":1310.906,"min":1200.0,"max":3200.0},{"current":1201.406,"min":1200.0,"max":3200.0},{"current":1200.468,"min":1200.0,"max":3200.0},{"current":1203.843,"min":1200.0,"max":3200.0}],"realtime_carbon_intensity":404.3374508703,"disk_write_speed":40.9636730566,"process_ids":[25706,25628]}
{"timestamp":1573523234.5595390797,"rapl_power_draw_absolute":65.0091516545,"rapl_estimated_attributable_power_draw":14.7871438763,"cpu_time_seconds":{"25706":{"user":3.45,"system":2.94,"children_user":0.19,"children_system":2.82},"25628":{"user":156.72,"system":8.09,"children_user":0.13,"children_system":0.11}},"average_relative_cpu_utilization":0.2361106905,"absolute_cpu_utilization":0.9986230717,"relative_mem_usage":0.1253315354,"absolute_mem_usage":10092445696.0,"absolute_mem_percent_usage":0.0747039343,"mem_info_per_process":{"25706":{"rss":1550516224,"vms":3662532608,"shared":11505664,"text":2322432,"lib":0,"data":2301378560,"dirty":0,"uss":852045824,"pss":1200281600,"swap":0},"25628":{"rss":4550852608,"vms":13828677632,"shared":557469696,"text":2322432,"lib":0,"data":12258766848,"dirty":0,"uss":3845091328,"pss":4195026944,"swap":0}},"nvidia_draw_absolute":51.67,"nvidia_estimated_attributable_power_draw":51.67,"average_gpu_estimated_utilization_absolute":0.33,"per_gpu_average_estimated_utilization_absolute":{"(0, 25628)":{"sm":33.0,"mem":7.5,"enc":0.0,"dec":0.0}},"average_gpu_estimated_utilization_relative":1.0,"per_gpu_performance_state":{"0":"P2"},"per_gpu_power_draw":{"0":51.67},"cpu_count_adjusted_average_load":[0.1446875,0.1446875,0.1421875],"cpu_freq":[{"current":1396.968,"min":1200.0,"max":3200.0},{"current":2399.906,"min":1200.0,"max":3200.0},{"current":2399.906,"min":1200.0,"max":3200.0},{"current":1566.375,"min":1200.0,"max":3200.0},{"current":1257.656,"min":1200.0,"max":3200.0},{"current":1253.25,"min":1200.0,"max":3200.0},{"current":1423.5,"min":1200.0,"max":3200.0},{"current":2399.906,"min":1200.0,"max":3200.0},{"current":1299.937,"min":1200.0,"max":3200.0},{"current":1692.0,"min":1200.0,"max":3200.0},{"current":1446.75,"min":1200.0,"max":3200.0},{"current":3177.187,"min":1200.0,"max":3200.0},{"current":1200.187,"min":1200.0,"max":3200.0},{"current":1317.937,"min":1200.0,"max":3200.0},{"current":1270.5,"min":1200.0,"max":3200.0},{"current":1200.093,"min":1200.0,"max":3200.0},{"current":2396.437,"min":1200.0,"max":3200.0},{"current":2400.0,"min":1200.0,"max":3200.0},{"current":2391.75,"min":1200.0,"max":3200.0},{"current":1573.968,"min":1200.0,"max":3200.0},{"current":1399.968,"min":1200.0,"max":3200.0},{"current":1316.343,"min":1200.0,"max":3200.0},{"current":1200.093,"min":1200.0,"max":3200.0},{"current":1494.75,"min":1200.0,"max":3200.0},{"current":1262.906,"min":1200.0,"max":3200.0},{"current":1699.968,"min":1200.0,"max":3200.0},{"current":1343.812,"min":1200.0,"max":3200.0},{"current":3168.0,"min":1200.0,"max":3200.0},{"current":1200.281,"min":1200.0,"max":3200.0},{"current":1219.406,"min":1200.0,"max":3200.0},{"current":1312.968,"min":1200.0,"max":3200.0},{"current":1209.562,"min":1200.0,"max":3200.0}],"realtime_carbon_intensity":404.3374508703,"disk_write_speed":33.1342892128,"process_ids":[25706,25628]}
{"timestamp":1573523242.5670909882,"rapl_power_draw_absolute":65.0552342961,"rapl_estimated_attributable_power_draw":15.1307038888,"cpu_time_seconds":{"25706":{"user":3.6,"system":3.11,"children_user":0.22,"children_system":2.98},"25628":{"user":164.45,"system":8.38,"children_user":0.13,"children_system":0.11}},"average_relative_cpu_utilization":0.2415694066,"absolute_cpu_utilization":1.0036143912,"relative_mem_usage":0.1253209671,"absolute_mem_usage":10092623872.0,"absolute_mem_percent_usage":0.0747052531,"mem_info_per_process":{"25706":{"rss":1550516224,"vms":3662532608,"shared":11505664,"text":2322432,"lib":0,"data":2301378560,"dirty":0,"uss":852103168,"pss":1200310272,"swap":0},"25628":{"rss":4550852608,"vms":13828677632,"shared":557469696,"text":2322432,"lib":0,"data":12258766848,"dirty":0,"uss":3845152768,"pss":4195057664,"swap":0}},"nvidia_draw_absolute":51.58,"nvidia_estimated_attributable_power_draw":51.58,"average_gpu_estimated_utilization_absolute":0.33,"per_gpu_average_estimated_utilization_absolute":{"(0, 25628)":{"sm":33.0,"mem":7.5,"enc":0.0,"dec":0.0}},"average_gpu_estimated_utilization_relative":1.0,"per_gpu_performance_state":{"0":"P2"},"per_gpu_power_draw":{"0":51.58},"cpu_count_adjusted_average_load":[0.140625,0.1440625,0.141875],"cpu_freq":[{"current":2720.625,"min":1200.0,"max":3200.0},{"current":1574.25,"min":1200.0,"max":3200.0},{"current":2400.0,"min":1200.0,"max":3200.0},{"current":1199.906,"min":1200.0,"max":3200.0},{"current":1239.093,"min":1200.0,"max":3200.0},{"current":1200.0,"min":1200.0,"max":3200.0},{"current":1401.937,"min":1200.0,"max":3200.0},{"current":1394.531,"min":1200.0,"max":3200.0},{"current":1395.656,"min":1200.0,"max":3200.0},{"current":1378.875,"min":1200.0,"max":3200.0},{"current":1298.062,"min":1200.0,"max":3200.0},{"current":3177.187,"min":1200.0,"max":3200.0},{"current":1230.375,"min":1200.0,"max":3200.0},{"current":1249.875,"min":1200.0,"max":3200.0},{"current":1269.093,"min":1200.0,"max":3200.0},{"current":1200.093,"min":1200.0,"max":3200.0},{"current":2763.281,"min":1200.0,"max":3200.0},{"current":1695.75,"min":1200.0,"max":3200.0},{"current":2399.906,"min":1200.0,"max":3200.0},{"current":1271.25,"min":1200.0,"max":3200.0},{"current":1234.312,"min":1200.0,"max":3200.0},{"current":1267.781,"min":1200.0,"max":3200.0},{"current":1206.375,"min":1200.0,"max":3200.0},{"current":1896.375,"min":1200.0,"max":3200.0},{"current":1401.0,"min":1200.0,"max":3200.0},{"current":1522.406,"min":1200.0,"max":3200.0},{"current":1227.75,"min":1200.0,"max":3200.0},{"current":3126.562,"min":1200.0,"max":3200.0},{"current":1248.187,"min":1200.0,"max":3200.0},{"current":1205.062,"min":1200.0,"max":3200.0},{"current":1328.625,"min":1200.0,"max":3200.0},{"current":1210.687,"min":1200.0,"max":3200.0}],"realtime_carbon_intensity":404.3374508703,"disk_write_speed":31.1658790311,"process_ids":[25706,25628]}
{"timestamp":1573523250.5977799892,"rapl_power_draw_absolute":65.3974138907,"rapl_estimated_attributable_power_draw":14.981612894,"cpu_time_seconds":{"25706":{"user":3.8,"system":3.3,"children_user":0.23,"children_system":3.16},"25628":{"user":172.21,"system":8.65,"children_user":0.13,"children_system":0.11}},"average_relative_cpu_utilization":0.237790955,"absolute_cpu_utilization":0.9985981519,"relative_mem_usage":0.1253106702,"absolute_mem_usage":10092752896.0,"absolute_mem_percent_usage":0.0747062082,"mem_info_per_process":{"25706":{"rss":1550516224,"vms":3662532608,"shared":11505664,"text":2322432,"lib":0,"data":2301378560,"dirty":0,"uss":852148224,"pss":1200332800,"swap":0},"25628":{"rss":4550852608,"vms":13828677632,"shared":557469696,"text":2322432,"lib":0,"data":12258766848,"dirty":0,"uss":3845193728,"pss":4195078144,"swap":0}},"nvidia_draw_absolute":49.57,"nvidia_estimated_attributable_power_draw":49.57,"average_gpu_estimated_utilization_absolute":0.3333333333,"per_gpu_average_estimated_utilization_absolute":{"(0, 25628)":{"sm":33.3333333333,"mem":7.3333333333,"enc":0.0,"dec":0.0}},"average_gpu_estimated_utilization_relative":1.0,"per_gpu_performance_state":{"0":"P2"},"per_gpu_power_draw":{"0":49.57},"cpu_count_adjusted_average_load":[0.1334375,0.1421875,0.1415625],"cpu_freq":[{"current":1770.375,"min":1200.0,"max":3200.0},{"current":2397.187,"min":1200.0,"max":3200.0},{"current":1300.125,"min":1200.0,"max":3200.0},{"current":2297.625,"min":1200.0,"max":3200.0},{"current":1293.281,"min":1200.0,"max":3200.0},{"current":1263.656,"min":1200.0,"max":3200.0},{"current":2399.906,"min":1200.0,"max":3200.0},{"current":2355.187,"min":1200.0,"max":3200.0},{"current":1614.375,"min":1200.0,"max":3200.0},{"current":1200.093,"min":1200.0,"max":3200.0},{"current":1295.718,"min":1200.0,"max":3200.0},{"current":3197.812,"min":1200.0,"max":3200.0},{"current":1200.187,"min":1200.0,"max":3200.0},{"current":1216.125,"min":1200.0,"max":3200.0},{"current":1231.125,"min":1200.0,"max":3200.0},{"current":1200.187,"min":1200.0,"max":3200.0},{"current":2295.75,"min":1200.0,"max":3200.0},{"current":2399.906,"min":1200.0,"max":3200.0},{"current":1497.562,"min":1200.0,"max":3200.0},{"current":1747.125,"min":1200.0,"max":3200.0},{"current":1218.093,"min":1200.0,"max":3200.0},{"current":1225.875,"min":1200.0,"max":3200.0},{"current":2399.906,"min":1200.0,"max":3200.0},{"current":2217.281,"min":1200.0,"max":3200.0},{"current":1569.281,"min":1200.0,"max":3200.0},{"current":1697.156,"min":1200.0,"max":3200.0},{"current":1293.0,"min":1200.0,"max":3200.0},{"current":3176.531,"min":1200.0,"max":3200.0},{"current":1243.968,"min":1200.0,"max":3200.0},{"current":1202.156,"min":1200.0,"max":3200.0},{"current":1439.25,"min":1200.0,"max":3200.0},{"current":1210.687,"min":1200.0,"max":3200.0}],"realtime_carbon_intensity":403.1433772053,"disk_write_speed":46.8479413829,"process_ids":[25706,25628]}
