{"timestamp":1572412059.1295599937,"rapl_power_draw_absolute":75.7041933155,"rapl_estimated_attributable_power_draw":30.8411799829,"cpu_time_seconds":{"8705":{"user":10.32,"system":3.63,"children_user":0.07,"children_system":0.2},"8893":{"user":0.0,"system":0.04,"children_user":0.0,"children_system":0.04}},"average_relative_cpu_utilization":0.4331510153,"absolute_cpu_utilization":1.0037416055,"relative_mem_usage":0.2205955456,"absolute_mem_usage":3933390848.0,"absolute_mem_percent_usage":0.0291148796,"mem_info_per_process":{"8705":{"rss":3652096000,"vms":12015992832,"shared":564609024,"text":2322432,"lib":0,"data":10288189440,"dirty":0,"uss":303718400,"pss":1974923264,"swap":0},"8893":{"rss":3261435904,"vms":12015992832,"shared":173793280,"text":2322432,"lib":0,"data":10288189440,"dirty":0,"uss":17481728,"pss":1637267456,"swap":0}},"nvidia_draw_absolute":161.73,"nvidia_estimated_attributable_power_draw":161.73,"average_gpu_estimated_utilization_absolute":0.99,"per_gpu_average_estimated_utilization_absolute":{"(0, 8705)":{"sm":99,"mem":71,"enc":0,"dec":0}},"average_gpu_estimated_utilization_relative":1.0,"per_gpu_performance_state":{"0":"P2"},"per_gpu_power_draw":{"0":161.73},"cpu_count_adjusted_average_load":[0.1453125,0.155625,0.156875],"realtime_carbon_intensity":336.704610597,"disk_write_speed":25.1553825812,"process_ids":[8705,8893]}
{"timestamp":1572412067.379046917,"rapl_power_draw_absolute":77.3411797228,"rapl_estimated_attributable_power_draw":26.7933664032,"cpu_time_seconds":{"8705":{"user":17.03,"system":5.17,"children_user":0.07,"children_system":0.2},"8893":{"user":0.1,"system":0.32,"children_user":0.0,"children_system":0.24}},"average_relative_cpu_utilization":0.3636261748,"absolute_cpu_utilization":0.9988076894,"relative_mem_usage":0.2212419666,"absolute_mem_usage":3964675072.0,"absolute_mem_percent_usage":0.0293464448,"mem_info_per_process":{"8705":{"rss":3652096000,"vms":12015992832,"shared":564609024,"text":2322432,"lib":0,"data":10288189440,"dirty":0,"uss":313380864,"pss":1978582016,"swap":0},"8893":{"rss":3268063232,"vms":12015992832,"shared":180408320,"text":2322432,"lib":0,"data":10288189440,"dirty":0,"uss":27893760,"pss":1644818432,"swap":0}},"nvidia_draw_absolute":158.8,"nvidia_estimated_attributable_power_draw":158.8,"average_gpu_estimated_utilization_absolute":0.99,"per_gpu_average_estimated_utilization_absolute":{"(0, 8705)":{"sm":99.0,"mem":70.5,"enc":0.0,"dec":0.0}},"average_gpu_estimated_utilization_relative":1.0,"per_gpu_performance_state":{"0":"P2"},"per_gpu_power_draw":{"0":158.8},"cpu_count_adjusted_average_load":[0.1459375,0.155625,0.156875],"realtime_carbon_intensity":336.704610597,"disk_write_speed":42.6151388512,"process_ids":[8705,8893]}
{"timestamp":1572412075.9724490643,"rapl_power_draw_absolute":86.2221629543,"rapl_estimated_attributable_power_draw":20.8814514042,"cpu_time_seconds":{"8705":{"user":24.0,"system":6.8,"children_user":0.07,"children_system":0.2},"8893":{"user":0.24,"system":0.6,"children_user":0.01,"children_system":0.45}},"average_relative_cpu_utilization":0.2490597447,"absolute_cpu_utilization":1.0037908199,"relative_mem_usage":0.1864253299,"absolute_mem_usage":3749529600.0,"absolute_mem_percent_usage":0.0277539424,"mem_info_per_process":{"8705":{"rss":3652096000,"vms":12015992832,"shared":564609024,"text":2322432,"lib":0,"data":10288189440,"dirty":0,"uss":181727232,"pss":1895928832,"swap":0},"8893":{"rss":3268128768,"vms":12015992832,"shared":180473856,"text":2322432,"lib":0,"data":10288189440,"dirty":0,"uss":28000256,"pss":1643873280,"swap":0}},"nvidia_draw_absolute":164.32,"nvidia_estimated_attributable_power_draw":164.32,"average_gpu_estimated_utilization_absolute":0.985,"per_gpu_average_estimated_utilization_absolute":{"(0, 8705)":{"sm":98.5,"mem":70.5,"enc":0.0,"dec":0.0}},"average_gpu_estimated_utilization_relative":1.0,"per_gpu_performance_state":{"0":"P2"},"per_gpu_power_draw":{"0":164.32},"cpu_count_adjusted_average_load":[0.1528125,0.1565625,0.1571875],"realtime_carbon_intensity":336.704610597,"disk_write_speed":35.8675329772,"process_ids":[8705,8893]}
{"timestamp":1572412085.9584980011,"rapl_power_draw_absolute":85.4950590248,"rapl_estimated_attributable_power_draw":20.9612242342,"cpu_time_seconds":{"8705":{"user":32.21,"system":8.57,"children_user":0.07,"children_system":0.2},"8893":{"user":0.35,"system":0.89,"children_user":0.02,"children_system":0.64}},"average_relative_cpu_utilization":0.2544384857,"absolute_cpu_utilization":0.9987496907,"relative_mem_usage":0.1689347275,"absolute_mem_usage":3581242368.0,"absolute_mem_percent_usage":0.0265082837,"mem_info_per_process":{"8705":{"rss":3652096000,"vms":12015992832,"shared":564609024,"text":2322432,"lib":0,"data":10288189440,"dirty":0,"uss":70176768,"pss":1839660032,"swap":0},"8893":{"rss":3268128768,"vms":12015992832,"shared":180473856,"text":2322432,"lib":0,"data":10288189440,"dirty":0,"uss":28004352,"pss":1643401216,"swap":0}},"nvidia_draw_absolute":166.27,"nvidia_estimated_attributable_power_draw":166.27,"average_gpu_estimated_utilization_absolute":0.985,"per_gpu_average_estimated_utilization_absolute":{"(0, 8705)":{"sm":98.5,"mem":70.5,"enc":0.0,"dec":0.0}},"average_gpu_estimated_utilization_relative":1.0,"per_gpu_performance_state":{"0":"P2"},"per_gpu_power_draw":{"0":166.27},"cpu_count_adjusted_average_load":[0.16625,0.159375,0.1578125],"realtime_carbon_intensity":336.704610597,"disk_write_speed":32.8377651601,"process_ids":[8705,8893]}
{"timestamp":1572412095.7606248856,"rapl_power_draw_absolute":87.9598035459,"rapl_estimated_attributable_power_draw":19.8378148271,"cpu_time_seconds":{"8705":{"user":40.22,"system":10.37,"children_user":0.07,"children_system":0.2},"8893":{"user":0.46,"system":1.18,"children_user":0.03,"children_system":0.84}},"average_relative_cpu_utilization":0.2345338691,"absolute_cpu_utilization":1.0037890664,"relative_mem_usage":0.1557651564,"absolute_mem_usage":3554909184.0,"absolute_mem_percent_usage":0.026313366,"mem_info_per_process":{"8705":{"rss":3652096000,"vms":12015992832,"shared":564609024,"text":2322432,"lib":0,"data":10288189440,"dirty":0,"uss":70070272,"pss":1814931456,"swap":0},"8893":{"rss":3268128768,"vms":12015992832,"shared":180473856,"text":2322432,"lib":0,"data":10288189440,"dirty":0,"uss":27152384,"pss":1642755072,"swap":0}},"nvidia_draw_absolute":164.89,"nvidia_estimated_attributable_power_draw":164.89,"average_gpu_estimated_utilization_absolute":0.99,"per_gpu_average_estimated_utilization_absolute":{"(0, 8705)":{"sm":99.0,"mem":70.5,"enc":0.0,"dec":0.0}},"average_gpu_estimated_utilization_relative":1.0,"per_gpu_performance_state":{"0":"P2"},"per_gpu_power_draw":{"0":164.89},"cpu_count_adjusted_average_load":[0.1853125,0.16375,0.159375],"realtime_carbon_intensity":336.704610597,"disk_write_speed":45.2002246916,"process_ids":[8705,8893]}
{"timestamp":1572412103.9209690094,"rapl_power_draw_absolute":89.5350100991,"rapl_estimated_attributable_power_draw":19.0364213896,"cpu_time_seconds":{"8705":{"user":46.7,"system":12.04,"children_user":0.07,"children_system":0.2},"8893":{"user":0.61,"system":1.46,"children_user":0.04,"children_system":1.06}},"average_relative_cpu_utilization":0.2202573031,"absolute_cpu_utilization":0.9987676021,"relative_mem_usage":0.1477752731,"absolute_mem_usage":3537693696.0,"absolute_mem_percent_usage":0.0261859373,"mem_info_per_process":{"8705":{"rss":3652096000,"vms":12015992832,"shared":564609024,"text":2322432,"lib":0,"data":10288189440,"dirty":0,"uss":70004736,"pss":1798082560,"swap":0},"8893":{"rss":3268128768,"vms":12015992832,"shared":180473856,"text":2322432,"lib":0,"data":10288189440,"dirty":0,"uss":27156480,"pss":1642449920,"swap":0}},"nvidia_draw_absolute":166.17,"nvidia_estimated_attributable_power_draw":166.17,"average_gpu_estimated_utilization_absolute":0.98,"per_gpu_average_estimated_utilization_absolute":{"(0, 8705)":{"sm":98,"mem":70,"enc":0,"dec":0}},"average_gpu_estimated_utilization_relative":1.0,"per_gpu_performance_state":{"0":"P2"},"per_gpu_power_draw":{"0":166.17},"cpu_count_adjusted_average_load":[0.1834375,0.1640625,0.159375],"realtime_carbon_intensity":336.704610597,"disk_write_speed":23.7766494776,"process_ids":[8705,8893]}
{"timestamp":1572412112.0588550568,"rapl_power_draw_absolute":89.3062167032,"rapl_estimated_attributable_power_draw":19.2161157987,"cpu_time_seconds":{"8705":{"user":53.34,"system":13.55,"children_user":0.07,"children_system":0.2},"8893":{"user":0.71,"system":1.73,"children_user":0.04,"children_system":1.28}},"average_relative_cpu_utilization":0.2230724721,"absolute_cpu_utilization":1.0037582469,"relative_mem_usage":0.1476950446,"absolute_mem_usage":3537293312.0,"absolute_mem_percent_usage":0.0261829737,"mem_info_per_process":{"8705":{"rss":3652096000,"vms":12015992832,"shared":564609024,"text":2322432,"lib":0,"data":10288189440,"dirty":0,"uss":70008832,"pss":1797953536,"swap":0},"8893":{"rss":3268128768,"vms":12015992832,"shared":180473856,"text":2322432,"lib":0,"data":10288189440,"dirty":0,"uss":27160576,"pss":1642170368,"swap":0}},"nvidia_draw_absolute":167.59,"nvidia_estimated_attributable_power_draw":167.59,"average_gpu_estimated_utilization_absolute":0.985,"per_gpu_average_estimated_utilization_absolute":{"(0, 8705)":{"sm":98.5,"mem":70.5,"enc":0.0,"dec":0.0}},"average_gpu_estimated_utilization_relative":1.0,"per_gpu_performance_state":{"0":"P2"},"per_gpu_power_draw":{"0":167.59},"cpu_count_adjusted_average_load":[0.18125,0.16375,0.159375],"realtime_carbon_intensity":336.704610597,"disk_write_speed":21.2695646081,"process_ids":[8705,8893]}
{"timestamp":1572412120.2180700302,"rapl_power_draw_absolute":89.0968161773,"rapl_estimated_attributable_power_draw":19.4389984202,"cpu_time_seconds":{"8705":{"user":59.96,"system":15.08,"children_user":0.07,"children_system":0.2},"8893":{"user":0.81,"system":1.99,"children_user":0.05,"children_system":1.48}},"average_relative_cpu_utilization":0.2264924582,"absolute_cpu_utilization":0.9996445995,"relative_mem_usage":0.1477170876,"absolute_mem_usage":3537301504.0,"absolute_mem_percent_usage":0.0261830343,"mem_info_per_process":{"8705":{"rss":3652096000,"vms":12015992832,"shared":564609024,"text":2322432,"lib":0,"data":10288189440,"dirty":0,"uss":70012928,"pss":1797952512,"swap":0},"8893":{"rss":3268128768,"vms":12015992832,"shared":180473856,"text":2322432,"lib":0,"data":10288189440,"dirty":0,"uss":27164672,"pss":1642171392,"swap":0}},"nvidia_draw_absolute":166.63,"nvidia_estimated_attributable_power_draw":166.63,"average_gpu_estimated_utilization_absolute":0.99,"per_gpu_average_estimated_utilization_absolute":{"(0, 8705)":{"sm":99,"mem":70,"enc":0,"dec":0}},"average_gpu_estimated_utilization_relative":1.0,"per_gpu_performance_state":{"0":"P2"},"per_gpu_power_draw":{"0":166.63},"cpu_count_adjusted_average_load":[0.1825,0.1646875,0.1596875],"realtime_carbon_intensity":336.704610597,"disk_write_speed":32.1032011277,"process_ids":[8705,8893]}
{"timestamp":1572412128.3796510696,"rapl_power_draw_absolute":88.9962796639,"rapl_estimated_attributable_power_draw":19.5278456996,"cpu_time_seconds":{"8705":{"user":66.7,"system":16.51,"children_user":0.07,"children_system":0.2},"8893":{"user":0.93,"system":2.27,"children_user":0.06,"children_system":1.69}},"average_relative_cpu_utilization":0.2277795041,"absolute_cpu_utilization":0.9987717864,"relative_mem_usage":0.1477061052,"absolute_mem_usage":3537313792.0,"absolute_mem_percent_usage":0.0261831253,"mem_info_per_process":{"8705":{"rss":3652096000,"vms":12015992832,"shared":564609024,"text":2322432,"lib":0,"data":10288189440,"dirty":0,"uss":70017024,"pss":1797954560,"swap":0},"8893":{"rss":3268128768,"vms":12015992832,"shared":180473856,"text":2322432,"lib":0,"data":10288189440,"dirty":0,"uss":27168768,"pss":1642173440,"swap":0}},"nvidia_draw_absolute":167.27,"nvidia_estimated_attributable_power_draw":167.27,"average_gpu_estimated_utilization_absolute":0.99,"per_gpu_average_estimated_utilization_absolute":{"(0, 8705)":{"sm":99.0,"mem":70.5,"enc":0.0,"dec":0.0}},"average_gpu_estimated_utilization_relative":1.0,"per_gpu_performance_state":{"0":"P2"},"per_gpu_power_draw":{"0":167.27},"cpu_count_adjusted_average_load":[0.1809375,0.165,0.16],"realtime_carbon_intensity":336.704610597,"disk_write_speed":31.4268941217,"process_ids":[8705,8893]}
{"timestamp":1572412136.5281119347,"rapl_power_draw_absolute":89.091915483,"rapl_estimated_attributable_power_draw":19.5092785901,"cpu_time_seconds":{"8705":{"user":73.26,"system":18.1,"children_user":0.07,"children_system":0.2},"8893":{"user":1.04,"system":2.57,"children_user":0.08,"children_system":1.9}},"average_relative_cpu_utilization":0.2272632537,"absolute_cpu_utilization":0.9987817421,"relative_mem_usage":0.1477022732,"absolute_mem_usage":3537326080.0,"absolute_mem_percent_usage":0.0261832162,"mem_info_per_process":{"8705":{"rss":3652096000,"vms":12015992832,"shared":564609024,"text":2322432,"lib":0,"data":10288189440,"dirty":0,"uss":70021120,"pss":1797956608,"swap":0},"8893":{"rss":3268128768,"vms":12015992832,"shared":180473856,"text":2322432,"lib":0,"data":10288189440,"dirty":0,"uss":27172864,"pss":1642175488,"swap":0}},"nvidia_draw_absolute":167.53,"nvidia_estimated_attributable_power_draw":167.53,"average_gpu_estimated_utilization_absolute":0.99,"per_gpu_average_estimated_utilization_absolute":{"(0, 8705)":{"sm":99.0,"mem":70.5,"enc":0.0,"dec":0.0}},"average_gpu_estimated_utilization_relative":1.0,"per_gpu_performance_state":{"0":"P2"},"per_gpu_power_draw":{"0":167.53},"cpu_count_adjusted_average_load":[0.1815625,0.1653125,0.16],"realtime_carbon_intensity":336.704610597,"disk_write_speed":29.456916062,"process_ids":[8705,8893]}
{"timestamp":1572412144.698182106,"rapl_power_draw_absolute":89.1897111885,"rapl_estimated_attributable_power_draw":19.4030177153,"cpu_time_seconds":{"8705":{"user":79.92,"system":19.61,"children_user":0.07,"children_system":0.2},"8893":{"user":1.15,"system":2.86,"children_user":0.08,"children_system":2.11}},"average_relative_cpu_utilization":0.2257228404,"absolute_cpu_utilization":0.9987657217,"relative_mem_usage":0.147696749,"absolute_mem_usage":3537338368.0,"absolute_mem_percent_usage":0.0261833072,"mem_info_per_process":{"8705":{"rss":3652096000,"vms":12015992832,"shared":564609024,"text":2322432,"lib":0,"data":10288189440,"dirty":0,"uss":70025216,"pss":1797958656,"swap":0},"8893":{"rss":3268128768,"vms":12015992832,"shared":180473856,"text":2322432,"lib":0,"data":10288189440,"dirty":0,"uss":27176960,"pss":1642177536,"swap":0}},"nvidia_draw_absolute":170.15,"nvidia_estimated_attributable_power_draw":170.15,"average_gpu_estimated_utilization_absolute":0.99,"per_gpu_average_estimated_utilization_absolute":{"(0, 8705)":{"sm":99.0,"mem":70.5,"enc":0.0,"dec":0.0}},"average_gpu_estimated_utilization_relative":1.0,"per_gpu_performance_state":{"0":"P2"},"per_gpu_power_draw":{"0":170.15},"cpu_count_adjusted_average_load":[0.1871875,0.1671875,0.160625],"realtime_carbon_intensity":336.704610597,"disk_write_speed":34.8034424754,"process_ids":[8705,8893]}
{"timestamp":1572412152.8768908978,"rapl_power_draw_absolute":89.1117723435,"rapl_estimated_attributable_power_draw":19.3689854923,"cpu_time_seconds":{"8705":{"user":86.68,"system":21.03,"children_user":0.07,"children_system":0.2},"8893":{"user":1.27,"system":3.17,"children_user":0.1,"children_system":2.3}},"average_relative_cpu_utilization":0.2254669885,"absolute_cpu_utilization":0.9987785945,"relative_mem_usage":0.1476987446,"absolute_mem_usage":3537338368.0,"absolute_mem_percent_usage":0.0261833072,"mem_info_per_process":{"8705":{"rss":3652096000,"vms":12015992832,"shared":564609024,"text":2322432,"lib":0,"data":10288189440,"dirty":0,"uss":70025216,"pss":1797958656,"swap":0},"8893":{"rss":3268128768,"vms":12015992832,"shared":180473856,"text":2322432,"lib":0,"data":10288189440,"dirty":0,"uss":27176960,"pss":1642177536,"swap":0}},"nvidia_draw_absolute":168.96,"nvidia_estimated_attributable_power_draw":168.96,"average_gpu_estimated_utilization_absolute":0.9866666667,"per_gpu_average_estimated_utilization_absolute":{"(0, 8705)":{"sm":98.6666666667,"mem":70.3333333333,"enc":0.0,"dec":0.0}},"average_gpu_estimated_utilization_relative":1.0,"per_gpu_performance_state":{"0":"P2"},"per_gpu_power_draw":{"0":168.96},"cpu_count_adjusted_average_load":[0.1921875,0.1684375,0.16125],"realtime_carbon_intensity":336.704610597,"disk_write_speed":25.9540978675,"process_ids":[8705,8893]}
{"timestamp":1572412161.0229620934,"rapl_power_draw_absolute":89.3661375677,"rapl_estimated_attributable_power_draw":19.4069059932,"cpu_time_seconds":{"8705":{"user":93.32,"system":22.54,"children_user":0.07,"children_system":0.2},"8893":{"user":1.36,"system":3.48,"children_user":0.12,"children_system":2.5}},"average_relative_cpu_utilization":0.2252064319,"absolute_cpu_utilization":0.998738437,"relative_mem_usage":0.1477056624,"absolute_mem_usage":3537358848.0,"absolute_mem_percent_usage":0.0261834588,"mem_info_per_process":{"8705":{"rss":3652096000,"vms":12015992832,"shared":564609024,"text":2322432,"lib":0,"data":10288189440,"dirty":0,"uss":70029312,"pss":1797960704,"swap":0},"8893":{"rss":3268132864,"vms":12015992832,"shared":180473856,"text":2322432,"lib":0,"data":10288189440,"dirty":0,"uss":27185152,"pss":1642183680,"swap":0}},"nvidia_draw_absolute":167.97,"nvidia_estimated_attributable_power_draw":167.97,"average_gpu_estimated_utilization_absolute":0.99,"per_gpu_average_estimated_utilization_absolute":{"(0, 8705)":{"sm":99.0,"mem":70.5,"enc":0.0,"dec":0.0}},"average_gpu_estimated_utilization_relative":1.0,"per_gpu_performance_state":{"0":"P2"},"per_gpu_power_draw":{"0":167.97},"cpu_count_adjusted_average_load":[0.19125,0.1690625,0.1615625],"realtime_carbon_intensity":336.704610597,"disk_write_speed":41.8027618748,"process_ids":[8705,8893]}
{"timestamp":1572412169.1804199219,"rapl_power_draw_absolute":89.5576786148,"rapl_estimated_attributable_power_draw":19.2375605356,"cpu_time_seconds":{"8705":{"user":99.98,"system":24.03,"children_user":0.07,"children_system":0.2},"8893":{"user":1.52,"system":3.78,"children_user":0.12,"children_system":2.72}},"average_relative_cpu_utilization":0.2225871323,"absolute_cpu_utilization":0.9937913184,"relative_mem_usage":0.1477040613,"absolute_mem_usage":3537383424.0,"absolute_mem_percent_usage":0.0261836407,"mem_info_per_process":{"8705":{"rss":3652096000,"vms":12015992832,"shared":564609024,"text":2322432,"lib":0,"data":10288189440,"dirty":0,"uss":70037504,"pss":1797964800,"swap":0},"8893":{"rss":3268132864,"vms":12015992832,"shared":180473856,"text":2322432,"lib":0,"data":10288189440,"dirty":0,"uss":27193344,"pss":1642187776,"swap":0}},"nvidia_draw_absolute":168.59,"nvidia_estimated_attributable_power_draw":168.59,"average_gpu_estimated_utilization_absolute":0.99,"per_gpu_average_estimated_utilization_absolute":{"(0, 8705)":{"sm":99,"mem":70,"enc":0,"dec":0}},"average_gpu_estimated_utilization_relative":1.0,"per_gpu_performance_state":{"0":"P2"},"per_gpu_power_draw":{"0":168.59},"cpu_count_adjusted_average_load":[0.1859375,0.16875,0.16125],"realtime_carbon_intensity":336.704610597,"disk_write_speed":35.9274920113,"process_ids":[8705,8893]}
