{"timestamp":1572411011.8654170036,"rapl_power_draw_absolute":78.1493471981,"rapl_estimated_attributable_power_draw":17.7651808247,"cpu_time_seconds":{"20657":{"user":0.01,"system":0.06,"children_user":0.0,"children_system":0.05},"20571":{"user":10.21,"system":2.41,"children_user":0.12,"children_system":0.25}},"average_relative_cpu_utilization":0.2270047473,"absolute_cpu_utilization":0.9985950426,"relative_mem_usage":0.2305731459,"absolute_mem_usage":3703273472.0,"absolute_mem_percent_usage":0.0274115023,"mem_info_per_process":{"20657":{"rss":3262853120,"vms":11438239744,"shared":173797376,"text":2322432,"lib":0,"data":9683845120,"dirty":0,"uss":86560768,"pss":1671259136,"swap":0},"20571":{"rss":3662180352,"vms":11438239744,"shared":573280256,"text":2322432,"lib":0,"data":9683845120,"dirty":0,"uss":119222272,"pss":1826231296,"swap":0}},"nvidia_draw_absolute":44.02,"nvidia_estimated_attributable_power_draw":44.02,"average_gpu_estimated_utilization_absolute":0.14,"per_gpu_average_estimated_utilization_absolute":{"(0, 20571)":{"sm":14,"mem":0,"enc":0,"dec":0}},"average_gpu_estimated_utilization_relative":1.0,"per_gpu_performance_state":{"0":"P2"},"per_gpu_power_draw":{"0":44.02},"cpu_count_adjusted_average_load":[0.15,0.163125,0.16125],"realtime_carbon_intensity":339.8608709639,"disk_write_speed":21.4213778606,"process_ids":[20657,20571]}
{"timestamp":1572411020.3003621101,"rapl_power_draw_absolute":78.8335165616,"rapl_estimated_attributable_power_draw":18.0108928026,"cpu_time_seconds":{"20657":{"user":0.2,"system":0.43,"children_user":0.02,"children_system":0.34},"20571":{"user":18.64,"system":2.42,"children_user":0.12,"children_system":0.25}},"average_relative_cpu_utilization":0.2280323693,"absolute_cpu_utilization":0.9985822377,"relative_mem_usage":0.2328531191,"absolute_mem_usage":3743087616.0,"absolute_mem_percent_usage":0.0277062052,"mem_info_per_process":{"20657":{"rss":3269238784,"vms":11438239744,"shared":180170752,"text":2322432,"lib":0,"data":9683845120,"dirty":0,"uss":99647488,"pss":1679150080,"swap":0},"20571":{"rss":3662274560,"vms":11438239744,"shared":573280256,"text":2322432,"lib":0,"data":9683845120,"dirty":0,"uss":131833856,"pss":1832456192,"swap":0}},"nvidia_draw_absolute":43.84,"nvidia_estimated_attributable_power_draw":43.84,"average_gpu_estimated_utilization_absolute":0.145,"per_gpu_average_estimated_utilization_absolute":{"(0, 20571)":{"sm":14.5,"mem":0.0,"enc":0.0,"dec":0.0}},"average_gpu_estimated_utilization_relative":1.0,"per_gpu_performance_state":{"0":"P2"},"per_gpu_power_draw":{"0":43.84},"cpu_count_adjusted_average_load":[0.15125,0.1628125,0.16125],"realtime_carbon_intensity":339.8608709639,"disk_write_speed":9.2146497479,"process_ids":[20657,20571]}
{"timestamp":1572411028.6340670586,"rapl_power_draw_absolute":78.8369133273,"rapl_estimated_attributable_power_draw":18.2009302566,"cpu_time_seconds":{"20657":{"user":0.3,"system":0.78,"children_user":0.02,"children_system":0.65},"20571":{"user":26.98,"system":2.42,"children_user":0.12,"children_system":0.25}},"average_relative_cpu_utilization":0.2306646348,"absolute_cpu_utilization":0.9985917308,"relative_mem_usage":0.2329469945,"absolute_mem_usage":3744885760.0,"absolute_mem_percent_usage":0.027719515,"mem_info_per_process":{"20657":{"rss":3269304320,"vms":11438239744,"shared":180236288,"text":2322432,"lib":0,"data":9683845120,"dirty":0,"uss":100462592,"pss":1679569920,"swap":0},"20571":{"rss":3662565376,"vms":11438239744,"shared":573280256,"text":2322432,"lib":0,"data":9683845120,"dirty":0,"uss":132141056,"pss":1832712192,"swap":0}},"nvidia_draw_absolute":43.71,"nvidia_estimated_attributable_power_draw":43.71,"average_gpu_estimated_utilization_absolute":0.145,"per_gpu_average_estimated_utilization_absolute":{"(0, 20571)":{"sm":14.5,"mem":0.0,"enc":0.0,"dec":0.0}},"average_gpu_estimated_utilization_relative":1.0,"per_gpu_performance_state":{"0":"P2"},"per_gpu_power_draw":{"0":43.71},"cpu_count_adjusted_average_load":[0.1540625,0.1634375,0.16125],"realtime_carbon_intensity":339.8608709639,"disk_write_speed":15.5917122834,"process_ids":[20657,20571]}
{"timestamp":1572411036.9966359138,"rapl_power_draw_absolute":78.7227797518,"rapl_estimated_attributable_power_draw":18.1929449526,"cpu_time_seconds":{"20657":{"user":0.42,"system":1.16,"children_user":0.02,"children_system":0.94},"20571":{"user":35.34,"system":2.42,"children_user":0.12,"children_system":0.25}},"average_relative_cpu_utilization":0.2309302503,"absolute_cpu_utilization":0.9986069599,"relative_mem_usage":0.2328718309,"absolute_mem_usage":3744804864.0,"absolute_mem_percent_usage":0.0277189162,"mem_info_per_process":{"20657":{"rss":3269304320,"vms":11438239744,"shared":180236288,"text":2322432,"lib":0,"data":9683845120,"dirty":0,"uss":100466688,"pss":1679478784,"swap":0},"20571":{"rss":3662565376,"vms":11438239744,"shared":573280256,"text":2322432,"lib":0,"data":9683845120,"dirty":0,"uss":132145152,"pss":1832714240,"swap":0}},"nvidia_draw_absolute":43.51,"nvidia_estimated_attributable_power_draw":43.51,"average_gpu_estimated_utilization_absolute":0.145,"per_gpu_average_estimated_utilization_absolute":{"(0, 20571)":{"sm":14.5,"mem":0.0,"enc":0.0,"dec":0.0}},"average_gpu_estimated_utilization_relative":1.0,"per_gpu_performance_state":{"0":"P2"},"per_gpu_power_draw":{"0":43.51},"cpu_count_adjusted_average_load":[0.151875,0.1625,0.1609375],"realtime_carbon_intensity":339.8608709639,"disk_write_speed":19.5608319234,"process_ids":[20657,20571]}
{"timestamp":1572411045.3870170116,"rapl_power_draw_absolute":78.535417265,"rapl_estimated_attributable_power_draw":18.2445958665,"cpu_time_seconds":{"20657":{"user":0.57,"system":1.52,"children_user":0.03,"children_system":1.24},"20571":{"user":43.74,"system":2.42,"children_user":0.12,"children_system":0.25}},"average_relative_cpu_utilization":0.2322720802,"absolute_cpu_utilization":0.998596014,"relative_mem_usage":0.232709939,"absolute_mem_usage":3744815104.0,"absolute_mem_percent_usage":0.027718992,"mem_info_per_process":{"20657":{"rss":3269304320,"vms":11438239744,"shared":180236288,"text":2322432,"lib":0,"data":9683845120,"dirty":0,"uss":100470784,"pss":1679574016,"swap":0},"20571":{"rss":3662565376,"vms":11438239744,"shared":573280256,"text":2322432,"lib":0,"data":9683845120,"dirty":0,"uss":132149248,"pss":1832621056,"swap":0}},"nvidia_draw_absolute":43.51,"nvidia_estimated_attributable_power_draw":43.51,"average_gpu_estimated_utilization_absolute":0.14,"per_gpu_average_estimated_utilization_absolute":{"(0, 20571)":{"sm":14,"mem":0,"enc":0,"dec":0}},"average_gpu_estimated_utilization_relative":1.0,"per_gpu_performance_state":{"0":"P2"},"per_gpu_power_draw":{"0":43.51},"cpu_count_adjusted_average_load":[0.1553125,0.1628125,0.16125],"realtime_carbon_intensity":339.8608709639,"disk_write_speed":20.3087351956,"process_ids":[20657,20571]}
{"timestamp":1572411053.7135279179,"rapl_power_draw_absolute":78.6239610131,"rapl_estimated_attributable_power_draw":18.383391443,"cpu_time_seconds":{"20657":{"user":0.72,"system":1.86,"children_user":0.05,"children_system":1.52},"20571":{"user":52.07,"system":2.42,"children_user":0.12,"children_system":0.25}},"average_relative_cpu_utilization":0.2338988374,"absolute_cpu_utilization":0.9985728451,"relative_mem_usage":0.2329477994,"absolute_mem_usage":3744921600.0,"absolute_mem_percent_usage":0.0277197803,"mem_info_per_process":{"20657":{"rss":3269304320,"vms":11438239744,"shared":180236288,"text":2322432,"lib":0,"data":9683845120,"dirty":0,"uss":100474880,"pss":1679575040,"swap":0},"20571":{"rss":3662565376,"vms":11438239744,"shared":573280256,"text":2322432,"lib":0,"data":9683845120,"dirty":0,"uss":132153344,"pss":1832718336,"swap":0}},"nvidia_draw_absolute":44.12,"nvidia_estimated_attributable_power_draw":44.12,"average_gpu_estimated_utilization_absolute":0.14,"per_gpu_average_estimated_utilization_absolute":{"(0, 20571)":{"sm":14,"mem":0,"enc":0,"dec":0}},"average_gpu_estimated_utilization_relative":1.0,"per_gpu_performance_state":{"0":"P2"},"per_gpu_power_draw":{"0":44.12},"cpu_count_adjusted_average_load":[0.1528125,0.1621875,0.1609375],"realtime_carbon_intensity":339.8608709639,"disk_write_speed":25.1424260715,"process_ids":[20657,20571]}
{"timestamp":1572411062.0031011105,"rapl_power_draw_absolute":78.5455878922,"rapl_estimated_attributable_power_draw":18.2093241862,"cpu_time_seconds":{"20657":{"user":0.84,"system":2.24,"children_user":0.06,"children_system":1.82},"20571":{"user":60.36,"system":2.42,"children_user":0.12,"children_system":0.25}},"average_relative_cpu_utilization":0.2317317515,"absolute_cpu_utilization":0.9985989636,"relative_mem_usage":0.2328724993,"absolute_mem_usage":3744933888.0,"absolute_mem_percent_usage":0.0277198712,"mem_info_per_process":{"20657":{"rss":3269304320,"vms":11438239744,"shared":180236288,"text":2322432,"lib":0,"data":9683845120,"dirty":0,"uss":100478976,"pss":1679577088,"swap":0},"20571":{"rss":3662565376,"vms":11438239744,"shared":573280256,"text":2322432,"lib":0,"data":9683845120,"dirty":0,"uss":132157440,"pss":1832720384,"swap":0}},"nvidia_draw_absolute":43.57,"nvidia_estimated_attributable_power_draw":43.57,"average_gpu_estimated_utilization_absolute":0.14,"per_gpu_average_estimated_utilization_absolute":{"(0, 20571)":{"sm":14,"mem":0,"enc":0,"dec":0}},"average_gpu_estimated_utilization_relative":1.0,"per_gpu_performance_state":{"0":"P2"},"per_gpu_power_draw":{"0":43.57},"cpu_count_adjusted_average_load":[0.158125,0.163125,0.16125],"realtime_carbon_intensity":339.8608709639,"disk_write_speed":12.6951434154,"process_ids":[20657,20571]}
{"timestamp":1572411070.4126579762,"rapl_power_draw_absolute":73.150742722,"rapl_estimated_attributable_power_draw":19.6992391771,"cpu_time_seconds":{"20657":{"user":0.98,"system":2.6,"children_user":0.07,"children_system":2.1},"20571":{"user":68.77,"system":2.42,"children_user":0.12,"children_system":0.25}},"average_relative_cpu_utilization":0.2665515242,"absolute_cpu_utilization":1.0035465974,"relative_mem_usage":0.3015292867,"absolute_mem_usage":3817360384.0,"absolute_mem_percent_usage":0.0282559696,"mem_info_per_process":{"20657":{"rss":3269304320,"vms":11438239744,"shared":180236288,"text":2322432,"lib":0,"data":9683845120,"dirty":0,"uss":100655104,"pss":1680977920,"swap":0},"20571":{"rss":3662565376,"vms":11438239744,"shared":573280256,"text":2322432,"lib":0,"data":9683845120,"dirty":0,"uss":139948032,"pss":1895779328,"swap":0}},"nvidia_draw_absolute":43.93,"nvidia_estimated_attributable_power_draw":43.93,"average_gpu_estimated_utilization_absolute":0.14,"per_gpu_average_estimated_utilization_absolute":{"(0, 20571)":{"sm":14,"mem":0,"enc":0,"dec":0}},"average_gpu_estimated_utilization_relative":1.0,"per_gpu_performance_state":{"0":"P2"},"per_gpu_power_draw":{"0":43.93},"cpu_count_adjusted_average_load":[0.1528125,0.161875,0.1609375],"realtime_carbon_intensity":339.8608709639,"disk_write_speed":23.5231787165,"process_ids":[20657,20571]}
{"timestamp":1572411078.7372829914,"rapl_power_draw_absolute":68.1159796437,"rapl_estimated_attributable_power_draw":21.4006341358,"cpu_time_seconds":{"20657":{"user":1.13,"system":2.93,"children_user":0.08,"children_system":2.41},"20571":{"user":77.1,"system":2.42,"children_user":0.12,"children_system":0.25}},"average_relative_cpu_utilization":0.3150416568,"absolute_cpu_utilization":1.0036308548,"relative_mem_usage":0.3018523449,"absolute_mem_usage":3817402368.0,"absolute_mem_percent_usage":0.0282562804,"mem_info_per_process":{"20657":{"rss":3269304320,"vms":11438239744,"shared":180236288,"text":2322432,"lib":0,"data":9683845120,"dirty":0,"uss":100659200,"pss":1680979968,"swap":0},"20571":{"rss":3662565376,"vms":11438239744,"shared":573280256,"text":2322432,"lib":0,"data":9683845120,"dirty":0,"uss":139952128,"pss":1895811072,"swap":0}},"nvidia_draw_absolute":44.29,"nvidia_estimated_attributable_power_draw":44.29,"average_gpu_estimated_utilization_absolute":0.14,"per_gpu_average_estimated_utilization_absolute":{"(0, 20571)":{"sm":14,"mem":0,"enc":0,"dec":0}},"average_gpu_estimated_utilization_relative":1.0,"per_gpu_performance_state":{"0":"P2"},"per_gpu_power_draw":{"0":44.29},"cpu_count_adjusted_average_load":[0.148125,0.160625,0.160625],"realtime_carbon_intensity":339.8608709639,"disk_write_speed":29.439827501,"process_ids":[20657,20571]}
{"timestamp":1572411087.0667929649,"rapl_power_draw_absolute":69.702376857,"rapl_estimated_attributable_power_draw":19.0365767445,"cpu_time_seconds":{"20657":{"user":1.3,"system":3.31,"children_user":0.09,"children_system":2.68},"20571":{"user":85.43,"system":2.42,"children_user":0.12,"children_system":0.25}},"average_relative_cpu_utilization":0.2711211955,"absolute_cpu_utilization":1.0085640248,"relative_mem_usage":0.2999907135,"absolute_mem_usage":3817329664.0,"absolute_mem_percent_usage":0.0282557423,"mem_info_per_process":{"20657":{"rss":3269304320,"vms":11438239744,"shared":180236288,"text":2322432,"lib":0,"data":9683845120,"dirty":0,"uss":100663296,"pss":1680975872,"swap":0},"20571":{"rss":3662565376,"vms":11438239744,"shared":573280256,"text":2322432,"lib":0,"data":9683845120,"dirty":0,"uss":139939840,"pss":1895750656,"swap":0}},"nvidia_draw_absolute":43.41,"nvidia_estimated_attributable_power_draw":43.41,"average_gpu_estimated_utilization_absolute":0.11,"per_gpu_average_estimated_utilization_absolute":{"(0, 20571)":{"sm":11,"mem":0,"enc":0,"dec":0}},"average_gpu_estimated_utilization_relative":1.0,"per_gpu_performance_state":{"0":"P2"},"per_gpu_power_draw":{"0":43.41},"cpu_count_adjusted_average_load":[0.146875,0.16,0.1603125],"realtime_carbon_intensity":339.8608709639,"disk_write_speed":30.3650537608,"process_ids":[20657,20571]}
{"timestamp":1572411095.3908770084,"rapl_power_draw_absolute":68.7603556302,"rapl_estimated_attributable_power_draw":19.2379213838,"cpu_time_seconds":{"20657":{"user":1.44,"system":3.69,"children_user":0.1,"children_system":2.97},"20571":{"user":93.24,"system":2.46,"children_user":0.12,"children_system":0.25}},"average_relative_cpu_utilization":0.2795476082,"absolute_cpu_utilization":1.0036179624,"relative_mem_usage":0.2829632501,"absolute_mem_usage":3602585600.0,"absolute_mem_percent_usage":0.0266662141,"mem_info_per_process":{"20657":{"rss":3268562944,"vms":11438239744,"shared":179494912,"text":2322432,"lib":0,"data":9683845120,"dirty":0,"uss":100667392,"pss":1680065536,"swap":0},"20571":{"rss":3324739584,"vms":11438239744,"shared":235454464,"text":2322432,"lib":0,"data":9683845120,"dirty":0,"uss":112971776,"pss":1708880896,"swap":0}},"nvidia_draw_absolute":43.7,"nvidia_estimated_attributable_power_draw":43.7,"average_gpu_estimated_utilization_absolute":0.135,"per_gpu_average_estimated_utilization_absolute":{"(0, 20571)":{"sm":13.5,"mem":0.0,"enc":0.0,"dec":0.0}},"average_gpu_estimated_utilization_relative":1.0,"per_gpu_performance_state":{"0":"P2"},"per_gpu_power_draw":{"0":43.7},"cpu_count_adjusted_average_load":[0.1434375,0.15875,0.16],"realtime_carbon_intensity":339.8608709639,"disk_write_speed":29.3132775656,"process_ids":[20657,20571]}
{"timestamp":1572411103.7266430855,"rapl_power_draw_absolute":69.7092548346,"rapl_estimated_attributable_power_draw":19.1683558286,"cpu_time_seconds":{"20657":{"user":1.61,"system":4.07,"children_user":0.12,"children_system":3.25},"20571":{"user":101.57,"system":2.47,"children_user":0.12,"children_system":0.25}},"average_relative_cpu_utilization":0.2768394866,"absolute_cpu_utilization":1.0035308238,"relative_mem_usage":0.2508916419,"absolute_mem_usage":3601396736.0,"absolute_mem_percent_usage":0.0266574142,"mem_info_per_process":{"20657":{"rss":3268562944,"vms":11438239744,"shared":179494912,"text":2322432,"lib":0,"data":9683845120,"dirty":0,"uss":100671488,"pss":1680062464,"swap":0},"20571":{"rss":3324739584,"vms":11438239744,"shared":235454464,"text":2322432,"lib":0,"data":9683845120,"dirty":0,"uss":112615424,"pss":1708047360,"swap":0}},"nvidia_draw_absolute":44.62,"nvidia_estimated_attributable_power_draw":44.62,"average_gpu_estimated_utilization_absolute":0.14,"per_gpu_average_estimated_utilization_absolute":{"(0, 20571)":{"sm":14,"mem":0,"enc":0,"dec":0}},"average_gpu_estimated_utilization_relative":1.0,"per_gpu_performance_state":{"0":"P2"},"per_gpu_power_draw":{"0":44.62},"cpu_count_adjusted_average_load":[0.1471875,0.159375,0.16],"realtime_carbon_intensity":339.8608709639,"disk_write_speed":17.4312118261,"process_ids":[20657,20571]}
{"timestamp":1572411112.0119349957,"rapl_power_draw_absolute":71.1162780378,"rapl_estimated_attributable_power_draw":18.5431083925,"cpu_time_seconds":{"20657":{"user":1.72,"system":4.41,"children_user":0.13,"children_system":3.55},"20571":{"user":109.86,"system":2.47,"children_user":0.12,"children_system":0.25}},"average_relative_cpu_utilization":0.2634863496,"absolute_cpu_utilization":0.9985731998,"relative_mem_usage":0.2269179626,"absolute_mem_usage":3601142784.0,"absolute_mem_percent_usage":0.0266555344,"mem_info_per_process":{"20657":{"rss":3268562944,"vms":11438239744,"shared":179494912,"text":2322432,"lib":0,"data":9683845120,"dirty":0,"uss":100675584,"pss":1680064512,"swap":0},"20571":{"rss":3324739584,"vms":11438239744,"shared":235454464,"text":2322432,"lib":0,"data":9683845120,"dirty":0,"uss":112619520,"pss":1707783168,"swap":0}},"nvidia_draw_absolute":43.81,"nvidia_estimated_attributable_power_draw":43.81,"average_gpu_estimated_utilization_absolute":0.145,"per_gpu_average_estimated_utilization_absolute":{"(0, 20571)":{"sm":14.5,"mem":0.0,"enc":0.0,"dec":0.0}},"average_gpu_estimated_utilization_relative":1.0,"per_gpu_performance_state":{"0":"P2"},"per_gpu_power_draw":{"0":43.81},"cpu_count_adjusted_average_load":[0.1509375,0.1596875,0.1603125],"realtime_carbon_intensity":339.8608709639,"disk_write_speed":19.6906251438,"process_ids":[20657,20571]}
{"timestamp":1572411120.3005781174,"rapl_power_draw_absolute":78.5081832502,"rapl_estimated_attributable_power_draw":18.1971357298,"cpu_time_seconds":{"20657":{"user":1.88,"system":4.72,"children_user":0.16,"children_system":3.85},"20571":{"user":118.15,"system":2.47,"children_user":0.12,"children_system":0.25}},"average_relative_cpu_utilization":0.2325441017,"absolute_cpu_utilization":0.9985891639,"relative_mem_usage":0.2239507128,"absolute_mem_usage":3596125184.0,"absolute_mem_percent_usage":0.0266183943,"mem_info_per_process":{"20657":{"rss":3268558848,"vms":11438239744,"shared":179490816,"text":2322432,"lib":0,"data":9683845120,"dirty":0,"uss":100679680,"pss":1679747072,"swap":0},"20571":{"rss":3319439360,"vms":11438239744,"shared":230154240,"text":2322432,"lib":0,"data":9683845120,"dirty":0,"uss":111923200,"pss":1703775232,"swap":0}},"nvidia_draw_absolute":43.57,"nvidia_estimated_attributable_power_draw":43.57,"average_gpu_estimated_utilization_absolute":0.145,"per_gpu_average_estimated_utilization_absolute":{"(0, 20571)":{"sm":14.5,"mem":0.0,"enc":0.0,"dec":0.0}},"average_gpu_estimated_utilization_relative":1.0,"per_gpu_performance_state":{"0":"P2"},"per_gpu_power_draw":{"0":43.57},"cpu_count_adjusted_average_load":[0.1515625,0.1596875,0.16],"realtime_carbon_intensity":339.8608709639,"disk_write_speed":25.9322619767,"process_ids":[20657,20571]}
{"timestamp":1572411128.5610179901,"rapl_power_draw_absolute":78.2377294282,"rapl_estimated_attributable_power_draw":18.6104656719,"cpu_time_seconds":{"20657":{"user":2.03,"system":5.04,"children_user":0.18,"children_system":4.13},"20571":{"user":126.41,"system":2.47,"children_user":0.12,"children_system":0.25}},"average_relative_cpu_utilization":0.2392123973,"absolute_cpu_utilization":0.9985720594,"relative_mem_usage":0.2237999695,"absolute_mem_usage":3595394048.0,"absolute_mem_percent_usage":0.0266129825,"mem_info_per_process":{"20657":{"rss":3268558848,"vms":11438239744,"shared":179490816,"text":2322432,"lib":0,"data":9683845120,"dirty":0,"uss":100466688,"pss":1679343616,"swap":0},"20571":{"rss":3319439360,"vms":11438239744,"shared":230154240,"text":2322432,"lib":0,"data":9683845120,"dirty":0,"uss":111927296,"pss":1703656448,"swap":0}},"nvidia_draw_absolute":43.74,"nvidia_estimated_attributable_power_draw":43.74,"average_gpu_estimated_utilization_absolute":0.14,"per_gpu_average_estimated_utilization_absolute":{"(0, 20571)":{"sm":14,"mem":0,"enc":0,"dec":0}},"average_gpu_estimated_utilization_relative":1.0,"per_gpu_performance_state":{"0":"P2"},"per_gpu_power_draw":{"0":43.74},"cpu_count_adjusted_average_load":[0.156875,0.160625,0.1603125],"realtime_carbon_intensity":339.8608709639,"disk_write_speed":26.9419267397,"process_ids":[20657,20571]}
{"timestamp":1572411136.8971300125,"rapl_power_draw_absolute":78.269975484,"rapl_estimated_attributable_power_draw":18.7620745372,"cpu_time_seconds":{"20657":{"user":2.2,"system":5.38,"children_user":0.2,"children_system":4.41},"20571":{"user":134.75,"system":2.47,"children_user":0.12,"children_system":0.25}},"average_relative_cpu_utilization":0.2412314444,"absolute_cpu_utilization":0.9985733726,"relative_mem_usage":0.2238250514,"absolute_mem_usage":3595407360.0,"absolute_mem_percent_usage":0.026613081,"mem_info_per_process":{"20657":{"rss":3268558848,"vms":11438239744,"shared":179490816,"text":2322432,"lib":0,"data":9683845120,"dirty":0,"uss":100470784,"pss":1679346688,"swap":0},"20571":{"rss":3319439360,"vms":11438239744,"shared":230154240,"text":2322432,"lib":0,"data":9683845120,"dirty":0,"uss":111931392,"pss":1703658496,"swap":0}},"nvidia_draw_absolute":43.42,"nvidia_estimated_attributable_power_draw":43.42,"average_gpu_estimated_utilization_absolute":0.145,"per_gpu_average_estimated_utilization_absolute":{"(0, 20571)":{"sm":14.5,"mem":0.0,"enc":0.0,"dec":0.0}},"average_gpu_estimated_utilization_relative":1.0,"per_gpu_performance_state":{"0":"P2"},"per_gpu_power_draw":{"0":43.42},"cpu_count_adjusted_average_load":[0.159375,0.1609375,0.160625],"realtime_carbon_intensity":339.8608709639,"disk_write_speed":28.4636317613,"process_ids":[20657,20571]}
{"timestamp":1572411145.1902959347,"rapl_power_draw_absolute":78.233415596,"rapl_estimated_attributable_power_draw":18.7358550612,"cpu_time_seconds":{"20657":{"user":2.38,"system":5.7,"children_user":0.21,"children_system":4.72},"20571":{"user":143.04,"system":2.48,"children_user":0.12,"children_system":0.25}},"average_relative_cpu_utilization":0.2409954712,"absolute_cpu_utilization":1.0035979151,"relative_mem_usage":0.2238204449,"absolute_mem_usage":3595418624.0,"absolute_mem_percent_usage":0.0266131644,"mem_info_per_process":{"20657":{"rss":3268558848,"vms":11438239744,"shared":179490816,"text":2322432,"lib":0,"data":9683845120,"dirty":0,"uss":100474880,"pss":1679347712,"swap":0},"20571":{"rss":3319439360,"vms":11438239744,"shared":230154240,"text":2322432,"lib":0,"data":9683845120,"dirty":0,"uss":111935488,"pss":1703660544,"swap":0}},"nvidia_draw_absolute":43.96,"nvidia_estimated_attributable_power_draw":43.96,"average_gpu_estimated_utilization_absolute":0.14,"per_gpu_average_estimated_utilization_absolute":{"(0, 20571)":{"sm":14,"mem":0,"enc":0,"dec":0}},"average_gpu_estimated_utilization_relative":1.0,"per_gpu_performance_state":{"0":"P2"},"per_gpu_power_draw":{"0":43.96},"cpu_count_adjusted_average_load":[0.1565625,0.1603125,0.1603125],"realtime_carbon_intensity":337.277384728,"disk_write_speed":18.5850672674,"process_ids":[20657,20571]}
{"timestamp":1572411153.5654931068,"rapl_power_draw_absolute":78.270777373,"rapl_estimated_attributable_power_draw":18.6757809717,"cpu_time_seconds":{"20657":{"user":2.52,"system":6.05,"children_user":0.22,"children_system":5.01},"20571":{"user":151.41,"system":2.49,"children_user":0.12,"children_system":0.25}},"average_relative_cpu_utilization":0.2400749103,"absolute_cpu_utilization":0.9985847619,"relative_mem_usage":0.22376861,"absolute_mem_usage":3595431936.0,"absolute_mem_percent_usage":0.0266132629,"mem_info_per_process":{"20657":{"rss":3268558848,"vms":11438239744,"shared":179490816,"text":2322432,"lib":0,"data":9683845120,"dirty":0,"uss":100478976,"pss":1679350784,"swap":0},"20571":{"rss":3319439360,"vms":11438239744,"shared":230154240,"text":2322432,"lib":0,"data":9683845120,"dirty":0,"uss":111939584,"pss":1703662592,"swap":0}},"nvidia_draw_absolute":43.95,"nvidia_estimated_attributable_power_draw":43.95,"average_gpu_estimated_utilization_absolute":0.14,"per_gpu_average_estimated_utilization_absolute":{"(0, 20571)":{"sm":14,"mem":0,"enc":0,"dec":0}},"average_gpu_estimated_utilization_relative":1.0,"per_gpu_performance_state":{"0":"P2"},"per_gpu_power_draw":{"0":43.95},"cpu_count_adjusted_average_load":[0.1565625,0.1603125,0.1603125],"realtime_carbon_intensity":337.277384728,"disk_write_speed":17.8355877011,"process_ids":[20657,20571]}
{"timestamp":1572411161.8711519241,"rapl_power_draw_absolute":78.1749719429,"rapl_estimated_attributable_power_draw":18.6785564136,"cpu_time_seconds":{"20657":{"user":2.69,"system":6.38,"children_user":0.23,"children_system":5.31},"20571":{"user":159.71,"system":2.5,"children_user":0.12,"children_system":0.25}},"average_relative_cpu_utilization":0.2404118262,"absolute_cpu_utilization":1.0035942246,"relative_mem_usage":0.2238335037,"absolute_mem_usage":3595443200.0,"absolute_mem_percent_usage":0.0266133463,"mem_info_per_process":{"20657":{"rss":3268558848,"vms":11438239744,"shared":179490816,"text":2322432,"lib":0,"data":9683845120,"dirty":0,"uss":100483072,"pss":1679351808,"swap":0},"20571":{"rss":3319439360,"vms":11438239744,"shared":230154240,"text":2322432,"lib":0,"data":9683845120,"dirty":0,"uss":111943680,"pss":1703664640,"swap":0}},"nvidia_draw_absolute":43.94,"nvidia_estimated_attributable_power_draw":43.94,"average_gpu_estimated_utilization_absolute":0.145,"per_gpu_average_estimated_utilization_absolute":{"(0, 20571)":{"sm":14.5,"mem":0.0,"enc":0.0,"dec":0.0}},"average_gpu_estimated_utilization_relative":1.0,"per_gpu_performance_state":{"0":"P2"},"per_gpu_power_draw":{"0":43.94},"cpu_count_adjusted_average_load":[0.1540625,0.159375,0.16],"realtime_carbon_intensity":337.277384728,"disk_write_speed":35.7005254537,"process_ids":[20657,20571]}
{"timestamp":1572411170.1562430859,"rapl_power_draw_absolute":73.0448689533,"rapl_estimated_attributable_power_draw":22.9291594328,"cpu_time_seconds":{"20657":{"user":2.88,"system":6.72,"children_user":0.25,"children_system":5.58},"20571":{"user":168.0,"system":2.5,"children_user":0.12,"children_system":0.25}},"average_relative_cpu_utilization":0.3170122377,"absolute_cpu_utilization":1.0036083522,"relative_mem_usage":0.2855478118,"absolute_mem_usage":3604962304.0,"absolute_mem_percent_usage":0.0266838064,"mem_info_per_process":{"20657":{"rss":3268558848,"vms":11438239744,"shared":179490816,"text":2322432,"lib":0,"data":9683845120,"dirty":0,"uss":100540416,"pss":1680607232,"swap":0},"20571":{"rss":3319439360,"vms":11438239744,"shared":230154240,"text":2322432,"lib":0,"data":9683845120,"dirty":0,"uss":113016832,"pss":1710797824,"swap":0}},"nvidia_draw_absolute":43.77,"nvidia_estimated_attributable_power_draw":43.77,"average_gpu_estimated_utilization_absolute":0.145,"per_gpu_average_estimated_utilization_absolute":{"(0, 20571)":{"sm":14.5,"mem":0.0,"enc":0.0,"dec":0.0}},"average_gpu_estimated_utilization_relative":1.0,"per_gpu_performance_state":{"0":"P2"},"per_gpu_power_draw":{"0":43.77},"cpu_count_adjusted_average_load":[0.1475,0.1578125,0.159375],"realtime_carbon_intensity":337.277384728,"disk_write_speed":18.9969228484,"process_ids":[20657,20571]}
{"timestamp":1572411178.4671289921,"rapl_power_draw_absolute":72.629200196,"rapl_estimated_attributable_power_draw":21.2386873055,"cpu_time_seconds":{"20657":{"user":3.02,"system":7.07,"children_user":0.27,"children_system":5.87},"20571":{"user":176.3,"system":2.51,"children_user":0.12,"children_system":0.25}},"average_relative_cpu_utilization":0.2932311318,"absolute_cpu_utilization":0.9985651354,"relative_mem_usage":0.2850424786,"absolute_mem_usage":3604964352.0,"absolute_mem_percent_usage":0.0266838216,"mem_info_per_process":{"20657":{"rss":3268558848,"vms":11438239744,"shared":179490816,"text":2322432,"lib":0,"data":9683845120,"dirty":0,"uss":100544512,"pss":1680607232,"swap":0},"20571":{"rss":3319439360,"vms":11438239744,"shared":230154240,"text":2322432,"lib":0,"data":9683845120,"dirty":0,"uss":113020928,"pss":1710791680,"swap":0}},"nvidia_draw_absolute":43.12,"nvidia_estimated_attributable_power_draw":43.12,"average_gpu_estimated_utilization_absolute":0.145,"per_gpu_average_estimated_utilization_absolute":{"(0, 20571)":{"sm":14.5,"mem":0.0,"enc":0.0,"dec":0.0}},"average_gpu_estimated_utilization_relative":1.0,"per_gpu_performance_state":{"0":"P2"},"per_gpu_power_draw":{"0":43.12},"cpu_count_adjusted_average_load":[0.145625,0.1571875,0.159375],"realtime_carbon_intensity":337.277384728,"disk_write_speed":23.8878140067,"process_ids":[20657,20571]}
{"timestamp":1572411186.7564609051,"rapl_power_draw_absolute":72.2338004739,"rapl_estimated_attributable_power_draw":20.6214307717,"cpu_time_seconds":{"20657":{"user":3.19,"system":7.42,"children_user":0.29,"children_system":6.15},"20571":{"user":184.59,"system":2.51,"children_user":0.12,"children_system":0.25}},"average_relative_cpu_utilization":0.2856922051,"absolute_cpu_utilization":0.9993928876,"relative_mem_usage":0.283592762,"absolute_mem_usage":3598654464.0,"absolute_mem_percent_usage":0.026637116,"mem_info_per_process":{"20657":{"rss":3268558848,"vms":11438239744,"shared":179490816,"text":2322432,"lib":0,"data":9683845120,"dirty":0,"uss":100548608,"pss":1679972352,"swap":0},"20571":{"rss":3319439360,"vms":11438239744,"shared":230154240,"text":2322432,"lib":0,"data":9683845120,"dirty":0,"uss":112496640,"pss":1705636864,"swap":0}},"nvidia_draw_absolute":43.6,"nvidia_estimated_attributable_power_draw":43.6,"average_gpu_estimated_utilization_absolute":0.135,"per_gpu_average_estimated_utilization_absolute":{"(0, 20571)":{"sm":13.5,"mem":0.0,"enc":0.0,"dec":0.0}},"average_gpu_estimated_utilization_relative":1.0,"per_gpu_performance_state":{"0":"P2"},"per_gpu_power_draw":{"0":43.6},"cpu_count_adjusted_average_load":[0.1475,0.1571875,0.159375],"realtime_carbon_intensity":337.277384728,"disk_write_speed":34.6922770108,"process_ids":[20657,20571]}
{"timestamp":1572411195.083288908,"rapl_power_draw_absolute":76.9868285786,"rapl_estimated_attributable_power_draw":18.886584724,"cpu_time_seconds":{"20657":{"user":3.38,"system":7.76,"children_user":0.31,"children_system":6.44},"20571":{"user":192.92,"system":2.52,"children_user":0.12,"children_system":0.25}},"average_relative_cpu_utilization":0.2475055682,"absolute_cpu_utilization":0.9985617829,"relative_mem_usage":0.2258503723,"absolute_mem_usage":3596263424.0,"absolute_mem_percent_usage":0.0266194176,"mem_info_per_process":{"20657":{"rss":3268558848,"vms":11438239744,"shared":179490816,"text":2322432,"lib":0,"data":9683845120,"dirty":0,"uss":100552704,"pss":1679940608,"swap":0},"20571":{"rss":3319439360,"vms":11438239744,"shared":230154240,"text":2322432,"lib":0,"data":9683845120,"dirty":0,"uss":112099328,"pss":1703670784,"swap":0}},"nvidia_draw_absolute":43.49,"nvidia_estimated_attributable_power_draw":43.49,"average_gpu_estimated_utilization_absolute":0.145,"per_gpu_average_estimated_utilization_absolute":{"(0, 20571)":{"sm":14.5,"mem":0.0,"enc":0.0,"dec":0.0}},"average_gpu_estimated_utilization_relative":1.0,"per_gpu_performance_state":{"0":"P2"},"per_gpu_power_draw":{"0":43.49},"cpu_count_adjusted_average_load":[0.1465625,0.156875,0.1590625],"realtime_carbon_intensity":337.277384728,"disk_write_speed":31.1040401639,"process_ids":[20657,20571]}
{"timestamp":1572411203.3501989841,"rapl_power_draw_absolute":78.1035757062,"rapl_estimated_attributable_power_draw":18.6378359102,"cpu_time_seconds":{"20657":{"user":3.57,"system":8.1,"children_user":0.34,"children_system":6.72},"20571":{"user":201.18,"system":2.52,"children_user":0.12,"children_system":0.25}},"average_relative_cpu_utilization":0.2400904081,"absolute_cpu_utilization":0.9986612991,"relative_mem_usage":0.2236993684,"absolute_mem_usage":3595099136.0,"absolute_mem_percent_usage":0.0266107996,"mem_info_per_process":{"20657":{"rss":3268558848,"vms":11438239744,"shared":179490816,"text":2322432,"lib":0,"data":9683845120,"dirty":0,"uss":100503552,"pss":1679395840,"swap":0},"20571":{"rss":3319439360,"vms":11438239744,"shared":230154240,"text":2322432,"lib":0,"data":9683845120,"dirty":0,"uss":112074752,"pss":1703124992,"swap":0}},"nvidia_draw_absolute":44.4,"nvidia_estimated_attributable_power_draw":44.4,"average_gpu_estimated_utilization_absolute":0.145,"per_gpu_average_estimated_utilization_absolute":{"(0, 20571)":{"sm":14.5,"mem":0.0,"enc":0.0,"dec":0.0}},"average_gpu_estimated_utilization_relative":1.0,"per_gpu_performance_state":{"0":"P2"},"per_gpu_power_draw":{"0":44.4},"cpu_count_adjusted_average_load":[0.1471875,0.1565625,0.1590625],"realtime_carbon_intensity":337.277384728,"disk_write_speed":28.3889715644,"process_ids":[20657,20571]}
{"timestamp":1572411211.6381189823,"rapl_power_draw_absolute":77.9699972529,"rapl_estimated_attributable_power_draw":18.6643367509,"cpu_time_seconds":{"20657":{"user":3.72,"system":8.44,"children_user":0.34,"children_system":7.02},"20571":{"user":209.46,"system":2.54,"children_user":0.12,"children_system":0.25}},"average_relative_cpu_utilization":0.2409448125,"absolute_cpu_utilization":0.9985999406,"relative_mem_usage":0.2237532606,"absolute_mem_usage":3595029504.0,"absolute_mem_percent_usage":0.0266102842,"mem_info_per_process":{"20657":{"rss":3268558848,"vms":11438239744,"shared":179490816,"text":2322432,"lib":0,"data":9683845120,"dirty":0,"uss":100491264,"pss":1679254528,"swap":0},"20571":{"rss":3319439360,"vms":11438239744,"shared":230154240,"text":2322432,"lib":0,"data":9683845120,"dirty":0,"uss":112078848,"pss":1703204864,"swap":0}},"nvidia_draw_absolute":43.67,"nvidia_estimated_attributable_power_draw":43.67,"average_gpu_estimated_utilization_absolute":0.14,"per_gpu_average_estimated_utilization_absolute":{"(0, 20571)":{"sm":14,"mem":0,"enc":0,"dec":0}},"average_gpu_estimated_utilization_relative":1.0,"per_gpu_performance_state":{"0":"P2"},"per_gpu_power_draw":{"0":43.67},"cpu_count_adjusted_average_load":[0.1534375,0.1578125,0.159375],"realtime_carbon_intensity":337.277384728,"disk_write_speed":42.1931880691,"process_ids":[20657,20571]}
{"timestamp":1572411219.9458839893,"rapl_power_draw_absolute":78.105354671,"rapl_estimated_attributable_power_draw":18.7223230125,"cpu_time_seconds":{"20657":{"user":3.92,"system":8.8,"children_user":0.36,"children_system":7.33},"20571":{"user":217.77,"system":2.54,"children_user":0.12,"children_system":0.25}},"average_relative_cpu_utilization":0.2412810508,"absolute_cpu_utilization":1.0036193607,"relative_mem_usage":0.2238238671,"absolute_mem_usage":3595041792.0,"absolute_mem_percent_usage":0.0266103751,"mem_info_per_process":{"20657":{"rss":3268558848,"vms":11438239744,"shared":179490816,"text":2322432,"lib":0,"data":9683845120,"dirty":0,"uss":100495360,"pss":1679256576,"swap":0},"20571":{"rss":3319439360,"vms":11438239744,"shared":230154240,"text":2322432,"lib":0,"data":9683845120,"dirty":0,"uss":112082944,"pss":1703206912,"swap":0}},"nvidia_draw_absolute":43.67,"nvidia_estimated_attributable_power_draw":43.67,"average_gpu_estimated_utilization_absolute":0.145,"per_gpu_average_estimated_utilization_absolute":{"(0, 20571)":{"sm":14.5,"mem":0.0,"enc":0.0,"dec":0.0}},"average_gpu_estimated_utilization_relative":1.0,"per_gpu_performance_state":{"0":"P2"},"per_gpu_power_draw":{"0":43.67},"cpu_count_adjusted_average_load":[0.1540625,0.1578125,0.159375],"realtime_carbon_intensity":337.277384728,"disk_write_speed":23.9306779534,"process_ids":[20657,20571]}
{"timestamp":1572411228.1827719212,"rapl_power_draw_absolute":78.0994249859,"rapl_estimated_attributable_power_draw":18.6351906659,"cpu_time_seconds":{"20657":{"user":4.06,"system":9.11,"children_user":0.37,"children_system":7.61},"20571":{"user":226.0,"system":2.54,"children_user":0.12,"children_system":0.25}},"average_relative_cpu_utilization":0.2400773369,"absolute_cpu_utilization":0.998591389,"relative_mem_usage":0.223671425,"absolute_mem_usage":3595054080.0,"absolute_mem_percent_usage":0.0266104661,"mem_info_per_process":{"20657":{"rss":3268558848,"vms":11438239744,"shared":179490816,"text":2322432,"lib":0,"data":9683845120,"dirty":0,"uss":100499456,"pss":1679258624,"swap":0},"20571":{"rss":3319439360,"vms":11438239744,"shared":230154240,"text":2322432,"lib":0,"data":9683845120,"dirty":0,"uss":112087040,"pss":1703208960,"swap":0}},"nvidia_draw_absolute":43.67,"nvidia_estimated_attributable_power_draw":43.67,"average_gpu_estimated_utilization_absolute":0.14,"per_gpu_average_estimated_utilization_absolute":{"(0, 20571)":{"sm":14,"mem":0,"enc":0,"dec":0}},"average_gpu_estimated_utilization_relative":1.0,"per_gpu_performance_state":{"0":"P2"},"per_gpu_power_draw":{"0":43.67},"cpu_count_adjusted_average_load":[0.1540625,0.1575,0.159375],"realtime_carbon_intensity":337.277384728,"disk_write_speed":43.2025312485,"process_ids":[20657,20571]}
{"timestamp":1572411236.4520409107,"rapl_power_draw_absolute":78.2140108608,"rapl_estimated_attributable_power_draw":18.5463155243,"cpu_time_seconds":{"20657":{"user":4.26,"system":9.44,"children_user":0.38,"children_system":7.92},"20571":{"user":234.28,"system":2.54,"children_user":0.12,"children_system":0.25}},"average_relative_cpu_utilization":0.2384154704,"absolute_cpu_utilization":1.0035863956,"relative_mem_usage":0.2238042801,"absolute_mem_usage":3595066368.0,"absolute_mem_percent_usage":0.026610557,"mem_info_per_process":{"20657":{"rss":3268558848,"vms":11438239744,"shared":179490816,"text":2322432,"lib":0,"data":9683845120,"dirty":0,"uss":100503552,"pss":1679260672,"swap":0},"20571":{"rss":3319439360,"vms":11438239744,"shared":230154240,"text":2322432,"lib":0,"data":9683845120,"dirty":0,"uss":112091136,"pss":1703211008,"swap":0}},"nvidia_draw_absolute":43.6,"nvidia_estimated_attributable_power_draw":43.6,"average_gpu_estimated_utilization_absolute":0.14,"per_gpu_average_estimated_utilization_absolute":{"(0, 20571)":{"sm":14,"mem":0,"enc":0,"dec":0}},"average_gpu_estimated_utilization_relative":1.0,"per_gpu_performance_state":{"0":"P2"},"per_gpu_power_draw":{"0":43.6},"cpu_count_adjusted_average_load":[0.156875,0.158125,0.159375],"realtime_carbon_intensity":337.277384728,"disk_write_speed":20.8112919712,"process_ids":[20657,20571]}
{"timestamp":1572411244.7079730034,"rapl_power_draw_absolute":78.0047596637,"rapl_estimated_attributable_power_draw":18.8635024793,"cpu_time_seconds":{"20657":{"user":4.4,"system":9.75,"children_user":0.4,"children_system":8.2},"20571":{"user":242.54,"system":2.54,"children_user":0.12,"children_system":0.25}},"average_relative_cpu_utilization":0.2436126957,"absolute_cpu_utilization":1.0035212167,"relative_mem_usage":0.2233241997,"absolute_mem_usage":3595078656.0,"absolute_mem_percent_usage":0.026610648,"mem_info_per_process":{"20657":{"rss":3268558848,"vms":11438239744,"shared":179490816,"text":2322432,"lib":0,"data":9683845120,"dirty":0,"uss":100507648,"pss":1679262720,"swap":0},"20571":{"rss":3319439360,"vms":11438239744,"shared":230154240,"text":2322432,"lib":0,"data":9683845120,"dirty":0,"uss":112095232,"pss":1703213056,"swap":0}},"nvidia_draw_absolute":44.05,"nvidia_estimated_attributable_power_draw":44.05,"average_gpu_estimated_utilization_absolute":0.145,"per_gpu_average_estimated_utilization_absolute":{"(0, 20571)":{"sm":14.5,"mem":0.0,"enc":0.0,"dec":0.0}},"average_gpu_estimated_utilization_relative":1.0,"per_gpu_performance_state":{"0":"P2"},"per_gpu_power_draw":{"0":44.05},"cpu_count_adjusted_average_load":[0.151875,0.156875,0.1590625],"realtime_carbon_intensity":337.277384728,"disk_write_speed":26.8499151159,"process_ids":[20657,20571]}
{"timestamp":1572411253.0567040443,"rapl_power_draw_absolute":77.3919545703,"rapl_estimated_attributable_power_draw":18.4494481168,"cpu_time_seconds":{"20657":{"user":4.56,"system":10.08,"children_user":0.42,"children_system":8.5},"20571":{"user":250.87,"system":2.56,"children_user":0.12,"children_system":0.25}},"average_relative_cpu_utilization":0.23983841,"absolute_cpu_utilization":1.0035598235,"relative_mem_usage":0.2237634166,"absolute_mem_usage":3595090944.0,"absolute_mem_percent_usage":0.0266107389,"mem_info_per_process":{"20657":{"rss":3268558848,"vms":11438239744,"shared":179490816,"text":2322432,"lib":0,"data":9683845120,"dirty":0,"uss":100511744,"pss":1679264768,"swap":0},"20571":{"rss":3319439360,"vms":11438239744,"shared":230154240,"text":2322432,"lib":0,"data":9683845120,"dirty":0,"uss":112099328,"pss":1703215104,"swap":0}},"nvidia_draw_absolute":44.17,"nvidia_estimated_attributable_power_draw":44.17,"average_gpu_estimated_utilization_absolute":0.14,"per_gpu_average_estimated_utilization_absolute":{"(0, 20571)":{"sm":14,"mem":0,"enc":0,"dec":0}},"average_gpu_estimated_utilization_relative":1.0,"per_gpu_performance_state":{"0":"P2"},"per_gpu_power_draw":{"0":44.17},"cpu_count_adjusted_average_load":[0.1496875,0.1565625,0.15875],"realtime_carbon_intensity":337.277384728,"disk_write_speed":33.0991350095,"process_ids":[20657,20571]}
{"timestamp":1572411261.3859989643,"rapl_power_draw_absolute":77.9923672609,"rapl_estimated_attributable_power_draw":18.6118079118,"cpu_time_seconds":{"20657":{"user":4.76,"system":10.44,"children_user":0.44,"children_system":8.78},"20571":{"user":259.19,"system":2.57,"children_user":0.12,"children_system":0.25}},"average_relative_cpu_utilization":0.2400771079,"absolute_cpu_utilization":0.9985790598,"relative_mem_usage":0.2237912587,"absolute_mem_usage":3595090944.0,"absolute_mem_percent_usage":0.0266107389,"mem_info_per_process":{"20657":{"rss":3268558848,"vms":11438239744,"shared":179490816,"text":2322432,"lib":0,"data":9683845120,"dirty":0,"uss":100511744,"pss":1679264768,"swap":0},"20571":{"rss":3319439360,"vms":11438239744,"shared":230154240,"text":2322432,"lib":0,"data":9683845120,"dirty":0,"uss":112099328,"pss":1703215104,"swap":0}},"nvidia_draw_absolute":44.03,"nvidia_estimated_attributable_power_draw":44.03,"average_gpu_estimated_utilization_absolute":0.145,"per_gpu_average_estimated_utilization_absolute":{"(0, 20571)":{"sm":14.5,"mem":0.0,"enc":0.0,"dec":0.0}},"average_gpu_estimated_utilization_relative":1.0,"per_gpu_performance_state":{"0":"P2"},"per_gpu_power_draw":{"0":44.03},"cpu_count_adjusted_average_load":[0.158125,0.158125,0.159375],"realtime_carbon_intensity":337.277384728,"disk_write_speed":26.9593692123,"process_ids":[20657,20571]}
{"timestamp":1572411269.6857368946,"rapl_power_draw_absolute":77.7518819371,"rapl_estimated_attributable_power_draw":18.2164563283,"cpu_time_seconds":{"20657":{"user":4.9,"system":10.8,"children_user":0.45,"children_system":9.08},"20571":{"user":267.49,"system":2.58,"children_user":0.12,"children_system":0.25}},"average_relative_cpu_utilization":0.2353462769,"absolute_cpu_utilization":1.0035839876,"relative_mem_usage":0.223772819,"absolute_mem_usage":3595115520.0,"absolute_mem_percent_usage":0.0266109208,"mem_info_per_process":{"20657":{"rss":3268558848,"vms":11438239744,"shared":179490816,"text":2322432,"lib":0,"data":9683845120,"dirty":0,"uss":100519936,"pss":1679268864,"swap":0},"20571":{"rss":3319439360,"vms":11438239744,"shared":230154240,"text":2322432,"lib":0,"data":9683845120,"dirty":0,"uss":112107520,"pss":1703219200,"swap":0}},"nvidia_draw_absolute":43.33,"nvidia_estimated_attributable_power_draw":43.33,"average_gpu_estimated_utilization_absolute":0.145,"per_gpu_average_estimated_utilization_absolute":{"(0, 20571)":{"sm":14.5,"mem":0.0,"enc":0.0,"dec":0.0}},"average_gpu_estimated_utilization_relative":1.0,"per_gpu_performance_state":{"0":"P2"},"per_gpu_power_draw":{"0":43.33},"cpu_count_adjusted_average_load":[0.155625,0.1575,0.1590625],"realtime_carbon_intensity":337.277384728,"disk_write_speed":20.5132265464,"process_ids":[20657,20571]}
{"timestamp":1572411277.9849119186,"rapl_power_draw_absolute":77.4048035577,"rapl_estimated_attributable_power_draw":18.1112102627,"cpu_time_seconds":{"20657":{"user":5.05,"system":11.16,"children_user":0.47,"children_system":9.37},"20571":{"user":275.79,"system":2.58,"children_user":0.12,"children_system":0.25}},"average_relative_cpu_utilization":0.234999474,"absolute_cpu_utilization":0.998550279,"relative_mem_usage":0.2238093034,"absolute_mem_usage":3595127808.0,"absolute_mem_percent_usage":0.0266110118,"mem_info_per_process":{"20657":{"rss":3268558848,"vms":11438239744,"shared":179490816,"text":2322432,"lib":0,"data":9683845120,"dirty":0,"uss":100524032,"pss":1679270912,"swap":0},"20571":{"rss":3319439360,"vms":11438239744,"shared":230154240,"text":2322432,"lib":0,"data":9683845120,"dirty":0,"uss":112111616,"pss":1703221248,"swap":0}},"nvidia_draw_absolute":43.89,"nvidia_estimated_attributable_power_draw":43.89,"average_gpu_estimated_utilization_absolute":0.145,"per_gpu_average_estimated_utilization_absolute":{"(0, 20571)":{"sm":14.5,"mem":0.0,"enc":0.0,"dec":0.0}},"average_gpu_estimated_utilization_relative":1.0,"per_gpu_performance_state":{"0":"P2"},"per_gpu_power_draw":{"0":43.89},"cpu_count_adjusted_average_load":[0.153125,0.156875,0.15875],"realtime_carbon_intensity":337.277384728,"disk_write_speed":25.1832081623,"process_ids":[20657,20571]}
{"timestamp":1572411286.242980957,"rapl_power_draw_absolute":77.1923298008,"rapl_estimated_attributable_power_draw":17.7000160651,"cpu_time_seconds":{"20657":{"user":5.24,"system":11.46,"children_user":0.49,"children_system":9.66},"20571":{"user":284.05,"system":2.58,"children_user":0.12,"children_system":0.25}},"average_relative_cpu_utilization":0.2298676294,"absolute_cpu_utilization":0.9985622621,"relative_mem_usage":0.2237634524,"absolute_mem_usage":3595140096.0,"absolute_mem_percent_usage":0.0266111027,"mem_info_per_process":{"20657":{"rss":3268558848,"vms":11438239744,"shared":179490816,"text":2322432,"lib":0,"data":9683845120,"dirty":0,"uss":100528128,"pss":1679272960,"swap":0},"20571":{"rss":3319439360,"vms":11438239744,"shared":230154240,"text":2322432,"lib":0,"data":9683845120,"dirty":0,"uss":112115712,"pss":1703223296,"swap":0}},"nvidia_draw_absolute":44.0,"nvidia_estimated_attributable_power_draw":44.0,"average_gpu_estimated_utilization_absolute":0.145,"per_gpu_average_estimated_utilization_absolute":{"(0, 20571)":{"sm":14.5,"mem":0.0,"enc":0.0,"dec":0.0}},"average_gpu_estimated_utilization_relative":1.0,"per_gpu_performance_state":{"0":"P2"},"per_gpu_power_draw":{"0":44.0},"cpu_count_adjusted_average_load":[0.15375,0.156875,0.15875],"realtime_carbon_intensity":337.277384728,"disk_write_speed":36.510975498,"process_ids":[20657,20571]}
{"timestamp":1572411294.5191240311,"rapl_power_draw_absolute":77.8671450129,"rapl_estimated_attributable_power_draw":17.9737772796,"cpu_time_seconds":{"20657":{"user":5.42,"system":11.77,"children_user":0.5,"children_system":9.95},"20571":{"user":292.33,"system":2.58,"children_user":0.12,"children_system":0.25}},"average_relative_cpu_utilization":0.2315441384,"absolute_cpu_utilization":1.0035709135,"relative_mem_usage":0.2237582276,"absolute_mem_usage":3595152384.0,"absolute_mem_percent_usage":0.0266111937,"mem_info_per_process":{"20657":{"rss":3268558848,"vms":11438239744,"shared":179490816,"text":2322432,"lib":0,"data":9683845120,"dirty":0,"uss":100532224,"pss":1679275008,"swap":0},"20571":{"rss":3319439360,"vms":11438239744,"shared":230154240,"text":2322432,"lib":0,"data":9683845120,"dirty":0,"uss":112119808,"pss":1703225344,"swap":0}},"nvidia_draw_absolute":43.98,"nvidia_estimated_attributable_power_draw":43.98,"average_gpu_estimated_utilization_absolute":0.14,"per_gpu_average_estimated_utilization_absolute":{"(0, 20571)":{"sm":14,"mem":0,"enc":0,"dec":0}},"average_gpu_estimated_utilization_relative":1.0,"per_gpu_performance_state":{"0":"P2"},"per_gpu_power_draw":{"0":43.98},"cpu_count_adjusted_average_load":[0.1540625,0.156875,0.15875],"realtime_carbon_intensity":337.277384728,"disk_write_speed":35.8414645335,"process_ids":[20657,20571]}
{"timestamp":1572411302.8150670528,"rapl_power_draw_absolute":78.4470337737,"rapl_estimated_attributable_power_draw":17.9514080179,"cpu_time_seconds":{"20657":{"user":5.62,"system":12.12,"children_user":0.51,"children_system":10.25},"20571":{"user":300.62,"system":2.59,"children_user":0.12,"children_system":0.25}},"average_relative_cpu_utilization":0.2293397965,"absolute_cpu_utilization":0.998583497,"relative_mem_usage":0.2237946838,"absolute_mem_usage":3595152384.0,"absolute_mem_percent_usage":0.0266111937,"mem_info_per_process":{"20657":{"rss":3268558848,"vms":11438239744,"shared":179490816,"text":2322432,"lib":0,"data":9683845120,"dirty":0,"uss":100532224,"pss":1679275008,"swap":0},"20571":{"rss":3319439360,"vms":11438239744,"shared":230154240,"text":2322432,"lib":0,"data":9683845120,"dirty":0,"uss":112119808,"pss":1703225344,"swap":0}},"nvidia_draw_absolute":43.77,"nvidia_estimated_attributable_power_draw":43.77,"average_gpu_estimated_utilization_absolute":0.14,"per_gpu_average_estimated_utilization_absolute":{"(0, 20571)":{"sm":14,"mem":0,"enc":0,"dec":0}},"average_gpu_estimated_utilization_relative":1.0,"per_gpu_performance_state":{"0":"P2"},"per_gpu_power_draw":{"0":43.77},"cpu_count_adjusted_average_load":[0.156875,0.1571875,0.1590625],"realtime_carbon_intensity":337.277384728,"disk_write_speed":31.6522579087,"process_ids":[20657,20571]}
{"timestamp":1572411311.1207439899,"rapl_power_draw_absolute":78.3457064085,"rapl_estimated_attributable_power_draw":17.9165062653,"cpu_time_seconds":{"20657":{"user":5.82,"system":12.49,"children_user":0.52,"children_system":10.54},"20571":{"user":308.92,"system":2.6,"children_user":0.12,"children_system":0.25}},"average_relative_cpu_utilization":0.2291727925,"absolute_cpu_utilization":1.0035892327,"relative_mem_usage":0.2237846646,"absolute_mem_usage":3595164672.0,"absolute_mem_percent_usage":0.0266112847,"mem_info_per_process":{"20657":{"rss":3268558848,"vms":11438239744,"shared":179490816,"text":2322432,"lib":0,"data":9683845120,"dirty":0,"uss":100536320,"pss":1679277056,"swap":0},"20571":{"rss":3319439360,"vms":11438239744,"shared":230154240,"text":2322432,"lib":0,"data":9683845120,"dirty":0,"uss":112123904,"pss":1703227392,"swap":0}},"nvidia_draw_absolute":43.68,"nvidia_estimated_attributable_power_draw":43.68,"average_gpu_estimated_utilization_absolute":0.14,"per_gpu_average_estimated_utilization_absolute":{"(0, 20571)":{"sm":14,"mem":0,"enc":0,"dec":0}},"average_gpu_estimated_utilization_relative":1.0,"per_gpu_performance_state":{"0":"P2"},"per_gpu_power_draw":{"0":43.68},"cpu_count_adjusted_average_load":[0.151875,0.15625,0.15875],"realtime_carbon_intensity":337.277384728,"disk_write_speed":23.1788902979,"process_ids":[20657,20571]}
{"timestamp":1572411319.4295399189,"rapl_power_draw_absolute":77.9390839686,"rapl_estimated_attributable_power_draw":18.0487228042,"cpu_time_seconds":{"20657":{"user":5.98,"system":12.82,"children_user":0.52,"children_system":10.83},"20571":{"user":317.22,"system":2.61,"children_user":0.12,"children_system":0.25}},"average_relative_cpu_utilization":0.2323516785,"absolute_cpu_utilization":1.0035854044,"relative_mem_usage":0.2237612973,"absolute_mem_usage":3595176960.0,"absolute_mem_percent_usage":0.0266113756,"mem_info_per_process":{"20657":{"rss":3268558848,"vms":11438239744,"shared":179490816,"text":2322432,"lib":0,"data":9683845120,"dirty":0,"uss":100540416,"pss":1679279104,"swap":0},"20571":{"rss":3319439360,"vms":11438239744,"shared":230154240,"text":2322432,"lib":0,"data":9683845120,"dirty":0,"uss":112128000,"pss":1703229440,"swap":0}},"nvidia_draw_absolute":43.98,"nvidia_estimated_attributable_power_draw":43.98,"average_gpu_estimated_utilization_absolute":0.14,"per_gpu_average_estimated_utilization_absolute":{"(0, 20571)":{"sm":14,"mem":0,"enc":0,"dec":0}},"average_gpu_estimated_utilization_relative":1.0,"per_gpu_performance_state":{"0":"P2"},"per_gpu_power_draw":{"0":43.98},"cpu_count_adjusted_average_load":[0.1553125,0.156875,0.15875],"realtime_carbon_intensity":337.277384728,"disk_write_speed":21.8413725163,"process_ids":[20657,20571]}
{"timestamp":1572411327.7073190212,"rapl_power_draw_absolute":78.1083896159,"rapl_estimated_attributable_power_draw":17.8287941501,"cpu_time_seconds":{"20657":{"user":6.13,"system":13.14,"children_user":0.55,"children_system":11.12},"20571":{"user":325.49,"system":2.62,"children_user":0.12,"children_system":0.25}},"average_relative_cpu_utilization":0.2287178703,"absolute_cpu_utilization":0.9936032003,"relative_mem_usage":0.223763146,"absolute_mem_usage":3595189248.0,"absolute_mem_percent_usage":0.0266114666,"mem_info_per_process":{"20657":{"rss":3268558848,"vms":11438239744,"shared":179490816,"text":2322432,"lib":0,"data":9683845120,"dirty":0,"uss":100544512,"pss":1679281152,"swap":0},"20571":{"rss":3319439360,"vms":11438239744,"shared":230154240,"text":2322432,"lib":0,"data":9683845120,"dirty":0,"uss":112132096,"pss":1703231488,"swap":0}},"nvidia_draw_absolute":43.39,"nvidia_estimated_attributable_power_draw":43.39,"average_gpu_estimated_utilization_absolute":0.145,"per_gpu_average_estimated_utilization_absolute":{"(0, 20571)":{"sm":14.5,"mem":0.0,"enc":0.0,"dec":0.0}},"average_gpu_estimated_utilization_relative":1.0,"per_gpu_performance_state":{"0":"P2"},"per_gpu_power_draw":{"0":43.39},"cpu_count_adjusted_average_load":[0.1528125,0.15625,0.15875],"realtime_carbon_intensity":337.277384728,"disk_write_speed":23.0435794623,"process_ids":[20657,20571]}
{"timestamp":1572411335.9928629398,"rapl_power_draw_absolute":78.6364682901,"rapl_estimated_attributable_power_draw":18.0892639571,"cpu_time_seconds":{"20657":{"user":6.28,"system":13.49,"children_user":0.56,"children_system":11.4},"20571":{"user":333.78,"system":2.62,"children_user":0.12,"children_system":0.25}},"average_relative_cpu_utilization":0.2306624223,"absolute_cpu_utilization":0.9985830977,"relative_mem_usage":0.2237693195,"absolute_mem_usage":3595226112.0,"absolute_mem_percent_usage":0.0266117394,"mem_info_per_process":{"20657":{"rss":3268558848,"vms":11438239744,"shared":179490816,"text":2322432,"lib":0,"data":9683845120,"dirty":0,"uss":100556800,"pss":1679287296,"swap":0},"20571":{"rss":3319439360,"vms":11438239744,"shared":230154240,"text":2322432,"lib":0,"data":9683845120,"dirty":0,"uss":112144384,"pss":1703237632,"swap":0}},"nvidia_draw_absolute":43.73,"nvidia_estimated_attributable_power_draw":43.73,"average_gpu_estimated_utilization_absolute":0.14,"per_gpu_average_estimated_utilization_absolute":{"(0, 20571)":{"sm":14,"mem":0,"enc":0,"dec":0}},"average_gpu_estimated_utilization_relative":1.0,"per_gpu_performance_state":{"0":"P2"},"per_gpu_power_draw":{"0":43.73},"cpu_count_adjusted_average_load":[0.1553125,0.156875,0.15875],"realtime_carbon_intensity":337.277384728,"disk_write_speed":19.370875501,"process_ids":[20657,20571]}
{"timestamp":1572411344.2658700943,"rapl_power_draw_absolute":78.2079542112,"rapl_estimated_attributable_power_draw":17.8777943046,"cpu_time_seconds":{"20657":{"user":6.42,"system":13.82,"children_user":0.57,"children_system":11.71},"20571":{"user":342.05,"system":2.63,"children_user":0.12,"children_system":0.25}},"average_relative_cpu_utilization":0.2290772426,"absolute_cpu_utilization":0.9985923047,"relative_mem_usage":0.2237415409,"absolute_mem_usage":3595226112.0,"absolute_mem_percent_usage":0.0266117394,"mem_info_per_process":{"20657":{"rss":3268558848,"vms":11438239744,"shared":179490816,"text":2322432,"lib":0,"data":9683845120,"dirty":0,"uss":100556800,"pss":1679287296,"swap":0},"20571":{"rss":3319439360,"vms":11438239744,"shared":230154240,"text":2322432,"lib":0,"data":9683845120,"dirty":0,"uss":112144384,"pss":1703237632,"swap":0}},"nvidia_draw_absolute":43.77,"nvidia_estimated_attributable_power_draw":43.77,"average_gpu_estimated_utilization_absolute":0.14,"per_gpu_average_estimated_utilization_absolute":{"(0, 20571)":{"sm":14,"mem":0,"enc":0,"dec":0}},"average_gpu_estimated_utilization_relative":1.0,"per_gpu_performance_state":{"0":"P2"},"per_gpu_power_draw":{"0":43.77},"cpu_count_adjusted_average_load":[0.155625,0.156875,0.15875],"realtime_carbon_intensity":337.277384728,"disk_write_speed":17.9589722462,"process_ids":[20657,20571]}
{"timestamp":1572411352.5470359325,"rapl_power_draw_absolute":77.9120411132,"rapl_estimated_attributable_power_draw":17.7803316496,"cpu_time_seconds":{"20657":{"user":6.55,"system":14.17,"children_user":0.58,"children_system":12.0},"20571":{"user":350.31,"system":2.66,"children_user":0.12,"children_system":0.25}},"average_relative_cpu_utilization":0.2286515253,"absolute_cpu_utilization":1.0035497817,"relative_mem_usage":0.2237587325,"absolute_mem_usage":3595238400.0,"absolute_mem_percent_usage":0.0266118304,"mem_info_per_process":{"20657":{"rss":3268558848,"vms":11438239744,"shared":179490816,"text":2322432,"lib":0,"data":9683845120,"dirty":0,"uss":100560896,"pss":1679289344,"swap":0},"20571":{"rss":3319439360,"vms":11438239744,"shared":230154240,"text":2322432,"lib":0,"data":9683845120,"dirty":0,"uss":112148480,"pss":1703239680,"swap":0}},"nvidia_draw_absolute":43.94,"nvidia_estimated_attributable_power_draw":43.94,"average_gpu_estimated_utilization_absolute":0.145,"per_gpu_average_estimated_utilization_absolute":{"(0, 20571)":{"sm":14.5,"mem":0.0,"enc":0.0,"dec":0.0}},"average_gpu_estimated_utilization_relative":1.0,"per_gpu_performance_state":{"0":"P2"},"per_gpu_power_draw":{"0":43.94},"cpu_count_adjusted_average_load":[0.1621875,0.158125,0.1590625],"realtime_carbon_intensity":337.277384728,"disk_write_speed":3.4628797364,"process_ids":[20657,20571]}
{"timestamp":1572411360.9469530582,"rapl_power_draw_absolute":77.9241177591,"rapl_estimated_attributable_power_draw":17.8873625609,"cpu_time_seconds":{"20657":{"user":6.63,"system":14.5,"children_user":0.6,"children_system":12.29},"20571":{"user":358.7,"system":2.66,"children_user":0.12,"children_system":0.25}},"average_relative_cpu_utilization":0.230131326,"absolute_cpu_utilization":0.9985627042,"relative_mem_usage":0.2237215775,"absolute_mem_usage":3595251712.0,"absolute_mem_percent_usage":0.0266119289,"mem_info_per_process":{"20657":{"rss":3268558848,"vms":11438239744,"shared":179490816,"text":2322432,"lib":0,"data":9683845120,"dirty":0,"uss":100564992,"pss":1679292416,"swap":0},"20571":{"rss":3319439360,"vms":11438239744,"shared":230154240,"text":2322432,"lib":0,"data":9683845120,"dirty":0,"uss":112152576,"pss":1703241728,"swap":0}},"nvidia_draw_absolute":43.84,"nvidia_estimated_attributable_power_draw":43.84,"average_gpu_estimated_utilization_absolute":0.145,"per_gpu_average_estimated_utilization_absolute":{"(0, 20571)":{"sm":14.5,"mem":0.0,"enc":0.0,"dec":0.0}},"average_gpu_estimated_utilization_relative":1.0,"per_gpu_performance_state":{"0":"P2"},"per_gpu_power_draw":{"0":43.84},"cpu_count_adjusted_average_load":[0.1659375,0.1590625,0.159375],"realtime_carbon_intensity":337.277384728,"disk_write_speed":6.379079838,"process_ids":[20657,20571]}
{"timestamp":1572411369.410132885,"rapl_power_draw_absolute":76.9075235891,"rapl_estimated_attributable_power_draw":18.1872714739,"cpu_time_seconds":{"20657":{"user":6.73,"system":14.85,"children_user":0.61,"children_system":12.58},"20571":{"user":367.16,"system":2.67,"children_user":0.12,"children_system":0.25}},"average_relative_cpu_utilization":0.2377937209,"absolute_cpu_utilization":0.9985977934,"relative_mem_usage":0.223791475,"absolute_mem_usage":3595264000.0,"absolute_mem_percent_usage":0.0266120199,"mem_info_per_process":{"20657":{"rss":3268558848,"vms":11438239744,"shared":179490816,"text":2322432,"lib":0,"data":9683845120,"dirty":0,"uss":100569088,"pss":1679294464,"swap":0},"20571":{"rss":3319439360,"vms":11438239744,"shared":230154240,"text":2322432,"lib":0,"data":9683845120,"dirty":0,"uss":112156672,"pss":1703243776,"swap":0}},"nvidia_draw_absolute":43.59,"nvidia_estimated_attributable_power_draw":43.59,"average_gpu_estimated_utilization_absolute":0.14,"per_gpu_average_estimated_utilization_absolute":{"(0, 20571)":{"sm":14,"mem":0,"enc":0,"dec":0}},"average_gpu_estimated_utilization_relative":1.0,"per_gpu_performance_state":{"0":"P2"},"per_gpu_power_draw":{"0":43.59},"cpu_count_adjusted_average_load":[0.1646875,0.1590625,0.159375],"realtime_carbon_intensity":337.277384728,"disk_write_speed":24.216503531,"process_ids":[20657,20571]}
{"timestamp":1572411377.7211179733,"rapl_power_draw_absolute":77.7830933396,"rapl_estimated_attributable_power_draw":18.2221633872,"cpu_time_seconds":{"20657":{"user":6.9,"system":15.21,"children_user":0.62,"children_system":12.88},"20571":{"user":375.47,"system":2.68,"children_user":0.12,"children_system":0.25}},"average_relative_cpu_utilization":0.2352728952,"absolute_cpu_utilization":0.9985846207,"relative_mem_usage":0.2238208297,"absolute_mem_usage":3595276288.0,"absolute_mem_percent_usage":0.0266121108,"mem_info_per_process":{"20657":{"rss":3268558848,"vms":11438239744,"shared":179490816,"text":2322432,"lib":0,"data":9683845120,"dirty":0,"uss":100573184,"pss":1679296512,"swap":0},"20571":{"rss":3319439360,"vms":11438239744,"shared":230154240,"text":2322432,"lib":0,"data":9683845120,"dirty":0,"uss":112160768,"pss":1703245824,"swap":0}},"nvidia_draw_absolute":43.62,"nvidia_estimated_attributable_power_draw":43.62,"average_gpu_estimated_utilization_absolute":0.14,"per_gpu_average_estimated_utilization_absolute":{"(0, 20571)":{"sm":14,"mem":0,"enc":0,"dec":0}},"average_gpu_estimated_utilization_relative":1.0,"per_gpu_performance_state":{"0":"P2"},"per_gpu_power_draw":{"0":43.62},"cpu_count_adjusted_average_load":[0.1665625,0.1596875,0.1596875],"realtime_carbon_intensity":337.277384728,"disk_write_speed":13.8801233435,"process_ids":[20657,20571]}
{"timestamp":1572411386.239151001,"rapl_power_draw_absolute":78.0753729489,"rapl_estimated_attributable_power_draw":18.434539822,"cpu_time_seconds":{"20657":{"user":7.0,"system":15.56,"children_user":0.64,"children_system":13.17},"20571":{"user":383.98,"system":2.69,"children_user":0.12,"children_system":0.25}},"average_relative_cpu_utilization":0.237301067,"absolute_cpu_utilization":1.0036787365,"relative_mem_usage":0.2237976389,"absolute_mem_usage":3595325440.0,"absolute_mem_percent_usage":0.0266124747,"mem_info_per_process":{"20657":{"rss":3268558848,"vms":11438239744,"shared":179490816,"text":2322432,"lib":0,"data":9683845120,"dirty":0,"uss":100589568,"pss":1679304704,"swap":0},"20571":{"rss":3319439360,"vms":11438239744,"shared":230154240,"text":2322432,"lib":0,"data":9683845120,"dirty":0,"uss":112177152,"pss":1703254016,"swap":0}},"nvidia_draw_absolute":44.16,"nvidia_estimated_attributable_power_draw":44.16,"average_gpu_estimated_utilization_absolute":0.14,"per_gpu_average_estimated_utilization_absolute":{"(0, 20571)":{"sm":14,"mem":0,"enc":0,"dec":0}},"average_gpu_estimated_utilization_relative":1.0,"per_gpu_performance_state":{"0":"P2"},"per_gpu_power_draw":{"0":44.16},"cpu_count_adjusted_average_load":[0.1625,0.1590625,0.159375],"realtime_carbon_intensity":337.277384728,"disk_write_speed":25.5274418134,"process_ids":[20657,20571]}
{"timestamp":1572411394.497289896,"rapl_power_draw_absolute":77.8682219316,"rapl_estimated_attributable_power_draw":18.3219592258,"cpu_time_seconds":{"20657":{"user":7.16,"system":15.9,"children_user":0.66,"children_system":13.45},"20571":{"user":392.24,"system":2.69,"children_user":0.12,"children_system":0.25}},"average_relative_cpu_utilization":0.236390401,"absolute_cpu_utilization":0.9985849365,"relative_mem_usage":0.22399407,"absolute_mem_usage":3595338752.0,"absolute_mem_percent_usage":0.0266125732,"mem_info_per_process":{"20657":{"rss":3268558848,"vms":11438239744,"shared":179490816,"text":2322432,"lib":0,"data":9683845120,"dirty":0,"uss":100589568,"pss":1679306752,"swap":0},"20571":{"rss":3319439360,"vms":11438239744,"shared":230154240,"text":2322432,"lib":0,"data":9683845120,"dirty":0,"uss":112177152,"pss":1703265280,"swap":0}},"nvidia_draw_absolute":43.88,"nvidia_estimated_attributable_power_draw":43.88,"average_gpu_estimated_utilization_absolute":0.14,"per_gpu_average_estimated_utilization_absolute":{"(0, 20571)":{"sm":14,"mem":0,"enc":0,"dec":0}},"average_gpu_estimated_utilization_relative":1.0,"per_gpu_performance_state":{"0":"P2"},"per_gpu_power_draw":{"0":43.88},"cpu_count_adjusted_average_load":[0.161875,0.15875,0.159375],"realtime_carbon_intensity":337.277384728,"disk_write_speed":15.5405731638,"process_ids":[20657,20571]}
{"timestamp":1572411402.8710100651,"rapl_power_draw_absolute":77.6124225355,"rapl_estimated_attributable_power_draw":18.2446987152,"cpu_time_seconds":{"20657":{"user":7.28,"system":16.23,"children_user":0.68,"children_system":13.74},"20571":{"user":400.61,"system":2.7,"children_user":0.12,"children_system":0.25}},"average_relative_cpu_utilization":0.2361707353,"absolute_cpu_utilization":1.0035610671,"relative_mem_usage":0.2240040163,"absolute_mem_usage":3595338752.0,"absolute_mem_percent_usage":0.0266125732,"mem_info_per_process":{"20657":{"rss":3268558848,"vms":11438239744,"shared":179490816,"text":2322432,"lib":0,"data":9683845120,"dirty":0,"uss":100589568,"pss":1679306752,"swap":0},"20571":{"rss":3319439360,"vms":11438239744,"shared":230154240,"text":2322432,"lib":0,"data":9683845120,"dirty":0,"uss":112177152,"pss":1703265280,"swap":0}},"nvidia_draw_absolute":43.94,"nvidia_estimated_attributable_power_draw":43.94,"average_gpu_estimated_utilization_absolute":0.145,"per_gpu_average_estimated_utilization_absolute":{"(0, 20571)":{"sm":14.5,"mem":0.0,"enc":0.0,"dec":0.0}},"average_gpu_estimated_utilization_relative":1.0,"per_gpu_performance_state":{"0":"P2"},"per_gpu_power_draw":{"0":43.94},"cpu_count_adjusted_average_load":[0.1690625,0.1603125,0.1596875],"realtime_carbon_intensity":337.277384728,"disk_write_speed":24.9756783967,"process_ids":[20657,20571]}
{"timestamp":1572411411.1489369869,"rapl_power_draw_absolute":77.6704146307,"rapl_estimated_attributable_power_draw":18.2985633593,"cpu_time_seconds":{"20657":{"user":7.43,"system":16.56,"children_user":0.7,"children_system":14.02},"20571":{"user":408.88,"system":2.71,"children_user":0.12,"children_system":0.25}},"average_relative_cpu_utilization":0.2367296158,"absolute_cpu_utilization":1.0034724374,"relative_mem_usage":0.223979095,"absolute_mem_usage":3595338752.0,"absolute_mem_percent_usage":0.0266125732,"mem_info_per_process":{"20657":{"rss":3268558848,"vms":11438239744,"shared":179490816,"text":2322432,"lib":0,"data":9683845120,"dirty":0,"uss":100589568,"pss":1679306752,"swap":0},"20571":{"rss":3319439360,"vms":11438239744,"shared":230154240,"text":2322432,"lib":0,"data":9683845120,"dirty":0,"uss":112177152,"pss":1703265280,"swap":0}},"nvidia_draw_absolute":43.84,"nvidia_estimated_attributable_power_draw":43.84,"average_gpu_estimated_utilization_absolute":0.14,"per_gpu_average_estimated_utilization_absolute":{"(0, 20571)":{"sm":14,"mem":0,"enc":0,"dec":0}},"average_gpu_estimated_utilization_relative":1.0,"per_gpu_performance_state":{"0":"P2"},"per_gpu_power_draw":{"0":43.84},"cpu_count_adjusted_average_load":[0.164375,0.1596875,0.1596875],"realtime_carbon_intensity":337.277384728,"disk_write_speed":19.6498626786,"process_ids":[20657,20571]}
{"timestamp":1572411419.5533349514,"rapl_power_draw_absolute":77.7295694292,"rapl_estimated_attributable_power_draw":18.1904634765,"cpu_time_seconds":{"20657":{"user":7.56,"system":16.88,"children_user":0.71,"children_system":14.31},"20571":{"user":417.28,"system":2.71,"children_user":0.12,"children_system":0.25}},"average_relative_cpu_utilization":0.2349982226,"absolute_cpu_utilization":0.998591207,"relative_mem_usage":0.223975323,"absolute_mem_usage":3595338752.0,"absolute_mem_percent_usage":0.0266125732,"mem_info_per_process":{"20657":{"rss":3268558848,"vms":11438239744,"shared":179490816,"text":2322432,"lib":0,"data":9683845120,"dirty":0,"uss":100589568,"pss":1679306752,"swap":0},"20571":{"rss":3319439360,"vms":11438239744,"shared":230154240,"text":2322432,"lib":0,"data":9683845120,"dirty":0,"uss":112177152,"pss":1703265280,"swap":0}},"nvidia_draw_absolute":43.71,"nvidia_estimated_attributable_power_draw":43.71,"average_gpu_estimated_utilization_absolute":0.145,"per_gpu_average_estimated_utilization_absolute":{"(0, 20571)":{"sm":14.5,"mem":0.0,"enc":0.0,"dec":0.0}},"average_gpu_estimated_utilization_relative":1.0,"per_gpu_performance_state":{"0":"P2"},"per_gpu_power_draw":{"0":43.71},"cpu_count_adjusted_average_load":[0.1659375,0.16,0.1596875],"realtime_carbon_intensity":337.277384728,"disk_write_speed":13.5674452972,"process_ids":[20657,20571]}
{"timestamp":1572411427.8526089191,"rapl_power_draw_absolute":77.6585338978,"rapl_estimated_attributable_power_draw":18.115147032,"cpu_time_seconds":{"20657":{"user":7.68,"system":17.22,"children_user":0.73,"children_system":14.59},"20571":{"user":425.58,"system":2.72,"children_user":0.12,"children_system":0.25}},"average_relative_cpu_utilization":0.2341723494,"absolute_cpu_utilization":0.9985996546,"relative_mem_usage":0.2239789236,"absolute_mem_usage":3595338752.0,"absolute_mem_percent_usage":0.0266125732,"mem_info_per_process":{"20657":{"rss":3268558848,"vms":11438239744,"shared":179490816,"text":2322432,"lib":0,"data":9683845120,"dirty":0,"uss":100589568,"pss":1679306752,"swap":0},"20571":{"rss":3319439360,"vms":11438239744,"shared":230154240,"text":2322432,"lib":0,"data":9683845120,"dirty":0,"uss":112177152,"pss":1703265280,"swap":0}},"nvidia_draw_absolute":43.88,"nvidia_estimated_attributable_power_draw":43.88,"average_gpu_estimated_utilization_absolute":0.14,"per_gpu_average_estimated_utilization_absolute":{"(0, 20571)":{"sm":14,"mem":0,"enc":0,"dec":0}},"average_gpu_estimated_utilization_relative":1.0,"per_gpu_performance_state":{"0":"P2"},"per_gpu_power_draw":{"0":43.88},"cpu_count_adjusted_average_load":[0.1775,0.1625,0.160625],"realtime_carbon_intensity":337.277384728,"disk_write_speed":25.2194444187,"process_ids":[20657,20571]}
{"timestamp":1572411436.1687150002,"rapl_power_draw_absolute":77.9363835702,"rapl_estimated_attributable_power_draw":18.2175501776,"cpu_time_seconds":{"20657":{"user":7.85,"system":17.58,"children_user":0.74,"children_system":14.86},"20571":{"user":433.9,"system":2.72,"children_user":0.12,"children_system":0.25}},"average_relative_cpu_utilization":0.2347233825,"absolute_cpu_utilization":0.9985896152,"relative_mem_usage":0.2239825814,"absolute_mem_usage":3595338752.0,"absolute_mem_percent_usage":0.0266125732,"mem_info_per_process":{"20657":{"rss":3268558848,"vms":11438239744,"shared":179490816,"text":2322432,"lib":0,"data":9683845120,"dirty":0,"uss":100589568,"pss":1679306752,"swap":0},"20571":{"rss":3319439360,"vms":11438239744,"shared":230154240,"text":2322432,"lib":0,"data":9683845120,"dirty":0,"uss":112177152,"pss":1703265280,"swap":0}},"nvidia_draw_absolute":43.51,"nvidia_estimated_attributable_power_draw":43.51,"average_gpu_estimated_utilization_absolute":0.14,"per_gpu_average_estimated_utilization_absolute":{"(0, 20571)":{"sm":14,"mem":0,"enc":0,"dec":0}},"average_gpu_estimated_utilization_relative":1.0,"per_gpu_performance_state":{"0":"P2"},"per_gpu_power_draw":{"0":43.51},"cpu_count_adjusted_average_load":[0.171875,0.161875,0.1603125],"realtime_carbon_intensity":337.277384728,"disk_write_speed":30.4548998003,"process_ids":[20657,20571]}
{"timestamp":1572411444.4871449471,"rapl_power_draw_absolute":77.665426249,"rapl_estimated_attributable_power_draw":18.2897284911,"cpu_time_seconds":{"20657":{"user":8.01,"system":17.93,"children_user":0.76,"children_system":15.15},"20571":{"user":442.22,"system":2.72,"children_user":0.12,"children_system":0.25}},"average_relative_cpu_utilization":0.2366667329,"absolute_cpu_utilization":0.9985827429,"relative_mem_usage":0.2240158378,"absolute_mem_usage":3595363328.0,"absolute_mem_percent_usage":0.0266127551,"mem_info_per_process":{"20657":{"rss":3268558848,"vms":11438239744,"shared":179490816,"text":2322432,"lib":0,"data":9683845120,"dirty":0,"uss":100597760,"pss":1679310848,"swap":0},"20571":{"rss":3319439360,"vms":11438239744,"shared":230154240,"text":2322432,"lib":0,"data":9683845120,"dirty":0,"uss":112185344,"pss":1703269376,"swap":0}},"nvidia_draw_absolute":43.58,"nvidia_estimated_attributable_power_draw":43.58,"average_gpu_estimated_utilization_absolute":0.145,"per_gpu_average_estimated_utilization_absolute":{"(0, 20571)":{"sm":14.5,"mem":0.0,"enc":0.0,"dec":0.0}},"average_gpu_estimated_utilization_relative":1.0,"per_gpu_performance_state":{"0":"P2"},"per_gpu_power_draw":{"0":43.58},"cpu_count_adjusted_average_load":[0.1721875,0.1621875,0.1603125],"realtime_carbon_intensity":337.461173778,"disk_write_speed":20.8771741521,"process_ids":[20657,20571]}
{"timestamp":1572411452.9327700138,"rapl_power_draw_absolute":77.3108115924,"rapl_estimated_attributable_power_draw":18.1881298838,"cpu_time_seconds":{"20657":{"user":8.19,"system":18.25,"children_user":0.79,"children_system":15.42},"20571":{"user":450.66,"system":2.74,"children_user":0.12,"children_system":0.25}},"average_relative_cpu_utilization":0.2364520522,"absolute_cpu_utilization":1.0035973383,"relative_mem_usage":0.2239955093,"absolute_mem_usage":3595375616.0,"absolute_mem_percent_usage":0.0266128461,"mem_info_per_process":{"20657":{"rss":3268558848,"vms":11438239744,"shared":179490816,"text":2322432,"lib":0,"data":9683845120,"dirty":0,"uss":100601856,"pss":1679312896,"swap":0},"20571":{"rss":3319439360,"vms":11438239744,"shared":230154240,"text":2322432,"lib":0,"data":9683845120,"dirty":0,"uss":112189440,"pss":1703271424,"swap":0}},"nvidia_draw_absolute":43.49,"nvidia_estimated_attributable_power_draw":43.49,"average_gpu_estimated_utilization_absolute":0.145,"per_gpu_average_estimated_utilization_absolute":{"(0, 20571)":{"sm":14.5,"mem":0.0,"enc":0.0,"dec":0.0}},"average_gpu_estimated_utilization_relative":1.0,"per_gpu_performance_state":{"0":"P2"},"per_gpu_power_draw":{"0":43.49},"cpu_count_adjusted_average_load":[0.1759375,0.163125,0.160625],"realtime_carbon_intensity":337.461173778,"disk_write_speed":22.2840703114,"process_ids":[20657,20571]}
{"timestamp":1572411461.230807066,"rapl_power_draw_absolute":77.0742264464,"rapl_estimated_attributable_power_draw":17.8792047779,"cpu_time_seconds":{"20657":{"user":8.33,"system":18.59,"children_user":0.81,"children_system":15.71},"20571":{"user":458.95,"system":2.74,"children_user":0.12,"children_system":0.25}},"average_relative_cpu_utilization":0.2328106411,"absolute_cpu_utilization":0.9985793569,"relative_mem_usage":0.2239656184,"absolute_mem_usage":3595375616.0,"absolute_mem_percent_usage":0.0266128461,"mem_info_per_process":{"20657":{"rss":3268558848,"vms":11438239744,"shared":179490816,"text":2322432,"lib":0,"data":9683845120,"dirty":0,"uss":100601856,"pss":1679312896,"swap":0},"20571":{"rss":3319439360,"vms":11438239744,"shared":230154240,"text":2322432,"lib":0,"data":9683845120,"dirty":0,"uss":112189440,"pss":1703271424,"swap":0}},"nvidia_draw_absolute":43.9,"nvidia_estimated_attributable_power_draw":43.9,"average_gpu_estimated_utilization_absolute":0.145,"per_gpu_average_estimated_utilization_absolute":{"(0, 20571)":{"sm":14.5,"mem":0.0,"enc":0.0,"dec":0.0}},"average_gpu_estimated_utilization_relative":1.0,"per_gpu_performance_state":{"0":"P2"},"per_gpu_power_draw":{"0":43.9},"cpu_count_adjusted_average_load":[0.1753125,0.1634375,0.1609375],"realtime_carbon_intensity":337.461173778,"disk_write_speed":33.3447757418,"process_ids":[20657,20571]}
{"timestamp":1572411469.5156900883,"rapl_power_draw_absolute":78.0072105257,"rapl_estimated_attributable_power_draw":18.1745483229,"cpu_time_seconds":{"20657":{"user":8.54,"system":18.96,"children_user":0.81,"children_system":16.01},"20571":{"user":467.24,"system":2.74,"children_user":0.12,"children_system":0.25}},"average_relative_cpu_utilization":0.2338996947,"absolute_cpu_utilization":0.9985915135,"relative_mem_usage":0.2239521901,"absolute_mem_usage":3595375616.0,"absolute_mem_percent_usage":0.0266128461,"mem_info_per_process":{"20657":{"rss":3268558848,"vms":11438239744,"shared":179490816,"text":2322432,"lib":0,"data":9683845120,"dirty":0,"uss":100601856,"pss":1679312896,"swap":0},"20571":{"rss":3319439360,"vms":11438239744,"shared":230154240,"text":2322432,"lib":0,"data":9683845120,"dirty":0,"uss":112189440,"pss":1703271424,"swap":0}},"nvidia_draw_absolute":43.8,"nvidia_estimated_attributable_power_draw":43.8,"average_gpu_estimated_utilization_absolute":0.145,"per_gpu_average_estimated_utilization_absolute":{"(0, 20571)":{"sm":14.5,"mem":0.0,"enc":0.0,"dec":0.0}},"average_gpu_estimated_utilization_relative":1.0,"per_gpu_performance_state":{"0":"P2"},"per_gpu_power_draw":{"0":43.8},"cpu_count_adjusted_average_load":[0.1725,0.163125,0.1609375],"realtime_carbon_intensity":337.461173778,"disk_write_speed":29.1435313322,"process_ids":[20657,20571]}
{"timestamp":1572411477.8426930904,"rapl_power_draw_absolute":77.6399111824,"rapl_estimated_attributable_power_draw":18.1921374113,"cpu_time_seconds":{"20657":{"user":8.74,"system":19.3,"children_user":0.83,"children_system":16.3},"20571":{"user":475.56,"system":2.75,"children_user":0.12,"children_system":0.25}},"average_relative_cpu_utilization":0.2353512695,"absolute_cpu_utilization":1.0035938662,"relative_mem_usage":0.223983049,"absolute_mem_usage":3595375616.0,"absolute_mem_percent_usage":0.0266128461,"mem_info_per_process":{"20657":{"rss":3268558848,"vms":11438239744,"shared":179490816,"text":2322432,"lib":0,"data":9683845120,"dirty":0,"uss":100601856,"pss":1679312896,"swap":0},"20571":{"rss":3319439360,"vms":11438239744,"shared":230154240,"text":2322432,"lib":0,"data":9683845120,"dirty":0,"uss":112189440,"pss":1703271424,"swap":0}},"nvidia_draw_absolute":43.91,"nvidia_estimated_attributable_power_draw":43.91,"average_gpu_estimated_utilization_absolute":0.14,"per_gpu_average_estimated_utilization_absolute":{"(0, 20571)":{"sm":14,"mem":0,"enc":0,"dec":0}},"average_gpu_estimated_utilization_relative":1.0,"per_gpu_performance_state":{"0":"P2"},"per_gpu_power_draw":{"0":43.91},"cpu_count_adjusted_average_load":[0.16875,0.1625,0.160625],"realtime_carbon_intensity":337.461173778,"disk_write_speed":27.7508657044,"process_ids":[20657,20571]}
{"timestamp":1572411486.193144083,"rapl_power_draw_absolute":77.9386052596,"rapl_estimated_attributable_power_draw":17.9533809703,"cpu_time_seconds":{"20657":{"user":8.93,"system":19.65,"children_user":0.85,"children_system":16.58},"20571":{"user":483.92,"system":2.75,"children_user":0.12,"children_system":0.25}},"average_relative_cpu_utilization":0.2310130767,"absolute_cpu_utilization":1.0035414159,"relative_mem_usage":0.2239289373,"absolute_mem_usage":3595375616.0,"absolute_mem_percent_usage":0.0266128461,"mem_info_per_process":{"20657":{"rss":3268558848,"vms":11438239744,"shared":179490816,"text":2322432,"lib":0,"data":9683845120,"dirty":0,"uss":100601856,"pss":1679312896,"swap":0},"20571":{"rss":3319439360,"vms":11438239744,"shared":230154240,"text":2322432,"lib":0,"data":9683845120,"dirty":0,"uss":112189440,"pss":1703271424,"swap":0}},"nvidia_draw_absolute":44.06,"nvidia_estimated_attributable_power_draw":44.06,"average_gpu_estimated_utilization_absolute":0.145,"per_gpu_average_estimated_utilization_absolute":{"(0, 20571)":{"sm":14.5,"mem":0.0,"enc":0.0,"dec":0.0}},"average_gpu_estimated_utilization_relative":1.0,"per_gpu_performance_state":{"0":"P2"},"per_gpu_power_draw":{"0":44.06},"cpu_count_adjusted_average_load":[0.1690625,0.1628125,0.160625],"realtime_carbon_intensity":337.461173778,"disk_write_speed":21.1579705466,"process_ids":[20657,20571]}
{"timestamp":1572411494.567538023,"rapl_power_draw_absolute":77.786535542,"rapl_estimated_attributable_power_draw":17.7090908746,"cpu_time_seconds":{"20657":{"user":9.08,"system":20.01,"children_user":0.86,"children_system":16.86},"20571":{"user":492.28,"system":2.76,"children_user":0.12,"children_system":0.25}},"average_relative_cpu_utilization":0.2280318431,"absolute_cpu_utilization":0.9985921673,"relative_mem_usage":0.2239931086,"absolute_mem_usage":3595375616.0,"absolute_mem_percent_usage":0.0266128461,"mem_info_per_process":{"20657":{"rss":3268558848,"vms":11438239744,"shared":179490816,"text":2322432,"lib":0,"data":9683845120,"dirty":0,"uss":100601856,"pss":1679312896,"swap":0},"20571":{"rss":3319439360,"vms":11438239744,"shared":230154240,"text":2322432,"lib":0,"data":9683845120,"dirty":0,"uss":112189440,"pss":1703271424,"swap":0}},"nvidia_draw_absolute":43.55,"nvidia_estimated_attributable_power_draw":43.55,"average_gpu_estimated_utilization_absolute":0.14,"per_gpu_average_estimated_utilization_absolute":{"(0, 20571)":{"sm":14,"mem":0,"enc":0,"dec":0}},"average_gpu_estimated_utilization_relative":1.0,"per_gpu_performance_state":{"0":"P2"},"per_gpu_power_draw":{"0":43.55},"cpu_count_adjusted_average_load":[0.165,0.1621875,0.160625],"realtime_carbon_intensity":337.461173778,"disk_write_speed":25.1290775566,"process_ids":[20657,20571]}
{"timestamp":1572411502.8412890434,"rapl_power_draw_absolute":77.8401799214,"rapl_estimated_attributable_power_draw":17.5929289057,"cpu_time_seconds":{"20657":{"user":9.22,"system":20.32,"children_user":0.87,"children_system":17.16},"20571":{"user":500.56,"system":2.76,"children_user":0.12,"children_system":0.25}},"average_relative_cpu_utilization":0.2262265619,"absolute_cpu_utilization":0.9985934229,"relative_mem_usage":0.2238935773,"absolute_mem_usage":3595278336.0,"absolute_mem_percent_usage":0.026612126,"mem_info_per_process":{"20657":{"rss":3268558848,"vms":11438239744,"shared":179490816,"text":2322432,"lib":0,"data":9683845120,"dirty":0,"uss":100601856,"pss":1679312896,"swap":0},"20571":{"rss":3319439360,"vms":11438239744,"shared":230154240,"text":2322432,"lib":0,"data":9683845120,"dirty":0,"uss":112189440,"pss":1703174144,"swap":0}},"nvidia_draw_absolute":44.52,"nvidia_estimated_attributable_power_draw":44.52,"average_gpu_estimated_utilization_absolute":0.145,"per_gpu_average_estimated_utilization_absolute":{"(0, 20571)":{"sm":14.5,"mem":0.0,"enc":0.0,"dec":0.0}},"average_gpu_estimated_utilization_relative":1.0,"per_gpu_performance_state":{"0":"P2"},"per_gpu_power_draw":{"0":44.52},"cpu_count_adjusted_average_load":[0.1615625,0.1615625,0.1603125],"realtime_carbon_intensity":337.461173778,"disk_write_speed":27.8313676726,"process_ids":[20657,20571]}
{"timestamp":1572411511.1687259674,"rapl_power_draw_absolute":77.6214331976,"rapl_estimated_attributable_power_draw":17.678043434,"cpu_time_seconds":{"20657":{"user":9.4,"system":20.69,"children_user":0.89,"children_system":17.44},"20571":{"user":508.88,"system":2.78,"children_user":0.12,"children_system":0.25}},"average_relative_cpu_utilization":0.2281315469,"absolute_cpu_utilization":1.0035880682,"relative_mem_usage":0.2239053995,"absolute_mem_usage":3595172864.0,"absolute_mem_percent_usage":0.0266113453,"mem_info_per_process":{"20657":{"rss":3268558848,"vms":11438239744,"shared":179490816,"text":2322432,"lib":0,"data":9683845120,"dirty":0,"uss":100601856,"pss":1679207424,"swap":0},"20571":{"rss":3319439360,"vms":11438239744,"shared":230154240,"text":2322432,"lib":0,"data":9683845120,"dirty":0,"uss":112189440,"pss":1703174144,"swap":0}},"nvidia_draw_absolute":44.34,"nvidia_estimated_attributable_power_draw":44.34,"average_gpu_estimated_utilization_absolute":0.14,"per_gpu_average_estimated_utilization_absolute":{"(0, 20571)":{"sm":14,"mem":0,"enc":0,"dec":0}},"average_gpu_estimated_utilization_relative":1.0,"per_gpu_performance_state":{"0":"P2"},"per_gpu_power_draw":{"0":44.34},"cpu_count_adjusted_average_load":[0.1609375,0.16125,0.1603125],"realtime_carbon_intensity":337.461173778,"disk_write_speed":33.8545345256,"process_ids":[20657,20571]}
{"timestamp":1572411519.4509580135,"rapl_power_draw_absolute":76.6092991508,"rapl_estimated_attributable_power_draw":17.6059299322,"cpu_time_seconds":{"20657":{"user":9.63,"system":21.01,"children_user":0.9,"children_system":17.73},"20571":{"user":517.16,"system":2.78,"children_user":0.12,"children_system":0.25}},"average_relative_cpu_utilization":0.2303986611,"absolute_cpu_utilization":0.9985748362,"relative_mem_usage":0.2239955035,"absolute_mem_usage":3595286528.0,"absolute_mem_percent_usage":0.0266121866,"mem_info_per_process":{"20657":{"rss":3268558848,"vms":11438239744,"shared":179490816,"text":2322432,"lib":0,"data":9683845120,"dirty":0,"uss":100605952,"pss":1679314944,"swap":0},"20571":{"rss":3319439360,"vms":11438239744,"shared":230154240,"text":2322432,"lib":0,"data":9683845120,"dirty":0,"uss":112193536,"pss":1703172096,"swap":0}},"nvidia_draw_absolute":43.85,"nvidia_estimated_attributable_power_draw":43.85,"average_gpu_estimated_utilization_absolute":0.145,"per_gpu_average_estimated_utilization_absolute":{"(0, 20571)":{"sm":14.5,"mem":0.0,"enc":0.0,"dec":0.0}},"average_gpu_estimated_utilization_relative":1.0,"per_gpu_performance_state":{"0":"P2"},"per_gpu_power_draw":{"0":43.85},"cpu_count_adjusted_average_load":[0.1628125,0.161875,0.1603125],"realtime_carbon_intensity":337.461173778,"disk_write_speed":29.321406151,"process_ids":[20657,20571]}
