{"timestamp":1572289861.2142999172,"rapl_power_draw_absolute":73.581561135,"rapl_estimated_attributable_power_draw":16.7536493966,"cpu_time_seconds":{"4824":{"user":0.04,"system":0.02,"children_user":0.0,"children_system":0.0},"4772":{"user":11.9,"system":2.5,"children_user":1.09,"children_system":0.17},"4878":{"user":0.01,"system":0.02,"children_user":0.0,"children_system":0.02}},"average_relative_cpu_utilization":0.2415790889,"absolute_cpu_utilization":1.0035266518,"relative_mem_usage":0.1127321379,"absolute_mem_usage":2150987776.0,"absolute_mem_percent_usage":0.0159215372,"mem_info_per_process":{"4824":{"rss":11231232,"vms":28168192,"shared":5677056,"text":2322432,"lib":0,"data":5283840,"dirty":0,"uss":5574656,"pss":6025216,"swap":0},"4772":{"rss":1535643648,"vms":8429789184,"shared":125501440,"text":2322432,"lib":0,"data":6758907904,"dirty":0,"uss":425467904,"pss":967899136,"swap":0},"4878":{"rss":1139630080,"vms":8056610816,"shared":8654848,"text":2322432,"lib":0,"data":6410911744,"dirty":0,"uss":119545856,"pss":626475008,"swap":0}},"nvidia_draw_absolute":39.1,"nvidia_estimated_attributable_power_draw":39.1,"average_gpu_estimated_utilization_absolute":0.01,"per_gpu_average_estimated_utilization_absolute":{"(0, 4772)":{"sm":1,"mem":0,"enc":0,"dec":0}},"average_gpu_estimated_utilization_relative":1.0,"per_gpu_performance_state":{"0":"P2"},"per_gpu_power_draw":{"0":39.1},"cpu_count_adjusted_average_load":[0.1259375,0.1453125,0.1471875],"realtime_carbon_intensity":213.692286739,"disk_write_speed":51.9496889981,"process_ids":[4824,4772,4878]}
{"timestamp":1572289869.8434801102,"rapl_power_draw_absolute":60.9959410394,"rapl_estimated_attributable_power_draw":12.7121490176,"cpu_time_seconds":{"4824":{"user":0.04,"system":0.02,"children_user":0.0,"children_system":0.0},"4772":{"user":15.62,"system":3.52,"children_user":1.09,"children_system":0.17},"4878":{"user":0.28,"system":0.17,"children_user":0.01,"children_system":0.18}},"average_relative_cpu_utilization":0.1975716524,"absolute_cpu_utilization":0.6539597518,"relative_mem_usage":0.3150510218,"absolute_mem_usage":6972272640.0,"absolute_mem_percent_usage":0.0516085211,"mem_info_per_process":{"4824":{"rss":11231232,"vms":28168192,"shared":5677056,"text":2322432,"lib":0,"data":5283840,"dirty":0,"uss":5574656,"pss":6021120,"swap":0},"4772":{"rss":4111290368,"vms":11711500288,"shared":516227072,"text":2322432,"lib":0,"data":9877262336,"dirty":0,"uss":2790793216,"pss":3415755776,"swap":0},"4878":{"rss":1146085376,"vms":8056610816,"shared":15101952,"text":2322432,"lib":0,"data":6410911744,"dirty":0,"uss":124055552,"pss":630072320,"swap":0}},"nvidia_draw_absolute":38.99,"nvidia_estimated_attributable_power_draw":38.99,"average_gpu_estimated_utilization_absolute":0.01,"per_gpu_average_estimated_utilization_absolute":{"(0, 4772)":{"sm":1,"mem":0,"enc":0,"dec":0}},"average_gpu_estimated_utilization_relative":1.0,"per_gpu_performance_state":{"0":"P2"},"per_gpu_power_draw":{"0":38.99},"cpu_count_adjusted_average_load":[0.12375,0.144375,0.146875],"realtime_carbon_intensity":213.692286739,"disk_write_speed":46.753421629,"process_ids":[4824,4772,4878]}
{"timestamp":1572289877.8186590672,"rapl_power_draw_absolute":72.7845910641,"rapl_estimated_attributable_power_draw":4.4556889981,"cpu_time_seconds":{"4824":{"user":0.04,"system":0.02,"children_user":0.0,"children_system":0.0},"4772":{"user":16.94,"system":3.7,"children_user":1.09,"children_system":0.17},"4878":{"user":0.53,"system":0.35,"children_user":0.01,"children_system":0.36}},"average_relative_cpu_utilization":0.032429968,"absolute_cpu_utilization":0.1198113083,"relative_mem_usage":0.3135284417,"absolute_mem_usage":7713984512.0,"absolute_mem_percent_usage":0.0570986468,"mem_info_per_process":{"4824":{"rss":11231232,"vms":28168192,"shared":5677056,"text":2322432,"lib":0,"data":5283840,"dirty":0,"uss":5574656,"pss":6021120,"swap":0},"4772":{"rss":4512182272,"vms":12179701760,"shared":549679104,"text":2322432,"lib":0,"data":10345463808,"dirty":0,"uss":3165114368,"pss":3782938624,"swap":0},"4878":{"rss":1146085376,"vms":8056610816,"shared":15101952,"text":2322432,"lib":0,"data":6410911744,"dirty":0,"uss":124194816,"pss":630140928,"swap":0}},"nvidia_draw_absolute":38.79,"nvidia_estimated_attributable_power_draw":38.79,"average_gpu_estimated_utilization_absolute":0.0266666667,"per_gpu_average_estimated_utilization_absolute":{"(0, 4772)":{"sm":2.6666666667,"mem":0.0,"enc":0.0,"dec":0.0}},"average_gpu_estimated_utilization_relative":1.0,"per_gpu_performance_state":{"0":"P2"},"per_gpu_power_draw":{"0":38.79},"cpu_count_adjusted_average_load":[0.12625,0.1440625,0.146875],"realtime_carbon_intensity":213.692286739,"disk_write_speed":56.1730484414,"process_ids":[4824,4772,4878]}
{"timestamp":1572289885.8013930321,"rapl_power_draw_absolute":85.0038524353,"rapl_estimated_attributable_power_draw":19.7925686944,"cpu_time_seconds":{"4824":{"user":0.04,"system":0.02,"children_user":0.0,"children_system":0.0},"4772":{"user":23.9,"system":4.02,"children_user":1.09,"children_system":0.17},"4878":{"user":0.75,"system":0.54,"children_user":0.03,"children_system":0.53}},"average_relative_cpu_utilization":0.2206194738,"absolute_cpu_utilization":1.0034185387,"relative_mem_usage":0.3696349878,"absolute_mem_usage":9199197184.0,"absolute_mem_percent_usage":0.0680921397,"mem_info_per_process":{"4824":{"rss":11231232,"vms":28168192,"shared":5677056,"text":2322432,"lib":0,"data":5283840,"dirty":0,"uss":5574656,"pss":6021120,"swap":0},"4772":{"rss":3961540608,"vms":12799483904,"shared":586977280,"text":2322432,"lib":0,"data":10965245952,"dirty":0,"uss":3459805184,"pss":3645809664,"swap":0},"4878":{"rss":1146085376,"vms":8056610816,"shared":15101952,"text":2322432,"lib":0,"data":6410911744,"dirty":0,"uss":1009295360,"pss":1072691200,"swap":0}},"nvidia_draw_absolute":38.98,"nvidia_estimated_attributable_power_draw":0.0,"average_gpu_estimated_utilization_absolute":0.0,"per_gpu_average_estimated_utilization_absolute":{"(0, 4772)":{"sm":0,"mem":0,"enc":0,"dec":0}},"average_gpu_estimated_utilization_relative":0.0,"per_gpu_performance_state":{"0":"P2"},"per_gpu_power_draw":{"0":38.98},"cpu_count_adjusted_average_load":[0.12625,0.14375,0.1465625],"realtime_carbon_intensity":213.692286739,"disk_write_speed":51.4556451118,"process_ids":[4824,4772,4878]}
{"timestamp":1572289893.7415139675,"rapl_power_draw_absolute":77.8582628848,"rapl_estimated_attributable_power_draw":18.260187612,"cpu_time_seconds":{"4824":{"user":0.04,"system":0.02,"children_user":0.0,"children_system":0.0},"4772":{"user":31.84,"system":4.02,"children_user":1.09,"children_system":0.17},"4878":{"user":0.97,"system":0.72,"children_user":0.05,"children_system":0.69}},"average_relative_cpu_utilization":0.2214696037,"absolute_cpu_utilization":0.9984648548,"relative_mem_usage":0.3695852563,"absolute_mem_usage":9199974400.0,"absolute_mem_percent_usage":0.0680978926,"mem_info_per_process":{"4824":{"rss":11231232,"vms":28168192,"shared":5677056,"text":2322432,"lib":0,"data":5283840,"dirty":0,"uss":5574656,"pss":6021120,"swap":0},"4772":{"rss":3961860096,"vms":12800008192,"shared":586977280,"text":2322432,"lib":0,"data":10965770240,"dirty":0,"uss":3460222976,"pss":3646107648,"swap":0},"4878":{"rss":1146085376,"vms":8056610816,"shared":15101952,"text":2322432,"lib":0,"data":6410911744,"dirty":0,"uss":1009336320,"pss":1072711680,"swap":0}},"nvidia_draw_absolute":52.53,"nvidia_estimated_attributable_power_draw":52.53,"average_gpu_estimated_utilization_absolute":0.01,"per_gpu_average_estimated_utilization_absolute":{"(0, 4772)":{"sm":1,"mem":0,"enc":0,"dec":0}},"average_gpu_estimated_utilization_relative":1.0,"per_gpu_performance_state":{"0":"P2"},"per_gpu_power_draw":{"0":52.53},"cpu_count_adjusted_average_load":[0.1284375,0.14375,0.1465625],"realtime_carbon_intensity":213.692286739,"disk_write_speed":53.0581780734,"process_ids":[4824,4772,4878]}
{"timestamp":1572289901.7111160755,"rapl_power_draw_absolute":75.0375200703,"rapl_estimated_attributable_power_draw":17.8278708157,"cpu_time_seconds":{"4824":{"user":0.04,"system":0.02,"children_user":0.0,"children_system":0.0},"4772":{"user":39.72,"system":4.11,"children_user":1.09,"children_system":0.17},"4878":{"user":1.22,"system":0.88,"children_user":0.06,"children_system":0.87}},"average_relative_cpu_utilization":0.2238170021,"absolute_cpu_utilization":1.0034571137,"relative_mem_usage":0.3711235242,"absolute_mem_usage":9244361728.0,"absolute_mem_percent_usage":0.068426446,"mem_info_per_process":{"4824":{"rss":11231232,"vms":28168192,"shared":5677056,"text":2322432,"lib":0,"data":5283840,"dirty":0,"uss":5574656,"pss":6021120,"swap":0},"4772":{"rss":3971452928,"vms":12850720768,"shared":603779072,"text":2322432,"lib":0,"data":10989830144,"dirty":0,"uss":3472289792,"pss":3654841344,"swap":0},"4878":{"rss":1146085376,"vms":8056610816,"shared":15101952,"text":2322432,"lib":0,"data":6410911744,"dirty":0,"uss":1025060864,"pss":1080573952,"swap":0}},"nvidia_draw_absolute":53.92,"nvidia_estimated_attributable_power_draw":53.92,"average_gpu_estimated_utilization_absolute":0.365,"per_gpu_average_estimated_utilization_absolute":{"(0, 4772)":{"sm":36.5,"mem":10.0,"enc":0.0,"dec":0.0}},"average_gpu_estimated_utilization_relative":1.0,"per_gpu_performance_state":{"0":"P2"},"per_gpu_power_draw":{"0":53.92},"cpu_count_adjusted_average_load":[0.128125,0.1434375,0.1465625],"realtime_carbon_intensity":213.692286739,"disk_write_speed":58.4029062878,"process_ids":[4824,4772,4878]}
{"timestamp":1572289909.6586549282,"rapl_power_draw_absolute":74.7893151246,"rapl_estimated_attributable_power_draw":17.4407957615,"cpu_time_seconds":{"4824":{"user":0.04,"system":0.02,"children_user":0.0,"children_system":0.0},"4772":{"user":47.3,"system":4.47,"children_user":1.09,"children_system":0.17},"4878":{"user":1.42,"system":1.07,"children_user":0.08,"children_system":1.02}},"average_relative_cpu_utilization":0.2189068603,"absolute_cpu_utilization":0.9934524969,"relative_mem_usage":0.3713803369,"absolute_mem_usage":9252287488.0,"absolute_mem_percent_usage":0.0684851122,"mem_info_per_process":{"4824":{"rss":11231232,"vms":28168192,"shared":5677056,"text":2322432,"lib":0,"data":5283840,"dirty":0,"uss":5574656,"pss":6021120,"swap":0},"4772":{"rss":3971452928,"vms":12850720768,"shared":603779072,"text":2322432,"lib":0,"data":10989830144,"dirty":0,"uss":3474931712,"pss":3656162304,"swap":0},"4878":{"rss":1146085376,"vms":8056610816,"shared":15101952,"text":2322432,"lib":0,"data":6410911744,"dirty":0,"uss":1027702784,"pss":1081894912,"swap":0}},"nvidia_draw_absolute":53.81,"nvidia_estimated_attributable_power_draw":53.81,"average_gpu_estimated_utilization_absolute":0.365,"per_gpu_average_estimated_utilization_absolute":{"(0, 4772)":{"sm":36.5,"mem":10.0,"enc":0.0,"dec":0.0}},"average_gpu_estimated_utilization_relative":1.0,"per_gpu_performance_state":{"0":"P2"},"per_gpu_power_draw":{"0":53.81},"cpu_count_adjusted_average_load":[0.1303125,0.1434375,0.1465625],"realtime_carbon_intensity":213.692286739,"disk_write_speed":52.8419703879,"process_ids":[4824,4772,4878]}
{"timestamp":1572289917.6232368946,"rapl_power_draw_absolute":74.7438343649,"rapl_estimated_attributable_power_draw":17.6937789175,"cpu_time_seconds":{"4824":{"user":0.04,"system":0.02,"children_user":0.0,"children_system":0.0},"4772":{"user":54.98,"system":4.76,"children_user":1.09,"children_system":0.17},"4878":{"user":1.65,"system":1.24,"children_user":0.09,"children_system":1.19}},"average_relative_cpu_utilization":0.2227017287,"absolute_cpu_utilization":0.9984537801,"relative_mem_usage":0.3715012843,"absolute_mem_usage":9255906304.0,"absolute_mem_percent_usage":0.0685118986,"mem_info_per_process":{"4824":{"rss":11231232,"vms":28168192,"shared":5677056,"text":2322432,"lib":0,"data":5283840,"dirty":0,"uss":5574656,"pss":6021120,"swap":0},"4772":{"rss":3971452928,"vms":12850720768,"shared":603779072,"text":2322432,"lib":0,"data":10989830144,"dirty":0,"uss":3476127744,"pss":3656760320,"swap":0},"4878":{"rss":1146085376,"vms":8056610816,"shared":15101952,"text":2322432,"lib":0,"data":6410911744,"dirty":0,"uss":1028919296,"pss":1082503168,"swap":0}},"nvidia_draw_absolute":56.44,"nvidia_estimated_attributable_power_draw":56.44,"average_gpu_estimated_utilization_absolute":0.37,"per_gpu_average_estimated_utilization_absolute":{"(0, 4772)":{"sm":37,"mem":10,"enc":0,"dec":0}},"average_gpu_estimated_utilization_relative":1.0,"per_gpu_performance_state":{"0":"P2"},"per_gpu_power_draw":{"0":56.44},"cpu_count_adjusted_average_load":[0.131875,0.143125,0.14625],"realtime_carbon_intensity":213.692286739,"disk_write_speed":43.3524885188,"process_ids":[4824,4772,4878]}
{"timestamp":1572289925.5810749531,"rapl_power_draw_absolute":74.7529831241,"rapl_estimated_attributable_power_draw":17.6802071656,"cpu_time_seconds":{"4824":{"user":0.04,"system":0.02,"children_user":0.0,"children_system":0.0},"4772":{"user":62.62,"system":5.08,"children_user":1.09,"children_system":0.17},"4878":{"user":1.89,"system":1.43,"children_user":0.12,"children_system":1.34}},"average_relative_cpu_utilization":0.2224498957,"absolute_cpu_utilization":0.9984000725,"relative_mem_usage":0.37168283,"absolute_mem_usage":9258327040.0,"absolute_mem_percent_usage":0.0685298168,"mem_info_per_process":{"4824":{"rss":11231232,"vms":28168192,"shared":5677056,"text":2322432,"lib":0,"data":5283840,"dirty":0,"uss":5574656,"pss":6022144,"swap":0},"4772":{"rss":3971452928,"vms":12850720768,"shared":603779072,"text":2322432,"lib":0,"data":10989830144,"dirty":0,"uss":3476938752,"pss":3657181184,"swap":0},"4878":{"rss":1146085376,"vms":8056610816,"shared":15101952,"text":2322432,"lib":0,"data":6410911744,"dirty":0,"uss":1029709824,"pss":1082900480,"swap":0}},"nvidia_draw_absolute":54.89,"nvidia_estimated_attributable_power_draw":54.89,"average_gpu_estimated_utilization_absolute":0.3666666667,"per_gpu_average_estimated_utilization_absolute":{"(0, 4772)":{"sm":36.6666666667,"mem":10.3333333333,"enc":0.0,"dec":0.0}},"average_gpu_estimated_utilization_relative":1.0,"per_gpu_performance_state":{"0":"P2"},"per_gpu_power_draw":{"0":54.89},"cpu_count_adjusted_average_load":[0.13125,0.1428125,0.14625],"realtime_carbon_intensity":213.692286739,"disk_write_speed":50.6035212568,"process_ids":[4824,4772,4878]}
{"timestamp":1572289933.5517230034,"rapl_power_draw_absolute":74.1570288432,"rapl_estimated_attributable_power_draw":17.5708214826,"cpu_time_seconds":{"4824":{"user":0.04,"system":0.02,"children_user":0.0,"children_system":0.0},"4772":{"user":70.23,"system":5.45,"children_user":1.09,"children_system":0.17},"4878":{"user":2.12,"system":1.59,"children_user":0.13,"children_system":1.5}},"average_relative_cpu_utilization":0.2228244345,"absolute_cpu_utilization":1.00346629,"relative_mem_usage":0.3717995852,"absolute_mem_usage":9260059648.0,"absolute_mem_percent_usage":0.0685426415,"mem_info_per_process":{"4824":{"rss":11231232,"vms":28168192,"shared":5677056,"text":2322432,"lib":0,"data":5283840,"dirty":0,"uss":5574656,"pss":6022144,"swap":0},"4772":{"rss":3971452928,"vms":12850720768,"shared":603779072,"text":2322432,"lib":0,"data":10989830144,"dirty":0,"uss":3477516288,"pss":3657469952,"swap":0},"4878":{"rss":1146085376,"vms":8056610816,"shared":15101952,"text":2322432,"lib":0,"data":6410911744,"dirty":0,"uss":1030287360,"pss":1083189248,"swap":0}},"nvidia_draw_absolute":56.05,"nvidia_estimated_attributable_power_draw":56.05,"average_gpu_estimated_utilization_absolute":0.37,"per_gpu_average_estimated_utilization_absolute":{"(0, 4772)":{"sm":37.0,"mem":10.25,"enc":0.0,"dec":0.0}},"average_gpu_estimated_utilization_relative":1.0,"per_gpu_performance_state":{"0":"P2"},"per_gpu_power_draw":{"0":56.05},"cpu_count_adjusted_average_load":[0.1328125,0.1428125,0.14625],"realtime_carbon_intensity":213.692286739,"disk_write_speed":49.5565905479,"process_ids":[4824,4772,4878]}
{"timestamp":1572289941.5261340141,"rapl_power_draw_absolute":74.3285361721,"rapl_estimated_attributable_power_draw":17.7580497185,"cpu_time_seconds":{"4824":{"user":0.04,"system":0.02,"children_user":0.0,"children_system":0.0},"4772":{"user":77.86,"system":5.79,"children_user":1.09,"children_system":0.17},"4878":{"user":2.35,"system":1.78,"children_user":0.14,"children_system":1.68}},"average_relative_cpu_utilization":0.224958146,"absolute_cpu_utilization":0.9984709957,"relative_mem_usage":0.3718657486,"absolute_mem_usage":9261616128.0,"absolute_mem_percent_usage":0.0685541625,"mem_info_per_process":{"4824":{"rss":11231232,"vms":28168192,"shared":5677056,"text":2322432,"lib":0,"data":5283840,"dirty":0,"uss":5574656,"pss":6022144,"swap":0},"4772":{"rss":3971452928,"vms":12850720768,"shared":603779072,"text":2322432,"lib":0,"data":10989830144,"dirty":0,"uss":3478032384,"pss":3657728000,"swap":0},"4878":{"rss":1146089472,"vms":8056610816,"shared":15101952,"text":2322432,"lib":0,"data":6410911744,"dirty":0,"uss":1030807552,"pss":1083451392,"swap":0}},"nvidia_draw_absolute":54.68,"nvidia_estimated_attributable_power_draw":54.68,"average_gpu_estimated_utilization_absolute":0.37,"per_gpu_average_estimated_utilization_absolute":{"(0, 4772)":{"sm":37,"mem":10,"enc":0,"dec":0}},"average_gpu_estimated_utilization_relative":1.0,"per_gpu_performance_state":{"0":"P2"},"per_gpu_power_draw":{"0":54.68},"cpu_count_adjusted_average_load":[0.1321875,0.1425,0.14625],"realtime_carbon_intensity":213.692286739,"disk_write_speed":53.5525101718,"process_ids":[4824,4772,4878]}
{"timestamp":1572289949.4913880825,"rapl_power_draw_absolute":74.589590889,"rapl_estimated_attributable_power_draw":17.6143060092,"cpu_time_seconds":{"4824":{"user":0.04,"system":0.02,"children_user":0.0,"children_system":0.0},"4772":{"user":85.4,"system":6.22,"children_user":1.09,"children_system":0.17},"4878":{"user":2.58,"system":1.97,"children_user":0.16,"children_system":1.84}},"average_relative_cpu_utilization":0.2219630792,"absolute_cpu_utilization":0.9984754877,"relative_mem_usage":0.3719007602,"absolute_mem_usage":9262617600.0,"absolute_mem_percent_usage":0.0685615754,"mem_info_per_process":{"4824":{"rss":11231232,"vms":28168192,"shared":5677056,"text":2322432,"lib":0,"data":5283840,"dirty":0,"uss":5574656,"pss":6022144,"swap":0},"4772":{"rss":3971452928,"vms":12850720768,"shared":603779072,"text":2322432,"lib":0,"data":10989830144,"dirty":0,"uss":3478360064,"pss":3657891840,"swap":0},"4878":{"rss":1146089472,"vms":8056610816,"shared":15101952,"text":2322432,"lib":0,"data":6410911744,"dirty":0,"uss":1031147520,"pss":1083621376,"swap":0}},"nvidia_draw_absolute":53.15,"nvidia_estimated_attributable_power_draw":53.15,"average_gpu_estimated_utilization_absolute":0.3666666667,"per_gpu_average_estimated_utilization_absolute":{"(0, 4772)":{"sm":36.6666666667,"mem":10.3333333333,"enc":0.0,"dec":0.0}},"average_gpu_estimated_utilization_relative":1.0,"per_gpu_performance_state":{"0":"P2"},"per_gpu_power_draw":{"0":53.15},"cpu_count_adjusted_average_load":[0.13125,0.141875,0.1459375],"realtime_carbon_intensity":213.692286739,"disk_write_speed":50.5230838511,"process_ids":[4824,4772,4878]}
{"timestamp":1572289957.5191218853,"rapl_power_draw_absolute":79.3421393584,"rapl_estimated_attributable_power_draw":18.419303889,"cpu_time_seconds":{"4824":{"user":0.04,"system":0.02,"children_user":0.0,"children_system":0.0},"4772":{"user":93.09,"system":6.56,"children_user":1.09,"children_system":0.17},"4878":{"user":2.8,"system":2.16,"children_user":0.17,"children_system":2.01}},"average_relative_cpu_utilization":0.2185738777,"absolute_cpu_utilization":0.9985595523,"relative_mem_usage":0.3719183674,"absolute_mem_usage":9263705088.0,"absolute_mem_percent_usage":0.0685696249,"mem_info_per_process":{"4824":{"rss":11231232,"vms":28168192,"shared":5677056,"text":2322432,"lib":0,"data":5283840,"dirty":0,"uss":5574656,"pss":6022144,"swap":0},"4772":{"rss":3971452928,"vms":12850720768,"shared":603779072,"text":2322432,"lib":0,"data":10989830144,"dirty":0,"uss":3478728704,"pss":3658076160,"swap":0},"4878":{"rss":1146089472,"vms":8056610816,"shared":15101952,"text":2322432,"lib":0,"data":6410911744,"dirty":0,"uss":1031503872,"pss":1083799552,"swap":0}},"nvidia_draw_absolute":54.4,"nvidia_estimated_attributable_power_draw":54.4,"average_gpu_estimated_utilization_absolute":0.37,"per_gpu_average_estimated_utilization_absolute":{"(0, 4772)":{"sm":37,"mem":10,"enc":0,"dec":0}},"average_gpu_estimated_utilization_relative":1.0,"per_gpu_performance_state":{"0":"P2"},"per_gpu_power_draw":{"0":54.4},"cpu_count_adjusted_average_load":[0.130625,0.1415625,0.145625],"realtime_carbon_intensity":213.692286739,"disk_write_speed":52.9129040789,"process_ids":[4824,4772,4878]}
{"timestamp":1572289965.4801549911,"rapl_power_draw_absolute":74.5771306447,"rapl_estimated_attributable_power_draw":17.7538201567,"cpu_time_seconds":{"4824":{"user":0.04,"system":0.02,"children_user":0.0,"children_system":0.0},"4772":{"user":100.7,"system":6.92,"children_user":1.09,"children_system":0.17},"4878":{"user":3.02,"system":2.35,"children_user":0.18,"children_system":2.17}},"average_relative_cpu_utilization":0.2240625297,"absolute_cpu_utilization":1.0034309053,"relative_mem_usage":0.3719467774,"absolute_mem_usage":9264356352.0,"absolute_mem_percent_usage":0.0685744456,"mem_info_per_process":{"4824":{"rss":11231232,"vms":28168192,"shared":5677056,"text":2322432,"lib":0,"data":5283840,"dirty":0,"uss":5574656,"pss":6022144,"swap":0},"4772":{"rss":3971452928,"vms":12850720768,"shared":603779072,"text":2322432,"lib":0,"data":10989830144,"dirty":0,"uss":3478945792,"pss":3658184704,"swap":0},"4878":{"rss":1146089472,"vms":8056610816,"shared":15101952,"text":2322432,"lib":0,"data":6410911744,"dirty":0,"uss":1031720960,"pss":1083908096,"swap":0}},"nvidia_draw_absolute":53.43,"nvidia_estimated_attributable_power_draw":53.43,"average_gpu_estimated_utilization_absolute":0.37,"per_gpu_average_estimated_utilization_absolute":{"(0, 4772)":{"sm":37.0,"mem":10.5,"enc":0.0,"dec":0.0}},"average_gpu_estimated_utilization_relative":1.0,"per_gpu_performance_state":{"0":"P2"},"per_gpu_power_draw":{"0":53.43},"cpu_count_adjusted_average_load":[0.136875,0.1425,0.1459375],"realtime_carbon_intensity":213.692286739,"disk_write_speed":47.9933862264,"process_ids":[4824,4772,4878]}
{"timestamp":1572289973.4364759922,"rapl_power_draw_absolute":75.0368140878,"rapl_estimated_attributable_power_draw":17.7878276346,"cpu_time_seconds":{"4824":{"user":0.04,"system":0.02,"children_user":0.0,"children_system":0.0},"4772":{"user":108.32,"system":7.26,"children_user":1.09,"children_system":0.17},"4878":{"user":3.21,"system":2.54,"children_user":0.2,"children_system":2.34}},"average_relative_cpu_utilization":0.2230715299,"absolute_cpu_utilization":1.0034562441,"relative_mem_usage":0.371936651,"absolute_mem_usage":9264811008.0,"absolute_mem_percent_usage":0.0685778109,"mem_info_per_process":{"4824":{"rss":11231232,"vms":28168192,"shared":5677056,"text":2322432,"lib":0,"data":5283840,"dirty":0,"uss":5574656,"pss":6022144,"swap":0},"4772":{"rss":3971452928,"vms":12850720768,"shared":603779072,"text":2322432,"lib":0,"data":10989830144,"dirty":0,"uss":3479097344,"pss":3658260480,"swap":0},"4878":{"rss":1146089472,"vms":8056610816,"shared":15101952,"text":2322432,"lib":0,"data":6410911744,"dirty":0,"uss":1031872512,"pss":1083983872,"swap":0}},"nvidia_draw_absolute":51.97,"nvidia_estimated_attributable_power_draw":51.97,"average_gpu_estimated_utilization_absolute":0.365,"per_gpu_average_estimated_utilization_absolute":{"(0, 4772)":{"sm":36.5,"mem":10.0,"enc":0.0,"dec":0.0}},"average_gpu_estimated_utilization_relative":1.0,"per_gpu_performance_state":{"0":"P2"},"per_gpu_power_draw":{"0":51.97},"cpu_count_adjusted_average_load":[0.135,0.1421875,0.145625],"realtime_carbon_intensity":213.692286739,"disk_write_speed":51.245448962,"process_ids":[4824,4772,4878]}
{"timestamp":1572289981.4020080566,"rapl_power_draw_absolute":74.9385209175,"rapl_estimated_attributable_power_draw":17.7813913915,"cpu_time_seconds":{"4824":{"user":0.04,"system":0.02,"children_user":0.0,"children_system":0.0},"4772":{"user":115.86,"system":7.69,"children_user":1.09,"children_system":0.17},"4878":{"user":3.41,"system":2.71,"children_user":0.22,"children_system":2.51}},"average_relative_cpu_utilization":0.2233213744,"absolute_cpu_utilization":1.0034453156,"relative_mem_usage":0.3719543528,"absolute_mem_usage":9265265664.0,"absolute_mem_percent_usage":0.0685811763,"mem_info_per_process":{"4824":{"rss":11231232,"vms":28168192,"shared":5677056,"text":2322432,"lib":0,"data":5283840,"dirty":0,"uss":5574656,"pss":6022144,"swap":0},"4772":{"rss":3971452928,"vms":12850720768,"shared":603779072,"text":2322432,"lib":0,"data":10989830144,"dirty":0,"uss":3479248896,"pss":3658336256,"swap":0},"4878":{"rss":1146089472,"vms":8056610816,"shared":15101952,"text":2322432,"lib":0,"data":6410911744,"dirty":0,"uss":1032024064,"pss":1084059648,"swap":0}},"nvidia_draw_absolute":52.73,"nvidia_estimated_attributable_power_draw":52.73,"average_gpu_estimated_utilization_absolute":0.3666666667,"per_gpu_average_estimated_utilization_absolute":{"(0, 4772)":{"sm":36.6666666667,"mem":10.3333333333,"enc":0.0,"dec":0.0}},"average_gpu_estimated_utilization_relative":1.0,"per_gpu_performance_state":{"0":"P2"},"per_gpu_power_draw":{"0":52.73},"cpu_count_adjusted_average_load":[0.139375,0.1428125,0.1459375],"realtime_carbon_intensity":213.692286739,"disk_write_speed":49.8132790629,"process_ids":[4824,4772,4878]}
{"timestamp":1572289989.3664240837,"rapl_power_draw_absolute":75.1072521516,"rapl_estimated_attributable_power_draw":17.8371704424,"cpu_time_seconds":{"4824":{"user":0.04,"system":0.02,"children_user":0.0,"children_system":0.0},"4772":{"user":123.49,"system":8.02,"children_user":1.09,"children_system":0.17},"4878":{"user":3.61,"system":2.92,"children_user":0.23,"children_system":2.68}},"average_relative_cpu_utilization":0.2235715894,"absolute_cpu_utilization":1.0035043928,"relative_mem_usage":0.3719827722,"absolute_mem_usage":9265572864.0,"absolute_mem_percent_usage":0.0685834501,"mem_info_per_process":{"4824":{"rss":11231232,"vms":28168192,"shared":5677056,"text":2322432,"lib":0,"data":5283840,"dirty":0,"uss":5574656,"pss":6022144,"swap":0},"4772":{"rss":3971452928,"vms":12850720768,"shared":603779072,"text":2322432,"lib":0,"data":10989830144,"dirty":0,"uss":3479351296,"pss":3658387456,"swap":0},"4878":{"rss":1146089472,"vms":8056610816,"shared":15101952,"text":2322432,"lib":0,"data":6410911744,"dirty":0,"uss":1032126464,"pss":1084110848,"swap":0}},"nvidia_draw_absolute":53.5,"nvidia_estimated_attributable_power_draw":53.5,"average_gpu_estimated_utilization_absolute":0.3666666667,"per_gpu_average_estimated_utilization_absolute":{"(0, 4772)":{"sm":36.6666666667,"mem":10.3333333333,"enc":0.0,"dec":0.0}},"average_gpu_estimated_utilization_relative":1.0,"per_gpu_performance_state":{"0":"P2"},"per_gpu_power_draw":{"0":53.5},"cpu_count_adjusted_average_load":[0.1396875,0.1428125,0.1459375],"realtime_carbon_intensity":213.692286739,"disk_write_speed":54.6094225023,"process_ids":[4824,4772,4878]}
{"timestamp":1572289997.3453838825,"rapl_power_draw_absolute":79.6209327062,"rapl_estimated_attributable_power_draw":18.5514664091,"cpu_time_seconds":{"4824":{"user":0.04,"system":0.02,"children_user":0.0,"children_system":0.0},"4772":{"user":131.06,"system":8.43,"children_user":1.09,"children_system":0.17},"4878":{"user":3.83,"system":3.09,"children_user":0.25,"children_system":2.83}},"average_relative_cpu_utilization":0.2195232229,"absolute_cpu_utilization":0.9984463749,"relative_mem_usage":0.3719199571,"absolute_mem_usage":9265929216.0,"absolute_mem_percent_usage":0.0685860878,"mem_info_per_process":{"4824":{"rss":11231232,"vms":28168192,"shared":5677056,"text":2322432,"lib":0,"data":5283840,"dirty":0,"uss":5574656,"pss":6022144,"swap":0},"4772":{"rss":3971452928,"vms":12850720768,"shared":603779072,"text":2322432,"lib":0,"data":10989830144,"dirty":0,"uss":3479470080,"pss":3658446848,"swap":0},"4878":{"rss":1146089472,"vms":8056610816,"shared":15101952,"text":2322432,"lib":0,"data":6410911744,"dirty":0,"uss":1032245248,"pss":1084170240,"swap":0}},"nvidia_draw_absolute":53.43,"nvidia_estimated_attributable_power_draw":53.43,"average_gpu_estimated_utilization_absolute":0.3666666667,"per_gpu_average_estimated_utilization_absolute":{"(0, 4772)":{"sm":36.6666666667,"mem":10.3333333333,"enc":0.0,"dec":0.0}},"average_gpu_estimated_utilization_relative":1.0,"per_gpu_performance_state":{"0":"P2"},"per_gpu_power_draw":{"0":53.43},"cpu_count_adjusted_average_load":[0.1409375,0.143125,0.1459375],"realtime_carbon_intensity":213.692286739,"disk_write_speed":45.6668479792,"process_ids":[4824,4772,4878]}
{"timestamp":1572290005.3278939724,"rapl_power_draw_absolute":74.9523902339,"rapl_estimated_attributable_power_draw":17.8185697039,"cpu_time_seconds":{"4824":{"user":0.04,"system":0.02,"children_user":0.0,"children_system":0.0},"4772":{"user":138.68,"system":8.8,"children_user":1.09,"children_system":0.17},"4878":{"user":4.07,"system":3.24,"children_user":0.28,"children_system":3.0}},"average_relative_cpu_utilization":0.2238170522,"absolute_cpu_utilization":1.0034646981,"relative_mem_usage":0.371972626,"absolute_mem_usage":9266162688.0,"absolute_mem_percent_usage":0.068587816,"mem_info_per_process":{"4824":{"rss":11231232,"vms":28168192,"shared":5677056,"text":2322432,"lib":0,"data":5283840,"dirty":0,"uss":5574656,"pss":6022144,"swap":0},"4772":{"rss":3971452928,"vms":12850720768,"shared":603779072,"text":2322432,"lib":0,"data":10989830144,"dirty":0,"uss":3479547904,"pss":3658485760,"swap":0},"4878":{"rss":1146089472,"vms":8056610816,"shared":15101952,"text":2322432,"lib":0,"data":6410911744,"dirty":0,"uss":1032323072,"pss":1084209152,"swap":0}},"nvidia_draw_absolute":53.83,"nvidia_estimated_attributable_power_draw":53.83,"average_gpu_estimated_utilization_absolute":0.37,"per_gpu_average_estimated_utilization_absolute":{"(0, 4772)":{"sm":37,"mem":10,"enc":0,"dec":0}},"average_gpu_estimated_utilization_relative":1.0,"per_gpu_performance_state":{"0":"P2"},"per_gpu_power_draw":{"0":53.83},"cpu_count_adjusted_average_load":[0.143125,0.1434375,0.14625],"realtime_carbon_intensity":213.692286739,"disk_write_speed":57.9808127003,"process_ids":[4824,4772,4878]}
{"timestamp":1572290013.280921936,"rapl_power_draw_absolute":74.6379118197,"rapl_estimated_attributable_power_draw":17.6258684248,"cpu_time_seconds":{"4824":{"user":0.04,"system":0.02,"children_user":0.0,"children_system":0.0},"4772":{"user":146.26,"system":9.17,"children_user":1.09,"children_system":0.17},"4878":{"user":4.28,"system":3.42,"children_user":0.3,"children_system":3.15}},"average_relative_cpu_utilization":0.2219630658,"absolute_cpu_utilization":0.9985813889,"relative_mem_usage":0.3719571304,"absolute_mem_usage":9266469888.0,"absolute_mem_percent_usage":0.0685900899,"mem_info_per_process":{"4824":{"rss":11231232,"vms":28168192,"shared":5677056,"text":2322432,"lib":0,"data":5283840,"dirty":0,"uss":5574656,"pss":6022144,"swap":0},"4772":{"rss":3971452928,"vms":12850720768,"shared":603779072,"text":2322432,"lib":0,"data":10989830144,"dirty":0,"uss":3479650304,"pss":3658536960,"swap":0},"4878":{"rss":1146089472,"vms":8056610816,"shared":15101952,"text":2322432,"lib":0,"data":6410911744,"dirty":0,"uss":1032425472,"pss":1084260352,"swap":0}},"nvidia_draw_absolute":53.12,"nvidia_estimated_attributable_power_draw":53.12,"average_gpu_estimated_utilization_absolute":0.37,"per_gpu_average_estimated_utilization_absolute":{"(0, 4772)":{"sm":37.0,"mem":10.25,"enc":0.0,"dec":0.0}},"average_gpu_estimated_utilization_relative":1.0,"per_gpu_performance_state":{"0":"P2"},"per_gpu_power_draw":{"0":53.12},"cpu_count_adjusted_average_load":[0.1403125,0.1428125,0.1459375],"realtime_carbon_intensity":213.692286739,"disk_write_speed":53.5126542173,"process_ids":[4824,4772,4878]}
{"timestamp":1572290021.2246210575,"rapl_power_draw_absolute":74.8003985072,"rapl_estimated_attributable_power_draw":17.730863389,"cpu_time_seconds":{"4824":{"user":0.04,"system":0.02,"children_user":0.0,"children_system":0.0},"4772":{"user":153.83,"system":9.55,"children_user":1.09,"children_system":0.17},"4878":{"user":4.5,"system":3.59,"children_user":0.3,"children_system":3.34}},"average_relative_cpu_utilization":0.2229447575,"absolute_cpu_utilization":0.9984305324,"relative_mem_usage":0.3719830887,"absolute_mem_usage":9267121152.0,"absolute_mem_percent_usage":0.0685949105,"mem_info_per_process":{"4824":{"rss":11231232,"vms":28168192,"shared":5677056,"text":2322432,"lib":0,"data":5283840,"dirty":0,"uss":5574656,"pss":6022144,"swap":0},"4772":{"rss":3971452928,"vms":12850720768,"shared":603779072,"text":2322432,"lib":0,"data":10989830144,"dirty":0,"uss":3479867392,"pss":3658645504,"swap":0},"4878":{"rss":1146089472,"vms":8056610816,"shared":15101952,"text":2322432,"lib":0,"data":6410911744,"dirty":0,"uss":1032642560,"pss":1084368896,"swap":0}},"nvidia_draw_absolute":52.83,"nvidia_estimated_attributable_power_draw":52.83,"average_gpu_estimated_utilization_absolute":0.3666666667,"per_gpu_average_estimated_utilization_absolute":{"(0, 4772)":{"sm":36.6666666667,"mem":10.3333333333,"enc":0.0,"dec":0.0}},"average_gpu_estimated_utilization_relative":1.0,"per_gpu_performance_state":{"0":"P2"},"per_gpu_power_draw":{"0":52.83},"cpu_count_adjusted_average_load":[0.1440625,0.1434375,0.14625],"realtime_carbon_intensity":213.692286739,"disk_write_speed":43.1827985169,"process_ids":[4824,4772,4878]}
{"timestamp":1572290029.1876659393,"rapl_power_draw_absolute":77.4102358237,"rapl_estimated_attributable_power_draw":18.1025861682,"cpu_time_seconds":{"4824":{"user":0.04,"system":0.02,"children_user":0.0,"children_system":0.0},"4772":{"user":161.48,"system":9.86,"children_user":1.09,"children_system":0.17},"4878":{"user":4.7,"system":3.77,"children_user":0.32,"children_system":3.5}},"average_relative_cpu_utilization":0.2200032801,"absolute_cpu_utilization":0.9984223176,"relative_mem_usage":0.3719862101,"absolute_mem_usage":9267317760.0,"absolute_mem_percent_usage":0.0685963658,"mem_info_per_process":{"4824":{"rss":11231232,"vms":28168192,"shared":5677056,"text":2322432,"lib":0,"data":5283840,"dirty":0,"uss":5574656,"pss":6022144,"swap":0},"4772":{"rss":3971452928,"vms":12850720768,"shared":603779072,"text":2322432,"lib":0,"data":10989830144,"dirty":0,"uss":3479932928,"pss":3658678272,"swap":0},"4878":{"rss":1146089472,"vms":8056610816,"shared":15101952,"text":2322432,"lib":0,"data":6410911744,"dirty":0,"uss":1032708096,"pss":1084401664,"swap":0}},"nvidia_draw_absolute":52.84,"nvidia_estimated_attributable_power_draw":52.84,"average_gpu_estimated_utilization_absolute":0.365,"per_gpu_average_estimated_utilization_absolute":{"(0, 4772)":{"sm":36.5,"mem":10.0,"enc":0.0,"dec":0.0}},"average_gpu_estimated_utilization_relative":1.0,"per_gpu_performance_state":{"0":"P2"},"per_gpu_power_draw":{"0":52.84},"cpu_count_adjusted_average_load":[0.14125,0.1428125,0.1459375],"realtime_carbon_intensity":213.692286739,"disk_write_speed":44.668084466,"process_ids":[4824,4772,4878]}
