{"timestamp":1572292008.1074240208,"rapl_power_draw_absolute":80.7760447688,"rapl_estimated_attributable_power_draw":18.6964866021,"cpu_time_seconds":{"14939":{"user":51.46,"system":4.67,"children_user":0.14,"children_system":0.08},"14980":{"user":0.04,"system":0.01,"children_user":0.0,"children_system":0.0},"15043":{"user":0.01,"system":0.01,"children_user":0.0,"children_system":0.02}},"average_relative_cpu_utilization":0.2424216514,"absolute_cpu_utilization":0.9975540411,"relative_mem_usage":0.125770849,"absolute_mem_usage":2450484224.0,"absolute_mem_percent_usage":0.0181383995,"mem_info_per_process":{"14939":{"rss":1700438016,"vms":8602710016,"shared":121028608,"text":2322432,"lib":0,"data":6879559680,"dirty":0,"uss":492576768,"pss":1105674240,"swap":0},"14980":{"rss":11247616,"vms":28168192,"shared":5693440,"text":2322432,"lib":0,"data":5283840,"dirty":0,"uss":5574656,"pss":5923840,"swap":0},"15043":{"rss":1305145344,"vms":3524538368,"shared":8515584,"text":2322432,"lib":0,"data":1901367296,"dirty":0,"uss":127705088,"pss":713029632,"swap":0}},"nvidia_draw_absolute":37.03,"nvidia_estimated_attributable_power_draw":37.03,"average_gpu_estimated_utilization_absolute":0.032,"per_gpu_average_estimated_utilization_absolute":{"(0, 14939)":{"sm":3.2,"mem":0.0,"enc":0.0,"dec":0.0}},"average_gpu_estimated_utilization_relative":1.0,"per_gpu_performance_state":{"0":"P2"},"per_gpu_power_draw":{"0":37.03},"cpu_count_adjusted_average_load":[0.163125,0.1490625,0.14625],"realtime_carbon_intensity":211.4815994177,"disk_write_speed":56.2637050331,"process_ids":[14939,14980,15043]}
{"timestamp":1572292016.295582056,"rapl_power_draw_absolute":82.8800053036,"rapl_estimated_attributable_power_draw":21.3516218312,"cpu_time_seconds":{"14939":{"user":58.33,"system":5.96,"children_user":0.14,"children_system":0.08},"14980":{"user":0.04,"system":0.01,"children_user":0.0,"children_system":0.0},"15043":{"user":0.26,"system":0.18,"children_user":0.02,"children_system":0.19}},"average_relative_cpu_utilization":0.2435888544,"absolute_cpu_utilization":0.9984979092,"relative_mem_usage":0.4057193718,"absolute_mem_usage":9096928256.0,"absolute_mem_percent_usage":0.0673351486,"mem_info_per_process":{"14939":{"rss":4432039936,"vms":13381500928,"shared":579661824,"text":2322432,"lib":0,"data":11549573120,"dirty":0,"uss":3473416192,"pss":3858571264,"swap":0},"14980":{"rss":11247616,"vms":28168192,"shared":5693440,"text":2322432,"lib":0,"data":5283840,"dirty":0,"uss":5574656,"pss":5921792,"swap":0},"15043":{"rss":1311604736,"vms":3524538368,"shared":14962688,"text":2322432,"lib":0,"data":1901367296,"dirty":0,"uss":735498240,"pss":1017946112,"swap":0}},"nvidia_draw_absolute":37.13,"nvidia_estimated_attributable_power_draw":0.0,"average_gpu_estimated_utilization_absolute":0.0,"per_gpu_average_estimated_utilization_absolute":{"(0, 14939)":{"sm":0,"mem":0,"enc":0,"dec":0}},"average_gpu_estimated_utilization_relative":0.0,"per_gpu_performance_state":{"0":"P2"},"per_gpu_power_draw":{"0":37.13},"cpu_count_adjusted_average_load":[0.164375,0.15,0.1465625],"realtime_carbon_intensity":211.4815994177,"disk_write_speed":52.8290780982,"process_ids":[14939,14980,15043]}
{"timestamp":1572292024.2435030937,"rapl_power_draw_absolute":82.972485159,"rapl_estimated_attributable_power_draw":21.4246693559,"cpu_time_seconds":{"14939":{"user":66.27,"system":5.97,"children_user":0.14,"children_system":0.08},"14980":{"user":0.04,"system":0.01,"children_user":0.0,"children_system":0.0},"15043":{"user":0.5,"system":0.35,"children_user":0.02,"children_system":0.37}},"average_relative_cpu_utilization":0.2444810393,"absolute_cpu_utilization":0.9991351829,"relative_mem_usage":0.406141023,"absolute_mem_usage":9107590144.0,"absolute_mem_percent_usage":0.0674140675,"mem_info_per_process":{"14939":{"rss":4431540224,"vms":13380976640,"shared":579661824,"text":2322432,"lib":0,"data":11549048832,"dirty":0,"uss":3476803584,"pss":3860015104,"swap":0},"14980":{"rss":11247616,"vms":28168192,"shared":5693440,"text":2322432,"lib":0,"data":5283840,"dirty":0,"uss":5574656,"pss":5921792,"swap":0},"15043":{"rss":1311604736,"vms":3524538368,"shared":14962688,"text":2322432,"lib":0,"data":1901367296,"dirty":0,"uss":739385344,"pss":1019889664,"swap":0}},"nvidia_draw_absolute":42.3,"nvidia_estimated_attributable_power_draw":0.0,"average_gpu_estimated_utilization_absolute":0.0,"per_gpu_average_estimated_utilization_absolute":{"(0, 14939)":{"sm":0,"mem":0,"enc":0,"dec":0}},"average_gpu_estimated_utilization_relative":0.0,"per_gpu_performance_state":{"0":"P2"},"per_gpu_power_draw":{"0":42.3},"cpu_count_adjusted_average_load":[0.160625,0.1496875,0.1465625],"realtime_carbon_intensity":211.4815994177,"disk_write_speed":47.9476660692,"process_ids":[14939,14980,15043]}
{"timestamp":1572292032.1903951168,"rapl_power_draw_absolute":81.6710815468,"rapl_estimated_attributable_power_draw":21.0663285243,"cpu_time_seconds":{"14939":{"user":74.18,"system":6.01,"children_user":0.14,"children_system":0.08},"14980":{"user":0.04,"system":0.01,"children_user":0.0,"children_system":0.0},"15043":{"user":0.74,"system":0.51,"children_user":0.04,"children_system":0.52}},"average_relative_cpu_utilization":0.2439121607,"absolute_cpu_utilization":1.0034612157,"relative_mem_usage":0.406588289,"absolute_mem_usage":9119949824.0,"absolute_mem_percent_usage":0.0675055534,"mem_info_per_process":{"14939":{"rss":4441018368,"vms":13716783104,"shared":588836864,"text":2322432,"lib":0,"data":11884855296,"dirty":0,"uss":3480305664,"pss":3864645632,"swap":0},"14980":{"rss":11247616,"vms":28168192,"shared":5693440,"text":2322432,"lib":0,"data":5283840,"dirty":0,"uss":5574656,"pss":5921792,"swap":0},"15043":{"rss":1311604736,"vms":3524538368,"shared":14962688,"text":2322432,"lib":0,"data":1901367296,"dirty":0,"uss":742203392,"pss":1021298688,"swap":0}},"nvidia_draw_absolute":44.93,"nvidia_estimated_attributable_power_draw":44.93,"average_gpu_estimated_utilization_absolute":0.255,"per_gpu_average_estimated_utilization_absolute":{"(0, 14939)":{"sm":25.5,"mem":4.5,"enc":0.0,"dec":0.0}},"average_gpu_estimated_utilization_relative":1.0,"per_gpu_performance_state":{"0":"P2"},"per_gpu_power_draw":{"0":44.93},"cpu_count_adjusted_average_load":[0.1578125,0.1490625,0.1465625],"realtime_carbon_intensity":211.4815994177,"disk_write_speed":49.5014570832,"process_ids":[14939,14980,15043]}
{"timestamp":1572292040.1370010376,"rapl_power_draw_absolute":79.369795433,"rapl_estimated_attributable_power_draw":20.506960144,"cpu_time_seconds":{"14939":{"user":81.86,"system":6.28,"children_user":0.14,"children_system":0.08},"14980":{"user":0.04,"system":0.01,"children_user":0.0,"children_system":0.0},"15043":{"user":0.95,"system":0.7,"children_user":0.06,"children_system":0.68}},"average_relative_cpu_utilization":0.2438802413,"absolute_cpu_utilization":0.9984244013,"relative_mem_usage":0.406890665,"absolute_mem_usage":9127490560.0,"absolute_mem_percent_usage":0.0675613697,"mem_info_per_process":{"14939":{"rss":4441018368,"vms":13716783104,"shared":588836864,"text":2322432,"lib":0,"data":11884855296,"dirty":0,"uss":3482816512,"pss":3865901056,"swap":0},"14980":{"rss":11247616,"vms":28168192,"shared":5693440,"text":2322432,"lib":0,"data":5283840,"dirty":0,"uss":5574656,"pss":5921792,"swap":0},"15043":{"rss":1311608832,"vms":3524538368,"shared":14962688,"text":2322432,"lib":0,"data":1901367296,"dirty":0,"uss":744718336,"pss":1022558208,"swap":0}},"nvidia_draw_absolute":46.09,"nvidia_estimated_attributable_power_draw":46.09,"average_gpu_estimated_utilization_absolute":0.32,"per_gpu_average_estimated_utilization_absolute":{"(0, 14939)":{"sm":32.0,"mem":5.5,"enc":0.0,"dec":0.0}},"average_gpu_estimated_utilization_relative":1.0,"per_gpu_performance_state":{"0":"P2"},"per_gpu_power_draw":{"0":46.09},"cpu_count_adjusted_average_load":[0.1571875,0.149375,0.1465625],"realtime_carbon_intensity":211.4815994177,"disk_write_speed":48.5080630425,"process_ids":[14939,14980,15043]}
{"timestamp":1572292048.0876040459,"rapl_power_draw_absolute":79.2131020144,"rapl_estimated_attributable_power_draw":20.4689958,"cpu_time_seconds":{"14939":{"user":89.56,"system":6.54,"children_user":0.14,"children_system":0.08},"14980":{"user":0.04,"system":0.01,"children_user":0.0,"children_system":0.0},"15043":{"user":1.19,"system":0.88,"children_user":0.07,"children_system":0.84}},"average_relative_cpu_utilization":0.243914523,"absolute_cpu_utilization":1.0034961098,"relative_mem_usage":0.4070139591,"absolute_mem_usage":9131103232.0,"absolute_mem_percent_usage":0.0675881106,"mem_info_per_process":{"14939":{"rss":4441018368,"vms":13716783104,"shared":588836864,"text":2322432,"lib":0,"data":11884855296,"dirty":0,"uss":3484020736,"pss":3866503168,"swap":0},"14980":{"rss":11247616,"vms":28168192,"shared":5693440,"text":2322432,"lib":0,"data":5283840,"dirty":0,"uss":5574656,"pss":5921792,"swap":0},"15043":{"rss":1311608832,"vms":3524538368,"shared":14962688,"text":2322432,"lib":0,"data":1901367296,"dirty":0,"uss":745922560,"pss":1023160320,"swap":0}},"nvidia_draw_absolute":44.16,"nvidia_estimated_attributable_power_draw":44.16,"average_gpu_estimated_utilization_absolute":0.32,"per_gpu_average_estimated_utilization_absolute":{"(0, 14939)":{"sm":32.0,"mem":5.5,"enc":0.0,"dec":0.0}},"average_gpu_estimated_utilization_relative":1.0,"per_gpu_performance_state":{"0":"P2"},"per_gpu_power_draw":{"0":44.16},"cpu_count_adjusted_average_load":[0.1571875,0.1496875,0.1465625],"realtime_carbon_intensity":211.4815994177,"disk_write_speed":49.3396216205,"process_ids":[14939,14980,15043]}
{"timestamp":1572292056.0884439945,"rapl_power_draw_absolute":79.1587997251,"rapl_estimated_attributable_power_draw":20.4553956112,"cpu_time_seconds":{"14939":{"user":97.3,"system":6.8,"children_user":0.14,"children_system":0.08},"14980":{"user":0.04,"system":0.01,"children_user":0.0,"children_system":0.0},"15043":{"user":1.45,"system":1.05,"children_user":0.08,"children_system":0.99}},"average_relative_cpu_utilization":0.2439115216,"absolute_cpu_utilization":1.0034584705,"relative_mem_usage":0.4071229359,"absolute_mem_usage":9133774848.0,"absolute_mem_percent_usage":0.0676078858,"mem_info_per_process":{"14939":{"rss":4441018368,"vms":13716783104,"shared":588836864,"text":2322432,"lib":0,"data":11884855296,"dirty":0,"uss":3484905472,"pss":3866944512,"swap":0},"14980":{"rss":11247616,"vms":28168192,"shared":5693440,"text":2322432,"lib":0,"data":5283840,"dirty":0,"uss":5574656,"pss":5921792,"swap":0},"15043":{"rss":1311608832,"vms":3524538368,"shared":14962688,"text":2322432,"lib":0,"data":1901367296,"dirty":0,"uss":746819584,"pss":1023608832,"swap":0}},"nvidia_draw_absolute":45.04,"nvidia_estimated_attributable_power_draw":45.04,"average_gpu_estimated_utilization_absolute":0.325,"per_gpu_average_estimated_utilization_absolute":{"(0, 14939)":{"sm":32.5,"mem":6.0,"enc":0.0,"dec":0.0}},"average_gpu_estimated_utilization_relative":1.0,"per_gpu_performance_state":{"0":"P2"},"per_gpu_power_draw":{"0":45.04},"cpu_count_adjusted_average_load":[0.156875,0.1496875,0.146875],"realtime_carbon_intensity":211.4815994177,"disk_write_speed":53.3728319654,"process_ids":[14939,14980,15043]}
{"timestamp":1572292064.0335710049,"rapl_power_draw_absolute":79.3390298594,"rapl_estimated_attributable_power_draw":20.5676820676,"cpu_time_seconds":{"14939":{"user":105.03,"system":7.02,"children_user":0.14,"children_system":0.08},"14980":{"user":0.04,"system":0.01,"children_user":0.0,"children_system":0.0},"15043":{"user":1.68,"system":1.24,"children_user":0.1,"children_system":1.15}},"average_relative_cpu_utilization":0.2448006512,"absolute_cpu_utilization":1.0034405812,"relative_mem_usage":0.4071952003,"absolute_mem_usage":9135230976.0,"absolute_mem_percent_usage":0.067618664,"mem_info_per_process":{"14939":{"rss":4441018368,"vms":13716783104,"shared":588836864,"text":2322432,"lib":0,"data":11884855296,"dirty":0,"uss":3485396992,"pss":3867190272,"swap":0},"14980":{"rss":11247616,"vms":28168192,"shared":5693440,"text":2322432,"lib":0,"data":5283840,"dirty":0,"uss":5574656,"pss":5921792,"swap":0},"15043":{"rss":1311608832,"vms":3524538368,"shared":14962688,"text":2322432,"lib":0,"data":1901367296,"dirty":0,"uss":747298816,"pss":1023848448,"swap":0}},"nvidia_draw_absolute":45.99,"nvidia_estimated_attributable_power_draw":45.99,"average_gpu_estimated_utilization_absolute":0.32,"per_gpu_average_estimated_utilization_absolute":{"(0, 14939)":{"sm":32,"mem":5,"enc":0,"dec":0}},"average_gpu_estimated_utilization_relative":1.0,"per_gpu_performance_state":{"0":"P2"},"per_gpu_power_draw":{"0":45.99},"cpu_count_adjusted_average_load":[0.156875,0.15,0.146875],"realtime_carbon_intensity":211.4815994177,"disk_write_speed":49.0135138483,"process_ids":[14939,14980,15043]}
{"timestamp":1572292071.9933459759,"rapl_power_draw_absolute":79.2972643883,"rapl_estimated_attributable_power_draw":20.3588989354,"cpu_time_seconds":{"14939":{"user":112.76,"system":7.24,"children_user":0.14,"children_system":0.08},"14980":{"user":0.04,"system":0.01,"children_user":0.0,"children_system":0.0},"15043":{"user":1.9,"system":1.4,"children_user":0.12,"children_system":1.31}},"average_relative_cpu_utilization":0.2420700668,"absolute_cpu_utilization":0.9934633552,"relative_mem_usage":0.4071603397,"absolute_mem_usage":9136681984.0,"absolute_mem_percent_usage":0.0676294043,"mem_info_per_process":{"14939":{"rss":4441018368,"vms":13716783104,"shared":588836864,"text":2322432,"lib":0,"data":11884855296,"dirty":0,"uss":3485880320,"pss":3867432960,"swap":0},"14980":{"rss":11247616,"vms":28168192,"shared":5693440,"text":2322432,"lib":0,"data":5283840,"dirty":0,"uss":5574656,"pss":5921792,"swap":0},"15043":{"rss":1311608832,"vms":3524538368,"shared":14962688,"text":2322432,"lib":0,"data":1901367296,"dirty":0,"uss":747782144,"pss":1024090112,"swap":0}},"nvidia_draw_absolute":48.92,"nvidia_estimated_attributable_power_draw":48.92,"average_gpu_estimated_utilization_absolute":0.32,"per_gpu_average_estimated_utilization_absolute":{"(0, 14939)":{"sm":32.0,"mem":5.5,"enc":0.0,"dec":0.0}},"average_gpu_estimated_utilization_relative":1.0,"per_gpu_performance_state":{"0":"P2"},"per_gpu_power_draw":{"0":48.92},"cpu_count_adjusted_average_load":[0.15875,0.150625,0.1471875],"realtime_carbon_intensity":211.4815994177,"disk_write_speed":49.7825819644,"process_ids":[14939,14980,15043]}
{"timestamp":1572292079.9620409012,"rapl_power_draw_absolute":79.2474321857,"rapl_estimated_attributable_power_draw":19.8512028405,"cpu_time_seconds":{"14939":{"user":120.48,"system":7.49,"children_user":0.14,"children_system":0.08},"14980":{"user":0.04,"system":0.01,"children_user":0.0,"children_system":0.0},"15043":{"user":2.13,"system":1.57,"children_user":0.16,"children_system":1.46}},"average_relative_cpu_utilization":0.2352040807,"absolute_cpu_utilization":0.9934624923,"relative_mem_usage":0.4071936445,"absolute_mem_usage":9137774592.0,"absolute_mem_percent_usage":0.0676374917,"mem_info_per_process":{"14939":{"rss":4441018368,"vms":13716783104,"shared":588836864,"text":2322432,"lib":0,"data":11884855296,"dirty":0,"uss":3486240768,"pss":3867612160,"swap":0},"14980":{"rss":11247616,"vms":28168192,"shared":5693440,"text":2322432,"lib":0,"data":5283840,"dirty":0,"uss":5574656,"pss":5921792,"swap":0},"15043":{"rss":1311608832,"vms":3524538368,"shared":14962688,"text":2322432,"lib":0,"data":1901367296,"dirty":0,"uss":748150784,"pss":1024274432,"swap":0}},"nvidia_draw_absolute":45.42,"nvidia_estimated_attributable_power_draw":45.42,"average_gpu_estimated_utilization_absolute":0.32,"per_gpu_average_estimated_utilization_absolute":{"(0, 14939)":{"sm":32.0,"mem":5.5,"enc":0.0,"dec":0.0}},"average_gpu_estimated_utilization_relative":1.0,"per_gpu_performance_state":{"0":"P2"},"per_gpu_power_draw":{"0":45.42},"cpu_count_adjusted_average_load":[0.158125,0.150625,0.1471875],"realtime_carbon_intensity":211.4815994177,"disk_write_speed":54.9433922718,"process_ids":[14939,14980,15043]}
{"timestamp":1572292087.9147689342,"rapl_power_draw_absolute":79.3903502367,"rapl_estimated_attributable_power_draw":20.600581279,"cpu_time_seconds":{"14939":{"user":128.17,"system":7.76,"children_user":0.14,"children_system":0.08},"14980":{"user":0.04,"system":0.01,"children_user":0.0,"children_system":0.0},"15043":{"user":2.37,"system":1.72,"children_user":0.17,"children_system":1.63}},"average_relative_cpu_utilization":0.2451020113,"absolute_cpu_utilization":1.0034587504,"relative_mem_usage":0.4072816763,"absolute_mem_usage":9138352128.0,"absolute_mem_percent_usage":0.0676417666,"mem_info_per_process":{"14939":{"rss":4441018368,"vms":13716783104,"shared":588836864,"text":2322432,"lib":0,"data":11884855296,"dirty":0,"uss":3486437376,"pss":3867710464,"swap":0},"14980":{"rss":11247616,"vms":28168192,"shared":5693440,"text":2322432,"lib":0,"data":5283840,"dirty":0,"uss":5574656,"pss":5921792,"swap":0},"15043":{"rss":1311608832,"vms":3524538368,"shared":14962688,"text":2322432,"lib":0,"data":1901367296,"dirty":0,"uss":748339200,"pss":1024368640,"swap":0}},"nvidia_draw_absolute":44.65,"nvidia_estimated_attributable_power_draw":44.65,"average_gpu_estimated_utilization_absolute":0.315,"per_gpu_average_estimated_utilization_absolute":{"(0, 14939)":{"sm":31.5,"mem":5.0,"enc":0.0,"dec":0.0}},"average_gpu_estimated_utilization_relative":1.0,"per_gpu_performance_state":{"0":"P2"},"per_gpu_power_draw":{"0":44.65},"cpu_count_adjusted_average_load":[0.160625,0.15125,0.1475],"realtime_carbon_intensity":211.4815994177,"disk_write_speed":47.5644887387,"process_ids":[14939,14980,15043]}
{"timestamp":1572292095.8566300869,"rapl_power_draw_absolute":79.3273164202,"rapl_estimated_attributable_power_draw":20.4351673095,"cpu_time_seconds":{"14939":{"user":135.84,"system":8.03,"children_user":0.14,"children_system":0.08},"14980":{"user":0.04,"system":0.01,"children_user":0.0,"children_system":0.0},"15043":{"user":2.61,"system":1.9,"children_user":0.19,"children_system":1.78}},"average_relative_cpu_utilization":0.242991306,"absolute_cpu_utilization":0.9984198856,"relative_mem_usage":0.4072458076,"absolute_mem_usage":9139040256.0,"absolute_mem_percent_usage":0.0676468601,"mem_info_per_process":{"14939":{"rss":4441018368,"vms":13716783104,"shared":588836864,"text":2322432,"lib":0,"data":11884855296,"dirty":0,"uss":3486666752,"pss":3867825152,"swap":0},"14980":{"rss":11247616,"vms":28168192,"shared":5693440,"text":2322432,"lib":0,"data":5283840,"dirty":0,"uss":5574656,"pss":5921792,"swap":0},"15043":{"rss":1311608832,"vms":3524538368,"shared":14962688,"text":2322432,"lib":0,"data":1901367296,"dirty":0,"uss":748568576,"pss":1024483328,"swap":0}},"nvidia_draw_absolute":50.18,"nvidia_estimated_attributable_power_draw":50.18,"average_gpu_estimated_utilization_absolute":0.3166666667,"per_gpu_average_estimated_utilization_absolute":{"(0, 14939)":{"sm":31.6666666667,"mem":5.6666666667,"enc":0.0,"dec":0.0}},"average_gpu_estimated_utilization_relative":1.0,"per_gpu_performance_state":{"0":"P2"},"per_gpu_power_draw":{"0":50.18},"cpu_count_adjusted_average_load":[0.155,0.150625,0.1471875],"realtime_carbon_intensity":211.4815994177,"disk_write_speed":52.7920139441,"process_ids":[14939,14980,15043]}
{"timestamp":1572292103.8039729595,"rapl_power_draw_absolute":79.4585986848,"rapl_estimated_attributable_power_draw":20.4926000226,"cpu_time_seconds":{"14939":{"user":143.56,"system":8.27,"children_user":0.14,"children_system":0.08},"14980":{"user":0.04,"system":0.01,"children_user":0.0,"children_system":0.0},"15043":{"user":2.86,"system":2.07,"children_user":0.21,"children_system":1.94}},"average_relative_cpu_utilization":0.2432901899,"absolute_cpu_utilization":0.9984735248,"relative_mem_usage":0.4073165015,"absolute_mem_usage":9139642368.0,"absolute_mem_percent_usage":0.067651317,"mem_info_per_process":{"14939":{"rss":4441018368,"vms":13716783104,"shared":588836864,"text":2322432,"lib":0,"data":11884855296,"dirty":0,"uss":3486867456,"pss":3867925504,"swap":0},"14980":{"rss":11247616,"vms":28168192,"shared":5693440,"text":2322432,"lib":0,"data":5283840,"dirty":0,"uss":5574656,"pss":5921792,"swap":0},"15043":{"rss":1311608832,"vms":3524538368,"shared":14962688,"text":2322432,"lib":0,"data":1901367296,"dirty":0,"uss":748769280,"pss":1024583680,"swap":0}},"nvidia_draw_absolute":48.16,"nvidia_estimated_attributable_power_draw":48.16,"average_gpu_estimated_utilization_absolute":0.32,"per_gpu_average_estimated_utilization_absolute":{"(0, 14939)":{"sm":32,"mem":6,"enc":0,"dec":0}},"average_gpu_estimated_utilization_relative":1.0,"per_gpu_performance_state":{"0":"P2"},"per_gpu_power_draw":{"0":48.16},"cpu_count_adjusted_average_load":[0.1528125,0.15,0.1471875],"realtime_carbon_intensity":211.4815994177,"disk_write_speed":56.3667983369,"process_ids":[14939,14980,15043]}
{"timestamp":1572292111.756870985,"rapl_power_draw_absolute":79.3164541378,"rapl_estimated_attributable_power_draw":20.4775424002,"cpu_time_seconds":{"14939":{"user":151.25,"system":8.53,"children_user":0.14,"children_system":0.08},"14980":{"user":0.04,"system":0.01,"children_user":0.0,"children_system":0.0},"15043":{"user":3.06,"system":2.25,"children_user":0.22,"children_system":2.11}},"average_relative_cpu_utilization":0.2435858936,"absolute_cpu_utilization":0.9984601307,"relative_mem_usage":0.4072985338,"absolute_mem_usage":9140023296.0,"absolute_mem_percent_usage":0.0676541366,"mem_info_per_process":{"14939":{"rss":4441018368,"vms":13716783104,"shared":588836864,"text":2322432,"lib":0,"data":11884855296,"dirty":0,"uss":3486994432,"pss":3867988992,"swap":0},"14980":{"rss":11247616,"vms":28168192,"shared":5693440,"text":2322432,"lib":0,"data":5283840,"dirty":0,"uss":5574656,"pss":5921792,"swap":0},"15043":{"rss":1311608832,"vms":3524538368,"shared":14962688,"text":2322432,"lib":0,"data":1901367296,"dirty":0,"uss":748896256,"pss":1024647168,"swap":0}},"nvidia_draw_absolute":47.47,"nvidia_estimated_attributable_power_draw":47.47,"average_gpu_estimated_utilization_absolute":0.32,"per_gpu_average_estimated_utilization_absolute":{"(0, 14939)":{"sm":32.0,"mem":5.5,"enc":0.0,"dec":0.0}},"average_gpu_estimated_utilization_relative":1.0,"per_gpu_performance_state":{"0":"P2"},"per_gpu_power_draw":{"0":47.47},"cpu_count_adjusted_average_load":[0.150625,0.1496875,0.146875],"realtime_carbon_intensity":211.4815994177,"disk_write_speed":56.5338915697,"process_ids":[14939,14980,15043]}
{"timestamp":1572292119.7060968876,"rapl_power_draw_absolute":79.3815083899,"rapl_estimated_attributable_power_draw":20.6010080954,"cpu_time_seconds":{"14939":{"user":158.97,"system":8.77,"children_user":0.14,"children_system":0.08},"14980":{"user":0.04,"system":0.01,"children_user":0.0,"children_system":0.0},"15043":{"user":3.29,"system":2.41,"children_user":0.24,"children_system":2.26}},"average_relative_cpu_utilization":0.2451024028,"absolute_cpu_utilization":1.0034673649,"relative_mem_usage":0.4073725336,"absolute_mem_usage":9140502528.0,"absolute_mem_percent_usage":0.0676576838,"mem_info_per_process":{"14939":{"rss":4441018368,"vms":13716783104,"shared":588836864,"text":2322432,"lib":0,"data":11884855296,"dirty":0,"uss":3487154176,"pss":3868068864,"swap":0},"14980":{"rss":11247616,"vms":28168192,"shared":5693440,"text":2322432,"lib":0,"data":5283840,"dirty":0,"uss":5574656,"pss":5921792,"swap":0},"15043":{"rss":1311608832,"vms":3524538368,"shared":14962688,"text":2322432,"lib":0,"data":1901367296,"dirty":0,"uss":749056000,"pss":1024727040,"swap":0}},"nvidia_draw_absolute":44.94,"nvidia_estimated_attributable_power_draw":44.94,"average_gpu_estimated_utilization_absolute":0.32,"per_gpu_average_estimated_utilization_absolute":{"(0, 14939)":{"sm":32,"mem":5,"enc":0,"dec":0}},"average_gpu_estimated_utilization_relative":1.0,"per_gpu_performance_state":{"0":"P2"},"per_gpu_power_draw":{"0":44.94},"cpu_count_adjusted_average_load":[0.146875,0.1490625,0.146875],"realtime_carbon_intensity":211.4815994177,"disk_write_speed":47.7791428514,"process_ids":[14939,14980,15043]}
{"timestamp":1572292127.6379330158,"rapl_power_draw_absolute":79.4330739352,"rapl_estimated_attributable_power_draw":20.5389068991,"cpu_time_seconds":{"14939":{"user":166.64,"system":9.02,"children_user":0.14,"children_system":0.08},"14980":{"user":0.04,"system":0.01,"children_user":0.0,"children_system":0.0},"15043":{"user":3.54,"system":2.57,"children_user":0.25,"children_system":2.42}},"average_relative_cpu_utilization":0.2441792974,"absolute_cpu_utilization":0.9984729919,"relative_mem_usage":0.4073721681,"absolute_mem_usage":9140823040.0,"absolute_mem_percent_usage":0.0676600563,"mem_info_per_process":{"14939":{"rss":4441018368,"vms":13716783104,"shared":588836864,"text":2322432,"lib":0,"data":11884855296,"dirty":0,"uss":3487260672,"pss":3868123136,"swap":0},"14980":{"rss":11247616,"vms":28168192,"shared":5693440,"text":2322432,"lib":0,"data":5283840,"dirty":0,"uss":5574656,"pss":5921792,"swap":0},"15043":{"rss":1311608832,"vms":3524538368,"shared":14962688,"text":2322432,"lib":0,"data":1901367296,"dirty":0,"uss":749162496,"pss":1024780288,"swap":0}},"nvidia_draw_absolute":45.14,"nvidia_estimated_attributable_power_draw":45.14,"average_gpu_estimated_utilization_absolute":0.32,"per_gpu_average_estimated_utilization_absolute":{"(0, 14939)":{"sm":32.0,"mem":5.5,"enc":0.0,"dec":0.0}},"average_gpu_estimated_utilization_relative":1.0,"per_gpu_performance_state":{"0":"P2"},"per_gpu_power_draw":{"0":45.14},"cpu_count_adjusted_average_load":[0.1475,0.1490625,0.146875],"realtime_carbon_intensity":211.4815994177,"disk_write_speed":45.7424257727,"process_ids":[14939,14980,15043]}
{"timestamp":1572292135.6155459881,"rapl_power_draw_absolute":69.3173364382,"rapl_estimated_attributable_power_draw":23.5651083688,"cpu_time_seconds":{"14939":{"user":174.39,"system":9.26,"children_user":0.14,"children_system":0.08},"14980":{"user":0.04,"system":0.01,"children_user":0.0,"children_system":0.0},"15043":{"user":3.74,"system":2.76,"children_user":0.27,"children_system":2.58}},"average_relative_cpu_utilization":0.3195289552,"absolute_cpu_utilization":1.0034827863,"relative_mem_usage":0.5202924955,"absolute_mem_usage":9174075392.0,"absolute_mem_percent_usage":0.067906189,"mem_info_per_process":{"14939":{"rss":4441018368,"vms":13716783104,"shared":588836864,"text":2322432,"lib":0,"data":11884855296,"dirty":0,"uss":3487338496,"pss":3900518400,"swap":0},"14980":{"rss":11247616,"vms":28168192,"shared":5693440,"text":2322432,"lib":0,"data":5283840,"dirty":0,"uss":5574656,"pss":6032384,"swap":0},"15043":{"rss":1311608832,"vms":3524538368,"shared":14962688,"text":2322432,"lib":0,"data":1901367296,"dirty":0,"uss":749240320,"pss":1025371136,"swap":0}},"nvidia_draw_absolute":46.1,"nvidia_estimated_attributable_power_draw":46.1,"average_gpu_estimated_utilization_absolute":0.305,"per_gpu_average_estimated_utilization_absolute":{"(0, 14939)":{"sm":30.5,"mem":5.0,"enc":0.0,"dec":0.0}},"average_gpu_estimated_utilization_relative":1.0,"per_gpu_performance_state":{"0":"P2"},"per_gpu_power_draw":{"0":46.1},"cpu_count_adjusted_average_load":[0.141875,0.1478125,0.14625],"realtime_carbon_intensity":211.4815994177,"disk_write_speed":36.6240181843,"process_ids":[14939,14980,15043]}
{"timestamp":1572292143.5658679008,"rapl_power_draw_absolute":71.6224648706,"rapl_estimated_attributable_power_draw":21.646688031,"cpu_time_seconds":{"14939":{"user":182.14,"system":9.46,"children_user":0.14,"children_system":0.08},"14980":{"user":0.04,"system":0.01,"children_user":0.0,"children_system":0.0},"15043":{"user":3.94,"system":2.92,"children_user":0.29,"children_system":2.73}},"average_relative_cpu_utilization":0.2789136593,"absolute_cpu_utilization":0.9984333863,"relative_mem_usage":0.5166877136,"absolute_mem_usage":9173883904.0,"absolute_mem_percent_usage":0.0679047716,"mem_info_per_process":{"14939":{"rss":4441018368,"vms":13716783104,"shared":588836864,"text":2322432,"lib":0,"data":11884855296,"dirty":0,"uss":3487379456,"pss":3900186624,"swap":0},"14980":{"rss":11247616,"vms":28168192,"shared":5693440,"text":2322432,"lib":0,"data":5283840,"dirty":0,"uss":5574656,"pss":6020096,"swap":0},"15043":{"rss":1311608832,"vms":3524538368,"shared":14962688,"text":2322432,"lib":0,"data":1901367296,"dirty":0,"uss":749318144,"pss":1025404928,"swap":0}},"nvidia_draw_absolute":47.18,"nvidia_estimated_attributable_power_draw":47.18,"average_gpu_estimated_utilization_absolute":0.315,"per_gpu_average_estimated_utilization_absolute":{"(0, 14939)":{"sm":31.5,"mem":5.0,"enc":0.0,"dec":0.0}},"average_gpu_estimated_utilization_relative":1.0,"per_gpu_performance_state":{"0":"P2"},"per_gpu_power_draw":{"0":47.18},"cpu_count_adjusted_average_load":[0.1428125,0.1478125,0.1465625],"realtime_carbon_intensity":211.4815994177,"disk_write_speed":32.8939068706,"process_ids":[14939,14980,15043]}
{"timestamp":1572292151.5223081112,"rapl_power_draw_absolute":89.0339135879,"rapl_estimated_attributable_power_draw":11.7755997535,"cpu_time_seconds":{"14939":{"user":189.86,"system":9.7,"children_user":0.14,"children_system":0.08},"14980":{"user":0.04,"system":0.01,"children_user":0.0,"children_system":0.0},"15043":{"user":4.11,"system":3.07,"children_user":0.3,"children_system":2.88}},"average_relative_cpu_utilization":0.1044868287,"absolute_cpu_utilization":0.9985303994,"relative_mem_usage":0.4382603324,"absolute_mem_usage":9164509184.0,"absolute_mem_percent_usage":0.0678353803,"mem_info_per_process":{"14939":{"rss":4441018368,"vms":13716783104,"shared":588836864,"text":2322432,"lib":0,"data":11884855296,"dirty":0,"uss":3486814208,"pss":3891563520,"swap":0},"14980":{"rss":11247616,"vms":28168192,"shared":5693440,"text":2322432,"lib":0,"data":5283840,"dirty":0,"uss":5574656,"pss":5977088,"swap":0},"15043":{"rss":1311608832,"vms":3524538368,"shared":14962688,"text":2322432,"lib":0,"data":1901367296,"dirty":0,"uss":749395968,"pss":1025183744,"swap":0}},"nvidia_draw_absolute":45.43,"nvidia_estimated_attributable_power_draw":45.43,"average_gpu_estimated_utilization_absolute":0.32,"per_gpu_average_estimated_utilization_absolute":{"(0, 14939)":{"sm":32.0,"mem":5.5,"enc":0.0,"dec":0.0}},"average_gpu_estimated_utilization_relative":1.0,"per_gpu_performance_state":{"0":"P2"},"per_gpu_power_draw":{"0":45.43},"cpu_count_adjusted_average_load":[0.17625,0.155,0.14875],"realtime_carbon_intensity":211.4815994177,"disk_write_speed":47.8282685935,"process_ids":[14939,14980,15043]}
{"timestamp":1572292159.4689290524,"rapl_power_draw_absolute":76.4051372808,"rapl_estimated_attributable_power_draw":20.2135208892,"cpu_time_seconds":{"14939":{"user":197.6,"system":9.91,"children_user":0.14,"children_system":0.08},"14980":{"user":0.04,"system":0.01,"children_user":0.0,"children_system":0.0},"15043":{"user":4.33,"system":3.26,"children_user":0.32,"children_system":3.04}},"average_relative_cpu_utilization":0.2421161035,"absolute_cpu_utilization":0.9985343329,"relative_mem_usage":0.4704063576,"absolute_mem_usage":9163991040.0,"absolute_mem_percent_usage":0.067831545,"mem_info_per_process":{"14939":{"rss":4441018368,"vms":13716783104,"shared":588836864,"text":2322432,"lib":0,"data":11884855296,"dirty":0,"uss":3486777344,"pss":3891202048,"swap":0},"14980":{"rss":11247616,"vms":28168192,"shared":5693440,"text":2322432,"lib":0,"data":5283840,"dirty":0,"uss":5574656,"pss":5923840,"swap":0},"15043":{"rss":1311608832,"vms":3524538368,"shared":14962688,"text":2322432,"lib":0,"data":1901367296,"dirty":0,"uss":749436928,"pss":1025076224,"swap":0}},"nvidia_draw_absolute":44.92,"nvidia_estimated_attributable_power_draw":44.92,"average_gpu_estimated_utilization_absolute":0.3125,"per_gpu_average_estimated_utilization_absolute":{"(0, 14939)":{"sm":31.25,"mem":5.25,"enc":0.0,"dec":0.0}},"average_gpu_estimated_utilization_relative":1.0,"per_gpu_performance_state":{"0":"P2"},"per_gpu_power_draw":{"0":44.92},"cpu_count_adjusted_average_load":[0.1684375,0.15375,0.1484375],"realtime_carbon_intensity":211.4815994177,"disk_write_speed":44.1230243454,"process_ids":[14939,14980,15043]}
{"timestamp":1572292167.4312670231,"rapl_power_draw_absolute":81.0886247949,"rapl_estimated_attributable_power_draw":20.9824272874,"cpu_time_seconds":{"14939":{"user":205.31,"system":10.17,"children_user":0.14,"children_system":0.08},"14980":{"user":0.04,"system":0.01,"children_user":0.0,"children_system":0.0},"15043":{"user":4.52,"system":3.46,"children_user":0.32,"children_system":3.22}},"average_relative_cpu_utilization":0.2445086786,"absolute_cpu_utilization":1.0035004192,"relative_mem_usage":0.4064457137,"absolute_mem_usage":9129928704.0,"absolute_mem_percent_usage":0.0675794168,"mem_info_per_process":{"14939":{"rss":4441018368,"vms":13716783104,"shared":588836864,"text":2322432,"lib":0,"data":11884855296,"dirty":0,"uss":3481399296,"pss":3862691840,"swap":0},"14980":{"rss":11247616,"vms":28168192,"shared":5693440,"text":2322432,"lib":0,"data":5283840,"dirty":0,"uss":5574656,"pss":5921792,"swap":0},"15043":{"rss":1311608832,"vms":3524538368,"shared":14962688,"text":2322432,"lib":0,"data":1901367296,"dirty":0,"uss":749461504,"pss":1024879616,"swap":0}},"nvidia_draw_absolute":45.52,"nvidia_estimated_attributable_power_draw":45.52,"average_gpu_estimated_utilization_absolute":0.32,"per_gpu_average_estimated_utilization_absolute":{"(0, 14939)":{"sm":32.0,"mem":5.5,"enc":0.0,"dec":0.0}},"average_gpu_estimated_utilization_relative":1.0,"per_gpu_performance_state":{"0":"P2"},"per_gpu_power_draw":{"0":45.52},"cpu_count_adjusted_average_load":[0.165,0.1534375,0.1484375],"realtime_carbon_intensity":211.4815994177,"disk_write_speed":51.3472733685,"process_ids":[14939,14980,15043]}
{"timestamp":1572292175.3722560406,"rapl_power_draw_absolute":81.1244389573,"rapl_estimated_attributable_power_draw":20.9495536791,"cpu_time_seconds":{"14939":{"user":213.03,"system":10.39,"children_user":0.14,"children_system":0.08},"14980":{"user":0.04,"system":0.01,"children_user":0.0,"children_system":0.0},"15043":{"user":4.76,"system":3.64,"children_user":0.34,"children_system":3.37}},"average_relative_cpu_utilization":0.2441808107,"absolute_cpu_utilization":0.9984684368,"relative_mem_usage":0.4064546216,"absolute_mem_usage":9130063872.0,"absolute_mem_percent_usage":0.0675804173,"mem_info_per_process":{"14939":{"rss":4441018368,"vms":13716783104,"shared":588836864,"text":2322432,"lib":0,"data":11884855296,"dirty":0,"uss":3481444352,"pss":3862714368,"swap":0},"14980":{"rss":11247616,"vms":28168192,"shared":5693440,"text":2322432,"lib":0,"data":5283840,"dirty":0,"uss":5574656,"pss":5921792,"swap":0},"15043":{"rss":1311608832,"vms":3524538368,"shared":14962688,"text":2322432,"lib":0,"data":1901367296,"dirty":0,"uss":749506560,"pss":1024902144,"swap":0}},"nvidia_draw_absolute":47.26,"nvidia_estimated_attributable_power_draw":47.26,"average_gpu_estimated_utilization_absolute":0.32,"per_gpu_average_estimated_utilization_absolute":{"(0, 14939)":{"sm":32.0,"mem":5.5,"enc":0.0,"dec":0.0}},"average_gpu_estimated_utilization_relative":1.0,"per_gpu_performance_state":{"0":"P2"},"per_gpu_power_draw":{"0":47.26},"cpu_count_adjusted_average_load":[0.15875,0.1525,0.148125],"realtime_carbon_intensity":211.4815994177,"disk_write_speed":50.220706596,"process_ids":[14939,14980,15043]}
{"timestamp":1572292183.335007906,"rapl_power_draw_absolute":79.9941053481,"rapl_estimated_attributable_power_draw":20.6159805405,"cpu_time_seconds":{"14939":{"user":220.75,"system":10.63,"children_user":0.14,"children_system":0.08},"14980":{"user":0.04,"system":0.01,"children_user":0.0,"children_system":0.0},"15043":{"user":4.96,"system":3.79,"children_user":0.37,"children_system":3.53}},"average_relative_cpu_utilization":0.2435859327,"absolute_cpu_utilization":0.9984718963,"relative_mem_usage":0.4063171391,"absolute_mem_usage":9129125888.0,"absolute_mem_percent_usage":0.0675734743,"mem_info_per_process":{"14939":{"rss":4441018368,"vms":13716783104,"shared":588836864,"text":2322432,"lib":0,"data":11884855296,"dirty":0,"uss":3481309184,"pss":3861788672,"swap":0},"14980":{"rss":11247616,"vms":28168192,"shared":5693440,"text":2322432,"lib":0,"data":5283840,"dirty":0,"uss":5574656,"pss":5921792,"swap":0},"15043":{"rss":1311608832,"vms":3524538368,"shared":14962688,"text":2322432,"lib":0,"data":1901367296,"dirty":0,"uss":749588480,"pss":1024943104,"swap":0}},"nvidia_draw_absolute":45.23,"nvidia_estimated_attributable_power_draw":45.23,"average_gpu_estimated_utilization_absolute":0.32,"per_gpu_average_estimated_utilization_absolute":{"(0, 14939)":{"sm":32,"mem":6,"enc":0,"dec":0}},"average_gpu_estimated_utilization_relative":1.0,"per_gpu_performance_state":{"0":"P2"},"per_gpu_power_draw":{"0":45.23},"cpu_count_adjusted_average_load":[0.1559375,0.151875,0.1478125],"realtime_carbon_intensity":211.4815994177,"disk_write_speed":52.5338677355,"process_ids":[14939,14980,15043]}
{"timestamp":1572292191.3029129505,"rapl_power_draw_absolute":78.1067801324,"rapl_estimated_attributable_power_draw":20.2748248956,"cpu_time_seconds":{"14939":{"user":228.47,"system":10.89,"children_user":0.14,"children_system":0.08},"14980":{"user":0.04,"system":0.01,"children_user":0.0,"children_system":0.0},"15043":{"user":5.18,"system":3.99,"children_user":0.38,"children_system":3.69}},"average_relative_cpu_utilization":0.2451045069,"absolute_cpu_utilization":1.0034948929,"relative_mem_usage":0.4063643948,"absolute_mem_usage":9129347072.0,"absolute_mem_percent_usage":0.0675751115,"mem_info_per_process":{"14939":{"rss":4441018368,"vms":13716783104,"shared":588836864,"text":2322432,"lib":0,"data":11884855296,"dirty":0,"uss":3481382912,"pss":3861825536,"swap":0},"14980":{"rss":11247616,"vms":28168192,"shared":5693440,"text":2322432,"lib":0,"data":5283840,"dirty":0,"uss":5574656,"pss":5921792,"swap":0},"15043":{"rss":1311608832,"vms":3524538368,"shared":14962688,"text":2322432,"lib":0,"data":1901367296,"dirty":0,"uss":749662208,"pss":1024979968,"swap":0}},"nvidia_draw_absolute":46.11,"nvidia_estimated_attributable_power_draw":46.11,"average_gpu_estimated_utilization_absolute":0.32,"per_gpu_average_estimated_utilization_absolute":{"(0, 14939)":{"sm":32,"mem":6,"enc":0,"dec":0}},"average_gpu_estimated_utilization_relative":1.0,"per_gpu_performance_state":{"0":"P2"},"per_gpu_power_draw":{"0":46.11},"cpu_count_adjusted_average_load":[0.1534375,0.1515625,0.1478125],"realtime_carbon_intensity":211.4815994177,"disk_write_speed":44.7888453392,"process_ids":[14939,14980,15043]}
{"timestamp":1572292199.2572500706,"rapl_power_draw_absolute":78.1173672768,"rapl_estimated_attributable_power_draw":20.1321425323,"cpu_time_seconds":{"14939":{"user":236.19,"system":11.12,"children_user":0.14,"children_system":0.08},"14980":{"user":0.04,"system":0.01,"children_user":0.0,"children_system":0.0},"15043":{"user":5.42,"system":4.16,"children_user":0.39,"children_system":3.85}},"average_relative_cpu_utilization":0.24299262,"absolute_cpu_utilization":0.9984651147,"relative_mem_usage":0.4063022889,"absolute_mem_usage":9129467904.0,"absolute_mem_percent_usage":0.0675760059,"mem_info_per_process":{"14939":{"rss":4441018368,"vms":13716783104,"shared":588836864,"text":2322432,"lib":0,"data":11884855296,"dirty":0,"uss":3481423872,"pss":3861846016,"swap":0},"14980":{"rss":11247616,"vms":28168192,"shared":5693440,"text":2322432,"lib":0,"data":5283840,"dirty":0,"uss":5574656,"pss":5919744,"swap":0},"15043":{"rss":1311608832,"vms":3524538368,"shared":14962688,"text":2322432,"lib":0,"data":1901367296,"dirty":0,"uss":749703168,"pss":1025000448,"swap":0}},"nvidia_draw_absolute":50.79,"nvidia_estimated_attributable_power_draw":50.79,"average_gpu_estimated_utilization_absolute":0.32,"per_gpu_average_estimated_utilization_absolute":{"(0, 14939)":{"sm":32.0,"mem":5.5,"enc":0.0,"dec":0.0}},"average_gpu_estimated_utilization_relative":1.0,"per_gpu_performance_state":{"0":"P2"},"per_gpu_power_draw":{"0":50.79},"cpu_count_adjusted_average_load":[0.15125,0.15125,0.1478125],"realtime_carbon_intensity":211.4815994177,"disk_write_speed":51.7643743906,"process_ids":[14939,14980,15043]}
{"timestamp":1572292207.2117109299,"rapl_power_draw_absolute":78.1918187216,"rapl_estimated_attributable_power_draw":20.2388837162,"cpu_time_seconds":{"14939":{"user":243.95,"system":11.32,"children_user":0.14,"children_system":0.08},"14980":{"user":0.04,"system":0.01,"children_user":0.0,"children_system":0.0},"15043":{"user":5.65,"system":4.32,"children_user":0.4,"children_system":4.02}},"average_relative_cpu_utilization":0.244213436,"absolute_cpu_utilization":1.0035213529,"relative_mem_usage":0.4062990807,"absolute_mem_usage":9129580544.0,"absolute_mem_percent_usage":0.0675768397,"mem_info_per_process":{"14939":{"rss":4441018368,"vms":13716783104,"shared":588836864,"text":2322432,"lib":0,"data":11884855296,"dirty":0,"uss":3481460736,"pss":3861864448,"swap":0},"14980":{"rss":11247616,"vms":28168192,"shared":5693440,"text":2322432,"lib":0,"data":5283840,"dirty":0,"uss":5574656,"pss":5921792,"swap":0},"15043":{"rss":1311608832,"vms":3524538368,"shared":14962688,"text":2322432,"lib":0,"data":1901367296,"dirty":0,"uss":749740032,"pss":1025018880,"swap":0}},"nvidia_draw_absolute":46.7,"nvidia_estimated_attributable_power_draw":46.7,"average_gpu_estimated_utilization_absolute":0.325,"per_gpu_average_estimated_utilization_absolute":{"(0, 14939)":{"sm":32.5,"mem":6.0,"enc":0.0,"dec":0.0}},"average_gpu_estimated_utilization_relative":1.0,"per_gpu_performance_state":{"0":"P2"},"per_gpu_power_draw":{"0":46.7},"cpu_count_adjusted_average_load":[0.1496875,0.1509375,0.1475],"realtime_carbon_intensity":211.4815994177,"disk_write_speed":53.0734955445,"process_ids":[14939,14980,15043]}
{"timestamp":1572292215.1504039764,"rapl_power_draw_absolute":78.2385435022,"rapl_estimated_attributable_power_draw":20.332842639,"cpu_time_seconds":{"14939":{"user":251.6,"system":11.61,"children_user":0.14,"children_system":0.08},"14980":{"user":0.04,"system":0.01,"children_user":0.0,"children_system":0.0},"15043":{"user":5.86,"system":4.5,"children_user":0.42,"children_system":4.18}},"average_relative_cpu_utilization":0.2454018042,"absolute_cpu_utilization":1.0044019509,"relative_mem_usage":0.4062489235,"absolute_mem_usage":9129666560.0,"absolute_mem_percent_usage":0.0675774764,"mem_info_per_process":{"14939":{"rss":4441018368,"vms":13716783104,"shared":588836864,"text":2322432,"lib":0,"data":11884855296,"dirty":0,"uss":3481489408,"pss":3861878784,"swap":0},"14980":{"rss":11247616,"vms":28168192,"shared":5693440,"text":2322432,"lib":0,"data":5283840,"dirty":0,"uss":5574656,"pss":5921792,"swap":0},"15043":{"rss":1311608832,"vms":3524538368,"shared":14962688,"text":2322432,"lib":0,"data":1901367296,"dirty":0,"uss":749768704,"pss":1025033216,"swap":0}},"nvidia_draw_absolute":48.05,"nvidia_estimated_attributable_power_draw":48.05,"average_gpu_estimated_utilization_absolute":0.32,"per_gpu_average_estimated_utilization_absolute":{"(0, 14939)":{"sm":32.0,"mem":5.5,"enc":0.0,"dec":0.0}},"average_gpu_estimated_utilization_relative":1.0,"per_gpu_performance_state":{"0":"P2"},"per_gpu_power_draw":{"0":48.05},"cpu_count_adjusted_average_load":[0.145625,0.15,0.1475],"realtime_carbon_intensity":211.4815994177,"disk_write_speed":42.6767700687,"process_ids":[14939,14980,15043]}
