{"timestamp":1572412427.4058189392,"rapl_power_draw_absolute":89.4459018242,"rapl_estimated_attributable_power_draw":19.4152410478,"cpu_time_seconds":{"11249":{"user":0.0,"system":0.05,"children_user":0.0,"children_system":0.05},"11124":{"user":10.62,"system":3.78,"children_user":0.07,"children_system":0.19}},"average_relative_cpu_utilization":0.2254644027,"absolute_cpu_utilization":0.9987262397,"relative_mem_usage":0.1454266621,"absolute_mem_usage":3479520256.0,"absolute_mem_percent_usage":0.0257553387,"mem_info_per_process":{"11249":{"rss":3261644800,"vms":12085276672,"shared":173674496,"text":2322432,"lib":0,"data":10357473280,"dirty":0,"uss":22724608,"pss":1638656000,"swap":0},"11124":{"rss":3652554752,"vms":12085276672,"shared":564801536,"text":2322432,"lib":0,"data":10357473280,"dirty":0,"uss":35799040,"pss":1782340608,"swap":0}},"nvidia_draw_absolute":170.39,"nvidia_estimated_attributable_power_draw":170.39,"average_gpu_estimated_utilization_absolute":0.99,"per_gpu_average_estimated_utilization_absolute":{"(0, 11124)":{"sm":99,"mem":61,"enc":0,"dec":0}},"average_gpu_estimated_utilization_relative":1.0,"per_gpu_performance_state":{"0":"P2"},"per_gpu_power_draw":{"0":170.39},"cpu_count_adjusted_average_load":[0.165625,0.163125,0.160625],"realtime_carbon_intensity":335.5704697987,"disk_write_speed":29.4714016108,"process_ids":[11249,11124]}
{"timestamp":1572412435.6197800636,"rapl_power_draw_absolute":81.1231481033,"rapl_estimated_attributable_power_draw":23.4425132311,"cpu_time_seconds":{"11249":{"user":0.11,"system":0.32,"children_user":0.0,"children_system":0.24},"11124":{"user":17.23,"system":5.4,"children_user":0.07,"children_system":0.19}},"average_relative_cpu_utilization":0.3036171491,"absolute_cpu_utilization":1.0037602357,"relative_mem_usage":0.1757387265,"absolute_mem_usage":3616515072.0,"absolute_mem_percent_usage":0.0267693715,"mem_info_per_process":{"11249":{"rss":3268186112,"vms":12085276672,"shared":180203520,"text":2322432,"lib":0,"data":10357473280,"dirty":0,"uss":33181696,"pss":1646505984,"swap":0},"11124":{"rss":3652554752,"vms":12085276672,"shared":564801536,"text":2322432,"lib":0,"data":10357473280,"dirty":0,"uss":77438976,"pss":1859388416,"swap":0}},"nvidia_draw_absolute":171.4,"nvidia_estimated_attributable_power_draw":171.4,"average_gpu_estimated_utilization_absolute":0.99,"per_gpu_average_estimated_utilization_absolute":{"(0, 11124)":{"sm":99,"mem":61,"enc":0,"dec":0}},"average_gpu_estimated_utilization_relative":1.0,"per_gpu_performance_state":{"0":"P2"},"per_gpu_power_draw":{"0":171.4},"cpu_count_adjusted_average_load":[0.16125,0.1625,0.1603125],"realtime_carbon_intensity":335.5704697987,"disk_write_speed":40.5477531956,"process_ids":[11249,11124]}
{"timestamp":1572412444.5763220787,"rapl_power_draw_absolute":83.3223194888,"rapl_estimated_attributable_power_draw":22.2506010947,"cpu_time_seconds":{"11249":{"user":0.24,"system":0.59,"children_user":0.01,"children_system":0.43},"11124":{"user":24.49,"system":7.09,"children_user":0.07,"children_system":0.19}},"average_relative_cpu_utilization":0.2785415851,"absolute_cpu_utilization":0.9987539716,"relative_mem_usage":0.1754622991,"absolute_mem_usage":3617143808.0,"absolute_mem_percent_usage":0.0267740254,"mem_info_per_process":{"11249":{"rss":3268186112,"vms":12085276672,"shared":180203520,"text":2322432,"lib":0,"data":10357473280,"dirty":0,"uss":33546240,"pss":1646685184,"swap":0},"11124":{"rss":3652554752,"vms":12085276672,"shared":564801536,"text":2322432,"lib":0,"data":10357473280,"dirty":0,"uss":77508608,"pss":1859403776,"swap":0}},"nvidia_draw_absolute":174.22,"nvidia_estimated_attributable_power_draw":174.22,"average_gpu_estimated_utilization_absolute":0.99,"per_gpu_average_estimated_utilization_absolute":{"(0, 11124)":{"sm":99.0,"mem":61.5,"enc":0.0,"dec":0.0}},"average_gpu_estimated_utilization_relative":1.0,"per_gpu_performance_state":{"0":"P2"},"per_gpu_power_draw":{"0":174.22},"cpu_count_adjusted_average_load":[0.1703125,0.164375,0.1609375],"realtime_carbon_intensity":335.5704697987,"disk_write_speed":18.9089761536,"process_ids":[11249,11124]}
{"timestamp":1572412453.9227089882,"rapl_power_draw_absolute":89.9002496316,"rapl_estimated_attributable_power_draw":20.4964585319,"cpu_time_seconds":{"11249":{"user":0.32,"system":0.85,"children_user":0.02,"children_system":0.63},"11124":{"user":32.0,"system":8.92,"children_user":0.07,"children_system":0.19}},"average_relative_cpu_utilization":0.2360513179,"absolute_cpu_utilization":0.9937614644,"relative_mem_usage":0.1597961052,"absolute_mem_usage":3565598720.0,"absolute_mem_percent_usage":0.0263924897,"mem_info_per_process":{"11249":{"rss":3268251648,"vms":12085276672,"shared":180269056,"text":2322432,"lib":0,"data":10357473280,"dirty":0,"uss":33574912,"pss":1646021632,"swap":0},"11124":{"rss":3652554752,"vms":12085276672,"shared":564801536,"text":2322432,"lib":0,"data":10357473280,"dirty":0,"uss":66875392,"pss":1819126784,"swap":0}},"nvidia_draw_absolute":171.37,"nvidia_estimated_attributable_power_draw":171.37,"average_gpu_estimated_utilization_absolute":0.985,"per_gpu_average_estimated_utilization_absolute":{"(0, 11124)":{"sm":98.5,"mem":62.0,"enc":0.0,"dec":0.0}},"average_gpu_estimated_utilization_relative":1.0,"per_gpu_performance_state":{"0":"P2"},"per_gpu_power_draw":{"0":171.37},"cpu_count_adjusted_average_load":[0.168125,0.1640625,0.1609375],"realtime_carbon_intensity":335.5704697987,"disk_write_speed":21.489595065,"process_ids":[11249,11124]}
{"timestamp":1572412462.0225579739,"rapl_power_draw_absolute":89.0985467804,"rapl_estimated_attributable_power_draw":19.7810204546,"cpu_time_seconds":{"11249":{"user":0.4,"system":1.11,"children_user":0.02,"children_system":0.84},"11124":{"user":38.44,"system":10.59,"children_user":0.07,"children_system":0.19}},"average_relative_cpu_utilization":0.2306706306,"absolute_cpu_utilization":0.9987681595,"relative_mem_usage":0.1471412036,"absolute_mem_usage":3531787264.0,"absolute_mem_percent_usage":0.026142218,"mem_info_per_process":{"11249":{"rss":3268251648,"vms":12085276672,"shared":180269056,"text":2322432,"lib":0,"data":10357473280,"dirty":0,"uss":33579008,"pss":1645724672,"swap":0},"11124":{"rss":3652554752,"vms":12085276672,"shared":564801536,"text":2322432,"lib":0,"data":10357473280,"dirty":0,"uss":57434112,"pss":1795049472,"swap":0}},"nvidia_draw_absolute":175.28,"nvidia_estimated_attributable_power_draw":175.28,"average_gpu_estimated_utilization_absolute":0.99,"per_gpu_average_estimated_utilization_absolute":{"(0, 11124)":{"sm":99.0,"mem":61.5,"enc":0.0,"dec":0.0}},"average_gpu_estimated_utilization_relative":1.0,"per_gpu_performance_state":{"0":"P2"},"per_gpu_power_draw":{"0":175.28},"cpu_count_adjusted_average_load":[0.1646875,0.1634375,0.1609375],"realtime_carbon_intensity":335.5704697987,"disk_write_speed":32.7851308335,"process_ids":[11249,11124]}
{"timestamp":1572412470.1369268894,"rapl_power_draw_absolute":88.8157115076,"rapl_estimated_attributable_power_draw":19.7030131763,"cpu_time_seconds":{"11249":{"user":0.52,"system":1.38,"children_user":0.03,"children_system":1.03},"11124":{"user":44.84,"system":12.3,"children_user":0.07,"children_system":0.19}},"average_relative_cpu_utilization":0.2305827958,"absolute_cpu_utilization":0.9938147659,"relative_mem_usage":0.1470444436,"absolute_mem_usage":3531224064.0,"absolute_mem_percent_usage":0.0261380492,"mem_info_per_process":{"11249":{"rss":3268251648,"vms":12085276672,"shared":180269056,"text":2322432,"lib":0,"data":10357473280,"dirty":0,"uss":33476608,"pss":1645411328,"swap":0},"11124":{"rss":3652554752,"vms":12085276672,"shared":564801536,"text":2322432,"lib":0,"data":10357473280,"dirty":0,"uss":57421824,"pss":1794914304,"swap":0}},"nvidia_draw_absolute":177.39,"nvidia_estimated_attributable_power_draw":177.39,"average_gpu_estimated_utilization_absolute":0.99,"per_gpu_average_estimated_utilization_absolute":{"(0, 11124)":{"sm":99.0,"mem":61.5,"enc":0.0,"dec":0.0}},"average_gpu_estimated_utilization_relative":1.0,"per_gpu_performance_state":{"0":"P2"},"per_gpu_power_draw":{"0":177.39},"cpu_count_adjusted_average_load":[0.163125,0.163125,0.160625],"realtime_carbon_intensity":335.5704697987,"disk_write_speed":46.0969726555,"process_ids":[11249,11124]}
{"timestamp":1572412478.3056070805,"rapl_power_draw_absolute":89.112202632,"rapl_estimated_attributable_power_draw":19.7992596278,"cpu_time_seconds":{"11249":{"user":0.68,"system":1.67,"children_user":0.04,"children_system":1.23},"11124":{"user":51.44,"system":13.87,"children_user":0.07,"children_system":0.19}},"average_relative_cpu_utilization":0.2309383044,"absolute_cpu_utilization":0.9988086167,"relative_mem_usage":0.1470553393,"absolute_mem_usage":3531236352.0,"absolute_mem_percent_usage":0.0261381402,"mem_info_per_process":{"11249":{"rss":3268251648,"vms":12085276672,"shared":180269056,"text":2322432,"lib":0,"data":10357473280,"dirty":0,"uss":33480704,"pss":1645413376,"swap":0},"11124":{"rss":3652554752,"vms":12085276672,"shared":564801536,"text":2322432,"lib":0,"data":10357473280,"dirty":0,"uss":57425920,"pss":1794916352,"swap":0}},"nvidia_draw_absolute":177.77,"nvidia_estimated_attributable_power_draw":177.77,"average_gpu_estimated_utilization_absolute":0.99,"per_gpu_average_estimated_utilization_absolute":{"(0, 11124)":{"sm":99,"mem":61,"enc":0,"dec":0}},"average_gpu_estimated_utilization_relative":1.0,"per_gpu_performance_state":{"0":"P2"},"per_gpu_power_draw":{"0":177.77},"cpu_count_adjusted_average_load":[0.1603125,0.1625,0.160625],"realtime_carbon_intensity":335.5704697987,"disk_write_speed":26.9625893867,"process_ids":[11249,11124]}
{"timestamp":1572412486.4643158913,"rapl_power_draw_absolute":89.1713927293,"rapl_estimated_attributable_power_draw":19.957957578,"cpu_time_seconds":{"11249":{"user":0.78,"system":1.95,"children_user":0.06,"children_system":1.42},"11124":{"user":57.91,"system":15.56,"children_user":0.07,"children_system":0.19}},"average_relative_cpu_utilization":0.2328174144,"absolute_cpu_utilization":0.9987518367,"relative_mem_usage":0.1470403758,"absolute_mem_usage":3531248640.0,"absolute_mem_percent_usage":0.0261382311,"mem_info_per_process":{"11249":{"rss":3268251648,"vms":12085276672,"shared":180269056,"text":2322432,"lib":0,"data":10357473280,"dirty":0,"uss":33484800,"pss":1645415424,"swap":0},"11124":{"rss":3652554752,"vms":12085276672,"shared":564801536,"text":2322432,"lib":0,"data":10357473280,"dirty":0,"uss":57430016,"pss":1794918400,"swap":0}},"nvidia_draw_absolute":180.03,"nvidia_estimated_attributable_power_draw":180.03,"average_gpu_estimated_utilization_absolute":0.99,"per_gpu_average_estimated_utilization_absolute":{"(0, 11124)":{"sm":99.0,"mem":61.5,"enc":0.0,"dec":0.0}},"average_gpu_estimated_utilization_relative":1.0,"per_gpu_performance_state":{"0":"P2"},"per_gpu_power_draw":{"0":180.03},"cpu_count_adjusted_average_load":[0.1665625,0.16375,0.1609375],"realtime_carbon_intensity":335.5704697987,"disk_write_speed":27.0552755484,"process_ids":[11249,11124]}
{"timestamp":1572412494.6027750969,"rapl_power_draw_absolute":88.9435735019,"rapl_estimated_attributable_power_draw":19.9170833407,"cpu_time_seconds":{"11249":{"user":0.87,"system":2.25,"children_user":0.08,"children_system":1.6},"11124":{"user":64.39,"system":17.23,"children_user":0.07,"children_system":0.19}},"average_relative_cpu_utilization":0.2329003327,"absolute_cpu_utilization":1.0037884053,"relative_mem_usage":0.1470508946,"absolute_mem_usage":3531260928.0,"absolute_mem_percent_usage":0.0261383221,"mem_info_per_process":{"11249":{"rss":3268251648,"vms":12085276672,"shared":180269056,"text":2322432,"lib":0,"data":10357473280,"dirty":0,"uss":33488896,"pss":1645417472,"swap":0},"11124":{"rss":3652554752,"vms":12085276672,"shared":564801536,"text":2322432,"lib":0,"data":10357473280,"dirty":0,"uss":57434112,"pss":1794920448,"swap":0}},"nvidia_draw_absolute":182.41,"nvidia_estimated_attributable_power_draw":182.41,"average_gpu_estimated_utilization_absolute":0.99,"per_gpu_average_estimated_utilization_absolute":{"(0, 11124)":{"sm":99.0,"mem":61.5,"enc":0.0,"dec":0.0}},"average_gpu_estimated_utilization_relative":1.0,"per_gpu_performance_state":{"0":"P2"},"per_gpu_power_draw":{"0":182.41},"cpu_count_adjusted_average_load":[0.1671875,0.1640625,0.16125],"realtime_carbon_intensity":335.5704697987,"disk_write_speed":21.9807564407,"process_ids":[11249,11124]}
{"timestamp":1572412502.8583400249,"rapl_power_draw_absolute":88.930210648,"rapl_estimated_attributable_power_draw":19.73472896,"cpu_time_seconds":{"11249":{"user":0.96,"system":2.5,"children_user":0.09,"children_system":1.8},"11124":{"user":71.06,"system":18.81,"children_user":0.07,"children_system":0.19}},"average_relative_cpu_utilization":0.2306686549,"absolute_cpu_utilization":0.9988078176,"relative_mem_usage":0.1469880831,"absolute_mem_usage":3531261952.0,"absolute_mem_percent_usage":0.0261383297,"mem_info_per_process":{"11249":{"rss":3268251648,"vms":12085276672,"shared":180269056,"text":2322432,"lib":0,"data":10357473280,"dirty":0,"uss":33492992,"pss":1645417472,"swap":0},"11124":{"rss":3652554752,"vms":12085276672,"shared":564801536,"text":2322432,"lib":0,"data":10357473280,"dirty":0,"uss":57438208,"pss":1794913280,"swap":0}},"nvidia_draw_absolute":182.05,"nvidia_estimated_attributable_power_draw":182.05,"average_gpu_estimated_utilization_absolute":0.98,"per_gpu_average_estimated_utilization_absolute":{"(0, 11124)":{"sm":98,"mem":62,"enc":0,"dec":0}},"average_gpu_estimated_utilization_relative":1.0,"per_gpu_performance_state":{"0":"P2"},"per_gpu_power_draw":{"0":182.05},"cpu_count_adjusted_average_load":[0.17375,0.165625,0.1615625],"realtime_carbon_intensity":335.5704697987,"disk_write_speed":35.7003059926,"process_ids":[11249,11124]}
{"timestamp":1572412510.9438400269,"rapl_power_draw_absolute":89.1255932046,"rapl_estimated_attributable_power_draw":19.9134203784,"cpu_time_seconds":{"11249":{"user":1.06,"system":2.78,"children_user":0.1,"children_system":2.0},"11124":{"user":77.48,"system":20.48,"children_user":0.07,"children_system":0.19}},"average_relative_cpu_utilization":0.2323599062,"absolute_cpu_utilization":1.0037984654,"relative_mem_usage":0.1469641746,"absolute_mem_usage":3531286528.0,"absolute_mem_percent_usage":0.0261385116,"mem_info_per_process":{"11249":{"rss":3268251648,"vms":12085276672,"shared":180269056,"text":2322432,"lib":0,"data":10357473280,"dirty":0,"uss":33501184,"pss":1645421568,"swap":0},"11124":{"rss":3652554752,"vms":12085276672,"shared":564801536,"text":2322432,"lib":0,"data":10357473280,"dirty":0,"uss":57446400,"pss":1794917376,"swap":0}},"nvidia_draw_absolute":180.38,"nvidia_estimated_attributable_power_draw":180.38,"average_gpu_estimated_utilization_absolute":0.98,"per_gpu_average_estimated_utilization_absolute":{"(0, 11124)":{"sm":98.0,"mem":61.5,"enc":0.0,"dec":0.0}},"average_gpu_estimated_utilization_relative":1.0,"per_gpu_performance_state":{"0":"P2"},"per_gpu_power_draw":{"0":180.38},"cpu_count_adjusted_average_load":[0.1784375,0.166875,0.1621875],"realtime_carbon_intensity":335.5704697987,"disk_write_speed":30.2926141827,"process_ids":[11249,11124]}
{"timestamp":1572412519.0836760998,"rapl_power_draw_absolute":88.6876746011,"rapl_estimated_attributable_power_draw":19.8838169116,"cpu_time_seconds":{"11249":{"user":1.16,"system":3.05,"children_user":0.1,"children_system":2.2},"11124":{"user":83.88,"system":22.22,"children_user":0.07,"children_system":0.19}},"average_relative_cpu_utilization":0.2330889712,"absolute_cpu_utilization":0.9987775131,"relative_mem_usage":0.1469764366,"absolute_mem_usage":3531298816.0,"absolute_mem_percent_usage":0.0261386025,"mem_info_per_process":{"11249":{"rss":3268251648,"vms":12085276672,"shared":180269056,"text":2322432,"lib":0,"data":10357473280,"dirty":0,"uss":33505280,"pss":1645423616,"swap":0},"11124":{"rss":3652554752,"vms":12085276672,"shared":564801536,"text":2322432,"lib":0,"data":10357473280,"dirty":0,"uss":57450496,"pss":1794919424,"swap":0}},"nvidia_draw_absolute":181.29,"nvidia_estimated_attributable_power_draw":181.29,"average_gpu_estimated_utilization_absolute":0.985,"per_gpu_average_estimated_utilization_absolute":{"(0, 11124)":{"sm":98.5,"mem":62.0,"enc":0.0,"dec":0.0}},"average_gpu_estimated_utilization_relative":1.0,"per_gpu_performance_state":{"0":"P2"},"per_gpu_power_draw":{"0":181.29},"cpu_count_adjusted_average_load":[0.1778125,0.166875,0.1621875],"realtime_carbon_intensity":335.5704697987,"disk_write_speed":35.4611379884,"process_ids":[11249,11124]}
{"timestamp":1572412527.1810500622,"rapl_power_draw_absolute":85.5925222397,"rapl_estimated_attributable_power_draw":22.8143561428,"cpu_time_seconds":{"11249":{"user":1.3,"system":3.3,"children_user":0.1,"children_system":2.41},"11124":{"user":90.39,"system":23.81,"children_user":0.07,"children_system":0.19}},"average_relative_cpu_utilization":0.2777636305,"absolute_cpu_utilization":0.9987506365,"relative_mem_usage":0.1750193039,"absolute_mem_usage":3614304256.0,"absolute_mem_percent_usage":0.0267530071,"mem_info_per_process":{"11249":{"rss":3268251648,"vms":12085276672,"shared":180269056,"text":2322432,"lib":0,"data":10357473280,"dirty":0,"uss":33550336,"pss":1646789632,"swap":0},"11124":{"rss":3652554752,"vms":12085276672,"shared":564801536,"text":2322432,"lib":0,"data":10357473280,"dirty":0,"uss":75460608,"pss":1858503680,"swap":0}},"nvidia_draw_absolute":178.58,"nvidia_estimated_attributable_power_draw":178.58,"average_gpu_estimated_utilization_absolute":0.99,"per_gpu_average_estimated_utilization_absolute":{"(0, 11124)":{"sm":99.0,"mem":61.5,"enc":0.0,"dec":0.0}},"average_gpu_estimated_utilization_relative":1.0,"per_gpu_performance_state":{"0":"P2"},"per_gpu_power_draw":{"0":178.58},"cpu_count_adjusted_average_load":[0.1734375,0.16625,0.161875],"realtime_carbon_intensity":335.5704697987,"disk_write_speed":30.1853133438,"process_ids":[11249,11124]}
{"timestamp":1572412536.25831604,"rapl_power_draw_absolute":87.1916121741,"rapl_estimated_attributable_power_draw":20.9132940892,"cpu_time_seconds":{"11249":{"user":1.42,"system":3.56,"children_user":0.11,"children_system":2.61},"11124":{"user":97.73,"system":25.55,"children_user":0.07,"children_system":0.19}},"average_relative_cpu_utilization":0.2478258946,"absolute_cpu_utilization":1.0037383322,"relative_mem_usage":0.1732487548,"absolute_mem_usage":3595685888.0,"absolute_mem_percent_usage":0.0266151943,"mem_info_per_process":{"11249":{"rss":3268251648,"vms":12085276672,"shared":180269056,"text":2322432,"lib":0,"data":10357473280,"dirty":0,"uss":33558528,"pss":1646086144,"swap":0},"11124":{"rss":3652554752,"vms":12085276672,"shared":564801536,"text":2322432,"lib":0,"data":10357473280,"dirty":0,"uss":73859072,"pss":1842182144,"swap":0}},"nvidia_draw_absolute":181.23,"nvidia_estimated_attributable_power_draw":181.23,"average_gpu_estimated_utilization_absolute":0.99,"per_gpu_average_estimated_utilization_absolute":{"(0, 11124)":{"sm":99.0,"mem":61.5,"enc":0.0,"dec":0.0}},"average_gpu_estimated_utilization_relative":1.0,"per_gpu_performance_state":{"0":"P2"},"per_gpu_power_draw":{"0":181.23},"cpu_count_adjusted_average_load":[0.1734375,0.1665625,0.1621875],"realtime_carbon_intensity":335.5704697987,"disk_write_speed":27.5367026255,"process_ids":[11249,11124]}
{"timestamp":1572412544.4815859795,"rapl_power_draw_absolute":86.8138973588,"rapl_estimated_attributable_power_draw":21.2020705277,"cpu_time_seconds":{"11249":{"user":1.51,"system":3.84,"children_user":0.12,"children_system":2.81},"11124":{"user":104.45,"system":27.05,"children_user":0.07,"children_system":0.19}},"average_relative_cpu_utilization":0.2567307425,"absolute_cpu_utilization":0.9993793163,"relative_mem_usage":0.1476025069,"absolute_mem_usage":3542495232.0,"absolute_mem_percent_usage":0.0262214782,"mem_info_per_process":{"11249":{"rss":3268251648,"vms":12085276672,"shared":180269056,"text":2322432,"lib":0,"data":10357473280,"dirty":0,"uss":33562624,"pss":1645934592,"swap":0},"11124":{"rss":3652554752,"vms":12085276672,"shared":564801536,"text":2322432,"lib":0,"data":10357473280,"dirty":0,"uss":64692224,"pss":1798305792,"swap":0}},"nvidia_draw_absolute":182.96,"nvidia_estimated_attributable_power_draw":182.96,"average_gpu_estimated_utilization_absolute":0.99,"per_gpu_average_estimated_utilization_absolute":{"(0, 11124)":{"sm":99,"mem":62,"enc":0,"dec":0}},"average_gpu_estimated_utilization_relative":1.0,"per_gpu_performance_state":{"0":"P2"},"per_gpu_power_draw":{"0":182.96},"cpu_count_adjusted_average_load":[0.168125,0.165625,0.161875],"realtime_carbon_intensity":335.5704697987,"disk_write_speed":15.8403873325,"process_ids":[11249,11124]}
{"timestamp":1572412552.619314909,"rapl_power_draw_absolute":88.7089206587,"rapl_estimated_attributable_power_draw":19.9924426676,"cpu_time_seconds":{"11249":{"user":1.6,"system":4.08,"children_user":0.14,"children_system":2.99},"11124":{"user":110.98,"system":28.67,"children_user":0.07,"children_system":0.19}},"average_relative_cpu_utilization":0.2345309575,"absolute_cpu_utilization":1.0037674082,"relative_mem_usage":0.1468866596,"absolute_mem_usage":3541594112.0,"absolute_mem_percent_usage":0.0262148081,"mem_info_per_process":{"11249":{"rss":3268251648,"vms":12085276672,"shared":180269056,"text":2322432,"lib":0,"data":10357473280,"dirty":0,"uss":33542144,"pss":1645505536,"swap":0},"11124":{"rss":3652554752,"vms":12085276672,"shared":564801536,"text":2322432,"lib":0,"data":10357473280,"dirty":0,"uss":64696320,"pss":1797850112,"swap":0}},"nvidia_draw_absolute":181.81,"nvidia_estimated_attributable_power_draw":181.81,"average_gpu_estimated_utilization_absolute":0.99,"per_gpu_average_estimated_utilization_absolute":{"(0, 11124)":{"sm":99,"mem":62,"enc":0,"dec":0}},"average_gpu_estimated_utilization_relative":1.0,"per_gpu_performance_state":{"0":"P2"},"per_gpu_power_draw":{"0":181.81},"cpu_count_adjusted_average_load":[0.1646875,0.165,0.1615625],"realtime_carbon_intensity":335.5704697987,"disk_write_speed":23.2206638226,"process_ids":[11249,11124]}
{"timestamp":1572412560.7127530575,"rapl_power_draw_absolute":89.403054936,"rapl_estimated_attributable_power_draw":19.8139902146,"cpu_time_seconds":{"11249":{"user":1.68,"system":4.34,"children_user":0.15,"children_system":3.18},"11124":{"user":117.4,"system":30.34,"children_user":0.07,"children_system":0.19}},"average_relative_cpu_utilization":0.2302325597,"absolute_cpu_utilization":1.0037831018,"relative_mem_usage":0.1468729616,"absolute_mem_usage":3541594112.0,"absolute_mem_percent_usage":0.0262148081,"mem_info_per_process":{"11249":{"rss":3268251648,"vms":12085276672,"shared":180269056,"text":2322432,"lib":0,"data":10357473280,"dirty":0,"uss":33542144,"pss":1645505536,"swap":0},"11124":{"rss":3652554752,"vms":12085276672,"shared":564801536,"text":2322432,"lib":0,"data":10357473280,"dirty":0,"uss":64696320,"pss":1797850112,"swap":0}},"nvidia_draw_absolute":182.95,"nvidia_estimated_attributable_power_draw":182.95,"average_gpu_estimated_utilization_absolute":0.99,"per_gpu_average_estimated_utilization_absolute":{"(0, 11124)":{"sm":99,"mem":62,"enc":0,"dec":0}},"average_gpu_estimated_utilization_relative":1.0,"per_gpu_performance_state":{"0":"P2"},"per_gpu_power_draw":{"0":182.95},"cpu_count_adjusted_average_load":[0.15875,0.1634375,0.16125],"realtime_carbon_intensity":335.5704697987,"disk_write_speed":37.4334675926,"process_ids":[11249,11124]}
{"timestamp":1572412568.8726921082,"rapl_power_draw_absolute":89.0125969597,"rapl_estimated_attributable_power_draw":19.9133021196,"cpu_time_seconds":{"11249":{"user":1.8,"system":4.61,"children_user":0.16,"children_system":3.38},"11124":{"user":123.95,"system":31.95,"children_user":0.07,"children_system":0.19}},"average_relative_cpu_utilization":0.2326335282,"absolute_cpu_utilization":1.0037629228,"relative_mem_usage":0.1468895504,"absolute_mem_usage":3541618688.0,"absolute_mem_percent_usage":0.02621499,"mem_info_per_process":{"11249":{"rss":3268251648,"vms":12085276672,"shared":180269056,"text":2322432,"lib":0,"data":10357473280,"dirty":0,"uss":33550336,"pss":1645509632,"swap":0},"11124":{"rss":3652554752,"vms":12085276672,"shared":564801536,"text":2322432,"lib":0,"data":10357473280,"dirty":0,"uss":64704512,"pss":1797854208,"swap":0}},"nvidia_draw_absolute":180.09,"nvidia_estimated_attributable_power_draw":180.09,"average_gpu_estimated_utilization_absolute":0.9833333333,"per_gpu_average_estimated_utilization_absolute":{"(0, 11124)":{"sm":98.3333333333,"mem":61.3333333333,"enc":0.0,"dec":0.0}},"average_gpu_estimated_utilization_relative":1.0,"per_gpu_performance_state":{"0":"P2"},"per_gpu_power_draw":{"0":180.09},"cpu_count_adjusted_average_load":[0.163125,0.164375,0.1615625],"realtime_carbon_intensity":335.5704697987,"disk_write_speed":43.2402271602,"process_ids":[11249,11124]}
{"timestamp":1572412576.9587440491,"rapl_power_draw_absolute":88.9140799606,"rapl_estimated_attributable_power_draw":19.7224653266,"cpu_time_seconds":{"11249":{"user":1.94,"system":4.88,"children_user":0.16,"children_system":3.59},"11124":{"user":130.5,"system":33.49,"children_user":0.07,"children_system":0.19}},"average_relative_cpu_utilization":0.2306692921,"absolute_cpu_utilization":0.998781285,"relative_mem_usage":0.1469009216,"absolute_mem_usage":3541647360.0,"absolute_mem_percent_usage":0.0262152022,"mem_info_per_process":{"11249":{"rss":3268255744,"vms":12085276672,"shared":180269056,"text":2322432,"lib":0,"data":10357473280,"dirty":0,"uss":33562624,"pss":1645516800,"swap":0},"11124":{"rss":3652554752,"vms":12085276672,"shared":564801536,"text":2322432,"lib":0,"data":10357473280,"dirty":0,"uss":64712704,"pss":1797855232,"swap":0}},"nvidia_draw_absolute":181.08,"nvidia_estimated_attributable_power_draw":181.08,"average_gpu_estimated_utilization_absolute":0.985,"per_gpu_average_estimated_utilization_absolute":{"(0, 11124)":{"sm":98.5,"mem":62.0,"enc":0.0,"dec":0.0}},"average_gpu_estimated_utilization_relative":1.0,"per_gpu_performance_state":{"0":"P2"},"per_gpu_power_draw":{"0":181.08},"cpu_count_adjusted_average_load":[0.1675,0.1653125,0.161875],"realtime_carbon_intensity":335.5704697987,"disk_write_speed":39.2278454494,"process_ids":[11249,11124]}
{"timestamp":1572412585.0955789089,"rapl_power_draw_absolute":88.9770435786,"rapl_estimated_attributable_power_draw":19.957863341,"cpu_time_seconds":{"11249":{"user":2.07,"system":5.18,"children_user":0.17,"children_system":3.78},"11124":{"user":137.0,"system":35.13,"children_user":0.07,"children_system":0.19}},"average_relative_cpu_utilization":0.2334410535,"absolute_cpu_utilization":1.0037862596,"relative_mem_usage":0.1469054496,"absolute_mem_usage":3541659648.0,"absolute_mem_percent_usage":0.0262152932,"mem_info_per_process":{"11249":{"rss":3268255744,"vms":12085276672,"shared":180269056,"text":2322432,"lib":0,"data":10357473280,"dirty":0,"uss":33566720,"pss":1645518848,"swap":0},"11124":{"rss":3652554752,"vms":12085276672,"shared":564801536,"text":2322432,"lib":0,"data":10357473280,"dirty":0,"uss":64716800,"pss":1797857280,"swap":0}},"nvidia_draw_absolute":180.95,"nvidia_estimated_attributable_power_draw":180.95,"average_gpu_estimated_utilization_absolute":0.9866666667,"per_gpu_average_estimated_utilization_absolute":{"(0, 11124)":{"sm":98.6666666667,"mem":61.6666666667,"enc":0.0,"dec":0.0}},"average_gpu_estimated_utilization_relative":1.0,"per_gpu_performance_state":{"0":"P2"},"per_gpu_power_draw":{"0":180.95},"cpu_count_adjusted_average_load":[0.1659375,0.165,0.161875],"realtime_carbon_intensity":335.5704697987,"disk_write_speed":32.97068791,"process_ids":[11249,11124]}
{"timestamp":1572412593.2283101082,"rapl_power_draw_absolute":88.7088409013,"rapl_estimated_attributable_power_draw":19.6265420193,"cpu_time_seconds":{"11249":{"user":2.18,"system":5.46,"children_user":0.18,"children_system":3.98},"11124":{"user":143.4,"system":36.86,"children_user":0.07,"children_system":0.19}},"average_relative_cpu_utilization":0.229968903,"absolute_cpu_utilization":1.003776577,"relative_mem_usage":0.1469099634,"absolute_mem_usage":3541684224.0,"absolute_mem_percent_usage":0.0262154751,"mem_info_per_process":{"11249":{"rss":3268255744,"vms":12085276672,"shared":180269056,"text":2322432,"lib":0,"data":10357473280,"dirty":0,"uss":33574912,"pss":1645522944,"swap":0},"11124":{"rss":3652554752,"vms":12085276672,"shared":564801536,"text":2322432,"lib":0,"data":10357473280,"dirty":0,"uss":64724992,"pss":1797861376,"swap":0}},"nvidia_draw_absolute":183.8,"nvidia_estimated_attributable_power_draw":183.8,"average_gpu_estimated_utilization_absolute":0.99,"per_gpu_average_estimated_utilization_absolute":{"(0, 11124)":{"sm":99,"mem":61,"enc":0,"dec":0}},"average_gpu_estimated_utilization_relative":1.0,"per_gpu_performance_state":{"0":"P2"},"per_gpu_power_draw":{"0":183.8},"cpu_count_adjusted_average_load":[0.1653125,0.165,0.161875],"realtime_carbon_intensity":335.5704697987,"disk_write_speed":31.358578873,"process_ids":[11249,11124]}
{"timestamp":1572412601.3291449547,"rapl_power_draw_absolute":88.9188033186,"rapl_estimated_attributable_power_draw":19.5753497181,"cpu_time_seconds":{"11249":{"user":2.3,"system":5.72,"children_user":0.19,"children_system":4.18},"11124":{"user":149.95,"system":38.42,"children_user":0.07,"children_system":0.19}},"average_relative_cpu_utilization":0.2286597834,"absolute_cpu_utilization":1.0037369486,"relative_mem_usage":0.1468825869,"absolute_mem_usage":3541684224.0,"absolute_mem_percent_usage":0.0262154751,"mem_info_per_process":{"11249":{"rss":3268255744,"vms":12085276672,"shared":180269056,"text":2322432,"lib":0,"data":10357473280,"dirty":0,"uss":33574912,"pss":1645522944,"swap":0},"11124":{"rss":3652554752,"vms":12085276672,"shared":564801536,"text":2322432,"lib":0,"data":10357473280,"dirty":0,"uss":64724992,"pss":1797861376,"swap":0}},"nvidia_draw_absolute":182.48,"nvidia_estimated_attributable_power_draw":182.48,"average_gpu_estimated_utilization_absolute":0.99,"per_gpu_average_estimated_utilization_absolute":{"(0, 11124)":{"sm":99,"mem":61,"enc":0,"dec":0}},"average_gpu_estimated_utilization_relative":1.0,"per_gpu_performance_state":{"0":"P2"},"per_gpu_power_draw":{"0":182.48},"cpu_count_adjusted_average_load":[0.1659375,0.165,0.161875],"realtime_carbon_intensity":335.5704697987,"disk_write_speed":21.2919890022,"process_ids":[11249,11124]}
{"timestamp":1572412609.5328071117,"rapl_power_draw_absolute":89.0522701983,"rapl_estimated_attributable_power_draw":19.8781779059,"cpu_time_seconds":{"11249":{"user":2.39,"system":5.98,"children_user":0.2,"children_system":4.37},"11124":{"user":156.54,"system":40.03,"children_user":0.07,"children_system":0.19}},"average_relative_cpu_utilization":0.2320109705,"absolute_cpu_utilization":0.9987581985,"relative_mem_usage":0.1469083265,"absolute_mem_usage":3541696512.0,"absolute_mem_percent_usage":0.0262155661,"mem_info_per_process":{"11249":{"rss":3268255744,"vms":12085276672,"shared":180269056,"text":2322432,"lib":0,"data":10357473280,"dirty":0,"uss":33579008,"pss":1645524992,"swap":0},"11124":{"rss":3652554752,"vms":12085276672,"shared":564801536,"text":2322432,"lib":0,"data":10357473280,"dirty":0,"uss":64729088,"pss":1797863424,"swap":0}},"nvidia_draw_absolute":180.18,"nvidia_estimated_attributable_power_draw":180.18,"average_gpu_estimated_utilization_absolute":0.99,"per_gpu_average_estimated_utilization_absolute":{"(0, 11124)":{"sm":99,"mem":62,"enc":0,"dec":0}},"average_gpu_estimated_utilization_relative":1.0,"per_gpu_performance_state":{"0":"P2"},"per_gpu_power_draw":{"0":180.18},"cpu_count_adjusted_average_load":[0.1646875,0.1646875,0.161875],"realtime_carbon_intensity":335.5704697987,"disk_write_speed":20.3153167989,"process_ids":[11249,11124]}
{"timestamp":1572412617.6566109657,"rapl_power_draw_absolute":88.7920039961,"rapl_estimated_attributable_power_draw":19.6944700429,"cpu_time_seconds":{"11249":{"user":2.47,"system":6.24,"children_user":0.21,"children_system":4.57},"11124":{"user":162.98,"system":41.71,"children_user":0.07,"children_system":0.19}},"average_relative_cpu_utilization":0.2305827012,"absolute_cpu_utilization":0.9937884768,"relative_mem_usage":0.1469055915,"absolute_mem_usage":3541708800.0,"absolute_mem_percent_usage":0.026215657,"mem_info_per_process":{"11249":{"rss":3268255744,"vms":12085276672,"shared":180269056,"text":2322432,"lib":0,"data":10357473280,"dirty":0,"uss":33583104,"pss":1645527040,"swap":0},"11124":{"rss":3652554752,"vms":12085276672,"shared":564801536,"text":2322432,"lib":0,"data":10357473280,"dirty":0,"uss":64733184,"pss":1797865472,"swap":0}},"nvidia_draw_absolute":184.46,"nvidia_estimated_attributable_power_draw":184.46,"average_gpu_estimated_utilization_absolute":0.99,"per_gpu_average_estimated_utilization_absolute":{"(0, 11124)":{"sm":99.0,"mem":61.5,"enc":0.0,"dec":0.0}},"average_gpu_estimated_utilization_relative":1.0,"per_gpu_performance_state":{"0":"P2"},"per_gpu_power_draw":{"0":184.46},"cpu_count_adjusted_average_load":[0.1640625,0.1646875,0.161875],"realtime_carbon_intensity":335.5704697987,"disk_write_speed":32.32314089,"process_ids":[11249,11124]}
{"timestamp":1572412625.7558989525,"rapl_power_draw_absolute":89.1492573282,"rapl_estimated_attributable_power_draw":19.8782974344,"cpu_time_seconds":{"11249":{"user":2.59,"system":6.49,"children_user":0.21,"children_system":4.77},"11124":{"user":169.44,"system":43.35,"children_user":0.07,"children_system":0.19}},"average_relative_cpu_utilization":0.2317384258,"absolute_cpu_utilization":0.9987335674,"relative_mem_usage":0.146912149,"absolute_mem_usage":3541720064.0,"absolute_mem_percent_usage":0.0262157404,"mem_info_per_process":{"11249":{"rss":3268255744,"vms":12085276672,"shared":180269056,"text":2322432,"lib":0,"data":10357473280,"dirty":0,"uss":33587200,"pss":1645528064,"swap":0},"11124":{"rss":3652554752,"vms":12085276672,"shared":564801536,"text":2322432,"lib":0,"data":10357473280,"dirty":0,"uss":64737280,"pss":1797867520,"swap":0}},"nvidia_draw_absolute":182.25,"nvidia_estimated_attributable_power_draw":182.25,"average_gpu_estimated_utilization_absolute":0.99,"per_gpu_average_estimated_utilization_absolute":{"(0, 11124)":{"sm":99.0,"mem":61.5,"enc":0.0,"dec":0.0}},"average_gpu_estimated_utilization_relative":1.0,"per_gpu_performance_state":{"0":"P2"},"per_gpu_power_draw":{"0":182.25},"cpu_count_adjusted_average_load":[0.165625,0.165,0.161875],"realtime_carbon_intensity":335.5704697987,"disk_write_speed":27.6082856467,"process_ids":[11249,11124]}
{"timestamp":1572412633.8467559814,"rapl_power_draw_absolute":89.1246657642,"rapl_estimated_attributable_power_draw":19.561003469,"cpu_time_seconds":{"11249":{"user":2.68,"system":6.74,"children_user":0.24,"children_system":4.95},"11124":{"user":175.92,"system":44.96,"children_user":0.07,"children_system":0.19}},"average_relative_cpu_utilization":0.2280382205,"absolute_cpu_utilization":0.998748301,"relative_mem_usage":0.1469245221,"absolute_mem_usage":3541758976.0,"absolute_mem_percent_usage":0.0262160284,"mem_info_per_process":{"11249":{"rss":3268255744,"vms":12085276672,"shared":180269056,"text":2322432,"lib":0,"data":10357473280,"dirty":0,"uss":33599488,"pss":1645535232,"swap":0},"11124":{"rss":3652554752,"vms":12085276672,"shared":564801536,"text":2322432,"lib":0,"data":10357473280,"dirty":0,"uss":64749568,"pss":1797874688,"swap":0}},"nvidia_draw_absolute":182.6,"nvidia_estimated_attributable_power_draw":182.6,"average_gpu_estimated_utilization_absolute":0.99,"per_gpu_average_estimated_utilization_absolute":{"(0, 11124)":{"sm":99,"mem":62,"enc":0,"dec":0}},"average_gpu_estimated_utilization_relative":1.0,"per_gpu_performance_state":{"0":"P2"},"per_gpu_power_draw":{"0":182.6},"cpu_count_adjusted_average_load":[0.1665625,0.165,0.1621875],"realtime_carbon_intensity":335.5704697987,"disk_write_speed":12.4004727026,"process_ids":[11249,11124]}
