{"timestamp":1572289860.1622169018,"rapl_power_draw_absolute":75.8233921767,"rapl_estimated_attributable_power_draw":16.3202196228,"cpu_time_seconds":{"4770":{"user":11.93,"system":2.55,"children_user":0.13,"children_system":0.12},"4870":{"user":0.02,"system":0.0,"children_user":0.0,"children_system":0.02},"4823":{"user":0.03,"system":0.03,"children_user":0.0,"children_system":0.0}},"average_relative_cpu_utilization":0.2266447222,"absolute_cpu_utilization":0.9936300137,"relative_mem_usage":0.1177848817,"absolute_mem_usage":2225278976.0,"absolute_mem_percent_usage":0.0164714381,"mem_info_per_process":{"4770":{"rss":1540554752,"vms":8429961216,"shared":132034560,"text":2322432,"lib":0,"data":6721298432,"dirty":0,"uss":459984896,"pss":1003414528,"swap":0},"4870":{"rss":1139834880,"vms":8057159680,"shared":8593408,"text":2322432,"lib":0,"data":6411460608,"dirty":0,"uss":122449920,"pss":627830784,"swap":0},"4823":{"rss":11149312,"vms":28168192,"shared":5599232,"text":2322432,"lib":0,"data":5283840,"dirty":0,"uss":5570560,"pss":6028288,"swap":0}},"nvidia_draw_absolute":34.89,"nvidia_estimated_attributable_power_draw":0.0,"average_gpu_estimated_utilization_absolute":0.0,"per_gpu_average_estimated_utilization_absolute":{"(0, 4770)":{"sm":0,"mem":0,"enc":0,"dec":0}},"average_gpu_estimated_utilization_relative":0.0,"per_gpu_performance_state":{"0":"P2"},"per_gpu_power_draw":{"0":34.89},"cpu_count_adjusted_average_load":[0.1259375,0.1453125,0.1471875],"realtime_carbon_intensity":213.692286739,"disk_write_speed":49.7916358014,"process_ids":[4770,4870,4823]}
{"timestamp":1572289868.916738987,"rapl_power_draw_absolute":60.2704862727,"rapl_estimated_attributable_power_draw":4.1421761028,"cpu_time_seconds":{"4770":{"user":14.03,"system":3.05,"children_user":0.13,"children_system":0.12},"4870":{"user":0.29,"system":0.18,"children_user":0.02,"children_system":0.19},"4823":{"user":0.03,"system":0.03,"children_user":0.0,"children_system":0.0}},"average_relative_cpu_utilization":0.0585472115,"absolute_cpu_utilization":0.1896988706,"relative_mem_usage":0.1703097828,"absolute_mem_usage":3721408512.0,"absolute_mem_percent_usage":0.0275457372,"mem_info_per_process":{"4770":{"rss":2399051776,"vms":9705832448,"shared":375377920,"text":2322432,"lib":0,"data":7871594496,"dirty":0,"uss":1190850560,"pss":1762368512,"swap":0},"4870":{"rss":1146699776,"vms":8057159680,"shared":15454208,"text":2322432,"lib":0,"data":6411460608,"dirty":0,"uss":125702144,"pss":630893568,"swap":0},"4823":{"rss":11149312,"vms":28168192,"shared":5599232,"text":2322432,"lib":0,"data":5283840,"dirty":0,"uss":5570560,"pss":6023168,"swap":0}},"nvidia_draw_absolute":34.9,"nvidia_estimated_attributable_power_draw":34.9,"average_gpu_estimated_utilization_absolute":0.02,"per_gpu_average_estimated_utilization_absolute":{"(0, 4770)":{"sm":2,"mem":0,"enc":0,"dec":0}},"average_gpu_estimated_utilization_relative":1.0,"per_gpu_performance_state":{"0":"P2"},"per_gpu_power_draw":{"0":34.9},"cpu_count_adjusted_average_load":[0.12375,0.144375,0.146875],"realtime_carbon_intensity":213.692286739,"disk_write_speed":56.5338652936,"process_ids":[4770,4870,4823]}
{"timestamp":1572289876.8693919182,"rapl_power_draw_absolute":70.347951459,"rapl_estimated_attributable_power_draw":19.9356887412,"cpu_time_seconds":{"4770":{"user":17.76,"system":4.0,"children_user":0.13,"children_system":0.12},"4870":{"user":0.52,"system":0.33,"children_user":0.04,"children_system":0.36},"4823":{"user":0.03,"system":0.03,"children_user":0.0,"children_system":0.0}},"average_relative_cpu_utilization":0.27814381,"absolute_cpu_utilization":0.9984473832,"relative_mem_usage":0.3323303349,"absolute_mem_usage":8114772992.0,"absolute_mem_percent_usage":0.0600652693,"mem_info_per_process":{"4770":{"rss":4741566464,"vms":12396576768,"shared":581541888,"text":2322432,"lib":0,"data":10562338816,"dirty":0,"uss":3348320256,"pss":3996681216,"swap":0},"4870":{"rss":1146769408,"vms":8057159680,"shared":15519744,"text":2322432,"lib":0,"data":6411460608,"dirty":0,"uss":126746624,"pss":631431168,"swap":0},"4823":{"rss":11149312,"vms":28168192,"shared":5599232,"text":2322432,"lib":0,"data":5283840,"dirty":0,"uss":5570560,"pss":6023168,"swap":0}},"nvidia_draw_absolute":34.8,"nvidia_estimated_attributable_power_draw":34.8,"average_gpu_estimated_utilization_absolute":0.04,"per_gpu_average_estimated_utilization_absolute":{"(0, 4770)":{"sm":4,"mem":0,"enc":0,"dec":0}},"average_gpu_estimated_utilization_relative":1.0,"per_gpu_performance_state":{"0":"P2"},"per_gpu_power_draw":{"0":34.8},"cpu_count_adjusted_average_load":[0.12375,0.14375,0.146875],"realtime_carbon_intensity":213.692286739,"disk_write_speed":54.6364033921,"process_ids":[4770,4870,4823]}
{"timestamp":1572289885.0512280464,"rapl_power_draw_absolute":85.2416129394,"rapl_estimated_attributable_power_draw":19.9523967039,"cpu_time_seconds":{"4770":{"user":25.74,"system":4.17,"children_user":0.13,"children_system":0.12},"4870":{"user":0.72,"system":0.54,"children_user":0.06,"children_system":0.54},"4823":{"user":0.03,"system":0.03,"children_user":0.0,"children_system":0.0}},"average_relative_cpu_utilization":0.2224553404,"absolute_cpu_utilization":0.9985015342,"relative_mem_usage":0.3678651506,"absolute_mem_usage":9154198528.0,"absolute_mem_percent_usage":0.0677590612,"mem_info_per_process":{"4770":{"rss":3959885824,"vms":12800110592,"shared":586539008,"text":2322432,"lib":0,"data":10965872640,"dirty":0,"uss":3428061184,"pss":3629102080,"swap":0},"4870":{"rss":1146769408,"vms":8057159680,"shared":15519744,"text":2322432,"lib":0,"data":6411460608,"dirty":0,"uss":1011589120,"pss":1073852416,"swap":0},"4823":{"rss":11149312,"vms":28168192,"shared":5599232,"text":2322432,"lib":0,"data":5283840,"dirty":0,"uss":5570560,"pss":6023168,"swap":0}},"nvidia_draw_absolute":34.71,"nvidia_estimated_attributable_power_draw":0.0,"average_gpu_estimated_utilization_absolute":0.0,"per_gpu_average_estimated_utilization_absolute":{"(0, 4770)":{"sm":0,"mem":0,"enc":0,"dec":0}},"average_gpu_estimated_utilization_relative":0.0,"per_gpu_performance_state":{"0":"P2"},"per_gpu_power_draw":{"0":34.71},"cpu_count_adjusted_average_load":[0.12625,0.14375,0.1465625],"realtime_carbon_intensity":213.692286739,"disk_write_speed":42.8083921898,"process_ids":[4770,4870,4823]}
{"timestamp":1572289893.0278520584,"rapl_power_draw_absolute":79.7176608309,"rapl_estimated_attributable_power_draw":18.9785486712,"cpu_time_seconds":{"4770":{"user":33.72,"system":4.17,"children_user":0.13,"children_system":0.12},"4870":{"user":0.94,"system":0.73,"children_user":0.08,"children_system":0.7},"4823":{"user":0.03,"system":0.03,"children_user":0.0,"children_system":0.0}},"average_relative_cpu_utilization":0.225713719,"absolute_cpu_utilization":1.0029462568,"relative_mem_usage":0.367886689,"absolute_mem_usage":9154915328.0,"absolute_mem_percent_usage":0.0677643669,"mem_info_per_process":{"4770":{"rss":3960229888,"vms":12800634880,"shared":586539008,"text":2322432,"lib":0,"data":10966396928,"dirty":0,"uss":3428409344,"pss":3629440000,"swap":0},"4870":{"rss":1146769408,"vms":8057159680,"shared":15519744,"text":2322432,"lib":0,"data":6411460608,"dirty":0,"uss":1011609600,"pss":1073862656,"swap":0},"4823":{"rss":11149312,"vms":28168192,"shared":5599232,"text":2322432,"lib":0,"data":5283840,"dirty":0,"uss":5570560,"pss":6023168,"swap":0}},"nvidia_draw_absolute":53.35,"nvidia_estimated_attributable_power_draw":53.35,"average_gpu_estimated_utilization_absolute":0.074,"per_gpu_average_estimated_utilization_absolute":{"(0, 4770)":{"sm":7.4,"mem":1.6,"enc":0.0,"dec":0.0}},"average_gpu_estimated_utilization_relative":1.0,"per_gpu_performance_state":{"0":"P2"},"per_gpu_power_draw":{"0":53.35},"cpu_count_adjusted_average_load":[0.1284375,0.14375,0.1465625],"realtime_carbon_intensity":213.692286739,"disk_write_speed":52.7872892342,"process_ids":[4770,4870,4823]}
{"timestamp":1572289901.0070059299,"rapl_power_draw_absolute":75.5859111813,"rapl_estimated_attributable_power_draw":18.0433061297,"cpu_time_seconds":{"4770":{"user":41.42,"system":4.44,"children_user":0.13,"children_system":0.12},"4870":{"user":1.16,"system":0.93,"children_user":0.1,"children_system":0.87},"4823":{"user":0.03,"system":0.03,"children_user":0.0,"children_system":0.0}},"average_relative_cpu_utilization":0.2255723904,"absolute_cpu_utilization":1.0034661463,"relative_mem_usage":0.3688788583,"absolute_mem_usage":9186708480.0,"absolute_mem_percent_usage":0.0679996987,"mem_info_per_process":{"4770":{"rss":3968806912,"vms":12851085312,"shared":602525696,"text":2322432,"lib":0,"data":10990194688,"dirty":0,"uss":3435679744,"pss":3635194880,"swap":0},"4870":{"rss":1146777600,"vms":8057159680,"shared":15519744,"text":2322432,"lib":0,"data":6411460608,"dirty":0,"uss":1024118784,"pss":1080121344,"swap":0},"4823":{"rss":11149312,"vms":28168192,"shared":5599232,"text":2322432,"lib":0,"data":5283840,"dirty":0,"uss":5570560,"pss":6023168,"swap":0}},"nvidia_draw_absolute":54.39,"nvidia_estimated_attributable_power_draw":54.39,"average_gpu_estimated_utilization_absolute":0.375,"per_gpu_average_estimated_utilization_absolute":{"(0, 4770)":{"sm":37.5,"mem":10.0,"enc":0.0,"dec":0.0}},"average_gpu_estimated_utilization_relative":1.0,"per_gpu_performance_state":{"0":"P2"},"per_gpu_power_draw":{"0":54.39},"cpu_count_adjusted_average_load":[0.128125,0.1434375,0.1465625],"realtime_carbon_intensity":213.692286739,"disk_write_speed":49.5207906128,"process_ids":[4770,4870,4823]}
{"timestamp":1572289908.9708070755,"rapl_power_draw_absolute":74.7717291625,"rapl_estimated_attributable_power_draw":17.6945823848,"cpu_time_seconds":{"4770":{"user":49.05,"system":4.77,"children_user":0.13,"children_system":0.12},"4870":{"user":1.36,"system":1.1,"children_user":0.12,"children_system":1.04},"4823":{"user":0.03,"system":0.03,"children_user":0.0,"children_system":0.0}},"average_relative_cpu_utilization":0.2229491748,"absolute_cpu_utilization":0.99846894,"relative_mem_usage":0.3690204278,"absolute_mem_usage":9192545280.0,"absolute_mem_percent_usage":0.0680429025,"mem_info_per_process":{"4770":{"rss":3968806912,"vms":12851085312,"shared":602525696,"text":2322432,"lib":0,"data":10990194688,"dirty":0,"uss":3437625344,"pss":3636167680,"swap":0},"4870":{"rss":1146777600,"vms":8057159680,"shared":15519744,"text":2322432,"lib":0,"data":6411460608,"dirty":0,"uss":1026064384,"pss":1081094144,"swap":0},"4823":{"rss":11149312,"vms":28168192,"shared":5599232,"text":2322432,"lib":0,"data":5283840,"dirty":0,"uss":5570560,"pss":6023168,"swap":0}},"nvidia_draw_absolute":53.62,"nvidia_estimated_attributable_power_draw":53.62,"average_gpu_estimated_utilization_absolute":0.37,"per_gpu_average_estimated_utilization_absolute":{"(0, 4770)":{"sm":37.0,"mem":10.5,"enc":0.0,"dec":0.0}},"average_gpu_estimated_utilization_relative":1.0,"per_gpu_performance_state":{"0":"P2"},"per_gpu_power_draw":{"0":53.62},"cpu_count_adjusted_average_load":[0.1303125,0.1434375,0.1465625],"realtime_carbon_intensity":213.692286739,"disk_write_speed":39.2187304955,"process_ids":[4770,4870,4823]}
{"timestamp":1572289916.956651926,"rapl_power_draw_absolute":74.9970696062,"rapl_estimated_attributable_power_draw":17.8328025357,"cpu_time_seconds":{"4770":{"user":56.75,"system":5.06,"children_user":0.13,"children_system":0.12},"4870":{"user":1.57,"system":1.29,"children_user":0.13,"children_system":1.22},"4823":{"user":0.03,"system":0.03,"children_user":0.0,"children_system":0.0}},"average_relative_cpu_utilization":0.2242007306,"absolute_cpu_utilization":0.99850268,"relative_mem_usage":0.3691363794,"absolute_mem_usage":9196157952.0,"absolute_mem_percent_usage":0.0680696434,"mem_info_per_process":{"4770":{"rss":3968806912,"vms":12851085312,"shared":602525696,"text":2322432,"lib":0,"data":10990194688,"dirty":0,"uss":3438829568,"pss":3636769792,"swap":0},"4870":{"rss":1146777600,"vms":8057159680,"shared":15519744,"text":2322432,"lib":0,"data":6411460608,"dirty":0,"uss":1027268608,"pss":1081696256,"swap":0},"4823":{"rss":11149312,"vms":28168192,"shared":5599232,"text":2322432,"lib":0,"data":5283840,"dirty":0,"uss":5570560,"pss":6023168,"swap":0}},"nvidia_draw_absolute":58.4,"nvidia_estimated_attributable_power_draw":58.4,"average_gpu_estimated_utilization_absolute":0.37,"per_gpu_average_estimated_utilization_absolute":{"(0, 4770)":{"sm":37,"mem":10,"enc":0,"dec":0}},"average_gpu_estimated_utilization_relative":1.0,"per_gpu_performance_state":{"0":"P2"},"per_gpu_power_draw":{"0":58.4},"cpu_count_adjusted_average_load":[0.1296875,0.143125,0.14625],"realtime_carbon_intensity":213.692286739,"disk_write_speed":21.3044209449,"process_ids":[4770,4870,4823]}
{"timestamp":1572289924.941008091,"rapl_power_draw_absolute":74.6050702984,"rapl_estimated_attributable_power_draw":17.7004513223,"cpu_time_seconds":{"4770":{"user":64.44,"system":5.36,"children_user":0.13,"children_system":0.12},"4870":{"user":1.72,"system":1.46,"children_user":0.16,"children_system":1.38},"4823":{"user":0.03,"system":0.03,"children_user":0.0,"children_system":0.0}},"average_relative_cpu_utilization":0.2234486998,"absolute_cpu_utilization":0.9984800391,"relative_mem_usage":0.3693191143,"absolute_mem_usage":9198527488.0,"absolute_mem_percent_usage":0.0680871826,"mem_info_per_process":{"4770":{"rss":3968806912,"vms":12851085312,"shared":602525696,"text":2322432,"lib":0,"data":10990194688,"dirty":0,"uss":3439611904,"pss":3637177344,"swap":0},"4870":{"rss":1146777600,"vms":8057159680,"shared":15519744,"text":2322432,"lib":0,"data":6411460608,"dirty":0,"uss":1028050944,"pss":1082090496,"swap":0},"4823":{"rss":11149312,"vms":28168192,"shared":5599232,"text":2322432,"lib":0,"data":5283840,"dirty":0,"uss":5570560,"pss":6026240,"swap":0}},"nvidia_draw_absolute":54.31,"nvidia_estimated_attributable_power_draw":54.31,"average_gpu_estimated_utilization_absolute":0.365,"per_gpu_average_estimated_utilization_absolute":{"(0, 4770)":{"sm":36.5,"mem":10.0,"enc":0.0,"dec":0.0}},"average_gpu_estimated_utilization_relative":1.0,"per_gpu_performance_state":{"0":"P2"},"per_gpu_power_draw":{"0":54.31},"cpu_count_adjusted_average_load":[0.13125,0.1428125,0.14625],"realtime_carbon_intensity":213.692286739,"disk_write_speed":57.2415296432,"process_ids":[4770,4870,4823]}
{"timestamp":1572289932.9298250675,"rapl_power_draw_absolute":74.3929049288,"rapl_estimated_attributable_power_draw":17.6846966941,"cpu_time_seconds":{"4770":{"user":72.17,"system":5.62,"children_user":0.13,"children_system":0.12},"4870":{"user":1.97,"system":1.62,"children_user":0.17,"children_system":1.57},"4823":{"user":0.03,"system":0.03,"children_user":0.0,"children_system":0.0}},"average_relative_cpu_utilization":0.2239447821,"absolute_cpu_utilization":0.9984307497,"relative_mem_usage":0.3694071796,"absolute_mem_usage":9199909888.0,"absolute_mem_percent_usage":0.0680974151,"mem_info_per_process":{"4770":{"rss":3968806912,"vms":12851085312,"shared":602525696,"text":2322432,"lib":0,"data":10990194688,"dirty":0,"uss":3440070656,"pss":3637406720,"swap":0},"4870":{"rss":1146777600,"vms":8057159680,"shared":15519744,"text":2322432,"lib":0,"data":6411460608,"dirty":0,"uss":1028513792,"pss":1082321920,"swap":0},"4823":{"rss":11149312,"vms":28168192,"shared":5599232,"text":2322432,"lib":0,"data":5283840,"dirty":0,"uss":5570560,"pss":6026240,"swap":0}},"nvidia_draw_absolute":56.46,"nvidia_estimated_attributable_power_draw":56.46,"average_gpu_estimated_utilization_absolute":0.3666666667,"per_gpu_average_estimated_utilization_absolute":{"(0, 4770)":{"sm":36.6666666667,"mem":10.3333333333,"enc":0.0,"dec":0.0}},"average_gpu_estimated_utilization_relative":1.0,"per_gpu_performance_state":{"0":"P2"},"per_gpu_power_draw":{"0":56.46},"cpu_count_adjusted_average_load":[0.1328125,0.1428125,0.14625],"realtime_carbon_intensity":213.692286739,"disk_write_speed":39.2095831222,"process_ids":[4770,4870,4823]}
{"timestamp":1572289940.9105389118,"rapl_power_draw_absolute":74.4659754738,"rapl_estimated_attributable_power_draw":18.0265851289,"cpu_time_seconds":{"4770":{"user":79.83,"system":5.95,"children_user":0.13,"children_system":0.12},"4870":{"user":2.16,"system":1.79,"children_user":0.19,"children_system":1.74},"4823":{"user":0.03,"system":0.03,"children_user":0.0,"children_system":0.0}},"average_relative_cpu_utilization":0.2287496686,"absolute_cpu_utilization":1.0085168085,"relative_mem_usage":0.3694726803,"absolute_mem_usage":9201132544.0,"absolute_mem_percent_usage":0.0681064651,"mem_info_per_process":{"4770":{"rss":3968806912,"vms":12851085312,"shared":602525696,"text":2322432,"lib":0,"data":10990194688,"dirty":0,"uss":3440480256,"pss":3637611520,"swap":0},"4870":{"rss":1146777600,"vms":8057159680,"shared":15519744,"text":2322432,"lib":0,"data":6411460608,"dirty":0,"uss":1028919296,"pss":1082524672,"swap":0},"4823":{"rss":11149312,"vms":28168192,"shared":5599232,"text":2322432,"lib":0,"data":5283840,"dirty":0,"uss":5570560,"pss":6026240,"swap":0}},"nvidia_draw_absolute":55.09,"nvidia_estimated_attributable_power_draw":55.09,"average_gpu_estimated_utilization_absolute":0.3666666667,"per_gpu_average_estimated_utilization_absolute":{"(0, 4770)":{"sm":36.6666666667,"mem":10.3333333333,"enc":0.0,"dec":0.0}},"average_gpu_estimated_utilization_relative":1.0,"per_gpu_performance_state":{"0":"P2"},"per_gpu_power_draw":{"0":55.09},"cpu_count_adjusted_average_load":[0.1321875,0.1425,0.14625],"realtime_carbon_intensity":213.692286739,"disk_write_speed":45.8071521063,"process_ids":[4770,4870,4823]}
{"timestamp":1572289948.8789680004,"rapl_power_draw_absolute":74.6449892864,"rapl_estimated_attributable_power_draw":18.0378822164,"cpu_time_seconds":{"4770":{"user":87.5,"system":6.25,"children_user":0.13,"children_system":0.12},"4870":{"user":2.33,"system":1.99,"children_user":0.2,"children_system":1.92},"4823":{"user":0.03,"system":0.03,"children_user":0.0,"children_system":0.0}},"average_relative_cpu_utilization":0.2282938517,"absolute_cpu_utilization":0.9984852963,"relative_mem_usage":0.3694985773,"absolute_mem_usage":9202177024.0,"absolute_mem_percent_usage":0.0681141963,"mem_info_per_process":{"4770":{"rss":3968806912,"vms":12851085312,"shared":602525696,"text":2322432,"lib":0,"data":10990194688,"dirty":0,"uss":3440828416,"pss":3637785600,"swap":0},"4870":{"rss":1146777600,"vms":8057159680,"shared":15519744,"text":2322432,"lib":0,"data":6411460608,"dirty":0,"uss":1029267456,"pss":1082698752,"swap":0},"4823":{"rss":11149312,"vms":28168192,"shared":5599232,"text":2322432,"lib":0,"data":5283840,"dirty":0,"uss":5570560,"pss":6026240,"swap":0}},"nvidia_draw_absolute":54.47,"nvidia_estimated_attributable_power_draw":54.47,"average_gpu_estimated_utilization_absolute":0.365,"per_gpu_average_estimated_utilization_absolute":{"(0, 4770)":{"sm":36.5,"mem":10.0,"enc":0.0,"dec":0.0}},"average_gpu_estimated_utilization_relative":1.0,"per_gpu_performance_state":{"0":"P2"},"per_gpu_power_draw":{"0":54.47},"cpu_count_adjusted_average_load":[0.13125,0.141875,0.1459375],"realtime_carbon_intensity":213.692286739,"disk_write_speed":52.6291807326,"process_ids":[4770,4870,4823]}
{"timestamp":1572289956.9249908924,"rapl_power_draw_absolute":78.3576088869,"rapl_estimated_attributable_power_draw":18.6080974594,"cpu_time_seconds":{"4770":{"user":95.23,"system":6.57,"children_user":0.13,"children_system":0.12},"4870":{"user":2.57,"system":2.18,"children_user":0.22,"children_system":2.1},"4823":{"user":0.03,"system":0.03,"children_user":0.0,"children_system":0.0}},"average_relative_cpu_utilization":0.2244487298,"absolute_cpu_utilization":0.9984441801,"relative_mem_usage":0.3695134456,"absolute_mem_usage":9202865152.0,"absolute_mem_percent_usage":0.0681192898,"mem_info_per_process":{"4770":{"rss":3968806912,"vms":12851085312,"shared":602525696,"text":2322432,"lib":0,"data":10990194688,"dirty":0,"uss":3441053696,"pss":3637898240,"swap":0},"4870":{"rss":1146777600,"vms":8057159680,"shared":15519744,"text":2322432,"lib":0,"data":6411460608,"dirty":0,"uss":1029500928,"pss":1082815488,"swap":0},"4823":{"rss":11149312,"vms":28168192,"shared":5599232,"text":2322432,"lib":0,"data":5283840,"dirty":0,"uss":5570560,"pss":6026240,"swap":0}},"nvidia_draw_absolute":55.48,"nvidia_estimated_attributable_power_draw":55.48,"average_gpu_estimated_utilization_absolute":0.365,"per_gpu_average_estimated_utilization_absolute":{"(0, 4770)":{"sm":36.5,"mem":10.0,"enc":0.0,"dec":0.0}},"average_gpu_estimated_utilization_relative":1.0,"per_gpu_performance_state":{"0":"P2"},"per_gpu_power_draw":{"0":55.48},"cpu_count_adjusted_average_load":[0.130625,0.1415625,0.145625],"realtime_carbon_intensity":213.692286739,"disk_write_speed":45.3108581864,"process_ids":[4770,4870,4823]}
{"timestamp":1572289964.9041190147,"rapl_power_draw_absolute":74.5400941751,"rapl_estimated_attributable_power_draw":17.763169708,"cpu_time_seconds":{"4770":{"user":102.88,"system":6.9,"children_user":0.13,"children_system":0.12},"4870":{"user":2.82,"system":2.36,"children_user":0.23,"children_system":2.28},"4823":{"user":0.03,"system":0.03,"children_user":0.0,"children_system":0.0}},"average_relative_cpu_utilization":0.2245635209,"absolute_cpu_utilization":1.0034600008,"relative_mem_usage":0.3695406068,"absolute_mem_usage":9203479552.0,"absolute_mem_percent_usage":0.0681238376,"mem_info_per_process":{"4770":{"rss":3968806912,"vms":12851085312,"shared":602525696,"text":2322432,"lib":0,"data":10990194688,"dirty":0,"uss":3441262592,"pss":3638002688,"swap":0},"4870":{"rss":1146777600,"vms":8057159680,"shared":15519744,"text":2322432,"lib":0,"data":6411460608,"dirty":0,"uss":1029701632,"pss":1082915840,"swap":0},"4823":{"rss":11149312,"vms":28168192,"shared":5599232,"text":2322432,"lib":0,"data":5283840,"dirty":0,"uss":5570560,"pss":6026240,"swap":0}},"nvidia_draw_absolute":55.37,"nvidia_estimated_attributable_power_draw":55.37,"average_gpu_estimated_utilization_absolute":0.365,"per_gpu_average_estimated_utilization_absolute":{"(0, 4770)":{"sm":36.5,"mem":10.0,"enc":0.0,"dec":0.0}},"average_gpu_estimated_utilization_relative":1.0,"per_gpu_performance_state":{"0":"P2"},"per_gpu_power_draw":{"0":55.37},"cpu_count_adjusted_average_load":[0.136875,0.1425,0.1459375],"realtime_carbon_intensity":213.692286739,"disk_write_speed":33.0018643142,"process_ids":[4770,4870,4823]}
{"timestamp":1572289972.8909049034,"rapl_power_draw_absolute":75.0999274826,"rapl_estimated_attributable_power_draw":17.994031632,"cpu_time_seconds":{"4770":{"user":110.5,"system":7.27,"children_user":0.13,"children_system":0.12},"4870":{"user":3.03,"system":2.52,"children_user":0.25,"children_system":2.46},"4823":{"user":0.03,"system":0.03,"children_user":0.0,"children_system":0.0}},"average_relative_cpu_utilization":0.2260797799,"absolute_cpu_utilization":1.0034635298,"relative_mem_usage":0.3695506114,"absolute_mem_usage":9204272128.0,"absolute_mem_percent_usage":0.0681297042,"mem_info_per_process":{"4770":{"rss":3968806912,"vms":12851085312,"shared":602525696,"text":2322432,"lib":0,"data":10990194688,"dirty":0,"uss":3441524736,"pss":3638133760,"swap":0},"4870":{"rss":1146777600,"vms":8057159680,"shared":15519744,"text":2322432,"lib":0,"data":6411460608,"dirty":0,"uss":1029967872,"pss":1083048960,"swap":0},"4823":{"rss":11149312,"vms":28168192,"shared":5599232,"text":2322432,"lib":0,"data":5283840,"dirty":0,"uss":5570560,"pss":6026240,"swap":0}},"nvidia_draw_absolute":55.67,"nvidia_estimated_attributable_power_draw":55.67,"average_gpu_estimated_utilization_absolute":0.3666666667,"per_gpu_average_estimated_utilization_absolute":{"(0, 4770)":{"sm":36.6666666667,"mem":10.3333333333,"enc":0.0,"dec":0.0}},"average_gpu_estimated_utilization_relative":1.0,"per_gpu_performance_state":{"0":"P2"},"per_gpu_power_draw":{"0":55.67},"cpu_count_adjusted_average_load":[0.135,0.1421875,0.145625],"realtime_carbon_intensity":213.692286739,"disk_write_speed":45.4414166075,"process_ids":[4770,4870,4823]}
{"timestamp":1572289980.867964983,"rapl_power_draw_absolute":74.9665565959,"rapl_estimated_attributable_power_draw":17.8313193379,"cpu_time_seconds":{"4770":{"user":118.17,"system":7.58,"children_user":0.13,"children_system":0.12},"4870":{"user":3.26,"system":2.71,"children_user":0.26,"children_system":2.64},"4823":{"user":0.03,"system":0.03,"children_user":0.0,"children_system":0.0}},"average_relative_cpu_utilization":0.2242014549,"absolute_cpu_utilization":0.9984982453,"relative_mem_usage":0.3695514736,"absolute_mem_usage":9204708352.0,"absolute_mem_percent_usage":0.0681329331,"mem_info_per_process":{"4770":{"rss":3968806912,"vms":12851085312,"shared":602525696,"text":2322432,"lib":0,"data":10990194688,"dirty":0,"uss":3441672192,"pss":3638207488,"swap":0},"4870":{"rss":1146777600,"vms":8057159680,"shared":15519744,"text":2322432,"lib":0,"data":6411460608,"dirty":0,"uss":1030111232,"pss":1083120640,"swap":0},"4823":{"rss":11149312,"vms":28168192,"shared":5599232,"text":2322432,"lib":0,"data":5283840,"dirty":0,"uss":5570560,"pss":6026240,"swap":0}},"nvidia_draw_absolute":59.17,"nvidia_estimated_attributable_power_draw":59.17,"average_gpu_estimated_utilization_absolute":0.365,"per_gpu_average_estimated_utilization_absolute":{"(0, 4770)":{"sm":36.5,"mem":10.0,"enc":0.0,"dec":0.0}},"average_gpu_estimated_utilization_relative":1.0,"per_gpu_performance_state":{"0":"P2"},"per_gpu_power_draw":{"0":59.17},"cpu_count_adjusted_average_load":[0.139375,0.1428125,0.1459375],"realtime_carbon_intensity":213.692286739,"disk_write_speed":48.6686141984,"process_ids":[4770,4870,4823]}
{"timestamp":1572289988.8416399956,"rapl_power_draw_absolute":75.3391003926,"rapl_estimated_attributable_power_draw":17.9828733181,"cpu_time_seconds":{"4770":{"user":125.86,"system":7.87,"children_user":0.13,"children_system":0.12},"4870":{"user":3.48,"system":2.87,"children_user":0.27,"children_system":2.82},"4823":{"user":0.03,"system":0.03,"children_user":0.0,"children_system":0.0}},"average_relative_cpu_utilization":0.2252039848,"absolute_cpu_utilization":0.9984209458,"relative_mem_usage":0.3695889794,"absolute_mem_usage":9205138432.0,"absolute_mem_percent_usage":0.0681361166,"mem_info_per_process":{"4770":{"rss":3968806912,"vms":12851085312,"shared":602525696,"text":2322432,"lib":0,"data":10990194688,"dirty":0,"uss":3441815552,"pss":3638279168,"swap":0},"4870":{"rss":1146777600,"vms":8057159680,"shared":15519744,"text":2322432,"lib":0,"data":6411460608,"dirty":0,"uss":1030254592,"pss":1083192320,"swap":0},"4823":{"rss":11149312,"vms":28168192,"shared":5599232,"text":2322432,"lib":0,"data":5283840,"dirty":0,"uss":5570560,"pss":6026240,"swap":0}},"nvidia_draw_absolute":56.06,"nvidia_estimated_attributable_power_draw":56.06,"average_gpu_estimated_utilization_absolute":0.365,"per_gpu_average_estimated_utilization_absolute":{"(0, 4770)":{"sm":36.5,"mem":10.0,"enc":0.0,"dec":0.0}},"average_gpu_estimated_utilization_relative":1.0,"per_gpu_performance_state":{"0":"P2"},"per_gpu_power_draw":{"0":56.06},"cpu_count_adjusted_average_load":[0.1396875,0.1428125,0.1459375],"realtime_carbon_intensity":213.692286739,"disk_write_speed":50.5048797375,"process_ids":[4770,4870,4823]}
{"timestamp":1572289996.8260469437,"rapl_power_draw_absolute":79.6162856647,"rapl_estimated_attributable_power_draw":18.8441756107,"cpu_time_seconds":{"4770":{"user":133.47,"system":8.25,"children_user":0.13,"children_system":0.12},"4870":{"user":3.73,"system":3.05,"children_user":0.29,"children_system":3.0},"4823":{"user":0.03,"system":0.03,"children_user":0.0,"children_system":0.0}},"average_relative_cpu_utilization":0.2238162342,"absolute_cpu_utilization":1.0034935473,"relative_mem_usage":0.3695293533,"absolute_mem_usage":9205433344.0,"absolute_mem_percent_usage":0.0681382995,"mem_info_per_process":{"4770":{"rss":3968806912,"vms":12851085312,"shared":602525696,"text":2322432,"lib":0,"data":10990194688,"dirty":0,"uss":3441913856,"pss":3638328320,"swap":0},"4870":{"rss":1146777600,"vms":8057159680,"shared":15519744,"text":2322432,"lib":0,"data":6411460608,"dirty":0,"uss":1030352896,"pss":1083241472,"swap":0},"4823":{"rss":11149312,"vms":28168192,"shared":5599232,"text":2322432,"lib":0,"data":5283840,"dirty":0,"uss":5570560,"pss":6026240,"swap":0}},"nvidia_draw_absolute":54.68,"nvidia_estimated_attributable_power_draw":54.68,"average_gpu_estimated_utilization_absolute":0.37,"per_gpu_average_estimated_utilization_absolute":{"(0, 4770)":{"sm":37,"mem":10,"enc":0,"dec":0}},"average_gpu_estimated_utilization_relative":1.0,"per_gpu_performance_state":{"0":"P2"},"per_gpu_power_draw":{"0":54.68},"cpu_count_adjusted_average_load":[0.1409375,0.143125,0.1459375],"realtime_carbon_intensity":213.692286739,"disk_write_speed":37.2492258419,"process_ids":[4770,4870,4823]}
{"timestamp":1572290004.802241087,"rapl_power_draw_absolute":74.9914081923,"rapl_estimated_attributable_power_draw":17.8527421919,"cpu_time_seconds":{"4770":{"user":141.18,"system":8.51,"children_user":0.13,"children_system":0.12},"4870":{"user":3.94,"system":3.22,"children_user":0.3,"children_system":3.17},"4823":{"user":0.03,"system":0.03,"children_user":0.0,"children_system":0.0}},"average_relative_cpu_utilization":0.2244472261,"absolute_cpu_utilization":0.9984257939,"relative_mem_usage":0.3695798367,"absolute_mem_usage":9205617664.0,"absolute_mem_percent_usage":0.0681396638,"mem_info_per_process":{"4770":{"rss":3968806912,"vms":12851085312,"shared":602525696,"text":2322432,"lib":0,"data":10990194688,"dirty":0,"uss":3441975296,"pss":3638359040,"swap":0},"4870":{"rss":1146777600,"vms":8057159680,"shared":15519744,"text":2322432,"lib":0,"data":6411460608,"dirty":0,"uss":1030414336,"pss":1083272192,"swap":0},"4823":{"rss":11149312,"vms":28168192,"shared":5599232,"text":2322432,"lib":0,"data":5283840,"dirty":0,"uss":5570560,"pss":6026240,"swap":0}},"nvidia_draw_absolute":55.1,"nvidia_estimated_attributable_power_draw":55.1,"average_gpu_estimated_utilization_absolute":0.365,"per_gpu_average_estimated_utilization_absolute":{"(0, 4770)":{"sm":36.5,"mem":10.0,"enc":0.0,"dec":0.0}},"average_gpu_estimated_utilization_relative":1.0,"per_gpu_performance_state":{"0":"P2"},"per_gpu_power_draw":{"0":55.1},"cpu_count_adjusted_average_load":[0.143125,0.1434375,0.14625],"realtime_carbon_intensity":213.692286739,"disk_write_speed":46.9179670914,"process_ids":[4770,4870,4823]}
{"timestamp":1572290012.7930250168,"rapl_power_draw_absolute":74.6942850109,"rapl_estimated_attributable_power_draw":17.6615436079,"cpu_time_seconds":{"4770":{"user":148.74,"system":8.95,"children_user":0.13,"children_system":0.12},"4870":{"user":4.16,"system":3.42,"children_user":0.33,"children_system":3.34},"4823":{"user":0.03,"system":0.03,"children_user":0.0,"children_system":0.0}},"average_relative_cpu_utilization":0.2225673288,"absolute_cpu_utilization":1.003399117,"relative_mem_usage":0.3695568047,"absolute_mem_usage":9205826560.0,"absolute_mem_percent_usage":0.0681412101,"mem_info_per_process":{"4770":{"rss":3968806912,"vms":12851085312,"shared":602525696,"text":2322432,"lib":0,"data":10990194688,"dirty":0,"uss":3442044928,"pss":3638393856,"swap":0},"4870":{"rss":1146777600,"vms":8057159680,"shared":15519744,"text":2322432,"lib":0,"data":6411460608,"dirty":0,"uss":1030483968,"pss":1083307008,"swap":0},"4823":{"rss":11149312,"vms":28168192,"shared":5599232,"text":2322432,"lib":0,"data":5283840,"dirty":0,"uss":5570560,"pss":6026240,"swap":0}},"nvidia_draw_absolute":54.99,"nvidia_estimated_attributable_power_draw":54.99,"average_gpu_estimated_utilization_absolute":0.365,"per_gpu_average_estimated_utilization_absolute":{"(0, 4770)":{"sm":36.5,"mem":10.0,"enc":0.0,"dec":0.0}},"average_gpu_estimated_utilization_relative":1.0,"per_gpu_performance_state":{"0":"P2"},"per_gpu_power_draw":{"0":54.99},"cpu_count_adjusted_average_load":[0.1403125,0.1428125,0.1459375],"realtime_carbon_intensity":213.692286739,"disk_write_speed":38.8605079295,"process_ids":[4770,4870,4823]}
{"timestamp":1572290020.7826530933,"rapl_power_draw_absolute":74.9908866218,"rapl_estimated_attributable_power_draw":17.7555805619,"cpu_time_seconds":{"4770":{"user":156.34,"system":9.34,"children_user":0.13,"children_system":0.12},"4870":{"user":4.33,"system":3.6,"children_user":0.35,"children_system":3.5},"4823":{"user":0.03,"system":0.03,"children_user":0.0,"children_system":0.0}},"average_relative_cpu_utilization":0.2229504011,"absolute_cpu_utilization":0.9985020096,"relative_mem_usage":0.3695352651,"absolute_mem_usage":9206018048.0,"absolute_mem_percent_usage":0.0681426275,"mem_info_per_process":{"4770":{"rss":3968806912,"vms":12851085312,"shared":602525696,"text":2322432,"lib":0,"data":10990194688,"dirty":0,"uss":3442110464,"pss":3638426624,"swap":0},"4870":{"rss":1146777600,"vms":8057159680,"shared":15519744,"text":2322432,"lib":0,"data":6411460608,"dirty":0,"uss":1030549504,"pss":1083338752,"swap":0},"4823":{"rss":11149312,"vms":28168192,"shared":5599232,"text":2322432,"lib":0,"data":5283840,"dirty":0,"uss":5570560,"pss":6022144,"swap":0}},"nvidia_draw_absolute":56.45,"nvidia_estimated_attributable_power_draw":56.45,"average_gpu_estimated_utilization_absolute":0.3666666667,"per_gpu_average_estimated_utilization_absolute":{"(0, 4770)":{"sm":36.6666666667,"mem":10.3333333333,"enc":0.0,"dec":0.0}},"average_gpu_estimated_utilization_relative":1.0,"per_gpu_performance_state":{"0":"P2"},"per_gpu_power_draw":{"0":56.45},"cpu_count_adjusted_average_load":[0.1440625,0.1434375,0.14625],"realtime_carbon_intensity":213.692286739,"disk_write_speed":21.7271814965,"process_ids":[4770,4870,4823]}
{"timestamp":1572290028.7748839855,"rapl_power_draw_absolute":78.4932279066,"rapl_estimated_attributable_power_draw":18.4376434308,"cpu_time_seconds":{"4770":{"user":164.01,"system":9.67,"children_user":0.13,"children_system":0.12},"4870":{"user":4.47,"system":3.77,"children_user":0.35,"children_system":3.69},"4823":{"user":0.03,"system":0.03,"children_user":0.0,"children_system":0.0}},"average_relative_cpu_utilization":0.221589339,"absolute_cpu_utilization":1.0034632219,"relative_mem_usage":0.36956276,"absolute_mem_usage":9206244352.0,"absolute_mem_percent_usage":0.0681443025,"mem_info_per_process":{"4770":{"rss":3968806912,"vms":12851085312,"shared":602525696,"text":2322432,"lib":0,"data":10990194688,"dirty":0,"uss":3442184192,"pss":3638463488,"swap":0},"4870":{"rss":1146777600,"vms":8057159680,"shared":15519744,"text":2322432,"lib":0,"data":6411460608,"dirty":0,"uss":1030623232,"pss":1083376640,"swap":0},"4823":{"rss":11149312,"vms":28168192,"shared":5599232,"text":2322432,"lib":0,"data":5283840,"dirty":0,"uss":5570560,"pss":6026240,"swap":0}},"nvidia_draw_absolute":55.96,"nvidia_estimated_attributable_power_draw":55.96,"average_gpu_estimated_utilization_absolute":0.3666666667,"per_gpu_average_estimated_utilization_absolute":{"(0, 4770)":{"sm":36.6666666667,"mem":10.3333333333,"enc":0.0,"dec":0.0}},"average_gpu_estimated_utilization_relative":1.0,"per_gpu_performance_state":{"0":"P2"},"per_gpu_power_draw":{"0":55.96},"cpu_count_adjusted_average_load":[0.14125,0.1428125,0.1459375],"realtime_carbon_intensity":213.692286739,"disk_write_speed":46.9213349909,"process_ids":[4770,4870,4823]}
