{"timestamp":1572410744.1675479412,"rapl_power_draw_absolute":88.1179527451,"rapl_estimated_attributable_power_draw":19.6601916394,"cpu_time_seconds":{"1976":{"user":8.85,"system":1.83,"children_user":1.04,"children_system":0.2},"2122":{"user":0.0,"system":0.03,"children_user":0.0,"children_system":0.04}},"average_relative_cpu_utilization":0.2320099465,"absolute_cpu_utilization":0.9987769668,"relative_mem_usage":0.1527528515,"absolute_mem_usage":3693344768.0,"absolute_mem_percent_usage":0.0273380634,"mem_info_per_process":{"1976":{"rss":3655012352,"vms":11436318720,"shared":574431232,"text":2322432,"lib":0,"data":9681924096,"dirty":0,"uss":107999232,"pss":1817676800,"swap":0},"2122":{"rss":3254550528,"vms":11436318720,"shared":173813760,"text":2322432,"lib":0,"data":9681924096,"dirty":0,"uss":95973376,"pss":1671695360,"swap":0}},"nvidia_draw_absolute":39.55,"nvidia_estimated_attributable_power_draw":39.55,"average_gpu_estimated_utilization_absolute":0.17,"per_gpu_average_estimated_utilization_absolute":{"(0, 1976)":{"sm":17.0,"mem":0.5,"enc":0.0,"dec":0.0}},"average_gpu_estimated_utilization_relative":1.0,"per_gpu_performance_state":{"0":"P2"},"per_gpu_power_draw":{"0":39.55},"cpu_count_adjusted_average_load":[0.1575,0.15625,0.151875],"realtime_carbon_intensity":339.8608709639,"disk_write_speed":33.8452462832,"process_ids":[1976,2122]}
{"timestamp":1572410752.2197248936,"rapl_power_draw_absolute":87.9631323137,"rapl_estimated_attributable_power_draw":19.8679943582,"cpu_time_seconds":{"1976":{"user":16.9,"system":1.84,"children_user":1.04,"children_system":0.2},"2122":{"user":0.12,"system":0.22,"children_user":0.0,"children_system":0.2}},"average_relative_cpu_utilization":0.2347981606,"absolute_cpu_utilization":1.0037734137,"relative_mem_usage":0.1540841587,"absolute_mem_usage":3726520320.0,"absolute_mem_percent_usage":0.0275836282,"mem_info_per_process":{"1976":{"rss":3655188480,"vms":11436318720,"shared":574431232,"text":2322432,"lib":0,"data":9681924096,"dirty":0,"uss":119074816,"pss":1823138816,"swap":0},"2122":{"rss":3260985344,"vms":11436318720,"shared":180236288,"text":2322432,"lib":0,"data":9681924096,"dirty":0,"uss":106184704,"pss":1678121984,"swap":0}},"nvidia_draw_absolute":39.54,"nvidia_estimated_attributable_power_draw":39.54,"average_gpu_estimated_utilization_absolute":0.17,"per_gpu_average_estimated_utilization_absolute":{"(0, 1976)":{"sm":17.0,"mem":0.5,"enc":0.0,"dec":0.0}},"average_gpu_estimated_utilization_relative":1.0,"per_gpu_performance_state":{"0":"P2"},"per_gpu_power_draw":{"0":39.54},"cpu_count_adjusted_average_load":[0.1575,0.15625,0.151875],"realtime_carbon_intensity":339.8608709639,"disk_write_speed":32.6858347811,"process_ids":[1976,2122]}
{"timestamp":1572410760.2312870026,"rapl_power_draw_absolute":88.5326569698,"rapl_estimated_attributable_power_draw":19.5259117843,"cpu_time_seconds":{"1976":{"user":24.91,"system":1.84,"children_user":1.04,"children_system":0.2},"2122":{"user":0.22,"system":0.41,"children_user":0.0,"children_system":0.37}},"average_relative_cpu_utilization":0.2289227281,"absolute_cpu_utilization":1.0037925361,"relative_mem_usage":0.154117753,"absolute_mem_usage":3727929344.0,"absolute_mem_percent_usage":0.0275940577,"mem_info_per_process":{"1976":{"rss":3655397376,"vms":11436318720,"shared":574431232,"text":2322432,"lib":0,"data":9681924096,"dirty":0,"uss":119857152,"pss":1823630336,"swap":0},"2122":{"rss":3260985344,"vms":11436318720,"shared":180236288,"text":2322432,"lib":0,"data":9681924096,"dirty":0,"uss":106274816,"pss":1678167040,"swap":0}},"nvidia_draw_absolute":38.96,"nvidia_estimated_attributable_power_draw":38.96,"average_gpu_estimated_utilization_absolute":0.17,"per_gpu_average_estimated_utilization_absolute":{"(0, 1976)":{"sm":17,"mem":0,"enc":0,"dec":0}},"average_gpu_estimated_utilization_relative":1.0,"per_gpu_performance_state":{"0":"P2"},"per_gpu_power_draw":{"0":38.96},"cpu_count_adjusted_average_load":[0.1571875,0.15625,0.1521875],"realtime_carbon_intensity":339.8608709639,"disk_write_speed":40.0956245522,"process_ids":[1976,2122]}
{"timestamp":1572410768.2430250645,"rapl_power_draw_absolute":88.1683369364,"rapl_estimated_attributable_power_draw":19.668196934,"cpu_time_seconds":{"1976":{"user":32.92,"system":1.84,"children_user":1.04,"children_system":0.2},"2122":{"user":0.34,"system":0.61,"children_user":0.0,"children_system":0.54}},"average_relative_cpu_utilization":0.2317355446,"absolute_cpu_utilization":0.9987879315,"relative_mem_usage":0.1541314535,"absolute_mem_usage":3727953920.0,"absolute_mem_percent_usage":0.0275942396,"mem_info_per_process":{"1976":{"rss":3655397376,"vms":11436318720,"shared":574431232,"text":2322432,"lib":0,"data":9681924096,"dirty":0,"uss":119865344,"pss":1823634432,"swap":0},"2122":{"rss":3260985344,"vms":11436318720,"shared":180236288,"text":2322432,"lib":0,"data":9681924096,"dirty":0,"uss":106283008,"pss":1678171136,"swap":0}},"nvidia_draw_absolute":39.4,"nvidia_estimated_attributable_power_draw":39.4,"average_gpu_estimated_utilization_absolute":0.1733333333,"per_gpu_average_estimated_utilization_absolute":{"(0, 1976)":{"sm":17.3333333333,"mem":0.6666666667,"enc":0.0,"dec":0.0}},"average_gpu_estimated_utilization_relative":1.0,"per_gpu_performance_state":{"0":"P2"},"per_gpu_power_draw":{"0":39.4},"cpu_count_adjusted_average_load":[0.1521875,0.1553125,0.151875],"realtime_carbon_intensity":339.8608709639,"disk_write_speed":16.301009185,"process_ids":[1976,2122]}
{"timestamp":1572410776.2661020756,"rapl_power_draw_absolute":88.2426115762,"rapl_estimated_attributable_power_draw":19.5297424091,"cpu_time_seconds":{"1976":{"user":40.94,"system":1.84,"children_user":1.04,"children_system":0.2},"2122":{"user":0.42,"system":0.8,"children_user":0.01,"children_system":0.71}},"average_relative_cpu_utilization":0.2298735328,"absolute_cpu_utilization":0.9987974508,"relative_mem_usage":0.1541411092,"absolute_mem_usage":3727986688.0,"absolute_mem_percent_usage":0.0275944822,"mem_info_per_process":{"1976":{"rss":3655397376,"vms":11436318720,"shared":574431232,"text":2322432,"lib":0,"data":9681924096,"dirty":0,"uss":119873536,"pss":1823638528,"swap":0},"2122":{"rss":3260989440,"vms":11436318720,"shared":180236288,"text":2322432,"lib":0,"data":9681924096,"dirty":0,"uss":106295296,"pss":1678179328,"swap":0}},"nvidia_draw_absolute":38.62,"nvidia_estimated_attributable_power_draw":38.62,"average_gpu_estimated_utilization_absolute":0.1733333333,"per_gpu_average_estimated_utilization_absolute":{"(0, 1976)":{"sm":17.3333333333,"mem":0.6666666667,"enc":0.0,"dec":0.0}},"average_gpu_estimated_utilization_relative":1.0,"per_gpu_performance_state":{"0":"P2"},"per_gpu_power_draw":{"0":38.62},"cpu_count_adjusted_average_load":[0.15,0.1546875,0.1515625],"realtime_carbon_intensity":339.8608709639,"disk_write_speed":35.8911875865,"process_ids":[1976,2122]}
{"timestamp":1572410784.2543029785,"rapl_power_draw_absolute":88.3441077599,"rapl_estimated_attributable_power_draw":19.6931670956,"cpu_time_seconds":{"1976":{"user":48.93,"system":1.84,"children_user":1.04,"children_system":0.2},"2122":{"user":0.53,"system":0.99,"children_user":0.02,"children_system":0.88}},"average_relative_cpu_utilization":0.231470426,"absolute_cpu_utilization":0.9988035308,"relative_mem_usage":0.1541540323,"absolute_mem_usage":3727986688.0,"absolute_mem_percent_usage":0.0275944822,"mem_info_per_process":{"1976":{"rss":3655397376,"vms":11436318720,"shared":574431232,"text":2322432,"lib":0,"data":9681924096,"dirty":0,"uss":119873536,"pss":1823638528,"swap":0},"2122":{"rss":3260989440,"vms":11436318720,"shared":180236288,"text":2322432,"lib":0,"data":9681924096,"dirty":0,"uss":106295296,"pss":1678179328,"swap":0}},"nvidia_draw_absolute":39.17,"nvidia_estimated_attributable_power_draw":39.17,"average_gpu_estimated_utilization_absolute":0.17,"per_gpu_average_estimated_utilization_absolute":{"(0, 1976)":{"sm":17.0,"mem":0.5,"enc":0.0,"dec":0.0}},"average_gpu_estimated_utilization_relative":1.0,"per_gpu_performance_state":{"0":"P2"},"per_gpu_power_draw":{"0":39.17},"cpu_count_adjusted_average_load":[0.15125,0.1546875,0.1515625],"realtime_carbon_intensity":339.8608709639,"disk_write_speed":16.9019070019,"process_ids":[1976,2122]}
{"timestamp":1572410792.2847800255,"rapl_power_draw_absolute":88.4641070555,"rapl_estimated_attributable_power_draw":19.7252207964,"cpu_time_seconds":{"1976":{"user":56.96,"system":1.85,"children_user":1.04,"children_system":0.2},"2122":{"user":0.6,"system":1.17,"children_user":0.02,"children_system":1.06}},"average_relative_cpu_utilization":0.2315557865,"absolute_cpu_utilization":1.0037986484,"relative_mem_usage":0.1541451677,"absolute_mem_usage":3727998976.0,"absolute_mem_percent_usage":0.0275945731,"mem_info_per_process":{"1976":{"rss":3655397376,"vms":11436318720,"shared":574431232,"text":2322432,"lib":0,"data":9681924096,"dirty":0,"uss":119877632,"pss":1823640576,"swap":0},"2122":{"rss":3260989440,"vms":11436318720,"shared":180236288,"text":2322432,"lib":0,"data":9681924096,"dirty":0,"uss":106299392,"pss":1678181376,"swap":0}},"nvidia_draw_absolute":39.07,"nvidia_estimated_attributable_power_draw":39.07,"average_gpu_estimated_utilization_absolute":0.17,"per_gpu_average_estimated_utilization_absolute":{"(0, 1976)":{"sm":17.0,"mem":0.5,"enc":0.0,"dec":0.0}},"average_gpu_estimated_utilization_relative":1.0,"per_gpu_performance_state":{"0":"P2"},"per_gpu_power_draw":{"0":39.07},"cpu_count_adjusted_average_load":[0.1521875,0.1546875,0.1515625],"realtime_carbon_intensity":339.8608709639,"disk_write_speed":14.1347880483,"process_ids":[1976,2122]}
{"timestamp":1572410800.6445879936,"rapl_power_draw_absolute":87.7857832596,"rapl_estimated_attributable_power_draw":20.0124544169,"cpu_time_seconds":{"1976":{"user":65.32,"system":1.85,"children_user":1.04,"children_system":0.2},"2122":{"user":0.67,"system":1.35,"children_user":0.03,"children_system":1.22}},"average_relative_cpu_utilization":0.2375189383,"absolute_cpu_utilization":0.9988014515,"relative_mem_usage":0.1541495396,"absolute_mem_usage":3728011264.0,"absolute_mem_percent_usage":0.0275946641,"mem_info_per_process":{"1976":{"rss":3655397376,"vms":11436318720,"shared":574431232,"text":2322432,"lib":0,"data":9681924096,"dirty":0,"uss":119881728,"pss":1823642624,"swap":0},"2122":{"rss":3260989440,"vms":11436318720,"shared":180236288,"text":2322432,"lib":0,"data":9681924096,"dirty":0,"uss":106303488,"pss":1678183424,"swap":0}},"nvidia_draw_absolute":39.09,"nvidia_estimated_attributable_power_draw":39.09,"average_gpu_estimated_utilization_absolute":0.17,"per_gpu_average_estimated_utilization_absolute":{"(0, 1976)":{"sm":17.0,"mem":0.5,"enc":0.0,"dec":0.0}},"average_gpu_estimated_utilization_relative":1.0,"per_gpu_performance_state":{"0":"P2"},"per_gpu_power_draw":{"0":39.09},"cpu_count_adjusted_average_load":[0.15,0.154375,0.1515625],"realtime_carbon_intensity":339.8608709639,"disk_write_speed":23.0274749616,"process_ids":[1976,2122]}
{"timestamp":1572410808.6878380775,"rapl_power_draw_absolute":87.9357324105,"rapl_estimated_attributable_power_draw":19.8379625359,"cpu_time_seconds":{"1976":{"user":73.36,"system":1.85,"children_user":1.04,"children_system":0.2},"2122":{"user":0.77,"system":1.52,"children_user":0.04,"children_system":1.38}},"average_relative_cpu_utilization":0.2344568625,"absolute_cpu_utilization":0.9987976626,"relative_mem_usage":0.1541441476,"absolute_mem_usage":3728023552.0,"absolute_mem_percent_usage":0.027594755,"mem_info_per_process":{"1976":{"rss":3655397376,"vms":11436318720,"shared":574431232,"text":2322432,"lib":0,"data":9681924096,"dirty":0,"uss":119885824,"pss":1823644672,"swap":0},"2122":{"rss":3260989440,"vms":11436318720,"shared":180236288,"text":2322432,"lib":0,"data":9681924096,"dirty":0,"uss":106307584,"pss":1678185472,"swap":0}},"nvidia_draw_absolute":38.68,"nvidia_estimated_attributable_power_draw":38.68,"average_gpu_estimated_utilization_absolute":0.17,"per_gpu_average_estimated_utilization_absolute":{"(0, 1976)":{"sm":17.0,"mem":0.5,"enc":0.0,"dec":0.0}},"average_gpu_estimated_utilization_relative":1.0,"per_gpu_performance_state":{"0":"P2"},"per_gpu_power_draw":{"0":38.68},"cpu_count_adjusted_average_load":[0.1484375,0.15375,0.15125],"realtime_carbon_intensity":339.8608709639,"disk_write_speed":24.7999446929,"process_ids":[1976,2122]}
{"timestamp":1572410816.6975679398,"rapl_power_draw_absolute":88.0766331382,"rapl_estimated_attributable_power_draw":19.9134855705,"cpu_time_seconds":{"1976":{"user":81.37,"system":1.86,"children_user":1.04,"children_system":0.2},"2122":{"user":0.86,"system":1.71,"children_user":0.04,"children_system":1.56}},"average_relative_cpu_utilization":0.2350734548,"absolute_cpu_utilization":1.0037875948,"relative_mem_usage":0.1541500196,"absolute_mem_usage":3728048128.0,"absolute_mem_percent_usage":0.027594937,"mem_info_per_process":{"1976":{"rss":3655397376,"vms":11436318720,"shared":574431232,"text":2322432,"lib":0,"data":9681924096,"dirty":0,"uss":119894016,"pss":1823648768,"swap":0},"2122":{"rss":3260989440,"vms":11436318720,"shared":180236288,"text":2322432,"lib":0,"data":9681924096,"dirty":0,"uss":106315776,"pss":1678189568,"swap":0}},"nvidia_draw_absolute":38.96,"nvidia_estimated_attributable_power_draw":38.96,"average_gpu_estimated_utilization_absolute":0.165,"per_gpu_average_estimated_utilization_absolute":{"(0, 1976)":{"sm":16.5,"mem":0.0,"enc":0.0,"dec":0.0}},"average_gpu_estimated_utilization_relative":1.0,"per_gpu_performance_state":{"0":"P2"},"per_gpu_power_draw":{"0":38.96},"cpu_count_adjusted_average_load":[0.1465625,0.1534375,0.15125],"realtime_carbon_intensity":339.8608709639,"disk_write_speed":27.1107491436,"process_ids":[1976,2122]}
{"timestamp":1572410824.7029299736,"rapl_power_draw_absolute":79.9243749813,"rapl_estimated_attributable_power_draw":23.9347416568,"cpu_time_seconds":{"1976":{"user":89.37,"system":1.86,"children_user":1.04,"children_system":0.2},"2122":{"user":0.94,"system":1.91,"children_user":0.05,"children_system":1.73}},"average_relative_cpu_utilization":0.3144455547,"absolute_cpu_utilization":0.9987904623,"relative_mem_usage":0.1842365733,"absolute_mem_usage":3820494848.0,"absolute_mem_percent_usage":0.0282792257,"mem_info_per_process":{"1976":{"rss":3655397376,"vms":11436318720,"shared":574431232,"text":2322432,"lib":0,"data":9681924096,"dirty":0,"uss":141484032,"pss":1892797440,"swap":0},"2122":{"rss":3260989440,"vms":11436318720,"shared":180236288,"text":2322432,"lib":0,"data":9681924096,"dirty":0,"uss":106561536,"pss":1679651840,"swap":0}},"nvidia_draw_absolute":38.87,"nvidia_estimated_attributable_power_draw":38.87,"average_gpu_estimated_utilization_absolute":0.165,"per_gpu_average_estimated_utilization_absolute":{"(0, 1976)":{"sm":16.5,"mem":0.0,"enc":0.0,"dec":0.0}},"average_gpu_estimated_utilization_relative":1.0,"per_gpu_performance_state":{"0":"P2"},"per_gpu_power_draw":{"0":38.87},"cpu_count_adjusted_average_load":[0.140625,0.151875,0.150625],"realtime_carbon_intensity":339.8608709639,"disk_write_speed":38.7723353462,"process_ids":[1976,2122]}
{"timestamp":1572410832.6854970455,"rapl_power_draw_absolute":82.6711538375,"rapl_estimated_attributable_power_draw":23.1072668962,"cpu_time_seconds":{"1976":{"user":97.35,"system":1.86,"children_user":1.04,"children_system":0.2},"2122":{"user":1.05,"system":2.12,"children_user":0.06,"children_system":1.89}},"average_relative_cpu_utilization":0.2917112459,"absolute_cpu_utilization":1.003788313,"relative_mem_usage":0.1838503987,"absolute_mem_usage":3820463104.0,"absolute_mem_percent_usage":0.0282789907,"mem_info_per_process":{"1976":{"rss":3655397376,"vms":11436318720,"shared":574431232,"text":2322432,"lib":0,"data":9681924096,"dirty":0,"uss":141484032,"pss":1892770816,"swap":0},"2122":{"rss":3260989440,"vms":11436318720,"shared":180236288,"text":2322432,"lib":0,"data":9681924096,"dirty":0,"uss":106561536,"pss":1679646720,"swap":0}},"nvidia_draw_absolute":38.99,"nvidia_estimated_attributable_power_draw":38.99,"average_gpu_estimated_utilization_absolute":0.1733333333,"per_gpu_average_estimated_utilization_absolute":{"(0, 1976)":{"sm":17.3333333333,"mem":0.6666666667,"enc":0.0,"dec":0.0}},"average_gpu_estimated_utilization_relative":1.0,"per_gpu_performance_state":{"0":"P2"},"per_gpu_power_draw":{"0":38.99},"cpu_count_adjusted_average_load":[0.1384375,0.1509375,0.1503125],"realtime_carbon_intensity":339.8608709639,"disk_write_speed":42.4929763742,"process_ids":[1976,2122]}
{"timestamp":1572410840.7833991051,"rapl_power_draw_absolute":87.7569376973,"rapl_estimated_attributable_power_draw":20.1556202579,"cpu_time_seconds":{"1976":{"user":105.44,"system":1.87,"children_user":1.04,"children_system":0.2},"2122":{"user":1.18,"system":2.3,"children_user":0.06,"children_system":2.06}},"average_relative_cpu_utilization":0.2369595902,"absolute_cpu_utilization":0.9987964158,"relative_mem_usage":0.1749058366,"absolute_mem_usage":3792878592.0,"absolute_mem_percent_usage":0.0280748107,"mem_info_per_process":{"1976":{"rss":3655397376,"vms":11436318720,"shared":574431232,"text":2322432,"lib":0,"data":9681924096,"dirty":0,"uss":140611584,"pss":1866727424,"swap":0},"2122":{"rss":3260989440,"vms":11436318720,"shared":180236288,"text":2322432,"lib":0,"data":9681924096,"dirty":0,"uss":106561536,"pss":1678978048,"swap":0}},"nvidia_draw_absolute":39.0,"nvidia_estimated_attributable_power_draw":39.0,"average_gpu_estimated_utilization_absolute":0.17,"per_gpu_average_estimated_utilization_absolute":{"(0, 1976)":{"sm":17,"mem":0,"enc":0,"dec":0}},"average_gpu_estimated_utilization_relative":1.0,"per_gpu_performance_state":{"0":"P2"},"per_gpu_power_draw":{"0":39.0},"cpu_count_adjusted_average_load":[0.1371875,0.150625,0.1503125],"realtime_carbon_intensity":339.8608709639,"disk_write_speed":27.2625855608,"process_ids":[1976,2122]}
{"timestamp":1572410848.7818720341,"rapl_power_draw_absolute":90.1382511728,"rapl_estimated_attributable_power_draw":20.0840796065,"cpu_time_seconds":{"1976":{"user":113.44,"system":1.87,"children_user":1.04,"children_system":0.2},"2122":{"user":1.27,"system":2.49,"children_user":0.08,"children_system":2.22}},"average_relative_cpu_utilization":0.2312043055,"absolute_cpu_utilization":0.9987715765,"relative_mem_usage":0.1555715046,"absolute_mem_usage":3755848704.0,"absolute_mem_percent_usage":0.0278007163,"mem_info_per_process":{"1976":{"rss":3655397376,"vms":11436318720,"shared":574431232,"text":2322432,"lib":0,"data":9681924096,"dirty":0,"uss":138432512,"pss":1832132608,"swap":0},"2122":{"rss":3260989440,"vms":11436318720,"shared":180236288,"text":2322432,"lib":0,"data":9681924096,"dirty":0,"uss":106565632,"pss":1678717952,"swap":0}},"nvidia_draw_absolute":38.99,"nvidia_estimated_attributable_power_draw":38.99,"average_gpu_estimated_utilization_absolute":0.17,"per_gpu_average_estimated_utilization_absolute":{"(0, 1976)":{"sm":17,"mem":0,"enc":0,"dec":0}},"average_gpu_estimated_utilization_relative":1.0,"per_gpu_performance_state":{"0":"P2"},"per_gpu_power_draw":{"0":38.99},"cpu_count_adjusted_average_load":[0.1378125,0.1503125,0.1503125],"realtime_carbon_intensity":339.8608709639,"disk_write_speed":31.9735021845,"process_ids":[1976,2122]}
{"timestamp":1572410856.8241560459,"rapl_power_draw_absolute":89.5025662036,"rapl_estimated_attributable_power_draw":19.69057509,"cpu_time_seconds":{"1976":{"user":121.48,"system":1.88,"children_user":1.04,"children_system":0.2},"2122":{"user":1.38,"system":2.67,"children_user":0.08,"children_system":2.39}},"average_relative_cpu_utilization":0.2278799169,"absolute_cpu_utilization":1.0037958845,"relative_mem_usage":0.1554662698,"absolute_mem_usage":3755377664.0,"absolute_mem_percent_usage":0.0277972296,"mem_info_per_process":{"1976":{"rss":3655397376,"vms":11436318720,"shared":574431232,"text":2322432,"lib":0,"data":9681924096,"dirty":0,"uss":138436608,"pss":1831963648,"swap":0},"2122":{"rss":3260989440,"vms":11436318720,"shared":180236288,"text":2322432,"lib":0,"data":9681924096,"dirty":0,"uss":106586112,"pss":1678391296,"swap":0}},"nvidia_draw_absolute":38.71,"nvidia_estimated_attributable_power_draw":38.71,"average_gpu_estimated_utilization_absolute":0.17,"per_gpu_average_estimated_utilization_absolute":{"(0, 1976)":{"sm":17,"mem":0,"enc":0,"dec":0}},"average_gpu_estimated_utilization_relative":1.0,"per_gpu_performance_state":{"0":"P2"},"per_gpu_power_draw":{"0":38.71},"cpu_count_adjusted_average_load":[0.1440625,0.1515625,0.150625],"realtime_carbon_intensity":339.8608709639,"disk_write_speed":35.5025600319,"process_ids":[1976,2122]}
{"timestamp":1572410864.827064991,"rapl_power_draw_absolute":89.5246725004,"rapl_estimated_attributable_power_draw":19.3151141945,"cpu_time_seconds":{"1976":{"user":129.47,"system":1.89,"children_user":1.04,"children_system":0.2},"2122":{"user":1.48,"system":2.88,"children_user":0.09,"children_system":2.55}},"average_relative_cpu_utilization":0.2232017317,"absolute_cpu_utilization":0.9987978169,"relative_mem_usage":0.1554307988,"absolute_mem_usage":3755445248.0,"absolute_mem_percent_usage":0.0277977299,"mem_info_per_process":{"1976":{"rss":3655397376,"vms":11436318720,"shared":574431232,"text":2322432,"lib":0,"data":9681924096,"dirty":0,"uss":138473472,"pss":1831982080,"swap":0},"2122":{"rss":3260989440,"vms":11436318720,"shared":180236288,"text":2322432,"lib":0,"data":9681924096,"dirty":0,"uss":106594304,"pss":1678395392,"swap":0}},"nvidia_draw_absolute":39.04,"nvidia_estimated_attributable_power_draw":39.04,"average_gpu_estimated_utilization_absolute":0.17,"per_gpu_average_estimated_utilization_absolute":{"(0, 1976)":{"sm":17,"mem":0,"enc":0,"dec":0}},"average_gpu_estimated_utilization_relative":1.0,"per_gpu_performance_state":{"0":"P2"},"per_gpu_power_draw":{"0":39.04},"cpu_count_adjusted_average_load":[0.150625,0.1525,0.1509375],"realtime_carbon_intensity":339.8608709639,"disk_write_speed":29.4264434329,"process_ids":[1976,2122]}
{"timestamp":1572410872.8466959,"rapl_power_draw_absolute":89.1283474173,"rapl_estimated_attributable_power_draw":19.7668371143,"cpu_time_seconds":{"1976":{"user":137.49,"system":1.89,"children_user":1.04,"children_system":0.2},"2122":{"user":1.58,"system":3.07,"children_user":0.1,"children_system":2.72}},"average_relative_cpu_utilization":0.2296094094,"absolute_cpu_utilization":0.998795221,"relative_mem_usage":0.1554436698,"absolute_mem_usage":3755449344.0,"absolute_mem_percent_usage":0.0277977602,"mem_info_per_process":{"1976":{"rss":3655397376,"vms":11436318720,"shared":574431232,"text":2322432,"lib":0,"data":9681924096,"dirty":0,"uss":138477568,"pss":1831979008,"swap":0},"2122":{"rss":3260989440,"vms":11436318720,"shared":180236288,"text":2322432,"lib":0,"data":9681924096,"dirty":0,"uss":106598400,"pss":1678394368,"swap":0}},"nvidia_draw_absolute":38.8,"nvidia_estimated_attributable_power_draw":38.8,"average_gpu_estimated_utilization_absolute":0.17,"per_gpu_average_estimated_utilization_absolute":{"(0, 1976)":{"sm":17,"mem":0,"enc":0,"dec":0}},"average_gpu_estimated_utilization_relative":1.0,"per_gpu_performance_state":{"0":"P2"},"per_gpu_power_draw":{"0":38.8},"cpu_count_adjusted_average_load":[0.15375,0.153125,0.15125],"realtime_carbon_intensity":339.8608709639,"disk_write_speed":39.0766322558,"process_ids":[1976,2122]}
{"timestamp":1572410880.8340609074,"rapl_power_draw_absolute":90.0808982518,"rapl_estimated_attributable_power_draw":19.3082116113,"cpu_time_seconds":{"1976":{"user":145.48,"system":1.89,"children_user":1.04,"children_system":0.2},"2122":{"user":1.7,"system":3.26,"children_user":0.1,"children_system":2.89}},"average_relative_cpu_utilization":0.2217206607,"absolute_cpu_utilization":0.9988039024,"relative_mem_usage":0.1554316534,"absolute_mem_usage":3755449344.0,"absolute_mem_percent_usage":0.0277977602,"mem_info_per_process":{"1976":{"rss":3655397376,"vms":11436318720,"shared":574431232,"text":2322432,"lib":0,"data":9681924096,"dirty":0,"uss":138477568,"pss":1831979008,"swap":0},"2122":{"rss":3260989440,"vms":11436318720,"shared":180236288,"text":2322432,"lib":0,"data":9681924096,"dirty":0,"uss":106598400,"pss":1678394368,"swap":0}},"nvidia_draw_absolute":38.63,"nvidia_estimated_attributable_power_draw":38.63,"average_gpu_estimated_utilization_absolute":0.17,"per_gpu_average_estimated_utilization_absolute":{"(0, 1976)":{"sm":17,"mem":0,"enc":0,"dec":0}},"average_gpu_estimated_utilization_relative":1.0,"per_gpu_performance_state":{"0":"P2"},"per_gpu_power_draw":{"0":38.63},"cpu_count_adjusted_average_load":[0.15125,0.1528125,0.1509375],"realtime_carbon_intensity":339.8608709639,"disk_write_speed":28.7865107156,"process_ids":[1976,2122]}
{"timestamp":1572410888.8180420399,"rapl_power_draw_absolute":89.1498492924,"rapl_estimated_attributable_power_draw":19.9548594713,"cpu_time_seconds":{"1976":{"user":153.46,"system":1.9,"children_user":1.04,"children_system":0.2},"2122":{"user":1.79,"system":3.45,"children_user":0.12,"children_system":3.05}},"average_relative_cpu_utilization":0.2323576398,"absolute_cpu_utilization":1.0037957724,"relative_mem_usage":0.1554567503,"absolute_mem_usage":3755461632.0,"absolute_mem_percent_usage":0.0277978512,"mem_info_per_process":{"1976":{"rss":3655397376,"vms":11436318720,"shared":574431232,"text":2322432,"lib":0,"data":9681924096,"dirty":0,"uss":138481664,"pss":1831981056,"swap":0},"2122":{"rss":3260989440,"vms":11436318720,"shared":180236288,"text":2322432,"lib":0,"data":9681924096,"dirty":0,"uss":106602496,"pss":1678396416,"swap":0}},"nvidia_draw_absolute":38.53,"nvidia_estimated_attributable_power_draw":38.53,"average_gpu_estimated_utilization_absolute":0.17,"per_gpu_average_estimated_utilization_absolute":{"(0, 1976)":{"sm":17,"mem":0,"enc":0,"dec":0}},"average_gpu_estimated_utilization_relative":1.0,"per_gpu_performance_state":{"0":"P2"},"per_gpu_power_draw":{"0":38.53},"cpu_count_adjusted_average_load":[0.151875,0.1528125,0.15125],"realtime_carbon_intensity":339.8608709639,"disk_write_speed":19.2760736647,"process_ids":[1976,2122]}
{"timestamp":1572410896.9188909531,"rapl_power_draw_absolute":89.4292247104,"rapl_estimated_attributable_power_draw":20.134184978,"cpu_time_seconds":{"1976":{"user":161.55,"system":1.91,"children_user":1.04,"children_system":0.2},"2122":{"user":1.86,"system":3.65,"children_user":0.12,"children_system":3.23}},"average_relative_cpu_utilization":0.233434108,"absolute_cpu_utilization":1.0037820803,"relative_mem_usage":0.1554500898,"absolute_mem_usage":3755473920.0,"absolute_mem_percent_usage":0.0277979421,"mem_info_per_process":{"1976":{"rss":3655397376,"vms":11436318720,"shared":574431232,"text":2322432,"lib":0,"data":9681924096,"dirty":0,"uss":138485760,"pss":1831983104,"swap":0},"2122":{"rss":3260989440,"vms":11436318720,"shared":180236288,"text":2322432,"lib":0,"data":9681924096,"dirty":0,"uss":106606592,"pss":1678398464,"swap":0}},"nvidia_draw_absolute":38.5,"nvidia_estimated_attributable_power_draw":38.5,"average_gpu_estimated_utilization_absolute":0.17,"per_gpu_average_estimated_utilization_absolute":{"(0, 1976)":{"sm":17,"mem":0,"enc":0,"dec":0}},"average_gpu_estimated_utilization_relative":1.0,"per_gpu_performance_state":{"0":"P2"},"per_gpu_power_draw":{"0":38.5},"cpu_count_adjusted_average_load":[0.1521875,0.1528125,0.15125],"realtime_carbon_intensity":339.8608709639,"disk_write_speed":22.2834586266,"process_ids":[1976,2122]}
{"timestamp":1572410905.1229360104,"rapl_power_draw_absolute":89.1957602625,"rapl_estimated_attributable_power_draw":19.8990953418,"cpu_time_seconds":{"1976":{"user":169.75,"system":1.91,"children_user":1.04,"children_system":0.2},"2122":{"user":1.94,"system":3.85,"children_user":0.13,"children_system":3.39}},"average_relative_cpu_utilization":0.2312046663,"absolute_cpu_utilization":0.9988016949,"relative_mem_usage":0.1554483846,"absolute_mem_usage":3755486208.0,"absolute_mem_percent_usage":0.0277980331,"mem_info_per_process":{"1976":{"rss":3655397376,"vms":11436318720,"shared":574431232,"text":2322432,"lib":0,"data":9681924096,"dirty":0,"uss":138489856,"pss":1831985152,"swap":0},"2122":{"rss":3260989440,"vms":11436318720,"shared":180236288,"text":2322432,"lib":0,"data":9681924096,"dirty":0,"uss":106610688,"pss":1678400512,"swap":0}},"nvidia_draw_absolute":38.61,"nvidia_estimated_attributable_power_draw":38.61,"average_gpu_estimated_utilization_absolute":0.17,"per_gpu_average_estimated_utilization_absolute":{"(0, 1976)":{"sm":17.0,"mem":0.5,"enc":0.0,"dec":0.0}},"average_gpu_estimated_utilization_relative":1.0,"per_gpu_performance_state":{"0":"P2"},"per_gpu_power_draw":{"0":38.61},"cpu_count_adjusted_average_load":[0.16,0.1546875,0.1515625],"realtime_carbon_intensity":339.8608709639,"disk_write_speed":29.8627296857,"process_ids":[1976,2122]}
{"timestamp":1572410913.1149120331,"rapl_power_draw_absolute":89.0146184094,"rapl_estimated_attributable_power_draw":19.7970108875,"cpu_time_seconds":{"1976":{"user":177.75,"system":1.91,"children_user":1.04,"children_system":0.2},"2122":{"user":2.05,"system":4.03,"children_user":0.14,"children_system":3.55}},"average_relative_cpu_utilization":0.2307545493,"absolute_cpu_utilization":1.0037730869,"relative_mem_usage":0.1554359538,"absolute_mem_usage":3755498496.0,"absolute_mem_percent_usage":0.027798124,"mem_info_per_process":{"1976":{"rss":3655397376,"vms":11436318720,"shared":574431232,"text":2322432,"lib":0,"data":9681924096,"dirty":0,"uss":138493952,"pss":1831987200,"swap":0},"2122":{"rss":3260989440,"vms":11436318720,"shared":180236288,"text":2322432,"lib":0,"data":9681924096,"dirty":0,"uss":106614784,"pss":1678402560,"swap":0}},"nvidia_draw_absolute":38.67,"nvidia_estimated_attributable_power_draw":38.67,"average_gpu_estimated_utilization_absolute":0.17,"per_gpu_average_estimated_utilization_absolute":{"(0, 1976)":{"sm":17.0,"mem":0.5,"enc":0.0,"dec":0.0}},"average_gpu_estimated_utilization_relative":1.0,"per_gpu_performance_state":{"0":"P2"},"per_gpu_power_draw":{"0":38.67},"cpu_count_adjusted_average_load":[0.1665625,0.15625,0.1521875],"realtime_carbon_intensity":339.8608709639,"disk_write_speed":45.8522863167,"process_ids":[1976,2122]}
{"timestamp":1572410921.179954052,"rapl_power_draw_absolute":89.0548873539,"rapl_estimated_attributable_power_draw":19.8902852534,"cpu_time_seconds":{"1976":{"user":185.81,"system":1.91,"children_user":1.04,"children_system":0.2},"2122":{"user":2.2,"system":4.22,"children_user":0.15,"children_system":3.72}},"average_relative_cpu_utilization":0.2314716,"absolute_cpu_utilization":0.9988050117,"relative_mem_usage":0.1554326943,"absolute_mem_usage":3755510784.0,"absolute_mem_percent_usage":0.027798215,"mem_info_per_process":{"1976":{"rss":3655397376,"vms":11436318720,"shared":574431232,"text":2322432,"lib":0,"data":9681924096,"dirty":0,"uss":138498048,"pss":1831989248,"swap":0},"2122":{"rss":3260989440,"vms":11436318720,"shared":180236288,"text":2322432,"lib":0,"data":9681924096,"dirty":0,"uss":106618880,"pss":1678404608,"swap":0}},"nvidia_draw_absolute":39.2,"nvidia_estimated_attributable_power_draw":39.2,"average_gpu_estimated_utilization_absolute":0.17,"per_gpu_average_estimated_utilization_absolute":{"(0, 1976)":{"sm":17.0,"mem":0.5,"enc":0.0,"dec":0.0}},"average_gpu_estimated_utilization_relative":1.0,"per_gpu_performance_state":{"0":"P2"},"per_gpu_power_draw":{"0":39.2},"cpu_count_adjusted_average_load":[0.1734375,0.1578125,0.1528125],"realtime_carbon_intensity":339.8608709639,"disk_write_speed":19.9213273843,"process_ids":[1976,2122]}
{"timestamp":1572410929.1976370811,"rapl_power_draw_absolute":88.1289921103,"rapl_estimated_attributable_power_draw":20.4918093172,"cpu_time_seconds":{"1976":{"user":193.83,"system":1.91,"children_user":1.04,"children_system":0.2},"2122":{"user":2.26,"system":4.42,"children_user":0.18,"children_system":3.87}},"average_relative_cpu_utilization":0.2384220643,"absolute_cpu_utilization":1.0038086433,"relative_mem_usage":0.1847491736,"absolute_mem_usage":3828157440.0,"absolute_mem_percent_usage":0.0283359441,"mem_info_per_process":{"1976":{"rss":3655397376,"vms":11436318720,"shared":574431232,"text":2322432,"lib":0,"data":9681924096,"dirty":0,"uss":146497536,"pss":1895305216,"swap":0},"2122":{"rss":3260989440,"vms":11436318720,"shared":180236288,"text":2322432,"lib":0,"data":9681924096,"dirty":0,"uss":106647552,"pss":1679707136,"swap":0}},"nvidia_draw_absolute":38.92,"nvidia_estimated_attributable_power_draw":38.92,"average_gpu_estimated_utilization_absolute":0.165,"per_gpu_average_estimated_utilization_absolute":{"(0, 1976)":{"sm":16.5,"mem":0.0,"enc":0.0,"dec":0.0}},"average_gpu_estimated_utilization_relative":1.0,"per_gpu_performance_state":{"0":"P2"},"per_gpu_power_draw":{"0":38.92},"cpu_count_adjusted_average_load":[0.168125,0.1571875,0.1528125],"realtime_carbon_intensity":339.8608709639,"disk_write_speed":41.34555732,"process_ids":[1976,2122]}
{"timestamp":1572410937.1969780922,"rapl_power_draw_absolute":81.1505683434,"rapl_estimated_attributable_power_draw":23.4734724553,"cpu_time_seconds":{"1976":{"user":201.82,"system":1.92,"children_user":1.04,"children_system":0.2},"2122":{"user":2.39,"system":4.6,"children_user":0.2,"children_system":4.02}},"average_relative_cpu_utilization":0.3036094325,"absolute_cpu_utilization":1.003795892,"relative_mem_usage":0.1845272071,"absolute_mem_usage":3828148224.0,"absolute_mem_percent_usage":0.0283358758,"mem_info_per_process":{"1976":{"rss":3655397376,"vms":11436318720,"shared":574431232,"text":2322432,"lib":0,"data":9681924096,"dirty":0,"uss":146501632,"pss":1895289856,"swap":0},"2122":{"rss":3260989440,"vms":11436318720,"shared":180236288,"text":2322432,"lib":0,"data":9681924096,"dirty":0,"uss":106651648,"pss":1679705088,"swap":0}},"nvidia_draw_absolute":38.3,"nvidia_estimated_attributable_power_draw":38.3,"average_gpu_estimated_utilization_absolute":0.165,"per_gpu_average_estimated_utilization_absolute":{"(0, 1976)":{"sm":16.5,"mem":0.0,"enc":0.0,"dec":0.0}},"average_gpu_estimated_utilization_relative":1.0,"per_gpu_performance_state":{"0":"P2"},"per_gpu_power_draw":{"0":38.3},"cpu_count_adjusted_average_load":[0.173125,0.15875,0.153125],"realtime_carbon_intensity":339.8608709639,"disk_write_speed":24.8785192053,"process_ids":[1976,2122]}
{"timestamp":1572410945.3177878857,"rapl_power_draw_absolute":85.0722947303,"rapl_estimated_attributable_power_draw":23.3646918943,"cpu_time_seconds":{"1976":{"user":209.94,"system":1.92,"children_user":1.04,"children_system":0.2},"2122":{"user":2.46,"system":4.82,"children_user":0.2,"children_system":4.18}},"average_relative_cpu_utilization":0.2865161983,"absolute_cpu_utilization":0.9988113092,"relative_mem_usage":0.1830922611,"absolute_mem_usage":3807608832.0,"absolute_mem_percent_usage":0.0281838437,"mem_info_per_process":{"1976":{"rss":3655397376,"vms":11436318720,"shared":574431232,"text":2322432,"lib":0,"data":9681924096,"dirty":0,"uss":143560704,"pss":1878436864,"swap":0},"2122":{"rss":3260989440,"vms":11436318720,"shared":180236288,"text":2322432,"lib":0,"data":9681924096,"dirty":0,"uss":106610688,"pss":1679000576,"swap":0}},"nvidia_draw_absolute":38.53,"nvidia_estimated_attributable_power_draw":38.53,"average_gpu_estimated_utilization_absolute":0.1666666667,"per_gpu_average_estimated_utilization_absolute":{"(0, 1976)":{"sm":16.6666666667,"mem":0.3333333333,"enc":0.0,"dec":0.0}},"average_gpu_estimated_utilization_relative":1.0,"per_gpu_performance_state":{"0":"P2"},"per_gpu_power_draw":{"0":38.53},"cpu_count_adjusted_average_load":[0.169375,0.158125,0.153125],"realtime_carbon_intensity":339.8608709639,"disk_write_speed":39.7207044171,"process_ids":[1976,2122]}
{"timestamp":1572410954.1237781048,"rapl_power_draw_absolute":87.9872547293,"rapl_estimated_attributable_power_draw":20.7572285013,"cpu_time_seconds":{"1976":{"user":218.75,"system":1.92,"children_user":1.04,"children_system":0.2},"2122":{"user":2.6,"system":5.0,"children_user":0.22,"children_system":4.34}},"average_relative_cpu_utilization":0.2465948564,"absolute_cpu_utilization":0.9987754413,"relative_mem_usage":0.1552156091,"absolute_mem_usage":3745182720.0,"absolute_mem_percent_usage":0.0277217669,"mem_info_per_process":{"1976":{"rss":3655397376,"vms":11436318720,"shared":574431232,"text":2322432,"lib":0,"data":9681924096,"dirty":0,"uss":128892928,"pss":1830931456,"swap":0},"2122":{"rss":3260989440,"vms":11436318720,"shared":180236288,"text":2322432,"lib":0,"data":9681924096,"dirty":0,"uss":106614784,"pss":1678743552,"swap":0}},"nvidia_draw_absolute":39.0,"nvidia_estimated_attributable_power_draw":39.0,"average_gpu_estimated_utilization_absolute":0.17,"per_gpu_average_estimated_utilization_absolute":{"(0, 1976)":{"sm":17,"mem":0,"enc":0,"dec":0}},"average_gpu_estimated_utilization_relative":1.0,"per_gpu_performance_state":{"0":"P2"},"per_gpu_power_draw":{"0":39.0},"cpu_count_adjusted_average_load":[0.18125,0.16125,0.1540625],"realtime_carbon_intensity":339.8608709639,"disk_write_speed":27.0298352244,"process_ids":[1976,2122]}
{"timestamp":1572410962.2147541046,"rapl_power_draw_absolute":89.4392927665,"rapl_estimated_attributable_power_draw":19.6236551678,"cpu_time_seconds":{"1976":{"user":226.84,"system":1.92,"children_user":1.04,"children_system":0.2},"2122":{"user":2.7,"system":5.2,"children_user":0.22,"children_system":4.52}},"average_relative_cpu_utilization":0.2272593672,"absolute_cpu_utilization":0.9987807722,"relative_mem_usage":0.155098042,"absolute_mem_usage":3744547840.0,"absolute_mem_percent_usage":0.0277170675,"mem_info_per_process":{"1976":{"rss":3655397376,"vms":11436318720,"shared":574431232,"text":2322432,"lib":0,"data":9681924096,"dirty":0,"uss":128897024,"pss":1830749184,"swap":0},"2122":{"rss":3260989440,"vms":11436318720,"shared":180236288,"text":2322432,"lib":0,"data":9681924096,"dirty":0,"uss":106516480,"pss":1678385152,"swap":0}},"nvidia_draw_absolute":38.74,"nvidia_estimated_attributable_power_draw":38.74,"average_gpu_estimated_utilization_absolute":0.17,"per_gpu_average_estimated_utilization_absolute":{"(0, 1976)":{"sm":17.0,"mem":0.5,"enc":0.0,"dec":0.0}},"average_gpu_estimated_utilization_relative":1.0,"per_gpu_performance_state":{"0":"P2"},"per_gpu_power_draw":{"0":38.74},"cpu_count_adjusted_average_load":[0.1765625,0.160625,0.1540625],"realtime_carbon_intensity":339.8608709639,"disk_write_speed":35.5976417069,"process_ids":[1976,2122]}
{"timestamp":1572410970.2423660755,"rapl_power_draw_absolute":89.9471853073,"rapl_estimated_attributable_power_draw":19.5175403477,"cpu_time_seconds":{"1976":{"user":234.86,"system":1.93,"children_user":1.04,"children_system":0.2},"2122":{"user":2.79,"system":5.42,"children_user":0.22,"children_system":4.69}},"average_relative_cpu_utilization":0.2244542336,"absolute_cpu_utilization":0.9987795848,"relative_mem_usage":0.155093398,"absolute_mem_usage":3744557056.0,"absolute_mem_percent_usage":0.0277171357,"mem_info_per_process":{"1976":{"rss":3655397376,"vms":11436318720,"shared":574431232,"text":2322432,"lib":0,"data":9681924096,"dirty":0,"uss":128901120,"pss":1830749184,"swap":0},"2122":{"rss":3260989440,"vms":11436318720,"shared":180236288,"text":2322432,"lib":0,"data":9681924096,"dirty":0,"uss":106520576,"pss":1678386176,"swap":0}},"nvidia_draw_absolute":38.87,"nvidia_estimated_attributable_power_draw":38.87,"average_gpu_estimated_utilization_absolute":0.17,"per_gpu_average_estimated_utilization_absolute":{"(0, 1976)":{"sm":17.0,"mem":0.5,"enc":0.0,"dec":0.0}},"average_gpu_estimated_utilization_relative":1.0,"per_gpu_performance_state":{"0":"P2"},"per_gpu_power_draw":{"0":38.87},"cpu_count_adjusted_average_load":[0.1809375,0.161875,0.154375],"realtime_carbon_intensity":339.8608709639,"disk_write_speed":27.3338937874,"process_ids":[1976,2122]}
{"timestamp":1572410978.2415060997,"rapl_power_draw_absolute":89.7120747638,"rapl_estimated_attributable_power_draw":19.6346413678,"cpu_time_seconds":{"1976":{"user":242.86,"system":1.93,"children_user":1.04,"children_system":0.2},"2122":{"user":2.88,"system":5.62,"children_user":0.23,"children_system":4.86}},"average_relative_cpu_utilization":0.2270035766,"absolute_cpu_utilization":0.9988017859,"relative_mem_usage":0.155098959,"absolute_mem_usage":3744569344.0,"absolute_mem_percent_usage":0.0277172267,"mem_info_per_process":{"1976":{"rss":3655397376,"vms":11436318720,"shared":574431232,"text":2322432,"lib":0,"data":9681924096,"dirty":0,"uss":128905216,"pss":1830751232,"swap":0},"2122":{"rss":3260989440,"vms":11436318720,"shared":180236288,"text":2322432,"lib":0,"data":9681924096,"dirty":0,"uss":106524672,"pss":1678388224,"swap":0}},"nvidia_draw_absolute":38.6,"nvidia_estimated_attributable_power_draw":38.6,"average_gpu_estimated_utilization_absolute":0.17,"per_gpu_average_estimated_utilization_absolute":{"(0, 1976)":{"sm":17.0,"mem":0.5,"enc":0.0,"dec":0.0}},"average_gpu_estimated_utilization_relative":1.0,"per_gpu_performance_state":{"0":"P2"},"per_gpu_power_draw":{"0":38.6},"cpu_count_adjusted_average_load":[0.1790625,0.1621875,0.1546875],"realtime_carbon_intensity":339.8608709639,"disk_write_speed":28.3202208196,"process_ids":[1976,2122]}
{"timestamp":1572410986.2692029476,"rapl_power_draw_absolute":89.2941021477,"rapl_estimated_attributable_power_draw":19.5802883984,"cpu_time_seconds":{"1976":{"user":250.88,"system":1.94,"children_user":1.04,"children_system":0.2},"2122":{"user":2.98,"system":5.8,"children_user":0.26,"children_system":5.01}},"average_relative_cpu_utilization":0.2272614676,"absolute_cpu_utilization":0.9988043651,"relative_mem_usage":0.1550613829,"absolute_mem_usage":3744488448.0,"absolute_mem_percent_usage":0.0277166279,"mem_info_per_process":{"1976":{"rss":3655397376,"vms":11436318720,"shared":574431232,"text":2322432,"lib":0,"data":9681924096,"dirty":0,"uss":128909312,"pss":1830753280,"swap":0},"2122":{"rss":3260989440,"vms":11436318720,"shared":180236288,"text":2322432,"lib":0,"data":9681924096,"dirty":0,"uss":106528768,"pss":1678297088,"swap":0}},"nvidia_draw_absolute":38.98,"nvidia_estimated_attributable_power_draw":38.98,"average_gpu_estimated_utilization_absolute":0.17,"per_gpu_average_estimated_utilization_absolute":{"(0, 1976)":{"sm":17,"mem":0,"enc":0,"dec":0}},"average_gpu_estimated_utilization_relative":1.0,"per_gpu_performance_state":{"0":"P2"},"per_gpu_power_draw":{"0":38.98},"cpu_count_adjusted_average_load":[0.1821875,0.163125,0.155],"realtime_carbon_intensity":339.8608709639,"disk_write_speed":31.9908320951,"process_ids":[1976,2122]}
{"timestamp":1572410994.2623429298,"rapl_power_draw_absolute":89.3889647966,"rapl_estimated_attributable_power_draw":19.6078350461,"cpu_time_seconds":{"1976":{"user":258.87,"system":1.94,"children_user":1.04,"children_system":0.2},"2122":{"user":3.08,"system":6.0,"children_user":0.26,"children_system":5.18}},"average_relative_cpu_utilization":0.2275186112,"absolute_cpu_utilization":0.9987882288,"relative_mem_usage":0.1550932673,"absolute_mem_usage":3744593920.0,"absolute_mem_percent_usage":0.0277174086,"mem_info_per_process":{"1976":{"rss":3655397376,"vms":11436318720,"shared":574431232,"text":2322432,"lib":0,"data":9681924096,"dirty":0,"uss":128913408,"pss":1830755328,"swap":0},"2122":{"rss":3260989440,"vms":11436318720,"shared":180236288,"text":2322432,"lib":0,"data":9681924096,"dirty":0,"uss":106532864,"pss":1678392320,"swap":0}},"nvidia_draw_absolute":38.7,"nvidia_estimated_attributable_power_draw":38.7,"average_gpu_estimated_utilization_absolute":0.17,"per_gpu_average_estimated_utilization_absolute":{"(0, 1976)":{"sm":17,"mem":0,"enc":0,"dec":0}},"average_gpu_estimated_utilization_relative":1.0,"per_gpu_performance_state":{"0":"P2"},"per_gpu_power_draw":{"0":38.7},"cpu_count_adjusted_average_load":[0.1759375,0.1625,0.155],"realtime_carbon_intensity":339.8608709639,"disk_write_speed":28.8290639688,"process_ids":[1976,2122]}
{"timestamp":1572411002.2759449482,"rapl_power_draw_absolute":89.0845410953,"rapl_estimated_attributable_power_draw":19.6631484227,"cpu_time_seconds":{"1976":{"user":266.88,"system":1.94,"children_user":1.04,"children_system":0.2},"2122":{"user":3.18,"system":6.18,"children_user":0.27,"children_system":5.35}},"average_relative_cpu_utilization":0.2288205403,"absolute_cpu_utilization":0.9988070502,"relative_mem_usage":0.1550860937,"absolute_mem_usage":3744606208.0,"absolute_mem_percent_usage":0.0277174995,"mem_info_per_process":{"1976":{"rss":3655397376,"vms":11436318720,"shared":574431232,"text":2322432,"lib":0,"data":9681924096,"dirty":0,"uss":128917504,"pss":1830757376,"swap":0},"2122":{"rss":3260989440,"vms":11436318720,"shared":180236288,"text":2322432,"lib":0,"data":9681924096,"dirty":0,"uss":106536960,"pss":1678394368,"swap":0}},"nvidia_draw_absolute":38.5,"nvidia_estimated_attributable_power_draw":38.5,"average_gpu_estimated_utilization_absolute":0.17,"per_gpu_average_estimated_utilization_absolute":{"(0, 1976)":{"sm":17.0,"mem":0.5,"enc":0.0,"dec":0.0}},"average_gpu_estimated_utilization_relative":1.0,"per_gpu_performance_state":{"0":"P2"},"per_gpu_power_draw":{"0":38.5},"cpu_count_adjusted_average_load":[0.176875,0.1628125,0.155],"realtime_carbon_intensity":339.8608709639,"disk_write_speed":21.2118405112,"process_ids":[1976,2122]}
{"timestamp":1572411010.2857880592,"rapl_power_draw_absolute":88.9046470141,"rapl_estimated_attributable_power_draw":19.7068752727,"cpu_time_seconds":{"1976":{"user":274.88,"system":1.96,"children_user":1.04,"children_system":0.2},"2122":{"user":3.25,"system":6.38,"children_user":0.28,"children_system":5.52}},"average_relative_cpu_utilization":0.2297022044,"absolute_cpu_utilization":1.0037673055,"relative_mem_usage":0.1550748788,"absolute_mem_usage":3744630784.0,"absolute_mem_percent_usage":0.0277176814,"mem_info_per_process":{"1976":{"rss":3655397376,"vms":11436318720,"shared":574431232,"text":2322432,"lib":0,"data":9681924096,"dirty":0,"uss":128925696,"pss":1830761472,"swap":0},"2122":{"rss":3260989440,"vms":11436318720,"shared":180236288,"text":2322432,"lib":0,"data":9681924096,"dirty":0,"uss":106545152,"pss":1678398464,"swap":0}},"nvidia_draw_absolute":38.84,"nvidia_estimated_attributable_power_draw":38.84,"average_gpu_estimated_utilization_absolute":0.17,"per_gpu_average_estimated_utilization_absolute":{"(0, 1976)":{"sm":17.0,"mem":0.5,"enc":0.0,"dec":0.0}},"average_gpu_estimated_utilization_relative":1.0,"per_gpu_performance_state":{"0":"P2"},"per_gpu_power_draw":{"0":38.84},"cpu_count_adjusted_average_load":[0.188125,0.165625,0.15625],"realtime_carbon_intensity":339.8608709639,"disk_write_speed":23.4759324766,"process_ids":[1976,2122]}
{"timestamp":1572411018.280698061,"rapl_power_draw_absolute":88.6304588667,"rapl_estimated_attributable_power_draw":19.7483508995,"cpu_time_seconds":{"1976":{"user":282.87,"system":1.97,"children_user":1.04,"children_system":0.2},"2122":{"user":3.32,"system":6.59,"children_user":0.29,"children_system":5.68}},"average_relative_cpu_utilization":0.2310224125,"absolute_cpu_utilization":1.0037970125,"relative_mem_usage":0.1550787639,"absolute_mem_usage":3744655360.0,"absolute_mem_percent_usage":0.0277178634,"mem_info_per_process":{"1976":{"rss":3655397376,"vms":11436318720,"shared":574431232,"text":2322432,"lib":0,"data":9681924096,"dirty":0,"uss":128933888,"pss":1830765568,"swap":0},"2122":{"rss":3260989440,"vms":11436318720,"shared":180236288,"text":2322432,"lib":0,"data":9681924096,"dirty":0,"uss":106553344,"pss":1678402560,"swap":0}},"nvidia_draw_absolute":38.37,"nvidia_estimated_attributable_power_draw":38.37,"average_gpu_estimated_utilization_absolute":0.17,"per_gpu_average_estimated_utilization_absolute":{"(0, 1976)":{"sm":17.0,"mem":0.5,"enc":0.0,"dec":0.0}},"average_gpu_estimated_utilization_relative":1.0,"per_gpu_performance_state":{"0":"P2"},"per_gpu_power_draw":{"0":38.37},"cpu_count_adjusted_average_load":[0.1903125,0.166875,0.1565625],"realtime_carbon_intensity":339.8608709639,"disk_write_speed":19.6361351733,"process_ids":[1976,2122]}
{"timestamp":1572411026.3316850662,"rapl_power_draw_absolute":88.7073721485,"rapl_estimated_attributable_power_draw":19.8659253213,"cpu_time_seconds":{"1976":{"user":290.91,"system":1.98,"children_user":1.04,"children_system":0.2},"2122":{"user":3.38,"system":6.78,"children_user":0.3,"children_system":5.84}},"average_relative_cpu_utilization":0.23227662,"absolute_cpu_utilization":0.9988034527,"relative_mem_usage":0.1550961894,"absolute_mem_usage":3744667648.0,"absolute_mem_percent_usage":0.0277179543,"mem_info_per_process":{"1976":{"rss":3655397376,"vms":11436318720,"shared":574431232,"text":2322432,"lib":0,"data":9681924096,"dirty":0,"uss":128937984,"pss":1830767616,"swap":0},"2122":{"rss":3260989440,"vms":11436318720,"shared":180236288,"text":2322432,"lib":0,"data":9681924096,"dirty":0,"uss":106557440,"pss":1678404608,"swap":0}},"nvidia_draw_absolute":38.4,"nvidia_estimated_attributable_power_draw":38.4,"average_gpu_estimated_utilization_absolute":0.17,"per_gpu_average_estimated_utilization_absolute":{"(0, 1976)":{"sm":17.0,"mem":0.5,"enc":0.0,"dec":0.0}},"average_gpu_estimated_utilization_relative":1.0,"per_gpu_performance_state":{"0":"P2"},"per_gpu_power_draw":{"0":38.4},"cpu_count_adjusted_average_load":[0.195,0.1684375,0.1571875],"realtime_carbon_intensity":339.8608709639,"disk_write_speed":20.819546772,"process_ids":[1976,2122]}
{"timestamp":1572411034.3353550434,"rapl_power_draw_absolute":88.4802731055,"rapl_estimated_attributable_power_draw":19.8274351062,"cpu_time_seconds":{"1976":{"user":298.9,"system":1.99,"children_user":1.04,"children_system":0.2},"2122":{"user":3.47,"system":6.96,"children_user":0.3,"children_system":6.01}},"average_relative_cpu_utilization":0.2328166549,"absolute_cpu_utilization":0.9987968859,"relative_mem_usage":0.1550803867,"absolute_mem_usage":3744679936.0,"absolute_mem_percent_usage":0.0277180453,"mem_info_per_process":{"1976":{"rss":3655397376,"vms":11436318720,"shared":574431232,"text":2322432,"lib":0,"data":9681924096,"dirty":0,"uss":128942080,"pss":1830769664,"swap":0},"2122":{"rss":3260989440,"vms":11436318720,"shared":180236288,"text":2322432,"lib":0,"data":9681924096,"dirty":0,"uss":106561536,"pss":1678406656,"swap":0}},"nvidia_draw_absolute":38.16,"nvidia_estimated_attributable_power_draw":38.16,"average_gpu_estimated_utilization_absolute":0.17,"per_gpu_average_estimated_utilization_absolute":{"(0, 1976)":{"sm":17.0,"mem":0.5,"enc":0.0,"dec":0.0}},"average_gpu_estimated_utilization_relative":1.0,"per_gpu_performance_state":{"0":"P2"},"per_gpu_power_draw":{"0":38.16},"cpu_count_adjusted_average_load":[0.184375,0.166875,0.156875],"realtime_carbon_intensity":339.8608709639,"disk_write_speed":37.5144582085,"process_ids":[1976,2122]}
{"timestamp":1572411042.3279719353,"rapl_power_draw_absolute":88.486520124,"rapl_estimated_attributable_power_draw":19.9342548851,"cpu_time_seconds":{"1976":{"user":306.9,"system":1.99,"children_user":1.04,"children_system":0.2},"2122":{"user":3.58,"system":7.16,"children_user":0.31,"children_system":6.18}},"average_relative_cpu_utilization":0.2341792609,"absolute_cpu_utilization":0.9987991436,"relative_mem_usage":0.1550895246,"absolute_mem_usage":3744692224.0,"absolute_mem_percent_usage":0.0277181362,"mem_info_per_process":{"1976":{"rss":3655397376,"vms":11436318720,"shared":574431232,"text":2322432,"lib":0,"data":9681924096,"dirty":0,"uss":128946176,"pss":1830771712,"swap":0},"2122":{"rss":3260989440,"vms":11436318720,"shared":180236288,"text":2322432,"lib":0,"data":9681924096,"dirty":0,"uss":106565632,"pss":1678408704,"swap":0}},"nvidia_draw_absolute":38.62,"nvidia_estimated_attributable_power_draw":38.62,"average_gpu_estimated_utilization_absolute":0.17,"per_gpu_average_estimated_utilization_absolute":{"(0, 1976)":{"sm":17,"mem":0,"enc":0,"dec":0}},"average_gpu_estimated_utilization_relative":1.0,"per_gpu_performance_state":{"0":"P2"},"per_gpu_power_draw":{"0":38.62},"cpu_count_adjusted_average_load":[0.1896875,0.1684375,0.1571875],"realtime_carbon_intensity":339.8608709639,"disk_write_speed":23.3388906484,"process_ids":[1976,2122]}
{"timestamp":1572411050.3299779892,"rapl_power_draw_absolute":88.4573558001,"rapl_estimated_attributable_power_draw":19.7253190672,"cpu_time_seconds":{"1976":{"user":314.9,"system":1.99,"children_user":1.04,"children_system":0.2},"2122":{"user":3.66,"system":7.35,"children_user":0.32,"children_system":6.34}},"average_relative_cpu_utilization":0.2314680928,"absolute_cpu_utilization":0.998767041,"relative_mem_usage":0.1550774414,"absolute_mem_usage":3744716800.0,"absolute_mem_percent_usage":0.0277183181,"mem_info_per_process":{"1976":{"rss":3655397376,"vms":11436318720,"shared":574431232,"text":2322432,"lib":0,"data":9681924096,"dirty":0,"uss":128954368,"pss":1830775808,"swap":0},"2122":{"rss":3260989440,"vms":11436318720,"shared":180236288,"text":2322432,"lib":0,"data":9681924096,"dirty":0,"uss":106573824,"pss":1678412800,"swap":0}},"nvidia_draw_absolute":39.06,"nvidia_estimated_attributable_power_draw":39.06,"average_gpu_estimated_utilization_absolute":0.17,"per_gpu_average_estimated_utilization_absolute":{"(0, 1976)":{"sm":17.0,"mem":0.5,"enc":0.0,"dec":0.0}},"average_gpu_estimated_utilization_relative":1.0,"per_gpu_performance_state":{"0":"P2"},"per_gpu_power_draw":{"0":39.06},"cpu_count_adjusted_average_load":[0.19125,0.169375,0.1578125],"realtime_carbon_intensity":339.8608709639,"disk_write_speed":42.6210242568,"process_ids":[1976,2122]}
{"timestamp":1572411058.3429439068,"rapl_power_draw_absolute":88.4644507711,"rapl_estimated_attributable_power_draw":19.9622752099,"cpu_time_seconds":{"1976":{"user":322.92,"system":1.99,"children_user":1.04,"children_system":0.2},"2122":{"user":3.78,"system":7.56,"children_user":0.34,"children_system":6.49}},"average_relative_cpu_utilization":0.234525512,"absolute_cpu_utilization":1.0037961571,"relative_mem_usage":0.1550908408,"absolute_mem_usage":3744729088.0,"absolute_mem_percent_usage":0.0277184091,"mem_info_per_process":{"1976":{"rss":3655397376,"vms":11436318720,"shared":574431232,"text":2322432,"lib":0,"data":9681924096,"dirty":0,"uss":128958464,"pss":1830777856,"swap":0},"2122":{"rss":3260989440,"vms":11436318720,"shared":180236288,"text":2322432,"lib":0,"data":9681924096,"dirty":0,"uss":106577920,"pss":1678414848,"swap":0}},"nvidia_draw_absolute":38.52,"nvidia_estimated_attributable_power_draw":38.52,"average_gpu_estimated_utilization_absolute":0.17,"per_gpu_average_estimated_utilization_absolute":{"(0, 1976)":{"sm":17,"mem":0,"enc":0,"dec":0}},"average_gpu_estimated_utilization_relative":1.0,"per_gpu_performance_state":{"0":"P2"},"per_gpu_power_draw":{"0":38.52},"cpu_count_adjusted_average_load":[0.19375,0.170625,0.158125],"realtime_carbon_intensity":339.8608709639,"disk_write_speed":27.1896339047,"process_ids":[1976,2122]}
{"timestamp":1572411066.3576500416,"rapl_power_draw_absolute":88.4645047158,"rapl_estimated_attributable_power_draw":20.036551423,"cpu_time_seconds":{"1976":{"user":330.93,"system":1.99,"children_user":1.04,"children_system":0.2},"2122":{"user":3.87,"system":7.76,"children_user":0.35,"children_system":6.66}},"average_relative_cpu_utilization":0.2350775866,"absolute_cpu_utilization":1.0038001629,"relative_mem_usage":0.1550728037,"absolute_mem_usage":3744741376.0,"absolute_mem_percent_usage":0.0277185,"mem_info_per_process":{"1976":{"rss":3655397376,"vms":11436318720,"shared":574431232,"text":2322432,"lib":0,"data":9681924096,"dirty":0,"uss":128962560,"pss":1830779904,"swap":0},"2122":{"rss":3260989440,"vms":11436318720,"shared":180236288,"text":2322432,"lib":0,"data":9681924096,"dirty":0,"uss":106582016,"pss":1678416896,"swap":0}},"nvidia_draw_absolute":39.34,"nvidia_estimated_attributable_power_draw":39.34,"average_gpu_estimated_utilization_absolute":0.17,"per_gpu_average_estimated_utilization_absolute":{"(0, 1976)":{"sm":17.0,"mem":0.5,"enc":0.0,"dec":0.0}},"average_gpu_estimated_utilization_relative":1.0,"per_gpu_performance_state":{"0":"P2"},"per_gpu_power_draw":{"0":39.34},"cpu_count_adjusted_average_load":[0.195625,0.17125,0.15875],"realtime_carbon_intensity":339.8608709639,"disk_write_speed":31.0141268943,"process_ids":[1976,2122]}
{"timestamp":1572411074.3627851009,"rapl_power_draw_absolute":88.1822359087,"rapl_estimated_attributable_power_draw":20.0230350745,"cpu_time_seconds":{"1976":{"user":338.93,"system":2.0,"children_user":1.04,"children_system":0.2},"2122":{"user":3.98,"system":7.94,"children_user":0.36,"children_system":6.83}},"average_relative_cpu_utilization":0.2361109607,"absolute_cpu_utilization":0.9987872514,"relative_mem_usage":0.1550837031,"absolute_mem_usage":3744753664.0,"absolute_mem_percent_usage":0.027718591,"mem_info_per_process":{"1976":{"rss":3655397376,"vms":11436318720,"shared":574431232,"text":2322432,"lib":0,"data":9681924096,"dirty":0,"uss":128966656,"pss":1830781952,"swap":0},"2122":{"rss":3260989440,"vms":11436318720,"shared":180236288,"text":2322432,"lib":0,"data":9681924096,"dirty":0,"uss":106586112,"pss":1678418944,"swap":0}},"nvidia_draw_absolute":39.16,"nvidia_estimated_attributable_power_draw":39.16,"average_gpu_estimated_utilization_absolute":0.17,"per_gpu_average_estimated_utilization_absolute":{"(0, 1976)":{"sm":17.0,"mem":0.5,"enc":0.0,"dec":0.0}},"average_gpu_estimated_utilization_relative":1.0,"per_gpu_performance_state":{"0":"P2"},"per_gpu_power_draw":{"0":39.16},"cpu_count_adjusted_average_load":[0.1846875,0.1696875,0.158125],"realtime_carbon_intensity":339.8608709639,"disk_write_speed":25.6612623258,"process_ids":[1976,2122]}
{"timestamp":1572411082.3942630291,"rapl_power_draw_absolute":87.9567352821,"rapl_estimated_attributable_power_draw":19.9482568278,"cpu_time_seconds":{"1976":{"user":346.96,"system":2.0,"children_user":1.04,"children_system":0.2},"2122":{"user":4.07,"system":8.14,"children_user":0.36,"children_system":7.0}},"average_relative_cpu_utilization":0.235559071,"absolute_cpu_utilization":0.9988033227,"relative_mem_usage":0.1550791086,"absolute_mem_usage":3744765952.0,"absolute_mem_percent_usage":0.027718682,"mem_info_per_process":{"1976":{"rss":3655397376,"vms":11436318720,"shared":574431232,"text":2322432,"lib":0,"data":9681924096,"dirty":0,"uss":128970752,"pss":1830784000,"swap":0},"2122":{"rss":3260989440,"vms":11436318720,"shared":180236288,"text":2322432,"lib":0,"data":9681924096,"dirty":0,"uss":106590208,"pss":1678420992,"swap":0}},"nvidia_draw_absolute":38.63,"nvidia_estimated_attributable_power_draw":38.63,"average_gpu_estimated_utilization_absolute":0.17,"per_gpu_average_estimated_utilization_absolute":{"(0, 1976)":{"sm":17.0,"mem":0.5,"enc":0.0,"dec":0.0}},"average_gpu_estimated_utilization_relative":1.0,"per_gpu_performance_state":{"0":"P2"},"per_gpu_power_draw":{"0":38.63},"cpu_count_adjusted_average_load":[0.18,0.1690625,0.158125],"realtime_carbon_intensity":339.8608709639,"disk_write_speed":21.6192321966,"process_ids":[1976,2122]}
{"timestamp":1572411090.4084329605,"rapl_power_draw_absolute":88.3167673689,"rapl_estimated_attributable_power_draw":20.16724172,"cpu_time_seconds":{"1976":{"user":354.97,"system":2.0,"children_user":1.04,"children_system":0.2},"2122":{"user":4.14,"system":8.33,"children_user":0.38,"children_system":7.16}},"average_relative_cpu_utilization":0.2369534245,"absolute_cpu_utilization":0.9987894961,"relative_mem_usage":0.1550777235,"absolute_mem_usage":3744778240.0,"absolute_mem_percent_usage":0.0277187729,"mem_info_per_process":{"1976":{"rss":3655397376,"vms":11436318720,"shared":574431232,"text":2322432,"lib":0,"data":9681924096,"dirty":0,"uss":128974848,"pss":1830786048,"swap":0},"2122":{"rss":3260989440,"vms":11436318720,"shared":180236288,"text":2322432,"lib":0,"data":9681924096,"dirty":0,"uss":106594304,"pss":1678423040,"swap":0}},"nvidia_draw_absolute":38.58,"nvidia_estimated_attributable_power_draw":38.58,"average_gpu_estimated_utilization_absolute":0.165,"per_gpu_average_estimated_utilization_absolute":{"(0, 1976)":{"sm":16.5,"mem":0.0,"enc":0.0,"dec":0.0}},"average_gpu_estimated_utilization_relative":1.0,"per_gpu_performance_state":{"0":"P2"},"per_gpu_power_draw":{"0":38.58},"cpu_count_adjusted_average_load":[0.18125,0.1696875,0.1584375],"realtime_carbon_intensity":339.8608709639,"disk_write_speed":27.1320946514,"process_ids":[1976,2122]}
{"timestamp":1572411098.4117350578,"rapl_power_draw_absolute":87.6035076583,"rapl_estimated_attributable_power_draw":20.177984931,"cpu_time_seconds":{"1976":{"user":362.97,"system":2.01,"children_user":1.04,"children_system":0.2},"2122":{"user":4.25,"system":8.51,"children_user":0.39,"children_system":7.33}},"average_relative_cpu_utilization":0.2395098352,"absolute_cpu_utilization":0.9988008383,"relative_mem_usage":0.155056382,"absolute_mem_usage":3744692224.0,"absolute_mem_percent_usage":0.0277181362,"mem_info_per_process":{"1976":{"rss":3655397376,"vms":11436318720,"shared":574431232,"text":2322432,"lib":0,"data":9681924096,"dirty":0,"uss":128978944,"pss":1830689792,"swap":0},"2122":{"rss":3260989440,"vms":11436318720,"shared":180236288,"text":2322432,"lib":0,"data":9681924096,"dirty":0,"uss":106598400,"pss":1678425088,"swap":0}},"nvidia_draw_absolute":38.42,"nvidia_estimated_attributable_power_draw":38.42,"average_gpu_estimated_utilization_absolute":0.17,"per_gpu_average_estimated_utilization_absolute":{"(0, 1976)":{"sm":17.0,"mem":0.5,"enc":0.0,"dec":0.0}},"average_gpu_estimated_utilization_relative":1.0,"per_gpu_performance_state":{"0":"P2"},"per_gpu_power_draw":{"0":38.42},"cpu_count_adjusted_average_load":[0.1803125,0.1696875,0.1584375],"realtime_carbon_intensity":339.8608709639,"disk_write_speed":24.5822785267,"process_ids":[1976,2122]}
{"timestamp":1572411106.4215829372,"rapl_power_draw_absolute":87.6231657184,"rapl_estimated_attributable_power_draw":19.9414539591,"cpu_time_seconds":{"1976":{"user":370.98,"system":2.01,"children_user":1.04,"children_system":0.2},"2122":{"user":4.33,"system":8.7,"children_user":0.41,"children_system":7.48}},"average_relative_cpu_utilization":0.2366764826,"absolute_cpu_utilization":0.99879982,"relative_mem_usage":0.1550463576,"absolute_mem_usage":3744790528.0,"absolute_mem_percent_usage":0.0277188639,"mem_info_per_process":{"1976":{"rss":3655397376,"vms":11436318720,"shared":574431232,"text":2322432,"lib":0,"data":9681924096,"dirty":0,"uss":128978944,"pss":1830788096,"swap":0},"2122":{"rss":3260989440,"vms":11436318720,"shared":180236288,"text":2322432,"lib":0,"data":9681924096,"dirty":0,"uss":106598400,"pss":1678425088,"swap":0}},"nvidia_draw_absolute":38.74,"nvidia_estimated_attributable_power_draw":38.74,"average_gpu_estimated_utilization_absolute":0.17,"per_gpu_average_estimated_utilization_absolute":{"(0, 1976)":{"sm":17,"mem":0,"enc":0,"dec":0}},"average_gpu_estimated_utilization_relative":1.0,"per_gpu_performance_state":{"0":"P2"},"per_gpu_power_draw":{"0":38.74},"cpu_count_adjusted_average_load":[0.1859375,0.17125,0.1590625],"realtime_carbon_intensity":339.8608709639,"disk_write_speed":23.5852263622,"process_ids":[1976,2122]}
{"timestamp":1572411114.5063979626,"rapl_power_draw_absolute":87.7545555123,"rapl_estimated_attributable_power_draw":20.1167525321,"cpu_time_seconds":{"1976":{"user":379.06,"system":2.01,"children_user":1.04,"children_system":0.2},"2122":{"user":4.42,"system":8.9,"children_user":0.41,"children_system":7.66}},"average_relative_cpu_utilization":0.2386497686,"absolute_cpu_utilization":0.9987739139,"relative_mem_usage":0.1550683779,"absolute_mem_usage":3744802816.0,"absolute_mem_percent_usage":0.0277189548,"mem_info_per_process":{"1976":{"rss":3655397376,"vms":11436318720,"shared":574431232,"text":2322432,"lib":0,"data":9681924096,"dirty":0,"uss":128983040,"pss":1830790144,"swap":0},"2122":{"rss":3260989440,"vms":11436318720,"shared":180236288,"text":2322432,"lib":0,"data":9681924096,"dirty":0,"uss":106602496,"pss":1678427136,"swap":0}},"nvidia_draw_absolute":38.61,"nvidia_estimated_attributable_power_draw":38.61,"average_gpu_estimated_utilization_absolute":0.17,"per_gpu_average_estimated_utilization_absolute":{"(0, 1976)":{"sm":17.0,"mem":0.5,"enc":0.0,"dec":0.0}},"average_gpu_estimated_utilization_relative":1.0,"per_gpu_performance_state":{"0":"P2"},"per_gpu_power_draw":{"0":38.61},"cpu_count_adjusted_average_load":[0.1909375,0.1728125,0.1596875],"realtime_carbon_intensity":339.8608709639,"disk_write_speed":27.4966523721,"process_ids":[1976,2122]}
{"timestamp":1572411122.5068640709,"rapl_power_draw_absolute":88.1234284505,"rapl_estimated_attributable_power_draw":20.2884474994,"cpu_time_seconds":{"1976":{"user":387.06,"system":2.02,"children_user":1.04,"children_system":0.2},"2122":{"user":4.51,"system":9.09,"children_user":0.42,"children_system":7.82}},"average_relative_cpu_utilization":0.2392205213,"absolute_cpu_utilization":0.9987947936,"relative_mem_usage":0.1550453676,"absolute_mem_usage":3744802816.0,"absolute_mem_percent_usage":0.0277189548,"mem_info_per_process":{"1976":{"rss":3655397376,"vms":11436318720,"shared":574431232,"text":2322432,"lib":0,"data":9681924096,"dirty":0,"uss":128983040,"pss":1830790144,"swap":0},"2122":{"rss":3260989440,"vms":11436318720,"shared":180236288,"text":2322432,"lib":0,"data":9681924096,"dirty":0,"uss":106602496,"pss":1678427136,"swap":0}},"nvidia_draw_absolute":38.96,"nvidia_estimated_attributable_power_draw":38.96,"average_gpu_estimated_utilization_absolute":0.17,"per_gpu_average_estimated_utilization_absolute":{"(0, 1976)":{"sm":17,"mem":0,"enc":0,"dec":0}},"average_gpu_estimated_utilization_relative":1.0,"per_gpu_performance_state":{"0":"P2"},"per_gpu_power_draw":{"0":38.96},"cpu_count_adjusted_average_load":[0.193125,0.17375,0.16],"realtime_carbon_intensity":339.8608709639,"disk_write_speed":33.4112432038,"process_ids":[1976,2122]}
{"timestamp":1572411130.4923739433,"rapl_power_draw_absolute":87.9205726451,"rapl_estimated_attributable_power_draw":20.4002032438,"cpu_time_seconds":{"1976":{"user":395.04,"system":2.03,"children_user":1.04,"children_system":0.2},"2122":{"user":4.61,"system":9.28,"children_user":0.43,"children_system":7.99}},"average_relative_cpu_utilization":0.2412843676,"absolute_cpu_utilization":1.0037882559,"relative_mem_usage":0.1550581473,"absolute_mem_usage":3744802816.0,"absolute_mem_percent_usage":0.0277189548,"mem_info_per_process":{"1976":{"rss":3655397376,"vms":11436318720,"shared":574431232,"text":2322432,"lib":0,"data":9681924096,"dirty":0,"uss":128983040,"pss":1830790144,"swap":0},"2122":{"rss":3260989440,"vms":11436318720,"shared":180236288,"text":2322432,"lib":0,"data":9681924096,"dirty":0,"uss":106602496,"pss":1678427136,"swap":0}},"nvidia_draw_absolute":38.45,"nvidia_estimated_attributable_power_draw":38.45,"average_gpu_estimated_utilization_absolute":0.17,"per_gpu_average_estimated_utilization_absolute":{"(0, 1976)":{"sm":17,"mem":0,"enc":0,"dec":0}},"average_gpu_estimated_utilization_relative":1.0,"per_gpu_performance_state":{"0":"P2"},"per_gpu_power_draw":{"0":38.45},"cpu_count_adjusted_average_load":[0.1875,0.1728125,0.16],"realtime_carbon_intensity":339.8608709639,"disk_write_speed":26.9667110446,"process_ids":[1976,2122]}
{"timestamp":1572411138.4879479408,"rapl_power_draw_absolute":88.0999260417,"rapl_estimated_attributable_power_draw":20.2781267853,"cpu_time_seconds":{"1976":{"user":403.02,"system":2.04,"children_user":1.04,"children_system":0.2},"2122":{"user":4.69,"system":9.48,"children_user":0.43,"children_system":8.16}},"average_relative_cpu_utilization":0.2392224356,"absolute_cpu_utilization":0.9988068737,"relative_mem_usage":0.1550653007,"absolute_mem_usage":3744802816.0,"absolute_mem_percent_usage":0.0277189548,"mem_info_per_process":{"1976":{"rss":3655397376,"vms":11436318720,"shared":574431232,"text":2322432,"lib":0,"data":9681924096,"dirty":0,"uss":128983040,"pss":1830790144,"swap":0},"2122":{"rss":3260989440,"vms":11436318720,"shared":180236288,"text":2322432,"lib":0,"data":9681924096,"dirty":0,"uss":106602496,"pss":1678427136,"swap":0}},"nvidia_draw_absolute":38.9,"nvidia_estimated_attributable_power_draw":38.9,"average_gpu_estimated_utilization_absolute":0.17,"per_gpu_average_estimated_utilization_absolute":{"(0, 1976)":{"sm":17,"mem":0,"enc":0,"dec":0}},"average_gpu_estimated_utilization_relative":1.0,"per_gpu_performance_state":{"0":"P2"},"per_gpu_power_draw":{"0":38.9},"cpu_count_adjusted_average_load":[0.1778125,0.17125,0.1596875],"realtime_carbon_intensity":339.8608709639,"disk_write_speed":31.807049967,"process_ids":[1976,2122]}
{"timestamp":1572411146.5350689888,"rapl_power_draw_absolute":87.8133036599,"rapl_estimated_attributable_power_draw":20.1857774597,"cpu_time_seconds":{"1976":{"user":411.07,"system":2.04,"children_user":1.04,"children_system":0.2},"2122":{"user":4.8,"system":9.67,"children_user":0.44,"children_system":8.32}},"average_relative_cpu_utilization":0.2392252546,"absolute_cpu_utilization":0.9987920343,"relative_mem_usage":0.1550520728,"absolute_mem_usage":3744802816.0,"absolute_mem_percent_usage":0.0277189548,"mem_info_per_process":{"1976":{"rss":3655397376,"vms":11436318720,"shared":574431232,"text":2322432,"lib":0,"data":9681924096,"dirty":0,"uss":128983040,"pss":1830790144,"swap":0},"2122":{"rss":3260989440,"vms":11436318720,"shared":180236288,"text":2322432,"lib":0,"data":9681924096,"dirty":0,"uss":106602496,"pss":1678427136,"swap":0}},"nvidia_draw_absolute":38.42,"nvidia_estimated_attributable_power_draw":38.42,"average_gpu_estimated_utilization_absolute":0.17,"per_gpu_average_estimated_utilization_absolute":{"(0, 1976)":{"sm":17,"mem":0,"enc":0,"dec":0}},"average_gpu_estimated_utilization_relative":1.0,"per_gpu_performance_state":{"0":"P2"},"per_gpu_power_draw":{"0":38.42},"cpu_count_adjusted_average_load":[0.17375,0.170625,0.159375],"realtime_carbon_intensity":337.277384728,"disk_write_speed":33.8877277696,"process_ids":[1976,2122]}
{"timestamp":1572411154.6047489643,"rapl_power_draw_absolute":87.7870597429,"rapl_estimated_attributable_power_draw":20.2407383492,"cpu_time_seconds":{"1976":{"user":419.13,"system":2.05,"children_user":1.04,"children_system":0.2},"2122":{"user":4.92,"system":9.87,"children_user":0.46,"children_system":8.48}},"average_relative_cpu_utilization":0.2397967429,"absolute_cpu_utilization":0.9988021836,"relative_mem_usage":0.1550541856,"absolute_mem_usage":3744815104.0,"absolute_mem_percent_usage":0.0277190458,"mem_info_per_process":{"1976":{"rss":3655397376,"vms":11436318720,"shared":574431232,"text":2322432,"lib":0,"data":9681924096,"dirty":0,"uss":128987136,"pss":1830792192,"swap":0},"2122":{"rss":3260989440,"vms":11436318720,"shared":180236288,"text":2322432,"lib":0,"data":9681924096,"dirty":0,"uss":106606592,"pss":1678429184,"swap":0}},"nvidia_draw_absolute":38.36,"nvidia_estimated_attributable_power_draw":38.36,"average_gpu_estimated_utilization_absolute":0.17,"per_gpu_average_estimated_utilization_absolute":{"(0, 1976)":{"sm":17,"mem":0,"enc":0,"dec":0}},"average_gpu_estimated_utilization_relative":1.0,"per_gpu_performance_state":{"0":"P2"},"per_gpu_power_draw":{"0":38.36},"cpu_count_adjusted_average_load":[0.1784375,0.1715625,0.1596875],"realtime_carbon_intensity":337.277384728,"disk_write_speed":30.9310890131,"process_ids":[1976,2122]}
{"timestamp":1572411162.6104230881,"rapl_power_draw_absolute":88.0037460865,"rapl_estimated_attributable_power_draw":20.297466288,"cpu_time_seconds":{"1976":{"user":427.14,"system":2.05,"children_user":1.04,"children_system":0.2},"2122":{"user":5.01,"system":10.08,"children_user":0.46,"children_system":8.65}},"average_relative_cpu_utilization":0.2398464357,"absolute_cpu_utilization":1.0037712494,"relative_mem_usage":0.1550631189,"absolute_mem_usage":3744839680.0,"absolute_mem_percent_usage":0.0277192277,"mem_info_per_process":{"1976":{"rss":3655397376,"vms":11436318720,"shared":574431232,"text":2322432,"lib":0,"data":9681924096,"dirty":0,"uss":128995328,"pss":1830796288,"swap":0},"2122":{"rss":3260989440,"vms":11436318720,"shared":180236288,"text":2322432,"lib":0,"data":9681924096,"dirty":0,"uss":106614784,"pss":1678433280,"swap":0}},"nvidia_draw_absolute":38.41,"nvidia_estimated_attributable_power_draw":38.41,"average_gpu_estimated_utilization_absolute":0.17,"per_gpu_average_estimated_utilization_absolute":{"(0, 1976)":{"sm":17.0,"mem":0.5,"enc":0.0,"dec":0.0}},"average_gpu_estimated_utilization_relative":1.0,"per_gpu_performance_state":{"0":"P2"},"per_gpu_power_draw":{"0":38.41},"cpu_count_adjusted_average_load":[0.1703125,0.17,0.159375],"realtime_carbon_intensity":337.277384728,"disk_write_speed":48.8190464751,"process_ids":[1976,2122]}
{"timestamp":1572411170.6314771175,"rapl_power_draw_absolute":88.1725324685,"rapl_estimated_attributable_power_draw":20.2628262825,"cpu_time_seconds":{"1976":{"user":435.15,"system":2.06,"children_user":1.04,"children_system":0.2},"2122":{"user":5.16,"system":10.27,"children_user":0.48,"children_system":8.81}},"average_relative_cpu_utilization":0.2389317961,"absolute_cpu_utilization":0.9987789605,"relative_mem_usage":0.1550643549,"absolute_mem_usage":3744839680.0,"absolute_mem_percent_usage":0.0277192277,"mem_info_per_process":{"1976":{"rss":3655397376,"vms":11436318720,"shared":574431232,"text":2322432,"lib":0,"data":9681924096,"dirty":0,"uss":128995328,"pss":1830796288,"swap":0},"2122":{"rss":3260989440,"vms":11436318720,"shared":180236288,"text":2322432,"lib":0,"data":9681924096,"dirty":0,"uss":106614784,"pss":1678433280,"swap":0}},"nvidia_draw_absolute":38.52,"nvidia_estimated_attributable_power_draw":38.52,"average_gpu_estimated_utilization_absolute":0.17,"per_gpu_average_estimated_utilization_absolute":{"(0, 1976)":{"sm":17.0,"mem":0.5,"enc":0.0,"dec":0.0}},"average_gpu_estimated_utilization_relative":1.0,"per_gpu_performance_state":{"0":"P2"},"per_gpu_power_draw":{"0":38.52},"cpu_count_adjusted_average_load":[0.1765625,0.17125,0.16],"realtime_carbon_intensity":337.277384728,"disk_write_speed":18.0981492381,"process_ids":[1976,2122]}
{"timestamp":1572411178.6729829311,"rapl_power_draw_absolute":88.0355529671,"rapl_estimated_attributable_power_draw":20.4367926654,"cpu_time_seconds":{"1976":{"user":443.19,"system":2.06,"children_user":1.04,"children_system":0.2},"2122":{"user":5.22,"system":10.47,"children_user":0.48,"children_system":8.98}},"average_relative_cpu_utilization":0.2415315412,"absolute_cpu_utilization":0.9988668991,"relative_mem_usage":0.1550620143,"absolute_mem_usage":3744839680.0,"absolute_mem_percent_usage":0.0277192277,"mem_info_per_process":{"1976":{"rss":3655397376,"vms":11436318720,"shared":574431232,"text":2322432,"lib":0,"data":9681924096,"dirty":0,"uss":128995328,"pss":1830796288,"swap":0},"2122":{"rss":3260989440,"vms":11436318720,"shared":180236288,"text":2322432,"lib":0,"data":9681924096,"dirty":0,"uss":106614784,"pss":1678433280,"swap":0}},"nvidia_draw_absolute":38.6,"nvidia_estimated_attributable_power_draw":38.6,"average_gpu_estimated_utilization_absolute":0.17,"per_gpu_average_estimated_utilization_absolute":{"(0, 1976)":{"sm":17.0,"mem":0.5,"enc":0.0,"dec":0.0}},"average_gpu_estimated_utilization_relative":1.0,"per_gpu_performance_state":{"0":"P2"},"per_gpu_power_draw":{"0":38.6},"cpu_count_adjusted_average_load":[0.16875,0.17,0.159375],"realtime_carbon_intensity":337.277384728,"disk_write_speed":27.5783462082,"process_ids":[1976,2122]}
{"timestamp":1572411186.6814069748,"rapl_power_draw_absolute":88.4062219605,"rapl_estimated_attributable_power_draw":20.3049706292,"cpu_time_seconds":{"1976":{"user":451.2,"system":2.07,"children_user":1.04,"children_system":0.2},"2122":{"user":5.31,"system":10.66,"children_user":0.5,"children_system":9.15}},"average_relative_cpu_utilization":0.2387033571,"absolute_cpu_utilization":1.0037947248,"relative_mem_usage":0.155064276,"absolute_mem_usage":3744839680.0,"absolute_mem_percent_usage":0.0277192277,"mem_info_per_process":{"1976":{"rss":3655397376,"vms":11436318720,"shared":574431232,"text":2322432,"lib":0,"data":9681924096,"dirty":0,"uss":128995328,"pss":1830796288,"swap":0},"2122":{"rss":3260989440,"vms":11436318720,"shared":180236288,"text":2322432,"lib":0,"data":9681924096,"dirty":0,"uss":106614784,"pss":1678433280,"swap":0}},"nvidia_draw_absolute":38.34,"nvidia_estimated_attributable_power_draw":38.34,"average_gpu_estimated_utilization_absolute":0.17,"per_gpu_average_estimated_utilization_absolute":{"(0, 1976)":{"sm":17,"mem":0,"enc":0,"dec":0}},"average_gpu_estimated_utilization_relative":1.0,"per_gpu_performance_state":{"0":"P2"},"per_gpu_power_draw":{"0":38.34},"cpu_count_adjusted_average_load":[0.1678125,0.1696875,0.159375],"realtime_carbon_intensity":337.277384728,"disk_write_speed":15.7857375059,"process_ids":[1976,2122]}
{"timestamp":1572411194.6844100952,"rapl_power_draw_absolute":88.2680154363,"rapl_estimated_attributable_power_draw":19.993600572,"cpu_time_seconds":{"1976":{"user":459.2,"system":2.07,"children_user":1.04,"children_system":0.2},"2122":{"user":5.37,"system":10.85,"children_user":0.51,"children_system":9.31}},"average_relative_cpu_utilization":0.2353480869,"absolute_cpu_utilization":1.0037890048,"relative_mem_usage":0.1550784791,"absolute_mem_usage":3744839680.0,"absolute_mem_percent_usage":0.0277192277,"mem_info_per_process":{"1976":{"rss":3655397376,"vms":11436318720,"shared":574431232,"text":2322432,"lib":0,"data":9681924096,"dirty":0,"uss":128995328,"pss":1830796288,"swap":0},"2122":{"rss":3260989440,"vms":11436318720,"shared":180236288,"text":2322432,"lib":0,"data":9681924096,"dirty":0,"uss":106614784,"pss":1678433280,"swap":0}},"nvidia_draw_absolute":38.53,"nvidia_estimated_attributable_power_draw":38.53,"average_gpu_estimated_utilization_absolute":0.17,"per_gpu_average_estimated_utilization_absolute":{"(0, 1976)":{"sm":17.0,"mem":0.5,"enc":0.0,"dec":0.0}},"average_gpu_estimated_utilization_relative":1.0,"per_gpu_performance_state":{"0":"P2"},"per_gpu_power_draw":{"0":38.53},"cpu_count_adjusted_average_load":[0.173125,0.170625,0.16],"realtime_carbon_intensity":337.277384728,"disk_write_speed":27.7470058692,"process_ids":[1976,2122]}
{"timestamp":1572411202.7113330364,"rapl_power_draw_absolute":88.3471512132,"rapl_estimated_attributable_power_draw":20.0638050352,"cpu_time_seconds":{"1976":{"user":467.22,"system":2.08,"children_user":1.04,"children_system":0.2},"2122":{"user":5.48,"system":11.03,"children_user":0.53,"children_system":9.47}},"average_relative_cpu_utilization":0.2361805506,"absolute_cpu_utilization":1.0037968052,"relative_mem_usage":0.1550725609,"absolute_mem_usage":3744839680.0,"absolute_mem_percent_usage":0.0277192277,"mem_info_per_process":{"1976":{"rss":3655397376,"vms":11436318720,"shared":574431232,"text":2322432,"lib":0,"data":9681924096,"dirty":0,"uss":128995328,"pss":1830796288,"swap":0},"2122":{"rss":3260989440,"vms":11436318720,"shared":180236288,"text":2322432,"lib":0,"data":9681924096,"dirty":0,"uss":106614784,"pss":1678433280,"swap":0}},"nvidia_draw_absolute":38.62,"nvidia_estimated_attributable_power_draw":38.62,"average_gpu_estimated_utilization_absolute":0.17,"per_gpu_average_estimated_utilization_absolute":{"(0, 1976)":{"sm":17,"mem":0,"enc":0,"dec":0}},"average_gpu_estimated_utilization_relative":1.0,"per_gpu_performance_state":{"0":"P2"},"per_gpu_power_draw":{"0":38.62},"cpu_count_adjusted_average_load":[0.170625,0.1703125,0.16],"realtime_carbon_intensity":337.277384728,"disk_write_speed":42.9902632723,"process_ids":[1976,2122]}
{"timestamp":1572411210.7126390934,"rapl_power_draw_absolute":88.501063954,"rapl_estimated_attributable_power_draw":19.872106246,"cpu_time_seconds":{"1976":{"user":475.22,"system":2.08,"children_user":1.04,"children_system":0.2},"2122":{"user":5.58,"system":11.26,"children_user":0.54,"children_system":9.64}},"average_relative_cpu_utilization":0.2328143684,"absolute_cpu_utilization":0.9987908228,"relative_mem_usage":0.1550792946,"absolute_mem_usage":3744839680.0,"absolute_mem_percent_usage":0.0277192277,"mem_info_per_process":{"1976":{"rss":3655397376,"vms":11436318720,"shared":574431232,"text":2322432,"lib":0,"data":9681924096,"dirty":0,"uss":128995328,"pss":1830796288,"swap":0},"2122":{"rss":3260989440,"vms":11436318720,"shared":180236288,"text":2322432,"lib":0,"data":9681924096,"dirty":0,"uss":106614784,"pss":1678433280,"swap":0}},"nvidia_draw_absolute":38.38,"nvidia_estimated_attributable_power_draw":38.38,"average_gpu_estimated_utilization_absolute":0.17,"per_gpu_average_estimated_utilization_absolute":{"(0, 1976)":{"sm":17,"mem":0,"enc":0,"dec":0}},"average_gpu_estimated_utilization_relative":1.0,"per_gpu_performance_state":{"0":"P2"},"per_gpu_power_draw":{"0":38.38},"cpu_count_adjusted_average_load":[0.166875,0.169375,0.1596875],"realtime_carbon_intensity":337.277384728,"disk_write_speed":38.5136851868,"process_ids":[1976,2122]}
{"timestamp":1572411218.7090411186,"rapl_power_draw_absolute":88.4724769131,"rapl_estimated_attributable_power_draw":19.8728628123,"cpu_time_seconds":{"1976":{"user":483.2,"system":2.1,"children_user":1.04,"children_system":0.2},"2122":{"user":5.7,"system":11.45,"children_user":0.54,"children_system":9.81}},"average_relative_cpu_utilization":0.2337089105,"absolute_cpu_utilization":1.0037862036,"relative_mem_usage":0.1550703252,"absolute_mem_usage":3744839680.0,"absolute_mem_percent_usage":0.0277192277,"mem_info_per_process":{"1976":{"rss":3655397376,"vms":11436318720,"shared":574431232,"text":2322432,"lib":0,"data":9681924096,"dirty":0,"uss":128995328,"pss":1830796288,"swap":0},"2122":{"rss":3260989440,"vms":11436318720,"shared":180236288,"text":2322432,"lib":0,"data":9681924096,"dirty":0,"uss":106614784,"pss":1678433280,"swap":0}},"nvidia_draw_absolute":38.26,"nvidia_estimated_attributable_power_draw":38.26,"average_gpu_estimated_utilization_absolute":0.17,"per_gpu_average_estimated_utilization_absolute":{"(0, 1976)":{"sm":17,"mem":0,"enc":0,"dec":0}},"average_gpu_estimated_utilization_relative":1.0,"per_gpu_performance_state":{"0":"P2"},"per_gpu_power_draw":{"0":38.26},"cpu_count_adjusted_average_load":[0.1775,0.1715625,0.160625],"realtime_carbon_intensity":337.277384728,"disk_write_speed":38.190411933,"process_ids":[1976,2122]}
