{"timestamp":1573521302.1984460354,"rapl_power_draw_absolute":66.0114587074,"rapl_estimated_attributable_power_draw":14.7672806369,"cpu_time_seconds":{"17584":{"user":8.78,"system":2.79,"children_user":0.14,"children_system":0.14},"17655":{"user":0.02,"system":0.01,"children_user":0.0,"children_system":0.02}},"average_relative_cpu_utilization":0.2385454896,"absolute_cpu_utilization":0.9887345832,"relative_mem_usage":0.0636319675,"absolute_mem_usage":4981492736.0,"absolute_mem_percent_usage":0.0368728371,"mem_info_per_process":{"17584":{"rss":4346146816,"vms":11220008960,"shared":116019200,"text":2322432,"lib":0,"data":9830248448,"dirty":0,"uss":487198720,"pss":2416862208,"swap":0},"17655":{"rss":3932790784,"vms":10742898688,"shared":4489216,"text":2322432,"lib":0,"data":9361526784,"dirty":0,"uss":74489856,"pss":2002941952,"swap":0}},"nvidia_draw_absolute":37.22,"nvidia_estimated_attributable_power_draw":37.22,"average_gpu_estimated_utilization_absolute":0.025,"per_gpu_average_estimated_utilization_absolute":{"(0, 17584)":{"sm":2.5,"mem":0.0,"enc":0.0,"dec":0.0}},"average_gpu_estimated_utilization_relative":1.0,"per_gpu_performance_state":{"0":"P2"},"per_gpu_power_draw":{"0":37.22},"cpu_count_adjusted_average_load":[0.123125,0.1284375,0.1328125],"cpu_freq":[{"current":1391.062,"min":1200.0,"max":3200.0},{"current":2399.906,"min":1200.0,"max":3200.0},{"current":2399.906,"min":1200.0,"max":3200.0},{"current":2399.906,"min":1200.0,"max":3200.0},{"current":1325.718,"min":1200.0,"max":3200.0},{"current":1200.093,"min":1200.0,"max":3200.0},{"current":2400.0,"min":1200.0,"max":3200.0},{"current":1274.062,"min":1200.0,"max":3200.0},{"current":1341.937,"min":1200.0,"max":3200.0},{"current":1199.906,"min":1200.0,"max":3200.0},{"current":3152.531,"min":1200.0,"max":3200.0},{"current":1221.093,"min":1200.0,"max":3200.0},{"current":1213.968,"min":1200.0,"max":3200.0},{"current":1200.093,"min":1200.0,"max":3200.0},{"current":1221.937,"min":1200.0,"max":3200.0},{"current":1200.0,"min":1200.0,"max":3200.0},{"current":1798.968,"min":1200.0,"max":3200.0},{"current":2400.187,"min":1200.0,"max":3200.0},{"current":2364.375,"min":1200.0,"max":3200.0},{"current":2400.0,"min":1200.0,"max":3200.0},{"current":1299.75,"min":1200.0,"max":3200.0},{"current":1247.156,"min":1200.0,"max":3200.0},{"current":2103.75,"min":1200.0,"max":3200.0},{"current":1291.406,"min":1200.0,"max":3200.0},{"current":1576.125,"min":1200.0,"max":3200.0},{"current":1299.843,"min":1200.0,"max":3200.0},{"current":3009.0,"min":1200.0,"max":3200.0},{"current":1218.937,"min":1200.0,"max":3200.0},{"current":1754.625,"min":1200.0,"max":3200.0},{"current":1381.5,"min":1200.0,"max":3200.0},{"current":1203.937,"min":1200.0,"max":3200.0},{"current":1200.656,"min":1200.0,"max":3200.0}],"realtime_carbon_intensity":392.5383791503,"disk_write_speed":13.9448438945,"process_ids":[17584,17655]}
{"timestamp":1573521310.3946371078,"rapl_power_draw_absolute":67.4253519708,"rapl_estimated_attributable_power_draw":15.9373762897,"cpu_time_seconds":{"17584":{"user":15.29,"system":4.29,"children_user":0.14,"children_system":0.14},"17655":{"user":0.18,"system":0.13,"children_user":0.0,"children_system":0.22}},"average_relative_cpu_utilization":0.2435841734,"absolute_cpu_utilization":0.9986018203,"relative_mem_usage":0.1506997807,"absolute_mem_usage":12259751936.0,"absolute_mem_percent_usage":0.0907462602,"mem_info_per_process":{"17584":{"rss":7097970688,"vms":15984336896,"shared":566890496,"text":2322432,"lib":0,"data":14387834880,"dirty":0,"uss":3823812608,"pss":5458461696,"swap":0},"17655":{"rss":3939889152,"vms":10742898688,"shared":11571200,"text":2322432,"lib":0,"data":9361526784,"dirty":0,"uss":672321536,"pss":2305156096,"swap":0}},"nvidia_draw_absolute":48.64,"nvidia_estimated_attributable_power_draw":48.64,"average_gpu_estimated_utilization_absolute":0.36,"per_gpu_average_estimated_utilization_absolute":{"(0, 17584)":{"sm":36,"mem":9,"enc":0,"dec":0}},"average_gpu_estimated_utilization_relative":1.0,"per_gpu_performance_state":{"0":"P2"},"per_gpu_power_draw":{"0":48.64},"cpu_count_adjusted_average_load":[0.125625,0.1290625,0.1328125],"cpu_freq":[{"current":1287.093,"min":1200.0,"max":3200.0},{"current":2235.093,"min":1200.0,"max":3200.0},{"current":1706.625,"min":1200.0,"max":3200.0},{"current":1396.875,"min":1200.0,"max":3200.0},{"current":1267.218,"min":1200.0,"max":3200.0},{"current":1200.468,"min":1200.0,"max":3200.0},{"current":1591.593,"min":1200.0,"max":3200.0},{"current":2709.093,"min":1200.0,"max":3200.0},{"current":1299.937,"min":1200.0,"max":3200.0},{"current":1497.562,"min":1200.0,"max":3200.0},{"current":3094.968,"min":1200.0,"max":3200.0},{"current":1298.625,"min":1200.0,"max":3200.0},{"current":1200.187,"min":1200.0,"max":3200.0},{"current":1200.187,"min":1200.0,"max":3200.0},{"current":1200.281,"min":1200.0,"max":3200.0},{"current":1200.093,"min":1200.0,"max":3200.0},{"current":2397.75,"min":1200.0,"max":3200.0},{"current":2399.906,"min":1200.0,"max":3200.0},{"current":1518.468,"min":1200.0,"max":3200.0},{"current":1303.218,"min":1200.0,"max":3200.0},{"current":1399.687,"min":1200.0,"max":3200.0},{"current":1205.906,"min":1200.0,"max":3200.0},{"current":1380.562,"min":1200.0,"max":3200.0},{"current":2826.843,"min":1200.0,"max":3200.0},{"current":1401.375,"min":1200.0,"max":3200.0},{"current":1394.531,"min":1200.0,"max":3200.0},{"current":2984.625,"min":1200.0,"max":3200.0},{"current":1286.25,"min":1200.0,"max":3200.0},{"current":1200.0,"min":1200.0,"max":3200.0},{"current":1210.781,"min":1200.0,"max":3200.0},{"current":1200.093,"min":1200.0,"max":3200.0},{"current":1200.375,"min":1200.0,"max":3200.0}],"realtime_carbon_intensity":392.5383791503,"disk_write_speed":19.6696451936,"process_ids":[17584,17655]}
{"timestamp":1573521318.4042708874,"rapl_power_draw_absolute":67.1651468038,"rapl_estimated_attributable_power_draw":15.7675421819,"cpu_time_seconds":{"17584":{"user":23.05,"system":4.55,"children_user":0.14,"children_system":0.14},"17655":{"user":0.32,"system":0.31,"children_user":0.02,"children_system":0.39}},"average_relative_cpu_utilization":0.2415613032,"absolute_cpu_utilization":1.0035803886,"relative_mem_usage":0.1507828522,"absolute_mem_usage":12267997184.0,"absolute_mem_percent_usage":0.0908072912,"mem_info_per_process":{"17584":{"rss":7097970688,"vms":15984336896,"shared":566890496,"text":2322432,"lib":0,"data":14387834880,"dirty":0,"uss":3826614272,"pss":5459862528,"swap":0},"17655":{"rss":3939889152,"vms":10742898688,"shared":11571200,"text":2322432,"lib":0,"data":9361526784,"dirty":0,"uss":675016704,"pss":2306503680,"swap":0}},"nvidia_draw_absolute":50.53,"nvidia_estimated_attributable_power_draw":50.53,"average_gpu_estimated_utilization_absolute":0.36,"per_gpu_average_estimated_utilization_absolute":{"(0, 17584)":{"sm":36,"mem":9,"enc":0,"dec":0}},"average_gpu_estimated_utilization_relative":1.0,"per_gpu_performance_state":{"0":"P2"},"per_gpu_power_draw":{"0":50.53},"cpu_count_adjusted_average_load":[0.1234375,0.1284375,0.1328125],"cpu_freq":[{"current":1388.812,"min":1200.0,"max":3200.0},{"current":2167.312,"min":1200.0,"max":3200.0},{"current":2399.906,"min":1200.0,"max":3200.0},{"current":1299.937,"min":1200.0,"max":3200.0},{"current":1325.437,"min":1200.0,"max":3200.0},{"current":1500.656,"min":1200.0,"max":3200.0},{"current":1234.968,"min":1200.0,"max":3200.0},{"current":1943.531,"min":1200.0,"max":3200.0},{"current":1202.25,"min":1200.0,"max":3200.0},{"current":1219.218,"min":1200.0,"max":3200.0},{"current":3180.75,"min":1200.0,"max":3200.0},{"current":2396.437,"min":1200.0,"max":3200.0},{"current":1224.281,"min":1200.0,"max":3200.0},{"current":1300.125,"min":1200.0,"max":3200.0},{"current":1200.093,"min":1200.0,"max":3200.0},{"current":1220.531,"min":1200.0,"max":3200.0},{"current":1330.125,"min":1200.0,"max":3200.0},{"current":1234.312,"min":1200.0,"max":3200.0},{"current":2399.906,"min":1200.0,"max":3200.0},{"current":1203.375,"min":1200.0,"max":3200.0},{"current":1228.218,"min":1200.0,"max":3200.0},{"current":1400.812,"min":1200.0,"max":3200.0},{"current":1777.031,"min":1200.0,"max":3200.0},{"current":2097.375,"min":1200.0,"max":3200.0},{"current":1299.281,"min":1200.0,"max":3200.0},{"current":1261.218,"min":1200.0,"max":3200.0},{"current":3012.093,"min":1200.0,"max":3200.0},{"current":2395.125,"min":1200.0,"max":3200.0},{"current":1220.812,"min":1200.0,"max":3200.0},{"current":1222.968,"min":1200.0,"max":3200.0},{"current":1203.843,"min":1200.0,"max":3200.0},{"current":1311.656,"min":1200.0,"max":3200.0}],"realtime_carbon_intensity":392.5383791503,"disk_write_speed":13.5012931019,"process_ids":[17584,17655]}
{"timestamp":1573521326.3987190723,"rapl_power_draw_absolute":68.5320242974,"rapl_estimated_attributable_power_draw":15.9891396548,"cpu_time_seconds":{"17584":{"user":30.76,"system":4.84,"children_user":0.14,"children_system":0.14},"17655":{"user":0.42,"system":0.46,"children_user":0.03,"children_system":0.56}},"average_relative_cpu_utilization":0.2409846059,"absolute_cpu_utilization":1.0036059086,"relative_mem_usage":0.1508202866,"absolute_mem_usage":12272144384.0,"absolute_mem_percent_usage":0.0908379886,"mem_info_per_process":{"17584":{"rss":7097970688,"vms":15984336896,"shared":566890496,"text":2322432,"lib":0,"data":14387834880,"dirty":0,"uss":3828011008,"pss":5460560896,"swap":0},"17655":{"rss":3939889152,"vms":10742898688,"shared":11571200,"text":2322432,"lib":0,"data":9361526784,"dirty":0,"uss":676384768,"pss":2307187712,"swap":0}},"nvidia_draw_absolute":51.19,"nvidia_estimated_attributable_power_draw":51.19,"average_gpu_estimated_utilization_absolute":0.36,"per_gpu_average_estimated_utilization_absolute":{"(0, 17584)":{"sm":36.0,"mem":9.5,"enc":0.0,"dec":0.0}},"average_gpu_estimated_utilization_relative":1.0,"per_gpu_performance_state":{"0":"P2"},"per_gpu_power_draw":{"0":51.19},"cpu_count_adjusted_average_load":[0.1259375,0.12875,0.1328125],"cpu_freq":[{"current":2399.906,"min":1200.0,"max":3200.0},{"current":1597.312,"min":1200.0,"max":3200.0},{"current":1396.406,"min":1200.0,"max":3200.0},{"current":1980.187,"min":1200.0,"max":3200.0},{"current":1286.343,"min":1200.0,"max":3200.0},{"current":1240.125,"min":1200.0,"max":3200.0},{"current":1399.968,"min":1200.0,"max":3200.0},{"current":2400.0,"min":1200.0,"max":3200.0},{"current":1290.281,"min":1200.0,"max":3200.0},{"current":2284.781,"min":1200.0,"max":3200.0},{"current":3161.437,"min":1200.0,"max":3200.0},{"current":1468.593,"min":1200.0,"max":3200.0},{"current":1200.093,"min":1200.0,"max":3200.0},{"current":1434.0,"min":1200.0,"max":3200.0},{"current":1201.5,"min":1200.0,"max":3200.0},{"current":1201.593,"min":1200.0,"max":3200.0},{"current":2400.0,"min":1200.0,"max":3200.0},{"current":1347.843,"min":1200.0,"max":3200.0},{"current":1418.25,"min":1200.0,"max":3200.0},{"current":1408.593,"min":1200.0,"max":3200.0},{"current":1214.531,"min":1200.0,"max":3200.0},{"current":1226.906,"min":1200.0,"max":3200.0},{"current":1299.281,"min":1200.0,"max":3200.0},{"current":2399.906,"min":1200.0,"max":3200.0},{"current":1275.375,"min":1200.0,"max":3200.0},{"current":2284.875,"min":1200.0,"max":3200.0},{"current":2981.906,"min":1200.0,"max":3200.0},{"current":1300.218,"min":1200.0,"max":3200.0},{"current":1832.25,"min":1200.0,"max":3200.0},{"current":1300.875,"min":1200.0,"max":3200.0},{"current":1234.875,"min":1200.0,"max":3200.0},{"current":1200.375,"min":1200.0,"max":3200.0}],"realtime_carbon_intensity":392.5383791503,"disk_write_speed":13.364830983,"process_ids":[17584,17655]}
{"timestamp":1573521334.4067020416,"rapl_power_draw_absolute":67.0216382375,"rapl_estimated_attributable_power_draw":16.0663777264,"cpu_time_seconds":{"17584":{"user":38.45,"system":5.16,"children_user":0.14,"children_system":0.14},"17655":{"user":0.53,"system":0.62,"children_user":0.05,"children_system":0.72}},"average_relative_cpu_utilization":0.2469074406,"absolute_cpu_utilization":1.0036273433,"relative_mem_usage":0.1508411467,"absolute_mem_usage":12274872320.0,"absolute_mem_percent_usage":0.0908581807,"mem_info_per_process":{"17584":{"rss":7097970688,"vms":15984336896,"shared":566890496,"text":2322432,"lib":0,"data":14387834880,"dirty":0,"uss":3828920320,"pss":5461015552,"swap":0},"17655":{"rss":3939889152,"vms":10742898688,"shared":11571200,"text":2322432,"lib":0,"data":9361526784,"dirty":0,"uss":677294080,"pss":2307642368,"swap":0}},"nvidia_draw_absolute":52.33,"nvidia_estimated_attributable_power_draw":52.33,"average_gpu_estimated_utilization_absolute":0.36,"per_gpu_average_estimated_utilization_absolute":{"(0, 17584)":{"sm":36.0,"mem":9.5,"enc":0.0,"dec":0.0}},"average_gpu_estimated_utilization_relative":1.0,"per_gpu_performance_state":{"0":"P2"},"per_gpu_power_draw":{"0":52.33},"cpu_count_adjusted_average_load":[0.125625,0.12875,0.1328125],"cpu_freq":[{"current":1427.531,"min":1200.0,"max":3200.0},{"current":1298.25,"min":1200.0,"max":3200.0},{"current":2399.906,"min":1200.0,"max":3200.0},{"current":1604.625,"min":1200.0,"max":3200.0},{"current":1310.062,"min":1200.0,"max":3200.0},{"current":1201.312,"min":1200.0,"max":3200.0},{"current":2197.687,"min":1200.0,"max":3200.0},{"current":2399.906,"min":1200.0,"max":3200.0},{"current":1332.093,"min":1200.0,"max":3200.0},{"current":1496.718,"min":1200.0,"max":3200.0},{"current":3138.656,"min":1200.0,"max":3200.0},{"current":1200.187,"min":1200.0,"max":3200.0},{"current":1265.437,"min":1200.0,"max":3200.0},{"current":1600.125,"min":1200.0,"max":3200.0},{"current":1296.0,"min":1200.0,"max":3200.0},{"current":1200.093,"min":1200.0,"max":3200.0},{"current":2400.0,"min":1200.0,"max":3200.0},{"current":1349.25,"min":1200.0,"max":3200.0},{"current":2399.906,"min":1200.0,"max":3200.0},{"current":1895.531,"min":1200.0,"max":3200.0},{"current":1283.062,"min":1200.0,"max":3200.0},{"current":1205.25,"min":1200.0,"max":3200.0},{"current":1259.812,"min":1200.0,"max":3200.0},{"current":2400.0,"min":1200.0,"max":3200.0},{"current":1494.187,"min":1200.0,"max":3200.0},{"current":1258.218,"min":1200.0,"max":3200.0},{"current":3092.25,"min":1200.0,"max":3200.0},{"current":1300.593,"min":1200.0,"max":3200.0},{"current":1280.437,"min":1200.0,"max":3200.0},{"current":1663.125,"min":1200.0,"max":3200.0},{"current":1234.875,"min":1200.0,"max":3200.0},{"current":1200.281,"min":1200.0,"max":3200.0}],"realtime_carbon_intensity":392.5383791503,"disk_write_speed":21.9399806647,"process_ids":[17584,17655]}
{"timestamp":1573521342.4214069843,"rapl_power_draw_absolute":67.4214208789,"rapl_estimated_attributable_power_draw":15.648077608,"cpu_time_seconds":{"17584":{"user":46.16,"system":5.46,"children_user":0.14,"children_system":0.14},"17655":{"user":0.67,"system":0.81,"children_user":0.08,"children_system":0.89}},"average_relative_cpu_utilization":0.2392077904,"absolute_cpu_utilization":0.9985908504,"relative_mem_usage":0.1508503855,"absolute_mem_usage":12276641792.0,"absolute_mem_percent_usage":0.0908712783,"mem_info_per_process":{"17584":{"rss":7097970688,"vms":15984336896,"shared":566890496,"text":2322432,"lib":0,"data":14387834880,"dirty":0,"uss":3829510144,"pss":5461310464,"swap":0},"17655":{"rss":3939889152,"vms":10742898688,"shared":11571200,"text":2322432,"lib":0,"data":9361526784,"dirty":0,"uss":677883904,"pss":2307937280,"swap":0}},"nvidia_draw_absolute":51.33,"nvidia_estimated_attributable_power_draw":51.33,"average_gpu_estimated_utilization_absolute":0.36,"per_gpu_average_estimated_utilization_absolute":{"(0, 17584)":{"sm":36.0,"mem":9.5,"enc":0.0,"dec":0.0}},"average_gpu_estimated_utilization_relative":1.0,"per_gpu_performance_state":{"0":"P2"},"per_gpu_power_draw":{"0":51.33},"cpu_count_adjusted_average_load":[0.128125,0.1290625,0.1328125],"cpu_freq":[{"current":2399.906,"min":1200.0,"max":3200.0},{"current":2755.031,"min":1200.0,"max":3200.0},{"current":1199.906,"min":1200.0,"max":3200.0},{"current":2399.906,"min":1200.0,"max":3200.0},{"current":1369.875,"min":1200.0,"max":3200.0},{"current":1200.375,"min":1200.0,"max":3200.0},{"current":2399.906,"min":1200.0,"max":3200.0},{"current":2398.125,"min":1200.0,"max":3200.0},{"current":1277.25,"min":1200.0,"max":3200.0},{"current":1523.343,"min":1200.0,"max":3200.0},{"current":3168.843,"min":1200.0,"max":3200.0},{"current":1399.125,"min":1200.0,"max":3200.0},{"current":1200.187,"min":1200.0,"max":3200.0},{"current":1200.187,"min":1200.0,"max":3200.0},{"current":1200.093,"min":1200.0,"max":3200.0},{"current":1200.093,"min":1200.0,"max":3200.0},{"current":2399.906,"min":1200.0,"max":3200.0},{"current":2656.125,"min":1200.0,"max":3200.0},{"current":1253.437,"min":1200.0,"max":3200.0},{"current":2400.0,"min":1200.0,"max":3200.0},{"current":1288.312,"min":1200.0,"max":3200.0},{"current":1205.25,"min":1200.0,"max":3200.0},{"current":2399.906,"min":1200.0,"max":3200.0},{"current":2288.437,"min":1200.0,"max":3200.0},{"current":1368.937,"min":1200.0,"max":3200.0},{"current":1414.312,"min":1200.0,"max":3200.0},{"current":2973.937,"min":1200.0,"max":3200.0},{"current":1259.906,"min":1200.0,"max":3200.0},{"current":1225.593,"min":1200.0,"max":3200.0},{"current":1208.906,"min":1200.0,"max":3200.0},{"current":1200.375,"min":1200.0,"max":3200.0},{"current":1200.187,"min":1200.0,"max":3200.0}],"realtime_carbon_intensity":392.5383791503,"disk_write_speed":9.3289762713,"process_ids":[17584,17655]}
{"timestamp":1573521350.4639790058,"rapl_power_draw_absolute":66.4467558138,"rapl_estimated_attributable_power_draw":15.4343203555,"cpu_time_seconds":{"17584":{"user":54.01,"system":5.66,"children_user":0.14,"children_system":0.14},"17655":{"user":0.78,"system":0.95,"children_user":0.1,"children_system":1.04}},"average_relative_cpu_utilization":0.2389288977,"absolute_cpu_utilization":0.9986339755,"relative_mem_usage":0.1508492582,"absolute_mem_usage":12277784576.0,"absolute_mem_percent_usage":0.0908797371,"mem_info_per_process":{"17584":{"rss":7097970688,"vms":15984336896,"shared":566890496,"text":2322432,"lib":0,"data":14387834880,"dirty":0,"uss":3829891072,"pss":5461500928,"swap":0},"17655":{"rss":3939889152,"vms":10742898688,"shared":11571200,"text":2322432,"lib":0,"data":9361526784,"dirty":0,"uss":678264832,"pss":2308127744,"swap":0}},"nvidia_draw_absolute":51.7,"nvidia_estimated_attributable_power_draw":51.7,"average_gpu_estimated_utilization_absolute":0.36,"per_gpu_average_estimated_utilization_absolute":{"(0, 17584)":{"sm":36.0,"mem":9.5,"enc":0.0,"dec":0.0}},"average_gpu_estimated_utilization_relative":1.0,"per_gpu_performance_state":{"0":"P2"},"per_gpu_power_draw":{"0":51.7},"cpu_count_adjusted_average_load":[0.1253125,0.1284375,0.1325],"cpu_freq":[{"current":1299.937,"min":1200.0,"max":3200.0},{"current":2400.0,"min":1200.0,"max":3200.0},{"current":1999.031,"min":1200.0,"max":3200.0},{"current":2399.906,"min":1200.0,"max":3200.0},{"current":1288.031,"min":1200.0,"max":3200.0},{"current":1200.187,"min":1200.0,"max":3200.0},{"current":2400.0,"min":1200.0,"max":3200.0},{"current":2107.968,"min":1200.0,"max":3200.0},{"current":1295.156,"min":1200.0,"max":3200.0},{"current":1372.406,"min":1200.0,"max":3200.0},{"current":3183.281,"min":1200.0,"max":3200.0},{"current":2392.312,"min":1200.0,"max":3200.0},{"current":1226.437,"min":1200.0,"max":3200.0},{"current":1279.031,"min":1200.0,"max":3200.0},{"current":1200.093,"min":1200.0,"max":3200.0},{"current":1200.093,"min":1200.0,"max":3200.0},{"current":1638.281,"min":1200.0,"max":3200.0},{"current":2400.093,"min":1200.0,"max":3200.0},{"current":2067.187,"min":1200.0,"max":3200.0},{"current":2194.5,"min":1200.0,"max":3200.0},{"current":1206.562,"min":1200.0,"max":3200.0},{"current":1213.593,"min":1200.0,"max":3200.0},{"current":1214.625,"min":1200.0,"max":3200.0},{"current":2399.906,"min":1200.0,"max":3200.0},{"current":1214.25,"min":1200.0,"max":3200.0},{"current":1447.593,"min":1200.0,"max":3200.0},{"current":2964.656,"min":1200.0,"max":3200.0},{"current":2064.0,"min":1200.0,"max":3200.0},{"current":1230.187,"min":1200.0,"max":3200.0},{"current":1243.968,"min":1200.0,"max":3200.0},{"current":1231.218,"min":1200.0,"max":3200.0},{"current":1228.5,"min":1200.0,"max":3200.0}],"realtime_carbon_intensity":392.5383791503,"disk_write_speed":13.6669532556,"process_ids":[17584,17655]}
{"timestamp":1573521358.4731619358,"rapl_power_draw_absolute":67.3472360385,"rapl_estimated_attributable_power_draw":15.7248947275,"cpu_time_seconds":{"17584":{"user":61.72,"system":5.97,"children_user":0.14,"children_system":0.14},"17655":{"user":0.88,"system":1.1,"children_user":0.1,"children_system":1.23}},"average_relative_cpu_utilization":0.2401341093,"absolute_cpu_utilization":1.0037531118,"relative_mem_usage":0.1508455522,"absolute_mem_usage":12278792192.0,"absolute_mem_percent_usage":0.0908871955,"mem_info_per_process":{"17584":{"rss":7097970688,"vms":15984336896,"shared":566890496,"text":2322432,"lib":0,"data":14387834880,"dirty":0,"uss":3830226944,"pss":5461668864,"swap":0},"17655":{"rss":3939889152,"vms":10742898688,"shared":11571200,"text":2322432,"lib":0,"data":9361526784,"dirty":0,"uss":678600704,"pss":2308295680,"swap":0}},"nvidia_draw_absolute":50.46,"nvidia_estimated_attributable_power_draw":50.46,"average_gpu_estimated_utilization_absolute":0.36,"per_gpu_average_estimated_utilization_absolute":{"(0, 17584)":{"sm":36.0,"mem":9.5,"enc":0.0,"dec":0.0}},"average_gpu_estimated_utilization_relative":1.0,"per_gpu_performance_state":{"0":"P2"},"per_gpu_power_draw":{"0":50.46},"cpu_count_adjusted_average_load":[0.1253125,0.1284375,0.1325],"cpu_freq":[{"current":2399.906,"min":1200.0,"max":3200.0},{"current":1984.875,"min":1200.0,"max":3200.0},{"current":2400.0,"min":1200.0,"max":3200.0},{"current":2399.906,"min":1200.0,"max":3200.0},{"current":1200.468,"min":1200.0,"max":3200.0},{"current":1201.218,"min":1200.0,"max":3200.0},{"current":1296.656,"min":1200.0,"max":3200.0},{"current":1401.281,"min":1200.0,"max":3200.0},{"current":1454.437,"min":1200.0,"max":3200.0},{"current":1615.687,"min":1200.0,"max":3200.0},{"current":3009.375,"min":1200.0,"max":3200.0},{"current":2199.937,"min":1200.0,"max":3200.0},{"current":1200.187,"min":1200.0,"max":3200.0},{"current":1244.437,"min":1200.0,"max":3200.0},{"current":1200.187,"min":1200.0,"max":3200.0},{"current":1200.281,"min":1200.0,"max":3200.0},{"current":2399.906,"min":1200.0,"max":3200.0},{"current":1882.687,"min":1200.0,"max":3200.0},{"current":2399.906,"min":1200.0,"max":3200.0},{"current":2078.531,"min":1200.0,"max":3200.0},{"current":1200.0,"min":1200.0,"max":3200.0},{"current":1270.593,"min":1200.0,"max":3200.0},{"current":1718.062,"min":1200.0,"max":3200.0},{"current":1277.156,"min":1200.0,"max":3200.0},{"current":1799.25,"min":1200.0,"max":3200.0},{"current":1566.187,"min":1200.0,"max":3200.0},{"current":3019.312,"min":1200.0,"max":3200.0},{"current":2238.937,"min":1200.0,"max":3200.0},{"current":1208.906,"min":1200.0,"max":3200.0},{"current":1253.531,"min":1200.0,"max":3200.0},{"current":1204.687,"min":1200.0,"max":3200.0},{"current":1200.468,"min":1200.0,"max":3200.0}],"realtime_carbon_intensity":392.5383791503,"disk_write_speed":17.9183352241,"process_ids":[17584,17655]}
{"timestamp":1573521366.761854887,"rapl_power_draw_absolute":67.6980197156,"rapl_estimated_attributable_power_draw":15.8961850673,"cpu_time_seconds":{"17584":{"user":69.76,"system":6.22,"children_user":0.14,"children_system":0.14},"17655":{"user":1.02,"system":1.26,"children_user":0.12,"children_system":1.4}},"average_relative_cpu_utilization":0.2415202553,"absolute_cpu_utilization":0.9986044728,"relative_mem_usage":0.1508430311,"absolute_mem_usage":12279578624.0,"absolute_mem_percent_usage":0.0908930166,"mem_info_per_process":{"17584":{"rss":7097970688,"vms":15984336896,"shared":566890496,"text":2322432,"lib":0,"data":14387834880,"dirty":0,"uss":3830489088,"pss":5461799936,"swap":0},"17655":{"rss":3939889152,"vms":10742898688,"shared":11571200,"text":2322432,"lib":0,"data":9361526784,"dirty":0,"uss":678862848,"pss":2308426752,"swap":0}},"nvidia_draw_absolute":53.51,"nvidia_estimated_attributable_power_draw":53.51,"average_gpu_estimated_utilization_absolute":0.36,"per_gpu_average_estimated_utilization_absolute":{"(0, 17584)":{"sm":36,"mem":9,"enc":0,"dec":0}},"average_gpu_estimated_utilization_relative":1.0,"per_gpu_performance_state":{"0":"P2"},"per_gpu_power_draw":{"0":53.51},"cpu_count_adjusted_average_load":[0.1228125,0.1278125,0.1321875],"cpu_freq":[{"current":2400.0,"min":1200.0,"max":3200.0},{"current":2399.906,"min":1200.0,"max":3200.0},{"current":2399.906,"min":1200.0,"max":3200.0},{"current":1671.937,"min":1200.0,"max":3200.0},{"current":1231.593,"min":1200.0,"max":3200.0},{"current":1200.187,"min":1200.0,"max":3200.0},{"current":1598.625,"min":1200.0,"max":3200.0},{"current":2399.906,"min":1200.0,"max":3200.0},{"current":1278.843,"min":1200.0,"max":3200.0},{"current":1418.343,"min":1200.0,"max":3200.0},{"current":3142.406,"min":1200.0,"max":3200.0},{"current":1562.343,"min":1200.0,"max":3200.0},{"current":1245.937,"min":1200.0,"max":3200.0},{"current":1274.437,"min":1200.0,"max":3200.0},{"current":1286.625,"min":1200.0,"max":3200.0},{"current":1200.093,"min":1200.0,"max":3200.0},{"current":2400.0,"min":1200.0,"max":3200.0},{"current":2400.093,"min":1200.0,"max":3200.0},{"current":2139.75,"min":1200.0,"max":3200.0},{"current":1299.562,"min":1200.0,"max":3200.0},{"current":1399.312,"min":1200.0,"max":3200.0},{"current":1202.25,"min":1200.0,"max":3200.0},{"current":1396.312,"min":1200.0,"max":3200.0},{"current":1898.906,"min":1200.0,"max":3200.0},{"current":1325.062,"min":1200.0,"max":3200.0},{"current":1300.593,"min":1200.0,"max":3200.0},{"current":3043.031,"min":1200.0,"max":3200.0},{"current":1497.843,"min":1200.0,"max":3200.0},{"current":1276.968,"min":1200.0,"max":3200.0},{"current":1234.125,"min":1200.0,"max":3200.0},{"current":1270.406,"min":1200.0,"max":3200.0},{"current":1200.281,"min":1200.0,"max":3200.0}],"realtime_carbon_intensity":392.5383791503,"disk_write_speed":17.4110879365,"process_ids":[17584,17655]}
{"timestamp":1573521374.7915239334,"rapl_power_draw_absolute":67.5959774769,"rapl_estimated_attributable_power_draw":15.9206008675,"cpu_time_seconds":{"17584":{"user":77.55,"system":6.46,"children_user":0.14,"children_system":0.14},"17655":{"user":1.13,"system":1.44,"children_user":0.14,"children_system":1.56}},"average_relative_cpu_utilization":0.2430282403,"absolute_cpu_utilization":1.0036484111,"relative_mem_usage":0.1508396536,"absolute_mem_usage":12280131584.0,"absolute_mem_percent_usage":0.0908971096,"mem_info_per_process":{"17584":{"rss":7097970688,"vms":15984336896,"shared":566890496,"text":2322432,"lib":0,"data":14387834880,"dirty":0,"uss":3830673408,"pss":5461892096,"swap":0},"17655":{"rss":3939889152,"vms":10742898688,"shared":11571200,"text":2322432,"lib":0,"data":9361526784,"dirty":0,"uss":679047168,"pss":2308518912,"swap":0}},"nvidia_draw_absolute":50.35,"nvidia_estimated_attributable_power_draw":50.35,"average_gpu_estimated_utilization_absolute":0.36,"per_gpu_average_estimated_utilization_absolute":{"(0, 17584)":{"sm":36.0,"mem":9.5,"enc":0.0,"dec":0.0}},"average_gpu_estimated_utilization_relative":1.0,"per_gpu_performance_state":{"0":"P2"},"per_gpu_power_draw":{"0":50.35},"cpu_count_adjusted_average_load":[0.1378125,0.1309375,0.1334375],"cpu_freq":[{"current":1838.437,"min":1200.0,"max":3200.0},{"current":1209.937,"min":1200.0,"max":3200.0},{"current":2399.906,"min":1200.0,"max":3200.0},{"current":2399.906,"min":1200.0,"max":3200.0},{"current":1200.0,"min":1200.0,"max":3200.0},{"current":1645.218,"min":1200.0,"max":3200.0},{"current":2203.593,"min":1200.0,"max":3200.0},{"current":2399.906,"min":1200.0,"max":3200.0},{"current":1298.437,"min":1200.0,"max":3200.0},{"current":1296.843,"min":1200.0,"max":3200.0},{"current":3150.75,"min":1200.0,"max":3200.0},{"current":1496.062,"min":1200.0,"max":3200.0},{"current":1241.156,"min":1200.0,"max":3200.0},{"current":1252.406,"min":1200.0,"max":3200.0},{"current":1200.0,"min":1200.0,"max":3200.0},{"current":1200.093,"min":1200.0,"max":3200.0},{"current":2096.343,"min":1200.0,"max":3200.0},{"current":1210.5,"min":1200.0,"max":3200.0},{"current":2400.0,"min":1200.0,"max":3200.0},{"current":2313.843,"min":1200.0,"max":3200.0},{"current":1200.0,"min":1200.0,"max":3200.0},{"current":1678.968,"min":1200.0,"max":3200.0},{"current":2400.0,"min":1200.0,"max":3200.0},{"current":2211.75,"min":1200.0,"max":3200.0},{"current":1289.718,"min":1200.0,"max":3200.0},{"current":1381.593,"min":1200.0,"max":3200.0},{"current":2976.937,"min":1200.0,"max":3200.0},{"current":1445.343,"min":1200.0,"max":3200.0},{"current":1240.968,"min":1200.0,"max":3200.0},{"current":1418.812,"min":1200.0,"max":3200.0},{"current":1204.031,"min":1200.0,"max":3200.0},{"current":1200.281,"min":1200.0,"max":3200.0}],"realtime_carbon_intensity":392.5383791503,"disk_write_speed":17.3239840348,"process_ids":[17584,17655]}
{"timestamp":1573521382.8126840591,"rapl_power_draw_absolute":67.7716237513,"rapl_estimated_attributable_power_draw":15.8544745881,"cpu_time_seconds":{"17584":{"user":85.31,"system":6.72,"children_user":0.14,"children_system":0.14},"17655":{"user":1.27,"system":1.61,"children_user":0.16,"children_system":1.72}},"average_relative_cpu_utilization":0.2406492735,"absolute_cpu_utilization":0.9985868347,"relative_mem_usage":0.1508334677,"absolute_mem_usage":12280592384.0,"absolute_mem_percent_usage":0.0909005204,"mem_info_per_process":{"17584":{"rss":7097970688,"vms":15984336896,"shared":566890496,"text":2322432,"lib":0,"data":14387834880,"dirty":0,"uss":3830824960,"pss":5461967872,"swap":0},"17655":{"rss":3939889152,"vms":10742898688,"shared":11571200,"text":2322432,"lib":0,"data":9361526784,"dirty":0,"uss":679202816,"pss":2308596736,"swap":0}},"nvidia_draw_absolute":51.99,"nvidia_estimated_attributable_power_draw":51.99,"average_gpu_estimated_utilization_absolute":0.36,"per_gpu_average_estimated_utilization_absolute":{"(0, 17584)":{"sm":36.0,"mem":9.5,"enc":0.0,"dec":0.0}},"average_gpu_estimated_utilization_relative":1.0,"per_gpu_performance_state":{"0":"P2"},"per_gpu_power_draw":{"0":51.99},"cpu_count_adjusted_average_load":[0.12875,0.1290625,0.1328125],"cpu_freq":[{"current":1395.937,"min":1200.0,"max":3200.0},{"current":2125.5,"min":1200.0,"max":3200.0},{"current":1290.468,"min":1200.0,"max":3200.0},{"current":1899.937,"min":1200.0,"max":3200.0},{"current":1274.531,"min":1200.0,"max":3200.0},{"current":1201.593,"min":1200.0,"max":3200.0},{"current":1821.75,"min":1200.0,"max":3200.0},{"current":2399.906,"min":1200.0,"max":3200.0},{"current":1397.25,"min":1200.0,"max":3200.0},{"current":1559.156,"min":1200.0,"max":3200.0},{"current":3134.625,"min":1200.0,"max":3200.0},{"current":1673.718,"min":1200.0,"max":3200.0},{"current":1200.093,"min":1200.0,"max":3200.0},{"current":1200.187,"min":1200.0,"max":3200.0},{"current":1282.218,"min":1200.0,"max":3200.0},{"current":1200.093,"min":1200.0,"max":3200.0},{"current":1273.781,"min":1200.0,"max":3200.0},{"current":1796.718,"min":1200.0,"max":3200.0},{"current":1292.625,"min":1200.0,"max":3200.0},{"current":1797.843,"min":1200.0,"max":3200.0},{"current":1201.968,"min":1200.0,"max":3200.0},{"current":1299.75,"min":1200.0,"max":3200.0},{"current":1897.781,"min":1200.0,"max":3200.0},{"current":2385.937,"min":1200.0,"max":3200.0},{"current":1660.312,"min":1200.0,"max":3200.0},{"current":1401.375,"min":1200.0,"max":3200.0},{"current":2991.843,"min":1200.0,"max":3200.0},{"current":1701.187,"min":1200.0,"max":3200.0},{"current":1221.562,"min":1200.0,"max":3200.0},{"current":1278.375,"min":1200.0,"max":3200.0},{"current":1203.187,"min":1200.0,"max":3200.0},{"current":1201.218,"min":1200.0,"max":3200.0}],"realtime_carbon_intensity":392.5383791503,"disk_write_speed":19.5495812106,"process_ids":[17584,17655]}
{"timestamp":1573521390.8336861134,"rapl_power_draw_absolute":69.016288818,"rapl_estimated_attributable_power_draw":16.1137474579,"cpu_time_seconds":{"17584":{"user":93.02,"system":7.03,"children_user":0.14,"children_system":0.14},"17655":{"user":1.41,"system":1.78,"children_user":0.18,"children_system":1.89}},"average_relative_cpu_utilization":0.2414782981,"absolute_cpu_utilization":0.9936046326,"relative_mem_usage":0.1508282969,"absolute_mem_usage":12280979456.0,"absolute_mem_percent_usage":0.0909033855,"mem_info_per_process":{"17584":{"rss":7097970688,"vms":15984336896,"shared":566890496,"text":2322432,"lib":0,"data":14387834880,"dirty":0,"uss":3830956032,"pss":5462033408,"swap":0},"17655":{"rss":3939889152,"vms":10742898688,"shared":11571200,"text":2322432,"lib":0,"data":9361526784,"dirty":0,"uss":679329792,"pss":2308660224,"swap":0}},"nvidia_draw_absolute":50.84,"nvidia_estimated_attributable_power_draw":50.84,"average_gpu_estimated_utilization_absolute":0.3566666667,"per_gpu_average_estimated_utilization_absolute":{"(0, 17584)":{"sm":35.6666666667,"mem":9.3333333333,"enc":0.0,"dec":0.0}},"average_gpu_estimated_utilization_relative":1.0,"per_gpu_performance_state":{"0":"P2"},"per_gpu_power_draw":{"0":50.84},"cpu_count_adjusted_average_load":[0.1259375,0.1284375,0.1325],"cpu_freq":[{"current":2399.906,"min":1200.0,"max":3200.0},{"current":2399.906,"min":1200.0,"max":3200.0},{"current":1999.968,"min":1200.0,"max":3200.0},{"current":2399.906,"min":1200.0,"max":3200.0},{"current":1333.218,"min":1200.0,"max":3200.0},{"current":1220.062,"min":1200.0,"max":3200.0},{"current":1412.906,"min":1200.0,"max":3200.0},{"current":2399.906,"min":1200.0,"max":3200.0},{"current":1272.375,"min":1200.0,"max":3200.0},{"current":1972.687,"min":1200.0,"max":3200.0},{"current":3092.906,"min":1200.0,"max":3200.0},{"current":1203.0,"min":1200.0,"max":3200.0},{"current":1222.781,"min":1200.0,"max":3200.0},{"current":1697.437,"min":1200.0,"max":3200.0},{"current":1274.437,"min":1200.0,"max":3200.0},{"current":1203.375,"min":1200.0,"max":3200.0},{"current":2181.562,"min":1200.0,"max":3200.0},{"current":2400.0,"min":1200.0,"max":3200.0},{"current":1894.125,"min":1200.0,"max":3200.0},{"current":1953.937,"min":1200.0,"max":3200.0},{"current":1384.312,"min":1200.0,"max":3200.0},{"current":1487.343,"min":1200.0,"max":3200.0},{"current":2400.0,"min":1200.0,"max":3200.0},{"current":2398.687,"min":1200.0,"max":3200.0},{"current":1498.687,"min":1200.0,"max":3200.0},{"current":2366.906,"min":1200.0,"max":3200.0},{"current":2989.687,"min":1200.0,"max":3200.0},{"current":1200.093,"min":1200.0,"max":3200.0},{"current":1242.187,"min":1200.0,"max":3200.0},{"current":1420.031,"min":1200.0,"max":3200.0},{"current":1216.687,"min":1200.0,"max":3200.0},{"current":1200.843,"min":1200.0,"max":3200.0}],"realtime_carbon_intensity":392.5383791503,"disk_write_speed":15.3779107044,"process_ids":[17584,17655]}
{"timestamp":1573521398.8502929211,"rapl_power_draw_absolute":68.9880880115,"rapl_estimated_attributable_power_draw":15.9419013213,"cpu_time_seconds":{"17584":{"user":100.81,"system":7.26,"children_user":0.14,"children_system":0.14},"17655":{"user":1.53,"system":1.95,"children_user":0.19,"children_system":2.06}},"average_relative_cpu_utilization":0.2388714103,"absolute_cpu_utilization":0.9936190279,"relative_mem_usage":0.1508202028,"absolute_mem_usage":12281298944.0,"absolute_mem_percent_usage":0.0909057504,"mem_info_per_process":{"17584":{"rss":7097970688,"vms":15984336896,"shared":566890496,"text":2322432,"lib":0,"data":14387834880,"dirty":0,"uss":3831062528,"pss":5462086656,"swap":0},"17655":{"rss":3939889152,"vms":10742898688,"shared":11571200,"text":2322432,"lib":0,"data":9361526784,"dirty":0,"uss":679436288,"pss":2308713472,"swap":0}},"nvidia_draw_absolute":50.83,"nvidia_estimated_attributable_power_draw":50.83,"average_gpu_estimated_utilization_absolute":0.3566666667,"per_gpu_average_estimated_utilization_absolute":{"(0, 17584)":{"sm":35.6666666667,"mem":9.6666666667,"enc":0.0,"dec":0.0}},"average_gpu_estimated_utilization_relative":1.0,"per_gpu_performance_state":{"0":"P2"},"per_gpu_power_draw":{"0":50.83},"cpu_count_adjusted_average_load":[0.123125,0.1278125,0.1321875],"cpu_freq":[{"current":2400.0,"min":1200.0,"max":3200.0},{"current":2400.0,"min":1200.0,"max":3200.0},{"current":1288.125,"min":1200.0,"max":3200.0},{"current":1435.406,"min":1200.0,"max":3200.0},{"current":1223.25,"min":1200.0,"max":3200.0},{"current":1270.406,"min":1200.0,"max":3200.0},{"current":2399.906,"min":1200.0,"max":3200.0},{"current":2225.25,"min":1200.0,"max":3200.0},{"current":1229.812,"min":1200.0,"max":3200.0},{"current":1325.812,"min":1200.0,"max":3200.0},{"current":3121.5,"min":1200.0,"max":3200.0},{"current":1202.343,"min":1200.0,"max":3200.0},{"current":1256.343,"min":1200.0,"max":3200.0},{"current":1200.187,"min":1200.0,"max":3200.0},{"current":1200.093,"min":1200.0,"max":3200.0},{"current":1200.093,"min":1200.0,"max":3200.0},{"current":2400.0,"min":1200.0,"max":3200.0},{"current":2400.0,"min":1200.0,"max":3200.0},{"current":1299.937,"min":1200.0,"max":3200.0},{"current":2400.0,"min":1200.0,"max":3200.0},{"current":1352.531,"min":1200.0,"max":3200.0},{"current":1208.812,"min":1200.0,"max":3200.0},{"current":2400.0,"min":1200.0,"max":3200.0},{"current":1596.562,"min":1200.0,"max":3200.0},{"current":1488.187,"min":1200.0,"max":3200.0},{"current":1200.375,"min":1200.0,"max":3200.0},{"current":2979.656,"min":1200.0,"max":3200.0},{"current":1326.375,"min":1200.0,"max":3200.0},{"current":1236.468,"min":1200.0,"max":3200.0},{"current":1448.531,"min":1200.0,"max":3200.0},{"current":1216.031,"min":1200.0,"max":3200.0},{"current":1200.281,"min":1200.0,"max":3200.0}],"realtime_carbon_intensity":392.5383791503,"disk_write_speed":18.1247239788,"process_ids":[17584,17655]}
{"timestamp":1573521406.9089651108,"rapl_power_draw_absolute":67.5121072969,"rapl_estimated_attributable_power_draw":15.6253950522,"cpu_time_seconds":{"17584":{"user":108.54,"system":7.6,"children_user":0.14,"children_system":0.14},"17655":{"user":1.68,"system":2.12,"children_user":0.21,"children_system":2.23}},"average_relative_cpu_utilization":0.2386404703,"absolute_cpu_utilization":0.9986019206,"relative_mem_usage":0.1508104852,"absolute_mem_usage":12281643008.0,"absolute_mem_percent_usage":0.0909082971,"mem_info_per_process":{"17584":{"rss":7097974784,"vms":15984336896,"shared":566890496,"text":2322432,"lib":0,"data":14387834880,"dirty":0,"uss":3831177216,"pss":5462144000,"swap":0},"17655":{"rss":3939889152,"vms":10742898688,"shared":11571200,"text":2322432,"lib":0,"data":9361526784,"dirty":0,"uss":679550976,"pss":2308770816,"swap":0}},"nvidia_draw_absolute":51.22,"nvidia_estimated_attributable_power_draw":51.22,"average_gpu_estimated_utilization_absolute":0.36,"per_gpu_average_estimated_utilization_absolute":{"(0, 17584)":{"sm":36,"mem":10,"enc":0,"dec":0}},"average_gpu_estimated_utilization_relative":1.0,"per_gpu_performance_state":{"0":"P2"},"per_gpu_power_draw":{"0":51.22},"cpu_count_adjusted_average_load":[0.1309375,0.129375,0.1328125],"cpu_freq":[{"current":2195.718,"min":1200.0,"max":3200.0},{"current":2296.218,"min":1200.0,"max":3200.0},{"current":2399.906,"min":1200.0,"max":3200.0},{"current":1399.968,"min":1200.0,"max":3200.0},{"current":1256.906,"min":1200.0,"max":3200.0},{"current":1676.906,"min":1200.0,"max":3200.0},{"current":2399.906,"min":1200.0,"max":3200.0},{"current":2400.0,"min":1200.0,"max":3200.0},{"current":1299.937,"min":1200.0,"max":3200.0},{"current":1472.25,"min":1200.0,"max":3200.0},{"current":3111.562,"min":1200.0,"max":3200.0},{"current":1298.156,"min":1200.0,"max":3200.0},{"current":1200.093,"min":1200.0,"max":3200.0},{"current":1200.0,"min":1200.0,"max":3200.0},{"current":1218.468,"min":1200.0,"max":3200.0},{"current":1200.093,"min":1200.0,"max":3200.0},{"current":2058.937,"min":1200.0,"max":3200.0},{"current":1499.343,"min":1200.0,"max":3200.0},{"current":1425.281,"min":1200.0,"max":3200.0},{"current":1452.937,"min":1200.0,"max":3200.0},{"current":1300.031,"min":1200.0,"max":3200.0},{"current":1674.468,"min":1200.0,"max":3200.0},{"current":2400.0,"min":1200.0,"max":3200.0},{"current":2393.437,"min":1200.0,"max":3200.0},{"current":1264.875,"min":1200.0,"max":3200.0},{"current":1344.75,"min":1200.0,"max":3200.0},{"current":2950.593,"min":1200.0,"max":3200.0},{"current":1282.781,"min":1200.0,"max":3200.0},{"current":1211.906,"min":1200.0,"max":3200.0},{"current":1280.812,"min":1200.0,"max":3200.0},{"current":1205.625,"min":1200.0,"max":3200.0},{"current":1200.843,"min":1200.0,"max":3200.0}],"realtime_carbon_intensity":392.5383791503,"disk_write_speed":18.8156593796,"process_ids":[17584,17655]}
{"timestamp":1573521415.0027201176,"rapl_power_draw_absolute":69.0862812456,"rapl_estimated_attributable_power_draw":16.6905207138,"cpu_time_seconds":{"17584":{"user":116.35,"system":7.88,"children_user":0.14,"children_system":0.14},"17655":{"user":1.84,"system":2.28,"children_user":0.23,"children_system":2.39}},"average_relative_cpu_utilization":0.2506035095,"absolute_cpu_utilization":0.9986164702,"relative_mem_usage":0.1507982456,"absolute_mem_usage":12281962496.0,"absolute_mem_percent_usage":0.090910662,"mem_info_per_process":{"17584":{"rss":7097974784,"vms":15984336896,"shared":566890496,"text":2322432,"lib":0,"data":14387834880,"dirty":0,"uss":3831283712,"pss":5462197248,"swap":0},"17655":{"rss":3939889152,"vms":10742898688,"shared":11571200,"text":2322432,"lib":0,"data":9361526784,"dirty":0,"uss":679657472,"pss":2308824064,"swap":0}},"nvidia_draw_absolute":53.93,"nvidia_estimated_attributable_power_draw":53.93,"average_gpu_estimated_utilization_absolute":0.36,"per_gpu_average_estimated_utilization_absolute":{"(0, 17584)":{"sm":36,"mem":10,"enc":0,"dec":0}},"average_gpu_estimated_utilization_relative":1.0,"per_gpu_performance_state":{"0":"P2"},"per_gpu_power_draw":{"0":53.93},"cpu_count_adjusted_average_load":[0.1328125,0.1296875,0.1328125],"cpu_freq":[{"current":2399.906,"min":1200.0,"max":3200.0},{"current":1695.843,"min":1200.0,"max":3200.0},{"current":1782.468,"min":1200.0,"max":3200.0},{"current":2399.906,"min":1200.0,"max":3200.0},{"current":1409.343,"min":1200.0,"max":3200.0},{"current":1200.937,"min":1200.0,"max":3200.0},{"current":2400.0,"min":1200.0,"max":3200.0},{"current":1500.0,"min":1200.0,"max":3200.0},{"current":1225.968,"min":1200.0,"max":3200.0},{"current":1277.812,"min":1200.0,"max":3200.0},{"current":3136.031,"min":1200.0,"max":3200.0},{"current":1299.375,"min":1200.0,"max":3200.0},{"current":1206.093,"min":1200.0,"max":3200.0},{"current":1200.093,"min":1200.0,"max":3200.0},{"current":1224.0,"min":1200.0,"max":3200.0},{"current":1200.093,"min":1200.0,"max":3200.0},{"current":2400.0,"min":1200.0,"max":3200.0},{"current":2400.0,"min":1200.0,"max":3200.0},{"current":1724.906,"min":1200.0,"max":3200.0},{"current":2400.0,"min":1200.0,"max":3200.0},{"current":1596.281,"min":1200.0,"max":3200.0},{"current":1270.031,"min":1200.0,"max":3200.0},{"current":2400.0,"min":1200.0,"max":3200.0},{"current":2294.906,"min":1200.0,"max":3200.0},{"current":1300.406,"min":1200.0,"max":3200.0},{"current":1305.656,"min":1200.0,"max":3200.0},{"current":2993.062,"min":1200.0,"max":3200.0},{"current":1266.75,"min":1200.0,"max":3200.0},{"current":1269.656,"min":1200.0,"max":3200.0},{"current":1214.062,"min":1200.0,"max":3200.0},{"current":1366.5,"min":1200.0,"max":3200.0},{"current":1200.375,"min":1200.0,"max":3200.0}],"realtime_carbon_intensity":392.5383791503,"disk_write_speed":19.9369120725,"process_ids":[17584,17655]}
{"timestamp":1573521423.0572679043,"rapl_power_draw_absolute":67.5086072729,"rapl_estimated_attributable_power_draw":15.7579856873,"cpu_time_seconds":{"17584":{"user":124.16,"system":8.14,"children_user":0.14,"children_system":0.14},"17655":{"user":2.0,"system":2.46,"children_user":0.26,"children_system":2.55}},"average_relative_cpu_utilization":0.2403669692,"absolute_cpu_utilization":0.9986435012,"relative_mem_usage":0.1507867612,"absolute_mem_usage":12282134528.0,"absolute_mem_percent_usage":0.0909119353,"mem_info_per_process":{"17584":{"rss":7097974784,"vms":15984336896,"shared":566890496,"text":2322432,"lib":0,"data":14387834880,"dirty":0,"uss":3831341056,"pss":5462225920,"swap":0},"17655":{"rss":3939889152,"vms":10742898688,"shared":11571200,"text":2322432,"lib":0,"data":9361526784,"dirty":0,"uss":679714816,"pss":2308852736,"swap":0}},"nvidia_draw_absolute":52.96,"nvidia_estimated_attributable_power_draw":52.96,"average_gpu_estimated_utilization_absolute":0.36,"per_gpu_average_estimated_utilization_absolute":{"(0, 17584)":{"sm":36.0,"mem":9.5,"enc":0.0,"dec":0.0}},"average_gpu_estimated_utilization_relative":1.0,"per_gpu_performance_state":{"0":"P2"},"per_gpu_power_draw":{"0":52.96},"cpu_count_adjusted_average_load":[0.1315625,0.1296875,0.1328125],"cpu_freq":[{"current":2009.812,"min":1200.0,"max":3200.0},{"current":1888.687,"min":1200.0,"max":3200.0},{"current":2392.781,"min":1200.0,"max":3200.0},{"current":1409.906,"min":1200.0,"max":3200.0},{"current":1269.656,"min":1200.0,"max":3200.0},{"current":1426.125,"min":1200.0,"max":3200.0},{"current":1214.812,"min":1200.0,"max":3200.0},{"current":2399.906,"min":1200.0,"max":3200.0},{"current":1364.156,"min":1200.0,"max":3200.0},{"current":1298.625,"min":1200.0,"max":3200.0},{"current":3125.906,"min":1200.0,"max":3200.0},{"current":1469.062,"min":1200.0,"max":3200.0},{"current":1234.687,"min":1200.0,"max":3200.0},{"current":1211.437,"min":1200.0,"max":3200.0},{"current":1281.093,"min":1200.0,"max":3200.0},{"current":1238.531,"min":1200.0,"max":3200.0},{"current":2197.593,"min":1200.0,"max":3200.0},{"current":1873.968,"min":1200.0,"max":3200.0},{"current":2027.906,"min":1200.0,"max":3200.0},{"current":2297.718,"min":1200.0,"max":3200.0},{"current":1299.937,"min":1200.0,"max":3200.0},{"current":1397.25,"min":1200.0,"max":3200.0},{"current":2083.5,"min":1200.0,"max":3200.0},{"current":2399.906,"min":1200.0,"max":3200.0},{"current":1489.781,"min":1200.0,"max":3200.0},{"current":1229.625,"min":1200.0,"max":3200.0},{"current":2991.093,"min":1200.0,"max":3200.0},{"current":1262.718,"min":1200.0,"max":3200.0},{"current":1243.406,"min":1200.0,"max":3200.0},{"current":1235.156,"min":1200.0,"max":3200.0},{"current":1277.437,"min":1200.0,"max":3200.0},{"current":1200.562,"min":1200.0,"max":3200.0}],"realtime_carbon_intensity":392.5383791503,"disk_write_speed":23.5496911222,"process_ids":[17584,17655]}
{"timestamp":1573521431.0686230659,"rapl_power_draw_absolute":67.6939607053,"rapl_estimated_attributable_power_draw":15.6025933234,"cpu_time_seconds":{"17584":{"user":131.9,"system":8.41,"children_user":0.14,"children_system":0.14},"17655":{"user":2.17,"system":2.64,"children_user":0.26,"children_system":2.73}},"average_relative_cpu_utilization":0.2375064241,"absolute_cpu_utilization":0.998607909,"relative_mem_usage":0.1507764434,"absolute_mem_usage":12282232832.0,"absolute_mem_percent_usage":0.090912663,"mem_info_per_process":{"17584":{"rss":7097974784,"vms":15984336896,"shared":566890496,"text":2322432,"lib":0,"data":14387834880,"dirty":0,"uss":3831373824,"pss":5462242304,"swap":0},"17655":{"rss":3939889152,"vms":10742898688,"shared":11571200,"text":2322432,"lib":0,"data":9361526784,"dirty":0,"uss":679747584,"pss":2308869120,"swap":0}},"nvidia_draw_absolute":50.65,"nvidia_estimated_attributable_power_draw":50.65,"average_gpu_estimated_utilization_absolute":0.3666666667,"per_gpu_average_estimated_utilization_absolute":{"(0, 17584)":{"sm":36.6666666667,"mem":9.6666666667,"enc":0.0,"dec":0.0}},"average_gpu_estimated_utilization_relative":1.0,"per_gpu_performance_state":{"0":"P2"},"per_gpu_power_draw":{"0":50.65},"cpu_count_adjusted_average_load":[0.13125,0.129375,0.1328125],"cpu_freq":[{"current":2399.906,"min":1200.0,"max":3200.0},{"current":1473.187,"min":1200.0,"max":3200.0},{"current":2399.906,"min":1200.0,"max":3200.0},{"current":2399.906,"min":1200.0,"max":3200.0},{"current":1310.156,"min":1200.0,"max":3200.0},{"current":1356.281,"min":1200.0,"max":3200.0},{"current":1292.625,"min":1200.0,"max":3200.0},{"current":2197.031,"min":1200.0,"max":3200.0},{"current":1693.125,"min":1200.0,"max":3200.0},{"current":1338.375,"min":1200.0,"max":3200.0},{"current":3120.656,"min":1200.0,"max":3200.0},{"current":1314.187,"min":1200.0,"max":3200.0},{"current":1200.187,"min":1200.0,"max":3200.0},{"current":1379.343,"min":1200.0,"max":3200.0},{"current":1200.0,"min":1200.0,"max":3200.0},{"current":1214.437,"min":1200.0,"max":3200.0},{"current":2399.812,"min":1200.0,"max":3200.0},{"current":1996.968,"min":1200.0,"max":3200.0},{"current":2400.093,"min":1200.0,"max":3200.0},{"current":2400.0,"min":1200.0,"max":3200.0},{"current":1376.625,"min":1200.0,"max":3200.0},{"current":1304.343,"min":1200.0,"max":3200.0},{"current":1700.812,"min":1200.0,"max":3200.0},{"current":1443.656,"min":1200.0,"max":3200.0},{"current":1796.812,"min":1200.0,"max":3200.0},{"current":1249.312,"min":1200.0,"max":3200.0},{"current":3026.906,"min":1200.0,"max":3200.0},{"current":1398.468,"min":1200.0,"max":3200.0},{"current":1239.375,"min":1200.0,"max":3200.0},{"current":1400.906,"min":1200.0,"max":3200.0},{"current":1224.093,"min":1200.0,"max":3200.0},{"current":1200.281,"min":1200.0,"max":3200.0}],"realtime_carbon_intensity":392.5383791503,"disk_write_speed":10.4438843753,"process_ids":[17584,17655]}
