{"timestamp":1572411560.9392929077,"rapl_power_draw_absolute":75.8998614394,"rapl_estimated_attributable_power_draw":17.1240249345,"cpu_time_seconds":{"23425":{"user":0.01,"system":0.05,"children_user":0.0,"children_system":0.06},"23339":{"user":11.43,"system":2.82,"children_user":0.14,"children_system":0.27}},"average_relative_cpu_utilization":0.2249373907,"absolute_cpu_utilization":1.0085739762,"relative_mem_usage":0.2322561702,"absolute_mem_usage":3725208576.0,"absolute_mem_percent_usage":0.0275738651,"mem_info_per_process":{"23425":{"rss":3263250432,"vms":11646566400,"shared":173789184,"text":2322432,"lib":0,"data":9918763008,"dirty":0,"uss":90980352,"pss":1673673728,"swap":0},"23339":{"rss":3653955584,"vms":11646566400,"shared":564645888,"text":2322432,"lib":0,"data":9918763008,"dirty":0,"uss":127717376,"pss":1832837120,"swap":0}},"nvidia_draw_absolute":124.08,"nvidia_estimated_attributable_power_draw":124.08,"average_gpu_estimated_utilization_absolute":0.98,"per_gpu_average_estimated_utilization_absolute":{"(0, 23339)":{"sm":98.0,"mem":53.25,"enc":0.0,"dec":0.0}},"average_gpu_estimated_utilization_relative":1.0,"per_gpu_performance_state":{"0":"P2"},"per_gpu_power_draw":{"0":124.08},"cpu_count_adjusted_average_load":[0.1546875,0.1596875,0.1596875],"realtime_carbon_intensity":337.461173778,"disk_write_speed":26.9537411189,"process_ids":[23425,23339]}
{"timestamp":1572411569.3212521076,"rapl_power_draw_absolute":77.3959621151,"rapl_estimated_attributable_power_draw":16.9996180117,"cpu_time_seconds":{"23425":{"user":0.17,"system":0.4,"children_user":0.01,"children_system":0.36},"23339":{"user":19.76,"system":2.87,"children_user":0.14,"children_system":0.27}},"average_relative_cpu_utilization":0.2181841434,"absolute_cpu_utilization":0.9936074972,"relative_mem_usage":0.2343961142,"absolute_mem_usage":3762740224.0,"absolute_mem_percent_usage":0.0278516731,"mem_info_per_process":{"23425":{"rss":3269898240,"vms":11646566400,"shared":180420608,"text":2322432,"lib":0,"data":9918763008,"dirty":0,"uss":103452672,"pss":1681285120,"swap":0},"23339":{"rss":3653963776,"vms":11646566400,"shared":564645888,"text":2322432,"lib":0,"data":9918763008,"dirty":0,"uss":139472896,"pss":1838529536,"swap":0}},"nvidia_draw_absolute":124.9,"nvidia_estimated_attributable_power_draw":124.9,"average_gpu_estimated_utilization_absolute":0.99,"per_gpu_average_estimated_utilization_absolute":{"(0, 23339)":{"sm":99.0,"mem":53.5,"enc":0.0,"dec":0.0}},"average_gpu_estimated_utilization_relative":1.0,"per_gpu_performance_state":{"0":"P2"},"per_gpu_power_draw":{"0":124.9},"cpu_count_adjusted_average_load":[0.155,0.159375,0.1596875],"realtime_carbon_intensity":337.461173778,"disk_write_speed":27.5701627534,"process_ids":[23425,23339]}
{"timestamp":1572411577.5855228901,"rapl_power_draw_absolute":77.4408809343,"rapl_estimated_attributable_power_draw":17.3533435895,"cpu_time_seconds":{"23425":{"user":0.3,"system":0.73,"children_user":0.02,"children_system":0.66},"23339":{"user":27.93,"system":2.98,"children_user":0.14,"children_system":0.27}},"average_relative_cpu_utilization":0.2230675089,"absolute_cpu_utilization":1.0035624129,"relative_mem_usage":0.2344886004,"absolute_mem_usage":3764486144.0,"absolute_mem_percent_usage":0.0278645963,"mem_info_per_process":{"23425":{"rss":3269898240,"vms":11646566400,"shared":180420608,"text":2322432,"lib":0,"data":9918763008,"dirty":0,"uss":104316928,"pss":1681717248,"swap":0},"23339":{"rss":3654078464,"vms":11646566400,"shared":564645888,"text":2322432,"lib":0,"data":9918763008,"dirty":0,"uss":139730944,"pss":1838721024,"swap":0}},"nvidia_draw_absolute":126.16,"nvidia_estimated_attributable_power_draw":126.16,"average_gpu_estimated_utilization_absolute":0.99,"per_gpu_average_estimated_utilization_absolute":{"(0, 23339)":{"sm":99,"mem":53,"enc":0,"dec":0}},"average_gpu_estimated_utilization_relative":1.0,"per_gpu_performance_state":{"0":"P2"},"per_gpu_power_draw":{"0":126.16},"cpu_count_adjusted_average_load":[0.1646875,0.1615625,0.1603125],"realtime_carbon_intensity":337.461173778,"disk_write_speed":26.4441215001,"process_ids":[23425,23339]}
{"timestamp":1572411585.9138050079,"rapl_power_draw_absolute":76.4291392115,"rapl_estimated_attributable_power_draw":17.1198401552,"cpu_time_seconds":{"23425":{"user":0.46,"system":1.05,"children_user":0.04,"children_system":0.94},"23339":{"user":36.2,"system":3.04,"children_user":0.14,"children_system":0.27}},"average_relative_cpu_utilization":0.2229508327,"absolute_cpu_utilization":0.9985927505,"relative_mem_usage":0.2345426882,"absolute_mem_usage":3764763648.0,"absolute_mem_percent_usage":0.0278666504,"mem_info_per_process":{"23425":{"rss":3269898240,"vms":11646566400,"shared":180420608,"text":2322432,"lib":0,"data":9918763008,"dirty":0,"uss":104321024,"pss":1681719296,"swap":0},"23339":{"rss":3654193152,"vms":11646566400,"shared":564645888,"text":2322432,"lib":0,"data":9918763008,"dirty":0,"uss":139866112,"pss":1838857216,"swap":0}},"nvidia_draw_absolute":127.36,"nvidia_estimated_attributable_power_draw":127.36,"average_gpu_estimated_utilization_absolute":0.985,"per_gpu_average_estimated_utilization_absolute":{"(0, 23339)":{"sm":98.5,"mem":54.0,"enc":0.0,"dec":0.0}},"average_gpu_estimated_utilization_relative":1.0,"per_gpu_performance_state":{"0":"P2"},"per_gpu_power_draw":{"0":127.36},"cpu_count_adjusted_average_load":[0.1559375,0.1596875,0.1596875],"realtime_carbon_intensity":337.461173778,"disk_write_speed":33.2397105989,"process_ids":[23425,23339]}
{"timestamp":1572411594.1803770065,"rapl_power_draw_absolute":68.1533732537,"rapl_estimated_attributable_power_draw":17.9670010164,"cpu_time_seconds":{"23425":{"user":0.63,"system":1.38,"children_user":0.05,"children_system":1.22},"23339":{"user":44.44,"system":3.06,"children_user":0.14,"children_system":0.27}},"average_relative_cpu_utilization":0.2610904207,"absolute_cpu_utilization":0.9987110256,"relative_mem_usage":0.3019827468,"absolute_mem_usage":3827210240.0,"absolute_mem_percent_usage":0.0283288779,"mem_info_per_process":{"23425":{"rss":3269898240,"vms":11646566400,"shared":180420608,"text":2322432,"lib":0,"data":9918763008,"dirty":0,"uss":104341504,"pss":1683005440,"swap":0},"23339":{"rss":3654316032,"vms":11646566400,"shared":564645888,"text":2322432,"lib":0,"data":9918763008,"dirty":0,"uss":145575936,"pss":1894287360,"swap":0}},"nvidia_draw_absolute":127.98,"nvidia_estimated_attributable_power_draw":127.98,"average_gpu_estimated_utilization_absolute":0.99,"per_gpu_average_estimated_utilization_absolute":{"(0, 23339)":{"sm":99.0,"mem":53.5,"enc":0.0,"dec":0.0}},"average_gpu_estimated_utilization_relative":1.0,"per_gpu_performance_state":{"0":"P2"},"per_gpu_power_draw":{"0":127.98},"cpu_count_adjusted_average_load":[0.1509375,0.15875,0.159375],"realtime_carbon_intensity":337.461173778,"disk_write_speed":17.8214163472,"process_ids":[23425,23339]}
{"timestamp":1572411602.4465630054,"rapl_power_draw_absolute":74.4975797211,"rapl_estimated_attributable_power_draw":14.620524486,"cpu_time_seconds":{"23425":{"user":0.77,"system":1.71,"children_user":0.07,"children_system":1.51},"23339":{"user":52.66,"system":3.11,"children_user":0.14,"children_system":0.27}},"average_relative_cpu_utilization":0.1888496994,"absolute_cpu_utilization":0.998589957,"relative_mem_usage":0.2870943857,"absolute_mem_usage":3809199104.0,"absolute_mem_percent_usage":0.0281955601,"mem_info_per_process":{"23425":{"rss":3269898240,"vms":11646566400,"shared":180420608,"text":2322432,"lib":0,"data":9918763008,"dirty":0,"uss":104345600,"pss":1682333696,"swap":0},"23339":{"rss":3654316032,"vms":11646566400,"shared":564645888,"text":2322432,"lib":0,"data":9918763008,"dirty":0,"uss":145530880,"pss":1876988928,"swap":0}},"nvidia_draw_absolute":128.16,"nvidia_estimated_attributable_power_draw":128.16,"average_gpu_estimated_utilization_absolute":0.9733333333,"per_gpu_average_estimated_utilization_absolute":{"(0, 23339)":{"sm":97.3333333333,"mem":52.6666666667,"enc":0.0,"dec":0.0}},"average_gpu_estimated_utilization_relative":1.0,"per_gpu_performance_state":{"0":"P2"},"per_gpu_power_draw":{"0":128.16},"cpu_count_adjusted_average_load":[0.1515625,0.1584375,0.159375],"realtime_carbon_intensity":337.461173778,"disk_write_speed":33.7585081391,"process_ids":[23425,23339]}
