{"timestamp":1573523289.3582661152,"rapl_power_draw_absolute":62.4778110101,"rapl_estimated_attributable_power_draw":13.8241957879,"cpu_time_seconds":{"26360":{"user":0.0,"system":0.03,"children_user":0.0,"children_system":0.02},"26267":{"user":33.46,"system":3.23,"children_user":0.14,"children_system":0.1}},"average_relative_cpu_utilization":0.2385999955,"absolute_cpu_utilization":0.9935863733,"relative_mem_usage":0.0409599708,"absolute_mem_usage":3182126080.0,"absolute_mem_percent_usage":0.0235539873,"mem_info_per_process":{"26360":{"rss":1554313216,"vms":3675365376,"shared":4345856,"text":2322432,"lib":0,"data":2314211328,"dirty":0,"uss":177979392,"pss":865502208,"swap":0},"26267":{"rss":2104254464,"vms":4121341952,"shared":108511232,"text":2322432,"lib":0,"data":2760187904,"dirty":0,"uss":725385216,"pss":1413259264,"swap":0}},"nvidia_draw_absolute":35.38,"nvidia_estimated_attributable_power_draw":35.38,"average_gpu_estimated_utilization_absolute":0.0275,"per_gpu_average_estimated_utilization_absolute":{"(0, 0)":{"sm":0.0,"mem":0.0,"enc":0.0,"dec":0.0},"(0, 26267)":{"sm":2.75,"mem":0.0,"enc":0.0,"dec":0.0}},"average_gpu_estimated_utilization_relative":1.0,"per_gpu_performance_state":{"0":"P2"},"per_gpu_power_draw":{"0":35.38},"cpu_count_adjusted_average_load":[0.1534375,0.145625,0.1425],"cpu_freq":[{"current":2399.906,"min":1200.0,"max":3200.0},{"current":2399.906,"min":1200.0,"max":3200.0},{"current":1699.968,"min":1200.0,"max":3200.0},{"current":1388.531,"min":1200.0,"max":3200.0},{"current":1214.718,"min":1200.0,"max":3200.0},{"current":1201.031,"min":1200.0,"max":3200.0},{"current":1556.531,"min":1200.0,"max":3200.0},{"current":2400.0,"min":1200.0,"max":3200.0},{"current":1273.968,"min":1200.0,"max":3200.0},{"current":2985.468,"min":1200.0,"max":3200.0},{"current":1550.625,"min":1200.0,"max":3200.0},{"current":1522.968,"min":1200.0,"max":3200.0},{"current":1200.0,"min":1200.0,"max":3200.0},{"current":1200.0,"min":1200.0,"max":3200.0},{"current":1200.093,"min":1200.0,"max":3200.0},{"current":1200.187,"min":1200.0,"max":3200.0},{"current":2399.906,"min":1200.0,"max":3200.0},{"current":2400.0,"min":1200.0,"max":3200.0},{"current":1692.656,"min":1200.0,"max":3200.0},{"current":1296.0,"min":1200.0,"max":3200.0},{"current":1200.0,"min":1200.0,"max":3200.0},{"current":1204.031,"min":1200.0,"max":3200.0},{"current":2195.718,"min":1200.0,"max":3200.0},{"current":2399.906,"min":1200.0,"max":3200.0},{"current":1300.5,"min":1200.0,"max":3200.0},{"current":2552.531,"min":1200.0,"max":3200.0},{"current":1369.968,"min":1200.0,"max":3200.0},{"current":1478.437,"min":1200.0,"max":3200.0},{"current":1224.468,"min":1200.0,"max":3200.0},{"current":1204.218,"min":1200.0,"max":3200.0},{"current":1279.125,"min":1200.0,"max":3200.0},{"current":1200.75,"min":1200.0,"max":3200.0}],"realtime_carbon_intensity":403.1433772053,"disk_write_speed":56.9504265767,"process_ids":[26360,26267]}
{"timestamp":1573523297.4933419228,"rapl_power_draw_absolute":66.2503467718,"rapl_estimated_attributable_power_draw":15.1478843592,"cpu_time_seconds":{"26360":{"user":0.21,"system":0.21,"children_user":0.0,"children_system":0.22},"26267":{"user":39.98,"system":4.71,"children_user":0.14,"children_system":0.1}},"average_relative_cpu_utilization":0.2372286507,"absolute_cpu_utilization":0.9985967681,"relative_mem_usage":0.1256216562,"absolute_mem_usage":10124455936.0,"absolute_mem_percent_usage":0.074940873,"mem_info_per_process":{"26360":{"rss":1561628672,"vms":3675365376,"shared":11644928,"text":2322432,"lib":0,"data":2314211328,"dirty":0,"uss":865136640,"pss":1212467200,"swap":0},"26267":{"rss":4552884224,"vms":13833084928,"shared":556867584,"text":2322432,"lib":0,"data":12263174144,"dirty":0,"uss":3848916992,"pss":4197935104,"swap":0}},"nvidia_draw_absolute":49.66,"nvidia_estimated_attributable_power_draw":49.66,"average_gpu_estimated_utilization_absolute":0.265,"per_gpu_average_estimated_utilization_absolute":{"(0, 26267)":{"sm":26.5,"mem":6.0,"enc":0.0,"dec":0.0}},"average_gpu_estimated_utilization_relative":1.0,"per_gpu_performance_state":{"0":"P2"},"per_gpu_power_draw":{"0":49.66},"cpu_count_adjusted_average_load":[0.15125,0.1453125,0.1425],"cpu_freq":[{"current":1898.812,"min":1200.0,"max":3200.0},{"current":2399.906,"min":1200.0,"max":3200.0},{"current":2399.906,"min":1200.0,"max":3200.0},{"current":1213.031,"min":1200.0,"max":3200.0},{"current":1335.75,"min":1200.0,"max":3200.0},{"current":1201.312,"min":1200.0,"max":3200.0},{"current":2399.906,"min":1200.0,"max":3200.0},{"current":1316.25,"min":1200.0,"max":3200.0},{"current":3127.125,"min":1200.0,"max":3200.0},{"current":1442.906,"min":1200.0,"max":3200.0},{"current":1500.281,"min":1200.0,"max":3200.0},{"current":1239.281,"min":1200.0,"max":3200.0},{"current":1200.187,"min":1200.0,"max":3200.0},{"current":1297.218,"min":1200.0,"max":3200.0},{"current":1241.156,"min":1200.0,"max":3200.0},{"current":1200.187,"min":1200.0,"max":3200.0},{"current":2399.906,"min":1200.0,"max":3200.0},{"current":2253.468,"min":1200.0,"max":3200.0},{"current":2399.906,"min":1200.0,"max":3200.0},{"current":1378.406,"min":1200.0,"max":3200.0},{"current":1300.593,"min":1200.0,"max":3200.0},{"current":1204.031,"min":1200.0,"max":3200.0},{"current":2399.906,"min":1200.0,"max":3200.0},{"current":1296.937,"min":1200.0,"max":3200.0},{"current":3174.281,"min":1200.0,"max":3200.0},{"current":1401.187,"min":1200.0,"max":3200.0},{"current":1789.312,"min":1200.0,"max":3200.0},{"current":1297.218,"min":1200.0,"max":3200.0},{"current":1261.406,"min":1200.0,"max":3200.0},{"current":1284.75,"min":1200.0,"max":3200.0},{"current":1250.437,"min":1200.0,"max":3200.0},{"current":1255.968,"min":1200.0,"max":3200.0}],"realtime_carbon_intensity":403.1433772053,"disk_write_speed":47.7993602598,"process_ids":[26360,26267]}
{"timestamp":1573523305.5103158951,"rapl_power_draw_absolute":65.1609297324,"rapl_estimated_attributable_power_draw":15.2736495665,"cpu_time_seconds":{"26360":{"user":0.45,"system":0.39,"children_user":0.0,"children_system":0.39},"26267":{"user":47.86,"system":4.85,"children_user":0.14,"children_system":0.1}},"average_relative_cpu_utilization":0.243623951,"absolute_cpu_utilization":1.0036385576,"relative_mem_usage":0.1256940357,"absolute_mem_usage":10131644416.0,"absolute_mem_percent_usage":0.0749940818,"mem_info_per_process":{"26360":{"rss":1561628672,"vms":3675365376,"shared":11644928,"text":2322432,"lib":0,"data":2314211328,"dirty":0,"uss":867614720,"pss":1213706240,"swap":0},"26267":{"rss":4552884224,"vms":13833084928,"shared":556867584,"text":2322432,"lib":0,"data":12263174144,"dirty":0,"uss":3851231232,"pss":4199092224,"swap":0}},"nvidia_draw_absolute":48.23,"nvidia_estimated_attributable_power_draw":48.23,"average_gpu_estimated_utilization_absolute":0.26,"per_gpu_average_estimated_utilization_absolute":{"(0, 26267)":{"sm":26,"mem":6,"enc":0,"dec":0}},"average_gpu_estimated_utilization_relative":1.0,"per_gpu_performance_state":{"0":"P2"},"per_gpu_power_draw":{"0":48.23},"cpu_count_adjusted_average_load":[0.1446875,0.1440625,0.1421875],"cpu_freq":[{"current":1595.156,"min":1200.0,"max":3200.0},{"current":1657.968,"min":1200.0,"max":3200.0},{"current":2399.906,"min":1200.0,"max":3200.0},{"current":2400.0,"min":1200.0,"max":3200.0},{"current":1236.375,"min":1200.0,"max":3200.0},{"current":1200.375,"min":1200.0,"max":3200.0},{"current":1199.906,"min":1200.0,"max":3200.0},{"current":2005.312,"min":1200.0,"max":3200.0},{"current":3175.875,"min":1200.0,"max":3200.0},{"current":1339.968,"min":1200.0,"max":3200.0},{"current":1200.093,"min":1200.0,"max":3200.0},{"current":1299.656,"min":1200.0,"max":3200.0},{"current":1255.593,"min":1200.0,"max":3200.0},{"current":1200.187,"min":1200.0,"max":3200.0},{"current":1403.718,"min":1200.0,"max":3200.0},{"current":1200.0,"min":1200.0,"max":3200.0},{"current":1399.031,"min":1200.0,"max":3200.0},{"current":1726.312,"min":1200.0,"max":3200.0},{"current":2247.375,"min":1200.0,"max":3200.0},{"current":2399.906,"min":1200.0,"max":3200.0},{"current":1289.718,"min":1200.0,"max":3200.0},{"current":1203.75,"min":1200.0,"max":3200.0},{"current":1860.843,"min":1200.0,"max":3200.0},{"current":1227.937,"min":1200.0,"max":3200.0},{"current":3153.656,"min":1200.0,"max":3200.0},{"current":1300.968,"min":1200.0,"max":3200.0},{"current":1377.562,"min":1200.0,"max":3200.0},{"current":1208.25,"min":1200.0,"max":3200.0},{"current":1248.187,"min":1200.0,"max":3200.0},{"current":1201.218,"min":1200.0,"max":3200.0},{"current":1271.812,"min":1200.0,"max":3200.0},{"current":1201.593,"min":1200.0,"max":3200.0}],"realtime_carbon_intensity":403.1433772053,"disk_write_speed":43.234350271,"process_ids":[26360,26267]}
{"timestamp":1573523313.6098771095,"rapl_power_draw_absolute":66.6090789478,"rapl_estimated_attributable_power_draw":15.6828363875,"cpu_time_seconds":{"26360":{"user":0.66,"system":0.59,"children_user":0.02,"children_system":0.55},"26267":{"user":55.79,"system":5.02,"children_user":0.14,"children_system":0.1}},"average_relative_cpu_utilization":0.24448194,"absolute_cpu_utilization":0.9985940154,"relative_mem_usage":0.1257198678,"absolute_mem_usage":10134814720.0,"absolute_mem_percent_usage":0.0750175483,"mem_info_per_process":{"26360":{"rss":1561628672,"vms":3675365376,"shared":11644928,"text":2322432,"lib":0,"data":2314211328,"dirty":0,"uss":868663296,"pss":1214230528,"swap":0},"26267":{"rss":4552884224,"vms":13833084928,"shared":556867584,"text":2322432,"lib":0,"data":12263174144,"dirty":0,"uss":3852296192,"pss":4199624704,"swap":0}},"nvidia_draw_absolute":43.44,"nvidia_estimated_attributable_power_draw":43.44,"average_gpu_estimated_utilization_absolute":0.27,"per_gpu_average_estimated_utilization_absolute":{"(0, 26267)":{"sm":27,"mem":6,"enc":0,"dec":0}},"average_gpu_estimated_utilization_relative":1.0,"per_gpu_performance_state":{"0":"P2"},"per_gpu_power_draw":{"0":43.44},"cpu_count_adjusted_average_load":[0.136875,0.1425,0.1415625],"cpu_freq":[{"current":2400.0,"min":1200.0,"max":3200.0},{"current":2399.906,"min":1200.0,"max":3200.0},{"current":1899.937,"min":1200.0,"max":3200.0},{"current":1695.375,"min":1200.0,"max":3200.0},{"current":1200.656,"min":1200.0,"max":3200.0},{"current":1200.843,"min":1200.0,"max":3200.0},{"current":2032.875,"min":1200.0,"max":3200.0},{"current":2399.906,"min":1200.0,"max":3200.0},{"current":3156.562,"min":1200.0,"max":3200.0},{"current":1249.218,"min":1200.0,"max":3200.0},{"current":1298.531,"min":1200.0,"max":3200.0},{"current":1811.531,"min":1200.0,"max":3200.0},{"current":1237.218,"min":1200.0,"max":3200.0},{"current":1200.093,"min":1200.0,"max":3200.0},{"current":1200.093,"min":1200.0,"max":3200.0},{"current":1200.281,"min":1200.0,"max":3200.0},{"current":2400.0,"min":1200.0,"max":3200.0},{"current":2400.0,"min":1200.0,"max":3200.0},{"current":1811.531,"min":1200.0,"max":3200.0},{"current":1580.625,"min":1200.0,"max":3200.0},{"current":1200.0,"min":1200.0,"max":3200.0},{"current":1203.75,"min":1200.0,"max":3200.0},{"current":1972.875,"min":1200.0,"max":3200.0},{"current":2332.406,"min":1200.0,"max":3200.0},{"current":2945.156,"min":1200.0,"max":3200.0},{"current":1585.312,"min":1200.0,"max":3200.0},{"current":1258.406,"min":1200.0,"max":3200.0},{"current":1359.843,"min":1200.0,"max":3200.0},{"current":1203.843,"min":1200.0,"max":3200.0},{"current":1200.843,"min":1200.0,"max":3200.0},{"current":1221.656,"min":1200.0,"max":3200.0},{"current":1201.687,"min":1200.0,"max":3200.0}],"realtime_carbon_intensity":403.1433772053,"disk_write_speed":41.2993793398,"process_ids":[26360,26267]}
{"timestamp":1573523321.6255729198,"rapl_power_draw_absolute":65.3174299557,"rapl_estimated_attributable_power_draw":15.1902803329,"cpu_time_seconds":{"26360":{"user":0.88,"system":0.78,"children_user":0.04,"children_system":0.72},"26267":{"user":63.58,"system":5.25,"children_user":0.14,"children_system":0.1}},"average_relative_cpu_utilization":0.2415280977,"absolute_cpu_utilization":0.9986218606,"relative_mem_usage":0.1257449013,"absolute_mem_usage":10137653248.0,"absolute_mem_percent_usage":0.075038559,"mem_info_per_process":{"26360":{"rss":1561628672,"vms":3675365376,"shared":11644928,"text":2322432,"lib":0,"data":2314211328,"dirty":0,"uss":869617664,"pss":1214707712,"swap":0},"26267":{"rss":4552884224,"vms":13833084928,"shared":556867584,"text":2322432,"lib":0,"data":12263174144,"dirty":0,"uss":3853234176,"pss":4200093696,"swap":0}},"nvidia_draw_absolute":44.08,"nvidia_estimated_attributable_power_draw":44.08,"average_gpu_estimated_utilization_absolute":0.285,"per_gpu_average_estimated_utilization_absolute":{"(0, 26267)":{"sm":28.5,"mem":6.0,"enc":0.0,"dec":0.0}},"average_gpu_estimated_utilization_relative":1.0,"per_gpu_performance_state":{"0":"P2"},"per_gpu_power_draw":{"0":44.08},"cpu_count_adjusted_average_load":[0.1359375,0.1421875,0.1415625],"cpu_freq":[{"current":1567.312,"min":1200.0,"max":3200.0},{"current":2399.906,"min":1200.0,"max":3200.0},{"current":2399.906,"min":1200.0,"max":3200.0},{"current":1341.093,"min":1200.0,"max":3200.0},{"current":1210.5,"min":1200.0,"max":3200.0},{"current":1200.562,"min":1200.0,"max":3200.0},{"current":1206.375,"min":1200.0,"max":3200.0},{"current":1588.687,"min":1200.0,"max":3200.0},{"current":3190.406,"min":1200.0,"max":3200.0},{"current":1298.718,"min":1200.0,"max":3200.0},{"current":1654.5,"min":1200.0,"max":3200.0},{"current":1453.687,"min":1200.0,"max":3200.0},{"current":1247.343,"min":1200.0,"max":3200.0},{"current":1200.093,"min":1200.0,"max":3200.0},{"current":1218.375,"min":1200.0,"max":3200.0},{"current":1233.093,"min":1200.0,"max":3200.0},{"current":1999.593,"min":1200.0,"max":3200.0},{"current":2399.25,"min":1200.0,"max":3200.0},{"current":2400.0,"min":1200.0,"max":3200.0},{"current":1200.0,"min":1200.0,"max":3200.0},{"current":1200.0,"min":1200.0,"max":3200.0},{"current":1402.406,"min":1200.0,"max":3200.0},{"current":1214.812,"min":1200.0,"max":3200.0},{"current":1999.406,"min":1200.0,"max":3200.0},{"current":3153.187,"min":1200.0,"max":3200.0},{"current":1200.468,"min":1200.0,"max":3200.0},{"current":1558.218,"min":1200.0,"max":3200.0},{"current":1834.5,"min":1200.0,"max":3200.0},{"current":1221.75,"min":1200.0,"max":3200.0},{"current":1200.562,"min":1200.0,"max":3200.0},{"current":1258.312,"min":1200.0,"max":3200.0},{"current":1258.031,"min":1200.0,"max":3200.0}],"realtime_carbon_intensity":403.1433772053,"disk_write_speed":37.2405955222,"process_ids":[26360,26267]}
{"timestamp":1573523329.6504709721,"rapl_power_draw_absolute":65.4306919908,"rapl_estimated_attributable_power_draw":15.0644094063,"cpu_time_seconds":{"26360":{"user":1.1,"system":0.96,"children_user":0.06,"children_system":0.89},"26267":{"user":71.36,"system":5.5,"children_user":0.14,"children_system":0.1}},"average_relative_cpu_utilization":0.2389298622,"absolute_cpu_utilization":0.9986000372,"relative_mem_usage":0.125758148,"absolute_mem_usage":10139496448.0,"absolute_mem_percent_usage":0.0750522023,"mem_info_per_process":{"26360":{"rss":1561628672,"vms":3675365376,"shared":11644928,"text":2322432,"lib":0,"data":2314211328,"dirty":0,"uss":870232064,"pss":1215014912,"swap":0},"26267":{"rss":4552884224,"vms":13833084928,"shared":556867584,"text":2322432,"lib":0,"data":12263174144,"dirty":0,"uss":3853848576,"pss":4200400896,"swap":0}},"nvidia_draw_absolute":45.98,"nvidia_estimated_attributable_power_draw":45.98,"average_gpu_estimated_utilization_absolute":0.285,"per_gpu_average_estimated_utilization_absolute":{"(0, 26267)":{"sm":28.5,"mem":6.0,"enc":0.0,"dec":0.0}},"average_gpu_estimated_utilization_relative":1.0,"per_gpu_performance_state":{"0":"P2"},"per_gpu_power_draw":{"0":45.98},"cpu_count_adjusted_average_load":[0.1434375,0.14375,0.141875],"cpu_freq":[{"current":1995.281,"min":1200.0,"max":3200.0},{"current":2400.0,"min":1200.0,"max":3200.0},{"current":2400.0,"min":1200.0,"max":3200.0},{"current":1296.093,"min":1200.0,"max":3200.0},{"current":1246.875,"min":1200.0,"max":3200.0},{"current":1201.5,"min":1200.0,"max":3200.0},{"current":2399.906,"min":1200.0,"max":3200.0},{"current":2399.906,"min":1200.0,"max":3200.0},{"current":3199.968,"min":1200.0,"max":3200.0},{"current":1200.187,"min":1200.0,"max":3200.0},{"current":1396.218,"min":1200.0,"max":3200.0},{"current":1468.687,"min":1200.0,"max":3200.0},{"current":1246.781,"min":1200.0,"max":3200.0},{"current":1299.281,"min":1200.0,"max":3200.0},{"current":1244.156,"min":1200.0,"max":3200.0},{"current":1200.187,"min":1200.0,"max":3200.0},{"current":2399.906,"min":1200.0,"max":3200.0},{"current":2399.906,"min":1200.0,"max":3200.0},{"current":2399.906,"min":1200.0,"max":3200.0},{"current":1253.531,"min":1200.0,"max":3200.0},{"current":1299.937,"min":1200.0,"max":3200.0},{"current":1210.218,"min":1200.0,"max":3200.0},{"current":2399.718,"min":1200.0,"max":3200.0},{"current":2400.0,"min":1200.0,"max":3200.0},{"current":3180.281,"min":1200.0,"max":3200.0},{"current":1555.5,"min":1200.0,"max":3200.0},{"current":1251.187,"min":1200.0,"max":3200.0},{"current":1465.875,"min":1200.0,"max":3200.0},{"current":1300.875,"min":1200.0,"max":3200.0},{"current":1299.0,"min":1200.0,"max":3200.0},{"current":1258.312,"min":1200.0,"max":3200.0},{"current":1360.218,"min":1200.0,"max":3200.0}],"realtime_carbon_intensity":403.1433772053,"disk_write_speed":40.805836968,"process_ids":[26360,26267]}
{"timestamp":1573523337.6866970062,"rapl_power_draw_absolute":66.8259625026,"rapl_estimated_attributable_power_draw":15.4962377661,"cpu_time_seconds":{"26360":{"user":1.3,"system":1.15,"children_user":0.07,"children_system":1.06},"26267":{"user":79.24,"system":5.66,"children_user":0.14,"children_system":0.1}},"average_relative_cpu_utilization":0.2415270977,"absolute_cpu_utilization":0.9986135279,"relative_mem_usage":0.125760849,"absolute_mem_usage":10140786688.0,"absolute_mem_percent_usage":0.0750617526,"mem_info_per_process":{"26360":{"rss":1561628672,"vms":3675365376,"shared":11644928,"text":2322432,"lib":0,"data":2314211328,"dirty":0,"uss":870662144,"pss":1215229952,"swap":0},"26267":{"rss":4552884224,"vms":13833084928,"shared":556867584,"text":2322432,"lib":0,"data":12263174144,"dirty":0,"uss":3854278656,"pss":4200615936,"swap":0}},"nvidia_draw_absolute":45.17,"nvidia_estimated_attributable_power_draw":45.17,"average_gpu_estimated_utilization_absolute":0.28,"per_gpu_average_estimated_utilization_absolute":{"(0, 26267)":{"sm":28,"mem":6,"enc":0,"dec":0}},"average_gpu_estimated_utilization_relative":1.0,"per_gpu_performance_state":{"0":"P2"},"per_gpu_power_draw":{"0":45.17},"cpu_count_adjusted_average_load":[0.146875,0.144375,0.1421875],"cpu_freq":[{"current":2399.906,"min":1200.0,"max":3200.0},{"current":1664.625,"min":1200.0,"max":3200.0},{"current":1897.031,"min":1200.0,"max":3200.0},{"current":1640.437,"min":1200.0,"max":3200.0},{"current":1287.093,"min":1200.0,"max":3200.0},{"current":1254.75,"min":1200.0,"max":3200.0},{"current":2399.906,"min":1200.0,"max":3200.0},{"current":2399.906,"min":1200.0,"max":3200.0},{"current":3034.218,"min":1200.0,"max":3200.0},{"current":1282.406,"min":1200.0,"max":3200.0},{"current":1395.843,"min":1200.0,"max":3200.0},{"current":1200.093,"min":1200.0,"max":3200.0},{"current":1200.0,"min":1200.0,"max":3200.0},{"current":1201.5,"min":1200.0,"max":3200.0},{"current":1200.093,"min":1200.0,"max":3200.0},{"current":1200.187,"min":1200.0,"max":3200.0},{"current":2400.0,"min":1200.0,"max":3200.0},{"current":1698.187,"min":1200.0,"max":3200.0},{"current":1436.343,"min":1200.0,"max":3200.0},{"current":2256.468,"min":1200.0,"max":3200.0},{"current":1299.656,"min":1200.0,"max":3200.0},{"current":1254.375,"min":1200.0,"max":3200.0},{"current":2373.656,"min":1200.0,"max":3200.0},{"current":2400.0,"min":1200.0,"max":3200.0},{"current":3074.718,"min":1200.0,"max":3200.0},{"current":1499.343,"min":1200.0,"max":3200.0},{"current":1329.0,"min":1200.0,"max":3200.0},{"current":1200.562,"min":1200.0,"max":3200.0},{"current":1200.75,"min":1200.0,"max":3200.0},{"current":1202.156,"min":1200.0,"max":3200.0},{"current":1250.906,"min":1200.0,"max":3200.0},{"current":1204.125,"min":1200.0,"max":3200.0}],"realtime_carbon_intensity":403.1433772053,"disk_write_speed":48.8116606958,"process_ids":[26360,26267]}
{"timestamp":1573523345.6738638878,"rapl_power_draw_absolute":65.7430153698,"rapl_estimated_attributable_power_draw":15.7149374815,"cpu_time_seconds":{"26360":{"user":1.54,"system":1.33,"children_user":0.1,"children_system":1.22},"26267":{"user":87.04,"system":5.85,"children_user":0.14,"children_system":0.1}},"average_relative_cpu_utilization":0.2484274427,"absolute_cpu_utilization":0.9986074298,"relative_mem_usage":0.125765176,"absolute_mem_usage":10141769728.0,"absolute_mem_percent_usage":0.075069029,"mem_info_per_process":{"26360":{"rss":1561628672,"vms":3675365376,"shared":11644928,"text":2322432,"lib":0,"data":2314211328,"dirty":0,"uss":870989824,"pss":1215393792,"swap":0},"26267":{"rss":4552884224,"vms":13833084928,"shared":556867584,"text":2322432,"lib":0,"data":12263174144,"dirty":0,"uss":3854606336,"pss":4200779776,"swap":0}},"nvidia_draw_absolute":44.51,"nvidia_estimated_attributable_power_draw":44.51,"average_gpu_estimated_utilization_absolute":0.285,"per_gpu_average_estimated_utilization_absolute":{"(0, 26267)":{"sm":28.5,"mem":6.0,"enc":0.0,"dec":0.0}},"average_gpu_estimated_utilization_relative":1.0,"per_gpu_performance_state":{"0":"P2"},"per_gpu_power_draw":{"0":44.51},"cpu_count_adjusted_average_load":[0.1409375,0.143125,0.141875],"cpu_freq":[{"current":2400.0,"min":1200.0,"max":3200.0},{"current":1212.75,"min":1200.0,"max":3200.0},{"current":2399.906,"min":1200.0,"max":3200.0},{"current":1225.218,"min":1200.0,"max":3200.0},{"current":1201.125,"min":1200.0,"max":3200.0},{"current":1302.0,"min":1200.0,"max":3200.0},{"current":1609.218,"min":1200.0,"max":3200.0},{"current":2214.281,"min":1200.0,"max":3200.0},{"current":3153.375,"min":1200.0,"max":3200.0},{"current":1688.343,"min":1200.0,"max":3200.0},{"current":1297.781,"min":1200.0,"max":3200.0},{"current":1216.968,"min":1200.0,"max":3200.0},{"current":1200.093,"min":1200.0,"max":3200.0},{"current":1201.125,"min":1200.0,"max":3200.0},{"current":1200.093,"min":1200.0,"max":3200.0},{"current":1271.625,"min":1200.0,"max":3200.0},{"current":1899.937,"min":1200.0,"max":3200.0},{"current":1548.0,"min":1200.0,"max":3200.0},{"current":2400.0,"min":1200.0,"max":3200.0},{"current":1414.406,"min":1200.0,"max":3200.0},{"current":1200.0,"min":1200.0,"max":3200.0},{"current":1300.781,"min":1200.0,"max":3200.0},{"current":2400.0,"min":1200.0,"max":3200.0},{"current":2399.906,"min":1200.0,"max":3200.0},{"current":3164.531,"min":1200.0,"max":3200.0},{"current":1309.687,"min":1200.0,"max":3200.0},{"current":1500.375,"min":1200.0,"max":3200.0},{"current":1276.218,"min":1200.0,"max":3200.0},{"current":1230.468,"min":1200.0,"max":3200.0},{"current":1281.093,"min":1200.0,"max":3200.0},{"current":1250.906,"min":1200.0,"max":3200.0},{"current":1277.531,"min":1200.0,"max":3200.0}],"realtime_carbon_intensity":403.1433772053,"disk_write_speed":45.2716981998,"process_ids":[26360,26267]}
{"timestamp":1573523353.6946101189,"rapl_power_draw_absolute":65.3958099933,"rapl_estimated_attributable_power_draw":15.373592079,"cpu_time_seconds":{"26360":{"user":1.76,"system":1.53,"children_user":0.11,"children_system":1.39},"26267":{"user":94.8,"system":6.11,"children_user":0.14,"children_system":0.1}},"average_relative_cpu_utilization":0.2441808548,"absolute_cpu_utilization":0.9985882798,"relative_mem_usage":0.1257626528,"absolute_mem_usage":10142359552.0,"absolute_mem_percent_usage":0.0750733949,"mem_info_per_process":{"26360":{"rss":1561628672,"vms":3675365376,"shared":11644928,"text":2322432,"lib":0,"data":2314211328,"dirty":0,"uss":871186432,"pss":1215492096,"swap":0},"26267":{"rss":4552884224,"vms":13833084928,"shared":556867584,"text":2322432,"lib":0,"data":12263174144,"dirty":0,"uss":3854802944,"pss":4200878080,"swap":0}},"nvidia_draw_absolute":47.79,"nvidia_estimated_attributable_power_draw":47.79,"average_gpu_estimated_utilization_absolute":0.2833333333,"per_gpu_average_estimated_utilization_absolute":{"(0, 26267)":{"sm":28.3333333333,"mem":5.6666666667,"enc":0.0,"dec":0.0}},"average_gpu_estimated_utilization_relative":1.0,"per_gpu_performance_state":{"0":"P2"},"per_gpu_power_draw":{"0":47.79},"cpu_count_adjusted_average_load":[0.1409375,0.143125,0.141875],"cpu_freq":[{"current":1280.531,"min":1200.0,"max":3200.0},{"current":1200.937,"min":1200.0,"max":3200.0},{"current":2199.843,"min":1200.0,"max":3200.0},{"current":2399.906,"min":1200.0,"max":3200.0},{"current":1270.406,"min":1200.0,"max":3200.0},{"current":1276.968,"min":1200.0,"max":3200.0},{"current":2393.625,"min":1200.0,"max":3200.0},{"current":1211.718,"min":1200.0,"max":3200.0},{"current":3145.593,"min":1200.0,"max":3200.0},{"current":1428.75,"min":1200.0,"max":3200.0},{"current":1460.906,"min":1200.0,"max":3200.0},{"current":1200.656,"min":1200.0,"max":3200.0},{"current":1200.0,"min":1200.0,"max":3200.0},{"current":1284.562,"min":1200.0,"max":3200.0},{"current":1400.156,"min":1200.0,"max":3200.0},{"current":1202.25,"min":1200.0,"max":3200.0},{"current":1221.281,"min":1200.0,"max":3200.0},{"current":1359.187,"min":1200.0,"max":3200.0},{"current":1481.062,"min":1200.0,"max":3200.0},{"current":1895.718,"min":1200.0,"max":3200.0},{"current":1222.031,"min":1200.0,"max":3200.0},{"current":1245.093,"min":1200.0,"max":3200.0},{"current":2399.906,"min":1200.0,"max":3200.0},{"current":2400.0,"min":1200.0,"max":3200.0},{"current":3161.25,"min":1200.0,"max":3200.0},{"current":1425.75,"min":1200.0,"max":3200.0},{"current":1494.468,"min":1200.0,"max":3200.0},{"current":1387.031,"min":1200.0,"max":3200.0},{"current":1365.093,"min":1200.0,"max":3200.0},{"current":1200.375,"min":1200.0,"max":3200.0},{"current":1300.875,"min":1200.0,"max":3200.0},{"current":1202.156,"min":1200.0,"max":3200.0}],"realtime_carbon_intensity":403.1433772053,"disk_write_speed":42.5651686352,"process_ids":[26360,26267]}
{"timestamp":1573523361.7034220695,"rapl_power_draw_absolute":65.5099129195,"rapl_estimated_attributable_power_draw":15.2766426108,"cpu_time_seconds":{"26360":{"user":1.98,"system":1.7,"children_user":0.13,"children_system":1.56},"26267":{"user":102.54,"system":6.38,"children_user":0.14,"children_system":0.1}},"average_relative_cpu_utilization":0.2421103919,"absolute_cpu_utilization":0.9986231813,"relative_mem_usage":0.1257617613,"absolute_mem_usage":10143084544.0,"absolute_mem_percent_usage":0.0750787613,"mem_info_per_process":{"26360":{"rss":1561628672,"vms":3675365376,"shared":11644928,"text":2322432,"lib":0,"data":2314211328,"dirty":0,"uss":871428096,"pss":1215612928,"swap":0},"26267":{"rss":4552884224,"vms":13833084928,"shared":556867584,"text":2322432,"lib":0,"data":12263174144,"dirty":0,"uss":3855044608,"pss":4200998912,"swap":0}},"nvidia_draw_absolute":45.29,"nvidia_estimated_attributable_power_draw":45.29,"average_gpu_estimated_utilization_absolute":0.28,"per_gpu_average_estimated_utilization_absolute":{"(0, 26267)":{"sm":28.0,"mem":5.5,"enc":0.0,"dec":0.0}},"average_gpu_estimated_utilization_relative":1.0,"per_gpu_performance_state":{"0":"P2"},"per_gpu_power_draw":{"0":45.29},"cpu_count_adjusted_average_load":[0.1371875,0.1421875,0.1415625],"cpu_freq":[{"current":2399.906,"min":1200.0,"max":3200.0},{"current":1298.437,"min":1200.0,"max":3200.0},{"current":1466.718,"min":1200.0,"max":3200.0},{"current":2399.906,"min":1200.0,"max":3200.0},{"current":1261.968,"min":1200.0,"max":3200.0},{"current":1201.593,"min":1200.0,"max":3200.0},{"current":2395.687,"min":1200.0,"max":3200.0},{"current":1399.968,"min":1200.0,"max":3200.0},{"current":3167.343,"min":1200.0,"max":3200.0},{"current":1200.187,"min":1200.0,"max":3200.0},{"current":1736.062,"min":1200.0,"max":3200.0},{"current":1298.531,"min":1200.0,"max":3200.0},{"current":1262.906,"min":1200.0,"max":3200.0},{"current":1201.687,"min":1200.0,"max":3200.0},{"current":1200.093,"min":1200.0,"max":3200.0},{"current":1200.187,"min":1200.0,"max":3200.0},{"current":2399.906,"min":1200.0,"max":3200.0},{"current":1455.843,"min":1200.0,"max":3200.0},{"current":1768.781,"min":1200.0,"max":3200.0},{"current":1722.093,"min":1200.0,"max":3200.0},{"current":1200.0,"min":1200.0,"max":3200.0},{"current":1214.062,"min":1200.0,"max":3200.0},{"current":1646.343,"min":1200.0,"max":3200.0},{"current":1393.125,"min":1200.0,"max":3200.0},{"current":3184.968,"min":1200.0,"max":3200.0},{"current":1287.281,"min":1200.0,"max":3200.0},{"current":1634.156,"min":1200.0,"max":3200.0},{"current":1407.75,"min":1200.0,"max":3200.0},{"current":1270.406,"min":1200.0,"max":3200.0},{"current":1307.531,"min":1200.0,"max":3200.0},{"current":1261.031,"min":1200.0,"max":3200.0},{"current":1202.062,"min":1200.0,"max":3200.0}],"realtime_carbon_intensity":403.1433772053,"disk_write_speed":51.0227790156,"process_ids":[26360,26267]}
{"timestamp":1573523369.6977870464,"rapl_power_draw_absolute":65.9304757455,"rapl_estimated_attributable_power_draw":15.3559931726,"cpu_time_seconds":{"26360":{"user":2.2,"system":1.88,"children_user":0.16,"children_system":1.71},"26267":{"user":110.31,"system":6.62,"children_user":0.14,"children_system":0.1}},"average_relative_cpu_utilization":0.2418582174,"absolute_cpu_utilization":1.0036005118,"relative_mem_usage":0.1257561211,"absolute_mem_usage":10143692800.0,"absolute_mem_percent_usage":0.0750832636,"mem_info_per_process":{"26360":{"rss":1561628672,"vms":3675365376,"shared":11644928,"text":2322432,"lib":0,"data":2314211328,"dirty":0,"uss":871628800,"pss":1215713280,"swap":0},"26267":{"rss":4552888320,"vms":13833084928,"shared":556867584,"text":2322432,"lib":0,"data":12263174144,"dirty":0,"uss":3855249408,"pss":4201101312,"swap":0}},"nvidia_draw_absolute":44.22,"nvidia_estimated_attributable_power_draw":44.22,"average_gpu_estimated_utilization_absolute":0.2833333333,"per_gpu_average_estimated_utilization_absolute":{"(0, 26267)":{"sm":28.3333333333,"mem":5.3333333333,"enc":0.0,"dec":0.0}},"average_gpu_estimated_utilization_relative":1.0,"per_gpu_performance_state":{"0":"P2"},"per_gpu_power_draw":{"0":44.22},"cpu_count_adjusted_average_load":[0.1378125,0.1421875,0.1415625],"cpu_freq":[{"current":2242.312,"min":1200.0,"max":3200.0},{"current":1675.218,"min":1200.0,"max":3200.0},{"current":2399.906,"min":1200.0,"max":3200.0},{"current":1577.25,"min":1200.0,"max":3200.0},{"current":1201.312,"min":1200.0,"max":3200.0},{"current":1201.125,"min":1200.0,"max":3200.0},{"current":2100.0,"min":1200.0,"max":3200.0},{"current":2399.531,"min":1200.0,"max":3200.0},{"current":3091.687,"min":1200.0,"max":3200.0},{"current":1200.093,"min":1200.0,"max":3200.0},{"current":1800.281,"min":1200.0,"max":3200.0},{"current":1298.906,"min":1200.0,"max":3200.0},{"current":1258.968,"min":1200.0,"max":3200.0},{"current":1223.531,"min":1200.0,"max":3200.0},{"current":1200.093,"min":1200.0,"max":3200.0},{"current":1200.281,"min":1200.0,"max":3200.0},{"current":2081.343,"min":1200.0,"max":3200.0},{"current":2400.0,"min":1200.0,"max":3200.0},{"current":2399.906,"min":1200.0,"max":3200.0},{"current":2400.0,"min":1200.0,"max":3200.0},{"current":1200.0,"min":1200.0,"max":3200.0},{"current":1204.875,"min":1200.0,"max":3200.0},{"current":1856.531,"min":1200.0,"max":3200.0},{"current":2400.0,"min":1200.0,"max":3200.0},{"current":3165.75,"min":1200.0,"max":3200.0},{"current":1200.562,"min":1200.0,"max":3200.0},{"current":1995.187,"min":1200.0,"max":3200.0},{"current":1232.437,"min":1200.0,"max":3200.0},{"current":1297.968,"min":1200.0,"max":3200.0},{"current":1201.593,"min":1200.0,"max":3200.0},{"current":1249.031,"min":1200.0,"max":3200.0},{"current":1234.312,"min":1200.0,"max":3200.0}],"realtime_carbon_intensity":403.1433772053,"disk_write_speed":43.4309446821,"process_ids":[26360,26267]}
{"timestamp":1573523377.6988420486,"rapl_power_draw_absolute":65.9858833583,"rapl_estimated_attributable_power_draw":15.2172231069,"cpu_time_seconds":{"26360":{"user":2.45,"system":2.03,"children_user":0.16,"children_system":1.88},"26267":{"user":118.13,"system":6.8,"children_user":0.14,"children_system":0.1}},"average_relative_cpu_utilization":0.240653785,"absolute_cpu_utilization":0.9986025707,"relative_mem_usage":0.1257510595,"absolute_mem_usage":10144006144.0,"absolute_mem_percent_usage":0.0750855829,"mem_info_per_process":{"26360":{"rss":1561628672,"vms":3675365376,"shared":11644928,"text":2322432,"lib":0,"data":2314211328,"dirty":0,"uss":871735296,"pss":1215766528,"swap":0},"26267":{"rss":4552888320,"vms":13833084928,"shared":556867584,"text":2322432,"lib":0,"data":12263174144,"dirty":0,"uss":3855351808,"pss":4201152512,"swap":0}},"nvidia_draw_absolute":44.56,"nvidia_estimated_attributable_power_draw":44.56,"average_gpu_estimated_utilization_absolute":0.28,"per_gpu_average_estimated_utilization_absolute":{"(0, 26267)":{"sm":28,"mem":6,"enc":0,"dec":0}},"average_gpu_estimated_utilization_relative":1.0,"per_gpu_performance_state":{"0":"P2"},"per_gpu_power_draw":{"0":44.56},"cpu_count_adjusted_average_load":[0.1390625,0.1425,0.1415625],"cpu_freq":[{"current":1895.718,"min":1200.0,"max":3200.0},{"current":2399.906,"min":1200.0,"max":3200.0},{"current":2396.812,"min":1200.0,"max":3200.0},{"current":1379.25,"min":1200.0,"max":3200.0},{"current":1299.937,"min":1200.0,"max":3200.0},{"current":1286.718,"min":1200.0,"max":3200.0},{"current":2196.093,"min":1200.0,"max":3200.0},{"current":1700.343,"min":1200.0,"max":3200.0},{"current":3132.0,"min":1200.0,"max":3200.0},{"current":1700.156,"min":1200.0,"max":3200.0},{"current":1296.093,"min":1200.0,"max":3200.0},{"current":1200.656,"min":1200.0,"max":3200.0},{"current":1235.812,"min":1200.0,"max":3200.0},{"current":1220.343,"min":1200.0,"max":3200.0},{"current":1873.312,"min":1200.0,"max":3200.0},{"current":1241.625,"min":1200.0,"max":3200.0},{"current":1460.25,"min":1200.0,"max":3200.0},{"current":2400.0,"min":1200.0,"max":3200.0},{"current":2400.0,"min":1200.0,"max":3200.0},{"current":1498.5,"min":1200.0,"max":3200.0},{"current":1322.812,"min":1200.0,"max":3200.0},{"current":1313.437,"min":1200.0,"max":3200.0},{"current":1293.093,"min":1200.0,"max":3200.0},{"current":1598.625,"min":1200.0,"max":3200.0},{"current":3171.937,"min":1200.0,"max":3200.0},{"current":1716.562,"min":1200.0,"max":3200.0},{"current":1215.375,"min":1200.0,"max":3200.0},{"current":1250.062,"min":1200.0,"max":3200.0},{"current":1336.5,"min":1200.0,"max":3200.0},{"current":1200.0,"min":1200.0,"max":3200.0},{"current":1588.5,"min":1200.0,"max":3200.0},{"current":1234.312,"min":1200.0,"max":3200.0}],"realtime_carbon_intensity":403.1433772053,"disk_write_speed":39.7999896569,"process_ids":[26360,26267]}
{"timestamp":1573523385.6806058884,"rapl_power_draw_absolute":66.6060511175,"rapl_estimated_attributable_power_draw":15.2564510932,"cpu_time_seconds":{"26360":{"user":2.69,"system":2.2,"children_user":0.19,"children_system":2.04},"26267":{"user":125.97,"system":6.94,"children_user":0.14,"children_system":0.1}},"average_relative_cpu_utilization":0.2386443552,"absolute_cpu_utilization":0.998612718,"relative_mem_usage":0.1257475058,"absolute_mem_usage":10144485376.0,"absolute_mem_percent_usage":0.0750891302,"mem_info_per_process":{"26360":{"rss":1561628672,"vms":3675365376,"shared":11644928,"text":2322432,"lib":0,"data":2314211328,"dirty":0,"uss":871895040,"pss":1215846400,"swap":0},"26267":{"rss":4552888320,"vms":13833084928,"shared":556867584,"text":2322432,"lib":0,"data":12263174144,"dirty":0,"uss":3855511552,"pss":4201232384,"swap":0}},"nvidia_draw_absolute":45.75,"nvidia_estimated_attributable_power_draw":45.75,"average_gpu_estimated_utilization_absolute":0.285,"per_gpu_average_estimated_utilization_absolute":{"(0, 26267)":{"sm":28.5,"mem":6.0,"enc":0.0,"dec":0.0}},"average_gpu_estimated_utilization_relative":1.0,"per_gpu_performance_state":{"0":"P2"},"per_gpu_power_draw":{"0":45.75},"cpu_count_adjusted_average_load":[0.1346875,0.14125,0.14125],"cpu_freq":[{"current":1592.25,"min":1200.0,"max":3200.0},{"current":1952.25,"min":1200.0,"max":3200.0},{"current":2399.906,"min":1200.0,"max":3200.0},{"current":2399.906,"min":1200.0,"max":3200.0},{"current":1352.25,"min":1200.0,"max":3200.0},{"current":1219.125,"min":1200.0,"max":3200.0},{"current":2398.875,"min":1200.0,"max":3200.0},{"current":1299.75,"min":1200.0,"max":3200.0},{"current":3199.968,"min":1200.0,"max":3200.0},{"current":1200.093,"min":1200.0,"max":3200.0},{"current":1583.156,"min":1200.0,"max":3200.0},{"current":1299.562,"min":1200.0,"max":3200.0},{"current":1200.0,"min":1200.0,"max":3200.0},{"current":1261.875,"min":1200.0,"max":3200.0},{"current":1242.843,"min":1200.0,"max":3200.0},{"current":1200.093,"min":1200.0,"max":3200.0},{"current":1299.281,"min":1200.0,"max":3200.0},{"current":1809.843,"min":1200.0,"max":3200.0},{"current":2400.0,"min":1200.0,"max":3200.0},{"current":2327.25,"min":1200.0,"max":3200.0},{"current":1200.0,"min":1200.0,"max":3200.0},{"current":1202.062,"min":1200.0,"max":3200.0},{"current":2393.531,"min":1200.0,"max":3200.0},{"current":1260.281,"min":1200.0,"max":3200.0},{"current":3103.031,"min":1200.0,"max":3200.0},{"current":1279.031,"min":1200.0,"max":3200.0},{"current":1562.156,"min":1200.0,"max":3200.0},{"current":1199.718,"min":1200.0,"max":3200.0},{"current":1204.687,"min":1200.0,"max":3200.0},{"current":1218.187,"min":1200.0,"max":3200.0},{"current":1249.125,"min":1200.0,"max":3200.0},{"current":1237.312,"min":1200.0,"max":3200.0}],"realtime_carbon_intensity":403.1433772053,"disk_write_speed":44.6511724353,"process_ids":[26360,26267]}
{"timestamp":1573523393.6859009266,"rapl_power_draw_absolute":65.3459253542,"rapl_estimated_attributable_power_draw":14.9385949072,"cpu_time_seconds":{"26360":{"user":2.93,"system":2.38,"children_user":0.21,"children_system":2.21},"26267":{"user":133.75,"system":7.17,"children_user":0.14,"children_system":0.1}},"average_relative_cpu_utilization":0.2372287958,"absolute_cpu_utilization":0.9986144251,"relative_mem_usage":0.1257412522,"absolute_mem_usage":10144706560.0,"absolute_mem_percent_usage":0.0750907674,"mem_info_per_process":{"26360":{"rss":1561628672,"vms":3675365376,"shared":11644928,"text":2322432,"lib":0,"data":2314211328,"dirty":0,"uss":871968768,"pss":1215883264,"swap":0},"26267":{"rss":4552888320,"vms":13833084928,"shared":556867584,"text":2322432,"lib":0,"data":12263174144,"dirty":0,"uss":3855585280,"pss":4201269248,"swap":0}},"nvidia_draw_absolute":43.63,"nvidia_estimated_attributable_power_draw":43.63,"average_gpu_estimated_utilization_absolute":0.28,"per_gpu_average_estimated_utilization_absolute":{"(0, 26267)":{"sm":28.0,"mem":5.5,"enc":0.0,"dec":0.0}},"average_gpu_estimated_utilization_relative":1.0,"per_gpu_performance_state":{"0":"P2"},"per_gpu_power_draw":{"0":43.63},"cpu_count_adjusted_average_load":[0.1334375,0.1409375,0.14125],"cpu_freq":[{"current":1998.093,"min":1200.0,"max":3200.0},{"current":1806.843,"min":1200.0,"max":3200.0},{"current":2244.937,"min":1200.0,"max":3200.0},{"current":1497.0,"min":1200.0,"max":3200.0},{"current":1207.125,"min":1200.0,"max":3200.0},{"current":1202.062,"min":1200.0,"max":3200.0},{"current":2399.906,"min":1200.0,"max":3200.0},{"current":1296.281,"min":1200.0,"max":3200.0},{"current":3150.468,"min":1200.0,"max":3200.0},{"current":1228.312,"min":1200.0,"max":3200.0},{"current":1618.5,"min":1200.0,"max":3200.0},{"current":1384.031,"min":1200.0,"max":3200.0},{"current":1200.0,"min":1200.0,"max":3200.0},{"current":1213.406,"min":1200.0,"max":3200.0},{"current":1250.062,"min":1200.0,"max":3200.0},{"current":1200.093,"min":1200.0,"max":3200.0},{"current":1795.406,"min":1200.0,"max":3200.0},{"current":1200.0,"min":1200.0,"max":3200.0},{"current":2399.906,"min":1200.0,"max":3200.0},{"current":1494.375,"min":1200.0,"max":3200.0},{"current":1202.25,"min":1200.0,"max":3200.0},{"current":1202.062,"min":1200.0,"max":3200.0},{"current":1573.968,"min":1200.0,"max":3200.0},{"current":2400.093,"min":1200.0,"max":3200.0},{"current":3165.937,"min":1200.0,"max":3200.0},{"current":1389.843,"min":1200.0,"max":3200.0},{"current":1624.687,"min":1200.0,"max":3200.0},{"current":1354.5,"min":1200.0,"max":3200.0},{"current":1206.0,"min":1200.0,"max":3200.0},{"current":1246.593,"min":1200.0,"max":3200.0},{"current":1249.125,"min":1200.0,"max":3200.0},{"current":1237.312,"min":1200.0,"max":3200.0}],"realtime_carbon_intensity":403.1433772053,"disk_write_speed":51.3377306195,"process_ids":[26360,26267]}
{"timestamp":1573523401.7076089382,"rapl_power_draw_absolute":66.0916439911,"rapl_estimated_attributable_power_draw":14.9273039185,"cpu_time_seconds":{"26360":{"user":3.2,"system":2.56,"children_user":0.24,"children_system":2.37},"26267":{"user":141.56,"system":7.38,"children_user":0.14,"children_system":0.1}},"average_relative_cpu_utilization":0.2341855572,"absolute_cpu_utilization":0.998642212,"relative_mem_usage":0.1257324336,"absolute_mem_usage":10145013760.0,"absolute_mem_percent_usage":0.0750930413,"mem_info_per_process":{"26360":{"rss":1561628672,"vms":3675365376,"shared":11644928,"text":2322432,"lib":0,"data":2314211328,"dirty":0,"uss":872071168,"pss":1215934464,"swap":0},"26267":{"rss":4552888320,"vms":13833084928,"shared":556867584,"text":2322432,"lib":0,"data":12263174144,"dirty":0,"uss":3855687680,"pss":4201320448,"swap":0}},"nvidia_draw_absolute":45.17,"nvidia_estimated_attributable_power_draw":45.17,"average_gpu_estimated_utilization_absolute":0.285,"per_gpu_average_estimated_utilization_absolute":{"(0, 26267)":{"sm":28.5,"mem":6.0,"enc":0.0,"dec":0.0}},"average_gpu_estimated_utilization_relative":1.0,"per_gpu_performance_state":{"0":"P2"},"per_gpu_power_draw":{"0":45.17},"cpu_count_adjusted_average_load":[0.1328125,0.140625,0.1409375],"cpu_freq":[{"current":1210.406,"min":1200.0,"max":3200.0},{"current":1449.75,"min":1200.0,"max":3200.0},{"current":1229.156,"min":1200.0,"max":3200.0},{"current":2394.75,"min":1200.0,"max":3200.0},{"current":1324.875,"min":1200.0,"max":3200.0},{"current":1200.281,"min":1200.0,"max":3200.0},{"current":1388.812,"min":1200.0,"max":3200.0},{"current":2399.906,"min":1200.0,"max":3200.0},{"current":3165.187,"min":1200.0,"max":3200.0},{"current":1406.437,"min":1200.0,"max":3200.0},{"current":1610.812,"min":1200.0,"max":3200.0},{"current":1298.906,"min":1200.0,"max":3200.0},{"current":1238.343,"min":1200.0,"max":3200.0},{"current":1220.812,"min":1200.0,"max":3200.0},{"current":1258.968,"min":1200.0,"max":3200.0},{"current":1200.093,"min":1200.0,"max":3200.0},{"current":1932.937,"min":1200.0,"max":3200.0},{"current":1599.281,"min":1200.0,"max":3200.0},{"current":1297.5,"min":1200.0,"max":3200.0},{"current":1496.343,"min":1200.0,"max":3200.0},{"current":1200.0,"min":1200.0,"max":3200.0},{"current":1210.968,"min":1200.0,"max":3200.0},{"current":1497.281,"min":1200.0,"max":3200.0},{"current":2399.906,"min":1200.0,"max":3200.0},{"current":3145.312,"min":1200.0,"max":3200.0},{"current":1431.562,"min":1200.0,"max":3200.0},{"current":1453.781,"min":1200.0,"max":3200.0},{"current":1499.062,"min":1200.0,"max":3200.0},{"current":1205.625,"min":1200.0,"max":3200.0},{"current":1252.218,"min":1200.0,"max":3200.0},{"current":1247.531,"min":1200.0,"max":3200.0},{"current":1202.531,"min":1200.0,"max":3200.0}],"realtime_carbon_intensity":403.1433772053,"disk_write_speed":43.6487952371,"process_ids":[26360,26267]}
{"timestamp":1573523409.7145209312,"rapl_power_draw_absolute":65.5286084714,"rapl_estimated_attributable_power_draw":15.1556890194,"cpu_time_seconds":{"26360":{"user":3.44,"system":2.73,"children_user":0.24,"children_system":2.54},"26267":{"user":149.37,"system":7.58,"children_user":0.14,"children_system":0.1}},"average_relative_cpu_utilization":0.2409419207,"absolute_cpu_utilization":0.9985912275,"relative_mem_usage":0.1257274139,"absolute_mem_usage":10145234944.0,"absolute_mem_percent_usage":0.0750946785,"mem_info_per_process":{"26360":{"rss":1561628672,"vms":3675365376,"shared":11644928,"text":2322432,"lib":0,"data":2314211328,"dirty":0,"uss":872144896,"pss":1215971328,"swap":0},"26267":{"rss":4552888320,"vms":13833084928,"shared":556867584,"text":2322432,"lib":0,"data":12263174144,"dirty":0,"uss":3855761408,"pss":4201357312,"swap":0}},"nvidia_draw_absolute":46.13,"nvidia_estimated_attributable_power_draw":46.13,"average_gpu_estimated_utilization_absolute":0.28,"per_gpu_average_estimated_utilization_absolute":{"(0, 26267)":{"sm":28.0,"mem":5.5,"enc":0.0,"dec":0.0}},"average_gpu_estimated_utilization_relative":1.0,"per_gpu_performance_state":{"0":"P2"},"per_gpu_power_draw":{"0":46.13},"cpu_count_adjusted_average_load":[0.1340625,0.140625,0.1409375],"cpu_freq":[{"current":2399.906,"min":1200.0,"max":3200.0},{"current":2399.906,"min":1200.0,"max":3200.0},{"current":2399.906,"min":1200.0,"max":3200.0},{"current":2218.5,"min":1200.0,"max":3200.0},{"current":1249.031,"min":1200.0,"max":3200.0},{"current":1216.406,"min":1200.0,"max":3200.0},{"current":2399.906,"min":1200.0,"max":3200.0},{"current":2399.906,"min":1200.0,"max":3200.0},{"current":3199.968,"min":1200.0,"max":3200.0},{"current":1321.875,"min":1200.0,"max":3200.0},{"current":1480.5,"min":1200.0,"max":3200.0},{"current":1399.687,"min":1200.0,"max":3200.0},{"current":1208.906,"min":1200.0,"max":3200.0},{"current":1200.093,"min":1200.0,"max":3200.0},{"current":1200.093,"min":1200.0,"max":3200.0},{"current":1232.906,"min":1200.0,"max":3200.0},{"current":2400.0,"min":1200.0,"max":3200.0},{"current":2399.906,"min":1200.0,"max":3200.0},{"current":2400.0,"min":1200.0,"max":3200.0},{"current":2400.0,"min":1200.0,"max":3200.0},{"current":1230.093,"min":1200.0,"max":3200.0},{"current":1200.0,"min":1200.0,"max":3200.0},{"current":2400.0,"min":1200.0,"max":3200.0},{"current":2400.093,"min":1200.0,"max":3200.0},{"current":3077.531,"min":1200.0,"max":3200.0},{"current":1243.406,"min":1200.0,"max":3200.0},{"current":1499.906,"min":1200.0,"max":3200.0},{"current":1283.531,"min":1200.0,"max":3200.0},{"current":1272.843,"min":1200.0,"max":3200.0},{"current":1200.0,"min":1200.0,"max":3200.0},{"current":1300.781,"min":1200.0,"max":3200.0},{"current":1201.031,"min":1200.0,"max":3200.0}],"realtime_carbon_intensity":403.1433772053,"disk_write_speed":45.3386485116,"process_ids":[26360,26267]}
{"timestamp":1573523417.7153820992,"rapl_power_draw_absolute":66.7498688737,"rapl_estimated_attributable_power_draw":15.0899728619,"cpu_time_seconds":{"26360":{"user":3.7,"system":2.9,"children_user":0.26,"children_system":2.72},"26267":{"user":157.15,"system":7.81,"children_user":0.14,"children_system":0.1}},"average_relative_cpu_utilization":0.2356196491,"absolute_cpu_utilization":1.0036064537,"relative_mem_usage":0.1257172333,"absolute_mem_usage":10145443840.0,"absolute_mem_percent_usage":0.0750962247,"mem_info_per_process":{"26360":{"rss":1561628672,"vms":3675365376,"shared":11644928,"text":2322432,"lib":0,"data":2314211328,"dirty":0,"uss":872214528,"pss":1216006144,"swap":0},"26267":{"rss":4552888320,"vms":13833084928,"shared":556867584,"text":2322432,"lib":0,"data":12263174144,"dirty":0,"uss":3855831040,"pss":4201392128,"swap":0}},"nvidia_draw_absolute":43.08,"nvidia_estimated_attributable_power_draw":43.08,"average_gpu_estimated_utilization_absolute":0.28,"per_gpu_average_estimated_utilization_absolute":{"(0, 26267)":{"sm":28,"mem":6,"enc":0,"dec":0}},"average_gpu_estimated_utilization_relative":1.0,"per_gpu_performance_state":{"0":"P2"},"per_gpu_power_draw":{"0":43.08},"cpu_count_adjusted_average_load":[0.1309375,0.1396875,0.1409375],"cpu_freq":[{"current":2634.468,"min":1200.0,"max":3200.0},{"current":2400.0,"min":1200.0,"max":3200.0},{"current":1825.406,"min":1200.0,"max":3200.0},{"current":2393.156,"min":1200.0,"max":3200.0},{"current":1227.187,"min":1200.0,"max":3200.0},{"current":1305.0,"min":1200.0,"max":3200.0},{"current":1199.906,"min":1200.0,"max":3200.0},{"current":1966.687,"min":1200.0,"max":3200.0},{"current":3172.875,"min":1200.0,"max":3200.0},{"current":1397.156,"min":1200.0,"max":3200.0},{"current":1400.062,"min":1200.0,"max":3200.0},{"current":1681.031,"min":1200.0,"max":3200.0},{"current":1217.906,"min":1200.0,"max":3200.0},{"current":1200.281,"min":1200.0,"max":3200.0},{"current":1396.875,"min":1200.0,"max":3200.0},{"current":1201.218,"min":1200.0,"max":3200.0},{"current":2199.281,"min":1200.0,"max":3200.0},{"current":2400.0,"min":1200.0,"max":3200.0},{"current":2296.031,"min":1200.0,"max":3200.0},{"current":2385.468,"min":1200.0,"max":3200.0},{"current":1200.0,"min":1200.0,"max":3200.0},{"current":1332.093,"min":1200.0,"max":3200.0},{"current":1199.906,"min":1200.0,"max":3200.0},{"current":2400.0,"min":1200.0,"max":3200.0},{"current":3128.625,"min":1200.0,"max":3200.0},{"current":1243.218,"min":1200.0,"max":3200.0},{"current":1311.468,"min":1200.0,"max":3200.0},{"current":1701.843,"min":1200.0,"max":3200.0},{"current":1269.562,"min":1200.0,"max":3200.0},{"current":1205.812,"min":1200.0,"max":3200.0},{"current":1367.062,"min":1200.0,"max":3200.0},{"current":1202.156,"min":1200.0,"max":3200.0}],"realtime_carbon_intensity":403.1433772053,"disk_write_speed":50.0265399809,"process_ids":[26360,26267]}
{"timestamp":1573523425.7309789658,"rapl_power_draw_absolute":65.0067056003,"rapl_estimated_attributable_power_draw":15.1891645957,"cpu_time_seconds":{"26360":{"user":3.94,"system":3.08,"children_user":0.27,"children_system":2.89},"26267":{"user":164.94,"system":8.04,"children_user":0.14,"children_system":0.1}},"average_relative_cpu_utilization":0.2427339441,"absolute_cpu_utilization":1.003604936,"relative_mem_usage":0.1257069031,"absolute_mem_usage":10145542144.0,"absolute_mem_percent_usage":0.0750969523,"mem_info_per_process":{"26360":{"rss":1561628672,"vms":3675365376,"shared":11644928,"text":2322432,"lib":0,"data":2314211328,"dirty":0,"uss":872247296,"pss":1216022528,"swap":0},"26267":{"rss":4552888320,"vms":13833084928,"shared":556867584,"text":2322432,"lib":0,"data":12263174144,"dirty":0,"uss":3855863808,"pss":4201408512,"swap":0}},"nvidia_draw_absolute":42.4,"nvidia_estimated_attributable_power_draw":42.4,"average_gpu_estimated_utilization_absolute":0.2833333333,"per_gpu_average_estimated_utilization_absolute":{"(0, 26267)":{"sm":28.3333333333,"mem":5.6666666667,"enc":0.0,"dec":0.0}},"average_gpu_estimated_utilization_relative":1.0,"per_gpu_performance_state":{"0":"P2"},"per_gpu_power_draw":{"0":42.4},"cpu_count_adjusted_average_load":[0.13,0.139375,0.140625],"cpu_freq":[{"current":2400.0,"min":1200.0,"max":3200.0},{"current":2399.906,"min":1200.0,"max":3200.0},{"current":1245.281,"min":1200.0,"max":3200.0},{"current":1399.968,"min":1200.0,"max":3200.0},{"current":1357.875,"min":1200.0,"max":3200.0},{"current":1236.375,"min":1200.0,"max":3200.0},{"current":2398.875,"min":1200.0,"max":3200.0},{"current":2399.906,"min":1200.0,"max":3200.0},{"current":3151.5,"min":1200.0,"max":3200.0},{"current":1298.062,"min":1200.0,"max":3200.0},{"current":1200.562,"min":1200.0,"max":3200.0},{"current":1575.656,"min":1200.0,"max":3200.0},{"current":1334.437,"min":1200.0,"max":3200.0},{"current":1200.093,"min":1200.0,"max":3200.0},{"current":1490.906,"min":1200.0,"max":3200.0},{"current":1200.0,"min":1200.0,"max":3200.0},{"current":2399.906,"min":1200.0,"max":3200.0},{"current":2400.0,"min":1200.0,"max":3200.0},{"current":1298.25,"min":1200.0,"max":3200.0},{"current":1414.687,"min":1200.0,"max":3200.0},{"current":1696.687,"min":1200.0,"max":3200.0},{"current":1278.468,"min":1200.0,"max":3200.0},{"current":2399.906,"min":1200.0,"max":3200.0},{"current":2399.906,"min":1200.0,"max":3200.0},{"current":3103.875,"min":1200.0,"max":3200.0},{"current":1335.187,"min":1200.0,"max":3200.0},{"current":1624.125,"min":1200.0,"max":3200.0},{"current":1406.062,"min":1200.0,"max":3200.0},{"current":1277.437,"min":1200.0,"max":3200.0},{"current":1209.562,"min":1200.0,"max":3200.0},{"current":1477.125,"min":1200.0,"max":3200.0},{"current":1209.468,"min":1200.0,"max":3200.0}],"realtime_carbon_intensity":403.1433772053,"disk_write_speed":51.9099994859,"process_ids":[26360,26267]}
{"timestamp":1573523433.7271571159,"rapl_power_draw_absolute":66.2726630911,"rapl_estimated_attributable_power_draw":15.5829375538,"cpu_time_seconds":{"26360":{"user":4.19,"system":3.28,"children_user":0.28,"children_system":3.06},"26267":{"user":172.73,"system":8.25,"children_user":0.14,"children_system":0.1}},"average_relative_cpu_utilization":0.2441808518,"absolute_cpu_utilization":0.9985909563,"relative_mem_usage":0.1256963115,"absolute_mem_usage":10145665024.0,"absolute_mem_percent_usage":0.0750978619,"mem_info_per_process":{"26360":{"rss":1561628672,"vms":3675365376,"shared":11644928,"text":2322432,"lib":0,"data":2314211328,"dirty":0,"uss":872288256,"pss":1216043008,"swap":0},"26267":{"rss":4552888320,"vms":13833084928,"shared":556867584,"text":2322432,"lib":0,"data":12263174144,"dirty":0,"uss":3855904768,"pss":4201428992,"swap":0}},"nvidia_draw_absolute":45.37,"nvidia_estimated_attributable_power_draw":45.37,"average_gpu_estimated_utilization_absolute":0.2866666667,"per_gpu_average_estimated_utilization_absolute":{"(0, 26267)":{"sm":28.6666666667,"mem":5.6666666667,"enc":0.0,"dec":0.0}},"average_gpu_estimated_utilization_relative":1.0,"per_gpu_performance_state":{"0":"P2"},"per_gpu_power_draw":{"0":45.37},"cpu_count_adjusted_average_load":[0.1240625,0.1378125,0.14],"cpu_freq":[{"current":2399.906,"min":1200.0,"max":3200.0},{"current":2296.218,"min":1200.0,"max":3200.0},{"current":2399.812,"min":1200.0,"max":3200.0},{"current":1599.937,"min":1200.0,"max":3200.0},{"current":1321.312,"min":1200.0,"max":3200.0},{"current":1200.843,"min":1200.0,"max":3200.0},{"current":2399.906,"min":1200.0,"max":3200.0},{"current":2400.0,"min":1200.0,"max":3200.0},{"current":3152.343,"min":1200.0,"max":3200.0},{"current":1278.375,"min":1200.0,"max":3200.0},{"current":1298.718,"min":1200.0,"max":3200.0},{"current":1300.125,"min":1200.0,"max":3200.0},{"current":1200.0,"min":1200.0,"max":3200.0},{"current":1230.187,"min":1200.0,"max":3200.0},{"current":1208.343,"min":1200.0,"max":3200.0},{"current":1200.093,"min":1200.0,"max":3200.0},{"current":2400.0,"min":1200.0,"max":3200.0},{"current":1787.718,"min":1200.0,"max":3200.0},{"current":2400.0,"min":1200.0,"max":3200.0},{"current":1657.406,"min":1200.0,"max":3200.0},{"current":1235.812,"min":1200.0,"max":3200.0},{"current":1490.531,"min":1200.0,"max":3200.0},{"current":2400.0,"min":1200.0,"max":3200.0},{"current":2400.0,"min":1200.0,"max":3200.0},{"current":3185.437,"min":1200.0,"max":3200.0},{"current":1396.5,"min":1200.0,"max":3200.0},{"current":1226.062,"min":1200.0,"max":3200.0},{"current":1200.937,"min":1200.0,"max":3200.0},{"current":1237.218,"min":1200.0,"max":3200.0},{"current":1225.875,"min":1200.0,"max":3200.0},{"current":1224.093,"min":1200.0,"max":3200.0},{"current":1200.656,"min":1200.0,"max":3200.0}],"realtime_carbon_intensity":403.1433772053,"disk_write_speed":55.4798971283,"process_ids":[26360,26267]}
{"timestamp":1573523441.7276918888,"rapl_power_draw_absolute":65.719527068,"rapl_estimated_attributable_power_draw":15.6502262211,"cpu_time_seconds":{"26360":{"user":4.42,"system":3.47,"children_user":0.3,"children_system":3.24},"26267":{"user":180.59,"system":8.39,"children_user":0.14,"children_system":0.1}},"average_relative_cpu_utilization":0.2475068287,"absolute_cpu_utilization":0.9986152368,"relative_mem_usage":0.1256883681,"absolute_mem_usage":10145701888.0,"absolute_mem_percent_usage":0.0750981348,"mem_info_per_process":{"26360":{"rss":1561628672,"vms":3675365376,"shared":11644928,"text":2322432,"lib":0,"data":2314211328,"dirty":0,"uss":872300544,"pss":1216049152,"swap":0},"26267":{"rss":4552888320,"vms":13833084928,"shared":556867584,"text":2322432,"lib":0,"data":12263174144,"dirty":0,"uss":3855917056,"pss":4201435136,"swap":0}},"nvidia_draw_absolute":44.96,"nvidia_estimated_attributable_power_draw":44.96,"average_gpu_estimated_utilization_absolute":0.285,"per_gpu_average_estimated_utilization_absolute":{"(0, 26267)":{"sm":28.5,"mem":6.0,"enc":0.0,"dec":0.0}},"average_gpu_estimated_utilization_relative":1.0,"per_gpu_performance_state":{"0":"P2"},"per_gpu_power_draw":{"0":44.96},"cpu_count_adjusted_average_load":[0.1290625,0.13875,0.1403125],"cpu_freq":[{"current":2399.906,"min":1200.0,"max":3200.0},{"current":1298.906,"min":1200.0,"max":3200.0},{"current":1296.187,"min":1200.0,"max":3200.0},{"current":1276.687,"min":1200.0,"max":3200.0},{"current":1259.906,"min":1200.0,"max":3200.0},{"current":1200.468,"min":1200.0,"max":3200.0},{"current":2399.906,"min":1200.0,"max":3200.0},{"current":2399.906,"min":1200.0,"max":3200.0},{"current":3015.656,"min":1200.0,"max":3200.0},{"current":1851.093,"min":1200.0,"max":3200.0},{"current":1395.75,"min":1200.0,"max":3200.0},{"current":1288.031,"min":1200.0,"max":3200.0},{"current":1200.093,"min":1200.0,"max":3200.0},{"current":1200.093,"min":1200.0,"max":3200.0},{"current":1276.593,"min":1200.0,"max":3200.0},{"current":1200.093,"min":1200.0,"max":3200.0},{"current":1865.906,"min":1200.0,"max":3200.0},{"current":1810.125,"min":1200.0,"max":3200.0},{"current":1593.843,"min":1200.0,"max":3200.0},{"current":1299.375,"min":1200.0,"max":3200.0},{"current":1210.031,"min":1200.0,"max":3200.0},{"current":1490.531,"min":1200.0,"max":3200.0},{"current":2399.906,"min":1200.0,"max":3200.0},{"current":2399.906,"min":1200.0,"max":3200.0},{"current":3180.843,"min":1200.0,"max":3200.0},{"current":1665.562,"min":1200.0,"max":3200.0},{"current":1281.468,"min":1200.0,"max":3200.0},{"current":1287.75,"min":1200.0,"max":3200.0},{"current":1237.218,"min":1200.0,"max":3200.0},{"current":1205.062,"min":1200.0,"max":3200.0},{"current":1224.093,"min":1200.0,"max":3200.0},{"current":1204.875,"min":1200.0,"max":3200.0}],"realtime_carbon_intensity":403.1433772053,"disk_write_speed":47.7682825383,"process_ids":[26360,26267]}
{"timestamp":1573523449.7376079559,"rapl_power_draw_absolute":65.4820685845,"rapl_estimated_attributable_power_draw":15.6417309895,"cpu_time_seconds":{"26360":{"user":4.68,"system":3.63,"children_user":0.32,"children_system":3.41},"26267":{"user":188.36,"system":8.63,"children_user":0.14,"children_system":0.1}},"average_relative_cpu_utilization":0.2484257135,"absolute_cpu_utilization":0.9986075766,"relative_mem_usage":0.1256821801,"absolute_mem_usage":10145824768.0,"absolute_mem_percent_usage":0.0750990443,"mem_info_per_process":{"26360":{"rss":1561628672,"vms":3675365376,"shared":11644928,"text":2322432,"lib":0,"data":2314211328,"dirty":0,"uss":872341504,"pss":1216069632,"swap":0},"26267":{"rss":4552888320,"vms":13833084928,"shared":556867584,"text":2322432,"lib":0,"data":12263174144,"dirty":0,"uss":3855958016,"pss":4201455616,"swap":0}},"nvidia_draw_absolute":45.05,"nvidia_estimated_attributable_power_draw":45.05,"average_gpu_estimated_utilization_absolute":0.285,"per_gpu_average_estimated_utilization_absolute":{"(0, 26267)":{"sm":28.5,"mem":6.0,"enc":0.0,"dec":0.0}},"average_gpu_estimated_utilization_relative":1.0,"per_gpu_performance_state":{"0":"P2"},"per_gpu_power_draw":{"0":45.05},"cpu_count_adjusted_average_load":[0.12625,0.1375,0.14],"cpu_freq":[{"current":2399.906,"min":1200.0,"max":3200.0},{"current":1999.687,"min":1200.0,"max":3200.0},{"current":2399.906,"min":1200.0,"max":3200.0},{"current":2399.25,"min":1200.0,"max":3200.0},{"current":1524.562,"min":1200.0,"max":3200.0},{"current":1239.375,"min":1200.0,"max":3200.0},{"current":1599.562,"min":1200.0,"max":3200.0},{"current":1205.906,"min":1200.0,"max":3200.0},{"current":3103.312,"min":1200.0,"max":3200.0},{"current":1297.593,"min":1200.0,"max":3200.0},{"current":2069.062,"min":1200.0,"max":3200.0},{"current":1202.25,"min":1200.0,"max":3200.0},{"current":1200.281,"min":1200.0,"max":3200.0},{"current":1240.406,"min":1200.0,"max":3200.0},{"current":1200.093,"min":1200.0,"max":3200.0},{"current":1200.093,"min":1200.0,"max":3200.0},{"current":2400.0,"min":1200.0,"max":3200.0},{"current":2099.062,"min":1200.0,"max":3200.0},{"current":2400.0,"min":1200.0,"max":3200.0},{"current":2340.843,"min":1200.0,"max":3200.0},{"current":1500.0,"min":1200.0,"max":3200.0},{"current":1204.687,"min":1200.0,"max":3200.0},{"current":1495.031,"min":1200.0,"max":3200.0},{"current":2399.625,"min":1200.0,"max":3200.0},{"current":3185.812,"min":1200.0,"max":3200.0},{"current":1539.468,"min":1200.0,"max":3200.0},{"current":1699.875,"min":1200.0,"max":3200.0},{"current":1270.031,"min":1200.0,"max":3200.0},{"current":1204.031,"min":1200.0,"max":3200.0},{"current":1233.843,"min":1200.0,"max":3200.0},{"current":1248.75,"min":1200.0,"max":3200.0},{"current":1207.312,"min":1200.0,"max":3200.0}],"realtime_carbon_intensity":403.1433772053,"disk_write_speed":49.4182407722,"process_ids":[26360,26267]}
{"timestamp":1573523457.7305409908,"rapl_power_draw_absolute":67.0491171929,"rapl_estimated_attributable_power_draw":15.6541436806,"cpu_time_seconds":{"26360":{"user":4.9,"system":3.84,"children_user":0.34,"children_system":3.57},"26267":{"user":196.22,"system":8.78,"children_user":0.14,"children_system":0.1}},"average_relative_cpu_utilization":0.2436236016,"absolute_cpu_utilization":1.0036199861,"relative_mem_usage":0.1256714697,"absolute_mem_usage":10145984512.0,"absolute_mem_percent_usage":0.0751002267,"mem_info_per_process":{"26360":{"rss":1561628672,"vms":3675365376,"shared":11644928,"text":2322432,"lib":0,"data":2314211328,"dirty":0,"uss":872390656,"pss":1216094208,"swap":0},"26267":{"rss":4552888320,"vms":13833084928,"shared":556867584,"text":2322432,"lib":0,"data":12263174144,"dirty":0,"uss":3856015360,"pss":4201484288,"swap":0}},"nvidia_draw_absolute":43.63,"nvidia_estimated_attributable_power_draw":43.63,"average_gpu_estimated_utilization_absolute":0.285,"per_gpu_average_estimated_utilization_absolute":{"(0, 26267)":{"sm":28.5,"mem":6.0,"enc":0.0,"dec":0.0}},"average_gpu_estimated_utilization_relative":1.0,"per_gpu_performance_state":{"0":"P2"},"per_gpu_power_draw":{"0":43.63},"cpu_count_adjusted_average_load":[0.12375,0.136875,0.1396875],"cpu_freq":[{"current":1595.812,"min":1200.0,"max":3200.0},{"current":1819.781,"min":1200.0,"max":3200.0},{"current":2399.906,"min":1200.0,"max":3200.0},{"current":1297.875,"min":1200.0,"max":3200.0},{"current":1232.343,"min":1200.0,"max":3200.0},{"current":1290.656,"min":1200.0,"max":3200.0},{"current":2400.375,"min":1200.0,"max":3200.0},{"current":2399.906,"min":1200.0,"max":3200.0},{"current":3124.406,"min":1200.0,"max":3200.0},{"current":1497.75,"min":1200.0,"max":3200.0},{"current":1333.406,"min":1200.0,"max":3200.0},{"current":1752.281,"min":1200.0,"max":3200.0},{"current":1262.062,"min":1200.0,"max":3200.0},{"current":1300.031,"min":1200.0,"max":3200.0},{"current":1699.968,"min":1200.0,"max":3200.0},{"current":1815.281,"min":1200.0,"max":3200.0},{"current":1607.531,"min":1200.0,"max":3200.0},{"current":1680.187,"min":1200.0,"max":3200.0},{"current":2400.0,"min":1200.0,"max":3200.0},{"current":1217.718,"min":1200.0,"max":3200.0},{"current":1216.875,"min":1200.0,"max":3200.0},{"current":1204.687,"min":1200.0,"max":3200.0},{"current":2399.906,"min":1200.0,"max":3200.0},{"current":2400.093,"min":1200.0,"max":3200.0},{"current":3073.687,"min":1200.0,"max":3200.0},{"current":1278.562,"min":1200.0,"max":3200.0},{"current":2056.5,"min":1200.0,"max":3200.0},{"current":1647.0,"min":1200.0,"max":3200.0},{"current":1369.968,"min":1200.0,"max":3200.0},{"current":1238.343,"min":1200.0,"max":3200.0},{"current":1400.906,"min":1200.0,"max":3200.0},{"current":1543.968,"min":1200.0,"max":3200.0}],"realtime_carbon_intensity":403.1433772053,"disk_write_speed":47.226505278,"process_ids":[26360,26267]}
{"timestamp":1573523465.7343039513,"rapl_power_draw_absolute":65.0175336682,"rapl_estimated_attributable_power_draw":15.0276909523,"cpu_time_seconds":{"26360":{"user":5.13,"system":4.02,"children_user":0.34,"children_system":3.75},"26267":{"user":203.99,"system":9.01,"children_user":0.14,"children_system":0.1}},"average_relative_cpu_utilization":0.2401262954,"absolute_cpu_utilization":1.0036194298,"relative_mem_usage":0.1256610802,"absolute_mem_usage":10146045952.0,"absolute_mem_percent_usage":0.0751006815,"mem_info_per_process":{"26360":{"rss":1561628672,"vms":3675365376,"shared":11644928,"text":2322432,"lib":0,"data":2314211328,"dirty":0,"uss":872415232,"pss":1216106496,"swap":0},"26267":{"rss":4552888320,"vms":13833084928,"shared":556867584,"text":2322432,"lib":0,"data":12263174144,"dirty":0,"uss":3856031744,"pss":4201492480,"swap":0}},"nvidia_draw_absolute":45.44,"nvidia_estimated_attributable_power_draw":45.44,"average_gpu_estimated_utilization_absolute":0.285,"per_gpu_average_estimated_utilization_absolute":{"(0, 26267)":{"sm":28.5,"mem":6.0,"enc":0.0,"dec":0.0}},"average_gpu_estimated_utilization_relative":1.0,"per_gpu_performance_state":{"0":"P2"},"per_gpu_power_draw":{"0":45.44},"cpu_count_adjusted_average_load":[0.12625,0.1371875,0.1396875],"cpu_freq":[{"current":1596.0,"min":1200.0,"max":3200.0},{"current":1255.312,"min":1200.0,"max":3200.0},{"current":1500.0,"min":1200.0,"max":3200.0},{"current":1395.937,"min":1200.0,"max":3200.0},{"current":1360.406,"min":1200.0,"max":3200.0},{"current":1283.906,"min":1200.0,"max":3200.0},{"current":1399.968,"min":1200.0,"max":3200.0},{"current":2399.906,"min":1200.0,"max":3200.0},{"current":3148.406,"min":1200.0,"max":3200.0},{"current":1296.468,"min":1200.0,"max":3200.0},{"current":1295.718,"min":1200.0,"max":3200.0},{"current":1463.531,"min":1200.0,"max":3200.0},{"current":1200.0,"min":1200.0,"max":3200.0},{"current":1200.187,"min":1200.0,"max":3200.0},{"current":1200.187,"min":1200.0,"max":3200.0},{"current":1278.375,"min":1200.0,"max":3200.0},{"current":1357.875,"min":1200.0,"max":3200.0},{"current":1293.468,"min":1200.0,"max":3200.0},{"current":1497.843,"min":1200.0,"max":3200.0},{"current":1326.0,"min":1200.0,"max":3200.0},{"current":1203.75,"min":1200.0,"max":3200.0},{"current":1202.156,"min":1200.0,"max":3200.0},{"current":1340.437,"min":1200.0,"max":3200.0},{"current":2399.906,"min":1200.0,"max":3200.0},{"current":3136.312,"min":1200.0,"max":3200.0},{"current":1493.25,"min":1200.0,"max":3200.0},{"current":1218.75,"min":1200.0,"max":3200.0},{"current":1375.5,"min":1200.0,"max":3200.0},{"current":1205.531,"min":1200.0,"max":3200.0},{"current":1227.0,"min":1200.0,"max":3200.0},{"current":1269.562,"min":1200.0,"max":3200.0},{"current":1248.468,"min":1200.0,"max":3200.0}],"realtime_carbon_intensity":403.1433772053,"disk_write_speed":42.4767409423,"process_ids":[26360,26267]}
{"timestamp":1573523473.7294490337,"rapl_power_draw_absolute":65.2334323257,"rapl_estimated_attributable_power_draw":15.0991868328,"cpu_time_seconds":{"26360":{"user":5.37,"system":4.21,"children_user":0.34,"children_system":3.93},"26267":{"user":211.77,"system":9.23,"children_user":0.14,"children_system":0.1}},"average_relative_cpu_utilization":0.2404085412,"absolute_cpu_utilization":1.0035853745,"relative_mem_usage":0.1256545456,"absolute_mem_usage":10146156544.0,"absolute_mem_percent_usage":0.0751015001,"mem_info_per_process":{"26360":{"rss":1561628672,"vms":3675365376,"shared":11644928,"text":2322432,"lib":0,"data":2314211328,"dirty":0,"uss":872452096,"pss":1216124928,"swap":0},"26267":{"rss":4552888320,"vms":13833084928,"shared":556867584,"text":2322432,"lib":0,"data":12263174144,"dirty":0,"uss":3856068608,"pss":4201510912,"swap":0}},"nvidia_draw_absolute":47.03,"nvidia_estimated_attributable_power_draw":47.03,"average_gpu_estimated_utilization_absolute":0.285,"per_gpu_average_estimated_utilization_absolute":{"(0, 26267)":{"sm":28.5,"mem":6.0,"enc":0.0,"dec":0.0}},"average_gpu_estimated_utilization_relative":1.0,"per_gpu_performance_state":{"0":"P2"},"per_gpu_power_draw":{"0":47.03},"cpu_count_adjusted_average_load":[0.12375,0.13625,0.139375],"cpu_freq":[{"current":1724.437,"min":1200.0,"max":3200.0},{"current":2399.906,"min":1200.0,"max":3200.0},{"current":2399.906,"min":1200.0,"max":3200.0},{"current":1499.906,"min":1200.0,"max":3200.0},{"current":1200.656,"min":1200.0,"max":3200.0},{"current":1200.187,"min":1200.0,"max":3200.0},{"current":1199.906,"min":1200.0,"max":3200.0},{"current":1200.0,"min":1200.0,"max":3200.0},{"current":3137.062,"min":1200.0,"max":3200.0},{"current":1295.812,"min":1200.0,"max":3200.0},{"current":1275.468,"min":1200.0,"max":3200.0},{"current":1847.625,"min":1200.0,"max":3200.0},{"current":1200.0,"min":1200.0,"max":3200.0},{"current":1200.093,"min":1200.0,"max":3200.0},{"current":1287.375,"min":1200.0,"max":3200.0},{"current":1298.906,"min":1200.0,"max":3200.0},{"current":2400.0,"min":1200.0,"max":3200.0},{"current":2400.0,"min":1200.0,"max":3200.0},{"current":1896.656,"min":1200.0,"max":3200.0},{"current":1324.875,"min":1200.0,"max":3200.0},{"current":1200.0,"min":1200.0,"max":3200.0},{"current":1407.093,"min":1200.0,"max":3200.0},{"current":1299.093,"min":1200.0,"max":3200.0},{"current":1500.093,"min":1200.0,"max":3200.0},{"current":3167.437,"min":1200.0,"max":3200.0},{"current":1200.187,"min":1200.0,"max":3200.0},{"current":1326.0,"min":1200.0,"max":3200.0},{"current":1979.156,"min":1200.0,"max":3200.0},{"current":1278.562,"min":1200.0,"max":3200.0},{"current":1266.187,"min":1200.0,"max":3200.0},{"current":1205.531,"min":1200.0,"max":3200.0},{"current":1264.687,"min":1200.0,"max":3200.0}],"realtime_carbon_intensity":403.1433772053,"disk_write_speed":31.8089477985,"process_ids":[26360,26267]}
