{"timestamp":1572411553.4870989323,"rapl_power_draw_absolute":88.0713723056,"rapl_estimated_attributable_power_draw":19.7992211133,"cpu_time_seconds":{"5992":{"user":9.65,"system":2.42,"children_user":0.07,"children_system":0.2},"6113":{"user":0.0,"system":0.04,"children_user":0.0,"children_system":0.05}},"average_relative_cpu_utilization":0.2334367477,"absolute_cpu_utilization":1.0037246603,"relative_mem_usage":0.1534337373,"absolute_mem_usage":3709277184.0,"absolute_mem_percent_usage":0.0274559948,"mem_info_per_process":{"5992":{"rss":3646451712,"vms":11646566400,"shared":565145600,"text":2322432,"lib":0,"data":9918763008,"dirty":0,"uss":119840768,"pss":1823984640,"swap":0},"6113":{"rss":3255316480,"vms":11646566400,"shared":173854720,"text":2322432,"lib":0,"data":9918763008,"dirty":0,"uss":94195712,"pss":1671256064,"swap":0}},"nvidia_draw_absolute":135.07,"nvidia_estimated_attributable_power_draw":135.07,"average_gpu_estimated_utilization_absolute":0.99,"per_gpu_average_estimated_utilization_absolute":{"(0, 5992)":{"sm":99,"mem":55,"enc":0,"dec":0}},"average_gpu_estimated_utilization_relative":1.0,"per_gpu_performance_state":{"0":"P2"},"per_gpu_power_draw":{"0":135.07},"cpu_count_adjusted_average_load":[0.1640625,0.1640625,0.16],"realtime_carbon_intensity":337.461173778,"disk_write_speed":35.8729740594,"process_ids":[5992,6113]}
{"timestamp":1572411561.668970108,"rapl_power_draw_absolute":87.9831617121,"rapl_estimated_attributable_power_draw":19.8415327092,"cpu_time_seconds":{"5992":{"user":17.81,"system":2.44,"children_user":0.07,"children_system":0.2},"6113":{"user":0.14,"system":0.33,"children_user":0.01,"children_system":0.24}},"average_relative_cpu_utilization":0.2339797519,"absolute_cpu_utilization":1.0037657894,"relative_mem_usage":0.1546729624,"absolute_mem_usage":3740277760.0,"absolute_mem_percent_usage":0.0276854604,"mem_info_per_process":{"5992":{"rss":3646451712,"vms":11646566400,"shared":565145600,"text":2322432,"lib":0,"data":9918763008,"dirty":0,"uss":130015232,"pss":1828895744,"swap":0},"6113":{"rss":3261976576,"vms":11646566400,"shared":180502528,"text":2322432,"lib":0,"data":9918763008,"dirty":0,"uss":103931904,"pss":1677434880,"swap":0}},"nvidia_draw_absolute":136.84,"nvidia_estimated_attributable_power_draw":136.84,"average_gpu_estimated_utilization_absolute":0.99,"per_gpu_average_estimated_utilization_absolute":{"(0, 5992)":{"sm":99,"mem":55,"enc":0,"dec":0}},"average_gpu_estimated_utilization_relative":1.0,"per_gpu_performance_state":{"0":"P2"},"per_gpu_power_draw":{"0":136.84},"cpu_count_adjusted_average_load":[0.158125,0.163125,0.159375],"realtime_carbon_intensity":337.461173778,"disk_write_speed":28.734670016,"process_ids":[5992,6113]}
{"timestamp":1572411569.8132050037,"rapl_power_draw_absolute":88.0176711344,"rapl_estimated_attributable_power_draw":19.9705713961,"cpu_time_seconds":{"5992":{"user":25.9,"system":2.5,"children_user":0.07,"children_system":0.2},"6113":{"user":0.26,"system":0.62,"children_user":0.01,"children_system":0.44}},"average_relative_cpu_utilization":0.2356189111,"absolute_cpu_utilization":1.0037461766,"relative_mem_usage":0.1547354518,"absolute_mem_usage":3741651968.0,"absolute_mem_percent_usage":0.0276956323,"mem_info_per_process":{"5992":{"rss":3646545920,"vms":11646566400,"shared":565145600,"text":2322432,"lib":0,"data":9918763008,"dirty":0,"uss":130826240,"pss":1829366784,"swap":0},"6113":{"rss":3261976576,"vms":11646566400,"shared":180502528,"text":2322432,"lib":0,"data":9918763008,"dirty":0,"uss":103993344,"pss":1677465600,"swap":0}},"nvidia_draw_absolute":136.55,"nvidia_estimated_attributable_power_draw":136.55,"average_gpu_estimated_utilization_absolute":0.98,"per_gpu_average_estimated_utilization_absolute":{"(0, 5992)":{"sm":98,"mem":54,"enc":0,"dec":0}},"average_gpu_estimated_utilization_relative":1.0,"per_gpu_performance_state":{"0":"P2"},"per_gpu_power_draw":{"0":136.55},"cpu_count_adjusted_average_load":[0.155625,0.1621875,0.159375],"realtime_carbon_intensity":337.461173778,"disk_write_speed":19.75305293,"process_ids":[5992,6113]}
{"timestamp":1572411577.9073390961,"rapl_power_draw_absolute":87.8132225244,"rapl_estimated_attributable_power_draw":19.8319285294,"cpu_time_seconds":{"5992":{"user":33.96,"system":2.53,"children_user":0.07,"children_system":0.2},"6113":{"user":0.34,"system":0.88,"children_user":0.01,"children_system":0.66}},"average_relative_cpu_utilization":0.2341738517,"absolute_cpu_utilization":0.9987502166,"relative_mem_usage":0.1547555583,"absolute_mem_usage":3741918208.0,"absolute_mem_percent_usage":0.027697603,"mem_info_per_process":{"5992":{"rss":3646660608,"vms":11646566400,"shared":565145600,"text":2322432,"lib":0,"data":9918763008,"dirty":0,"uss":130957312,"pss":1829495808,"swap":0},"6113":{"rss":3261976576,"vms":11646566400,"shared":180502528,"text":2322432,"lib":0,"data":9918763008,"dirty":0,"uss":103997440,"pss":1677467648,"swap":0}},"nvidia_draw_absolute":137.8,"nvidia_estimated_attributable_power_draw":137.8,"average_gpu_estimated_utilization_absolute":0.985,"per_gpu_average_estimated_utilization_absolute":{"(0, 5992)":{"sm":98.5,"mem":54.0,"enc":0.0,"dec":0.0}},"average_gpu_estimated_utilization_relative":1.0,"per_gpu_performance_state":{"0":"P2"},"per_gpu_power_draw":{"0":137.8},"cpu_count_adjusted_average_load":[0.155625,0.161875,0.1590625],"realtime_carbon_intensity":337.461173778,"disk_write_speed":15.1058925008,"process_ids":[5992,6113]}
{"timestamp":1572411586.0335710049,"rapl_power_draw_absolute":87.3215739342,"rapl_estimated_attributable_power_draw":20.1648167769,"cpu_time_seconds":{"5992":{"user":42.05,"system":2.58,"children_user":0.07,"children_system":0.2},"6113":{"user":0.4,"system":1.16,"children_user":0.02,"children_system":0.86}},"average_relative_cpu_utilization":0.2401780496,"absolute_cpu_utilization":1.0087736937,"relative_mem_usage":0.1547285835,"absolute_mem_usage":3742169088.0,"absolute_mem_percent_usage":0.02769946,"mem_info_per_process":{"5992":{"rss":3646812160,"vms":11646566400,"shared":565145600,"text":2322432,"lib":0,"data":9918763008,"dirty":0,"uss":131072000,"pss":1829599232,"swap":0},"6113":{"rss":3262042112,"vms":11646566400,"shared":180568064,"text":2322432,"lib":0,"data":9918763008,"dirty":0,"uss":104013824,"pss":1677484032,"swap":0}},"nvidia_draw_absolute":137.94,"nvidia_estimated_attributable_power_draw":137.94,"average_gpu_estimated_utilization_absolute":0.985,"per_gpu_average_estimated_utilization_absolute":{"(0, 5992)":{"sm":98.5,"mem":54.5,"enc":0.0,"dec":0.0}},"average_gpu_estimated_utilization_relative":1.0,"per_gpu_performance_state":{"0":"P2"},"per_gpu_power_draw":{"0":137.94},"cpu_count_adjusted_average_load":[0.1584375,0.1625,0.159375],"realtime_carbon_intensity":337.461173778,"disk_write_speed":23.1909734637,"process_ids":[5992,6113]}
{"timestamp":1572411594.156265974,"rapl_power_draw_absolute":87.7612855002,"rapl_estimated_attributable_power_draw":19.8577510922,"cpu_time_seconds":{"5992":{"user":50.12,"system":2.63,"children_user":0.07,"children_system":0.2},"6113":{"user":0.5,"system":1.44,"children_user":0.04,"children_system":1.06}},"average_relative_cpu_utilization":0.2347993995,"absolute_cpu_utilization":1.0037628481,"relative_mem_usage":0.1547307284,"absolute_mem_usage":3742185472.0,"absolute_mem_percent_usage":0.0276995813,"mem_info_per_process":{"5992":{"rss":3646812160,"vms":11646566400,"shared":565145600,"text":2322432,"lib":0,"data":9918763008,"dirty":0,"uss":131076096,"pss":1829601280,"swap":0},"6113":{"rss":3262042112,"vms":11646566400,"shared":180568064,"text":2322432,"lib":0,"data":9918763008,"dirty":0,"uss":104017920,"pss":1677490176,"swap":0}},"nvidia_draw_absolute":139.43,"nvidia_estimated_attributable_power_draw":139.43,"average_gpu_estimated_utilization_absolute":0.985,"per_gpu_average_estimated_utilization_absolute":{"(0, 5992)":{"sm":98.5,"mem":54.5,"enc":0.0,"dec":0.0}},"average_gpu_estimated_utilization_relative":1.0,"per_gpu_performance_state":{"0":"P2"},"per_gpu_power_draw":{"0":139.43},"cpu_count_adjusted_average_load":[0.155625,0.161875,0.1590625],"realtime_carbon_intensity":337.461173778,"disk_write_speed":14.523452169,"process_ids":[5992,6113]}
