{"timestamp":1572412547.0446839333,"rapl_power_draw_absolute":88.6493889785,"rapl_estimated_attributable_power_draw":19.8535625682,"cpu_time_seconds":{"12049":{"user":0.0,"system":0.04,"children_user":0.0,"children_system":0.04},"11924":{"user":10.22,"system":2.92,"children_user":0.08,"children_system":0.18}},"average_relative_cpu_utilization":0.2320912267,"absolute_cpu_utilization":1.0037563255,"relative_mem_usage":0.1547201447,"absolute_mem_usage":3728858112.0,"absolute_mem_percent_usage":0.0276009324,"mem_info_per_process":{"12049":{"rss":3263418368,"vms":11412393984,"shared":173969408,"text":2322432,"lib":0,"data":9684590592,"dirty":0,"uss":100544512,"pss":1678457856,"swap":0},"11924":{"rss":3654586368,"vms":11412393984,"shared":565293056,"text":2322432,"lib":0,"data":9684590592,"dirty":0,"uss":122216448,"pss":1827639296,"swap":0}},"nvidia_draw_absolute":52.32,"nvidia_estimated_attributable_power_draw":52.32,"average_gpu_estimated_utilization_absolute":0.22,"per_gpu_average_estimated_utilization_absolute":{"(0, 11924)":{"sm":22,"mem":1,"enc":0,"dec":0}},"average_gpu_estimated_utilization_relative":1.0,"per_gpu_performance_state":{"0":"P2"},"per_gpu_power_draw":{"0":52.32},"cpu_count_adjusted_average_load":[0.168125,0.165625,0.161875],"realtime_carbon_intensity":335.5704697987,"disk_write_speed":24.5600005765,"process_ids":[12049,11924]}
{"timestamp":1572412555.2416338921,"rapl_power_draw_absolute":88.7574172911,"rapl_estimated_attributable_power_draw":19.9471038122,"cpu_time_seconds":{"12049":{"user":0.09,"system":0.34,"children_user":0.01,"children_system":0.22},"11924":{"user":18.41,"system":2.92,"children_user":0.08,"children_system":0.18}},"average_relative_cpu_utilization":0.2328206992,"absolute_cpu_utilization":0.9988046903,"relative_mem_usage":0.1559439107,"absolute_mem_usage":3760212992.0,"absolute_mem_percent_usage":0.0278330206,"mem_info_per_process":{"12049":{"rss":3270025216,"vms":11412393984,"shared":180563968,"text":2322432,"lib":0,"data":9684590592,"dirty":0,"uss":111284224,"pss":1685172224,"swap":0},"11924":{"rss":3654586368,"vms":11412393984,"shared":565293056,"text":2322432,"lib":0,"data":9684590592,"dirty":0,"uss":131600384,"pss":1832156160,"swap":0}},"nvidia_draw_absolute":50.88,"nvidia_estimated_attributable_power_draw":50.88,"average_gpu_estimated_utilization_absolute":0.22,"per_gpu_average_estimated_utilization_absolute":{"(0, 11924)":{"sm":22,"mem":1,"enc":0,"dec":0}},"average_gpu_estimated_utilization_relative":1.0,"per_gpu_performance_state":{"0":"P2"},"per_gpu_power_draw":{"0":50.88},"cpu_count_adjusted_average_load":[0.1615625,0.164375,0.1615625],"realtime_carbon_intensity":335.5704697987,"disk_write_speed":22.7572943715,"process_ids":[12049,11924]}
{"timestamp":1572412563.3346409798,"rapl_power_draw_absolute":88.8732993516,"rapl_estimated_attributable_power_draw":20.0728250624,"cpu_time_seconds":{"12049":{"user":0.18,"system":0.58,"children_user":0.02,"children_system":0.42},"11924":{"user":26.51,"system":2.92,"children_user":0.08,"children_system":0.18}},"average_relative_cpu_utilization":0.2339819188,"absolute_cpu_utilization":1.0037865379,"relative_mem_usage":0.1559748324,"absolute_mem_usage":3760741376.0,"absolute_mem_percent_usage":0.0278369317,"mem_info_per_process":{"12049":{"rss":3270025216,"vms":11412393984,"shared":180563968,"text":2322432,"lib":0,"data":9684590592,"dirty":0,"uss":111460352,"pss":1685260288,"swap":0},"11924":{"rss":3654586368,"vms":11412393984,"shared":565293056,"text":2322432,"lib":0,"data":9684590592,"dirty":0,"uss":131776512,"pss":1832244224,"swap":0}},"nvidia_draw_absolute":50.11,"nvidia_estimated_attributable_power_draw":50.11,"average_gpu_estimated_utilization_absolute":0.22,"per_gpu_average_estimated_utilization_absolute":{"(0, 11924)":{"sm":22,"mem":1,"enc":0,"dec":0}},"average_gpu_estimated_utilization_relative":1.0,"per_gpu_performance_state":{"0":"P2"},"per_gpu_power_draw":{"0":50.11},"cpu_count_adjusted_average_load":[0.15875,0.1634375,0.16125],"realtime_carbon_intensity":335.5704697987,"disk_write_speed":27.4968970131,"process_ids":[12049,11924]}
{"timestamp":1572412571.4169690609,"rapl_power_draw_absolute":88.7012238981,"rapl_estimated_attributable_power_draw":19.7482945766,"cpu_time_seconds":{"12049":{"user":0.28,"system":0.82,"children_user":0.02,"children_system":0.6},"11924":{"user":34.59,"system":2.92,"children_user":0.08,"children_system":0.18}},"average_relative_cpu_utilization":0.2304082197,"absolute_cpu_utilization":0.9990498259,"relative_mem_usage":0.1559783845,"absolute_mem_usage":3760761856.0,"absolute_mem_percent_usage":0.0278370833,"mem_info_per_process":{"12049":{"rss":3270025216,"vms":11412393984,"shared":180563968,"text":2322432,"lib":0,"data":9684590592,"dirty":0,"uss":111468544,"pss":1685264384,"swap":0},"11924":{"rss":3654586368,"vms":11412393984,"shared":565293056,"text":2322432,"lib":0,"data":9684590592,"dirty":0,"uss":131784704,"pss":1832244224,"swap":0}},"nvidia_draw_absolute":49.82,"nvidia_estimated_attributable_power_draw":49.82,"average_gpu_estimated_utilization_absolute":0.215,"per_gpu_average_estimated_utilization_absolute":{"(0, 11924)":{"sm":21.5,"mem":1.0,"enc":0.0,"dec":0.0}},"average_gpu_estimated_utilization_relative":1.0,"per_gpu_performance_state":{"0":"P2"},"per_gpu_power_draw":{"0":49.82},"cpu_count_adjusted_average_load":[0.163125,0.164375,0.1615625],"realtime_carbon_intensity":335.5704697987,"disk_write_speed":27.9453393069,"process_ids":[12049,11924]}
{"timestamp":1572412579.5103580952,"rapl_power_draw_absolute":88.6368406396,"rapl_estimated_attributable_power_draw":19.9055334646,"cpu_time_seconds":{"12049":{"user":0.39,"system":1.1,"children_user":0.03,"children_system":0.8},"11924":{"user":42.68,"system":2.93,"children_user":0.08,"children_system":0.18}},"average_relative_cpu_utilization":0.232550002,"absolute_cpu_utilization":0.9988165624,"relative_mem_usage":0.1560001033,"absolute_mem_usage":3760812032.0,"absolute_mem_percent_usage":0.0278374547,"mem_info_per_process":{"12049":{"rss":3270090752,"vms":11412393984,"shared":180629504,"text":2322432,"lib":0,"data":9684590592,"dirty":0,"uss":111480832,"pss":1685282816,"swap":0},"11924":{"rss":3654586368,"vms":11412393984,"shared":565293056,"text":2322432,"lib":0,"data":9684590592,"dirty":0,"uss":131796992,"pss":1832251392,"swap":0}},"nvidia_draw_absolute":48.97,"nvidia_estimated_attributable_power_draw":48.97,"average_gpu_estimated_utilization_absolute":0.215,"per_gpu_average_estimated_utilization_absolute":{"(0, 11924)":{"sm":21.5,"mem":1.0,"enc":0.0,"dec":0.0}},"average_gpu_estimated_utilization_relative":1.0,"per_gpu_performance_state":{"0":"P2"},"per_gpu_power_draw":{"0":48.97},"cpu_count_adjusted_average_load":[0.1640625,0.1646875,0.1615625],"realtime_carbon_intensity":335.5704697987,"disk_write_speed":21.1493572545,"process_ids":[12049,11924]}
{"timestamp":1572412587.6060519218,"rapl_power_draw_absolute":89.0165127012,"rapl_estimated_attributable_power_draw":19.6569988501,"cpu_time_seconds":{"12049":{"user":0.47,"system":1.35,"children_user":0.03,"children_system":1.0},"11924":{"user":50.77,"system":2.93,"children_user":0.08,"children_system":0.18}},"average_relative_cpu_utilization":0.2285637016,"absolute_cpu_utilization":0.9988024177,"relative_mem_usage":0.1559962459,"absolute_mem_usage":3760836608.0,"absolute_mem_percent_usage":0.0278376366,"mem_info_per_process":{"12049":{"rss":3270090752,"vms":11412393984,"shared":180629504,"text":2322432,"lib":0,"data":9684590592,"dirty":0,"uss":111489024,"pss":1685286912,"swap":0},"11924":{"rss":3654586368,"vms":11412393984,"shared":565293056,"text":2322432,"lib":0,"data":9684590592,"dirty":0,"uss":131805184,"pss":1832255488,"swap":0}},"nvidia_draw_absolute":47.81,"nvidia_estimated_attributable_power_draw":47.81,"average_gpu_estimated_utilization_absolute":0.215,"per_gpu_average_estimated_utilization_absolute":{"(0, 11924)":{"sm":21.5,"mem":1.0,"enc":0.0,"dec":0.0}},"average_gpu_estimated_utilization_relative":1.0,"per_gpu_performance_state":{"0":"P2"},"per_gpu_power_draw":{"0":47.81},"cpu_count_adjusted_average_load":[0.1659375,0.165,0.161875],"realtime_carbon_intensity":335.5704697987,"disk_write_speed":25.959769606,"process_ids":[12049,11924]}
{"timestamp":1572412595.6792309284,"rapl_power_draw_absolute":89.0265581493,"rapl_estimated_attributable_power_draw":19.7102079454,"cpu_time_seconds":{"12049":{"user":0.56,"system":1.6,"children_user":0.04,"children_system":1.19},"11924":{"user":58.84,"system":2.93,"children_user":0.08,"children_system":0.18}},"average_relative_cpu_utilization":0.2290866056,"absolute_cpu_utilization":0.9988025385,"relative_mem_usage":0.1559961583,"absolute_mem_usage":3760873472.0,"absolute_mem_percent_usage":0.0278379095,"mem_info_per_process":{"12049":{"rss":3270090752,"vms":11412393984,"shared":180629504,"text":2322432,"lib":0,"data":9684590592,"dirty":0,"uss":111501312,"pss":1685293056,"swap":0},"11924":{"rss":3654586368,"vms":11412393984,"shared":565293056,"text":2322432,"lib":0,"data":9684590592,"dirty":0,"uss":131817472,"pss":1832261632,"swap":0}},"nvidia_draw_absolute":47.92,"nvidia_estimated_attributable_power_draw":47.92,"average_gpu_estimated_utilization_absolute":0.22,"per_gpu_average_estimated_utilization_absolute":{"(0, 11924)":{"sm":22,"mem":1,"enc":0,"dec":0}},"average_gpu_estimated_utilization_relative":1.0,"per_gpu_performance_state":{"0":"P2"},"per_gpu_power_draw":{"0":47.92},"cpu_count_adjusted_average_load":[0.169375,0.165625,0.1621875],"realtime_carbon_intensity":335.5704697987,"disk_write_speed":21.5735192485,"process_ids":[12049,11924]}
{"timestamp":1572412603.7940518856,"rapl_power_draw_absolute":89.0091997353,"rapl_estimated_attributable_power_draw":19.605824388,"cpu_time_seconds":{"12049":{"user":0.63,"system":1.88,"children_user":0.05,"children_system":1.38},"11924":{"user":66.94,"system":2.95,"children_user":0.08,"children_system":0.18}},"average_relative_cpu_utilization":0.2277820301,"absolute_cpu_utilization":0.998795994,"relative_mem_usage":0.1559758921,"absolute_mem_usage":3760885760.0,"absolute_mem_percent_usage":0.0278380004,"mem_info_per_process":{"12049":{"rss":3270090752,"vms":11412393984,"shared":180629504,"text":2322432,"lib":0,"data":9684590592,"dirty":0,"uss":111505408,"pss":1685295104,"swap":0},"11924":{"rss":3654586368,"vms":11412393984,"shared":565293056,"text":2322432,"lib":0,"data":9684590592,"dirty":0,"uss":131821568,"pss":1832263680,"swap":0}},"nvidia_draw_absolute":46.94,"nvidia_estimated_attributable_power_draw":46.94,"average_gpu_estimated_utilization_absolute":0.215,"per_gpu_average_estimated_utilization_absolute":{"(0, 11924)":{"sm":21.5,"mem":1.0,"enc":0.0,"dec":0.0}},"average_gpu_estimated_utilization_relative":1.0,"per_gpu_performance_state":{"0":"P2"},"per_gpu_power_draw":{"0":46.94},"cpu_count_adjusted_average_load":[0.1628125,0.164375,0.1615625],"realtime_carbon_intensity":335.5704697987,"disk_write_speed":23.4664538141,"process_ids":[12049,11924]}
{"timestamp":1572412611.9109780788,"rapl_power_draw_absolute":88.9292090287,"rapl_estimated_attributable_power_draw":19.9428185077,"cpu_time_seconds":{"12049":{"user":0.72,"system":2.16,"children_user":0.06,"children_system":1.56},"11924":{"user":75.06,"system":2.96,"children_user":0.08,"children_system":0.18}},"average_relative_cpu_utilization":0.2320898449,"absolute_cpu_utilization":1.0037931431,"relative_mem_usage":0.1560073291,"absolute_mem_usage":3760898048.0,"absolute_mem_percent_usage":0.0278380914,"mem_info_per_process":{"12049":{"rss":3270090752,"vms":11412393984,"shared":180629504,"text":2322432,"lib":0,"data":9684590592,"dirty":0,"uss":111509504,"pss":1685297152,"swap":0},"11924":{"rss":3654586368,"vms":11412393984,"shared":565293056,"text":2322432,"lib":0,"data":9684590592,"dirty":0,"uss":131825664,"pss":1832265728,"swap":0}},"nvidia_draw_absolute":46.86,"nvidia_estimated_attributable_power_draw":46.86,"average_gpu_estimated_utilization_absolute":0.215,"per_gpu_average_estimated_utilization_absolute":{"(0, 11924)":{"sm":21.5,"mem":1.0,"enc":0.0,"dec":0.0}},"average_gpu_estimated_utilization_relative":1.0,"per_gpu_performance_state":{"0":"P2"},"per_gpu_power_draw":{"0":46.86},"cpu_count_adjusted_average_load":[0.1646875,0.1646875,0.161875],"realtime_carbon_intensity":335.5704697987,"disk_write_speed":25.7832373345,"process_ids":[12049,11924]}
{"timestamp":1572412619.97970891,"rapl_power_draw_absolute":88.8508670209,"rapl_estimated_attributable_power_draw":20.0056537823,"cpu_time_seconds":{"12049":{"user":0.82,"system":2.4,"children_user":0.08,"children_system":1.74},"11924":{"user":83.12,"system":2.97,"children_user":0.08,"children_system":0.18}},"average_relative_cpu_utilization":0.2331659787,"absolute_cpu_utilization":1.0037763175,"relative_mem_usage":0.1559937914,"absolute_mem_usage":3760910336.0,"absolute_mem_percent_usage":0.0278381824,"mem_info_per_process":{"12049":{"rss":3270090752,"vms":11412393984,"shared":180629504,"text":2322432,"lib":0,"data":9684590592,"dirty":0,"uss":111513600,"pss":1685299200,"swap":0},"11924":{"rss":3654586368,"vms":11412393984,"shared":565293056,"text":2322432,"lib":0,"data":9684590592,"dirty":0,"uss":131829760,"pss":1832267776,"swap":0}},"nvidia_draw_absolute":46.77,"nvidia_estimated_attributable_power_draw":46.77,"average_gpu_estimated_utilization_absolute":0.215,"per_gpu_average_estimated_utilization_absolute":{"(0, 11924)":{"sm":21.5,"mem":1.0,"enc":0.0,"dec":0.0}},"average_gpu_estimated_utilization_relative":1.0,"per_gpu_performance_state":{"0":"P2"},"per_gpu_power_draw":{"0":46.77},"cpu_count_adjusted_average_load":[0.1609375,0.1640625,0.1615625],"realtime_carbon_intensity":335.5704697987,"disk_write_speed":29.2360288538,"process_ids":[12049,11924]}
{"timestamp":1572412628.0609629154,"rapl_power_draw_absolute":88.522516359,"rapl_estimated_attributable_power_draw":19.8654160006,"cpu_time_seconds":{"12049":{"user":0.91,"system":2.67,"children_user":0.09,"children_system":1.93},"11924":{"user":91.18,"system":2.98,"children_user":0.08,"children_system":0.18}},"average_relative_cpu_utilization":0.2324689431,"absolute_cpu_utilization":0.9937969019,"relative_mem_usage":0.15600098,"absolute_mem_usage":3760922624.0,"absolute_mem_percent_usage":0.0278382733,"mem_info_per_process":{"12049":{"rss":3270090752,"vms":11412393984,"shared":180629504,"text":2322432,"lib":0,"data":9684590592,"dirty":0,"uss":111517696,"pss":1685301248,"swap":0},"11924":{"rss":3654586368,"vms":11412393984,"shared":565293056,"text":2322432,"lib":0,"data":9684590592,"dirty":0,"uss":131833856,"pss":1832269824,"swap":0}},"nvidia_draw_absolute":46.46,"nvidia_estimated_attributable_power_draw":46.46,"average_gpu_estimated_utilization_absolute":0.22,"per_gpu_average_estimated_utilization_absolute":{"(0, 11924)":{"sm":22.0,"mem":1.5,"enc":0.0,"dec":0.0}},"average_gpu_estimated_utilization_relative":1.0,"per_gpu_performance_state":{"0":"P2"},"per_gpu_power_draw":{"0":46.46},"cpu_count_adjusted_average_load":[0.165625,0.165,0.161875],"realtime_carbon_intensity":335.5704697987,"disk_write_speed":42.9049494647,"process_ids":[12049,11924]}
{"timestamp":1572412636.1600410938,"rapl_power_draw_absolute":88.4205193103,"rapl_estimated_attributable_power_draw":19.9587172347,"cpu_time_seconds":{"12049":{"user":1.02,"system":2.98,"children_user":0.11,"children_system":2.1},"11924":{"user":99.28,"system":2.98,"children_user":0.08,"children_system":0.18}},"average_relative_cpu_utilization":0.2339119907,"absolute_cpu_utilization":0.9988147005,"relative_mem_usage":0.15600245,"absolute_mem_usage":3760947200.0,"absolute_mem_percent_usage":0.0278384552,"mem_info_per_process":{"12049":{"rss":3270090752,"vms":11412393984,"shared":180629504,"text":2322432,"lib":0,"data":9684590592,"dirty":0,"uss":111525888,"pss":1685305344,"swap":0},"11924":{"rss":3654586368,"vms":11412393984,"shared":565293056,"text":2322432,"lib":0,"data":9684590592,"dirty":0,"uss":131842048,"pss":1832273920,"swap":0}},"nvidia_draw_absolute":46.28,"nvidia_estimated_attributable_power_draw":46.28,"average_gpu_estimated_utilization_absolute":0.22,"per_gpu_average_estimated_utilization_absolute":{"(0, 11924)":{"sm":22,"mem":1,"enc":0,"dec":0}},"average_gpu_estimated_utilization_relative":1.0,"per_gpu_performance_state":{"0":"P2"},"per_gpu_power_draw":{"0":46.28},"cpu_count_adjusted_average_load":[0.1665625,0.165,0.1621875],"realtime_carbon_intensity":335.5704697987,"disk_write_speed":29.2115812669,"process_ids":[12049,11924]}
{"timestamp":1572412644.2759840488,"rapl_power_draw_absolute":87.1971253356,"rapl_estimated_attributable_power_draw":22.2051109776,"cpu_time_seconds":{"12049":{"user":1.12,"system":3.26,"children_user":0.11,"children_system":2.3},"11924":{"user":107.38,"system":3.0,"children_user":0.08,"children_system":0.18}},"average_relative_cpu_utilization":0.263149197,"absolute_cpu_utilization":0.9987477194,"relative_mem_usage":0.1847579899,"absolute_mem_usage":3833749504.0,"absolute_mem_percent_usage":0.0283773364,"mem_info_per_process":{"12049":{"rss":3270090752,"vms":11412393984,"shared":180629504,"text":2322432,"lib":0,"data":9684590592,"dirty":0,"uss":111575040,"pss":1686606848,"swap":0},"11924":{"rss":3654586368,"vms":11412393984,"shared":565293056,"text":2322432,"lib":0,"data":9684590592,"dirty":0,"uss":142643200,"pss":1892924416,"swap":0}},"nvidia_draw_absolute":45.56,"nvidia_estimated_attributable_power_draw":45.56,"average_gpu_estimated_utilization_absolute":0.215,"per_gpu_average_estimated_utilization_absolute":{"(0, 11924)":{"sm":21.5,"mem":1.0,"enc":0.0,"dec":0.0}},"average_gpu_estimated_utilization_relative":1.0,"per_gpu_performance_state":{"0":"P2"},"per_gpu_power_draw":{"0":45.56},"cpu_count_adjusted_average_load":[0.1625,0.164375,0.161875],"realtime_carbon_intensity":333.430730058,"disk_write_speed":19.5237009115,"process_ids":[12049,11924]}
{"timestamp":1572412653.7583200932,"rapl_power_draw_absolute":85.7601829846,"rapl_estimated_attributable_power_draw":21.9419613532,"cpu_time_seconds":{"12049":{"user":1.21,"system":3.54,"children_user":0.11,"children_system":2.5},"11924":{"user":116.84,"system":3.03,"children_user":0.08,"children_system":0.18}},"average_relative_cpu_utilization":0.2651571439,"absolute_cpu_utilization":1.0037373687,"relative_mem_usage":0.18306759,"absolute_mem_usage":3813416960.0,"absolute_mem_percent_usage":0.0282268353,"mem_info_per_process":{"12049":{"rss":3270090752,"vms":11412393984,"shared":180629504,"text":2322432,"lib":0,"data":9684590592,"dirty":0,"uss":111525888,"pss":1685881856,"swap":0},"11924":{"rss":3654586368,"vms":11412393984,"shared":565293056,"text":2322432,"lib":0,"data":9684590592,"dirty":0,"uss":139968512,"pss":1876040704,"swap":0}},"nvidia_draw_absolute":45.75,"nvidia_estimated_attributable_power_draw":45.75,"average_gpu_estimated_utilization_absolute":0.2133333333,"per_gpu_average_estimated_utilization_absolute":{"(0, 11924)":{"sm":21.3333333333,"mem":0.6666666667,"enc":0.0,"dec":0.0}},"average_gpu_estimated_utilization_relative":1.0,"per_gpu_performance_state":{"0":"P2"},"per_gpu_power_draw":{"0":45.75},"cpu_count_adjusted_average_load":[0.16625,0.165,0.1621875],"realtime_carbon_intensity":333.430730058,"disk_write_speed":33.3033015977,"process_ids":[12049,11924]}
{"timestamp":1572412661.9263250828,"rapl_power_draw_absolute":88.3390413385,"rapl_estimated_attributable_power_draw":20.3197029739,"cpu_time_seconds":{"12049":{"user":1.32,"system":3.83,"children_user":0.12,"children_system":2.7},"11924":{"user":125.0,"system":3.04,"children_user":0.08,"children_system":0.18}},"average_relative_cpu_utilization":0.2398004593,"absolute_cpu_utilization":0.9987368968,"relative_mem_usage":0.1556443919,"absolute_mem_usage":3749396480.0,"absolute_mem_percent_usage":0.027752957,"mem_info_per_process":{"12049":{"rss":3270094848,"vms":11412393984,"shared":180629504,"text":2322432,"lib":0,"data":9684590592,"dirty":0,"uss":111562752,"pss":1685859328,"swap":0},"11924":{"rss":3654586368,"vms":11412393984,"shared":565293056,"text":2322432,"lib":0,"data":9684590592,"dirty":0,"uss":124170240,"pss":1827804160,"swap":0}},"nvidia_draw_absolute":45.19,"nvidia_estimated_attributable_power_draw":45.19,"average_gpu_estimated_utilization_absolute":0.22,"per_gpu_average_estimated_utilization_absolute":{"(0, 11924)":{"sm":22,"mem":1,"enc":0,"dec":0}},"average_gpu_estimated_utilization_relative":1.0,"per_gpu_performance_state":{"0":"P2"},"per_gpu_power_draw":{"0":45.19},"cpu_count_adjusted_average_load":[0.168125,0.1653125,0.1621875],"realtime_carbon_intensity":333.430730058,"disk_write_speed":27.8944353504,"process_ids":[12049,11924]}
{"timestamp":1572412670.0573980808,"rapl_power_draw_absolute":88.1960613076,"rapl_estimated_attributable_power_draw":20.3179288219,"cpu_time_seconds":{"12049":{"user":1.42,"system":4.11,"children_user":0.12,"children_system":2.89},"11924":{"user":133.13,"system":3.04,"children_user":0.08,"children_system":0.18}},"average_relative_cpu_utilization":0.2392779244,"absolute_cpu_utilization":1.0037838021,"relative_mem_usage":0.1550366937,"absolute_mem_usage":3748703232.0,"absolute_mem_percent_usage":0.0277478256,"mem_info_per_process":{"12049":{"rss":3270094848,"vms":11412393984,"shared":180629504,"text":2322432,"lib":0,"data":9684590592,"dirty":0,"uss":111566848,"pss":1685538816,"swap":0},"11924":{"rss":3654586368,"vms":11412393984,"shared":565293056,"text":2322432,"lib":0,"data":9684590592,"dirty":0,"uss":124174336,"pss":1827423232,"swap":0}},"nvidia_draw_absolute":45.01,"nvidia_estimated_attributable_power_draw":45.01,"average_gpu_estimated_utilization_absolute":0.2233333333,"per_gpu_average_estimated_utilization_absolute":{"(0, 11924)":{"sm":22.3333333333,"mem":1.3333333333,"enc":0.0,"dec":0.0}},"average_gpu_estimated_utilization_relative":1.0,"per_gpu_performance_state":{"0":"P2"},"per_gpu_power_draw":{"0":45.01},"cpu_count_adjusted_average_load":[0.16875,0.165625,0.1621875],"realtime_carbon_intensity":333.430730058,"disk_write_speed":34.6835431873,"process_ids":[12049,11924]}
{"timestamp":1572412678.1620600224,"rapl_power_draw_absolute":88.196340923,"rapl_estimated_attributable_power_draw":20.2336161713,"cpu_time_seconds":{"12049":{"user":1.54,"system":4.39,"children_user":0.14,"children_system":3.07},"11924":{"user":141.22,"system":3.05,"children_user":0.08,"children_system":0.18}},"average_relative_cpu_utilization":0.2380884075,"absolute_cpu_utilization":0.9988183333,"relative_mem_usage":0.1549585279,"absolute_mem_usage":3748231168.0,"absolute_mem_percent_usage":0.0277443314,"mem_info_per_process":{"12049":{"rss":3270094848,"vms":11412393984,"shared":180629504,"text":2322432,"lib":0,"data":9684590592,"dirty":0,"uss":111517696,"pss":1685226496,"swap":0},"11924":{"rss":3654586368,"vms":11412393984,"shared":565293056,"text":2322432,"lib":0,"data":9684590592,"dirty":0,"uss":124182528,"pss":1827304448,"swap":0}},"nvidia_draw_absolute":44.65,"nvidia_estimated_attributable_power_draw":44.65,"average_gpu_estimated_utilization_absolute":0.22,"per_gpu_average_estimated_utilization_absolute":{"(0, 11924)":{"sm":22,"mem":1,"enc":0,"dec":0}},"average_gpu_estimated_utilization_relative":1.0,"per_gpu_performance_state":{"0":"P2"},"per_gpu_power_draw":{"0":44.65},"cpu_count_adjusted_average_load":[0.1728125,0.1665625,0.1625],"realtime_carbon_intensity":333.430730058,"disk_write_speed":21.0027440795,"process_ids":[12049,11924]}
{"timestamp":1572412686.3236620426,"rapl_power_draw_absolute":88.4121481895,"rapl_estimated_attributable_power_draw":20.2006693093,"cpu_time_seconds":{"12049":{"user":1.62,"system":4.64,"children_user":0.15,"children_system":3.26},"11924":{"user":149.38,"system":3.06,"children_user":0.08,"children_system":0.18}},"average_relative_cpu_utilization":0.2372390479,"absolute_cpu_utilization":0.9988101813,"relative_mem_usage":0.1549414308,"absolute_mem_usage":3748243456.0,"absolute_mem_percent_usage":0.0277444224,"mem_info_per_process":{"12049":{"rss":3270094848,"vms":11412393984,"shared":180629504,"text":2322432,"lib":0,"data":9684590592,"dirty":0,"uss":111521792,"pss":1685228544,"swap":0},"11924":{"rss":3654586368,"vms":11412393984,"shared":565293056,"text":2322432,"lib":0,"data":9684590592,"dirty":0,"uss":124186624,"pss":1827306496,"swap":0}},"nvidia_draw_absolute":44.67,"nvidia_estimated_attributable_power_draw":44.67,"average_gpu_estimated_utilization_absolute":0.215,"per_gpu_average_estimated_utilization_absolute":{"(0, 11924)":{"sm":21.5,"mem":1.0,"enc":0.0,"dec":0.0}},"average_gpu_estimated_utilization_relative":1.0,"per_gpu_performance_state":{"0":"P2"},"per_gpu_power_draw":{"0":44.67},"cpu_count_adjusted_average_load":[0.17,0.16625,0.1625],"realtime_carbon_intensity":333.430730058,"disk_write_speed":21.2168543444,"process_ids":[12049,11924]}
{"timestamp":1572412694.4386959076,"rapl_power_draw_absolute":88.4794271252,"rapl_estimated_attributable_power_draw":20.2670652222,"cpu_time_seconds":{"12049":{"user":1.68,"system":4.94,"children_user":0.16,"children_system":3.45},"11924":{"user":157.49,"system":3.06,"children_user":0.08,"children_system":0.18}},"average_relative_cpu_utilization":0.2377994715,"absolute_cpu_utilization":0.9987923204,"relative_mem_usage":0.1549606198,"absolute_mem_usage":3748255744.0,"absolute_mem_percent_usage":0.0277445133,"mem_info_per_process":{"12049":{"rss":3270094848,"vms":11412393984,"shared":180629504,"text":2322432,"lib":0,"data":9684590592,"dirty":0,"uss":111525888,"pss":1685230592,"swap":0},"11924":{"rss":3654586368,"vms":11412393984,"shared":565293056,"text":2322432,"lib":0,"data":9684590592,"dirty":0,"uss":124190720,"pss":1827308544,"swap":0}},"nvidia_draw_absolute":44.8,"nvidia_estimated_attributable_power_draw":44.8,"average_gpu_estimated_utilization_absolute":0.22,"per_gpu_average_estimated_utilization_absolute":{"(0, 11924)":{"sm":22,"mem":1,"enc":0,"dec":0}},"average_gpu_estimated_utilization_relative":1.0,"per_gpu_performance_state":{"0":"P2"},"per_gpu_power_draw":{"0":44.8},"cpu_count_adjusted_average_load":[0.163125,0.1646875,0.1621875],"realtime_carbon_intensity":333.430730058,"disk_write_speed":24.1581728075,"process_ids":[12049,11924]}
{"timestamp":1572412702.6160929203,"rapl_power_draw_absolute":88.4618430685,"rapl_estimated_attributable_power_draw":20.2044771332,"cpu_time_seconds":{"12049":{"user":1.78,"system":5.22,"children_user":0.16,"children_system":3.66},"11924":{"user":165.65,"system":3.08,"children_user":0.08,"children_system":0.18}},"average_relative_cpu_utilization":0.2369582267,"absolute_cpu_utilization":0.9988028061,"relative_mem_usage":0.1549631746,"absolute_mem_usage":3748268032.0,"absolute_mem_percent_usage":0.0277446043,"mem_info_per_process":{"12049":{"rss":3270094848,"vms":11412393984,"shared":180629504,"text":2322432,"lib":0,"data":9684590592,"dirty":0,"uss":111529984,"pss":1685232640,"swap":0},"11924":{"rss":3654586368,"vms":11412393984,"shared":565293056,"text":2322432,"lib":0,"data":9684590592,"dirty":0,"uss":124194816,"pss":1827310592,"swap":0}},"nvidia_draw_absolute":44.81,"nvidia_estimated_attributable_power_draw":44.81,"average_gpu_estimated_utilization_absolute":0.225,"per_gpu_average_estimated_utilization_absolute":{"(0, 11924)":{"sm":22.5,"mem":1.0,"enc":0.0,"dec":0.0}},"average_gpu_estimated_utilization_relative":1.0,"per_gpu_performance_state":{"0":"P2"},"per_gpu_power_draw":{"0":44.81},"cpu_count_adjusted_average_load":[0.16,0.1640625,0.161875],"realtime_carbon_intensity":333.430730058,"disk_write_speed":16.2321058154,"process_ids":[12049,11924]}
{"timestamp":1572412710.7420170307,"rapl_power_draw_absolute":88.1746116174,"rapl_estimated_attributable_power_draw":20.2243669211,"cpu_time_seconds":{"12049":{"user":1.84,"system":5.48,"children_user":0.18,"children_system":3.84},"11924":{"user":173.77,"system":3.09,"children_user":0.08,"children_system":0.18}},"average_relative_cpu_utilization":0.2380879238,"absolute_cpu_utilization":0.9996241459,"relative_mem_usage":0.1548811422,"absolute_mem_usage":3748171776.0,"absolute_mem_percent_usage":0.0277438918,"mem_info_per_process":{"12049":{"rss":3270094848,"vms":11412393984,"shared":180629504,"text":2322432,"lib":0,"data":9684590592,"dirty":0,"uss":111534080,"pss":1685234688,"swap":0},"11924":{"rss":3654586368,"vms":11412393984,"shared":565293056,"text":2322432,"lib":0,"data":9684590592,"dirty":0,"uss":124198912,"pss":1827204096,"swap":0}},"nvidia_draw_absolute":44.78,"nvidia_estimated_attributable_power_draw":44.78,"average_gpu_estimated_utilization_absolute":0.215,"per_gpu_average_estimated_utilization_absolute":{"(0, 11924)":{"sm":21.5,"mem":1.0,"enc":0.0,"dec":0.0}},"average_gpu_estimated_utilization_relative":1.0,"per_gpu_performance_state":{"0":"P2"},"per_gpu_power_draw":{"0":44.78},"cpu_count_adjusted_average_load":[0.159375,0.16375,0.161875],"realtime_carbon_intensity":333.430730058,"disk_write_speed":16.8336949169,"process_ids":[12049,11924]}
{"timestamp":1572412718.899408102,"rapl_power_draw_absolute":89.0019306484,"rapl_estimated_attributable_power_draw":20.180781258,"cpu_time_seconds":{"12049":{"user":1.9,"system":5.77,"children_user":0.19,"children_system":4.02},"11924":{"user":181.93,"system":3.09,"children_user":0.08,"children_system":0.18}},"average_relative_cpu_utilization":0.2352864533,"absolute_cpu_utilization":0.9987807573,"relative_mem_usage":0.154733947,"absolute_mem_usage":3748300800.0,"absolute_mem_percent_usage":0.0277448468,"mem_info_per_process":{"12049":{"rss":3270094848,"vms":11412393984,"shared":180629504,"text":2322432,"lib":0,"data":9684590592,"dirty":0,"uss":111542272,"pss":1685237760,"swap":0},"11924":{"rss":3654586368,"vms":11412393984,"shared":565293056,"text":2322432,"lib":0,"data":9684590592,"dirty":0,"uss":124207104,"pss":1827313664,"swap":0}},"nvidia_draw_absolute":44.2,"nvidia_estimated_attributable_power_draw":44.2,"average_gpu_estimated_utilization_absolute":0.22,"per_gpu_average_estimated_utilization_absolute":{"(0, 11924)":{"sm":22,"mem":1,"enc":0,"dec":0}},"average_gpu_estimated_utilization_relative":1.0,"per_gpu_performance_state":{"0":"P2"},"per_gpu_power_draw":{"0":44.2},"cpu_count_adjusted_average_load":[0.1590625,0.16375,0.161875],"realtime_carbon_intensity":333.430730058,"disk_write_speed":18.747800745,"process_ids":[12049,11924]}
{"timestamp":1572412727.0464100838,"rapl_power_draw_absolute":88.8177705582,"rapl_estimated_attributable_power_draw":20.29853979,"cpu_time_seconds":{"12049":{"user":2.0,"system":6.0,"children_user":0.2,"children_system":4.21},"11924":{"user":190.07,"system":3.1,"children_user":0.08,"children_system":0.18}},"average_relative_cpu_utilization":0.2372999002,"absolute_cpu_utilization":1.0038080755,"relative_mem_usage":0.1547806992,"absolute_mem_usage":3748313088.0,"absolute_mem_percent_usage":0.0277449378,"mem_info_per_process":{"12049":{"rss":3270094848,"vms":11412393984,"shared":180629504,"text":2322432,"lib":0,"data":9684590592,"dirty":0,"uss":111546368,"pss":1685239808,"swap":0},"11924":{"rss":3654586368,"vms":11412393984,"shared":565293056,"text":2322432,"lib":0,"data":9684590592,"dirty":0,"uss":124211200,"pss":1827315712,"swap":0}},"nvidia_draw_absolute":44.49,"nvidia_estimated_attributable_power_draw":44.49,"average_gpu_estimated_utilization_absolute":0.22,"per_gpu_average_estimated_utilization_absolute":{"(0, 11924)":{"sm":22,"mem":1,"enc":0,"dec":0}},"average_gpu_estimated_utilization_relative":1.0,"per_gpu_performance_state":{"0":"P2"},"per_gpu_power_draw":{"0":44.49},"cpu_count_adjusted_average_load":[0.16125,0.1640625,0.161875],"realtime_carbon_intensity":333.430730058,"disk_write_speed":28.6320288675,"process_ids":[12049,11924]}
{"timestamp":1572412735.1584029198,"rapl_power_draw_absolute":88.6739272343,"rapl_estimated_attributable_power_draw":20.1408929165,"cpu_time_seconds":{"12049":{"user":2.1,"system":6.28,"children_user":0.2,"children_system":4.41},"11924":{"user":198.16,"system":3.12,"children_user":0.08,"children_system":0.18}},"average_relative_cpu_utilization":0.2355630712,"absolute_cpu_utilization":0.9988214217,"relative_mem_usage":0.1547816879,"absolute_mem_usage":3748337664.0,"absolute_mem_percent_usage":0.0277451197,"mem_info_per_process":{"12049":{"rss":3270094848,"vms":11412393984,"shared":180629504,"text":2322432,"lib":0,"data":9684590592,"dirty":0,"uss":111554560,"pss":1685243904,"swap":0},"11924":{"rss":3654586368,"vms":11412393984,"shared":565293056,"text":2322432,"lib":0,"data":9684590592,"dirty":0,"uss":124219392,"pss":1827319808,"swap":0}},"nvidia_draw_absolute":43.69,"nvidia_estimated_attributable_power_draw":43.69,"average_gpu_estimated_utilization_absolute":0.2133333333,"per_gpu_average_estimated_utilization_absolute":{"(0, 11924)":{"sm":21.3333333333,"mem":0.6666666667,"enc":0.0,"dec":0.0}},"average_gpu_estimated_utilization_relative":1.0,"per_gpu_performance_state":{"0":"P2"},"per_gpu_power_draw":{"0":43.69},"cpu_count_adjusted_average_load":[0.1628125,0.164375,0.161875],"realtime_carbon_intensity":333.430730058,"disk_write_speed":23.2851736639,"process_ids":[12049,11924]}
{"timestamp":1572412743.2925240993,"rapl_power_draw_absolute":90.2541829302,"rapl_estimated_attributable_power_draw":19.8442785317,"cpu_time_seconds":{"12049":{"user":2.18,"system":6.58,"children_user":0.2,"children_system":4.61},"11924":{"user":206.29,"system":3.13,"children_user":0.08,"children_system":0.18}},"average_relative_cpu_utilization":0.2273678806,"absolute_cpu_utilization":1.0037649078,"relative_mem_usage":0.1542336548,"absolute_mem_usage":3748205568.0,"absolute_mem_percent_usage":0.0277441419,"mem_info_per_process":{"12049":{"rss":3270094848,"vms":11412393984,"shared":180629504,"text":2322432,"lib":0,"data":9684590592,"dirty":0,"uss":111570944,"pss":1685245952,"swap":0},"11924":{"rss":3654586368,"vms":11412393984,"shared":565293056,"text":2322432,"lib":0,"data":9684590592,"dirty":0,"uss":124235776,"pss":1827152896,"swap":0}},"nvidia_draw_absolute":43.72,"nvidia_estimated_attributable_power_draw":43.72,"average_gpu_estimated_utilization_absolute":0.215,"per_gpu_average_estimated_utilization_absolute":{"(0, 11924)":{"sm":21.5,"mem":0.5,"enc":0.0,"dec":0.0}},"average_gpu_estimated_utilization_relative":1.0,"per_gpu_performance_state":{"0":"P2"},"per_gpu_power_draw":{"0":43.72},"cpu_count_adjusted_average_load":[0.1596875,0.16375,0.161875],"realtime_carbon_intensity":333.430730058,"disk_write_speed":36.235953595,"process_ids":[12049,11924]}
{"timestamp":1572412751.393955946,"rapl_power_draw_absolute":91.7599368762,"rapl_estimated_attributable_power_draw":18.2732528537,"cpu_time_seconds":{"12049":{"user":2.28,"system":6.87,"children_user":0.21,"children_system":4.82},"11924":{"user":214.38,"system":3.14,"children_user":0.08,"children_system":0.18}},"average_relative_cpu_utilization":0.204490286,"absolute_cpu_utilization":0.9995460653,"relative_mem_usage":0.1543905408,"absolute_mem_usage":3748356096.0,"absolute_mem_percent_usage":0.0277452561,"mem_info_per_process":{"12049":{"rss":3270094848,"vms":11412393984,"shared":180629504,"text":2322432,"lib":0,"data":9684590592,"dirty":0,"uss":111575040,"pss":1685254144,"swap":0},"11924":{"rss":3654586368,"vms":11412393984,"shared":565293056,"text":2322432,"lib":0,"data":9684590592,"dirty":0,"uss":124239872,"pss":1827287040,"swap":0}},"nvidia_draw_absolute":43.78,"nvidia_estimated_attributable_power_draw":43.78,"average_gpu_estimated_utilization_absolute":0.21,"per_gpu_average_estimated_utilization_absolute":{"(0, 11924)":{"sm":21,"mem":1,"enc":0,"dec":0}},"average_gpu_estimated_utilization_relative":1.0,"per_gpu_performance_state":{"0":"P2"},"per_gpu_power_draw":{"0":43.78},"cpu_count_adjusted_average_load":[0.16875,0.1653125,0.1625],"realtime_carbon_intensity":333.430730058,"disk_write_speed":19.2973051063,"process_ids":[12049,11924]}
{"timestamp":1572412759.4838840961,"rapl_power_draw_absolute":94.5746885265,"rapl_estimated_attributable_power_draw":17.6946774122,"cpu_time_seconds":{"12049":{"user":2.36,"system":7.12,"children_user":0.22,"children_system":5.0},"11924":{"user":222.47,"system":3.14,"children_user":0.08,"children_system":0.18}},"average_relative_cpu_utilization":0.1910169629,"absolute_cpu_utilization":0.9987655266,"relative_mem_usage":0.1544709375,"absolute_mem_usage":3748399104.0,"absolute_mem_percent_usage":0.0277455745,"mem_info_per_process":{"12049":{"rss":3270094848,"vms":11412393984,"shared":180629504,"text":2322432,"lib":0,"data":9684590592,"dirty":0,"uss":111575040,"pss":1685254144,"swap":0},"11924":{"rss":3654586368,"vms":11412393984,"shared":565293056,"text":2322432,"lib":0,"data":9684590592,"dirty":0,"uss":124239872,"pss":1827330048,"swap":0}},"nvidia_draw_absolute":44.48,"nvidia_estimated_attributable_power_draw":44.48,"average_gpu_estimated_utilization_absolute":0.2133333333,"per_gpu_average_estimated_utilization_absolute":{"(0, 11924)":{"sm":21.3333333333,"mem":0.6666666667,"enc":0.0,"dec":0.0}},"average_gpu_estimated_utilization_relative":1.0,"per_gpu_performance_state":{"0":"P2"},"per_gpu_power_draw":{"0":44.48},"cpu_count_adjusted_average_load":[0.174375,0.1665625,0.1628125],"realtime_carbon_intensity":333.430730058,"disk_write_speed":31.7376212085,"process_ids":[12049,11924]}
{"timestamp":1572412767.6214029789,"rapl_power_draw_absolute":89.7723866464,"rapl_estimated_attributable_power_draw":19.6227265375,"cpu_time_seconds":{"12049":{"user":2.47,"system":7.41,"children_user":0.24,"children_system":5.2},"11924":{"user":230.6,"system":3.15,"children_user":0.08,"children_system":0.18}},"average_relative_cpu_utilization":0.2259813958,"absolute_cpu_utilization":0.9987731243,"relative_mem_usage":0.1550704622,"absolute_mem_usage":3748424704.0,"absolute_mem_percent_usage":0.027745764,"mem_info_per_process":{"12049":{"rss":3270094848,"vms":11412393984,"shared":180629504,"text":2322432,"lib":0,"data":9684590592,"dirty":0,"uss":111579136,"pss":1685258240,"swap":0},"11924":{"rss":3654586368,"vms":11412393984,"shared":565293056,"text":2322432,"lib":0,"data":9684590592,"dirty":0,"uss":124243968,"pss":1827343360,"swap":0}},"nvidia_draw_absolute":44.02,"nvidia_estimated_attributable_power_draw":44.02,"average_gpu_estimated_utilization_absolute":0.22,"per_gpu_average_estimated_utilization_absolute":{"(0, 11924)":{"sm":22.0,"mem":1.5,"enc":0.0,"dec":0.0}},"average_gpu_estimated_utilization_relative":1.0,"per_gpu_performance_state":{"0":"P2"},"per_gpu_power_draw":{"0":44.02},"cpu_count_adjusted_average_load":[0.1803125,0.168125,0.1634375],"realtime_carbon_intensity":333.430730058,"disk_write_speed":31.6770593977,"process_ids":[12049,11924]}
{"timestamp":1572412775.7343859673,"rapl_power_draw_absolute":88.536931451,"rapl_estimated_attributable_power_draw":20.2633308805,"cpu_time_seconds":{"12049":{"user":2.6,"system":7.67,"children_user":0.26,"children_system":5.38},"11924":{"user":238.7,"system":3.16,"children_user":0.08,"children_system":0.18}},"average_relative_cpu_utilization":0.2375215797,"absolute_cpu_utilization":0.9988192922,"relative_mem_usage":0.155098216,"absolute_mem_usage":3748461568.0,"absolute_mem_percent_usage":0.0277460368,"mem_info_per_process":{"12049":{"rss":3270094848,"vms":11412393984,"shared":180629504,"text":2322432,"lib":0,"data":9684590592,"dirty":0,"uss":111591424,"pss":1685264384,"swap":0},"11924":{"rss":3654586368,"vms":11412393984,"shared":565293056,"text":2322432,"lib":0,"data":9684590592,"dirty":0,"uss":124256256,"pss":1827349504,"swap":0}},"nvidia_draw_absolute":44.18,"nvidia_estimated_attributable_power_draw":44.18,"average_gpu_estimated_utilization_absolute":0.2233333333,"per_gpu_average_estimated_utilization_absolute":{"(0, 11924)":{"sm":22.3333333333,"mem":1.3333333333,"enc":0.0,"dec":0.0}},"average_gpu_estimated_utilization_relative":1.0,"per_gpu_performance_state":{"0":"P2"},"per_gpu_power_draw":{"0":44.18},"cpu_count_adjusted_average_load":[0.1815625,0.16875,0.16375],"realtime_carbon_intensity":333.430730058,"disk_write_speed":33.7414948474,"process_ids":[12049,11924]}
{"timestamp":1572412783.8354320526,"rapl_power_draw_absolute":88.3415722285,"rapl_estimated_attributable_power_draw":20.1660534546,"cpu_time_seconds":{"12049":{"user":2.72,"system":7.92,"children_user":0.27,"children_system":5.57},"11924":{"user":246.79,"system":3.17,"children_user":0.08,"children_system":0.18}},"average_relative_cpu_utilization":0.236959022,"absolute_cpu_utilization":0.998818783,"relative_mem_usage":0.1551318516,"absolute_mem_usage":3748473856.0,"absolute_mem_percent_usage":0.0277461278,"mem_info_per_process":{"12049":{"rss":3270094848,"vms":11412393984,"shared":180629504,"text":2322432,"lib":0,"data":9684590592,"dirty":0,"uss":111595520,"pss":1685266432,"swap":0},"11924":{"rss":3654586368,"vms":11412393984,"shared":565293056,"text":2322432,"lib":0,"data":9684590592,"dirty":0,"uss":124260352,"pss":1827351552,"swap":0}},"nvidia_draw_absolute":43.65,"nvidia_estimated_attributable_power_draw":43.65,"average_gpu_estimated_utilization_absolute":0.22,"per_gpu_average_estimated_utilization_absolute":{"(0, 11924)":{"sm":22,"mem":1,"enc":0,"dec":0}},"average_gpu_estimated_utilization_relative":1.0,"per_gpu_performance_state":{"0":"P2"},"per_gpu_power_draw":{"0":43.65},"cpu_count_adjusted_average_load":[0.1828125,0.169375,0.16375],"realtime_carbon_intensity":333.430730058,"disk_write_speed":35.0502744056,"process_ids":[12049,11924]}
{"timestamp":1572412793.7778439522,"rapl_power_draw_absolute":86.4322486152,"rapl_estimated_attributable_power_draw":20.5568920325,"cpu_time_seconds":{"12049":{"user":2.83,"system":8.21,"children_user":0.27,"children_system":5.77},"11924":{"user":256.72,"system":3.18,"children_user":0.08,"children_system":0.18}},"average_relative_cpu_utilization":0.2441918182,"absolute_cpu_utilization":0.9987803838,"relative_mem_usage":0.1847806468,"absolute_mem_usage":3836802048.0,"absolute_mem_percent_usage":0.0283999313,"mem_info_per_process":{"12049":{"rss":3270094848,"vms":11412393984,"shared":180629504,"text":2322432,"lib":0,"data":9684590592,"dirty":0,"uss":111796224,"pss":1686720512,"swap":0},"11924":{"rss":3654586368,"vms":11412393984,"shared":565293056,"text":2322432,"lib":0,"data":9684590592,"dirty":0,"uss":144465920,"pss":1893819392,"swap":0}},"nvidia_draw_absolute":44.08,"nvidia_estimated_attributable_power_draw":44.08,"average_gpu_estimated_utilization_absolute":0.215,"per_gpu_average_estimated_utilization_absolute":{"(0, 11924)":{"sm":21.5,"mem":1.0,"enc":0.0,"dec":0.0}},"average_gpu_estimated_utilization_relative":1.0,"per_gpu_performance_state":{"0":"P2"},"per_gpu_power_draw":{"0":44.08},"cpu_count_adjusted_average_load":[0.17625,0.1684375,0.16375],"realtime_carbon_intensity":333.430730058,"disk_write_speed":21.1760987608,"process_ids":[12049,11924]}
{"timestamp":1572412803.1494910717,"rapl_power_draw_absolute":92.7307584832,"rapl_estimated_attributable_power_draw":15.6214537083,"cpu_time_seconds":{"12049":{"user":2.92,"system":8.45,"children_user":0.29,"children_system":5.94},"11924":{"user":266.07,"system":3.19,"children_user":0.08,"children_system":0.18}},"average_relative_cpu_utilization":0.1676433815,"absolute_cpu_utilization":0.993765661,"relative_mem_usage":0.1756100933,"absolute_mem_usage":3798290432.0,"absolute_mem_percent_usage":0.0281148691,"mem_info_per_process":{"12049":{"rss":3270094848,"vms":11412393984,"shared":180629504,"text":2322432,"lib":0,"data":9684590592,"dirty":0,"uss":111742976,"pss":1686000640,"swap":0},"11924":{"rss":3654586368,"vms":11412393984,"shared":565293056,"text":2322432,"lib":0,"data":9684590592,"dirty":0,"uss":138350592,"pss":1862196224,"swap":0}},"nvidia_draw_absolute":44.23,"nvidia_estimated_attributable_power_draw":44.23,"average_gpu_estimated_utilization_absolute":0.2166666667,"per_gpu_average_estimated_utilization_absolute":{"(0, 11924)":{"sm":21.6666666667,"mem":1.3333333333,"enc":0.0,"dec":0.0}},"average_gpu_estimated_utilization_relative":1.0,"per_gpu_performance_state":{"0":"P2"},"per_gpu_power_draw":{"0":44.23},"cpu_count_adjusted_average_load":[0.1746875,0.168125,0.1634375],"realtime_carbon_intensity":333.430730058,"disk_write_speed":34.5092176978,"process_ids":[12049,11924]}
{"timestamp":1572412811.2504930496,"rapl_power_draw_absolute":88.6518068207,"rapl_estimated_attributable_power_draw":20.5173790364,"cpu_time_seconds":{"12049":{"user":3.02,"system":8.74,"children_user":0.29,"children_system":6.14},"11924":{"user":274.17,"system":3.2,"children_user":0.08,"children_system":0.18}},"average_relative_cpu_utilization":0.2404193625,"absolute_cpu_utilization":1.0037814136,"relative_mem_usage":0.1558038527,"absolute_mem_usage":3760855040.0,"absolute_mem_percent_usage":0.0278377731,"mem_info_per_process":{"12049":{"rss":3270094848,"vms":11412393984,"shared":180629504,"text":2322432,"lib":0,"data":9684590592,"dirty":0,"uss":111747072,"pss":1685747712,"swap":0},"11924":{"rss":3654586368,"vms":11412393984,"shared":565293056,"text":2322432,"lib":0,"data":9684590592,"dirty":0,"uss":131014656,"pss":1832345600,"swap":0}},"nvidia_draw_absolute":44.08,"nvidia_estimated_attributable_power_draw":44.08,"average_gpu_estimated_utilization_absolute":0.2233333333,"per_gpu_average_estimated_utilization_absolute":{"(0, 11924)":{"sm":22.3333333333,"mem":1.6666666667,"enc":0.0,"dec":0.0}},"average_gpu_estimated_utilization_relative":1.0,"per_gpu_performance_state":{"0":"P2"},"per_gpu_power_draw":{"0":44.08},"cpu_count_adjusted_average_load":[0.169375,0.1671875,0.1634375],"realtime_carbon_intensity":333.430730058,"disk_write_speed":21.7525526539,"process_ids":[12049,11924]}
{"timestamp":1572412819.4914751053,"rapl_power_draw_absolute":88.3663329037,"rapl_estimated_attributable_power_draw":20.2101806932,"cpu_time_seconds":{"12049":{"user":3.12,"system":9.0,"children_user":0.3,"children_system":6.33},"11924":{"user":282.41,"system":3.2,"children_user":0.08,"children_system":0.18}},"average_relative_cpu_utilization":0.2372389165,"absolute_cpu_utilization":0.9987510861,"relative_mem_usage":0.1556307104,"absolute_mem_usage":3760072704.0,"absolute_mem_percent_usage":0.0278319822,"mem_info_per_process":{"12049":{"rss":3270094848,"vms":11412393984,"shared":180629504,"text":2322432,"lib":0,"data":9684590592,"dirty":0,"uss":111624192,"pss":1685359616,"swap":0},"11924":{"rss":3654586368,"vms":11412393984,"shared":565293056,"text":2322432,"lib":0,"data":9684590592,"dirty":0,"uss":131018752,"pss":1832070144,"swap":0}},"nvidia_draw_absolute":44.13,"nvidia_estimated_attributable_power_draw":44.13,"average_gpu_estimated_utilization_absolute":0.22,"per_gpu_average_estimated_utilization_absolute":{"(0, 11924)":{"sm":22,"mem":1,"enc":0,"dec":0}},"average_gpu_estimated_utilization_relative":1.0,"per_gpu_performance_state":{"0":"P2"},"per_gpu_power_draw":{"0":44.13},"cpu_count_adjusted_average_load":[0.17,0.1675,0.1634375],"realtime_carbon_intensity":333.430730058,"disk_write_speed":13.7072725728,"process_ids":[12049,11924]}
{"timestamp":1572412827.5867919922,"rapl_power_draw_absolute":89.1052763944,"rapl_estimated_attributable_power_draw":20.432182525,"cpu_time_seconds":{"12049":{"user":3.18,"system":9.27,"children_user":0.31,"children_system":6.52},"11924":{"user":290.5,"system":3.2,"children_user":0.08,"children_system":0.18}},"average_relative_cpu_utilization":0.2378032442,"absolute_cpu_utilization":0.9987626875,"relative_mem_usage":0.1556926177,"absolute_mem_usage":3760178176.0,"absolute_mem_percent_usage":0.0278327629,"mem_info_per_process":{"12049":{"rss":3270094848,"vms":11412393984,"shared":180629504,"text":2322432,"lib":0,"data":9684590592,"dirty":0,"uss":111628288,"pss":1685355520,"swap":0},"11924":{"rss":3654586368,"vms":11412393984,"shared":565293056,"text":2322432,"lib":0,"data":9684590592,"dirty":0,"uss":131022848,"pss":1832171520,"swap":0}},"nvidia_draw_absolute":44.14,"nvidia_estimated_attributable_power_draw":44.14,"average_gpu_estimated_utilization_absolute":0.22,"per_gpu_average_estimated_utilization_absolute":{"(0, 11924)":{"sm":22,"mem":1,"enc":0,"dec":0}},"average_gpu_estimated_utilization_relative":1.0,"per_gpu_performance_state":{"0":"P2"},"per_gpu_power_draw":{"0":44.14},"cpu_count_adjusted_average_load":[0.16875,0.1671875,0.1634375],"realtime_carbon_intensity":333.430730058,"disk_write_speed":14.6566417704,"process_ids":[12049,11924]}
{"timestamp":1572412835.7400250435,"rapl_power_draw_absolute":88.6097405669,"rapl_estimated_attributable_power_draw":20.1819741842,"cpu_time_seconds":{"12049":{"user":3.26,"system":9.52,"children_user":0.32,"children_system":6.71},"11924":{"user":298.64,"system":3.21,"children_user":0.08,"children_system":0.18}},"average_relative_cpu_utilization":0.2361192211,"absolute_cpu_utilization":0.9988071914,"relative_mem_usage":0.1555973533,"absolute_mem_usage":3760206848.0,"absolute_mem_percent_usage":0.0278329752,"mem_info_per_process":{"12049":{"rss":3270094848,"vms":11412393984,"shared":180629504,"text":2322432,"lib":0,"data":9684590592,"dirty":0,"uss":111636480,"pss":1685363712,"swap":0},"11924":{"rss":3654586368,"vms":11412393984,"shared":565293056,"text":2322432,"lib":0,"data":9684590592,"dirty":0,"uss":131031040,"pss":1832175616,"swap":0}},"nvidia_draw_absolute":43.95,"nvidia_estimated_attributable_power_draw":43.95,"average_gpu_estimated_utilization_absolute":0.22,"per_gpu_average_estimated_utilization_absolute":{"(0, 11924)":{"sm":22,"mem":1,"enc":0,"dec":0}},"average_gpu_estimated_utilization_relative":1.0,"per_gpu_performance_state":{"0":"P2"},"per_gpu_power_draw":{"0":43.95},"cpu_count_adjusted_average_load":[0.166875,0.166875,0.163125],"realtime_carbon_intensity":333.430730058,"disk_write_speed":22.4934955124,"process_ids":[12049,11924]}
{"timestamp":1572412843.8222699165,"rapl_power_draw_absolute":88.849245203,"rapl_estimated_attributable_power_draw":20.3119349444,"cpu_time_seconds":{"12049":{"user":3.34,"system":9.76,"children_user":0.33,"children_system":6.9},"11924":{"user":306.73,"system":3.21,"children_user":0.08,"children_system":0.18}},"average_relative_cpu_utilization":0.2372347781,"absolute_cpu_utilization":0.9988001173,"relative_mem_usage":0.1556639006,"absolute_mem_usage":3760219136.0,"absolute_mem_percent_usage":0.0278330661,"mem_info_per_process":{"12049":{"rss":3270094848,"vms":11412393984,"shared":180629504,"text":2322432,"lib":0,"data":9684590592,"dirty":0,"uss":111640576,"pss":1685365760,"swap":0},"11924":{"rss":3654586368,"vms":11412393984,"shared":565293056,"text":2322432,"lib":0,"data":9684590592,"dirty":0,"uss":131035136,"pss":1832177664,"swap":0}},"nvidia_draw_absolute":43.91,"nvidia_estimated_attributable_power_draw":43.91,"average_gpu_estimated_utilization_absolute":0.225,"per_gpu_average_estimated_utilization_absolute":{"(0, 11924)":{"sm":22.5,"mem":1.0,"enc":0.0,"dec":0.0}},"average_gpu_estimated_utilization_relative":1.0,"per_gpu_performance_state":{"0":"P2"},"per_gpu_power_draw":{"0":43.91},"cpu_count_adjusted_average_load":[0.1703125,0.1675,0.1634375],"realtime_carbon_intensity":333.430730058,"disk_write_speed":29.7824490845,"process_ids":[12049,11924]}
{"timestamp":1572412851.9137399197,"rapl_power_draw_absolute":88.7436796099,"rapl_estimated_attributable_power_draw":20.3062739567,"cpu_time_seconds":{"12049":{"user":3.42,"system":10.05,"children_user":0.33,"children_system":7.09},"11924":{"user":314.82,"system":3.21,"children_user":0.08,"children_system":0.18}},"average_relative_cpu_utilization":0.2372994086,"absolute_cpu_utilization":1.0038004878,"relative_mem_usage":0.1556544062,"absolute_mem_usage":3760231424.0,"absolute_mem_percent_usage":0.0278331571,"mem_info_per_process":{"12049":{"rss":3270094848,"vms":11412393984,"shared":180629504,"text":2322432,"lib":0,"data":9684590592,"dirty":0,"uss":111644672,"pss":1685367808,"swap":0},"11924":{"rss":3654586368,"vms":11412393984,"shared":565293056,"text":2322432,"lib":0,"data":9684590592,"dirty":0,"uss":131039232,"pss":1832179712,"swap":0}},"nvidia_draw_absolute":43.75,"nvidia_estimated_attributable_power_draw":43.75,"average_gpu_estimated_utilization_absolute":0.225,"per_gpu_average_estimated_utilization_absolute":{"(0, 11924)":{"sm":22.5,"mem":1.0,"enc":0.0,"dec":0.0}},"average_gpu_estimated_utilization_relative":1.0,"per_gpu_performance_state":{"0":"P2"},"per_gpu_power_draw":{"0":43.75},"cpu_count_adjusted_average_load":[0.1665625,0.166875,0.1634375],"realtime_carbon_intensity":333.430730058,"disk_write_speed":17.9945256675,"process_ids":[12049,11924]}
{"timestamp":1572412859.9851839542,"rapl_power_draw_absolute":88.4344225153,"rapl_estimated_attributable_power_draw":20.1618790637,"cpu_time_seconds":{"12049":{"user":3.49,"system":10.32,"children_user":0.35,"children_system":7.27},"11924":{"user":322.88,"system":3.22,"children_user":0.08,"children_system":0.18}},"average_relative_cpu_utilization":0.2366765455,"absolute_cpu_utilization":0.9988040027,"relative_mem_usage":0.1556588209,"absolute_mem_usage":3760243712.0,"absolute_mem_percent_usage":0.027833248,"mem_info_per_process":{"12049":{"rss":3270094848,"vms":11412393984,"shared":180629504,"text":2322432,"lib":0,"data":9684590592,"dirty":0,"uss":111648768,"pss":1685369856,"swap":0},"11924":{"rss":3654586368,"vms":11412393984,"shared":565293056,"text":2322432,"lib":0,"data":9684590592,"dirty":0,"uss":131043328,"pss":1832181760,"swap":0}},"nvidia_draw_absolute":43.73,"nvidia_estimated_attributable_power_draw":43.73,"average_gpu_estimated_utilization_absolute":0.22,"per_gpu_average_estimated_utilization_absolute":{"(0, 11924)":{"sm":22,"mem":1,"enc":0,"dec":0}},"average_gpu_estimated_utilization_relative":1.0,"per_gpu_performance_state":{"0":"P2"},"per_gpu_power_draw":{"0":43.73},"cpu_count_adjusted_average_load":[0.1628125,0.1659375,0.163125],"realtime_carbon_intensity":333.430730058,"disk_write_speed":32.0411906481,"process_ids":[12049,11924]}
{"timestamp":1572412868.0975019932,"rapl_power_draw_absolute":88.2327010065,"rapl_estimated_attributable_power_draw":20.0894827762,"cpu_time_seconds":{"12049":{"user":3.6,"system":10.56,"children_user":0.36,"children_system":7.46},"11924":{"user":330.98,"system":3.23,"children_user":0.08,"children_system":0.18}},"average_relative_cpu_utilization":0.2361191815,"absolute_cpu_utilization":0.9988160087,"relative_mem_usage":0.1556642653,"absolute_mem_usage":3760256000.0,"absolute_mem_percent_usage":0.027833339,"mem_info_per_process":{"12049":{"rss":3270094848,"vms":11412393984,"shared":180629504,"text":2322432,"lib":0,"data":9684590592,"dirty":0,"uss":111652864,"pss":1685371904,"swap":0},"11924":{"rss":3654586368,"vms":11412393984,"shared":565293056,"text":2322432,"lib":0,"data":9684590592,"dirty":0,"uss":131047424,"pss":1832183808,"swap":0}},"nvidia_draw_absolute":44.06,"nvidia_estimated_attributable_power_draw":44.06,"average_gpu_estimated_utilization_absolute":0.22,"per_gpu_average_estimated_utilization_absolute":{"(0, 11924)":{"sm":22,"mem":1,"enc":0,"dec":0}},"average_gpu_estimated_utilization_relative":1.0,"per_gpu_performance_state":{"0":"P2"},"per_gpu_power_draw":{"0":44.06},"cpu_count_adjusted_average_load":[0.1696875,0.1675,0.1634375],"realtime_carbon_intensity":333.430730058,"disk_write_speed":31.8834673038,"process_ids":[12049,11924]}
