{"timestamp":1572411263.1506650448,"rapl_power_draw_absolute":88.0818770517,"rapl_estimated_attributable_power_draw":20.2648470759,"cpu_time_seconds":{"4389":{"user":10.46,"system":3.23,"children_user":1.02,"children_system":0.21},"4510":{"user":0.01,"system":0.02,"children_user":0.0,"children_system":0.04}},"average_relative_cpu_utilization":0.2364603679,"absolute_cpu_utilization":1.0037635315,"relative_mem_usage":0.1772586235,"absolute_mem_usage":4284939264.0,"absolute_mem_percent_usage":0.0317170339,"mem_info_per_process":{"4389":{"rss":3625365504,"vms":11472535552,"shared":538660864,"text":2322432,"lib":0,"data":9718140928,"dirty":0,"uss":444030976,"pss":2022910976,"swap":0},"4510":{"rss":3260739584,"vms":11472535552,"shared":173891584,"text":2322432,"lib":0,"data":9718140928,"dirty":0,"uss":127307776,"pss":1690689536,"swap":0}},"nvidia_draw_absolute":41.36,"nvidia_estimated_attributable_power_draw":41.36,"average_gpu_estimated_utilization_absolute":0.3133333333,"per_gpu_average_estimated_utilization_absolute":{"(0, 4389)":{"sm":31.3333333333,"mem":1.6666666667,"enc":0.0,"dec":0.0}},"average_gpu_estimated_utilization_relative":1.0,"per_gpu_performance_state":{"0":"P2"},"per_gpu_power_draw":{"0":41.36},"cpu_count_adjusted_average_load":[0.16,0.168125,0.1596875],"realtime_carbon_intensity":337.277384728,"disk_write_speed":41.0228391146,"process_ids":[4389,4510]}
{"timestamp":1572411271.2236509323,"rapl_power_draw_absolute":88.1166236348,"rapl_estimated_attributable_power_draw":20.0386780529,"cpu_time_seconds":{"4389":{"user":18.53,"system":3.23,"children_user":1.02,"children_system":0.21},"4510":{"user":0.15,"system":0.22,"children_user":0.0,"children_system":0.2}},"average_relative_cpu_utilization":0.2333601686,"absolute_cpu_utilization":0.9987916775,"relative_mem_usage":0.1785041418,"absolute_mem_usage":4316992512.0,"absolute_mem_percent_usage":0.0319542914,"mem_info_per_process":{"4389":{"rss":3625365504,"vms":11472535552,"shared":538660864,"text":2322432,"lib":0,"data":9718140928,"dirty":0,"uss":454602752,"pss":2028015616,"swap":0},"4510":{"rss":3267424256,"vms":11472535552,"shared":180559872,"text":2322432,"lib":0,"data":9718140928,"dirty":0,"uss":137306112,"pss":1697068032,"swap":0}},"nvidia_draw_absolute":41.28,"nvidia_estimated_attributable_power_draw":41.28,"average_gpu_estimated_utilization_absolute":0.315,"per_gpu_average_estimated_utilization_absolute":{"(0, 4389)":{"sm":31.5,"mem":2.0,"enc":0.0,"dec":0.0}},"average_gpu_estimated_utilization_relative":1.0,"per_gpu_performance_state":{"0":"P2"},"per_gpu_power_draw":{"0":41.28},"cpu_count_adjusted_average_load":[0.1571875,0.1671875,0.1596875],"realtime_carbon_intensity":337.277384728,"disk_write_speed":30.7701207029,"process_ids":[4389,4510]}
{"timestamp":1572411279.2238879204,"rapl_power_draw_absolute":88.0276435932,"rapl_estimated_attributable_power_draw":20.238765546,"cpu_time_seconds":{"4389":{"user":26.53,"system":3.23,"children_user":1.02,"children_system":0.21},"4510":{"user":0.24,"system":0.42,"children_user":0.02,"children_system":0.36}},"average_relative_cpu_utilization":0.2361140315,"absolute_cpu_utilization":0.9987553799,"relative_mem_usage":0.1785549888,"absolute_mem_usage":4318454784.0,"absolute_mem_percent_usage":0.0319651151,"mem_info_per_process":{"4389":{"rss":3625365504,"vms":11472535552,"shared":538660864,"text":2322432,"lib":0,"data":9718140928,"dirty":0,"uss":455335936,"pss":2028382208,"swap":0},"4510":{"rss":3267424256,"vms":11472535552,"shared":180559872,"text":2322432,"lib":0,"data":9718140928,"dirty":0,"uss":137547776,"pss":1697188864,"swap":0}},"nvidia_draw_absolute":41.34,"nvidia_estimated_attributable_power_draw":41.34,"average_gpu_estimated_utilization_absolute":0.315,"per_gpu_average_estimated_utilization_absolute":{"(0, 4389)":{"sm":31.5,"mem":1.5,"enc":0.0,"dec":0.0}},"average_gpu_estimated_utilization_relative":1.0,"per_gpu_performance_state":{"0":"P2"},"per_gpu_power_draw":{"0":41.34},"cpu_count_adjusted_average_load":[0.1521875,0.1659375,0.1590625],"realtime_carbon_intensity":337.277384728,"disk_write_speed":29.6533202619,"process_ids":[4389,4510]}
{"timestamp":1572411287.215567112,"rapl_power_draw_absolute":87.5395361719,"rapl_estimated_attributable_power_draw":20.5545208761,"cpu_time_seconds":{"4389":{"user":34.52,"system":3.23,"children_user":1.02,"children_system":0.21},"4510":{"user":0.35,"system":0.6,"children_user":0.02,"children_system":0.54}},"average_relative_cpu_utilization":0.2415750312,"absolute_cpu_utilization":1.0037749819,"relative_mem_usage":0.1785317127,"absolute_mem_usage":4318370816.0,"absolute_mem_percent_usage":0.0319644936,"mem_info_per_process":{"4389":{"rss":3625365504,"vms":11472535552,"shared":538660864,"text":2322432,"lib":0,"data":9718140928,"dirty":0,"uss":455340032,"pss":2028288000,"swap":0},"4510":{"rss":3267424256,"vms":11472535552,"shared":180559872,"text":2322432,"lib":0,"data":9718140928,"dirty":0,"uss":137551872,"pss":1697190912,"swap":0}},"nvidia_draw_absolute":41.89,"nvidia_estimated_attributable_power_draw":41.89,"average_gpu_estimated_utilization_absolute":0.315,"per_gpu_average_estimated_utilization_absolute":{"(0, 4389)":{"sm":31.5,"mem":2.0,"enc":0.0,"dec":0.0}},"average_gpu_estimated_utilization_relative":1.0,"per_gpu_performance_state":{"0":"P2"},"per_gpu_power_draw":{"0":41.89},"cpu_count_adjusted_average_load":[0.1525,0.165625,0.1590625],"realtime_carbon_intensity":337.277384728,"disk_write_speed":22.9575697975,"process_ids":[4389,4510]}
{"timestamp":1572411295.2124419212,"rapl_power_draw_absolute":87.671104502,"rapl_estimated_attributable_power_draw":20.3636896249,"cpu_time_seconds":{"4389":{"user":42.52,"system":3.23,"children_user":1.02,"children_system":0.21},"4510":{"user":0.44,"system":0.78,"children_user":0.03,"children_system":0.7}},"average_relative_cpu_utilization":0.2386534163,"absolute_cpu_utilization":0.9987999519,"relative_mem_usage":0.178540191,"absolute_mem_usage":4318479360.0,"absolute_mem_percent_usage":0.031965297,"mem_info_per_process":{"4389":{"rss":3625365504,"vms":11472535552,"shared":538660864,"text":2322432,"lib":0,"data":9718140928,"dirty":0,"uss":455344128,"pss":2028386304,"swap":0},"4510":{"rss":3267424256,"vms":11472535552,"shared":180559872,"text":2322432,"lib":0,"data":9718140928,"dirty":0,"uss":137555968,"pss":1697192960,"swap":0}},"nvidia_draw_absolute":41.56,"nvidia_estimated_attributable_power_draw":41.56,"average_gpu_estimated_utilization_absolute":0.3133333333,"per_gpu_average_estimated_utilization_absolute":{"(0, 4389)":{"sm":31.3333333333,"mem":1.6666666667,"enc":0.0,"dec":0.0}},"average_gpu_estimated_utilization_relative":1.0,"per_gpu_performance_state":{"0":"P2"},"per_gpu_power_draw":{"0":41.56},"cpu_count_adjusted_average_load":[0.1628125,0.1675,0.1596875],"realtime_carbon_intensity":337.277384728,"disk_write_speed":25.8174566047,"process_ids":[4389,4510]}
{"timestamp":1572411303.2102210522,"rapl_power_draw_absolute":87.4340927827,"rapl_estimated_attributable_power_draw":20.4074259652,"cpu_time_seconds":{"4389":{"user":50.52,"system":3.23,"children_user":1.02,"children_system":0.21},"4510":{"user":0.52,"system":0.96,"children_user":0.03,"children_system":0.88}},"average_relative_cpu_utilization":0.2400820144,"absolute_cpu_utilization":0.9987903564,"relative_mem_usage":0.1785594041,"absolute_mem_usage":4318516224.0,"absolute_mem_percent_usage":0.0319655699,"mem_info_per_process":{"4389":{"rss":3625365504,"vms":11472535552,"shared":538660864,"text":2322432,"lib":0,"data":9718140928,"dirty":0,"uss":455356416,"pss":2028392448,"swap":0},"4510":{"rss":3267424256,"vms":11472535552,"shared":180559872,"text":2322432,"lib":0,"data":9718140928,"dirty":0,"uss":137568256,"pss":1697199104,"swap":0}},"nvidia_draw_absolute":41.39,"nvidia_estimated_attributable_power_draw":41.39,"average_gpu_estimated_utilization_absolute":0.315,"per_gpu_average_estimated_utilization_absolute":{"(0, 4389)":{"sm":31.5,"mem":2.0,"enc":0.0,"dec":0.0}},"average_gpu_estimated_utilization_relative":1.0,"per_gpu_performance_state":{"0":"P2"},"per_gpu_power_draw":{"0":41.39},"cpu_count_adjusted_average_load":[0.161875,0.1671875,0.1596875],"realtime_carbon_intensity":337.277384728,"disk_write_speed":37.7741476994,"process_ids":[4389,4510]}
{"timestamp":1572411311.2861030102,"rapl_power_draw_absolute":87.7701790667,"rapl_estimated_attributable_power_draw":20.3251258269,"cpu_time_seconds":{"4389":{"user":58.6,"system":3.23,"children_user":1.02,"children_system":0.21},"4510":{"user":0.63,"system":1.18,"children_user":0.03,"children_system":1.06}},"average_relative_cpu_utilization":0.2380837975,"absolute_cpu_utilization":0.9988001767,"relative_mem_usage":0.1785576441,"absolute_mem_usage":4318528512.0,"absolute_mem_percent_usage":0.0319656608,"mem_info_per_process":{"4389":{"rss":3625365504,"vms":11472535552,"shared":538660864,"text":2322432,"lib":0,"data":9718140928,"dirty":0,"uss":455360512,"pss":2028394496,"swap":0},"4510":{"rss":3267424256,"vms":11472535552,"shared":180559872,"text":2322432,"lib":0,"data":9718140928,"dirty":0,"uss":137572352,"pss":1697201152,"swap":0}},"nvidia_draw_absolute":41.25,"nvidia_estimated_attributable_power_draw":41.25,"average_gpu_estimated_utilization_absolute":0.315,"per_gpu_average_estimated_utilization_absolute":{"(0, 4389)":{"sm":31.5,"mem":2.0,"enc":0.0,"dec":0.0}},"average_gpu_estimated_utilization_relative":1.0,"per_gpu_performance_state":{"0":"P2"},"per_gpu_power_draw":{"0":41.25},"cpu_count_adjusted_average_load":[0.1615625,0.166875,0.1596875],"realtime_carbon_intensity":337.277384728,"disk_write_speed":29.2381212186,"process_ids":[4389,4510]}
{"timestamp":1572411319.2861299515,"rapl_power_draw_absolute":87.6690812409,"rapl_estimated_attributable_power_draw":20.2995095773,"cpu_time_seconds":{"4389":{"user":66.6,"system":3.23,"children_user":1.02,"children_system":0.21},"4510":{"user":0.73,"system":1.36,"children_user":0.04,"children_system":1.23}},"average_relative_cpu_utilization":0.2378007612,"absolute_cpu_utilization":0.9987906574,"relative_mem_usage":0.1785632024,"absolute_mem_usage":4318540800.0,"absolute_mem_percent_usage":0.0319657518,"mem_info_per_process":{"4389":{"rss":3625365504,"vms":11472535552,"shared":538660864,"text":2322432,"lib":0,"data":9718140928,"dirty":0,"uss":455364608,"pss":2028396544,"swap":0},"4510":{"rss":3267424256,"vms":11472535552,"shared":180559872,"text":2322432,"lib":0,"data":9718140928,"dirty":0,"uss":137576448,"pss":1697203200,"swap":0}},"nvidia_draw_absolute":41.19,"nvidia_estimated_attributable_power_draw":41.19,"average_gpu_estimated_utilization_absolute":0.315,"per_gpu_average_estimated_utilization_absolute":{"(0, 4389)":{"sm":31.5,"mem":2.0,"enc":0.0,"dec":0.0}},"average_gpu_estimated_utilization_relative":1.0,"per_gpu_performance_state":{"0":"P2"},"per_gpu_power_draw":{"0":41.19},"cpu_count_adjusted_average_load":[0.1609375,0.1665625,0.1596875],"realtime_carbon_intensity":337.277384728,"disk_write_speed":26.7706315781,"process_ids":[4389,4510]}
{"timestamp":1572411327.3022320271,"rapl_power_draw_absolute":87.9641881086,"rapl_estimated_attributable_power_draw":20.5181114412,"cpu_time_seconds":{"4389":{"user":74.61,"system":3.24,"children_user":1.02,"children_system":0.21},"4510":{"user":0.82,"system":1.55,"children_user":0.04,"children_system":1.4}},"average_relative_cpu_utilization":0.2401309808,"absolute_cpu_utilization":1.0037592273,"relative_mem_usage":0.1785534289,"absolute_mem_usage":4318553088.0,"absolute_mem_percent_usage":0.0319658427,"mem_info_per_process":{"4389":{"rss":3625365504,"vms":11472535552,"shared":538660864,"text":2322432,"lib":0,"data":9718140928,"dirty":0,"uss":455368704,"pss":2028398592,"swap":0},"4510":{"rss":3267424256,"vms":11472535552,"shared":180559872,"text":2322432,"lib":0,"data":9718140928,"dirty":0,"uss":137580544,"pss":1697205248,"swap":0}},"nvidia_draw_absolute":41.33,"nvidia_estimated_attributable_power_draw":41.33,"average_gpu_estimated_utilization_absolute":0.315,"per_gpu_average_estimated_utilization_absolute":{"(0, 4389)":{"sm":31.5,"mem":2.0,"enc":0.0,"dec":0.0}},"average_gpu_estimated_utilization_relative":1.0,"per_gpu_performance_state":{"0":"P2"},"per_gpu_power_draw":{"0":41.33},"cpu_count_adjusted_average_load":[0.160625,0.16625,0.1596875],"realtime_carbon_intensity":337.277384728,"disk_write_speed":32.37868206,"process_ids":[4389,4510]}
{"timestamp":1572411335.2949008942,"rapl_power_draw_absolute":87.4705114725,"rapl_estimated_attributable_power_draw":20.3006559509,"cpu_time_seconds":{"4389":{"user":82.58,"system":3.25,"children_user":1.02,"children_system":0.21},"4510":{"user":0.93,"system":1.73,"children_user":0.04,"children_system":1.57}},"average_relative_cpu_utilization":0.2385943733,"absolute_cpu_utilization":0.9938479162,"relative_mem_usage":0.1785400284,"absolute_mem_usage":4318565376.0,"absolute_mem_percent_usage":0.0319659337,"mem_info_per_process":{"4389":{"rss":3625365504,"vms":11472535552,"shared":538660864,"text":2322432,"lib":0,"data":9718140928,"dirty":0,"uss":455372800,"pss":2028400640,"swap":0},"4510":{"rss":3267424256,"vms":11472535552,"shared":180559872,"text":2322432,"lib":0,"data":9718140928,"dirty":0,"uss":137584640,"pss":1697207296,"swap":0}},"nvidia_draw_absolute":42.02,"nvidia_estimated_attributable_power_draw":42.02,"average_gpu_estimated_utilization_absolute":0.3133333333,"per_gpu_average_estimated_utilization_absolute":{"(0, 4389)":{"sm":31.3333333333,"mem":1.6666666667,"enc":0.0,"dec":0.0}},"average_gpu_estimated_utilization_relative":1.0,"per_gpu_performance_state":{"0":"P2"},"per_gpu_power_draw":{"0":42.02},"cpu_count_adjusted_average_load":[0.1596875,0.1659375,0.1596875],"realtime_carbon_intensity":337.277384728,"disk_write_speed":41.1784156477,"process_ids":[4389,4510]}
{"timestamp":1572411343.2869510651,"rapl_power_draw_absolute":87.7794715077,"rapl_estimated_attributable_power_draw":20.4222352023,"cpu_time_seconds":{"4389":{"user":90.58,"system":3.25,"children_user":1.02,"children_system":0.21},"4510":{"user":1.05,"system":1.93,"children_user":0.05,"children_system":1.74}},"average_relative_cpu_utilization":0.2392786018,"absolute_cpu_utilization":1.0037866291,"relative_mem_usage":0.1785257171,"absolute_mem_usage":4318589952.0,"absolute_mem_percent_usage":0.0319661156,"mem_info_per_process":{"4389":{"rss":3625365504,"vms":11472535552,"shared":538660864,"text":2322432,"lib":0,"data":9718140928,"dirty":0,"uss":455380992,"pss":2028404736,"swap":0},"4510":{"rss":3267424256,"vms":11472535552,"shared":180559872,"text":2322432,"lib":0,"data":9718140928,"dirty":0,"uss":137592832,"pss":1697211392,"swap":0}},"nvidia_draw_absolute":41.34,"nvidia_estimated_attributable_power_draw":41.34,"average_gpu_estimated_utilization_absolute":0.315,"per_gpu_average_estimated_utilization_absolute":{"(0, 4389)":{"sm":31.5,"mem":2.0,"enc":0.0,"dec":0.0}},"average_gpu_estimated_utilization_relative":1.0,"per_gpu_performance_state":{"0":"P2"},"per_gpu_power_draw":{"0":41.34},"cpu_count_adjusted_average_load":[0.156875,0.1653125,0.159375],"realtime_carbon_intensity":337.277384728,"disk_write_speed":11.9411016676,"process_ids":[4389,4510]}
{"timestamp":1572411351.2784979343,"rapl_power_draw_absolute":87.5061901266,"rapl_estimated_attributable_power_draw":20.0837566804,"cpu_time_seconds":{"4389":{"user":98.57,"system":3.25,"children_user":1.02,"children_system":0.21},"4510":{"user":1.11,"system":2.1,"children_user":0.05,"children_system":1.92}},"average_relative_cpu_utilization":0.2355576791,"absolute_cpu_utilization":0.9987733955,"relative_mem_usage":0.1785412198,"absolute_mem_usage":4318602240.0,"absolute_mem_percent_usage":0.0319662066,"mem_info_per_process":{"4389":{"rss":3625365504,"vms":11472535552,"shared":538660864,"text":2322432,"lib":0,"data":9718140928,"dirty":0,"uss":455385088,"pss":2028406784,"swap":0},"4510":{"rss":3267424256,"vms":11472535552,"shared":180559872,"text":2322432,"lib":0,"data":9718140928,"dirty":0,"uss":137596928,"pss":1697213440,"swap":0}},"nvidia_draw_absolute":41.38,"nvidia_estimated_attributable_power_draw":41.38,"average_gpu_estimated_utilization_absolute":0.315,"per_gpu_average_estimated_utilization_absolute":{"(0, 4389)":{"sm":31.5,"mem":2.0,"enc":0.0,"dec":0.0}},"average_gpu_estimated_utilization_relative":1.0,"per_gpu_performance_state":{"0":"P2"},"per_gpu_power_draw":{"0":41.38},"cpu_count_adjusted_average_load":[0.159375,0.165625,0.159375],"realtime_carbon_intensity":337.277384728,"disk_write_speed":23.8773995218,"process_ids":[4389,4510]}
{"timestamp":1572411359.3122808933,"rapl_power_draw_absolute":83.5148203227,"rapl_estimated_attributable_power_draw":23.8148458516,"cpu_time_seconds":{"4389":{"user":106.6,"system":3.26,"children_user":1.02,"children_system":0.21},"4510":{"user":1.19,"system":2.3,"children_user":0.05,"children_system":2.09}},"average_relative_cpu_utilization":0.2949737714,"absolute_cpu_utilization":0.9988141765,"relative_mem_usage":0.2085685397,"absolute_mem_usage":4331449344.0,"absolute_mem_percent_usage":0.0320613006,"mem_info_per_process":{"4389":{"rss":3625365504,"vms":11472535552,"shared":538660864,"text":2322432,"lib":0,"data":9718140928,"dirty":0,"uss":458518528,"pss":2036542464,"swap":0},"4510":{"rss":3267424256,"vms":11472535552,"shared":180559872,"text":2322432,"lib":0,"data":9718140928,"dirty":0,"uss":137752576,"pss":1698635776,"swap":0}},"nvidia_draw_absolute":41.16,"nvidia_estimated_attributable_power_draw":41.16,"average_gpu_estimated_utilization_absolute":0.305,"per_gpu_average_estimated_utilization_absolute":{"(0, 4389)":{"sm":30.5,"mem":1.0,"enc":0.0,"dec":0.0}},"average_gpu_estimated_utilization_relative":1.0,"per_gpu_performance_state":{"0":"P2"},"per_gpu_power_draw":{"0":41.16},"cpu_count_adjusted_average_load":[0.1515625,0.16375,0.1590625],"realtime_carbon_intensity":337.277384728,"disk_write_speed":17.354440104,"process_ids":[4389,4510]}
{"timestamp":1572411367.9515969753,"rapl_power_draw_absolute":83.305126932,"rapl_estimated_attributable_power_draw":24.6134110522,"cpu_time_seconds":{"4389":{"user":115.24,"system":3.26,"children_user":1.02,"children_system":0.21},"4510":{"user":1.27,"system":2.47,"children_user":0.08,"children_system":2.23}},"average_relative_cpu_utilization":0.3062644755,"absolute_cpu_utilization":0.9987970662,"relative_mem_usage":0.2086645045,"absolute_mem_usage":4331458560.0,"absolute_mem_percent_usage":0.0320613688,"mem_info_per_process":{"4389":{"rss":3625365504,"vms":11472535552,"shared":538660864,"text":2322432,"lib":0,"data":9718140928,"dirty":0,"uss":458522624,"pss":2036541440,"swap":0},"4510":{"rss":3267424256,"vms":11472535552,"shared":180559872,"text":2322432,"lib":0,"data":9718140928,"dirty":0,"uss":137756672,"pss":1698637824,"swap":0}},"nvidia_draw_absolute":41.66,"nvidia_estimated_attributable_power_draw":41.66,"average_gpu_estimated_utilization_absolute":0.3,"per_gpu_average_estimated_utilization_absolute":{"(0, 4389)":{"sm":30,"mem":1,"enc":0,"dec":0}},"average_gpu_estimated_utilization_relative":1.0,"per_gpu_performance_state":{"0":"P2"},"per_gpu_power_draw":{"0":41.66},"cpu_count_adjusted_average_load":[0.1475,0.1625,0.1584375],"realtime_carbon_intensity":337.277384728,"disk_write_speed":25.4377417185,"process_ids":[4389,4510]}
{"timestamp":1572411376.6816320419,"rapl_power_draw_absolute":85.4258707098,"rapl_estimated_attributable_power_draw":22.8996008566,"cpu_time_seconds":{"4389":{"user":123.96,"system":3.26,"children_user":1.02,"children_system":0.21},"4510":{"user":1.36,"system":2.66,"children_user":0.1,"children_system":2.38}},"average_relative_cpu_utilization":0.27637413,"absolute_cpu_utilization":0.9937992278,"relative_mem_usage":0.2032776817,"absolute_mem_usage":4231280640.0,"absolute_mem_percent_usage":0.0313198538,"mem_info_per_process":{"4389":{"rss":3625365504,"vms":11472535552,"shared":538660864,"text":2322432,"lib":0,"data":9718140928,"dirty":0,"uss":394592256,"pss":2000939008,"swap":0},"4510":{"rss":3267424256,"vms":11472535552,"shared":180559872,"text":2322432,"lib":0,"data":9718140928,"dirty":0,"uss":137748480,"pss":1698000896,"swap":0}},"nvidia_draw_absolute":41.53,"nvidia_estimated_attributable_power_draw":41.53,"average_gpu_estimated_utilization_absolute":0.305,"per_gpu_average_estimated_utilization_absolute":{"(0, 4389)":{"sm":30.5,"mem":1.5,"enc":0.0,"dec":0.0}},"average_gpu_estimated_utilization_relative":1.0,"per_gpu_performance_state":{"0":"P2"},"per_gpu_power_draw":{"0":41.53},"cpu_count_adjusted_average_load":[0.145625,0.161875,0.1584375],"realtime_carbon_intensity":337.277384728,"disk_write_speed":29.149715636,"process_ids":[4389,4510]}
{"timestamp":1572411385.5190529823,"rapl_power_draw_absolute":87.448675994,"rapl_estimated_attributable_power_draw":20.4975650212,"cpu_time_seconds":{"4389":{"user":132.8,"system":3.26,"children_user":1.02,"children_system":0.21},"4510":{"user":1.46,"system":2.84,"children_user":0.11,"children_system":2.55}},"average_relative_cpu_utilization":0.2441873212,"absolute_cpu_utilization":0.9987951727,"relative_mem_usage":0.1610511639,"absolute_mem_usage":3881761792.0,"absolute_mem_percent_usage":0.0287327224,"mem_info_per_process":{"4389":{"rss":3625365504,"vms":11472535552,"shared":538660864,"text":2322432,"lib":0,"data":9718140928,"dirty":0,"uss":163561472,"pss":1882634240,"swap":0},"4510":{"rss":3267424256,"vms":11472535552,"shared":180559872,"text":2322432,"lib":0,"data":9718140928,"dirty":0,"uss":137756672,"pss":1697809408,"swap":0}},"nvidia_draw_absolute":41.64,"nvidia_estimated_attributable_power_draw":41.64,"average_gpu_estimated_utilization_absolute":0.315,"per_gpu_average_estimated_utilization_absolute":{"(0, 4389)":{"sm":31.5,"mem":1.0,"enc":0.0,"dec":0.0}},"average_gpu_estimated_utilization_relative":1.0,"per_gpu_performance_state":{"0":"P2"},"per_gpu_power_draw":{"0":41.64},"cpu_count_adjusted_average_load":[0.1471875,0.1615625,0.1584375],"realtime_carbon_intensity":337.277384728,"disk_write_speed":24.7207777399,"process_ids":[4389,4510]}
{"timestamp":1572411393.5234310627,"rapl_power_draw_absolute":87.7019932883,"rapl_estimated_attributable_power_draw":20.302074719,"cpu_time_seconds":{"4389":{"user":140.81,"system":3.26,"children_user":1.02,"children_system":0.21},"4510":{"user":1.54,"system":3.02,"children_user":0.11,"children_system":2.72}},"average_relative_cpu_utilization":0.2397960306,"absolute_cpu_utilization":0.9987918224,"relative_mem_usage":0.1604835213,"absolute_mem_usage":3880925184.0,"absolute_mem_percent_usage":0.0287265298,"mem_info_per_process":{"4389":{"rss":3625365504,"vms":11472535552,"shared":538660864,"text":2322432,"lib":0,"data":9718140928,"dirty":0,"uss":163516416,"pss":1882181632,"swap":0},"4510":{"rss":3267424256,"vms":11472535552,"shared":180559872,"text":2322432,"lib":0,"data":9718140928,"dirty":0,"uss":137760768,"pss":1697466368,"swap":0}},"nvidia_draw_absolute":41.35,"nvidia_estimated_attributable_power_draw":41.35,"average_gpu_estimated_utilization_absolute":0.31,"per_gpu_average_estimated_utilization_absolute":{"(0, 4389)":{"sm":31.0,"mem":1.5,"enc":0.0,"dec":0.0}},"average_gpu_estimated_utilization_relative":1.0,"per_gpu_performance_state":{"0":"P2"},"per_gpu_power_draw":{"0":41.35},"cpu_count_adjusted_average_load":[0.14625,0.1609375,0.158125],"realtime_carbon_intensity":337.277384728,"disk_write_speed":22.4722646506,"process_ids":[4389,4510]}
{"timestamp":1572411401.5347518921,"rapl_power_draw_absolute":87.6503112397,"rapl_estimated_attributable_power_draw":20.2096062648,"cpu_time_seconds":{"4389":{"user":148.81,"system":3.28,"children_user":1.02,"children_system":0.21},"4510":{"user":1.64,"system":3.18,"children_user":0.12,"children_system":2.88}},"average_relative_cpu_utilization":0.2392221604,"absolute_cpu_utilization":0.9987911219,"relative_mem_usage":0.160389246,"absolute_mem_usage":3880213504.0,"absolute_mem_percent_usage":0.028721262,"mem_info_per_process":{"4389":{"rss":3625365504,"vms":11472535552,"shared":538660864,"text":2322432,"lib":0,"data":9718140928,"dirty":0,"uss":163520512,"pss":1882063872,"swap":0},"4510":{"rss":3267424256,"vms":11472535552,"shared":180559872,"text":2322432,"lib":0,"data":9718140928,"dirty":0,"uss":137551872,"pss":1697077248,"swap":0}},"nvidia_draw_absolute":41.64,"nvidia_estimated_attributable_power_draw":41.64,"average_gpu_estimated_utilization_absolute":0.31,"per_gpu_average_estimated_utilization_absolute":{"(0, 4389)":{"sm":31,"mem":1,"enc":0,"dec":0}},"average_gpu_estimated_utilization_relative":1.0,"per_gpu_performance_state":{"0":"P2"},"per_gpu_power_draw":{"0":41.64},"cpu_count_adjusted_average_load":[0.146875,0.160625,0.158125],"realtime_carbon_intensity":337.277384728,"disk_write_speed":33.5024834433,"process_ids":[4389,4510]}
{"timestamp":1572411409.5544879436,"rapl_power_draw_absolute":87.8492343434,"rapl_estimated_attributable_power_draw":20.3214458372,"cpu_time_seconds":{"4389":{"user":156.83,"system":3.28,"children_user":1.02,"children_system":0.21},"4510":{"user":1.75,"system":3.37,"children_user":0.12,"children_system":3.05}},"average_relative_cpu_utilization":0.2400778367,"absolute_cpu_utilization":0.9987590718,"relative_mem_usage":0.1603824575,"absolute_mem_usage":3880213504.0,"absolute_mem_percent_usage":0.028721262,"mem_info_per_process":{"4389":{"rss":3625365504,"vms":11472535552,"shared":538660864,"text":2322432,"lib":0,"data":9718140928,"dirty":0,"uss":163520512,"pss":1882063872,"swap":0},"4510":{"rss":3267424256,"vms":11472535552,"shared":180559872,"text":2322432,"lib":0,"data":9718140928,"dirty":0,"uss":137551872,"pss":1697077248,"swap":0}},"nvidia_draw_absolute":41.58,"nvidia_estimated_attributable_power_draw":41.58,"average_gpu_estimated_utilization_absolute":0.3133333333,"per_gpu_average_estimated_utilization_absolute":{"(0, 4389)":{"sm":31.3333333333,"mem":1.6666666667,"enc":0.0,"dec":0.0}},"average_gpu_estimated_utilization_relative":1.0,"per_gpu_performance_state":{"0":"P2"},"per_gpu_power_draw":{"0":41.58},"cpu_count_adjusted_average_load":[0.1484375,0.160625,0.158125],"realtime_carbon_intensity":337.277384728,"disk_write_speed":24.8531570821,"process_ids":[4389,4510]}
{"timestamp":1572411417.6113770008,"rapl_power_draw_absolute":87.6488707472,"rapl_estimated_attributable_power_draw":20.2586740144,"cpu_time_seconds":{"4389":{"user":164.88,"system":3.29,"children_user":1.02,"children_system":0.21},"4510":{"user":1.85,"system":3.55,"children_user":0.14,"children_system":3.21}},"average_relative_cpu_utilization":0.2401294788,"absolute_cpu_utilization":1.0037833763,"relative_mem_usage":0.160388885,"absolute_mem_usage":3880225792.0,"absolute_mem_percent_usage":0.028721353,"mem_info_per_process":{"4389":{"rss":3625365504,"vms":11472535552,"shared":538660864,"text":2322432,"lib":0,"data":9718140928,"dirty":0,"uss":163524608,"pss":1882065920,"swap":0},"4510":{"rss":3267424256,"vms":11472535552,"shared":180559872,"text":2322432,"lib":0,"data":9718140928,"dirty":0,"uss":137555968,"pss":1697079296,"swap":0}},"nvidia_draw_absolute":41.7,"nvidia_estimated_attributable_power_draw":41.7,"average_gpu_estimated_utilization_absolute":0.315,"per_gpu_average_estimated_utilization_absolute":{"(0, 4389)":{"sm":31.5,"mem":2.0,"enc":0.0,"dec":0.0}},"average_gpu_estimated_utilization_relative":1.0,"per_gpu_performance_state":{"0":"P2"},"per_gpu_power_draw":{"0":41.7},"cpu_count_adjusted_average_load":[0.1515625,0.1609375,0.158125],"realtime_carbon_intensity":337.277384728,"disk_write_speed":33.9005204188,"process_ids":[4389,4510]}
{"timestamp":1572411425.5885300636,"rapl_power_draw_absolute":87.766964889,"rapl_estimated_attributable_power_draw":20.3613469705,"cpu_time_seconds":{"4389":{"user":172.85,"system":3.29,"children_user":1.02,"children_system":0.21},"4510":{"user":1.96,"system":3.73,"children_user":0.14,"children_system":3.38}},"average_relative_cpu_utilization":0.2406607727,"absolute_cpu_utilization":0.9987914824,"relative_mem_usage":0.1603962139,"absolute_mem_usage":3880258560.0,"absolute_mem_percent_usage":0.0287215955,"mem_info_per_process":{"4389":{"rss":3625365504,"vms":11472535552,"shared":538660864,"text":2322432,"lib":0,"data":9718140928,"dirty":0,"uss":163536896,"pss":1882070016,"swap":0},"4510":{"rss":3267424256,"vms":11472535552,"shared":180559872,"text":2322432,"lib":0,"data":9718140928,"dirty":0,"uss":137568256,"pss":1697083392,"swap":0}},"nvidia_draw_absolute":41.61,"nvidia_estimated_attributable_power_draw":41.61,"average_gpu_estimated_utilization_absolute":0.315,"per_gpu_average_estimated_utilization_absolute":{"(0, 4389)":{"sm":31.5,"mem":2.0,"enc":0.0,"dec":0.0}},"average_gpu_estimated_utilization_relative":1.0,"per_gpu_performance_state":{"0":"P2"},"per_gpu_power_draw":{"0":41.61},"cpu_count_adjusted_average_load":[0.1640625,0.1634375,0.1590625],"realtime_carbon_intensity":337.277384728,"disk_write_speed":26.9187951691,"process_ids":[4389,4510]}
{"timestamp":1572411433.5978059769,"rapl_power_draw_absolute":87.7996732471,"rapl_estimated_attributable_power_draw":20.2561763884,"cpu_time_seconds":{"4389":{"user":180.85,"system":3.3,"children_user":1.02,"children_system":0.21},"4510":{"user":2.04,"system":3.93,"children_user":0.15,"children_system":3.56}},"average_relative_cpu_utilization":0.2392185659,"absolute_cpu_utilization":0.9987735981,"relative_mem_usage":0.1603951195,"absolute_mem_usage":3880270848.0,"absolute_mem_percent_usage":0.0287216865,"mem_info_per_process":{"4389":{"rss":3625365504,"vms":11472535552,"shared":538660864,"text":2322432,"lib":0,"data":9718140928,"dirty":0,"uss":163540992,"pss":1882072064,"swap":0},"4510":{"rss":3267424256,"vms":11472535552,"shared":180559872,"text":2322432,"lib":0,"data":9718140928,"dirty":0,"uss":137572352,"pss":1697085440,"swap":0}},"nvidia_draw_absolute":41.47,"nvidia_estimated_attributable_power_draw":41.47,"average_gpu_estimated_utilization_absolute":0.3133333333,"per_gpu_average_estimated_utilization_absolute":{"(0, 4389)":{"sm":31.3333333333,"mem":1.6666666667,"enc":0.0,"dec":0.0}},"average_gpu_estimated_utilization_relative":1.0,"per_gpu_performance_state":{"0":"P2"},"per_gpu_power_draw":{"0":41.47},"cpu_count_adjusted_average_load":[0.158125,0.1621875,0.15875],"realtime_carbon_intensity":337.277384728,"disk_write_speed":25.1403742058,"process_ids":[4389,4510]}
{"timestamp":1572411441.5795440674,"rapl_power_draw_absolute":88.319463392,"rapl_estimated_attributable_power_draw":20.0986173181,"cpu_time_seconds":{"4389":{"user":188.82,"system":3.31,"children_user":1.02,"children_system":0.21},"4510":{"user":2.13,"system":4.1,"children_user":0.16,"children_system":3.73}},"average_relative_cpu_utilization":0.235553127,"absolute_cpu_utilization":0.998748981,"relative_mem_usage":0.1603975828,"absolute_mem_usage":3880283136.0,"absolute_mem_percent_usage":0.0287217774,"mem_info_per_process":{"4389":{"rss":3625365504,"vms":11472535552,"shared":538660864,"text":2322432,"lib":0,"data":9718140928,"dirty":0,"uss":163545088,"pss":1882074112,"swap":0},"4510":{"rss":3267424256,"vms":11472535552,"shared":180559872,"text":2322432,"lib":0,"data":9718140928,"dirty":0,"uss":137576448,"pss":1697087488,"swap":0}},"nvidia_draw_absolute":41.77,"nvidia_estimated_attributable_power_draw":41.77,"average_gpu_estimated_utilization_absolute":0.3066666667,"per_gpu_average_estimated_utilization_absolute":{"(0, 4389)":{"sm":30.6666666667,"mem":1.3333333333,"enc":0.0,"dec":0.0}},"average_gpu_estimated_utilization_relative":1.0,"per_gpu_performance_state":{"0":"P2"},"per_gpu_power_draw":{"0":41.77},"cpu_count_adjusted_average_load":[0.158125,0.1621875,0.15875],"realtime_carbon_intensity":337.277384728,"disk_write_speed":29.6917833644,"process_ids":[4389,4510]}
{"timestamp":1572411450.6257638931,"rapl_power_draw_absolute":83.9961357941,"rapl_estimated_attributable_power_draw":25.4550619737,"cpu_time_seconds":{"4389":{"user":197.86,"system":3.32,"children_user":1.02,"children_system":0.21},"4510":{"user":2.24,"system":4.28,"children_user":0.16,"children_system":3.9}},"average_relative_cpu_utilization":0.3173676015,"absolute_cpu_utilization":0.9937928936,"relative_mem_usage":0.1873097406,"absolute_mem_usage":3889596416.0,"absolute_mem_percent_usage":0.0287907141,"mem_info_per_process":{"4389":{"rss":3625365504,"vms":11472535552,"shared":538660864,"text":2322432,"lib":0,"data":9718140928,"dirty":0,"uss":164433920,"pss":1889247232,"swap":0},"4510":{"rss":3267424256,"vms":11472535552,"shared":180559872,"text":2322432,"lib":0,"data":9718140928,"dirty":0,"uss":137592832,"pss":1698322432,"swap":0}},"nvidia_draw_absolute":40.95,"nvidia_estimated_attributable_power_draw":40.95,"average_gpu_estimated_utilization_absolute":0.3033333333,"per_gpu_average_estimated_utilization_absolute":{"(0, 4389)":{"sm":30.3333333333,"mem":1.6666666667,"enc":0.0,"dec":0.0}},"average_gpu_estimated_utilization_relative":1.0,"per_gpu_performance_state":{"0":"P2"},"per_gpu_power_draw":{"0":40.95},"cpu_count_adjusted_average_load":[0.1690625,0.164375,0.159375],"realtime_carbon_intensity":337.461173778,"disk_write_speed":13.1214331101,"process_ids":[4389,4510]}
{"timestamp":1572411461.4589369297,"rapl_power_draw_absolute":88.6112305605,"rapl_estimated_attributable_power_draw":19.7799763453,"cpu_time_seconds":{"4389":{"user":208.69,"system":3.33,"children_user":1.02,"children_system":0.21},"4510":{"user":2.31,"system":4.47,"children_user":0.16,"children_system":4.08}},"average_relative_cpu_utilization":0.2275234123,"absolute_cpu_utilization":0.9987846017,"relative_mem_usage":0.1872560915,"absolute_mem_usage":3889509376.0,"absolute_mem_percent_usage":0.0287900699,"mem_info_per_process":{"4389":{"rss":3625365504,"vms":11472535552,"shared":538660864,"text":2322432,"lib":0,"data":9718140928,"dirty":0,"uss":164438016,"pss":1889246208,"swap":0},"4510":{"rss":3267424256,"vms":11472535552,"shared":180559872,"text":2322432,"lib":0,"data":9718140928,"dirty":0,"uss":137621504,"pss":1698203648,"swap":0}},"nvidia_draw_absolute":41.75,"nvidia_estimated_attributable_power_draw":41.75,"average_gpu_estimated_utilization_absolute":0.3033333333,"per_gpu_average_estimated_utilization_absolute":{"(0, 4389)":{"sm":30.3333333333,"mem":1.3333333333,"enc":0.0,"dec":0.0}},"average_gpu_estimated_utilization_relative":1.0,"per_gpu_performance_state":{"0":"P2"},"per_gpu_power_draw":{"0":41.75},"cpu_count_adjusted_average_load":[0.1759375,0.16625,0.16],"realtime_carbon_intensity":337.461173778,"disk_write_speed":26.689145083,"process_ids":[4389,4510]}
{"timestamp":1572411471.4068748951,"rapl_power_draw_absolute":88.2894170859,"rapl_estimated_attributable_power_draw":20.4577117165,"cpu_time_seconds":{"4389":{"user":218.64,"system":3.33,"children_user":1.02,"children_system":0.21},"4510":{"user":2.4,"system":4.67,"children_user":0.18,"children_system":4.24}},"average_relative_cpu_utilization":0.2412385127,"absolute_cpu_utilization":0.998781285,"relative_mem_usage":0.159195939,"absolute_mem_usage":3824509952.0,"absolute_mem_percent_usage":0.0283089454,"mem_info_per_process":{"4389":{"rss":3625365504,"vms":11472535552,"shared":538660864,"text":2322432,"lib":0,"data":9718140928,"dirty":0,"uss":154316800,"pss":1834962944,"swap":0},"4510":{"rss":3267424256,"vms":11472535552,"shared":180559872,"text":2322432,"lib":0,"data":9718140928,"dirty":0,"uss":137629696,"pss":1697600512,"swap":0}},"nvidia_draw_absolute":42.02,"nvidia_estimated_attributable_power_draw":42.02,"average_gpu_estimated_utilization_absolute":0.3133333333,"per_gpu_average_estimated_utilization_absolute":{"(0, 4389)":{"sm":31.3333333333,"mem":1.6666666667,"enc":0.0,"dec":0.0}},"average_gpu_estimated_utilization_relative":1.0,"per_gpu_performance_state":{"0":"P2"},"per_gpu_power_draw":{"0":42.02},"cpu_count_adjusted_average_load":[0.171875,0.165625,0.16],"realtime_carbon_intensity":337.461173778,"disk_write_speed":15.4539967216,"process_ids":[4389,4510]}
{"timestamp":1572411479.4844520092,"rapl_power_draw_absolute":88.1749296351,"rapl_estimated_attributable_power_draw":20.0573719494,"cpu_time_seconds":{"4389":{"user":226.72,"system":3.33,"children_user":1.02,"children_system":0.21},"4510":{"user":2.47,"system":4.86,"children_user":0.19,"children_system":4.4}},"average_relative_cpu_utilization":0.2356280951,"absolute_cpu_utilization":1.0039124079,"relative_mem_usage":0.1579749501,"absolute_mem_usage":3819636736.0,"absolute_mem_percent_usage":0.028272874,"mem_info_per_process":{"4389":{"rss":3625365504,"vms":11472535552,"shared":538660864,"text":2322432,"lib":0,"data":9718140928,"dirty":0,"uss":153333760,"pss":1831379968,"swap":0},"4510":{"rss":3267424256,"vms":11472535552,"shared":180559872,"text":2322432,"lib":0,"data":9718140928,"dirty":0,"uss":137633792,"pss":1697289216,"swap":0}},"nvidia_draw_absolute":41.16,"nvidia_estimated_attributable_power_draw":41.16,"average_gpu_estimated_utilization_absolute":0.3133333333,"per_gpu_average_estimated_utilization_absolute":{"(0, 4389)":{"sm":31.3333333333,"mem":1.6666666667,"enc":0.0,"dec":0.0}},"average_gpu_estimated_utilization_relative":1.0,"per_gpu_performance_state":{"0":"P2"},"per_gpu_power_draw":{"0":41.16},"cpu_count_adjusted_average_load":[0.169375,0.1653125,0.16],"realtime_carbon_intensity":337.461173778,"disk_write_speed":34.6101650937,"process_ids":[4389,4510]}
{"timestamp":1572411487.5073781013,"rapl_power_draw_absolute":87.9696336437,"rapl_estimated_attributable_power_draw":19.8362531161,"cpu_time_seconds":{"4389":{"user":234.73,"system":3.34,"children_user":1.02,"children_system":0.21},"4510":{"user":2.58,"system":5.05,"children_user":0.2,"children_system":4.57}},"average_relative_cpu_utilization":0.233358421,"absolute_cpu_utilization":0.9987973839,"relative_mem_usage":0.1579009737,"absolute_mem_usage":3819181056.0,"absolute_mem_percent_usage":0.028269501,"mem_info_per_process":{"4389":{"rss":3625365504,"vms":11472535552,"shared":538660864,"text":2322432,"lib":0,"data":9718140928,"dirty":0,"uss":153337856,"pss":1831254016,"swap":0},"4510":{"rss":3267424256,"vms":11472535552,"shared":180559872,"text":2322432,"lib":0,"data":9718140928,"dirty":0,"uss":137592832,"pss":1696996352,"swap":0}},"nvidia_draw_absolute":41.25,"nvidia_estimated_attributable_power_draw":41.25,"average_gpu_estimated_utilization_absolute":0.315,"per_gpu_average_estimated_utilization_absolute":{"(0, 4389)":{"sm":31.5,"mem":2.0,"enc":0.0,"dec":0.0}},"average_gpu_estimated_utilization_relative":1.0,"per_gpu_performance_state":{"0":"P2"},"per_gpu_power_draw":{"0":41.25},"cpu_count_adjusted_average_load":[0.165625,0.164375,0.1596875],"realtime_carbon_intensity":337.461173778,"disk_write_speed":39.6406327676,"process_ids":[4389,4510]}
{"timestamp":1572411495.4940459728,"rapl_power_draw_absolute":87.8447343825,"rapl_estimated_attributable_power_draw":19.9758091306,"cpu_time_seconds":{"4389":{"user":242.71,"system":3.35,"children_user":1.02,"children_system":0.21},"4510":{"user":2.68,"system":5.27,"children_user":0.2,"children_system":4.74}},"average_relative_cpu_utilization":0.2358333829,"absolute_cpu_utilization":0.9987800772,"relative_mem_usage":0.1579016421,"absolute_mem_usage":3819193344.0,"absolute_mem_percent_usage":0.028269592,"mem_info_per_process":{"4389":{"rss":3625365504,"vms":11472535552,"shared":538660864,"text":2322432,"lib":0,"data":9718140928,"dirty":0,"uss":153341952,"pss":1831256064,"swap":0},"4510":{"rss":3267424256,"vms":11472535552,"shared":180559872,"text":2322432,"lib":0,"data":9718140928,"dirty":0,"uss":137596928,"pss":1696998400,"swap":0}},"nvidia_draw_absolute":41.53,"nvidia_estimated_attributable_power_draw":41.53,"average_gpu_estimated_utilization_absolute":0.315,"per_gpu_average_estimated_utilization_absolute":{"(0, 4389)":{"sm":31.5,"mem":1.5,"enc":0.0,"dec":0.0}},"average_gpu_estimated_utilization_relative":1.0,"per_gpu_performance_state":{"0":"P2"},"per_gpu_power_draw":{"0":41.53},"cpu_count_adjusted_average_load":[0.1665625,0.1646875,0.1596875],"realtime_carbon_intensity":337.461173778,"disk_write_speed":34.8909250056,"process_ids":[4389,4510]}
{"timestamp":1572411503.5087530613,"rapl_power_draw_absolute":88.3302891014,"rapl_estimated_attributable_power_draw":19.8178090695,"cpu_time_seconds":{"4389":{"user":250.72,"system":3.36,"children_user":1.02,"children_system":0.21},"4510":{"user":2.76,"system":5.51,"children_user":0.22,"children_system":4.91}},"average_relative_cpu_utilization":0.2326251958,"absolute_cpu_utilization":1.0037926314,"relative_mem_usage":0.1579089424,"absolute_mem_usage":3819217920.0,"absolute_mem_percent_usage":0.0282697739,"mem_info_per_process":{"4389":{"rss":3625365504,"vms":11472535552,"shared":538660864,"text":2322432,"lib":0,"data":9718140928,"dirty":0,"uss":153350144,"pss":1831260160,"swap":0},"4510":{"rss":3267424256,"vms":11472535552,"shared":180559872,"text":2322432,"lib":0,"data":9718140928,"dirty":0,"uss":137605120,"pss":1697002496,"swap":0}},"nvidia_draw_absolute":42.12,"nvidia_estimated_attributable_power_draw":42.12,"average_gpu_estimated_utilization_absolute":0.31,"per_gpu_average_estimated_utilization_absolute":{"(0, 4389)":{"sm":31,"mem":1,"enc":0,"dec":0}},"average_gpu_estimated_utilization_relative":1.0,"per_gpu_performance_state":{"0":"P2"},"per_gpu_power_draw":{"0":42.12},"cpu_count_adjusted_average_load":[0.1628125,0.1640625,0.1596875],"realtime_carbon_intensity":337.461173778,"disk_write_speed":34.8366048538,"process_ids":[4389,4510]}
{"timestamp":1572411511.5108559132,"rapl_power_draw_absolute":88.2728825915,"rapl_estimated_attributable_power_draw":19.7301191565,"cpu_time_seconds":{"4389":{"user":258.71,"system":3.37,"children_user":1.02,"children_system":0.21},"4510":{"user":2.86,"system":5.71,"children_user":0.22,"children_system":5.09}},"average_relative_cpu_utilization":0.2315478692,"absolute_cpu_utilization":1.0037489645,"relative_mem_usage":0.1579081936,"absolute_mem_usage":3819217920.0,"absolute_mem_percent_usage":0.0282697739,"mem_info_per_process":{"4389":{"rss":3625365504,"vms":11472535552,"shared":538660864,"text":2322432,"lib":0,"data":9718140928,"dirty":0,"uss":153350144,"pss":1831260160,"swap":0},"4510":{"rss":3267424256,"vms":11472535552,"shared":180559872,"text":2322432,"lib":0,"data":9718140928,"dirty":0,"uss":137605120,"pss":1697002496,"swap":0}},"nvidia_draw_absolute":41.92,"nvidia_estimated_attributable_power_draw":41.92,"average_gpu_estimated_utilization_absolute":0.315,"per_gpu_average_estimated_utilization_absolute":{"(0, 4389)":{"sm":31.5,"mem":1.5,"enc":0.0,"dec":0.0}},"average_gpu_estimated_utilization_relative":1.0,"per_gpu_performance_state":{"0":"P2"},"per_gpu_power_draw":{"0":41.92},"cpu_count_adjusted_average_load":[0.1596875,0.163125,0.159375],"realtime_carbon_intensity":337.461173778,"disk_write_speed":43.0577664294,"process_ids":[4389,4510]}
{"timestamp":1572411519.515048027,"rapl_power_draw_absolute":88.564012052,"rapl_estimated_attributable_power_draw":19.6848978207,"cpu_time_seconds":{"4389":{"user":266.71,"system":3.38,"children_user":1.02,"children_system":0.21},"4510":{"user":2.98,"system":5.92,"children_user":0.23,"children_system":5.25}},"average_relative_cpu_utilization":0.2298729715,"absolute_cpu_utilization":0.9987951541,"relative_mem_usage":0.1579121136,"absolute_mem_usage":3819231232.0,"absolute_mem_percent_usage":0.0282698724,"mem_info_per_process":{"4389":{"rss":3625365504,"vms":11472535552,"shared":538660864,"text":2322432,"lib":0,"data":9718140928,"dirty":0,"uss":153354240,"pss":1831263232,"swap":0},"4510":{"rss":3267424256,"vms":11472535552,"shared":180559872,"text":2322432,"lib":0,"data":9718140928,"dirty":0,"uss":137609216,"pss":1697004544,"swap":0}},"nvidia_draw_absolute":41.54,"nvidia_estimated_attributable_power_draw":41.54,"average_gpu_estimated_utilization_absolute":0.315,"per_gpu_average_estimated_utilization_absolute":{"(0, 4389)":{"sm":31.5,"mem":1.5,"enc":0.0,"dec":0.0}},"average_gpu_estimated_utilization_relative":1.0,"per_gpu_performance_state":{"0":"P2"},"per_gpu_power_draw":{"0":41.54},"cpu_count_adjusted_average_load":[0.164375,0.1640625,0.1596875],"realtime_carbon_intensity":337.461173778,"disk_write_speed":32.6538765024,"process_ids":[4389,4510]}
{"timestamp":1572411527.6029388905,"rapl_power_draw_absolute":80.2430965554,"rapl_estimated_attributable_power_draw":24.2749910934,"cpu_time_seconds":{"4389":{"user":274.8,"system":3.38,"children_user":1.02,"children_system":0.21},"4510":{"user":3.06,"system":6.14,"children_user":0.23,"children_system":5.42}},"average_relative_cpu_utilization":0.3174424777,"absolute_cpu_utilization":0.9987812739,"relative_mem_usage":0.1873471459,"absolute_mem_usage":3889793024.0,"absolute_mem_percent_usage":0.0287921694,"mem_info_per_process":{"4389":{"rss":3625365504,"vms":11472535552,"shared":538660864,"text":2322432,"lib":0,"data":9718140928,"dirty":0,"uss":164499456,"pss":1889280000,"swap":0},"4510":{"rss":3267424256,"vms":11472535552,"shared":180559872,"text":2322432,"lib":0,"data":9718140928,"dirty":0,"uss":137658368,"pss":1698355200,"swap":0}},"nvidia_draw_absolute":41.59,"nvidia_estimated_attributable_power_draw":41.59,"average_gpu_estimated_utilization_absolute":0.3133333333,"per_gpu_average_estimated_utilization_absolute":{"(0, 4389)":{"sm":31.3333333333,"mem":1.6666666667,"enc":0.0,"dec":0.0}},"average_gpu_estimated_utilization_relative":1.0,"per_gpu_performance_state":{"0":"P2"},"per_gpu_power_draw":{"0":41.59},"cpu_count_adjusted_average_load":[0.16125,0.1634375,0.159375],"realtime_carbon_intensity":337.461173778,"disk_write_speed":25.6791744001,"process_ids":[4389,4510]}
{"timestamp":1572411536.4013020992,"rapl_power_draw_absolute":84.9913270454,"rapl_estimated_attributable_power_draw":22.3980732382,"cpu_time_seconds":{"4389":{"user":283.58,"system":3.39,"children_user":1.02,"children_system":0.21},"4510":{"user":3.15,"system":6.34,"children_user":0.23,"children_system":5.6}},"average_relative_cpu_utilization":0.2732115529,"absolute_cpu_utilization":0.9987847318,"relative_mem_usage":0.1870257447,"absolute_mem_usage":3889808384.0,"absolute_mem_percent_usage":0.0287922831,"mem_info_per_process":{"4389":{"rss":3625365504,"vms":11472535552,"shared":538660864,"text":2322432,"lib":0,"data":9718140928,"dirty":0,"uss":164511744,"pss":1889268736,"swap":0},"4510":{"rss":3267424256,"vms":11472535552,"shared":180559872,"text":2322432,"lib":0,"data":9718140928,"dirty":0,"uss":137670656,"pss":1698357248,"swap":0}},"nvidia_draw_absolute":41.21,"nvidia_estimated_attributable_power_draw":41.21,"average_gpu_estimated_utilization_absolute":0.3033333333,"per_gpu_average_estimated_utilization_absolute":{"(0, 4389)":{"sm":30.3333333333,"mem":1.3333333333,"enc":0.0,"dec":0.0}},"average_gpu_estimated_utilization_relative":1.0,"per_gpu_performance_state":{"0":"P2"},"per_gpu_power_draw":{"0":41.21},"cpu_count_adjusted_average_load":[0.1653125,0.164375,0.1596875],"realtime_carbon_intensity":337.461173778,"disk_write_speed":27.3477697134,"process_ids":[4389,4510]}
{"timestamp":1572411545.9859991074,"rapl_power_draw_absolute":89.0522220337,"rapl_estimated_attributable_power_draw":20.7559905548,"cpu_time_seconds":{"4389":{"user":293.17,"system":3.39,"children_user":1.02,"children_system":0.21},"4510":{"user":3.23,"system":6.54,"children_user":0.24,"children_system":5.77}},"average_relative_cpu_utilization":0.2412876888,"absolute_cpu_utilization":1.0037813782,"relative_mem_usage":0.1701717905,"absolute_mem_usage":3845972992.0,"absolute_mem_percent_usage":0.0284678144,"mem_info_per_process":{"4389":{"rss":3625365504,"vms":11472535552,"shared":538660864,"text":2322432,"lib":0,"data":9718140928,"dirty":0,"uss":157601792,"pss":1853091840,"swap":0},"4510":{"rss":3267424256,"vms":11472535552,"shared":180559872,"text":2322432,"lib":0,"data":9718140928,"dirty":0,"uss":137662464,"pss":1697616896,"swap":0}},"nvidia_draw_absolute":41.5,"nvidia_estimated_attributable_power_draw":41.5,"average_gpu_estimated_utilization_absolute":0.31,"per_gpu_average_estimated_utilization_absolute":{"(0, 4389)":{"sm":31,"mem":1,"enc":0,"dec":0}},"average_gpu_estimated_utilization_relative":1.0,"per_gpu_performance_state":{"0":"P2"},"per_gpu_power_draw":{"0":41.5},"cpu_count_adjusted_average_load":[0.168125,0.165,0.16],"realtime_carbon_intensity":337.461173778,"disk_write_speed":42.7896328867,"process_ids":[4389,4510]}
{"timestamp":1572411553.9821810722,"rapl_power_draw_absolute":88.2201359738,"rapl_estimated_attributable_power_draw":19.5137991153,"cpu_time_seconds":{"4389":{"user":301.16,"system":3.39,"children_user":1.02,"children_system":0.21},"4510":{"user":3.36,"system":6.73,"children_user":0.24,"children_system":5.95}},"average_relative_cpu_utilization":0.2288208084,"absolute_cpu_utilization":0.9987878293,"relative_mem_usage":0.1577623328,"absolute_mem_usage":3814411264.0,"absolute_mem_percent_usage":0.0282341951,"mem_info_per_process":{"4389":{"rss":3625365504,"vms":11472535552,"shared":538660864,"text":2322432,"lib":0,"data":9718140928,"dirty":0,"uss":150667264,"pss":1828784128,"swap":0},"4510":{"rss":3267424256,"vms":11472535552,"shared":180559872,"text":2322432,"lib":0,"data":9718140928,"dirty":0,"uss":137670656,"pss":1697289216,"swap":0}},"nvidia_draw_absolute":41.93,"nvidia_estimated_attributable_power_draw":41.93,"average_gpu_estimated_utilization_absolute":0.31,"per_gpu_average_estimated_utilization_absolute":{"(0, 4389)":{"sm":31,"mem":1,"enc":0,"dec":0}},"average_gpu_estimated_utilization_relative":1.0,"per_gpu_performance_state":{"0":"P2"},"per_gpu_power_draw":{"0":41.93},"cpu_count_adjusted_average_load":[0.1640625,0.1640625,0.16],"realtime_carbon_intensity":337.461173778,"disk_write_speed":27.6855926162,"process_ids":[4389,4510]}
{"timestamp":1572411561.9688839912,"rapl_power_draw_absolute":88.2077432703,"rapl_estimated_attributable_power_draw":19.6014278374,"cpu_time_seconds":{"4389":{"user":309.15,"system":3.4,"children_user":1.02,"children_system":0.21},"4510":{"user":3.46,"system":6.93,"children_user":0.24,"children_system":6.11}},"average_relative_cpu_utilization":0.2299654586,"absolute_cpu_utilization":1.0037983832,"relative_mem_usage":0.1576989122,"absolute_mem_usage":3813932032.0,"absolute_mem_percent_usage":0.0282306479,"mem_info_per_process":{"4389":{"rss":3625365504,"vms":11472535552,"shared":538660864,"text":2322432,"lib":0,"data":9718140928,"dirty":0,"uss":150667264,"pss":1828669440,"swap":0},"4510":{"rss":3267424256,"vms":11472535552,"shared":180559872,"text":2322432,"lib":0,"data":9718140928,"dirty":0,"uss":137625600,"pss":1696969728,"swap":0}},"nvidia_draw_absolute":41.16,"nvidia_estimated_attributable_power_draw":41.16,"average_gpu_estimated_utilization_absolute":0.31,"per_gpu_average_estimated_utilization_absolute":{"(0, 4389)":{"sm":31,"mem":1,"enc":0,"dec":0}},"average_gpu_estimated_utilization_relative":1.0,"per_gpu_performance_state":{"0":"P2"},"per_gpu_power_draw":{"0":41.16},"cpu_count_adjusted_average_load":[0.158125,0.163125,0.159375],"realtime_carbon_intensity":337.461173778,"disk_write_speed":38.9178034654,"process_ids":[4389,4510]}
{"timestamp":1572411569.9797019958,"rapl_power_draw_absolute":88.2032802804,"rapl_estimated_attributable_power_draw":19.8016258033,"cpu_time_seconds":{"4389":{"user":317.16,"system":3.4,"children_user":1.02,"children_system":0.21},"4510":{"user":3.58,"system":7.12,"children_user":0.25,"children_system":6.28}},"average_relative_cpu_utilization":0.2325467596,"absolute_cpu_utilization":0.9987847708,"relative_mem_usage":0.1577058589,"absolute_mem_usage":3813842944.0,"absolute_mem_percent_usage":0.0282299884,"mem_info_per_process":{"4389":{"rss":3625365504,"vms":11472535552,"shared":538660864,"text":2322432,"lib":0,"data":9718140928,"dirty":0,"uss":150671360,"pss":1828570112,"swap":0},"4510":{"rss":3267424256,"vms":11472535552,"shared":180559872,"text":2322432,"lib":0,"data":9718140928,"dirty":0,"uss":137629696,"pss":1696971776,"swap":0}},"nvidia_draw_absolute":41.82,"nvidia_estimated_attributable_power_draw":41.82,"average_gpu_estimated_utilization_absolute":0.315,"per_gpu_average_estimated_utilization_absolute":{"(0, 4389)":{"sm":31.5,"mem":1.5,"enc":0.0,"dec":0.0}},"average_gpu_estimated_utilization_relative":1.0,"per_gpu_performance_state":{"0":"P2"},"per_gpu_power_draw":{"0":41.82},"cpu_count_adjusted_average_load":[0.155625,0.1621875,0.159375],"realtime_carbon_intensity":337.461173778,"disk_write_speed":21.2061564823,"process_ids":[4389,4510]}
{"timestamp":1572411578.0005919933,"rapl_power_draw_absolute":87.771977527,"rapl_estimated_attributable_power_draw":19.7635791266,"cpu_time_seconds":{"4389":{"user":325.17,"system":3.4,"children_user":1.02,"children_system":0.21},"4510":{"user":3.65,"system":7.32,"children_user":0.27,"children_system":6.44}},"average_relative_cpu_utilization":0.2330877822,"absolute_cpu_utilization":0.998950697,"relative_mem_usage":0.157684035,"absolute_mem_usage":3813853184.0,"absolute_mem_percent_usage":0.0282300642,"mem_info_per_process":{"4389":{"rss":3625365504,"vms":11472535552,"shared":538660864,"text":2322432,"lib":0,"data":9718140928,"dirty":0,"uss":150675456,"pss":1828674560,"swap":0},"4510":{"rss":3267424256,"vms":11472535552,"shared":180559872,"text":2322432,"lib":0,"data":9718140928,"dirty":0,"uss":137633792,"pss":1696869376,"swap":0}},"nvidia_draw_absolute":41.81,"nvidia_estimated_attributable_power_draw":41.81,"average_gpu_estimated_utilization_absolute":0.31,"per_gpu_average_estimated_utilization_absolute":{"(0, 4389)":{"sm":31,"mem":1,"enc":0,"dec":0}},"average_gpu_estimated_utilization_relative":1.0,"per_gpu_performance_state":{"0":"P2"},"per_gpu_power_draw":{"0":41.81},"cpu_count_adjusted_average_load":[0.155625,0.161875,0.1590625],"realtime_carbon_intensity":337.461173778,"disk_write_speed":15.2972526936,"process_ids":[4389,4510]}
{"timestamp":1572411586.0152380466,"rapl_power_draw_absolute":87.296811753,"rapl_estimated_attributable_power_draw":20.0665340178,"cpu_time_seconds":{"4389":{"user":333.19,"system":3.4,"children_user":1.02,"children_system":0.21},"4510":{"user":3.72,"system":7.51,"children_user":0.27,"children_system":6.62}},"average_relative_cpu_utilization":0.238644162,"absolute_cpu_utilization":0.9987622007,"relative_mem_usage":0.1577127142,"absolute_mem_usage":3813964800.0,"absolute_mem_percent_usage":0.0282308904,"mem_info_per_process":{"4389":{"rss":3625365504,"vms":11472535552,"shared":538660864,"text":2322432,"lib":0,"data":9718140928,"dirty":0,"uss":150679552,"pss":1828673536,"swap":0},"4510":{"rss":3267424256,"vms":11472535552,"shared":180559872,"text":2322432,"lib":0,"data":9718140928,"dirty":0,"uss":137637888,"pss":1696973824,"swap":0}},"nvidia_draw_absolute":41.54,"nvidia_estimated_attributable_power_draw":41.54,"average_gpu_estimated_utilization_absolute":0.31,"per_gpu_average_estimated_utilization_absolute":{"(0, 4389)":{"sm":31,"mem":1,"enc":0,"dec":0}},"average_gpu_estimated_utilization_relative":1.0,"per_gpu_performance_state":{"0":"P2"},"per_gpu_power_draw":{"0":41.54},"cpu_count_adjusted_average_load":[0.1584375,0.1625,0.159375],"realtime_carbon_intensity":337.461173778,"disk_write_speed":23.2426675779,"process_ids":[4389,4510]}
{"timestamp":1572411594.0246429443,"rapl_power_draw_absolute":87.6487184004,"rapl_estimated_attributable_power_draw":19.7856597085,"cpu_time_seconds":{"4389":{"user":341.19,"system":3.41,"children_user":1.02,"children_system":0.21},"4510":{"user":3.8,"system":7.71,"children_user":0.28,"children_system":6.79}},"average_relative_cpu_utilization":0.2338275387,"absolute_cpu_utilization":0.9937887892,"relative_mem_usage":0.15771544,"absolute_mem_usage":3813989376.0,"absolute_mem_percent_usage":0.0282310723,"mem_info_per_process":{"4389":{"rss":3625365504,"vms":11472535552,"shared":538660864,"text":2322432,"lib":0,"data":9718140928,"dirty":0,"uss":150687744,"pss":1828677632,"swap":0},"4510":{"rss":3267424256,"vms":11472535552,"shared":180559872,"text":2322432,"lib":0,"data":9718140928,"dirty":0,"uss":137646080,"pss":1696977920,"swap":0}},"nvidia_draw_absolute":41.83,"nvidia_estimated_attributable_power_draw":41.83,"average_gpu_estimated_utilization_absolute":0.31,"per_gpu_average_estimated_utilization_absolute":{"(0, 4389)":{"sm":31,"mem":1,"enc":0,"dec":0}},"average_gpu_estimated_utilization_relative":1.0,"per_gpu_performance_state":{"0":"P2"},"per_gpu_power_draw":{"0":41.83},"cpu_count_adjusted_average_load":[0.155625,0.161875,0.1590625],"realtime_carbon_intensity":337.461173778,"disk_write_speed":17.6148958974,"process_ids":[4389,4510]}
{"timestamp":1572411602.1233079433,"rapl_power_draw_absolute":88.0967091784,"rapl_estimated_attributable_power_draw":20.1756501939,"cpu_time_seconds":{"4389":{"user":349.28,"system":3.42,"children_user":1.02,"children_system":0.21},"4510":{"user":3.87,"system":7.9,"children_user":0.29,"children_system":6.96}},"average_relative_cpu_utilization":0.2341045908,"absolute_cpu_utilization":0.9938064717,"relative_mem_usage":0.1871882045,"absolute_mem_usage":3889921024.0,"absolute_mem_percent_usage":0.0287931169,"mem_info_per_process":{"4389":{"rss":3625365504,"vms":11472535552,"shared":538660864,"text":2322432,"lib":0,"data":9718140928,"dirty":0,"uss":164548608,"pss":1889288192,"swap":0},"4510":{"rss":3267424256,"vms":11472535552,"shared":180559872,"text":2322432,"lib":0,"data":9718140928,"dirty":0,"uss":137707520,"pss":1698376704,"swap":0}},"nvidia_draw_absolute":41.59,"nvidia_estimated_attributable_power_draw":41.59,"average_gpu_estimated_utilization_absolute":0.3,"per_gpu_average_estimated_utilization_absolute":{"(0, 4389)":{"sm":30,"mem":2,"enc":0,"dec":0}},"average_gpu_estimated_utilization_relative":1.0,"per_gpu_performance_state":{"0":"P2"},"per_gpu_power_draw":{"0":41.59},"cpu_count_adjusted_average_load":[0.155625,0.1615625,0.1590625],"realtime_carbon_intensity":337.461173778,"disk_write_speed":33.2729915256,"process_ids":[4389,4510]}
{"timestamp":1572411610.1833889484,"rapl_power_draw_absolute":78.8865417635,"rapl_estimated_attributable_power_draw":23.8444880573,"cpu_time_seconds":{"4389":{"user":357.34,"system":3.43,"children_user":1.02,"children_system":0.21},"4510":{"user":3.98,"system":8.11,"children_user":0.3,"children_system":7.11}},"average_relative_cpu_utilization":0.3174432576,"absolute_cpu_utilization":0.9987835742,"relative_mem_usage":0.1872116003,"absolute_mem_usage":3889933312.0,"absolute_mem_percent_usage":0.0287932078,"mem_info_per_process":{"4389":{"rss":3625365504,"vms":11472535552,"shared":538660864,"text":2322432,"lib":0,"data":9718140928,"dirty":0,"uss":164552704,"pss":1889290240,"swap":0},"4510":{"rss":3267424256,"vms":11472535552,"shared":180559872,"text":2322432,"lib":0,"data":9718140928,"dirty":0,"uss":137711616,"pss":1698378752,"swap":0}},"nvidia_draw_absolute":41.85,"nvidia_estimated_attributable_power_draw":41.85,"average_gpu_estimated_utilization_absolute":0.31,"per_gpu_average_estimated_utilization_absolute":{"(0, 4389)":{"sm":31,"mem":2,"enc":0,"dec":0}},"average_gpu_estimated_utilization_relative":1.0,"per_gpu_performance_state":{"0":"P2"},"per_gpu_power_draw":{"0":41.85},"cpu_count_adjusted_average_load":[0.1534375,0.1609375,0.15875],"realtime_carbon_intensity":337.461173778,"disk_write_speed":28.618744169,"process_ids":[4389,4510]}
{"timestamp":1572411618.1854760647,"rapl_power_draw_absolute":82.8791197988,"rapl_estimated_attributable_power_draw":22.9804944857,"cpu_time_seconds":{"4389":{"user":365.33,"system":3.44,"children_user":1.02,"children_system":0.21},"4510":{"user":4.07,"system":8.32,"children_user":0.31,"children_system":7.27}},"average_relative_cpu_utilization":0.2885834768,"absolute_cpu_utilization":0.9987888866,"relative_mem_usage":0.1866440793,"absolute_mem_usage":3889925120.0,"absolute_mem_percent_usage":0.0287931472,"mem_info_per_process":{"4389":{"rss":3625365504,"vms":11472535552,"shared":538660864,"text":2322432,"lib":0,"data":9718140928,"dirty":0,"uss":164556800,"pss":1889276928,"swap":0},"4510":{"rss":3267424256,"vms":11472535552,"shared":180559872,"text":2322432,"lib":0,"data":9718140928,"dirty":0,"uss":137715712,"pss":1698375680,"swap":0}},"nvidia_draw_absolute":41.59,"nvidia_estimated_attributable_power_draw":41.59,"average_gpu_estimated_utilization_absolute":0.31,"per_gpu_average_estimated_utilization_absolute":{"(0, 4389)":{"sm":31,"mem":2,"enc":0,"dec":0}},"average_gpu_estimated_utilization_relative":1.0,"per_gpu_performance_state":{"0":"P2"},"per_gpu_power_draw":{"0":41.59},"cpu_count_adjusted_average_load":[0.1490625,0.1596875,0.1584375],"realtime_carbon_intensity":337.461173778,"disk_write_speed":33.9548920016,"process_ids":[4389,4510]}
{"timestamp":1572411626.805783987,"rapl_power_draw_absolute":88.3988768586,"rapl_estimated_attributable_power_draw":20.622041141,"cpu_time_seconds":{"4389":{"user":373.94,"system":3.45,"children_user":1.02,"children_system":0.21},"4510":{"user":4.18,"system":8.52,"children_user":0.32,"children_system":7.43}},"average_relative_cpu_utilization":0.2412879029,"absolute_cpu_utilization":1.0037781177,"relative_mem_usage":0.1718527989,"absolute_mem_usage":3849808896.0,"absolute_mem_percent_usage":0.0284962077,"mem_info_per_process":{"4389":{"rss":3625365504,"vms":11472535552,"shared":538660864,"text":2322432,"lib":0,"data":9718140928,"dirty":0,"uss":159518720,"pss":1854910464,"swap":0},"4510":{"rss":3267424256,"vms":11472535552,"shared":180559872,"text":2322432,"lib":0,"data":9718140928,"dirty":0,"uss":137719808,"pss":1697659904,"swap":0}},"nvidia_draw_absolute":42.16,"nvidia_estimated_attributable_power_draw":42.16,"average_gpu_estimated_utilization_absolute":0.31,"per_gpu_average_estimated_utilization_absolute":{"(0, 4389)":{"sm":31.0,"mem":1.5,"enc":0.0,"dec":0.0}},"average_gpu_estimated_utilization_relative":1.0,"per_gpu_performance_state":{"0":"P2"},"per_gpu_power_draw":{"0":42.16},"cpu_count_adjusted_average_load":[0.1471875,0.1590625,0.1584375],"realtime_carbon_intensity":337.461173778,"disk_write_speed":38.5231475741,"process_ids":[4389,4510]}
{"timestamp":1572411634.8056190014,"rapl_power_draw_absolute":87.7565739048,"rapl_estimated_attributable_power_draw":20.0898819872,"cpu_time_seconds":{"4389":{"user":381.94,"system":3.46,"children_user":1.02,"children_system":0.21},"4510":{"user":4.3,"system":8.71,"children_user":0.34,"children_system":7.58}},"average_relative_cpu_utilization":0.2375753363,"absolute_cpu_utilization":1.0037740206,"relative_mem_usage":0.1579330422,"absolute_mem_usage":3821761536.0,"absolute_mem_percent_usage":0.0282886017,"mem_info_per_process":{"4389":{"rss":3625365504,"vms":11472535552,"shared":538660864,"text":2322432,"lib":0,"data":9718140928,"dirty":0,"uss":154910720,"pss":1831724032,"swap":0},"4510":{"rss":3267424256,"vms":11472535552,"shared":180559872,"text":2322432,"lib":0,"data":9718140928,"dirty":0,"uss":137723904,"pss":1697402880,"swap":0}},"nvidia_draw_absolute":42.03,"nvidia_estimated_attributable_power_draw":42.03,"average_gpu_estimated_utilization_absolute":0.3133333333,"per_gpu_average_estimated_utilization_absolute":{"(0, 4389)":{"sm":31.3333333333,"mem":1.6666666667,"enc":0.0,"dec":0.0}},"average_gpu_estimated_utilization_relative":1.0,"per_gpu_performance_state":{"0":"P2"},"per_gpu_power_draw":{"0":42.03},"cpu_count_adjusted_average_load":[0.15125,0.1596875,0.1584375],"realtime_carbon_intensity":337.461173778,"disk_write_speed":33.3244229125,"process_ids":[4389,4510]}
{"timestamp":1572411642.7931830883,"rapl_power_draw_absolute":87.992581518,"rapl_estimated_attributable_power_draw":19.6918327432,"cpu_time_seconds":{"4389":{"user":389.91,"system":3.47,"children_user":1.02,"children_system":0.21},"4510":{"user":4.38,"system":8.92,"children_user":0.34,"children_system":7.76}},"average_relative_cpu_utilization":0.2317369234,"absolute_cpu_utilization":0.9987961074,"relative_mem_usage":0.1578374717,"absolute_mem_usage":3821240320.0,"absolute_mem_percent_usage":0.0282847437,"mem_info_per_process":{"4389":{"rss":3625365504,"vms":11472535552,"shared":538660864,"text":2322432,"lib":0,"data":9718140928,"dirty":0,"uss":154918912,"pss":1831546880,"swap":0},"4510":{"rss":3267424256,"vms":11472535552,"shared":180559872,"text":2322432,"lib":0,"data":9718140928,"dirty":0,"uss":137707520,"pss":1697067008,"swap":0}},"nvidia_draw_absolute":41.78,"nvidia_estimated_attributable_power_draw":41.78,"average_gpu_estimated_utilization_absolute":0.3133333333,"per_gpu_average_estimated_utilization_absolute":{"(0, 4389)":{"sm":31.3333333333,"mem":1.6666666667,"enc":0.0,"dec":0.0}},"average_gpu_estimated_utilization_relative":1.0,"per_gpu_performance_state":{"0":"P2"},"per_gpu_power_draw":{"0":41.78},"cpu_count_adjusted_average_load":[0.1515625,0.1596875,0.1584375],"realtime_carbon_intensity":337.461173778,"disk_write_speed":30.9728453408,"process_ids":[4389,4510]}
{"timestamp":1572411650.7981889248,"rapl_power_draw_absolute":87.9577799413,"rapl_estimated_attributable_power_draw":19.7123042634,"cpu_time_seconds":{"4389":{"user":397.92,"system":3.47,"children_user":1.02,"children_system":0.21},"4510":{"user":4.47,"system":9.12,"children_user":0.35,"children_system":7.92}},"average_relative_cpu_utilization":0.2320057495,"absolute_cpu_utilization":0.9987954997,"relative_mem_usage":0.1578264704,"absolute_mem_usage":3821240320.0,"absolute_mem_percent_usage":0.0282847437,"mem_info_per_process":{"4389":{"rss":3625365504,"vms":11472535552,"shared":538660864,"text":2322432,"lib":0,"data":9718140928,"dirty":0,"uss":154918912,"pss":1831546880,"swap":0},"4510":{"rss":3267424256,"vms":11472535552,"shared":180559872,"text":2322432,"lib":0,"data":9718140928,"dirty":0,"uss":137707520,"pss":1697067008,"swap":0}},"nvidia_draw_absolute":41.93,"nvidia_estimated_attributable_power_draw":41.93,"average_gpu_estimated_utilization_absolute":0.31,"per_gpu_average_estimated_utilization_absolute":{"(0, 4389)":{"sm":31.0,"mem":1.5,"enc":0.0,"dec":0.0}},"average_gpu_estimated_utilization_relative":1.0,"per_gpu_performance_state":{"0":"P2"},"per_gpu_power_draw":{"0":41.93},"cpu_count_adjusted_average_load":[0.15,0.15875,0.1584375],"realtime_carbon_intensity":337.461173778,"disk_write_speed":33.1229452376,"process_ids":[4389,4510]}
{"timestamp":1572411658.7934930325,"rapl_power_draw_absolute":87.955476986,"rapl_estimated_attributable_power_draw":19.6478523393,"cpu_time_seconds":{"4389":{"user":405.9,"system":3.48,"children_user":1.02,"children_system":0.21},"4510":{"user":4.58,"system":9.31,"children_user":0.36,"children_system":8.08}},"average_relative_cpu_utilization":0.2312019538,"absolute_cpu_utilization":0.9988059371,"relative_mem_usage":0.1578307158,"absolute_mem_usage":3821240320.0,"absolute_mem_percent_usage":0.0282847437,"mem_info_per_process":{"4389":{"rss":3625365504,"vms":11472535552,"shared":538660864,"text":2322432,"lib":0,"data":9718140928,"dirty":0,"uss":154918912,"pss":1831546880,"swap":0},"4510":{"rss":3267424256,"vms":11472535552,"shared":180559872,"text":2322432,"lib":0,"data":9718140928,"dirty":0,"uss":137707520,"pss":1697067008,"swap":0}},"nvidia_draw_absolute":41.5,"nvidia_estimated_attributable_power_draw":41.5,"average_gpu_estimated_utilization_absolute":0.31,"per_gpu_average_estimated_utilization_absolute":{"(0, 4389)":{"sm":31.0,"mem":1.5,"enc":0.0,"dec":0.0}},"average_gpu_estimated_utilization_relative":1.0,"per_gpu_performance_state":{"0":"P2"},"per_gpu_power_draw":{"0":41.5},"cpu_count_adjusted_average_load":[0.1484375,0.1584375,0.158125],"realtime_carbon_intensity":337.461173778,"disk_write_speed":49.8918730911,"process_ids":[4389,4510]}
{"timestamp":1572411666.7595078945,"rapl_power_draw_absolute":87.8333621928,"rapl_estimated_attributable_power_draw":19.7003221107,"cpu_time_seconds":{"4389":{"user":413.87,"system":3.48,"children_user":1.02,"children_system":0.21},"4510":{"user":4.71,"system":9.52,"children_user":0.37,"children_system":8.24}},"average_relative_cpu_utilization":0.2325449163,"absolute_cpu_utilization":0.9987971516,"relative_mem_usage":0.157835549,"absolute_mem_usage":3821240320.0,"absolute_mem_percent_usage":0.0282847437,"mem_info_per_process":{"4389":{"rss":3625365504,"vms":11472535552,"shared":538660864,"text":2322432,"lib":0,"data":9718140928,"dirty":0,"uss":154918912,"pss":1831546880,"swap":0},"4510":{"rss":3267424256,"vms":11472535552,"shared":180559872,"text":2322432,"lib":0,"data":9718140928,"dirty":0,"uss":137707520,"pss":1697067008,"swap":0}},"nvidia_draw_absolute":41.7,"nvidia_estimated_attributable_power_draw":41.7,"average_gpu_estimated_utilization_absolute":0.3133333333,"per_gpu_average_estimated_utilization_absolute":{"(0, 4389)":{"sm":31.3333333333,"mem":1.6666666667,"enc":0.0,"dec":0.0}},"average_gpu_estimated_utilization_relative":1.0,"per_gpu_performance_state":{"0":"P2"},"per_gpu_power_draw":{"0":41.7},"cpu_count_adjusted_average_load":[0.1465625,0.1578125,0.1578125],"realtime_carbon_intensity":337.461173778,"disk_write_speed":39.4112429835,"process_ids":[4389,4510]}
{"timestamp":1572411674.7904191017,"rapl_power_draw_absolute":88.0589368032,"rapl_estimated_attributable_power_draw":19.8066129431,"cpu_time_seconds":{"4389":{"user":421.89,"system":3.49,"children_user":1.02,"children_system":0.21},"4510":{"user":4.85,"system":9.71,"children_user":0.38,"children_system":8.4}},"average_relative_cpu_utilization":0.2330874649,"absolute_cpu_utilization":0.9987608611,"relative_mem_usage":0.1578384864,"absolute_mem_usage":3821240320.0,"absolute_mem_percent_usage":0.0282847437,"mem_info_per_process":{"4389":{"rss":3625365504,"vms":11472535552,"shared":538660864,"text":2322432,"lib":0,"data":9718140928,"dirty":0,"uss":154918912,"pss":1831546880,"swap":0},"4510":{"rss":3267424256,"vms":11472535552,"shared":180559872,"text":2322432,"lib":0,"data":9718140928,"dirty":0,"uss":137707520,"pss":1697067008,"swap":0}},"nvidia_draw_absolute":41.45,"nvidia_estimated_attributable_power_draw":41.45,"average_gpu_estimated_utilization_absolute":0.3133333333,"per_gpu_average_estimated_utilization_absolute":{"(0, 4389)":{"sm":31.3333333333,"mem":1.6666666667,"enc":0.0,"dec":0.0}},"average_gpu_estimated_utilization_relative":1.0,"per_gpu_performance_state":{"0":"P2"},"per_gpu_power_draw":{"0":41.45},"cpu_count_adjusted_average_load":[0.1528125,0.15875,0.158125],"realtime_carbon_intensity":337.461173778,"disk_write_speed":25.474119634,"process_ids":[4389,4510]}
{"timestamp":1572411682.7711179256,"rapl_power_draw_absolute":88.3423961995,"rapl_estimated_attributable_power_draw":19.7772498005,"cpu_time_seconds":{"4389":{"user":429.86,"system":3.5,"children_user":1.02,"children_system":0.21},"4510":{"user":4.94,"system":9.89,"children_user":0.38,"children_system":8.58}},"average_relative_cpu_utilization":0.2317373873,"absolute_cpu_utilization":0.9987905106,"relative_mem_usage":0.1578320776,"absolute_mem_usage":3821240320.0,"absolute_mem_percent_usage":0.0282847437,"mem_info_per_process":{"4389":{"rss":3625365504,"vms":11472535552,"shared":538660864,"text":2322432,"lib":0,"data":9718140928,"dirty":0,"uss":154918912,"pss":1831546880,"swap":0},"4510":{"rss":3267424256,"vms":11472535552,"shared":180559872,"text":2322432,"lib":0,"data":9718140928,"dirty":0,"uss":137707520,"pss":1697067008,"swap":0}},"nvidia_draw_absolute":42.21,"nvidia_estimated_attributable_power_draw":42.21,"average_gpu_estimated_utilization_absolute":0.3133333333,"per_gpu_average_estimated_utilization_absolute":{"(0, 4389)":{"sm":31.3333333333,"mem":1.6666666667,"enc":0.0,"dec":0.0}},"average_gpu_estimated_utilization_relative":1.0,"per_gpu_performance_state":{"0":"P2"},"per_gpu_power_draw":{"0":42.21},"cpu_count_adjusted_average_load":[0.153125,0.15875,0.158125],"realtime_carbon_intensity":337.461173778,"disk_write_speed":29.7308776184,"process_ids":[4389,4510]}
{"timestamp":1572411690.7938680649,"rapl_power_draw_absolute":88.6396454615,"rapl_estimated_attributable_power_draw":19.9529002638,"cpu_time_seconds":{"4389":{"user":437.88,"system":3.51,"children_user":1.02,"children_system":0.21},"4510":{"user":5.06,"system":10.06,"children_user":0.4,"children_system":8.74}},"average_relative_cpu_utilization":0.2331668692,"absolute_cpu_utilization":1.0037650011,"relative_mem_usage":0.157833573,"absolute_mem_usage":3821240320.0,"absolute_mem_percent_usage":0.0282847437,"mem_info_per_process":{"4389":{"rss":3625365504,"vms":11472535552,"shared":538660864,"text":2322432,"lib":0,"data":9718140928,"dirty":0,"uss":154918912,"pss":1831546880,"swap":0},"4510":{"rss":3267424256,"vms":11472535552,"shared":180559872,"text":2322432,"lib":0,"data":9718140928,"dirty":0,"uss":137707520,"pss":1697067008,"swap":0}},"nvidia_draw_absolute":41.88,"nvidia_estimated_attributable_power_draw":41.88,"average_gpu_estimated_utilization_absolute":0.31,"per_gpu_average_estimated_utilization_absolute":{"(0, 4389)":{"sm":31.0,"mem":1.5,"enc":0.0,"dec":0.0}},"average_gpu_estimated_utilization_relative":1.0,"per_gpu_performance_state":{"0":"P2"},"per_gpu_power_draw":{"0":41.88},"cpu_count_adjusted_average_load":[0.165625,0.16125,0.1590625],"realtime_carbon_intensity":337.461173778,"disk_write_speed":34.049726894,"process_ids":[4389,4510]}
{"timestamp":1572411698.8179268837,"rapl_power_draw_absolute":88.830584154,"rapl_estimated_attributable_power_draw":19.7690997719,"cpu_time_seconds":{"4389":{"user":445.89,"system":3.52,"children_user":1.02,"children_system":0.21},"4510":{"user":5.18,"system":10.25,"children_user":0.41,"children_system":8.9}},"average_relative_cpu_utilization":0.230139389,"absolute_cpu_utilization":0.9987841205,"relative_mem_usage":0.1578157646,"absolute_mem_usage":3821252608.0,"absolute_mem_percent_usage":0.0282848346,"mem_info_per_process":{"4389":{"rss":3625365504,"vms":11472535552,"shared":538660864,"text":2322432,"lib":0,"data":9718140928,"dirty":0,"uss":154923008,"pss":1831548928,"swap":0},"4510":{"rss":3267424256,"vms":11472535552,"shared":180559872,"text":2322432,"lib":0,"data":9718140928,"dirty":0,"uss":137711616,"pss":1697069056,"swap":0}},"nvidia_draw_absolute":42.06,"nvidia_estimated_attributable_power_draw":42.06,"average_gpu_estimated_utilization_absolute":0.3,"per_gpu_average_estimated_utilization_absolute":{"(0, 4389)":{"sm":30.0,"mem":1.5,"enc":0.0,"dec":0.0}},"average_gpu_estimated_utilization_relative":1.0,"per_gpu_performance_state":{"0":"P2"},"per_gpu_power_draw":{"0":42.06},"cpu_count_adjusted_average_load":[0.169375,0.1621875,0.159375],"realtime_carbon_intensity":337.461173778,"disk_write_speed":26.344404934,"process_ids":[4389,4510]}
{"timestamp":1572411706.8270139694,"rapl_power_draw_absolute":88.7696843282,"rapl_estimated_attributable_power_draw":19.6842997465,"cpu_time_seconds":{"4389":{"user":453.9,"system":3.52,"children_user":1.02,"children_system":0.21},"4510":{"user":5.27,"system":10.44,"children_user":0.42,"children_system":9.07}},"average_relative_cpu_utilization":0.2293441541,"absolute_cpu_utilization":0.9987945353,"relative_mem_usage":0.1578177401,"absolute_mem_usage":3821252608.0,"absolute_mem_percent_usage":0.0282848346,"mem_info_per_process":{"4389":{"rss":3625365504,"vms":11472535552,"shared":538660864,"text":2322432,"lib":0,"data":9718140928,"dirty":0,"uss":154923008,"pss":1831548928,"swap":0},"4510":{"rss":3267424256,"vms":11472535552,"shared":180559872,"text":2322432,"lib":0,"data":9718140928,"dirty":0,"uss":137711616,"pss":1697069056,"swap":0}},"nvidia_draw_absolute":41.92,"nvidia_estimated_attributable_power_draw":41.92,"average_gpu_estimated_utilization_absolute":0.31,"per_gpu_average_estimated_utilization_absolute":{"(0, 4389)":{"sm":31.0,"mem":1.5,"enc":0.0,"dec":0.0}},"average_gpu_estimated_utilization_relative":1.0,"per_gpu_performance_state":{"0":"P2"},"per_gpu_power_draw":{"0":41.92},"cpu_count_adjusted_average_load":[0.165625,0.1615625,0.1590625],"realtime_carbon_intensity":337.461173778,"disk_write_speed":42.9091592241,"process_ids":[4389,4510]}
