{"timestamp":1573522365.3319818974,"rapl_power_draw_absolute":65.8479366947,"rapl_estimated_attributable_power_draw":14.2436069271,"cpu_time_seconds":{"21188":{"user":31.7,"system":3.26,"children_user":1.06,"children_system":0.22},"21357":{"user":0.02,"system":0.02,"children_user":0.0,"children_system":0.02}},"average_relative_cpu_utilization":0.2334789845,"absolute_cpu_utilization":0.9886934562,"relative_mem_usage":0.0371276331,"absolute_mem_usage":2854555648.0,"absolute_mem_percent_usage":0.0211293223,"mem_info_per_process":{"21188":{"rss":1943642112,"vms":8824791040,"shared":114298880,"text":2322432,"lib":0,"data":7441321984,"dirty":0,"uss":563539968,"pss":1251181568,"swap":0},"21357":{"rss":1550913536,"vms":3671699456,"shared":4366336,"text":2322432,"lib":0,"data":2310545408,"dirty":0,"uss":176685056,"pss":863149056,"swap":0}},"nvidia_draw_absolute":35.38,"nvidia_estimated_attributable_power_draw":35.38,"average_gpu_estimated_utilization_absolute":0.022,"per_gpu_average_estimated_utilization_absolute":{"(0, 21188)":{"sm":2.2,"mem":0.0,"enc":0.0,"dec":0.0}},"average_gpu_estimated_utilization_relative":1.0,"per_gpu_performance_state":{"0":"P2"},"per_gpu_power_draw":{"0":35.38},"cpu_count_adjusted_average_load":[0.1775,0.1453125,0.1384375],"cpu_freq":[{"current":2396.625,"min":1200.0,"max":3200.0},{"current":1799.531,"min":1200.0,"max":3200.0},{"current":2399.906,"min":1200.0,"max":3200.0},{"current":1705.687,"min":1200.0,"max":3200.0},{"current":1283.156,"min":1200.0,"max":3200.0},{"current":1200.0,"min":1200.0,"max":3200.0},{"current":1399.968,"min":1200.0,"max":3200.0},{"current":2399.906,"min":1200.0,"max":3200.0},{"current":1282.406,"min":1200.0,"max":3200.0},{"current":1319.531,"min":1200.0,"max":3200.0},{"current":3132.0,"min":1200.0,"max":3200.0},{"current":1464.375,"min":1200.0,"max":3200.0},{"current":1202.906,"min":1200.0,"max":3200.0},{"current":1200.0,"min":1200.0,"max":3200.0},{"current":1235.062,"min":1200.0,"max":3200.0},{"current":1200.093,"min":1200.0,"max":3200.0},{"current":2006.906,"min":1200.0,"max":3200.0},{"current":1296.375,"min":1200.0,"max":3200.0},{"current":2400.093,"min":1200.0,"max":3200.0},{"current":1520.25,"min":1200.0,"max":3200.0},{"current":1223.625,"min":1200.0,"max":3200.0},{"current":1208.25,"min":1200.0,"max":3200.0},{"current":1471.125,"min":1200.0,"max":3200.0},{"current":2399.906,"min":1200.0,"max":3200.0},{"current":1354.312,"min":1200.0,"max":3200.0},{"current":1481.343,"min":1200.0,"max":3200.0},{"current":3200.156,"min":1200.0,"max":3200.0},{"current":1461.468,"min":1200.0,"max":3200.0},{"current":1510.031,"min":1200.0,"max":3200.0},{"current":1200.187,"min":1200.0,"max":3200.0},{"current":1222.218,"min":1200.0,"max":3200.0},{"current":1201.031,"min":1200.0,"max":3200.0}],"realtime_carbon_intensity":401.3257110792,"disk_write_speed":43.0158955401,"process_ids":[21188,21357]}
{"timestamp":1573522373.4518120289,"rapl_power_draw_absolute":66.1357146455,"rapl_estimated_attributable_power_draw":15.1921421186,"cpu_time_seconds":{"21188":{"user":38.19,"system":4.73,"children_user":1.06,"children_system":0.22},"21357":{"user":0.24,"system":0.18,"children_user":0.02,"children_system":0.19}},"average_relative_cpu_utilization":0.2383065794,"absolute_cpu_utilization":0.9936680702,"relative_mem_usage":0.1263075968,"absolute_mem_usage":10089622528.0,"absolute_mem_percent_usage":0.0746830373,"mem_info_per_process":{"21188":{"rss":4548669440,"vms":13828653056,"shared":557047808,"text":2322432,"lib":0,"data":12258742272,"dirty":0,"uss":3838402560,"pss":4190596096,"swap":0},"21357":{"rss":1558003712,"vms":3671699456,"shared":11440128,"text":2322432,"lib":0,"data":2310545408,"dirty":0,"uss":855056384,"pss":1205567488,"swap":0}},"nvidia_draw_absolute":45.26,"nvidia_estimated_attributable_power_draw":45.26,"average_gpu_estimated_utilization_absolute":0.35,"per_gpu_average_estimated_utilization_absolute":{"(0, 21188)":{"sm":35.0,"mem":7.5,"enc":0.0,"dec":0.0}},"average_gpu_estimated_utilization_relative":1.0,"per_gpu_performance_state":{"0":"P2"},"per_gpu_power_draw":{"0":45.26},"cpu_count_adjusted_average_load":[0.169375,0.1446875,0.138125],"cpu_freq":[{"current":1298.625,"min":1200.0,"max":3200.0},{"current":2399.906,"min":1200.0,"max":3200.0},{"current":1400.062,"min":1200.0,"max":3200.0},{"current":2399.906,"min":1200.0,"max":3200.0},{"current":1226.437,"min":1200.0,"max":3200.0},{"current":1200.187,"min":1200.0,"max":3200.0},{"current":2488.687,"min":1200.0,"max":3200.0},{"current":2067.375,"min":1200.0,"max":3200.0},{"current":1296.187,"min":1200.0,"max":3200.0},{"current":1252.218,"min":1200.0,"max":3200.0},{"current":3123.281,"min":1200.0,"max":3200.0},{"current":1495.593,"min":1200.0,"max":3200.0},{"current":1200.093,"min":1200.0,"max":3200.0},{"current":1201.312,"min":1200.0,"max":3200.0},{"current":1265.437,"min":1200.0,"max":3200.0},{"current":1200.093,"min":1200.0,"max":3200.0},{"current":1358.718,"min":1200.0,"max":3200.0},{"current":2399.906,"min":1200.0,"max":3200.0},{"current":1298.531,"min":1200.0,"max":3200.0},{"current":2400.0,"min":1200.0,"max":3200.0},{"current":1294.968,"min":1200.0,"max":3200.0},{"current":1236.656,"min":1200.0,"max":3200.0},{"current":1499.156,"min":1200.0,"max":3200.0},{"current":2400.0,"min":1200.0,"max":3200.0},{"current":1342.312,"min":1200.0,"max":3200.0},{"current":1364.906,"min":1200.0,"max":3200.0},{"current":2608.031,"min":1200.0,"max":3200.0},{"current":1497.937,"min":1200.0,"max":3200.0},{"current":1510.031,"min":1200.0,"max":3200.0},{"current":1219.781,"min":1200.0,"max":3200.0},{"current":1222.218,"min":1200.0,"max":3200.0},{"current":1202.718,"min":1200.0,"max":3200.0}],"realtime_carbon_intensity":401.3257110792,"disk_write_speed":52.3456770036,"process_ids":[21188,21357]}
{"timestamp":1573522381.4718880653,"rapl_power_draw_absolute":66.1354933322,"rapl_estimated_attributable_power_draw":15.0744407932,"cpu_time_seconds":{"21188":{"user":45.93,"system":5.02,"children_user":1.06,"children_system":0.22},"21357":{"user":0.48,"system":0.37,"children_user":0.04,"children_system":0.36}},"average_relative_cpu_utilization":0.2363850359,"absolute_cpu_utilization":0.998626902,"relative_mem_usage":0.1263779387,"absolute_mem_usage":10096761856.0,"absolute_mem_percent_usage":0.0747358823,"mem_info_per_process":{"21188":{"rss":4548669440,"vms":13828653056,"shared":557047808,"text":2322432,"lib":0,"data":12258742272,"dirty":0,"uss":3840782336,"pss":4191785984,"swap":0},"21357":{"rss":1558003712,"vms":3671699456,"shared":11440128,"text":2322432,"lib":0,"data":2310545408,"dirty":0,"uss":857436160,"pss":1206757376,"swap":0}},"nvidia_draw_absolute":44.11,"nvidia_estimated_attributable_power_draw":44.11,"average_gpu_estimated_utilization_absolute":0.35,"per_gpu_average_estimated_utilization_absolute":{"(0, 21188)":{"sm":35,"mem":7,"enc":0,"dec":0}},"average_gpu_estimated_utilization_relative":1.0,"per_gpu_performance_state":{"0":"P2"},"per_gpu_power_draw":{"0":44.11},"cpu_count_adjusted_average_load":[0.1684375,0.145,0.1384375],"cpu_freq":[{"current":2399.906,"min":1200.0,"max":3200.0},{"current":1294.781,"min":1200.0,"max":3200.0},{"current":2399.906,"min":1200.0,"max":3200.0},{"current":1596.843,"min":1200.0,"max":3200.0},{"current":1354.125,"min":1200.0,"max":3200.0},{"current":1231.218,"min":1200.0,"max":3200.0},{"current":2399.906,"min":1200.0,"max":3200.0},{"current":1799.25,"min":1200.0,"max":3200.0},{"current":1293.375,"min":1200.0,"max":3200.0},{"current":1297.5,"min":1200.0,"max":3200.0},{"current":3135.562,"min":1200.0,"max":3200.0},{"current":1312.687,"min":1200.0,"max":3200.0},{"current":1427.906,"min":1200.0,"max":3200.0},{"current":1200.281,"min":1200.0,"max":3200.0},{"current":1439.437,"min":1200.0,"max":3200.0},{"current":1200.093,"min":1200.0,"max":3200.0},{"current":1401.375,"min":1200.0,"max":3200.0},{"current":1292.156,"min":1200.0,"max":3200.0},{"current":2400.0,"min":1200.0,"max":3200.0},{"current":1376.625,"min":1200.0,"max":3200.0},{"current":1285.593,"min":1200.0,"max":3200.0},{"current":1236.656,"min":1200.0,"max":3200.0},{"current":2085.187,"min":1200.0,"max":3200.0},{"current":1243.312,"min":1200.0,"max":3200.0},{"current":1286.437,"min":1200.0,"max":3200.0},{"current":1476.562,"min":1200.0,"max":3200.0},{"current":2608.031,"min":1200.0,"max":3200.0},{"current":1389.281,"min":1200.0,"max":3200.0},{"current":1373.531,"min":1200.0,"max":3200.0},{"current":1222.218,"min":1200.0,"max":3200.0},{"current":1570.312,"min":1200.0,"max":3200.0},{"current":1332.093,"min":1200.0,"max":3200.0}],"realtime_carbon_intensity":401.3257110792,"disk_write_speed":42.7386391953,"process_ids":[21188,21357]}
{"timestamp":1573522389.498955965,"rapl_power_draw_absolute":66.5076294589,"rapl_estimated_attributable_power_draw":15.4803502667,"cpu_time_seconds":{"21188":{"user":53.65,"system":5.33,"children_user":1.06,"children_system":0.22},"21357":{"user":0.69,"system":0.56,"children_user":0.06,"children_system":0.54}},"average_relative_cpu_utilization":0.2415328059,"absolute_cpu_utilization":0.9987127144,"relative_mem_usage":0.1264119223,"absolute_mem_usage":10100583424.0,"absolute_mem_percent_usage":0.0747641694,"mem_info_per_process":{"21188":{"rss":4548669440,"vms":13828653056,"shared":557047808,"text":2322432,"lib":0,"data":12258742272,"dirty":0,"uss":3842043904,"pss":4192416768,"swap":0},"21357":{"rss":1558003712,"vms":3671699456,"shared":11440128,"text":2322432,"lib":0,"data":2310545408,"dirty":0,"uss":858722304,"pss":1207400448,"swap":0}},"nvidia_draw_absolute":47.13,"nvidia_estimated_attributable_power_draw":47.13,"average_gpu_estimated_utilization_absolute":0.35,"per_gpu_average_estimated_utilization_absolute":{"(0, 21188)":{"sm":35,"mem":7,"enc":0,"dec":0}},"average_gpu_estimated_utilization_relative":1.0,"per_gpu_performance_state":{"0":"P2"},"per_gpu_power_draw":{"0":47.13},"cpu_count_adjusted_average_load":[0.1640625,0.1446875,0.1384375],"cpu_freq":[{"current":1384.5,"min":1200.0,"max":3200.0},{"current":2397.468,"min":1200.0,"max":3200.0},{"current":1755.375,"min":1200.0,"max":3200.0},{"current":2400.0,"min":1200.0,"max":3200.0},{"current":1258.5,"min":1200.0,"max":3200.0},{"current":1201.593,"min":1200.0,"max":3200.0},{"current":1312.875,"min":1200.0,"max":3200.0},{"current":1440.375,"min":1200.0,"max":3200.0},{"current":1420.968,"min":1200.0,"max":3200.0},{"current":1379.437,"min":1200.0,"max":3200.0},{"current":3053.25,"min":1200.0,"max":3200.0},{"current":1295.812,"min":1200.0,"max":3200.0},{"current":1200.093,"min":1200.0,"max":3200.0},{"current":1200.093,"min":1200.0,"max":3200.0},{"current":1245.0,"min":1200.0,"max":3200.0},{"current":1228.687,"min":1200.0,"max":3200.0},{"current":1393.5,"min":1200.0,"max":3200.0},{"current":2193.0,"min":1200.0,"max":3200.0},{"current":2299.5,"min":1200.0,"max":3200.0},{"current":2400.0,"min":1200.0,"max":3200.0},{"current":1200.0,"min":1200.0,"max":3200.0},{"current":1202.25,"min":1200.0,"max":3200.0},{"current":1499.625,"min":1200.0,"max":3200.0},{"current":1399.125,"min":1200.0,"max":3200.0},{"current":1397.062,"min":1200.0,"max":3200.0},{"current":1501.218,"min":1200.0,"max":3200.0},{"current":3173.437,"min":1200.0,"max":3200.0},{"current":1500.843,"min":1200.0,"max":3200.0},{"current":1331.25,"min":1200.0,"max":3200.0},{"current":1232.812,"min":1200.0,"max":3200.0},{"current":1279.968,"min":1200.0,"max":3200.0},{"current":1200.843,"min":1200.0,"max":3200.0}],"realtime_carbon_intensity":401.3257110792,"disk_write_speed":55.3612017224,"process_ids":[21188,21357]}
{"timestamp":1573522397.528026104,"rapl_power_draw_absolute":67.7026059652,"rapl_estimated_attributable_power_draw":15.6645383815,"cpu_time_seconds":{"21188":{"user":61.42,"system":5.59,"children_user":1.06,"children_system":0.22},"21357":{"user":0.9,"system":0.76,"children_user":0.08,"children_system":0.7}},"average_relative_cpu_utilization":0.2409410101,"absolute_cpu_utilization":0.9986039267,"relative_mem_usage":0.1264284532,"absolute_mem_usage":10102819840.0,"absolute_mem_percent_usage":0.0747807233,"mem_info_per_process":{"21188":{"rss":4548669440,"vms":13828653056,"shared":557047808,"text":2322432,"lib":0,"data":12258742272,"dirty":0,"uss":3842801664,"pss":4192795648,"swap":0},"21357":{"rss":1558003712,"vms":3671699456,"shared":11440128,"text":2322432,"lib":0,"data":2310545408,"dirty":0,"uss":859455488,"pss":1207767040,"swap":0}},"nvidia_draw_absolute":44.9,"nvidia_estimated_attributable_power_draw":44.9,"average_gpu_estimated_utilization_absolute":0.35,"per_gpu_average_estimated_utilization_absolute":{"(0, 21188)":{"sm":35.0,"mem":7.5,"enc":0.0,"dec":0.0}},"average_gpu_estimated_utilization_relative":1.0,"per_gpu_performance_state":{"0":"P2"},"per_gpu_power_draw":{"0":44.9},"cpu_count_adjusted_average_load":[0.1584375,0.14375,0.138125],"cpu_freq":[{"current":2399.906,"min":1200.0,"max":3200.0},{"current":1295.718,"min":1200.0,"max":3200.0},{"current":1296.937,"min":1200.0,"max":3200.0},{"current":2399.906,"min":1200.0,"max":3200.0},{"current":1297.687,"min":1200.0,"max":3200.0},{"current":1269.656,"min":1200.0,"max":3200.0},{"current":2400.0,"min":1200.0,"max":3200.0},{"current":1298.812,"min":1200.0,"max":3200.0},{"current":1691.437,"min":1200.0,"max":3200.0},{"current":1296.187,"min":1200.0,"max":3200.0},{"current":2953.875,"min":1200.0,"max":3200.0},{"current":1432.218,"min":1200.0,"max":3200.0},{"current":1214.343,"min":1200.0,"max":3200.0},{"current":1283.812,"min":1200.0,"max":3200.0},{"current":1200.187,"min":1200.0,"max":3200.0},{"current":1471.5,"min":1200.0,"max":3200.0},{"current":2400.0,"min":1200.0,"max":3200.0},{"current":2400.0,"min":1200.0,"max":3200.0},{"current":1398.937,"min":1200.0,"max":3200.0},{"current":2399.906,"min":1200.0,"max":3200.0},{"current":1207.968,"min":1200.0,"max":3200.0},{"current":1220.906,"min":1200.0,"max":3200.0},{"current":1935.562,"min":1200.0,"max":3200.0},{"current":1393.5,"min":1200.0,"max":3200.0},{"current":1306.406,"min":1200.0,"max":3200.0},{"current":1275.75,"min":1200.0,"max":3200.0},{"current":3173.437,"min":1200.0,"max":3200.0},{"current":1701.375,"min":1200.0,"max":3200.0},{"current":1222.781,"min":1200.0,"max":3200.0},{"current":1269.937,"min":1200.0,"max":3200.0},{"current":1378.218,"min":1200.0,"max":3200.0},{"current":1531.781,"min":1200.0,"max":3200.0}],"realtime_carbon_intensity":401.3257110792,"disk_write_speed":38.802483401,"process_ids":[21188,21357]}
{"timestamp":1573522405.5458810329,"rapl_power_draw_absolute":67.2009543847,"rapl_estimated_attributable_power_draw":15.4182640908,"cpu_time_seconds":{"21188":{"user":69.2,"system":5.83,"children_user":1.06,"children_system":0.22},"21357":{"user":1.16,"system":0.91,"children_user":0.1,"children_system":0.86}},"average_relative_cpu_utilization":0.2377921881,"absolute_cpu_utilization":0.9986498115,"relative_mem_usage":0.1264335187,"absolute_mem_usage":10104282112.0,"absolute_mem_percent_usage":0.074791547,"mem_info_per_process":{"21188":{"rss":4548669440,"vms":13828653056,"shared":557047808,"text":2322432,"lib":0,"data":12258742272,"dirty":0,"uss":3843289088,"pss":4193039360,"swap":0},"21357":{"rss":1558003712,"vms":3671699456,"shared":11440128,"text":2322432,"lib":0,"data":2310545408,"dirty":0,"uss":859942912,"pss":1208010752,"swap":0}},"nvidia_draw_absolute":44.88,"nvidia_estimated_attributable_power_draw":44.88,"average_gpu_estimated_utilization_absolute":0.35,"per_gpu_average_estimated_utilization_absolute":{"(0, 21188)":{"sm":35,"mem":7,"enc":0,"dec":0}},"average_gpu_estimated_utilization_relative":1.0,"per_gpu_performance_state":{"0":"P2"},"per_gpu_power_draw":{"0":44.88},"cpu_count_adjusted_average_load":[0.150625,0.1428125,0.1378125],"cpu_freq":[{"current":2232.75,"min":1200.0,"max":3200.0},{"current":2399.906,"min":1200.0,"max":3200.0},{"current":2399.906,"min":1200.0,"max":3200.0},{"current":2399.906,"min":1200.0,"max":3200.0},{"current":1444.218,"min":1200.0,"max":3200.0},{"current":1200.187,"min":1200.0,"max":3200.0},{"current":1499.906,"min":1200.0,"max":3200.0},{"current":1492.406,"min":1200.0,"max":3200.0},{"current":1497.468,"min":1200.0,"max":3200.0},{"current":1280.437,"min":1200.0,"max":3200.0},{"current":3165.656,"min":1200.0,"max":3200.0},{"current":1899.937,"min":1200.0,"max":3200.0},{"current":1222.406,"min":1200.0,"max":3200.0},{"current":1200.093,"min":1200.0,"max":3200.0},{"current":1200.0,"min":1200.0,"max":3200.0},{"current":1200.093,"min":1200.0,"max":3200.0},{"current":2400.0,"min":1200.0,"max":3200.0},{"current":2400.0,"min":1200.0,"max":3200.0},{"current":2399.906,"min":1200.0,"max":3200.0},{"current":2400.0,"min":1200.0,"max":3200.0},{"current":1263.187,"min":1200.0,"max":3200.0},{"current":1237.031,"min":1200.0,"max":3200.0},{"current":1599.937,"min":1200.0,"max":3200.0},{"current":1298.625,"min":1200.0,"max":3200.0},{"current":1260.937,"min":1200.0,"max":3200.0},{"current":1300.968,"min":1200.0,"max":3200.0},{"current":3111.75,"min":1200.0,"max":3200.0},{"current":1900.406,"min":1200.0,"max":3200.0},{"current":1409.812,"min":1200.0,"max":3200.0},{"current":1269.937,"min":1200.0,"max":3200.0},{"current":1246.031,"min":1200.0,"max":3200.0},{"current":1203.375,"min":1200.0,"max":3200.0}],"realtime_carbon_intensity":401.3257110792,"disk_write_speed":50.9836107267,"process_ids":[21188,21357]}
{"timestamp":1573522413.5425810814,"rapl_power_draw_absolute":68.5032164593,"rapl_estimated_attributable_power_draw":15.9368339727,"cpu_time_seconds":{"21188":{"user":76.94,"system":6.09,"children_user":1.06,"children_system":0.22},"21357":{"user":1.41,"system":1.1,"children_user":0.11,"children_system":1.03}},"average_relative_cpu_utilization":0.2424017727,"absolute_cpu_utilization":0.9986267961,"relative_mem_usage":0.1264382898,"absolute_mem_usage":10105351168.0,"absolute_mem_percent_usage":0.0747994601,"mem_info_per_process":{"21188":{"rss":4548669440,"vms":13828653056,"shared":557047808,"text":2322432,"lib":0,"data":12258742272,"dirty":0,"uss":3843645440,"pss":4193217536,"swap":0},"21357":{"rss":1558003712,"vms":3671699456,"shared":11440128,"text":2322432,"lib":0,"data":2310545408,"dirty":0,"uss":860299264,"pss":1208188928,"swap":0}},"nvidia_draw_absolute":45.38,"nvidia_estimated_attributable_power_draw":45.38,"average_gpu_estimated_utilization_absolute":0.35,"per_gpu_average_estimated_utilization_absolute":{"(0, 21188)":{"sm":35.0,"mem":7.5,"enc":0.0,"dec":0.0}},"average_gpu_estimated_utilization_relative":1.0,"per_gpu_performance_state":{"0":"P2"},"per_gpu_power_draw":{"0":45.38},"cpu_count_adjusted_average_load":[0.136875,0.14,0.136875],"cpu_freq":[{"current":1795.968,"min":1200.0,"max":3200.0},{"current":1235.156,"min":1200.0,"max":3200.0},{"current":2399.906,"min":1200.0,"max":3200.0},{"current":1199.906,"min":1200.0,"max":3200.0},{"current":1200.468,"min":1200.0,"max":3200.0},{"current":1221.0,"min":1200.0,"max":3200.0},{"current":2397.468,"min":1200.0,"max":3200.0},{"current":2296.593,"min":1200.0,"max":3200.0},{"current":1389.75,"min":1200.0,"max":3200.0},{"current":1487.156,"min":1200.0,"max":3200.0},{"current":3167.906,"min":1200.0,"max":3200.0},{"current":1322.062,"min":1200.0,"max":3200.0},{"current":1200.187,"min":1200.0,"max":3200.0},{"current":1200.093,"min":1200.0,"max":3200.0},{"current":1200.0,"min":1200.0,"max":3200.0},{"current":1200.093,"min":1200.0,"max":3200.0},{"current":1756.218,"min":1200.0,"max":3200.0},{"current":1640.812,"min":1200.0,"max":3200.0},{"current":2399.906,"min":1200.0,"max":3200.0},{"current":1298.156,"min":1200.0,"max":3200.0},{"current":1294.968,"min":1200.0,"max":3200.0},{"current":1202.156,"min":1200.0,"max":3200.0},{"current":1508.812,"min":1200.0,"max":3200.0},{"current":2399.906,"min":1200.0,"max":3200.0},{"current":1598.812,"min":1200.0,"max":3200.0},{"current":1579.968,"min":1200.0,"max":3200.0},{"current":3111.75,"min":1200.0,"max":3200.0},{"current":1560.375,"min":1200.0,"max":3200.0},{"current":1259.906,"min":1200.0,"max":3200.0},{"current":1200.281,"min":1200.0,"max":3200.0},{"current":1226.062,"min":1200.0,"max":3200.0},{"current":1200.468,"min":1200.0,"max":3200.0}],"realtime_carbon_intensity":401.3257110792,"disk_write_speed":52.761613418,"process_ids":[21188,21357]}
{"timestamp":1573522421.5361719131,"rapl_power_draw_absolute":66.9349608046,"rapl_estimated_attributable_power_draw":15.6948609351,"cpu_time_seconds":{"21188":{"user":84.68,"system":6.35,"children_user":1.06,"children_system":0.22},"21357":{"user":1.61,"system":1.29,"children_user":0.12,"children_system":1.2}},"average_relative_cpu_utilization":0.2432822183,"absolute_cpu_utilization":0.9985830605,"relative_mem_usage":0.1264394259,"absolute_mem_usage":10106235904.0,"absolute_mem_percent_usage":0.0748060089,"mem_info_per_process":{"21188":{"rss":4548669440,"vms":13828653056,"shared":557047808,"text":2322432,"lib":0,"data":12258742272,"dirty":0,"uss":3843940352,"pss":4193364992,"swap":0},"21357":{"rss":1558003712,"vms":3671699456,"shared":11440128,"text":2322432,"lib":0,"data":2310545408,"dirty":0,"uss":860594176,"pss":1208336384,"swap":0}},"nvidia_draw_absolute":45.2,"nvidia_estimated_attributable_power_draw":45.2,"average_gpu_estimated_utilization_absolute":0.35,"per_gpu_average_estimated_utilization_absolute":{"(0, 21188)":{"sm":35.0,"mem":7.5,"enc":0.0,"dec":0.0}},"average_gpu_estimated_utilization_relative":1.0,"per_gpu_performance_state":{"0":"P2"},"per_gpu_power_draw":{"0":45.2},"cpu_count_adjusted_average_load":[0.1359375,0.1396875,0.136875],"cpu_freq":[{"current":2399.906,"min":1200.0,"max":3200.0},{"current":2399.906,"min":1200.0,"max":3200.0},{"current":1590.0,"min":1200.0,"max":3200.0},{"current":2298.0,"min":1200.0,"max":3200.0},{"current":1200.093,"min":1200.0,"max":3200.0},{"current":1251.0,"min":1200.0,"max":3200.0},{"current":1199.906,"min":1200.0,"max":3200.0},{"current":1199.906,"min":1200.0,"max":3200.0},{"current":1745.062,"min":1200.0,"max":3200.0},{"current":1296.843,"min":1200.0,"max":3200.0},{"current":3162.843,"min":1200.0,"max":3200.0},{"current":1600.031,"min":1200.0,"max":3200.0},{"current":1200.187,"min":1200.0,"max":3200.0},{"current":1200.093,"min":1200.0,"max":3200.0},{"current":1200.093,"min":1200.0,"max":3200.0},{"current":1290.375,"min":1200.0,"max":3200.0},{"current":2400.0,"min":1200.0,"max":3200.0},{"current":2399.906,"min":1200.0,"max":3200.0},{"current":1331.156,"min":1200.0,"max":3200.0},{"current":1463.343,"min":1200.0,"max":3200.0},{"current":1297.781,"min":1200.0,"max":3200.0},{"current":1202.25,"min":1200.0,"max":3200.0},{"current":1200.0,"min":1200.0,"max":3200.0},{"current":1669.875,"min":1200.0,"max":3200.0},{"current":1898.531,"min":1200.0,"max":3200.0},{"current":1200.562,"min":1200.0,"max":3200.0},{"current":3112.031,"min":1200.0,"max":3200.0},{"current":1366.875,"min":1200.0,"max":3200.0},{"current":1204.218,"min":1200.0,"max":3200.0},{"current":1200.375,"min":1200.0,"max":3200.0},{"current":1226.062,"min":1200.0,"max":3200.0},{"current":1262.625,"min":1200.0,"max":3200.0}],"realtime_carbon_intensity":401.3257110792,"disk_write_speed":44.7350518351,"process_ids":[21188,21357]}
{"timestamp":1573522429.5483729839,"rapl_power_draw_absolute":67.6365746708,"rapl_estimated_attributable_power_draw":15.725832289,"cpu_time_seconds":{"21188":{"user":92.48,"system":6.56,"children_user":1.06,"children_system":0.22},"21357":{"user":1.82,"system":1.47,"children_user":0.14,"children_system":1.37}},"average_relative_cpu_utilization":0.2418516603,"absolute_cpu_utilization":1.0035819442,"relative_mem_usage":0.126436598,"absolute_mem_usage":10106887168.0,"absolute_mem_percent_usage":0.0748108295,"mem_info_per_process":{"21188":{"rss":4548669440,"vms":13828653056,"shared":557047808,"text":2322432,"lib":0,"data":12258742272,"dirty":0,"uss":3844157440,"pss":4193473536,"swap":0},"21357":{"rss":1558003712,"vms":3671699456,"shared":11440128,"text":2322432,"lib":0,"data":2310545408,"dirty":0,"uss":860811264,"pss":1208444928,"swap":0}},"nvidia_draw_absolute":45.69,"nvidia_estimated_attributable_power_draw":45.69,"average_gpu_estimated_utilization_absolute":0.35,"per_gpu_average_estimated_utilization_absolute":{"(0, 21188)":{"sm":35.0,"mem":7.5,"enc":0.0,"dec":0.0}},"average_gpu_estimated_utilization_relative":1.0,"per_gpu_performance_state":{"0":"P2"},"per_gpu_power_draw":{"0":45.69},"cpu_count_adjusted_average_load":[0.14125,0.1409375,0.1371875],"cpu_freq":[{"current":2400.0,"min":1200.0,"max":3200.0},{"current":2399.906,"min":1200.0,"max":3200.0},{"current":1407.0,"min":1200.0,"max":3200.0},{"current":2400.0,"min":1200.0,"max":3200.0},{"current":1240.125,"min":1200.0,"max":3200.0},{"current":1779.093,"min":1200.0,"max":3200.0},{"current":1595.718,"min":1200.0,"max":3200.0},{"current":1207.781,"min":1200.0,"max":3200.0},{"current":1200.0,"min":1200.0,"max":3200.0},{"current":1328.812,"min":1200.0,"max":3200.0},{"current":3144.843,"min":1200.0,"max":3200.0},{"current":2263.875,"min":1200.0,"max":3200.0},{"current":1237.687,"min":1200.0,"max":3200.0},{"current":1200.093,"min":1200.0,"max":3200.0},{"current":1233.843,"min":1200.0,"max":3200.0},{"current":1217.531,"min":1200.0,"max":3200.0},{"current":2399.906,"min":1200.0,"max":3200.0},{"current":2400.0,"min":1200.0,"max":3200.0},{"current":1200.562,"min":1200.0,"max":3200.0},{"current":2400.0,"min":1200.0,"max":3200.0},{"current":1308.468,"min":1200.0,"max":3200.0},{"current":1679.531,"min":1200.0,"max":3200.0},{"current":1207.687,"min":1200.0,"max":3200.0},{"current":1286.531,"min":1200.0,"max":3200.0},{"current":1333.218,"min":1200.0,"max":3200.0},{"current":1200.656,"min":1200.0,"max":3200.0},{"current":3112.031,"min":1200.0,"max":3200.0},{"current":2381.812,"min":1200.0,"max":3200.0},{"current":1299.843,"min":1200.0,"max":3200.0},{"current":1200.375,"min":1200.0,"max":3200.0},{"current":1251.375,"min":1200.0,"max":3200.0},{"current":1244.062,"min":1200.0,"max":3200.0}],"realtime_carbon_intensity":401.3257110792,"disk_write_speed":44.1690446255,"process_ids":[21188,21357]}
{"timestamp":1573522437.5383939743,"rapl_power_draw_absolute":67.3411087759,"rapl_estimated_attributable_power_draw":15.6850848054,"cpu_time_seconds":{"21188":{"user":100.19,"system":6.85,"children_user":1.06,"children_system":0.22},"21357":{"user":2.01,"system":1.64,"children_user":0.16,"children_system":1.52}},"average_relative_cpu_utilization":0.2415643764,"absolute_cpu_utilization":1.0036196594,"relative_mem_usage":0.1264264606,"absolute_mem_usage":10107243520.0,"absolute_mem_percent_usage":0.0748134672,"mem_info_per_process":{"21188":{"rss":4548673536,"vms":13828653056,"shared":557047808,"text":2322432,"lib":0,"data":12258742272,"dirty":0,"uss":3844276224,"pss":4193532928,"swap":0},"21357":{"rss":1558003712,"vms":3671699456,"shared":11440128,"text":2322432,"lib":0,"data":2310545408,"dirty":0,"uss":860930048,"pss":1208504320,"swap":0}},"nvidia_draw_absolute":45.36,"nvidia_estimated_attributable_power_draw":45.36,"average_gpu_estimated_utilization_absolute":0.35,"per_gpu_average_estimated_utilization_absolute":{"(0, 21188)":{"sm":35.0,"mem":7.5,"enc":0.0,"dec":0.0}},"average_gpu_estimated_utilization_relative":1.0,"per_gpu_performance_state":{"0":"P2"},"per_gpu_power_draw":{"0":45.36},"cpu_count_adjusted_average_load":[0.14,0.140625,0.1371875],"cpu_freq":[{"current":2400.0,"min":1200.0,"max":3200.0},{"current":1640.437,"min":1200.0,"max":3200.0},{"current":1611.843,"min":1200.0,"max":3200.0},{"current":1408.968,"min":1200.0,"max":3200.0},{"current":1214.062,"min":1200.0,"max":3200.0},{"current":1315.406,"min":1200.0,"max":3200.0},{"current":1999.875,"min":1200.0,"max":3200.0},{"current":2400.0,"min":1200.0,"max":3200.0},{"current":1499.812,"min":1200.0,"max":3200.0},{"current":1399.687,"min":1200.0,"max":3200.0},{"current":3124.125,"min":1200.0,"max":3200.0},{"current":1455.0,"min":1200.0,"max":3200.0},{"current":1200.187,"min":1200.0,"max":3200.0},{"current":1200.093,"min":1200.0,"max":3200.0},{"current":1297.687,"min":1200.0,"max":3200.0},{"current":1227.187,"min":1200.0,"max":3200.0},{"current":2399.906,"min":1200.0,"max":3200.0},{"current":2399.906,"min":1200.0,"max":3200.0},{"current":1899.937,"min":1200.0,"max":3200.0},{"current":1377.375,"min":1200.0,"max":3200.0},{"current":1286.718,"min":1200.0,"max":3200.0},{"current":1341.937,"min":1200.0,"max":3200.0},{"current":1897.031,"min":1200.0,"max":3200.0},{"current":2400.0,"min":1200.0,"max":3200.0},{"current":1396.125,"min":1200.0,"max":3200.0},{"current":1650.562,"min":1200.0,"max":3200.0},{"current":3120.937,"min":1200.0,"max":3200.0},{"current":1375.312,"min":1200.0,"max":3200.0},{"current":2369.906,"min":1200.0,"max":3200.0},{"current":1200.468,"min":1200.0,"max":3200.0},{"current":1200.093,"min":1200.0,"max":3200.0},{"current":1203.468,"min":1200.0,"max":3200.0}],"realtime_carbon_intensity":401.3257110792,"disk_write_speed":44.0527057217,"process_ids":[21188,21357]}
{"timestamp":1573522445.5729379654,"rapl_power_draw_absolute":68.1886875987,"rapl_estimated_attributable_power_draw":16.1558502909,"cpu_time_seconds":{"21188":{"user":107.94,"system":7.13,"children_user":1.06,"children_system":0.22},"21357":{"user":2.24,"system":1.82,"children_user":0.18,"children_system":1.69}},"average_relative_cpu_utilization":0.2474995159,"absolute_cpu_utilization":0.9985852169,"relative_mem_usage":0.1264201989,"absolute_mem_usage":10107550720.0,"absolute_mem_percent_usage":0.0748157411,"mem_info_per_process":{"21188":{"rss":4548673536,"vms":13828653056,"shared":557047808,"text":2322432,"lib":0,"data":12258742272,"dirty":0,"uss":3844378624,"pss":4193584128,"swap":0},"21357":{"rss":1558003712,"vms":3671699456,"shared":11440128,"text":2322432,"lib":0,"data":2310545408,"dirty":0,"uss":861032448,"pss":1208555520,"swap":0}},"nvidia_draw_absolute":45.75,"nvidia_estimated_attributable_power_draw":45.75,"average_gpu_estimated_utilization_absolute":0.35,"per_gpu_average_estimated_utilization_absolute":{"(0, 21188)":{"sm":35.0,"mem":7.5,"enc":0.0,"dec":0.0}},"average_gpu_estimated_utilization_relative":1.0,"per_gpu_performance_state":{"0":"P2"},"per_gpu_power_draw":{"0":45.75},"cpu_count_adjusted_average_load":[0.1353125,0.1396875,0.136875],"cpu_freq":[{"current":1199.906,"min":1200.0,"max":3200.0},{"current":2399.906,"min":1200.0,"max":3200.0},{"current":2399.906,"min":1200.0,"max":3200.0},{"current":2400.0,"min":1200.0,"max":3200.0},{"current":1200.656,"min":1200.0,"max":3200.0},{"current":1201.218,"min":1200.0,"max":3200.0},{"current":1906.687,"min":1200.0,"max":3200.0},{"current":2400.0,"min":1200.0,"max":3200.0},{"current":1501.5,"min":1200.0,"max":3200.0},{"current":1463.906,"min":1200.0,"max":3200.0},{"current":3054.0,"min":1200.0,"max":3200.0},{"current":1426.593,"min":1200.0,"max":3200.0},{"current":1223.343,"min":1200.0,"max":3200.0},{"current":1281.656,"min":1200.0,"max":3200.0},{"current":1260.375,"min":1200.0,"max":3200.0},{"current":1249.875,"min":1200.0,"max":3200.0},{"current":1200.0,"min":1200.0,"max":3200.0},{"current":2400.0,"min":1200.0,"max":3200.0},{"current":2400.0,"min":1200.0,"max":3200.0},{"current":2141.437,"min":1200.0,"max":3200.0},{"current":1200.0,"min":1200.0,"max":3200.0},{"current":1341.937,"min":1200.0,"max":3200.0},{"current":1630.406,"min":1200.0,"max":3200.0},{"current":2399.906,"min":1200.0,"max":3200.0},{"current":1699.593,"min":1200.0,"max":3200.0},{"current":1377.656,"min":1200.0,"max":3200.0},{"current":3120.937,"min":1200.0,"max":3200.0},{"current":1297.968,"min":1200.0,"max":3200.0},{"current":1738.5,"min":1200.0,"max":3200.0},{"current":1214.25,"min":1200.0,"max":3200.0},{"current":1383.281,"min":1200.0,"max":3200.0},{"current":1300.406,"min":1200.0,"max":3200.0}],"realtime_carbon_intensity":401.3257110792,"disk_write_speed":35.2738355156,"process_ids":[21188,21357]}
{"timestamp":1573522453.5848879814,"rapl_power_draw_absolute":66.8337996882,"rapl_estimated_attributable_power_draw":15.4387218832,"cpu_time_seconds":{"21188":{"user":115.7,"system":7.39,"children_user":1.06,"children_system":0.22},"21357":{"user":2.46,"system":2.0,"children_user":0.2,"children_system":1.86}},"average_relative_cpu_utilization":0.239545268,"absolute_cpu_utilization":1.00355017,"relative_mem_usage":0.1264156685,"absolute_mem_usage":10107894784.0,"absolute_mem_percent_usage":0.0748182879,"mem_info_per_process":{"21188":{"rss":4548673536,"vms":13828653056,"shared":557047808,"text":2322432,"lib":0,"data":12258742272,"dirty":0,"uss":3844493312,"pss":4193641472,"swap":0},"21357":{"rss":1558003712,"vms":3671699456,"shared":11440128,"text":2322432,"lib":0,"data":2310545408,"dirty":0,"uss":861147136,"pss":1208612864,"swap":0}},"nvidia_draw_absolute":44.79,"nvidia_estimated_attributable_power_draw":44.79,"average_gpu_estimated_utilization_absolute":0.35,"per_gpu_average_estimated_utilization_absolute":{"(0, 21188)":{"sm":35,"mem":8,"enc":0,"dec":0}},"average_gpu_estimated_utilization_relative":1.0,"per_gpu_performance_state":{"0":"P2"},"per_gpu_power_draw":{"0":44.79},"cpu_count_adjusted_average_load":[0.1409375,0.140625,0.1371875],"cpu_freq":[{"current":1896.187,"min":1200.0,"max":3200.0},{"current":1660.125,"min":1200.0,"max":3200.0},{"current":2399.906,"min":1200.0,"max":3200.0},{"current":2337.843,"min":1200.0,"max":3200.0},{"current":1200.843,"min":1200.0,"max":3200.0},{"current":1201.218,"min":1200.0,"max":3200.0},{"current":1500.0,"min":1200.0,"max":3200.0},{"current":1796.156,"min":1200.0,"max":3200.0},{"current":1275.0,"min":1200.0,"max":3200.0},{"current":1500.0,"min":1200.0,"max":3200.0},{"current":3161.25,"min":1200.0,"max":3200.0},{"current":2033.437,"min":1200.0,"max":3200.0},{"current":1247.062,"min":1200.0,"max":3200.0},{"current":1225.125,"min":1200.0,"max":3200.0},{"current":1300.218,"min":1200.0,"max":3200.0},{"current":1206.093,"min":1200.0,"max":3200.0},{"current":1692.375,"min":1200.0,"max":3200.0},{"current":1597.968,"min":1200.0,"max":3200.0},{"current":2399.906,"min":1200.0,"max":3200.0},{"current":2400.0,"min":1200.0,"max":3200.0},{"current":1200.0,"min":1200.0,"max":3200.0},{"current":1204.218,"min":1200.0,"max":3200.0},{"current":1898.812,"min":1200.0,"max":3200.0},{"current":2342.156,"min":1200.0,"max":3200.0},{"current":1272.562,"min":1200.0,"max":3200.0},{"current":1435.031,"min":1200.0,"max":3200.0},{"current":3199.968,"min":1200.0,"max":3200.0},{"current":1999.406,"min":1200.0,"max":3200.0},{"current":1420.781,"min":1200.0,"max":3200.0},{"current":1207.125,"min":1200.0,"max":3200.0},{"current":1288.781,"min":1200.0,"max":3200.0},{"current":1200.656,"min":1200.0,"max":3200.0}],"realtime_carbon_intensity":401.3257110792,"disk_write_speed":53.5741711337,"process_ids":[21188,21357]}
{"timestamp":1573522461.5717179775,"rapl_power_draw_absolute":66.6177897464,"rapl_estimated_attributable_power_draw":15.6716074483,"cpu_time_seconds":{"21188":{"user":123.48,"system":7.6,"children_user":1.06,"children_system":0.22},"21357":{"user":2.68,"system":2.2,"children_user":0.22,"children_system":2.02}},"average_relative_cpu_utilization":0.2441781121,"absolute_cpu_utilization":0.998631726,"relative_mem_usage":0.1264129272,"absolute_mem_usage":10108275712.0,"absolute_mem_percent_usage":0.0748211075,"mem_info_per_process":{"21188":{"rss":4548673536,"vms":13828653056,"shared":557047808,"text":2322432,"lib":0,"data":12258742272,"dirty":0,"uss":3844620288,"pss":4193704960,"swap":0},"21357":{"rss":1558003712,"vms":3671699456,"shared":11440128,"text":2322432,"lib":0,"data":2310545408,"dirty":0,"uss":861274112,"pss":1208676352,"swap":0}},"nvidia_draw_absolute":45.83,"nvidia_estimated_attributable_power_draw":45.83,"average_gpu_estimated_utilization_absolute":0.35,"per_gpu_average_estimated_utilization_absolute":{"(0, 21188)":{"sm":35.0,"mem":7.5,"enc":0.0,"dec":0.0}},"average_gpu_estimated_utilization_relative":1.0,"per_gpu_performance_state":{"0":"P2"},"per_gpu_power_draw":{"0":45.83},"cpu_count_adjusted_average_load":[0.1421875,0.1409375,0.1375],"cpu_freq":[{"current":1203.937,"min":1200.0,"max":3200.0},{"current":1898.156,"min":1200.0,"max":3200.0},{"current":1296.187,"min":1200.0,"max":3200.0},{"current":1549.406,"min":1200.0,"max":3200.0},{"current":1248.937,"min":1200.0,"max":3200.0},{"current":1262.906,"min":1200.0,"max":3200.0},{"current":2400.0,"min":1200.0,"max":3200.0},{"current":2400.0,"min":1200.0,"max":3200.0},{"current":1299.843,"min":1200.0,"max":3200.0},{"current":1297.312,"min":1200.0,"max":3200.0},{"current":3068.718,"min":1200.0,"max":3200.0},{"current":1400.25,"min":1200.0,"max":3200.0},{"current":1200.0,"min":1200.0,"max":3200.0},{"current":1212.75,"min":1200.0,"max":3200.0},{"current":1200.093,"min":1200.0,"max":3200.0},{"current":1204.312,"min":1200.0,"max":3200.0},{"current":1539.937,"min":1200.0,"max":3200.0},{"current":1343.156,"min":1200.0,"max":3200.0},{"current":1298.906,"min":1200.0,"max":3200.0},{"current":1599.468,"min":1200.0,"max":3200.0},{"current":1224.937,"min":1200.0,"max":3200.0},{"current":1243.5,"min":1200.0,"max":3200.0},{"current":2400.0,"min":1200.0,"max":3200.0},{"current":2400.0,"min":1200.0,"max":3200.0},{"current":1262.625,"min":1200.0,"max":3200.0},{"current":1207.687,"min":1200.0,"max":3200.0},{"current":3066.093,"min":1200.0,"max":3200.0},{"current":1300.593,"min":1200.0,"max":3200.0},{"current":1274.718,"min":1200.0,"max":3200.0},{"current":1200.468,"min":1200.0,"max":3200.0},{"current":1226.531,"min":1200.0,"max":3200.0},{"current":1200.468,"min":1200.0,"max":3200.0}],"realtime_carbon_intensity":401.3257110792,"disk_write_speed":45.8211374219,"process_ids":[21188,21357]}
{"timestamp":1573522469.6646089554,"rapl_power_draw_absolute":67.3137254609,"rapl_estimated_attributable_power_draw":15.7317568617,"cpu_time_seconds":{"21188":{"user":131.36,"system":7.82,"children_user":1.06,"children_system":0.22},"21357":{"user":2.88,"system":2.4,"children_user":0.22,"children_system":2.2}},"average_relative_cpu_utilization":0.2424381586,"absolute_cpu_utilization":1.0036232941,"relative_mem_usage":0.1264050864,"absolute_mem_usage":10108595200.0,"absolute_mem_percent_usage":0.0748234723,"mem_info_per_process":{"21188":{"rss":4548673536,"vms":13828653056,"shared":557047808,"text":2322432,"lib":0,"data":12258742272,"dirty":0,"uss":3844726784,"pss":4193758208,"swap":0},"21357":{"rss":1558003712,"vms":3671699456,"shared":11440128,"text":2322432,"lib":0,"data":2310545408,"dirty":0,"uss":861380608,"pss":1208729600,"swap":0}},"nvidia_draw_absolute":47.0,"nvidia_estimated_attributable_power_draw":47.0,"average_gpu_estimated_utilization_absolute":0.35,"per_gpu_average_estimated_utilization_absolute":{"(0, 21188)":{"sm":35,"mem":8,"enc":0,"dec":0}},"average_gpu_estimated_utilization_relative":1.0,"per_gpu_performance_state":{"0":"P2"},"per_gpu_power_draw":{"0":47.0},"cpu_count_adjusted_average_load":[0.1371875,0.1396875,0.1371875],"cpu_freq":[{"current":1210.031,"min":1200.0,"max":3200.0},{"current":2399.906,"min":1200.0,"max":3200.0},{"current":1297.687,"min":1200.0,"max":3200.0},{"current":1998.562,"min":1200.0,"max":3200.0},{"current":1216.781,"min":1200.0,"max":3200.0},{"current":1287.937,"min":1200.0,"max":3200.0},{"current":2399.906,"min":1200.0,"max":3200.0},{"current":1599.281,"min":1200.0,"max":3200.0},{"current":1327.593,"min":1200.0,"max":3200.0},{"current":1919.437,"min":1200.0,"max":3200.0},{"current":3181.218,"min":1200.0,"max":3200.0},{"current":1747.781,"min":1200.0,"max":3200.0},{"current":1391.906,"min":1200.0,"max":3200.0},{"current":1232.343,"min":1200.0,"max":3200.0},{"current":1299.0,"min":1200.0,"max":3200.0},{"current":1253.156,"min":1200.0,"max":3200.0},{"current":1395.937,"min":1200.0,"max":3200.0},{"current":2400.093,"min":1200.0,"max":3200.0},{"current":1444.5,"min":1200.0,"max":3200.0},{"current":1605.656,"min":1200.0,"max":3200.0},{"current":1200.0,"min":1200.0,"max":3200.0},{"current":1223.531,"min":1200.0,"max":3200.0},{"current":1598.718,"min":1200.0,"max":3200.0},{"current":1898.625,"min":1200.0,"max":3200.0},{"current":1345.406,"min":1200.0,"max":3200.0},{"current":1948.031,"min":1200.0,"max":3200.0},{"current":3199.406,"min":1200.0,"max":3200.0},{"current":1476.187,"min":1200.0,"max":3200.0},{"current":1296.656,"min":1200.0,"max":3200.0},{"current":1288.593,"min":1200.0,"max":3200.0},{"current":1281.093,"min":1200.0,"max":3200.0},{"current":1255.031,"min":1200.0,"max":3200.0}],"realtime_carbon_intensity":401.3257110792,"disk_write_speed":47.4942243045,"process_ids":[21188,21357]}
{"timestamp":1573522477.6628289223,"rapl_power_draw_absolute":68.784712573,"rapl_estimated_attributable_power_draw":15.6072165668,"cpu_time_seconds":{"21188":{"user":139.1,"system":8.08,"children_user":1.06,"children_system":0.22},"21357":{"user":3.06,"system":2.57,"children_user":0.24,"children_system":2.37}},"average_relative_cpu_utilization":0.2361684696,"absolute_cpu_utilization":1.00359681,"relative_mem_usage":0.1263946055,"absolute_mem_usage":10108779520.0,"absolute_mem_percent_usage":0.0748248367,"mem_info_per_process":{"21188":{"rss":4548673536,"vms":13828653056,"shared":557047808,"text":2322432,"lib":0,"data":12258742272,"dirty":0,"uss":3844788224,"pss":4193788928,"swap":0},"21357":{"rss":1558003712,"vms":3671699456,"shared":11440128,"text":2322432,"lib":0,"data":2310545408,"dirty":0,"uss":861442048,"pss":1208760320,"swap":0}},"nvidia_draw_absolute":45.48,"nvidia_estimated_attributable_power_draw":45.48,"average_gpu_estimated_utilization_absolute":0.35,"per_gpu_average_estimated_utilization_absolute":{"(0, 21188)":{"sm":35.0,"mem":7.5,"enc":0.0,"dec":0.0}},"average_gpu_estimated_utilization_relative":1.0,"per_gpu_performance_state":{"0":"P2"},"per_gpu_power_draw":{"0":45.48},"cpu_count_adjusted_average_load":[0.13375,0.1390625,0.136875],"cpu_freq":[{"current":2400.0,"min":1200.0,"max":3200.0},{"current":1300.125,"min":1200.0,"max":3200.0},{"current":2399.906,"min":1200.0,"max":3200.0},{"current":1316.531,"min":1200.0,"max":3200.0},{"current":1272.093,"min":1200.0,"max":3200.0},{"current":1200.656,"min":1200.0,"max":3200.0},{"current":1599.937,"min":1200.0,"max":3200.0},{"current":1295.812,"min":1200.0,"max":3200.0},{"current":1598.906,"min":1200.0,"max":3200.0},{"current":1650.468,"min":1200.0,"max":3200.0},{"current":3104.906,"min":1200.0,"max":3200.0},{"current":1294.312,"min":1200.0,"max":3200.0},{"current":1256.625,"min":1200.0,"max":3200.0},{"current":1201.5,"min":1200.0,"max":3200.0},{"current":1200.093,"min":1200.0,"max":3200.0},{"current":1215.656,"min":1200.0,"max":3200.0},{"current":2400.187,"min":1200.0,"max":3200.0},{"current":1495.875,"min":1200.0,"max":3200.0},{"current":2099.906,"min":1200.0,"max":3200.0},{"current":1500.0,"min":1200.0,"max":3200.0},{"current":1398.0,"min":1200.0,"max":3200.0},{"current":1236.468,"min":1200.0,"max":3200.0},{"current":1497.093,"min":1200.0,"max":3200.0},{"current":1228.218,"min":1200.0,"max":3200.0},{"current":1531.125,"min":1200.0,"max":3200.0},{"current":1700.718,"min":1200.0,"max":3200.0},{"current":3199.406,"min":1200.0,"max":3200.0},{"current":1396.968,"min":1200.0,"max":3200.0},{"current":1273.218,"min":1200.0,"max":3200.0},{"current":1495.968,"min":1200.0,"max":3200.0},{"current":1242.281,"min":1200.0,"max":3200.0},{"current":1281.281,"min":1200.0,"max":3200.0}],"realtime_carbon_intensity":401.3257110792,"disk_write_speed":43.3260264582,"process_ids":[21188,21357]}
{"timestamp":1573522485.6694219112,"rapl_power_draw_absolute":68.9852254302,"rapl_estimated_attributable_power_draw":15.7678590479,"cpu_time_seconds":{"21188":{"user":146.82,"system":8.37,"children_user":1.06,"children_system":0.22},"21357":{"user":3.28,"system":2.76,"children_user":0.26,"children_system":2.54}},"average_relative_cpu_utilization":0.238635862,"absolute_cpu_utilization":0.9985938798,"relative_mem_usage":0.126388463,"absolute_mem_usage":10108963840.0,"absolute_mem_percent_usage":0.074826201,"mem_info_per_process":{"21188":{"rss":4548673536,"vms":13828653056,"shared":557047808,"text":2322432,"lib":0,"data":12258742272,"dirty":0,"uss":3844849664,"pss":4193819648,"swap":0},"21357":{"rss":1558003712,"vms":3671699456,"shared":11440128,"text":2322432,"lib":0,"data":2310545408,"dirty":0,"uss":861503488,"pss":1208791040,"swap":0}},"nvidia_draw_absolute":45.2,"nvidia_estimated_attributable_power_draw":45.2,"average_gpu_estimated_utilization_absolute":0.35,"per_gpu_average_estimated_utilization_absolute":{"(0, 21188)":{"sm":35,"mem":8,"enc":0,"dec":0}},"average_gpu_estimated_utilization_relative":1.0,"per_gpu_performance_state":{"0":"P2"},"per_gpu_power_draw":{"0":45.2},"cpu_count_adjusted_average_load":[0.1625,0.1446875,0.13875],"cpu_freq":[{"current":1999.406,"min":1200.0,"max":3200.0},{"current":1497.562,"min":1200.0,"max":3200.0},{"current":1696.218,"min":1200.0,"max":3200.0},{"current":1899.468,"min":1200.0,"max":3200.0},{"current":1263.187,"min":1200.0,"max":3200.0},{"current":1200.0,"min":1200.0,"max":3200.0},{"current":1199.906,"min":1200.0,"max":3200.0},{"current":1397.812,"min":1200.0,"max":3200.0},{"current":1501.5,"min":1200.0,"max":3200.0},{"current":1295.625,"min":1200.0,"max":3200.0},{"current":3161.343,"min":1200.0,"max":3200.0},{"current":1399.968,"min":1200.0,"max":3200.0},{"current":1200.093,"min":1200.0,"max":3200.0},{"current":1239.281,"min":1200.0,"max":3200.0},{"current":1201.125,"min":1200.0,"max":3200.0},{"current":1200.187,"min":1200.0,"max":3200.0},{"current":1662.281,"min":1200.0,"max":3200.0},{"current":1546.687,"min":1200.0,"max":3200.0},{"current":1585.968,"min":1200.0,"max":3200.0},{"current":1653.281,"min":1200.0,"max":3200.0},{"current":1200.0,"min":1200.0,"max":3200.0},{"current":1203.75,"min":1200.0,"max":3200.0},{"current":2379.281,"min":1200.0,"max":3200.0},{"current":2398.125,"min":1200.0,"max":3200.0},{"current":1301.062,"min":1200.0,"max":3200.0},{"current":1578.093,"min":1200.0,"max":3200.0},{"current":3101.343,"min":1200.0,"max":3200.0},{"current":1346.531,"min":1200.0,"max":3200.0},{"current":1211.718,"min":1200.0,"max":3200.0},{"current":1495.968,"min":1200.0,"max":3200.0},{"current":1206.843,"min":1200.0,"max":3200.0},{"current":1203.187,"min":1200.0,"max":3200.0}],"realtime_carbon_intensity":401.3257110792,"disk_write_speed":38.9257313939,"process_ids":[21188,21357]}
{"timestamp":1573522493.6958079338,"rapl_power_draw_absolute":67.0723681783,"rapl_estimated_attributable_power_draw":15.1965627417,"cpu_time_seconds":{"21188":{"user":154.6,"system":8.62,"children_user":1.06,"children_system":0.22},"21357":{"user":3.46,"system":2.94,"children_user":0.27,"children_system":2.72}},"average_relative_cpu_utilization":0.2347183832,"absolute_cpu_utilization":0.9986064844,"relative_mem_usage":0.1263798802,"absolute_mem_usage":10109111296.0,"absolute_mem_percent_usage":0.0748272925,"mem_info_per_process":{"21188":{"rss":4548673536,"vms":13828653056,"shared":557047808,"text":2322432,"lib":0,"data":12258742272,"dirty":0,"uss":3844898816,"pss":4193844224,"swap":0},"21357":{"rss":1558003712,"vms":3671699456,"shared":11440128,"text":2322432,"lib":0,"data":2310545408,"dirty":0,"uss":861552640,"pss":1208815616,"swap":0}},"nvidia_draw_absolute":48.73,"nvidia_estimated_attributable_power_draw":48.73,"average_gpu_estimated_utilization_absolute":0.35,"per_gpu_average_estimated_utilization_absolute":{"(0, 21188)":{"sm":35,"mem":8,"enc":0,"dec":0}},"average_gpu_estimated_utilization_relative":1.0,"per_gpu_performance_state":{"0":"P2"},"per_gpu_power_draw":{"0":48.73},"cpu_count_adjusted_average_load":[0.154375,0.14375,0.1384375],"cpu_freq":[{"current":1522.312,"min":1200.0,"max":3200.0},{"current":2040.375,"min":1200.0,"max":3200.0},{"current":1296.656,"min":1200.0,"max":3200.0},{"current":1219.968,"min":1200.0,"max":3200.0},{"current":1201.218,"min":1200.0,"max":3200.0},{"current":1200.843,"min":1200.0,"max":3200.0},{"current":2398.687,"min":1200.0,"max":3200.0},{"current":2361.0,"min":1200.0,"max":3200.0},{"current":1227.937,"min":1200.0,"max":3200.0},{"current":1640.906,"min":1200.0,"max":3200.0},{"current":3123.656,"min":1200.0,"max":3200.0},{"current":1295.718,"min":1200.0,"max":3200.0},{"current":1200.093,"min":1200.0,"max":3200.0},{"current":1200.093,"min":1200.0,"max":3200.0},{"current":1200.093,"min":1200.0,"max":3200.0},{"current":1201.031,"min":1200.0,"max":3200.0},{"current":1696.593,"min":1200.0,"max":3200.0},{"current":2098.593,"min":1200.0,"max":3200.0},{"current":1297.968,"min":1200.0,"max":3200.0},{"current":1492.218,"min":1200.0,"max":3200.0},{"current":1200.0,"min":1200.0,"max":3200.0},{"current":1203.75,"min":1200.0,"max":3200.0},{"current":1398.562,"min":1200.0,"max":3200.0},{"current":2264.062,"min":1200.0,"max":3200.0},{"current":1319.343,"min":1200.0,"max":3200.0},{"current":1700.718,"min":1200.0,"max":3200.0},{"current":3101.343,"min":1200.0,"max":3200.0},{"current":1201.5,"min":1200.0,"max":3200.0},{"current":1265.156,"min":1200.0,"max":3200.0},{"current":1265.531,"min":1200.0,"max":3200.0},{"current":1205.812,"min":1200.0,"max":3200.0},{"current":1200.656,"min":1200.0,"max":3200.0}],"realtime_carbon_intensity":401.3257110792,"disk_write_speed":39.1485389898,"process_ids":[21188,21357]}
{"timestamp":1573522501.7036221027,"rapl_power_draw_absolute":67.8495166057,"rapl_estimated_attributable_power_draw":17.6146770927,"cpu_time_seconds":{"21188":{"user":162.33,"system":8.9,"children_user":1.06,"children_system":0.22},"21357":{"user":3.65,"system":3.12,"children_user":0.28,"children_system":2.9}},"average_relative_cpu_utilization":0.2724501645,"absolute_cpu_utilization":0.998591924,"relative_mem_usage":0.1263681106,"absolute_mem_usage":10109246464.0,"absolute_mem_percent_usage":0.074828293,"mem_info_per_process":{"21188":{"rss":4548673536,"vms":13828653056,"shared":557047808,"text":2322432,"lib":0,"data":12258742272,"dirty":0,"uss":3844943872,"pss":4193866752,"swap":0},"21357":{"rss":1558003712,"vms":3671699456,"shared":11440128,"text":2322432,"lib":0,"data":2310545408,"dirty":0,"uss":861597696,"pss":1208838144,"swap":0}},"nvidia_draw_absolute":47.68,"nvidia_estimated_attributable_power_draw":47.68,"average_gpu_estimated_utilization_absolute":0.35,"per_gpu_average_estimated_utilization_absolute":{"(0, 21188)":{"sm":35,"mem":8,"enc":0,"dec":0}},"average_gpu_estimated_utilization_relative":1.0,"per_gpu_performance_state":{"0":"P2"},"per_gpu_power_draw":{"0":47.68},"cpu_count_adjusted_average_load":[0.1496875,0.1428125,0.138125],"cpu_freq":[{"current":2399.906,"min":1200.0,"max":3200.0},{"current":1482.187,"min":1200.0,"max":3200.0},{"current":1633.031,"min":1200.0,"max":3200.0},{"current":1897.312,"min":1200.0,"max":3200.0},{"current":1260.75,"min":1200.0,"max":3200.0},{"current":1258.125,"min":1200.0,"max":3200.0},{"current":1293.656,"min":1200.0,"max":3200.0},{"current":2399.906,"min":1200.0,"max":3200.0},{"current":1295.156,"min":1200.0,"max":3200.0},{"current":1295.718,"min":1200.0,"max":3200.0},{"current":3175.781,"min":1200.0,"max":3200.0},{"current":1339.406,"min":1200.0,"max":3200.0},{"current":1220.718,"min":1200.0,"max":3200.0},{"current":1200.093,"min":1200.0,"max":3200.0},{"current":1355.531,"min":1200.0,"max":3200.0},{"current":1242.937,"min":1200.0,"max":3200.0},{"current":2400.0,"min":1200.0,"max":3200.0},{"current":1530.468,"min":1200.0,"max":3200.0},{"current":2400.0,"min":1200.0,"max":3200.0},{"current":1567.125,"min":1200.0,"max":3200.0},{"current":1200.0,"min":1200.0,"max":3200.0},{"current":1212.75,"min":1200.0,"max":3200.0},{"current":1495.125,"min":1200.0,"max":3200.0},{"current":2390.812,"min":1200.0,"max":3200.0},{"current":1255.406,"min":1200.0,"max":3200.0},{"current":1254.375,"min":1200.0,"max":3200.0},{"current":3099.281,"min":1200.0,"max":3200.0},{"current":1541.625,"min":1200.0,"max":3200.0},{"current":1260.75,"min":1200.0,"max":3200.0},{"current":1270.781,"min":1200.0,"max":3200.0},{"current":1347.656,"min":1200.0,"max":3200.0},{"current":1200.375,"min":1200.0,"max":3200.0}],"realtime_carbon_intensity":401.3257110792,"disk_write_speed":42.4174405108,"process_ids":[21188,21357]}
{"timestamp":1573522509.7132198811,"rapl_power_draw_absolute":66.6955891591,"rapl_estimated_attributable_power_draw":15.8198655846,"cpu_time_seconds":{"21188":{"user":170.08,"system":9.16,"children_user":1.06,"children_system":0.22},"21357":{"user":3.86,"system":3.33,"children_user":0.3,"children_system":3.07}},"average_relative_cpu_utilization":0.2462827761,"absolute_cpu_utilization":0.9985864001,"relative_mem_usage":0.1263645178,"absolute_mem_usage":10109307904.0,"absolute_mem_percent_usage":0.0748287477,"mem_info_per_process":{"21188":{"rss":4548673536,"vms":13828653056,"shared":557047808,"text":2322432,"lib":0,"data":12258742272,"dirty":0,"uss":3844964352,"pss":4193876992,"swap":0},"21357":{"rss":1558003712,"vms":3671699456,"shared":11440128,"text":2322432,"lib":0,"data":2310545408,"dirty":0,"uss":861618176,"pss":1208848384,"swap":0}},"nvidia_draw_absolute":48.67,"nvidia_estimated_attributable_power_draw":48.67,"average_gpu_estimated_utilization_absolute":0.35,"per_gpu_average_estimated_utilization_absolute":{"(0, 21188)":{"sm":35,"mem":8,"enc":0,"dec":0}},"average_gpu_estimated_utilization_relative":1.0,"per_gpu_performance_state":{"0":"P2"},"per_gpu_power_draw":{"0":48.67},"cpu_count_adjusted_average_load":[0.1484375,0.1428125,0.138125],"cpu_freq":[{"current":2399.906,"min":1200.0,"max":3200.0},{"current":1239.093,"min":1200.0,"max":3200.0},{"current":1699.968,"min":1200.0,"max":3200.0},{"current":2400.0,"min":1200.0,"max":3200.0},{"current":1224.0,"min":1200.0,"max":3200.0},{"current":1200.75,"min":1200.0,"max":3200.0},{"current":2400.0,"min":1200.0,"max":3200.0},{"current":1199.906,"min":1200.0,"max":3200.0},{"current":1383.0,"min":1200.0,"max":3200.0},{"current":2175.656,"min":1200.0,"max":3200.0},{"current":3160.593,"min":1200.0,"max":3200.0},{"current":1300.687,"min":1200.0,"max":3200.0},{"current":1237.875,"min":1200.0,"max":3200.0},{"current":1235.25,"min":1200.0,"max":3200.0},{"current":1200.0,"min":1200.0,"max":3200.0},{"current":1279.5,"min":1200.0,"max":3200.0},{"current":2399.906,"min":1200.0,"max":3200.0},{"current":1454.812,"min":1200.0,"max":3200.0},{"current":1471.687,"min":1200.0,"max":3200.0},{"current":2399.906,"min":1200.0,"max":3200.0},{"current":1214.062,"min":1200.0,"max":3200.0},{"current":1212.75,"min":1200.0,"max":3200.0},{"current":2266.406,"min":1200.0,"max":3200.0},{"current":1205.531,"min":1200.0,"max":3200.0},{"current":1300.875,"min":1200.0,"max":3200.0},{"current":2173.968,"min":1200.0,"max":3200.0},{"current":3099.281,"min":1200.0,"max":3200.0},{"current":1309.593,"min":1200.0,"max":3200.0},{"current":1211.531,"min":1200.0,"max":3200.0},{"current":1231.968,"min":1200.0,"max":3200.0},{"current":1208.062,"min":1200.0,"max":3200.0},{"current":1200.0,"min":1200.0,"max":3200.0}],"realtime_carbon_intensity":401.3257110792,"disk_write_speed":45.7505824996,"process_ids":[21188,21357]}
