{"timestamp":1572411635.2496089935,"rapl_power_draw_absolute":87.6789550516,"rapl_estimated_attributable_power_draw":20.0977212691,"cpu_time_seconds":{"6475":{"user":9.51,"system":2.88,"children_user":1.01,"children_system":0.26},"6565":{"user":0.01,"system":0.04,"children_user":0.0,"children_system":0.04}},"average_relative_cpu_utilization":0.2381360937,"absolute_cpu_utilization":1.0037208064,"relative_mem_usage":0.1549413666,"absolute_mem_usage":3750088704.0,"absolute_mem_percent_usage":0.0277580809,"mem_info_per_process":{"6475":{"rss":3663122432,"vms":11438473216,"shared":572059648,"text":2322432,"lib":0,"data":9684078592,"dirty":0,"uss":134021120,"pss":1840216064,"swap":0},"6565":{"rss":3265163264,"vms":11438473216,"shared":173957120,"text":2322432,"lib":0,"data":9684078592,"dirty":0,"uss":97841152,"pss":1678010368,"swap":0}},"nvidia_draw_absolute":42.6,"nvidia_estimated_attributable_power_draw":42.6,"average_gpu_estimated_utilization_absolute":0.14,"per_gpu_average_estimated_utilization_absolute":{"(0, 6475)":{"sm":14,"mem":0,"enc":0,"dec":0}},"average_gpu_estimated_utilization_relative":1.0,"per_gpu_performance_state":{"0":"P2"},"per_gpu_power_draw":{"0":42.6},"cpu_count_adjusted_average_load":[0.15125,0.1596875,0.1584375],"realtime_carbon_intensity":337.461173778,"disk_write_speed":36.7927178912,"process_ids":[6475,6565]}
{"timestamp":1572411643.408080101,"rapl_power_draw_absolute":87.5984099237,"rapl_estimated_attributable_power_draw":20.0038861431,"cpu_time_seconds":{"6475":{"user":17.65,"system":2.89,"children_user":1.01,"children_system":0.26},"6565":{"user":0.14,"system":0.3,"children_user":0.02,"children_system":0.22}},"average_relative_cpu_utilization":0.2369571832,"absolute_cpu_utilization":0.9987978633,"relative_mem_usage":0.1561392909,"absolute_mem_usage":3780568064.0,"absolute_mem_percent_usage":0.0279836885,"mem_info_per_process":{"6475":{"rss":3663122432,"vms":11438473216,"shared":572059648,"text":2322432,"lib":0,"data":9684078592,"dirty":0,"uss":144044032,"pss":1845030912,"swap":0},"6565":{"rss":3271933952,"vms":11438473216,"shared":180715520,"text":2322432,"lib":0,"data":9684078592,"dirty":0,"uss":107368448,"pss":1684124672,"swap":0}},"nvidia_draw_absolute":42.26,"nvidia_estimated_attributable_power_draw":42.26,"average_gpu_estimated_utilization_absolute":0.14,"per_gpu_average_estimated_utilization_absolute":{"(0, 6475)":{"sm":14,"mem":0,"enc":0,"dec":0}},"average_gpu_estimated_utilization_relative":1.0,"per_gpu_performance_state":{"0":"P2"},"per_gpu_power_draw":{"0":42.26},"cpu_count_adjusted_average_load":[0.1521875,0.159375,0.1584375],"realtime_carbon_intensity":337.461173778,"disk_write_speed":21.9722843093,"process_ids":[6475,6565]}
{"timestamp":1572411651.5303049088,"rapl_power_draw_absolute":87.5581344985,"rapl_estimated_attributable_power_draw":19.9577687897,"cpu_time_seconds":{"6475":{"user":25.77,"system":2.89,"children_user":1.01,"children_system":0.26},"6565":{"user":0.23,"system":0.55,"children_user":0.04,"children_system":0.4}},"average_relative_cpu_utilization":0.2363923424,"absolute_cpu_utilization":0.9987830019,"relative_mem_usage":0.1562470186,"absolute_mem_usage":3783431168.0,"absolute_mem_percent_usage":0.0280048811,"mem_info_per_process":{"6475":{"rss":3663122432,"vms":11438473216,"shared":572059648,"text":2322432,"lib":0,"data":9684078592,"dirty":0,"uss":145244160,"pss":1845630976,"swap":0},"6565":{"rss":3271933952,"vms":11438473216,"shared":180715520,"text":2322432,"lib":0,"data":9684078592,"dirty":0,"uss":108077056,"pss":1684478976,"swap":0}},"nvidia_draw_absolute":42.0,"nvidia_estimated_attributable_power_draw":42.0,"average_gpu_estimated_utilization_absolute":0.14,"per_gpu_average_estimated_utilization_absolute":{"(0, 6475)":{"sm":14,"mem":0,"enc":0,"dec":0}},"average_gpu_estimated_utilization_relative":1.0,"per_gpu_performance_state":{"0":"P2"},"per_gpu_power_draw":{"0":42.0},"cpu_count_adjusted_average_load":[0.15,0.15875,0.1584375],"realtime_carbon_intensity":337.461173778,"disk_write_speed":36.9179956046,"process_ids":[6475,6565]}
{"timestamp":1572411659.609513998,"rapl_power_draw_absolute":87.7281991962,"rapl_estimated_attributable_power_draw":20.054169568,"cpu_time_seconds":{"6475":{"user":33.84,"system":2.9,"children_user":1.01,"children_system":0.26},"6565":{"user":0.35,"system":0.8,"children_user":0.05,"children_system":0.6}},"average_relative_cpu_utilization":0.2372343576,"absolute_cpu_utilization":0.9987962393,"relative_mem_usage":0.1562512793,"absolute_mem_usage":3783443456.0,"absolute_mem_percent_usage":0.0280049721,"mem_info_per_process":{"6475":{"rss":3663122432,"vms":11438473216,"shared":572059648,"text":2322432,"lib":0,"data":9684078592,"dirty":0,"uss":145248256,"pss":1845633024,"swap":0},"6565":{"rss":3271933952,"vms":11438473216,"shared":180715520,"text":2322432,"lib":0,"data":9684078592,"dirty":0,"uss":108081152,"pss":1684481024,"swap":0}},"nvidia_draw_absolute":42.0,"nvidia_estimated_attributable_power_draw":42.0,"average_gpu_estimated_utilization_absolute":0.14,"per_gpu_average_estimated_utilization_absolute":{"(0, 6475)":{"sm":14,"mem":0,"enc":0,"dec":0}},"average_gpu_estimated_utilization_relative":1.0,"per_gpu_performance_state":{"0":"P2"},"per_gpu_power_draw":{"0":42.0},"cpu_count_adjusted_average_load":[0.1484375,0.1584375,0.158125],"realtime_carbon_intensity":337.461173778,"disk_write_speed":48.7908334787,"process_ids":[6475,6565]}
{"timestamp":1572411667.7056210041,"rapl_power_draw_absolute":87.502675518,"rapl_estimated_attributable_power_draw":20.0230462313,"cpu_time_seconds":{"6475":{"user":41.94,"system":2.91,"children_user":1.01,"children_system":0.26},"6565":{"user":0.49,"system":1.09,"children_user":0.05,"children_system":0.79}},"average_relative_cpu_utilization":0.2378555981,"absolute_cpu_utilization":1.0037902504,"relative_mem_usage":0.1562554396,"absolute_mem_usage":3783468032.0,"absolute_mem_percent_usage":0.028005154,"mem_info_per_process":{"6475":{"rss":3663122432,"vms":11438473216,"shared":572059648,"text":2322432,"lib":0,"data":9684078592,"dirty":0,"uss":145256448,"pss":1845637120,"swap":0},"6565":{"rss":3271933952,"vms":11438473216,"shared":180715520,"text":2322432,"lib":0,"data":9684078592,"dirty":0,"uss":108089344,"pss":1684485120,"swap":0}},"nvidia_draw_absolute":41.65,"nvidia_estimated_attributable_power_draw":41.65,"average_gpu_estimated_utilization_absolute":0.14,"per_gpu_average_estimated_utilization_absolute":{"(0, 6475)":{"sm":14,"mem":0,"enc":0,"dec":0}},"average_gpu_estimated_utilization_relative":1.0,"per_gpu_performance_state":{"0":"P2"},"per_gpu_power_draw":{"0":41.65},"cpu_count_adjusted_average_load":[0.1465625,0.1578125,0.1578125],"realtime_carbon_intensity":337.461173778,"disk_write_speed":24.9508779444,"process_ids":[6475,6565]}
{"timestamp":1572411675.8457620144,"rapl_power_draw_absolute":87.7687737184,"rapl_estimated_attributable_power_draw":20.03569686,"cpu_time_seconds":{"6475":{"user":50.07,"system":2.92,"children_user":1.01,"children_system":0.26},"6565":{"user":0.58,"system":1.39,"children_user":0.06,"children_system":0.99}},"average_relative_cpu_utilization":0.2369523402,"absolute_cpu_utilization":0.9987861923,"relative_mem_usage":0.1562586962,"absolute_mem_usage":3783480320.0,"absolute_mem_percent_usage":0.0280052449,"mem_info_per_process":{"6475":{"rss":3663122432,"vms":11438473216,"shared":572059648,"text":2322432,"lib":0,"data":9684078592,"dirty":0,"uss":145260544,"pss":1845639168,"swap":0},"6565":{"rss":3271933952,"vms":11438473216,"shared":180715520,"text":2322432,"lib":0,"data":9684078592,"dirty":0,"uss":108093440,"pss":1684487168,"swap":0}},"nvidia_draw_absolute":41.64,"nvidia_estimated_attributable_power_draw":41.64,"average_gpu_estimated_utilization_absolute":0.14,"per_gpu_average_estimated_utilization_absolute":{"(0, 6475)":{"sm":14,"mem":0,"enc":0,"dec":0}},"average_gpu_estimated_utilization_relative":1.0,"per_gpu_performance_state":{"0":"P2"},"per_gpu_power_draw":{"0":41.64},"cpu_count_adjusted_average_load":[0.1528125,0.15875,0.158125],"realtime_carbon_intensity":337.461173778,"disk_write_speed":32.7797500942,"process_ids":[6475,6565]}
{"timestamp":1572411683.9639499187,"rapl_power_draw_absolute":87.9275010354,"rapl_estimated_attributable_power_draw":20.0847128703,"cpu_time_seconds":{"6475":{"user":58.18,"system":2.92,"children_user":1.01,"children_system":0.26},"6565":{"user":0.67,"system":1.69,"children_user":0.06,"children_system":1.18}},"average_relative_cpu_utilization":0.2369529934,"absolute_cpu_utilization":0.9987864933,"relative_mem_usage":0.1562586643,"absolute_mem_usage":3783529472.0,"absolute_mem_percent_usage":0.0280056087,"mem_info_per_process":{"6475":{"rss":3663122432,"vms":11438473216,"shared":572059648,"text":2322432,"lib":0,"data":9684078592,"dirty":0,"uss":145276928,"pss":1845647360,"swap":0},"6565":{"rss":3271933952,"vms":11438473216,"shared":180715520,"text":2322432,"lib":0,"data":9684078592,"dirty":0,"uss":108109824,"pss":1684495360,"swap":0}},"nvidia_draw_absolute":41.49,"nvidia_estimated_attributable_power_draw":41.49,"average_gpu_estimated_utilization_absolute":0.14,"per_gpu_average_estimated_utilization_absolute":{"(0, 6475)":{"sm":14,"mem":0,"enc":0,"dec":0}},"average_gpu_estimated_utilization_relative":1.0,"per_gpu_performance_state":{"0":"P2"},"per_gpu_power_draw":{"0":41.49},"cpu_count_adjusted_average_load":[0.1609375,0.1603125,0.15875],"realtime_carbon_intensity":337.461173778,"disk_write_speed":29.9204444226,"process_ids":[6475,6565]}
{"timestamp":1572411692.0704729557,"rapl_power_draw_absolute":88.0204934967,"rapl_estimated_attributable_power_draw":19.9370023461,"cpu_time_seconds":{"6475":{"user":66.27,"system":2.94,"children_user":1.01,"children_system":0.26},"6565":{"user":0.76,"system":1.98,"children_user":0.08,"children_system":1.36}},"average_relative_cpu_utilization":0.2350040784,"absolute_cpu_utilization":0.9987753614,"relative_mem_usage":0.1562582995,"absolute_mem_usage":3783541760.0,"absolute_mem_percent_usage":0.0280056997,"mem_info_per_process":{"6475":{"rss":3663122432,"vms":11438473216,"shared":572059648,"text":2322432,"lib":0,"data":9684078592,"dirty":0,"uss":145281024,"pss":1845649408,"swap":0},"6565":{"rss":3271933952,"vms":11438473216,"shared":180715520,"text":2322432,"lib":0,"data":9684078592,"dirty":0,"uss":108113920,"pss":1684497408,"swap":0}},"nvidia_draw_absolute":41.06,"nvidia_estimated_attributable_power_draw":41.06,"average_gpu_estimated_utilization_absolute":0.14,"per_gpu_average_estimated_utilization_absolute":{"(0, 6475)":{"sm":14,"mem":0,"enc":0,"dec":0}},"average_gpu_estimated_utilization_relative":1.0,"per_gpu_performance_state":{"0":"P2"},"per_gpu_power_draw":{"0":41.06},"cpu_count_adjusted_average_load":[0.165625,0.16125,0.1590625],"realtime_carbon_intensity":337.461173778,"disk_write_speed":27.9045433075,"process_ids":[6475,6565]}
{"timestamp":1572411700.1726219654,"rapl_power_draw_absolute":88.3023302234,"rapl_estimated_attributable_power_draw":20.0439775842,"cpu_time_seconds":{"6475":{"user":74.36,"system":2.95,"children_user":1.01,"children_system":0.26},"6565":{"user":0.84,"system":2.24,"children_user":0.08,"children_system":1.56}},"average_relative_cpu_utilization":0.2354898564,"absolute_cpu_utilization":0.993795397,"relative_mem_usage":0.1562506925,"absolute_mem_usage":3783554048.0,"absolute_mem_percent_usage":0.0280057907,"mem_info_per_process":{"6475":{"rss":3663122432,"vms":11438473216,"shared":572059648,"text":2322432,"lib":0,"data":9684078592,"dirty":0,"uss":145285120,"pss":1845651456,"swap":0},"6565":{"rss":3271933952,"vms":11438473216,"shared":180715520,"text":2322432,"lib":0,"data":9684078592,"dirty":0,"uss":108118016,"pss":1684499456,"swap":0}},"nvidia_draw_absolute":41.12,"nvidia_estimated_attributable_power_draw":41.12,"average_gpu_estimated_utilization_absolute":0.14,"per_gpu_average_estimated_utilization_absolute":{"(0, 6475)":{"sm":14,"mem":0,"enc":0,"dec":0}},"average_gpu_estimated_utilization_relative":1.0,"per_gpu_performance_state":{"0":"P2"},"per_gpu_power_draw":{"0":41.12},"cpu_count_adjusted_average_load":[0.169375,0.1621875,0.159375],"realtime_carbon_intensity":337.461173778,"disk_write_speed":42.2824334052,"process_ids":[6475,6565]}
{"timestamp":1572411708.2834320068,"rapl_power_draw_absolute":88.0967131385,"rapl_estimated_attributable_power_draw":19.9894236188,"cpu_time_seconds":{"6475":{"user":82.47,"system":2.96,"children_user":1.01,"children_system":0.26},"6565":{"user":0.99,"system":2.5,"children_user":0.09,"children_system":1.76}},"average_relative_cpu_utilization":0.2352811294,"absolute_cpu_utilization":0.9987866234,"relative_mem_usage":0.1562430598,"absolute_mem_usage":3783566336.0,"absolute_mem_percent_usage":0.0280058816,"mem_info_per_process":{"6475":{"rss":3663122432,"vms":11438473216,"shared":572059648,"text":2322432,"lib":0,"data":9684078592,"dirty":0,"uss":145289216,"pss":1845653504,"swap":0},"6565":{"rss":3271933952,"vms":11438473216,"shared":180715520,"text":2322432,"lib":0,"data":9684078592,"dirty":0,"uss":108122112,"pss":1684501504,"swap":0}},"nvidia_draw_absolute":40.76,"nvidia_estimated_attributable_power_draw":40.76,"average_gpu_estimated_utilization_absolute":0.145,"per_gpu_average_estimated_utilization_absolute":{"(0, 6475)":{"sm":14.5,"mem":0.0,"enc":0.0,"dec":0.0}},"average_gpu_estimated_utilization_relative":1.0,"per_gpu_performance_state":{"0":"P2"},"per_gpu_power_draw":{"0":40.76},"cpu_count_adjusted_average_load":[0.1675,0.161875,0.159375],"realtime_carbon_intensity":337.461173778,"disk_write_speed":35.1370843621,"process_ids":[6475,6565]}
{"timestamp":1572411716.382133007,"rapl_power_draw_absolute":88.118376989,"rapl_estimated_attributable_power_draw":20.1493763228,"cpu_time_seconds":{"6475":{"user":90.56,"system":2.97,"children_user":1.01,"children_system":0.26},"6565":{"user":1.09,"system":2.78,"children_user":0.09,"children_system":1.96}},"average_relative_cpu_utilization":0.237297019,"absolute_cpu_utilization":1.0037815107,"relative_mem_usage":0.1562342651,"absolute_mem_usage":3783573504.0,"absolute_mem_percent_usage":0.0280059347,"mem_info_per_process":{"6475":{"rss":3663122432,"vms":11438473216,"shared":572059648,"text":2322432,"lib":0,"data":9684078592,"dirty":0,"uss":145260544,"pss":1845636096,"swap":0},"6565":{"rss":3272048640,"vms":11438473216,"shared":180830208,"text":2322432,"lib":0,"data":9684078592,"dirty":0,"uss":108134400,"pss":1684542464,"swap":0}},"nvidia_draw_absolute":40.78,"nvidia_estimated_attributable_power_draw":40.78,"average_gpu_estimated_utilization_absolute":0.14,"per_gpu_average_estimated_utilization_absolute":{"(0, 6475)":{"sm":14,"mem":0,"enc":0,"dec":0}},"average_gpu_estimated_utilization_relative":1.0,"per_gpu_performance_state":{"0":"P2"},"per_gpu_power_draw":{"0":40.78},"cpu_count_adjusted_average_load":[0.1640625,0.16125,0.1590625],"realtime_carbon_intensity":337.461173778,"disk_write_speed":43.0591729064,"process_ids":[6475,6565]}
{"timestamp":1572411725.2144680023,"rapl_power_draw_absolute":84.4361030495,"rapl_estimated_attributable_power_draw":25.7211113648,"cpu_time_seconds":{"6475":{"user":99.39,"system":2.97,"children_user":1.01,"children_system":0.26},"6565":{"user":1.22,"system":3.07,"children_user":0.1,"children_system":2.16}},"average_relative_cpu_utilization":0.3189522024,"absolute_cpu_utilization":0.9987585181,"relative_mem_usage":0.185603605,"absolute_mem_usage":3852309504.0,"absolute_mem_percent_usage":0.0285147172,"mem_info_per_process":{"6475":{"rss":3663122432,"vms":11438473216,"shared":572059648,"text":2322432,"lib":0,"data":9684078592,"dirty":0,"uss":154914816,"pss":1903367168,"swap":0},"6565":{"rss":3272048640,"vms":11438473216,"shared":180830208,"text":2322432,"lib":0,"data":9684078592,"dirty":0,"uss":108163072,"pss":1685864448,"swap":0}},"nvidia_draw_absolute":40.56,"nvidia_estimated_attributable_power_draw":40.56,"average_gpu_estimated_utilization_absolute":0.14,"per_gpu_average_estimated_utilization_absolute":{"(0, 6475)":{"sm":14,"mem":0,"enc":0,"dec":0}},"average_gpu_estimated_utilization_relative":1.0,"per_gpu_performance_state":{"0":"P2"},"per_gpu_power_draw":{"0":40.56},"cpu_count_adjusted_average_load":[0.155625,0.159375,0.15875],"realtime_carbon_intensity":337.461173778,"disk_write_speed":38.3432246929,"process_ids":[6475,6565]}
{"timestamp":1572411733.3095009327,"rapl_power_draw_absolute":81.5851113785,"rapl_estimated_attributable_power_draw":23.838088036,"cpu_time_seconds":{"6475":{"user":107.49,"system":2.97,"children_user":1.01,"children_system":0.26},"6565":{"user":1.34,"system":3.34,"children_user":0.11,"children_system":2.35}},"average_relative_cpu_utilization":0.3060383011,"absolute_cpu_utilization":1.0087680449,"relative_mem_usage":0.1853133639,"absolute_mem_usage":3852322816.0,"absolute_mem_percent_usage":0.0285148157,"mem_info_per_process":{"6475":{"rss":3663122432,"vms":11438473216,"shared":572059648,"text":2322432,"lib":0,"data":9684078592,"dirty":0,"uss":154927104,"pss":1903354880,"swap":0},"6565":{"rss":3272048640,"vms":11438473216,"shared":180830208,"text":2322432,"lib":0,"data":9684078592,"dirty":0,"uss":108175360,"pss":1685865472,"swap":0}},"nvidia_draw_absolute":40.68,"nvidia_estimated_attributable_power_draw":40.68,"average_gpu_estimated_utilization_absolute":0.14,"per_gpu_average_estimated_utilization_absolute":{"(0, 6475)":{"sm":14,"mem":0,"enc":0,"dec":0}},"average_gpu_estimated_utilization_relative":1.0,"per_gpu_performance_state":{"0":"P2"},"per_gpu_power_draw":{"0":40.68},"cpu_count_adjusted_average_load":[0.14875,0.1578125,0.158125],"realtime_carbon_intensity":337.461173778,"disk_write_speed":37.8975196676,"process_ids":[6475,6565]}
{"timestamp":1572411742.0280818939,"rapl_power_draw_absolute":83.2500734784,"rapl_estimated_attributable_power_draw":22.7051533368,"cpu_time_seconds":{"6475":{"user":116.2,"system":2.98,"children_user":1.01,"children_system":0.26},"6565":{"user":1.47,"system":3.62,"children_user":0.12,"children_system":2.54}},"average_relative_cpu_utilization":0.284478499,"absolute_cpu_utilization":0.998799413,"relative_mem_usage":0.1793999786,"absolute_mem_usage":3833749504.0,"absolute_mem_percent_usage":0.0283773364,"mem_info_per_process":{"6475":{"rss":3663122432,"vms":11438473216,"shared":572059648,"text":2322432,"lib":0,"data":9684078592,"dirty":0,"uss":153530368,"pss":1886865408,"swap":0},"6565":{"rss":3272048640,"vms":11438473216,"shared":180830208,"text":2322432,"lib":0,"data":9684078592,"dirty":0,"uss":108179456,"pss":1685174272,"swap":0}},"nvidia_draw_absolute":40.46,"nvidia_estimated_attributable_power_draw":40.46,"average_gpu_estimated_utilization_absolute":0.14,"per_gpu_average_estimated_utilization_absolute":{"(0, 6475)":{"sm":14,"mem":0,"enc":0,"dec":0}},"average_gpu_estimated_utilization_relative":1.0,"per_gpu_performance_state":{"0":"P2"},"per_gpu_power_draw":{"0":40.46},"cpu_count_adjusted_average_load":[0.144375,0.156875,0.1578125],"realtime_carbon_intensity":337.461173778,"disk_write_speed":21.0799957417,"process_ids":[6475,6565]}
{"timestamp":1572411750.1574349403,"rapl_power_draw_absolute":83.0382838198,"rapl_estimated_attributable_power_draw":23.9424087034,"cpu_time_seconds":{"6475":{"user":124.32,"system":2.99,"children_user":1.01,"children_system":0.26},"6565":{"user":1.56,"system":3.92,"children_user":0.13,"children_system":2.73}},"average_relative_cpu_utilization":0.3020973998,"absolute_cpu_utilization":0.9987836225,"relative_mem_usage":0.1793687594,"absolute_mem_usage":3833759744.0,"absolute_mem_percent_usage":0.0283774122,"mem_info_per_process":{"6475":{"rss":3663122432,"vms":11438473216,"shared":572059648,"text":2322432,"lib":0,"data":9684078592,"dirty":0,"uss":153534464,"pss":1886867456,"swap":0},"6565":{"rss":3272048640,"vms":11438473216,"shared":180830208,"text":2322432,"lib":0,"data":9684078592,"dirty":0,"uss":108183552,"pss":1685174272,"swap":0}},"nvidia_draw_absolute":40.41,"nvidia_estimated_attributable_power_draw":40.41,"average_gpu_estimated_utilization_absolute":0.14,"per_gpu_average_estimated_utilization_absolute":{"(0, 6475)":{"sm":14,"mem":0,"enc":0,"dec":0}},"average_gpu_estimated_utilization_relative":1.0,"per_gpu_performance_state":{"0":"P2"},"per_gpu_power_draw":{"0":40.41},"cpu_count_adjusted_average_load":[0.1440625,0.15625,0.1575],"realtime_carbon_intensity":337.461173778,"disk_write_speed":35.6851022235,"process_ids":[6475,6565]}
{"timestamp":1572411759.8250930309,"rapl_power_draw_absolute":85.5622350536,"rapl_estimated_attributable_power_draw":21.6217115593,"cpu_time_seconds":{"6475":{"user":133.98,"system":3.0,"children_user":1.01,"children_system":0.26},"6565":{"user":1.67,"system":4.21,"children_user":0.13,"children_system":2.94}},"average_relative_cpu_utilization":0.2621086249,"absolute_cpu_utilization":0.9987848563,"relative_mem_usage":0.179321023,"absolute_mem_usage":3833814016.0,"absolute_mem_percent_usage":0.0283778139,"mem_info_per_process":{"6475":{"rss":3663122432,"vms":11438473216,"shared":572059648,"text":2322432,"lib":0,"data":9684078592,"dirty":0,"uss":153538560,"pss":1886867456,"swap":0},"6565":{"rss":3272048640,"vms":11438473216,"shared":180830208,"text":2322432,"lib":0,"data":9684078592,"dirty":0,"uss":108216320,"pss":1685191680,"swap":0}},"nvidia_draw_absolute":40.64,"nvidia_estimated_attributable_power_draw":40.64,"average_gpu_estimated_utilization_absolute":0.14,"per_gpu_average_estimated_utilization_absolute":{"(0, 6475)":{"sm":14,"mem":0,"enc":0,"dec":0}},"average_gpu_estimated_utilization_relative":1.0,"per_gpu_performance_state":{"0":"P2"},"per_gpu_power_draw":{"0":40.64},"cpu_count_adjusted_average_load":[0.14375,0.155625,0.1575],"realtime_carbon_intensity":337.461173778,"disk_write_speed":39.9376923931,"process_ids":[6475,6565]}
{"timestamp":1572411768.5202651024,"rapl_power_draw_absolute":87.7921733598,"rapl_estimated_attributable_power_draw":20.5383818334,"cpu_time_seconds":{"6475":{"user":142.66,"system":3.01,"children_user":1.01,"children_system":0.26},"6565":{"user":1.81,"system":4.47,"children_user":0.14,"children_system":3.13}},"average_relative_cpu_utilization":0.2435899326,"absolute_cpu_utilization":0.9987838789,"relative_mem_usage":0.1573625126,"absolute_mem_usage":3788267520.0,"absolute_mem_percent_usage":0.0280406797,"mem_info_per_process":{"6475":{"rss":3663122432,"vms":11438473216,"shared":572059648,"text":2322432,"lib":0,"data":9684078592,"dirty":0,"uss":149807104,"pss":1845043200,"swap":0},"6565":{"rss":3272048640,"vms":11438473216,"shared":180830208,"text":2322432,"lib":0,"data":9684078592,"dirty":0,"uss":108224512,"pss":1685192704,"swap":0}},"nvidia_draw_absolute":39.99,"nvidia_estimated_attributable_power_draw":39.99,"average_gpu_estimated_utilization_absolute":0.14,"per_gpu_average_estimated_utilization_absolute":{"(0, 6475)":{"sm":14,"mem":0,"enc":0,"dec":0}},"average_gpu_estimated_utilization_relative":1.0,"per_gpu_performance_state":{"0":"P2"},"per_gpu_power_draw":{"0":39.99},"cpu_count_adjusted_average_load":[0.1459375,0.1559375,0.1571875],"realtime_carbon_intensity":337.461173778,"disk_write_speed":39.2386164572,"process_ids":[6475,6565]}
{"timestamp":1572411776.6509509087,"rapl_power_draw_absolute":87.8636115039,"rapl_estimated_attributable_power_draw":19.7928036645,"cpu_time_seconds":{"6475":{"user":150.78,"system":3.02,"children_user":1.01,"children_system":0.26},"6565":{"user":1.93,"system":4.75,"children_user":0.15,"children_system":3.32}},"average_relative_cpu_utilization":0.2332778078,"absolute_cpu_utilization":0.9937864301,"relative_mem_usage":0.1570403434,"absolute_mem_usage":3787194368.0,"absolute_mem_percent_usage":0.0280327362,"mem_info_per_process":{"6475":{"rss":3663122432,"vms":11438473216,"shared":572059648,"text":2322432,"lib":0,"data":9684078592,"dirty":0,"uss":149811200,"pss":1844546560,"swap":0},"6565":{"rss":3272048640,"vms":11438473216,"shared":180830208,"text":2322432,"lib":0,"data":9684078592,"dirty":0,"uss":108220416,"pss":1684616192,"swap":0}},"nvidia_draw_absolute":39.89,"nvidia_estimated_attributable_power_draw":39.89,"average_gpu_estimated_utilization_absolute":0.14,"per_gpu_average_estimated_utilization_absolute":{"(0, 6475)":{"sm":14,"mem":0,"enc":0,"dec":0}},"average_gpu_estimated_utilization_relative":1.0,"per_gpu_performance_state":{"0":"P2"},"per_gpu_power_draw":{"0":39.89},"cpu_count_adjusted_average_load":[0.146875,0.1559375,0.1571875],"realtime_carbon_intensity":337.461173778,"disk_write_speed":45.8942342595,"process_ids":[6475,6565]}
{"timestamp":1572411784.7589759827,"rapl_power_draw_absolute":87.8724071561,"rapl_estimated_attributable_power_draw":19.8465619042,"cpu_time_seconds":{"6475":{"user":158.89,"system":3.03,"children_user":1.01,"children_system":0.26},"6565":{"user":2.06,"system":5.07,"children_user":0.16,"children_system":3.53}},"average_relative_cpu_utilization":0.2339033501,"absolute_cpu_utilization":0.9987866178,"relative_mem_usage":0.1570551578,"absolute_mem_usage":3787198464.0,"absolute_mem_percent_usage":0.0280327665,"mem_info_per_process":{"6475":{"rss":3663122432,"vms":11438473216,"shared":572059648,"text":2322432,"lib":0,"data":9684078592,"dirty":0,"uss":149815296,"pss":1844543488,"swap":0},"6565":{"rss":3272048640,"vms":11438473216,"shared":180830208,"text":2322432,"lib":0,"data":9684078592,"dirty":0,"uss":108224512,"pss":1684615168,"swap":0}},"nvidia_draw_absolute":39.99,"nvidia_estimated_attributable_power_draw":39.99,"average_gpu_estimated_utilization_absolute":0.145,"per_gpu_average_estimated_utilization_absolute":{"(0, 6475)":{"sm":14.5,"mem":0.0,"enc":0.0,"dec":0.0}},"average_gpu_estimated_utilization_relative":1.0,"per_gpu_performance_state":{"0":"P2"},"per_gpu_power_draw":{"0":39.99},"cpu_count_adjusted_average_load":[0.1459375,0.1553125,0.1571875],"realtime_carbon_intensity":337.461173778,"disk_write_speed":25.3064460809,"process_ids":[6475,6565]}
{"timestamp":1572411792.8822300434,"rapl_power_draw_absolute":87.8229064988,"rapl_estimated_attributable_power_draw":19.7737603146,"cpu_time_seconds":{"6475":{"user":167.0,"system":3.04,"children_user":1.01,"children_system":0.26},"6565":{"user":2.15,"system":5.36,"children_user":0.16,"children_system":3.73}},"average_relative_cpu_utilization":0.2330867239,"absolute_cpu_utilization":0.9987958658,"relative_mem_usage":0.1570489716,"absolute_mem_usage":3787210752.0,"absolute_mem_percent_usage":0.0280328575,"mem_info_per_process":{"6475":{"rss":3663122432,"vms":11438473216,"shared":572059648,"text":2322432,"lib":0,"data":9684078592,"dirty":0,"uss":149819392,"pss":1844545536,"swap":0},"6565":{"rss":3272048640,"vms":11438473216,"shared":180830208,"text":2322432,"lib":0,"data":9684078592,"dirty":0,"uss":108228608,"pss":1684617216,"swap":0}},"nvidia_draw_absolute":40.56,"nvidia_estimated_attributable_power_draw":40.56,"average_gpu_estimated_utilization_absolute":0.14,"per_gpu_average_estimated_utilization_absolute":{"(0, 6475)":{"sm":14,"mem":0,"enc":0,"dec":0}},"average_gpu_estimated_utilization_relative":1.0,"per_gpu_performance_state":{"0":"P2"},"per_gpu_power_draw":{"0":40.56},"cpu_count_adjusted_average_load":[0.146875,0.1553125,0.1571875],"realtime_carbon_intensity":337.461173778,"disk_write_speed":15.822099162,"process_ids":[6475,6565]}
{"timestamp":1572411800.9813489914,"rapl_power_draw_absolute":87.796039431,"rapl_estimated_attributable_power_draw":19.6702097794,"cpu_time_seconds":{"6475":{"user":175.08,"system":3.06,"children_user":1.01,"children_system":0.26},"6565":{"user":2.22,"system":5.63,"children_user":0.16,"children_system":3.94}},"average_relative_cpu_utilization":0.2320037224,"absolute_cpu_utilization":0.9987668477,"relative_mem_usage":0.1570421191,"absolute_mem_usage":3787223040.0,"absolute_mem_percent_usage":0.0280329485,"mem_info_per_process":{"6475":{"rss":3663122432,"vms":11438473216,"shared":572059648,"text":2322432,"lib":0,"data":9684078592,"dirty":0,"uss":149823488,"pss":1844547584,"swap":0},"6565":{"rss":3272048640,"vms":11438473216,"shared":180830208,"text":2322432,"lib":0,"data":9684078592,"dirty":0,"uss":108232704,"pss":1684619264,"swap":0}},"nvidia_draw_absolute":40.17,"nvidia_estimated_attributable_power_draw":40.17,"average_gpu_estimated_utilization_absolute":0.14,"per_gpu_average_estimated_utilization_absolute":{"(0, 6475)":{"sm":14,"mem":0,"enc":0,"dec":0}},"average_gpu_estimated_utilization_relative":1.0,"per_gpu_performance_state":{"0":"P2"},"per_gpu_power_draw":{"0":40.17},"cpu_count_adjusted_average_load":[0.148125,0.1553125,0.1571875],"realtime_carbon_intensity":337.461173778,"disk_write_speed":39.7782857977,"process_ids":[6475,6565]}
{"timestamp":1572411809.0803089142,"rapl_power_draw_absolute":88.1476091269,"rapl_estimated_attributable_power_draw":19.6727241862,"cpu_time_seconds":{"6475":{"user":183.18,"system":3.06,"children_user":1.01,"children_system":0.26},"6565":{"user":2.34,"system":5.94,"children_user":0.16,"children_system":4.13}},"average_relative_cpu_utilization":0.230934489,"absolute_cpu_utilization":0.9987896391,"relative_mem_usage":0.1570389478,"absolute_mem_usage":3787235328.0,"absolute_mem_percent_usage":0.0280330394,"mem_info_per_process":{"6475":{"rss":3663122432,"vms":11438473216,"shared":572059648,"text":2322432,"lib":0,"data":9684078592,"dirty":0,"uss":149827584,"pss":1844549632,"swap":0},"6565":{"rss":3272048640,"vms":11438473216,"shared":180830208,"text":2322432,"lib":0,"data":9684078592,"dirty":0,"uss":108236800,"pss":1684621312,"swap":0}},"nvidia_draw_absolute":40.19,"nvidia_estimated_attributable_power_draw":40.19,"average_gpu_estimated_utilization_absolute":0.14,"per_gpu_average_estimated_utilization_absolute":{"(0, 6475)":{"sm":14,"mem":0,"enc":0,"dec":0}},"average_gpu_estimated_utilization_relative":1.0,"per_gpu_performance_state":{"0":"P2"},"per_gpu_power_draw":{"0":40.19},"cpu_count_adjusted_average_load":[0.146875,0.155,0.156875],"realtime_carbon_intensity":337.461173778,"disk_write_speed":48.5671978179,"process_ids":[6475,6565]}
{"timestamp":1572411817.1728990078,"rapl_power_draw_absolute":88.0240335218,"rapl_estimated_attributable_power_draw":19.835687133,"cpu_time_seconds":{"6475":{"user":191.27,"system":3.07,"children_user":1.01,"children_system":0.26},"6565":{"user":2.46,"system":6.23,"children_user":0.17,"children_system":4.33}},"average_relative_cpu_utilization":0.2337126555,"absolute_cpu_utilization":1.0038042042,"relative_mem_usage":0.1570374331,"absolute_mem_usage":3787259904.0,"absolute_mem_percent_usage":0.0280332213,"mem_info_per_process":{"6475":{"rss":3663122432,"vms":11438473216,"shared":572059648,"text":2322432,"lib":0,"data":9684078592,"dirty":0,"uss":149835776,"pss":1844553728,"swap":0},"6565":{"rss":3272048640,"vms":11438473216,"shared":180830208,"text":2322432,"lib":0,"data":9684078592,"dirty":0,"uss":108244992,"pss":1684625408,"swap":0}},"nvidia_draw_absolute":40.37,"nvidia_estimated_attributable_power_draw":40.37,"average_gpu_estimated_utilization_absolute":0.14,"per_gpu_average_estimated_utilization_absolute":{"(0, 6475)":{"sm":14,"mem":0,"enc":0,"dec":0}},"average_gpu_estimated_utilization_relative":1.0,"per_gpu_performance_state":{"0":"P2"},"per_gpu_power_draw":{"0":40.37},"cpu_count_adjusted_average_load":[0.1478125,0.155,0.156875],"realtime_carbon_intensity":337.461173778,"disk_write_speed":38.8352671629,"process_ids":[6475,6565]}
{"timestamp":1572411825.2608060837,"rapl_power_draw_absolute":88.1197228819,"rapl_estimated_attributable_power_draw":19.7759347646,"cpu_time_seconds":{"6475":{"user":199.34,"system":3.08,"children_user":1.01,"children_system":0.26},"6565":{"user":2.59,"system":6.5,"children_user":0.18,"children_system":4.52}},"average_relative_cpu_utilization":0.2322729548,"absolute_cpu_utilization":0.9987948698,"relative_mem_usage":0.1570380226,"absolute_mem_usage":3787272192.0,"absolute_mem_percent_usage":0.0280333123,"mem_info_per_process":{"6475":{"rss":3663122432,"vms":11438473216,"shared":572059648,"text":2322432,"lib":0,"data":9684078592,"dirty":0,"uss":149839872,"pss":1844555776,"swap":0},"6565":{"rss":3272048640,"vms":11438473216,"shared":180830208,"text":2322432,"lib":0,"data":9684078592,"dirty":0,"uss":108249088,"pss":1684627456,"swap":0}},"nvidia_draw_absolute":40.17,"nvidia_estimated_attributable_power_draw":40.17,"average_gpu_estimated_utilization_absolute":0.14,"per_gpu_average_estimated_utilization_absolute":{"(0, 6475)":{"sm":14,"mem":0,"enc":0,"dec":0}},"average_gpu_estimated_utilization_relative":1.0,"per_gpu_performance_state":{"0":"P2"},"per_gpu_power_draw":{"0":40.17},"cpu_count_adjusted_average_load":[0.1440625,0.1540625,0.1565625],"realtime_carbon_intensity":337.461173778,"disk_write_speed":33.0529449422,"process_ids":[6475,6565]}
{"timestamp":1572411833.3550879955,"rapl_power_draw_absolute":88.0455051263,"rapl_estimated_attributable_power_draw":19.8030370316,"cpu_time_seconds":{"6475":{"user":207.44,"system":3.08,"children_user":1.01,"children_system":0.26},"6565":{"user":2.7,"system":6.77,"children_user":0.19,"children_system":4.71}},"average_relative_cpu_utilization":0.2333593785,"absolute_cpu_utilization":0.9988003979,"relative_mem_usage":0.157039759,"absolute_mem_usage":3787284480.0,"absolute_mem_percent_usage":0.0280334032,"mem_info_per_process":{"6475":{"rss":3663122432,"vms":11438473216,"shared":572059648,"text":2322432,"lib":0,"data":9684078592,"dirty":0,"uss":149843968,"pss":1844557824,"swap":0},"6565":{"rss":3272048640,"vms":11438473216,"shared":180830208,"text":2322432,"lib":0,"data":9684078592,"dirty":0,"uss":108253184,"pss":1684629504,"swap":0}},"nvidia_draw_absolute":40.46,"nvidia_estimated_attributable_power_draw":40.46,"average_gpu_estimated_utilization_absolute":0.145,"per_gpu_average_estimated_utilization_absolute":{"(0, 6475)":{"sm":14.5,"mem":0.0,"enc":0.0,"dec":0.0}},"average_gpu_estimated_utilization_relative":1.0,"per_gpu_performance_state":{"0":"P2"},"per_gpu_power_draw":{"0":40.46},"cpu_count_adjusted_average_load":[0.1434375,0.1534375,0.15625],"realtime_carbon_intensity":337.461173778,"disk_write_speed":43.7662466932,"process_ids":[6475,6565]}
{"timestamp":1572411841.4696269035,"rapl_power_draw_absolute":88.5548553662,"rapl_estimated_attributable_power_draw":19.505752198,"cpu_time_seconds":{"6475":{"user":215.55,"system":3.09,"children_user":1.01,"children_system":0.26},"6565":{"user":2.83,"system":7.06,"children_user":0.2,"children_system":4.89}},"average_relative_cpu_utilization":0.2277768384,"absolute_cpu_utilization":0.9987613015,"relative_mem_usage":0.1570443494,"absolute_mem_usage":3787296768.0,"absolute_mem_percent_usage":0.0280334942,"mem_info_per_process":{"6475":{"rss":3663122432,"vms":11438473216,"shared":572059648,"text":2322432,"lib":0,"data":9684078592,"dirty":0,"uss":149848064,"pss":1844559872,"swap":0},"6565":{"rss":3272048640,"vms":11438473216,"shared":180830208,"text":2322432,"lib":0,"data":9684078592,"dirty":0,"uss":108257280,"pss":1684631552,"swap":0}},"nvidia_draw_absolute":39.71,"nvidia_estimated_attributable_power_draw":39.71,"average_gpu_estimated_utilization_absolute":0.14,"per_gpu_average_estimated_utilization_absolute":{"(0, 6475)":{"sm":14,"mem":0,"enc":0,"dec":0}},"average_gpu_estimated_utilization_relative":1.0,"per_gpu_performance_state":{"0":"P2"},"per_gpu_power_draw":{"0":39.71},"cpu_count_adjusted_average_load":[0.1471875,0.1540625,0.1565625],"realtime_carbon_intensity":337.461173778,"disk_write_speed":30.8081333747,"process_ids":[6475,6565]}
{"timestamp":1572411849.5888850689,"rapl_power_draw_absolute":88.471511175,"rapl_estimated_attributable_power_draw":19.8729132827,"cpu_time_seconds":{"6475":{"user":223.66,"system":3.1,"children_user":1.01,"children_system":0.26},"6565":{"user":2.92,"system":7.36,"children_user":0.21,"children_system":5.08}},"average_relative_cpu_utilization":0.2325434686,"absolute_cpu_utilization":0.9987963043,"relative_mem_usage":0.157046326,"absolute_mem_usage":3787309056.0,"absolute_mem_percent_usage":0.0280335851,"mem_info_per_process":{"6475":{"rss":3663122432,"vms":11438473216,"shared":572059648,"text":2322432,"lib":0,"data":9684078592,"dirty":0,"uss":149852160,"pss":1844561920,"swap":0},"6565":{"rss":3272048640,"vms":11438473216,"shared":180830208,"text":2322432,"lib":0,"data":9684078592,"dirty":0,"uss":108261376,"pss":1684633600,"swap":0}},"nvidia_draw_absolute":39.98,"nvidia_estimated_attributable_power_draw":39.98,"average_gpu_estimated_utilization_absolute":0.14,"per_gpu_average_estimated_utilization_absolute":{"(0, 6475)":{"sm":14,"mem":0,"enc":0,"dec":0}},"average_gpu_estimated_utilization_relative":1.0,"per_gpu_performance_state":{"0":"P2"},"per_gpu_power_draw":{"0":39.98},"cpu_count_adjusted_average_load":[0.14375,0.153125,0.15625],"realtime_carbon_intensity":337.461173778,"disk_write_speed":32.9012902096,"process_ids":[6475,6565]}
{"timestamp":1572411857.7069299221,"rapl_power_draw_absolute":88.1436873408,"rapl_estimated_attributable_power_draw":19.6963240258,"cpu_time_seconds":{"6475":{"user":231.78,"system":3.1,"children_user":1.01,"children_system":0.26},"6565":{"user":3.02,"system":7.64,"children_user":0.22,"children_system":5.27}},"average_relative_cpu_utilization":0.2311998185,"absolute_cpu_utilization":0.9987921885,"relative_mem_usage":0.1569875453,"absolute_mem_usage":3787242496.0,"absolute_mem_percent_usage":0.0280330925,"mem_info_per_process":{"6475":{"rss":3663122432,"vms":11438473216,"shared":572059648,"text":2322432,"lib":0,"data":9684078592,"dirty":0,"uss":149860352,"pss":1844566016,"swap":0},"6565":{"rss":3272048640,"vms":11438473216,"shared":180830208,"text":2322432,"lib":0,"data":9684078592,"dirty":0,"uss":108269568,"pss":1684546560,"swap":0}},"nvidia_draw_absolute":40.17,"nvidia_estimated_attributable_power_draw":40.17,"average_gpu_estimated_utilization_absolute":0.145,"per_gpu_average_estimated_utilization_absolute":{"(0, 6475)":{"sm":14.5,"mem":0.0,"enc":0.0,"dec":0.0}},"average_gpu_estimated_utilization_relative":1.0,"per_gpu_performance_state":{"0":"P2"},"per_gpu_power_draw":{"0":40.17},"cpu_count_adjusted_average_load":[0.1446875,0.153125,0.15625],"realtime_carbon_intensity":337.461173778,"disk_write_speed":33.6795782222,"process_ids":[6475,6565]}
{"timestamp":1572411865.8908829689,"rapl_power_draw_absolute":88.310661207,"rapl_estimated_attributable_power_draw":19.8794803178,"cpu_time_seconds":{"6475":{"user":239.96,"system":3.11,"children_user":1.01,"children_system":0.26},"6565":{"user":3.14,"system":7.94,"children_user":0.23,"children_system":5.46}},"average_relative_cpu_utilization":0.2330817348,"absolute_cpu_utilization":0.9987740905,"relative_mem_usage":0.1570520159,"absolute_mem_usage":3787345920.0,"absolute_mem_percent_usage":0.028033858,"mem_info_per_process":{"6475":{"rss":3663122432,"vms":11438473216,"shared":572059648,"text":2322432,"lib":0,"data":9684078592,"dirty":0,"uss":149864448,"pss":1844568064,"swap":0},"6565":{"rss":3272048640,"vms":11438473216,"shared":180830208,"text":2322432,"lib":0,"data":9684078592,"dirty":0,"uss":108273664,"pss":1684639744,"swap":0}},"nvidia_draw_absolute":40.36,"nvidia_estimated_attributable_power_draw":40.36,"average_gpu_estimated_utilization_absolute":0.14,"per_gpu_average_estimated_utilization_absolute":{"(0, 6475)":{"sm":14,"mem":0,"enc":0,"dec":0}},"average_gpu_estimated_utilization_relative":1.0,"per_gpu_performance_state":{"0":"P2"},"per_gpu_power_draw":{"0":40.36},"cpu_count_adjusted_average_load":[0.1465625,0.153125,0.15625],"realtime_carbon_intensity":337.461173778,"disk_write_speed":33.2605496097,"process_ids":[6475,6565]}
{"timestamp":1572411874.0512781143,"rapl_power_draw_absolute":88.4229158797,"rapl_estimated_attributable_power_draw":19.6137848822,"cpu_time_seconds":{"6475":{"user":248.1,"system":3.12,"children_user":1.01,"children_system":0.26},"6565":{"user":3.26,"system":8.23,"children_user":0.23,"children_system":5.66}},"average_relative_cpu_utilization":0.2293417716,"absolute_cpu_utilization":0.99878507,"relative_mem_usage":0.1570637593,"absolute_mem_usage":3787370496.0,"absolute_mem_percent_usage":0.0280340399,"mem_info_per_process":{"6475":{"rss":3663122432,"vms":11438473216,"shared":572059648,"text":2322432,"lib":0,"data":9684078592,"dirty":0,"uss":149872640,"pss":1844572160,"swap":0},"6565":{"rss":3272048640,"vms":11438473216,"shared":180830208,"text":2322432,"lib":0,"data":9684078592,"dirty":0,"uss":108281856,"pss":1684643840,"swap":0}},"nvidia_draw_absolute":40.09,"nvidia_estimated_attributable_power_draw":40.09,"average_gpu_estimated_utilization_absolute":0.145,"per_gpu_average_estimated_utilization_absolute":{"(0, 6475)":{"sm":14.5,"mem":0.0,"enc":0.0,"dec":0.0}},"average_gpu_estimated_utilization_relative":1.0,"per_gpu_performance_state":{"0":"P2"},"per_gpu_power_draw":{"0":40.09},"cpu_count_adjusted_average_load":[0.145625,0.1528125,0.1559375],"realtime_carbon_intensity":337.461173778,"disk_write_speed":32.7307266817,"process_ids":[6475,6565]}
{"timestamp":1572411882.1921830177,"rapl_power_draw_absolute":88.1219072862,"rapl_estimated_attributable_power_draw":20.269811533,"cpu_time_seconds":{"6475":{"user":256.24,"system":3.14,"children_user":1.01,"children_system":0.26},"6565":{"user":3.36,"system":8.54,"children_user":0.24,"children_system":5.86}},"average_relative_cpu_utilization":0.2353542019,"absolute_cpu_utilization":1.0037596101,"relative_mem_usage":0.184989901,"absolute_mem_usage":3861760000.0,"absolute_mem_percent_usage":0.0285846695,"mem_info_per_process":{"6475":{"rss":3663122432,"vms":11438473216,"shared":572059648,"text":2322432,"lib":0,"data":9684078592,"dirty":0,"uss":161030144,"pss":1906455552,"swap":0},"6565":{"rss":3272048640,"vms":11438473216,"shared":180830208,"text":2322432,"lib":0,"data":9684078592,"dirty":0,"uss":108326912,"pss":1685947392,"swap":0}},"nvidia_draw_absolute":40.17,"nvidia_estimated_attributable_power_draw":40.17,"average_gpu_estimated_utilization_absolute":0.14,"per_gpu_average_estimated_utilization_absolute":{"(0, 6475)":{"sm":14,"mem":0,"enc":0,"dec":0}},"average_gpu_estimated_utilization_relative":1.0,"per_gpu_performance_state":{"0":"P2"},"per_gpu_power_draw":{"0":40.17},"cpu_count_adjusted_average_load":[0.14625,0.1528125,0.1559375],"realtime_carbon_intensity":337.461173778,"disk_write_speed":39.259422889,"process_ids":[6475,6565]}
{"timestamp":1572411890.3368029594,"rapl_power_draw_absolute":82.4605599869,"rapl_estimated_attributable_power_draw":22.3489245445,"cpu_time_seconds":{"6475":{"user":264.38,"system":3.14,"children_user":1.01,"children_system":0.26},"6565":{"user":3.47,"system":8.82,"children_user":0.24,"children_system":6.06}},"average_relative_cpu_utilization":0.2816794755,"absolute_cpu_utilization":0.9987834367,"relative_mem_usage":0.1866019709,"absolute_mem_usage":3861752832.0,"absolute_mem_percent_usage":0.0285846165,"mem_info_per_process":{"6475":{"rss":3663122432,"vms":11438473216,"shared":572059648,"text":2322432,"lib":0,"data":9684078592,"dirty":0,"uss":161030144,"pss":1906451456,"swap":0},"6565":{"rss":3272048640,"vms":11438473216,"shared":180830208,"text":2322432,"lib":0,"data":9684078592,"dirty":0,"uss":108326912,"pss":1685944320,"swap":0}},"nvidia_draw_absolute":39.71,"nvidia_estimated_attributable_power_draw":39.71,"average_gpu_estimated_utilization_absolute":0.14,"per_gpu_average_estimated_utilization_absolute":{"(0, 6475)":{"sm":14,"mem":0,"enc":0,"dec":0}},"average_gpu_estimated_utilization_relative":1.0,"per_gpu_performance_state":{"0":"P2"},"per_gpu_power_draw":{"0":39.71},"cpu_count_adjusted_average_load":[0.140625,0.1515625,0.155625],"realtime_carbon_intensity":337.461173778,"disk_write_speed":44.3339890828,"process_ids":[6475,6565]}
{"timestamp":1572411900.0008590221,"rapl_power_draw_absolute":86.8703484424,"rapl_estimated_attributable_power_draw":20.9163100773,"cpu_time_seconds":{"6475":{"user":274.04,"system":3.14,"children_user":1.01,"children_system":0.26},"6565":{"user":3.63,"system":9.08,"children_user":0.25,"children_system":6.25}},"average_relative_cpu_utilization":0.2415372717,"absolute_cpu_utilization":0.998781259,"relative_mem_usage":0.2350509184,"absolute_mem_usage":4227087360.0,"absolute_mem_percent_usage":0.0312888153,"mem_info_per_process":{"6475":{"rss":3663122432,"vms":11438473216,"shared":572059648,"text":2322432,"lib":0,"data":9684078592,"dirty":0,"uss":401760256,"pss":2028681216,"swap":0},"6565":{"rss":3272048640,"vms":11438473216,"shared":180830208,"text":2322432,"lib":0,"data":9684078592,"dirty":0,"uss":109232128,"pss":1687413760,"swap":0}},"nvidia_draw_absolute":40.09,"nvidia_estimated_attributable_power_draw":40.09,"average_gpu_estimated_utilization_absolute":0.14,"per_gpu_average_estimated_utilization_absolute":{"(0, 6475)":{"sm":14,"mem":0,"enc":0,"dec":0}},"average_gpu_estimated_utilization_relative":1.0,"per_gpu_performance_state":{"0":"P2"},"per_gpu_power_draw":{"0":40.09},"cpu_count_adjusted_average_load":[0.1403125,0.1509375,0.1553125],"realtime_carbon_intensity":337.461173778,"disk_write_speed":31.5329788574,"process_ids":[6475,6565]}
{"timestamp":1572411909.574819088,"rapl_power_draw_absolute":87.7607748046,"rapl_estimated_attributable_power_draw":21.5099259863,"cpu_time_seconds":{"6475":{"user":283.62,"system":3.14,"children_user":1.01,"children_system":0.26},"6565":{"user":3.73,"system":9.35,"children_user":0.26,"children_system":6.46}},"average_relative_cpu_utilization":0.2550594694,"absolute_cpu_utilization":1.0030822379,"relative_mem_usage":0.1715119816,"absolute_mem_usage":3822804992.0,"absolute_mem_percent_usage":0.0282963253,"mem_info_per_process":{"6475":{"rss":3663122432,"vms":11438473216,"shared":572059648,"text":2322432,"lib":0,"data":9684078592,"dirty":0,"uss":154058752,"pss":1873150976,"swap":0},"6565":{"rss":3272052736,"vms":11438473216,"shared":180830208,"text":2322432,"lib":0,"data":9684078592,"dirty":0,"uss":109240320,"pss":1686354944,"swap":0}},"nvidia_draw_absolute":40.23,"nvidia_estimated_attributable_power_draw":40.23,"average_gpu_estimated_utilization_absolute":0.14,"per_gpu_average_estimated_utilization_absolute":{"(0, 6475)":{"sm":14,"mem":0,"enc":0,"dec":0}},"average_gpu_estimated_utilization_relative":1.0,"per_gpu_performance_state":{"0":"P2"},"per_gpu_power_draw":{"0":40.23},"cpu_count_adjusted_average_load":[0.1428125,0.15125,0.1553125],"realtime_carbon_intensity":337.461173778,"disk_write_speed":38.5345262797,"process_ids":[6475,6565]}
{"timestamp":1572411917.7031850815,"rapl_power_draw_absolute":89.4956629306,"rapl_estimated_attributable_power_draw":19.3134295556,"cpu_time_seconds":{"6475":{"user":291.74,"system":3.15,"children_user":1.01,"children_system":0.26},"6565":{"user":3.84,"system":9.66,"children_user":0.26,"children_system":6.66}},"average_relative_cpu_utilization":0.2225826547,"absolute_cpu_utilization":1.003787776,"relative_mem_usage":0.1573694242,"absolute_mem_usage":3781382144.0,"absolute_mem_percent_usage":0.0279897143,"mem_info_per_process":{"6475":{"rss":3663122432,"vms":11438473216,"shared":572059648,"text":2322432,"lib":0,"data":9684078592,"dirty":0,"uss":145031168,"pss":1843098624,"swap":0},"6565":{"rss":3272052736,"vms":11438473216,"shared":180830208,"text":2322432,"lib":0,"data":9684078592,"dirty":0,"uss":108347392,"pss":1684904960,"swap":0}},"nvidia_draw_absolute":39.98,"nvidia_estimated_attributable_power_draw":39.98,"average_gpu_estimated_utilization_absolute":0.14,"per_gpu_average_estimated_utilization_absolute":{"(0, 6475)":{"sm":14,"mem":0,"enc":0,"dec":0}},"average_gpu_estimated_utilization_relative":1.0,"per_gpu_performance_state":{"0":"P2"},"per_gpu_power_draw":{"0":39.98},"cpu_count_adjusted_average_load":[0.1465625,0.151875,0.155625],"realtime_carbon_intensity":337.461173778,"disk_write_speed":31.7020944711,"process_ids":[6475,6565]}
{"timestamp":1572411925.8064239025,"rapl_power_draw_absolute":89.4214478635,"rapl_estimated_attributable_power_draw":19.2179583983,"cpu_time_seconds":{"6475":{"user":299.83,"system":3.16,"children_user":1.01,"children_system":0.26},"6565":{"user":3.96,"system":9.92,"children_user":0.27,"children_system":6.87}},"average_relative_cpu_utilization":0.2217186195,"absolute_cpu_utilization":0.9987635813,"relative_mem_usage":0.1572842734,"absolute_mem_usage":3780890624.0,"absolute_mem_percent_usage":0.027986076,"mem_info_per_process":{"6475":{"rss":3663122432,"vms":11438473216,"shared":572059648,"text":2322432,"lib":0,"data":9684078592,"dirty":0,"uss":145039360,"pss":1842964480,"swap":0},"6565":{"rss":3272052736,"vms":11438473216,"shared":180830208,"text":2322432,"lib":0,"data":9684078592,"dirty":0,"uss":108298240,"pss":1684588544,"swap":0}},"nvidia_draw_absolute":40.07,"nvidia_estimated_attributable_power_draw":40.07,"average_gpu_estimated_utilization_absolute":0.14,"per_gpu_average_estimated_utilization_absolute":{"(0, 6475)":{"sm":14,"mem":0,"enc":0,"dec":0}},"average_gpu_estimated_utilization_relative":1.0,"per_gpu_performance_state":{"0":"P2"},"per_gpu_power_draw":{"0":40.07},"cpu_count_adjusted_average_load":[0.1525,0.153125,0.1559375],"realtime_carbon_intensity":337.461173778,"disk_write_speed":23.1266862561,"process_ids":[6475,6565]}
{"timestamp":1572411933.9265139103,"rapl_power_draw_absolute":89.5850713277,"rapl_estimated_attributable_power_draw":19.382511015,"cpu_time_seconds":{"6475":{"user":307.95,"system":3.16,"children_user":1.01,"children_system":0.26},"6565":{"user":4.07,"system":10.17,"children_user":0.27,"children_system":7.08}},"average_relative_cpu_utilization":0.2232037731,"absolute_cpu_utilization":0.99875975,"relative_mem_usage":0.1572887243,"absolute_mem_usage":3780902912.0,"absolute_mem_percent_usage":0.027986167,"mem_info_per_process":{"6475":{"rss":3663122432,"vms":11438473216,"shared":572059648,"text":2322432,"lib":0,"data":9684078592,"dirty":0,"uss":145043456,"pss":1842966528,"swap":0},"6565":{"rss":3272052736,"vms":11438473216,"shared":180830208,"text":2322432,"lib":0,"data":9684078592,"dirty":0,"uss":108302336,"pss":1684590592,"swap":0}},"nvidia_draw_absolute":39.98,"nvidia_estimated_attributable_power_draw":39.98,"average_gpu_estimated_utilization_absolute":0.14,"per_gpu_average_estimated_utilization_absolute":{"(0, 6475)":{"sm":14,"mem":0,"enc":0,"dec":0}},"average_gpu_estimated_utilization_relative":1.0,"per_gpu_performance_state":{"0":"P2"},"per_gpu_power_draw":{"0":39.98},"cpu_count_adjusted_average_load":[0.150625,0.1525,0.155625],"realtime_carbon_intensity":337.461173778,"disk_write_speed":46.3980304059,"process_ids":[6475,6565]}
{"timestamp":1572411942.0887410641,"rapl_power_draw_absolute":89.2913226666,"rapl_estimated_attributable_power_draw":19.4610487586,"cpu_time_seconds":{"6475":{"user":316.12,"system":3.16,"children_user":1.01,"children_system":0.26},"6565":{"user":4.2,"system":10.47,"children_user":0.28,"children_system":7.29}},"average_relative_cpu_utilization":0.2250746501,"absolute_cpu_utilization":1.0037669619,"relative_mem_usage":0.1572894479,"absolute_mem_usage":3780902912.0,"absolute_mem_percent_usage":0.027986167,"mem_info_per_process":{"6475":{"rss":3663122432,"vms":11438473216,"shared":572059648,"text":2322432,"lib":0,"data":9684078592,"dirty":0,"uss":145043456,"pss":1842966528,"swap":0},"6565":{"rss":3272052736,"vms":11438473216,"shared":180830208,"text":2322432,"lib":0,"data":9684078592,"dirty":0,"uss":108302336,"pss":1684590592,"swap":0}},"nvidia_draw_absolute":39.89,"nvidia_estimated_attributable_power_draw":39.89,"average_gpu_estimated_utilization_absolute":0.14,"per_gpu_average_estimated_utilization_absolute":{"(0, 6475)":{"sm":14,"mem":0,"enc":0,"dec":0}},"average_gpu_estimated_utilization_relative":1.0,"per_gpu_performance_state":{"0":"P2"},"per_gpu_power_draw":{"0":39.89},"cpu_count_adjusted_average_load":[0.15625,0.15375,0.15625],"realtime_carbon_intensity":337.461173778,"disk_write_speed":37.1903657212,"process_ids":[6475,6565]}
{"timestamp":1572411950.2106211185,"rapl_power_draw_absolute":89.2618531052,"rapl_estimated_attributable_power_draw":19.3520279939,"cpu_time_seconds":{"6475":{"user":324.24,"system":3.16,"children_user":1.01,"children_system":0.26},"6565":{"user":4.32,"system":10.76,"children_user":0.29,"children_system":7.49}},"average_relative_cpu_utilization":0.223953212,"absolute_cpu_utilization":0.9987674906,"relative_mem_usage":0.157281115,"absolute_mem_usage":3780915200.0,"absolute_mem_percent_usage":0.027986258,"mem_info_per_process":{"6475":{"rss":3663122432,"vms":11438473216,"shared":572059648,"text":2322432,"lib":0,"data":9684078592,"dirty":0,"uss":145047552,"pss":1842968576,"swap":0},"6565":{"rss":3272052736,"vms":11438473216,"shared":180830208,"text":2322432,"lib":0,"data":9684078592,"dirty":0,"uss":108306432,"pss":1684592640,"swap":0}},"nvidia_draw_absolute":40.26,"nvidia_estimated_attributable_power_draw":40.26,"average_gpu_estimated_utilization_absolute":0.14,"per_gpu_average_estimated_utilization_absolute":{"(0, 6475)":{"sm":14,"mem":0,"enc":0,"dec":0}},"average_gpu_estimated_utilization_relative":1.0,"per_gpu_performance_state":{"0":"P2"},"per_gpu_power_draw":{"0":40.26},"cpu_count_adjusted_average_load":[0.15875,0.154375,0.15625],"realtime_carbon_intensity":337.461173778,"disk_write_speed":38.6833147941,"process_ids":[6475,6565]}
{"timestamp":1572411958.391906023,"rapl_power_draw_absolute":89.5084554459,"rapl_estimated_attributable_power_draw":19.3504014218,"cpu_time_seconds":{"6475":{"user":332.42,"system":3.17,"children_user":1.01,"children_system":0.26},"6565":{"user":4.48,"system":11.02,"children_user":0.3,"children_system":7.68}},"average_relative_cpu_utilization":0.2232052695,"absolute_cpu_utilization":0.9987837043,"relative_mem_usage":0.1572759738,"absolute_mem_usage":3780939776.0,"absolute_mem_percent_usage":0.0279864399,"mem_info_per_process":{"6475":{"rss":3663122432,"vms":11438473216,"shared":572059648,"text":2322432,"lib":0,"data":9684078592,"dirty":0,"uss":145055744,"pss":1842972672,"swap":0},"6565":{"rss":3272052736,"vms":11438473216,"shared":180830208,"text":2322432,"lib":0,"data":9684078592,"dirty":0,"uss":108314624,"pss":1684596736,"swap":0}},"nvidia_draw_absolute":39.78,"nvidia_estimated_attributable_power_draw":39.78,"average_gpu_estimated_utilization_absolute":0.14,"per_gpu_average_estimated_utilization_absolute":{"(0, 6475)":{"sm":14,"mem":0,"enc":0,"dec":0}},"average_gpu_estimated_utilization_relative":1.0,"per_gpu_performance_state":{"0":"P2"},"per_gpu_power_draw":{"0":39.78},"cpu_count_adjusted_average_load":[0.1584375,0.154375,0.15625],"realtime_carbon_intensity":337.461173778,"disk_write_speed":23.2325076439,"process_ids":[6475,6565]}
{"timestamp":1572411966.498071909,"rapl_power_draw_absolute":89.6595816345,"rapl_estimated_attributable_power_draw":19.4431995228,"cpu_time_seconds":{"6475":{"user":340.52,"system":3.18,"children_user":1.01,"children_system":0.26},"6565":{"user":4.57,"system":11.28,"children_user":0.31,"children_system":7.89}},"average_relative_cpu_utilization":0.2237053005,"absolute_cpu_utilization":0.9987820691,"relative_mem_usage":0.1572476834,"absolute_mem_usage":3780952064.0,"absolute_mem_percent_usage":0.0279865308,"mem_info_per_process":{"6475":{"rss":3663122432,"vms":11438473216,"shared":572059648,"text":2322432,"lib":0,"data":9684078592,"dirty":0,"uss":145059840,"pss":1842974720,"swap":0},"6565":{"rss":3272052736,"vms":11438473216,"shared":180830208,"text":2322432,"lib":0,"data":9684078592,"dirty":0,"uss":108318720,"pss":1684598784,"swap":0}},"nvidia_draw_absolute":39.98,"nvidia_estimated_attributable_power_draw":39.98,"average_gpu_estimated_utilization_absolute":0.14,"per_gpu_average_estimated_utilization_absolute":{"(0, 6475)":{"sm":14,"mem":0,"enc":0,"dec":0}},"average_gpu_estimated_utilization_relative":1.0,"per_gpu_performance_state":{"0":"P2"},"per_gpu_power_draw":{"0":39.98},"cpu_count_adjusted_average_load":[0.160625,0.155,0.1565625],"realtime_carbon_intensity":337.461173778,"disk_write_speed":27.9423871603,"process_ids":[6475,6565]}
{"timestamp":1572411974.5890109539,"rapl_power_draw_absolute":89.4377006243,"rapl_estimated_attributable_power_draw":19.1742218668,"cpu_time_seconds":{"6475":{"user":348.6,"system":3.18,"children_user":1.01,"children_system":0.26},"6565":{"user":4.65,"system":11.56,"children_user":0.31,"children_system":8.1}},"average_relative_cpu_utilization":0.2212288893,"absolute_cpu_utilization":0.9987724721,"relative_mem_usage":0.1572579835,"absolute_mem_usage":3780963328.0,"absolute_mem_percent_usage":0.0279866142,"mem_info_per_process":{"6475":{"rss":3663122432,"vms":11438473216,"shared":572059648,"text":2322432,"lib":0,"data":9684078592,"dirty":0,"uss":145063936,"pss":1842976768,"swap":0},"6565":{"rss":3272052736,"vms":11438473216,"shared":180830208,"text":2322432,"lib":0,"data":9684078592,"dirty":0,"uss":108322816,"pss":1684599808,"swap":0}},"nvidia_draw_absolute":40.24,"nvidia_estimated_attributable_power_draw":40.24,"average_gpu_estimated_utilization_absolute":0.14,"per_gpu_average_estimated_utilization_absolute":{"(0, 6475)":{"sm":14,"mem":0,"enc":0,"dec":0}},"average_gpu_estimated_utilization_relative":1.0,"per_gpu_performance_state":{"0":"P2"},"per_gpu_power_draw":{"0":40.24},"cpu_count_adjusted_average_load":[0.1575,0.154375,0.15625],"realtime_carbon_intensity":337.461173778,"disk_write_speed":49.9508763122,"process_ids":[6475,6565]}
{"timestamp":1572411982.6914930344,"rapl_power_draw_absolute":89.2731886437,"rapl_estimated_attributable_power_draw":19.3771123449,"cpu_time_seconds":{"6475":{"user":356.7,"system":3.19,"children_user":1.01,"children_system":0.26},"6565":{"user":4.83,"system":11.81,"children_user":0.33,"children_system":8.29}},"average_relative_cpu_utilization":0.2242046774,"absolute_cpu_utilization":0.9987805696,"relative_mem_usage":0.1572642458,"absolute_mem_usage":3780988928.0,"absolute_mem_percent_usage":0.0279868037,"mem_info_per_process":{"6475":{"rss":3663122432,"vms":11438473216,"shared":572059648,"text":2322432,"lib":0,"data":9684078592,"dirty":0,"uss":145072128,"pss":1842980864,"swap":0},"6565":{"rss":3272052736,"vms":11438473216,"shared":180830208,"text":2322432,"lib":0,"data":9684078592,"dirty":0,"uss":108331008,"pss":1684604928,"swap":0}},"nvidia_draw_absolute":39.78,"nvidia_estimated_attributable_power_draw":39.78,"average_gpu_estimated_utilization_absolute":0.14,"per_gpu_average_estimated_utilization_absolute":{"(0, 6475)":{"sm":14,"mem":0,"enc":0,"dec":0}},"average_gpu_estimated_utilization_relative":1.0,"per_gpu_performance_state":{"0":"P2"},"per_gpu_power_draw":{"0":39.78},"cpu_count_adjusted_average_load":[0.1625,0.155625,0.1565625],"realtime_carbon_intensity":337.461173778,"disk_write_speed":49.0132847458,"process_ids":[6475,6565]}
{"timestamp":1572411990.8085229397,"rapl_power_draw_absolute":89.3444475939,"rapl_estimated_attributable_power_draw":19.2968521664,"cpu_time_seconds":{"6475":{"user":364.81,"system":3.2,"children_user":1.01,"children_system":0.26},"6565":{"user":4.95,"system":12.13,"children_user":0.33,"children_system":8.5}},"average_relative_cpu_utilization":0.2229524372,"absolute_cpu_utilization":0.9989127616,"relative_mem_usage":0.1572525088,"absolute_mem_usage":3780999168.0,"absolute_mem_percent_usage":0.0279868795,"mem_info_per_process":{"6475":{"rss":3663122432,"vms":11438473216,"shared":572059648,"text":2322432,"lib":0,"data":9684078592,"dirty":0,"uss":145076224,"pss":1842981888,"swap":0},"6565":{"rss":3272052736,"vms":11438473216,"shared":180830208,"text":2322432,"lib":0,"data":9684078592,"dirty":0,"uss":108335104,"pss":1684605952,"swap":0}},"nvidia_draw_absolute":39.5,"nvidia_estimated_attributable_power_draw":39.5,"average_gpu_estimated_utilization_absolute":0.14,"per_gpu_average_estimated_utilization_absolute":{"(0, 6475)":{"sm":14,"mem":0,"enc":0,"dec":0}},"average_gpu_estimated_utilization_relative":1.0,"per_gpu_performance_state":{"0":"P2"},"per_gpu_power_draw":{"0":39.5},"cpu_count_adjusted_average_load":[0.178125,0.1590625,0.1578125],"realtime_carbon_intensity":337.461173778,"disk_write_speed":44.6544173943,"process_ids":[6475,6565]}
{"timestamp":1572411998.9594728947,"rapl_power_draw_absolute":89.5394785163,"rapl_estimated_attributable_power_draw":19.4021092036,"cpu_time_seconds":{"6475":{"user":372.95,"system":3.21,"children_user":1.01,"children_system":0.26},"6565":{"user":5.1,"system":12.42,"children_user":0.35,"children_system":8.68}},"average_relative_cpu_utilization":0.223703578,"absolute_cpu_utilization":0.9987836931,"relative_mem_usage":0.1572822296,"absolute_mem_usage":3781013504.0,"absolute_mem_percent_usage":0.0279869856,"mem_info_per_process":{"6475":{"rss":3663122432,"vms":11438473216,"shared":572059648,"text":2322432,"lib":0,"data":9684078592,"dirty":0,"uss":145080320,"pss":1842984960,"swap":0},"6565":{"rss":3272052736,"vms":11438473216,"shared":180830208,"text":2322432,"lib":0,"data":9684078592,"dirty":0,"uss":108339200,"pss":1684609024,"swap":0}},"nvidia_draw_absolute":39.59,"nvidia_estimated_attributable_power_draw":39.59,"average_gpu_estimated_utilization_absolute":0.14,"per_gpu_average_estimated_utilization_absolute":{"(0, 6475)":{"sm":14,"mem":0,"enc":0,"dec":0}},"average_gpu_estimated_utilization_relative":1.0,"per_gpu_performance_state":{"0":"P2"},"per_gpu_power_draw":{"0":39.59},"cpu_count_adjusted_average_load":[0.179375,0.16,0.158125],"realtime_carbon_intensity":337.461173778,"disk_write_speed":44.9060171061,"process_ids":[6475,6565]}
{"timestamp":1572412007.1020278931,"rapl_power_draw_absolute":89.6073730024,"rapl_estimated_attributable_power_draw":19.3284640043,"cpu_time_seconds":{"6475":{"user":381.09,"system":3.21,"children_user":1.01,"children_system":0.26},"6565":{"user":5.24,"system":12.73,"children_user":0.36,"children_system":8.88}},"average_relative_cpu_utilization":0.2224606872,"absolute_cpu_utilization":0.9987885112,"relative_mem_usage":0.1572755055,"absolute_mem_usage":3781025792.0,"absolute_mem_percent_usage":0.0279870766,"mem_info_per_process":{"6475":{"rss":3663122432,"vms":11438473216,"shared":572059648,"text":2322432,"lib":0,"data":9684078592,"dirty":0,"uss":145084416,"pss":1842987008,"swap":0},"6565":{"rss":3272052736,"vms":11438473216,"shared":180830208,"text":2322432,"lib":0,"data":9684078592,"dirty":0,"uss":108343296,"pss":1684611072,"swap":0}},"nvidia_draw_absolute":39.49,"nvidia_estimated_attributable_power_draw":39.49,"average_gpu_estimated_utilization_absolute":0.14,"per_gpu_average_estimated_utilization_absolute":{"(0, 6475)":{"sm":14,"mem":0,"enc":0,"dec":0}},"average_gpu_estimated_utilization_relative":1.0,"per_gpu_performance_state":{"0":"P2"},"per_gpu_power_draw":{"0":39.49},"cpu_count_adjusted_average_load":[0.1775,0.16,0.158125],"realtime_carbon_intensity":337.461173778,"disk_write_speed":35.9363378671,"process_ids":[6475,6565]}
{"timestamp":1572412015.2345581055,"rapl_power_draw_absolute":89.5101127352,"rapl_estimated_attributable_power_draw":19.3285560286,"cpu_time_seconds":{"6475":{"user":389.22,"system":3.22,"children_user":1.01,"children_system":0.26},"6565":{"user":5.36,"system":13.0,"children_user":0.37,"children_system":9.08}},"average_relative_cpu_utilization":0.2229524238,"absolute_cpu_utilization":0.9987415305,"relative_mem_usage":0.1572719953,"absolute_mem_usage":3781025792.0,"absolute_mem_percent_usage":0.0279870766,"mem_info_per_process":{"6475":{"rss":3663122432,"vms":11438473216,"shared":572059648,"text":2322432,"lib":0,"data":9684078592,"dirty":0,"uss":145084416,"pss":1842987008,"swap":0},"6565":{"rss":3272052736,"vms":11438473216,"shared":180830208,"text":2322432,"lib":0,"data":9684078592,"dirty":0,"uss":108343296,"pss":1684611072,"swap":0}},"nvidia_draw_absolute":40.06,"nvidia_estimated_attributable_power_draw":40.06,"average_gpu_estimated_utilization_absolute":0.14,"per_gpu_average_estimated_utilization_absolute":{"(0, 6475)":{"sm":14,"mem":0,"enc":0,"dec":0}},"average_gpu_estimated_utilization_relative":1.0,"per_gpu_performance_state":{"0":"P2"},"per_gpu_power_draw":{"0":40.06},"cpu_count_adjusted_average_load":[0.1865625,0.1625,0.1590625],"realtime_carbon_intensity":337.461173778,"disk_write_speed":41.4221661234,"process_ids":[6475,6565]}
{"timestamp":1572412023.378123045,"rapl_power_draw_absolute":89.149968838,"rapl_estimated_attributable_power_draw":19.67568319,"cpu_time_seconds":{"6475":{"user":397.36,"system":3.23,"children_user":1.01,"children_system":0.26},"6565":{"user":5.5,"system":13.31,"children_user":0.37,"children_system":9.29}},"average_relative_cpu_utilization":0.2281396269,"absolute_cpu_utilization":1.0037803193,"relative_mem_usage":0.1572624053,"absolute_mem_usage":3781038080.0,"absolute_mem_percent_usage":0.0279871675,"mem_info_per_process":{"6475":{"rss":3663122432,"vms":11438473216,"shared":572059648,"text":2322432,"lib":0,"data":9684078592,"dirty":0,"uss":145088512,"pss":1842989056,"swap":0},"6565":{"rss":3272052736,"vms":11438473216,"shared":180830208,"text":2322432,"lib":0,"data":9684078592,"dirty":0,"uss":108347392,"pss":1684613120,"swap":0}},"nvidia_draw_absolute":39.87,"nvidia_estimated_attributable_power_draw":39.87,"average_gpu_estimated_utilization_absolute":0.135,"per_gpu_average_estimated_utilization_absolute":{"(0, 6475)":{"sm":13.5,"mem":0.0,"enc":0.0,"dec":0.0}},"average_gpu_estimated_utilization_relative":1.0,"per_gpu_performance_state":{"0":"P2"},"per_gpu_power_draw":{"0":39.87},"cpu_count_adjusted_average_load":[0.179375,0.161875,0.15875],"realtime_carbon_intensity":337.461173778,"disk_write_speed":7.6372513897,"process_ids":[6475,6565]}
{"timestamp":1572412031.5181319714,"rapl_power_draw_absolute":89.2140420503,"rapl_estimated_attributable_power_draw":19.6020741295,"cpu_time_seconds":{"6475":{"user":405.49,"system":3.24,"children_user":1.01,"children_system":0.26},"6565":{"user":5.56,"system":13.59,"children_user":0.38,"children_system":9.5}},"average_relative_cpu_utilization":0.2270070821,"absolute_cpu_utilization":0.9997205268,"relative_mem_usage":0.1572756683,"absolute_mem_usage":3781038080.0,"absolute_mem_percent_usage":0.0279871675,"mem_info_per_process":{"6475":{"rss":3663122432,"vms":11438473216,"shared":572059648,"text":2322432,"lib":0,"data":9684078592,"dirty":0,"uss":145088512,"pss":1842989056,"swap":0},"6565":{"rss":3272052736,"vms":11438473216,"shared":180830208,"text":2322432,"lib":0,"data":9684078592,"dirty":0,"uss":108347392,"pss":1684613120,"swap":0}},"nvidia_draw_absolute":40.17,"nvidia_estimated_attributable_power_draw":40.17,"average_gpu_estimated_utilization_absolute":0.135,"per_gpu_average_estimated_utilization_absolute":{"(0, 6475)":{"sm":13.5,"mem":0.0,"enc":0.0,"dec":0.0}},"average_gpu_estimated_utilization_relative":1.0,"per_gpu_performance_state":{"0":"P2"},"per_gpu_power_draw":{"0":40.17},"cpu_count_adjusted_average_load":[0.1775,0.1615625,0.15875],"realtime_carbon_intensity":337.461173778,"disk_write_speed":27.95501129,"process_ids":[6475,6565]}
{"timestamp":1572412039.7356519699,"rapl_power_draw_absolute":82.1221181164,"rapl_estimated_attributable_power_draw":22.8296514939,"cpu_time_seconds":{"6475":{"user":413.7,"system":3.24,"children_user":1.01,"children_system":0.26},"6565":{"user":5.66,"system":13.84,"children_user":0.38,"children_system":9.7}},"average_relative_cpu_utilization":0.2896136247,"absolute_cpu_utilization":1.0037823094,"relative_mem_usage":0.1860654953,"absolute_mem_usage":3852646400.0,"absolute_mem_percent_usage":0.0285172108,"mem_info_per_process":{"6475":{"rss":3663122432,"vms":11438473216,"shared":572059648,"text":2322432,"lib":0,"data":9684078592,"dirty":0,"uss":155021312,"pss":1903329280,"swap":0},"6565":{"rss":3272052736,"vms":11438473216,"shared":180830208,"text":2322432,"lib":0,"data":9684078592,"dirty":0,"uss":108380160,"pss":1685915648,"swap":0}},"nvidia_draw_absolute":40.04,"nvidia_estimated_attributable_power_draw":40.04,"average_gpu_estimated_utilization_absolute":0.145,"per_gpu_average_estimated_utilization_absolute":{"(0, 6475)":{"sm":14.5,"mem":0.0,"enc":0.0,"dec":0.0}},"average_gpu_estimated_utilization_relative":1.0,"per_gpu_performance_state":{"0":"P2"},"per_gpu_power_draw":{"0":40.04},"cpu_count_adjusted_average_load":[0.169375,0.1603125,0.1584375],"realtime_carbon_intensity":337.461173778,"disk_write_speed":50.8124983983,"process_ids":[6475,6565]}
