{"timestamp":1573520078.201267004,"rapl_power_draw_absolute":65.3408877753,"rapl_estimated_attributable_power_draw":14.5687041573,"cpu_time_seconds":{"13413":{"user":8.41,"system":2.7,"children_user":0.16,"children_system":0.12},"13470":{"user":0.0,"system":0.03,"children_user":0.0,"children_system":0.01}},"average_relative_cpu_utilization":0.2386535742,"absolute_cpu_utilization":0.9986591256,"relative_mem_usage":0.0642108551,"absolute_mem_usage":4963152896.0,"absolute_mem_percent_usage":0.0367370862,"mem_info_per_process":{"13413":{"rss":4341264384,"vms":11118546944,"shared":114671616,"text":2322432,"lib":0,"data":9735077888,"dirty":0,"uss":480653312,"pss":2409518080,"swap":0},"13470":{"rss":3929300992,"vms":10741055488,"shared":4513792,"text":2322432,"lib":0,"data":9359683584,"dirty":0,"uss":72687616,"pss":2000293888,"swap":0}},"nvidia_draw_absolute":37.42,"nvidia_estimated_attributable_power_draw":37.42,"average_gpu_estimated_utilization_absolute":0.028,"per_gpu_average_estimated_utilization_absolute":{"(0, 13413)":{"sm":2.8,"mem":0.0,"enc":0.0,"dec":0.0}},"average_gpu_estimated_utilization_relative":1.0,"per_gpu_performance_state":{"0":"P2"},"per_gpu_power_draw":{"0":37.42},"cpu_count_adjusted_average_load":[0.1309375,0.13625,0.1396875],"cpu_freq":[{"current":2399.906,"min":1200.0,"max":3200.0},{"current":1495.312,"min":1200.0,"max":3200.0},{"current":1498.5,"min":1200.0,"max":3200.0},{"current":1355.25,"min":1200.0,"max":3200.0},{"current":1299.093,"min":1200.0,"max":3200.0},{"current":1207.875,"min":1200.0,"max":3200.0},{"current":1500.0,"min":1200.0,"max":3200.0},{"current":2399.906,"min":1200.0,"max":3200.0},{"current":1205.531,"min":1200.0,"max":3200.0},{"current":2279.531,"min":1200.0,"max":3200.0},{"current":3089.062,"min":1200.0,"max":3200.0},{"current":1200.281,"min":1200.0,"max":3200.0},{"current":1264.031,"min":1200.0,"max":3200.0},{"current":1215.843,"min":1200.0,"max":3200.0},{"current":1200.0,"min":1200.0,"max":3200.0},{"current":1200.093,"min":1200.0,"max":3200.0},{"current":2399.812,"min":1200.0,"max":3200.0},{"current":2399.906,"min":1200.0,"max":3200.0},{"current":1257.75,"min":1200.0,"max":3200.0},{"current":1384.875,"min":1200.0,"max":3200.0},{"current":1286.343,"min":1200.0,"max":3200.0},{"current":1226.812,"min":1200.0,"max":3200.0},{"current":1439.625,"min":1200.0,"max":3200.0},{"current":1944.093,"min":1200.0,"max":3200.0},{"current":1395.0,"min":1200.0,"max":3200.0},{"current":2179.5,"min":1200.0,"max":3200.0},{"current":2862.843,"min":1200.0,"max":3200.0},{"current":1299.75,"min":1200.0,"max":3200.0},{"current":1392.0,"min":1200.0,"max":3200.0},{"current":1235.625,"min":1200.0,"max":3200.0},{"current":1205.343,"min":1200.0,"max":3200.0},{"current":1206.937,"min":1200.0,"max":3200.0}],"realtime_carbon_intensity":387.2968980798,"disk_write_speed":40.9311251317,"process_ids":[13413,13470]}
{"timestamp":1573520086.315803051,"rapl_power_draw_absolute":66.323009946,"rapl_estimated_attributable_power_draw":15.5807702883,"cpu_time_seconds":{"13413":{"user":14.93,"system":4.13,"children_user":0.16,"children_system":0.12},"13470":{"user":0.23,"system":0.2,"children_user":0.02,"children_system":0.19}},"average_relative_cpu_utilization":0.2426957482,"absolute_cpu_utilization":0.9985994428,"relative_mem_usage":0.1532229348,"absolute_mem_usage":12314618880.0,"absolute_mem_percent_usage":0.0911523834,"mem_info_per_process":{"13413":{"rss":7100104704,"vms":15988453376,"shared":567926784,"text":2322432,"lib":0,"data":14391951360,"dirty":0,"uss":3844751360,"pss":5469429760,"swap":0},"13470":{"rss":3936686080,"vms":10741055488,"shared":11882496,"text":2322432,"lib":0,"data":9359683584,"dirty":0,"uss":688742400,"pss":2311695360,"swap":0}},"nvidia_draw_absolute":47.98,"nvidia_estimated_attributable_power_draw":47.98,"average_gpu_estimated_utilization_absolute":0.35,"per_gpu_average_estimated_utilization_absolute":{"(0, 13413)":{"sm":35,"mem":9,"enc":0,"dec":0}},"average_gpu_estimated_utilization_relative":1.0,"per_gpu_performance_state":{"0":"P2"},"per_gpu_power_draw":{"0":47.98},"cpu_count_adjusted_average_load":[0.1253125,0.135,0.1390625],"cpu_freq":[{"current":1587.656,"min":1200.0,"max":3200.0},{"current":2399.906,"min":1200.0,"max":3200.0},{"current":1697.343,"min":1200.0,"max":3200.0},{"current":2399.906,"min":1200.0,"max":3200.0},{"current":1305.0,"min":1200.0,"max":3200.0},{"current":1225.781,"min":1200.0,"max":3200.0},{"current":2399.906,"min":1200.0,"max":3200.0},{"current":1560.187,"min":1200.0,"max":3200.0},{"current":1457.718,"min":1200.0,"max":3200.0},{"current":3145.218,"min":1200.0,"max":3200.0},{"current":1749.937,"min":1200.0,"max":3200.0},{"current":1476.0,"min":1200.0,"max":3200.0},{"current":1213.125,"min":1200.0,"max":3200.0},{"current":1465.781,"min":1200.0,"max":3200.0},{"current":1200.0,"min":1200.0,"max":3200.0},{"current":1200.0,"min":1200.0,"max":3200.0},{"current":1416.187,"min":1200.0,"max":3200.0},{"current":2399.906,"min":1200.0,"max":3200.0},{"current":1696.968,"min":1200.0,"max":3200.0},{"current":2400.0,"min":1200.0,"max":3200.0},{"current":1200.093,"min":1200.0,"max":3200.0},{"current":1200.375,"min":1200.0,"max":3200.0},{"current":2400.0,"min":1200.0,"max":3200.0},{"current":1660.406,"min":1200.0,"max":3200.0},{"current":1571.718,"min":1200.0,"max":3200.0},{"current":2486.437,"min":1200.0,"max":3200.0},{"current":1720.5,"min":1200.0,"max":3200.0},{"current":1394.531,"min":1200.0,"max":3200.0},{"current":1257.75,"min":1200.0,"max":3200.0},{"current":1235.625,"min":1200.0,"max":3200.0},{"current":1261.312,"min":1200.0,"max":3200.0},{"current":1281.656,"min":1200.0,"max":3200.0}],"realtime_carbon_intensity":387.2968980798,"disk_write_speed":22.461784531,"process_ids":[13413,13470]}
{"timestamp":1573520094.3516941071,"rapl_power_draw_absolute":64.9365171489,"rapl_estimated_attributable_power_draw":14.9150506009,"cpu_time_seconds":{"13413":{"user":22.68,"system":4.42,"children_user":0.16,"children_system":0.12},"13470":{"user":0.38,"system":0.38,"children_user":0.04,"children_system":0.36}},"average_relative_cpu_utilization":0.2361071367,"absolute_cpu_utilization":0.9986315031,"relative_mem_usage":0.1533937763,"absolute_mem_usage":12330236928.0,"absolute_mem_percent_usage":0.0912679876,"mem_info_per_process":{"13413":{"rss":7100104704,"vms":15988453376,"shared":567926784,"text":2322432,"lib":0,"data":14391951360,"dirty":0,"uss":3849977856,"pss":5472043008,"swap":0},"13470":{"rss":3936686080,"vms":10741055488,"shared":11882496,"text":2322432,"lib":0,"data":9359683584,"dirty":0,"uss":693927936,"pss":2314288128,"swap":0}},"nvidia_draw_absolute":50.84,"nvidia_estimated_attributable_power_draw":50.84,"average_gpu_estimated_utilization_absolute":0.355,"per_gpu_average_estimated_utilization_absolute":{"(0, 13413)":{"sm":35.5,"mem":9.0,"enc":0.0,"dec":0.0}},"average_gpu_estimated_utilization_relative":1.0,"per_gpu_performance_state":{"0":"P2"},"per_gpu_power_draw":{"0":50.84},"cpu_count_adjusted_average_load":[0.1228125,0.134375,0.13875],"cpu_freq":[{"current":2399.906,"min":1200.0,"max":3200.0},{"current":1775.156,"min":1200.0,"max":3200.0},{"current":1286.812,"min":1200.0,"max":3200.0},{"current":1852.031,"min":1200.0,"max":3200.0},{"current":1231.031,"min":1200.0,"max":3200.0},{"current":1255.781,"min":1200.0,"max":3200.0},{"current":1799.343,"min":1200.0,"max":3200.0},{"current":2095.593,"min":1200.0,"max":3200.0},{"current":1284.0,"min":1200.0,"max":3200.0},{"current":3148.781,"min":1200.0,"max":3200.0},{"current":2176.593,"min":1200.0,"max":3200.0},{"current":1202.062,"min":1200.0,"max":3200.0},{"current":1200.0,"min":1200.0,"max":3200.0},{"current":1200.093,"min":1200.0,"max":3200.0},{"current":1254.093,"min":1200.0,"max":3200.0},{"current":1356.281,"min":1200.0,"max":3200.0},{"current":2400.0,"min":1200.0,"max":3200.0},{"current":1772.718,"min":1200.0,"max":3200.0},{"current":1285.5,"min":1200.0,"max":3200.0},{"current":1632.375,"min":1200.0,"max":3200.0},{"current":1265.812,"min":1200.0,"max":3200.0},{"current":1516.968,"min":1200.0,"max":3200.0},{"current":1705.312,"min":1200.0,"max":3200.0},{"current":2326.125,"min":1200.0,"max":3200.0},{"current":1266.281,"min":1200.0,"max":3200.0},{"current":2486.437,"min":1200.0,"max":3200.0},{"current":2304.843,"min":1200.0,"max":3200.0},{"current":1237.875,"min":1200.0,"max":3200.0},{"current":1228.125,"min":1200.0,"max":3200.0},{"current":1389.375,"min":1200.0,"max":3200.0},{"current":1205.625,"min":1200.0,"max":3200.0},{"current":1286.156,"min":1200.0,"max":3200.0}],"realtime_carbon_intensity":387.2968980798,"disk_write_speed":29.8907221951,"process_ids":[13413,13470]}
{"timestamp":1573520102.3342740536,"rapl_power_draw_absolute":68.2039716915,"rapl_estimated_attributable_power_draw":15.8026514293,"cpu_time_seconds":{"13413":{"user":30.41,"system":4.67,"children_user":0.16,"children_system":0.12},"13470":{"user":0.58,"system":0.56,"children_user":0.05,"children_system":0.52}},"average_relative_cpu_utilization":0.2392101294,"absolute_cpu_utilization":0.998594281,"relative_mem_usage":0.1534975178,"absolute_mem_usage":12340337664.0,"absolute_mem_percent_usage":0.0913427529,"mem_info_per_process":{"13413":{"rss":7100104704,"vms":15988453376,"shared":567926784,"text":2322432,"lib":0,"data":14391951360,"dirty":0,"uss":3853344768,"pss":5473726464,"swap":0},"13470":{"rss":3936686080,"vms":10741055488,"shared":11882496,"text":2322432,"lib":0,"data":9359683584,"dirty":0,"uss":697294848,"pss":2315971584,"swap":0}},"nvidia_draw_absolute":54.63,"nvidia_estimated_attributable_power_draw":54.63,"average_gpu_estimated_utilization_absolute":0.35,"per_gpu_average_estimated_utilization_absolute":{"(0, 13413)":{"sm":35,"mem":9,"enc":0,"dec":0}},"average_gpu_estimated_utilization_relative":1.0,"per_gpu_performance_state":{"0":"P2"},"per_gpu_power_draw":{"0":54.63},"cpu_count_adjusted_average_load":[0.1275,0.135,0.1390625],"cpu_freq":[{"current":1993.5,"min":1200.0,"max":3200.0},{"current":1287.093,"min":1200.0,"max":3200.0},{"current":2260.593,"min":1200.0,"max":3200.0},{"current":1260.375,"min":1200.0,"max":3200.0},{"current":1213.687,"min":1200.0,"max":3200.0},{"current":1201.5,"min":1200.0,"max":3200.0},{"current":2282.343,"min":1200.0,"max":3200.0},{"current":2399.906,"min":1200.0,"max":3200.0},{"current":1288.031,"min":1200.0,"max":3200.0},{"current":3097.218,"min":1200.0,"max":3200.0},{"current":1900.218,"min":1200.0,"max":3200.0},{"current":1299.937,"min":1200.0,"max":3200.0},{"current":1212.093,"min":1200.0,"max":3200.0},{"current":1200.187,"min":1200.0,"max":3200.0},{"current":1215.656,"min":1200.0,"max":3200.0},{"current":1240.406,"min":1200.0,"max":3200.0},{"current":2197.687,"min":1200.0,"max":3200.0},{"current":2400.0,"min":1200.0,"max":3200.0},{"current":2399.906,"min":1200.0,"max":3200.0},{"current":1211.437,"min":1200.0,"max":3200.0},{"current":1299.562,"min":1200.0,"max":3200.0},{"current":1211.062,"min":1200.0,"max":3200.0},{"current":1295.531,"min":1200.0,"max":3200.0},{"current":2399.906,"min":1200.0,"max":3200.0},{"current":1280.343,"min":1200.0,"max":3200.0},{"current":3141.375,"min":1200.0,"max":3200.0},{"current":1278.0,"min":1200.0,"max":3200.0},{"current":1415.812,"min":1200.0,"max":3200.0},{"current":1412.343,"min":1200.0,"max":3200.0},{"current":1236.468,"min":1200.0,"max":3200.0},{"current":1267.968,"min":1200.0,"max":3200.0},{"current":1286.156,"min":1200.0,"max":3200.0}],"realtime_carbon_intensity":387.2968980798,"disk_write_speed":47.8233605619,"process_ids":[13413,13470]}
{"timestamp":1573520110.3232829571,"rapl_power_draw_absolute":66.0738718804,"rapl_estimated_attributable_power_draw":15.4654712769,"cpu_time_seconds":{"13413":{"user":38.14,"system":4.93,"children_user":0.16,"children_system":0.12},"13470":{"user":0.8,"system":0.74,"children_user":0.06,"children_system":0.68}},"average_relative_cpu_utilization":0.2406985817,"absolute_cpu_utilization":1.0036204448,"relative_mem_usage":0.1536195234,"absolute_mem_usage":12351577088.0,"absolute_mem_percent_usage":0.0914259468,"mem_info_per_process":{"13413":{"rss":7100170240,"vms":15988453376,"shared":567992320,"text":2322432,"lib":0,"data":14391951360,"dirty":0,"uss":3857113088,"pss":5475643392,"swap":0},"13470":{"rss":3936686080,"vms":10741055488,"shared":11882496,"text":2322432,"lib":0,"data":9359683584,"dirty":0,"uss":700997632,"pss":2317822976,"swap":0}},"nvidia_draw_absolute":52.39,"nvidia_estimated_attributable_power_draw":52.39,"average_gpu_estimated_utilization_absolute":0.35,"per_gpu_average_estimated_utilization_absolute":{"(0, 13413)":{"sm":35,"mem":9,"enc":0,"dec":0}},"average_gpu_estimated_utilization_relative":1.0,"per_gpu_performance_state":{"0":"P2"},"per_gpu_power_draw":{"0":52.39},"cpu_count_adjusted_average_load":[0.1225,0.13375,0.13875],"cpu_freq":[{"current":2400.0,"min":1200.0,"max":3200.0},{"current":1399.968,"min":1200.0,"max":3200.0},{"current":1292.343,"min":1200.0,"max":3200.0},{"current":2399.906,"min":1200.0,"max":3200.0},{"current":1316.062,"min":1200.0,"max":3200.0},{"current":1212.656,"min":1200.0,"max":3200.0},{"current":1299.281,"min":1200.0,"max":3200.0},{"current":1700.062,"min":1200.0,"max":3200.0},{"current":1239.937,"min":1200.0,"max":3200.0},{"current":3169.312,"min":1200.0,"max":3200.0},{"current":1478.718,"min":1200.0,"max":3200.0},{"current":1695.656,"min":1200.0,"max":3200.0},{"current":1378.781,"min":1200.0,"max":3200.0},{"current":1200.281,"min":1200.0,"max":3200.0},{"current":1386.937,"min":1200.0,"max":3200.0},{"current":1200.093,"min":1200.0,"max":3200.0},{"current":1900.218,"min":1200.0,"max":3200.0},{"current":1496.718,"min":1200.0,"max":3200.0},{"current":1239.468,"min":1200.0,"max":3200.0},{"current":2400.0,"min":1200.0,"max":3200.0},{"current":1288.968,"min":1200.0,"max":3200.0},{"current":1296.468,"min":1200.0,"max":3200.0},{"current":2400.0,"min":1200.0,"max":3200.0},{"current":1595.625,"min":1200.0,"max":3200.0},{"current":1340.906,"min":1200.0,"max":3200.0},{"current":3141.375,"min":1200.0,"max":3200.0},{"current":1331.625,"min":1200.0,"max":3200.0},{"current":1211.437,"min":1200.0,"max":3200.0},{"current":1269.468,"min":1200.0,"max":3200.0},{"current":1207.406,"min":1200.0,"max":3200.0},{"current":1483.031,"min":1200.0,"max":3200.0},{"current":1236.843,"min":1200.0,"max":3200.0}],"realtime_carbon_intensity":387.2968980798,"disk_write_speed":47.8178402302,"process_ids":[13413,13470]}
{"timestamp":1573520118.3103559017,"rapl_power_draw_absolute":66.3544192587,"rapl_estimated_attributable_power_draw":15.6385455204,"cpu_time_seconds":{"13413":{"user":45.87,"system":5.2,"children_user":0.16,"children_system":0.12},"13470":{"user":1.0,"system":0.94,"children_user":0.06,"children_system":0.88}},"average_relative_cpu_utilization":0.2427319772,"absolute_cpu_utilization":1.0036216102,"relative_mem_usage":0.1536279279,"absolute_mem_usage":12353297408.0,"absolute_mem_percent_usage":0.0914386805,"mem_info_per_process":{"13413":{"rss":7100170240,"vms":15988453376,"shared":567992320,"text":2322432,"lib":0,"data":14391951360,"dirty":0,"uss":3857686528,"pss":5475930112,"swap":0},"13470":{"rss":3936686080,"vms":10741055488,"shared":11882496,"text":2322432,"lib":0,"data":9359683584,"dirty":0,"uss":701571072,"pss":2318109696,"swap":0}},"nvidia_draw_absolute":50.66,"nvidia_estimated_attributable_power_draw":50.66,"average_gpu_estimated_utilization_absolute":0.35,"per_gpu_average_estimated_utilization_absolute":{"(0, 13413)":{"sm":35,"mem":9,"enc":0,"dec":0}},"average_gpu_estimated_utilization_relative":1.0,"per_gpu_performance_state":{"0":"P2"},"per_gpu_power_draw":{"0":50.66},"cpu_count_adjusted_average_load":[0.1278125,0.134375,0.13875],"cpu_freq":[{"current":2399.906,"min":1200.0,"max":3200.0},{"current":1759.5,"min":1200.0,"max":3200.0},{"current":2381.156,"min":1200.0,"max":3200.0},{"current":1899.937,"min":1200.0,"max":3200.0},{"current":1274.156,"min":1200.0,"max":3200.0},{"current":1200.187,"min":1200.0,"max":3200.0},{"current":2381.437,"min":1200.0,"max":3200.0},{"current":2399.906,"min":1200.0,"max":3200.0},{"current":1200.0,"min":1200.0,"max":3200.0},{"current":3127.031,"min":1200.0,"max":3200.0},{"current":1800.562,"min":1200.0,"max":3200.0},{"current":1395.75,"min":1200.0,"max":3200.0},{"current":1229.437,"min":1200.0,"max":3200.0},{"current":1200.093,"min":1200.0,"max":3200.0},{"current":1200.093,"min":1200.0,"max":3200.0},{"current":1200.093,"min":1200.0,"max":3200.0},{"current":2400.0,"min":1200.0,"max":3200.0},{"current":1794.281,"min":1200.0,"max":3200.0},{"current":1203.937,"min":1200.0,"max":3200.0},{"current":2398.406,"min":1200.0,"max":3200.0},{"current":1388.25,"min":1200.0,"max":3200.0},{"current":1272.0,"min":1200.0,"max":3200.0},{"current":2135.718,"min":1200.0,"max":3200.0},{"current":1646.156,"min":1200.0,"max":3200.0},{"current":1200.187,"min":1200.0,"max":3200.0},{"current":3103.125,"min":1200.0,"max":3200.0},{"current":1397.062,"min":1200.0,"max":3200.0},{"current":1400.437,"min":1200.0,"max":3200.0},{"current":1259.625,"min":1200.0,"max":3200.0},{"current":1228.5,"min":1200.0,"max":3200.0},{"current":1373.718,"min":1200.0,"max":3200.0},{"current":1205.625,"min":1200.0,"max":3200.0}],"realtime_carbon_intensity":387.2968980798,"disk_write_speed":47.6691812212,"process_ids":[13413,13470]}
{"timestamp":1573520126.2909100056,"rapl_power_draw_absolute":65.3989061148,"rapl_estimated_attributable_power_draw":15.2312118859,"cpu_time_seconds":{"13413":{"user":53.58,"system":5.47,"children_user":0.16,"children_system":0.12},"13470":{"user":1.21,"system":1.12,"children_user":0.08,"children_system":1.04}},"average_relative_cpu_utilization":0.2394991342,"absolute_cpu_utilization":0.9986035385,"relative_mem_usage":0.1536277533,"absolute_mem_usage":12354710528.0,"absolute_mem_percent_usage":0.0914491404,"mem_info_per_process":{"13413":{"rss":7100170240,"vms":15988453376,"shared":567992320,"text":2322432,"lib":0,"data":14391951360,"dirty":0,"uss":3858157568,"pss":5476165632,"swap":0},"13470":{"rss":3936686080,"vms":10741055488,"shared":11882496,"text":2322432,"lib":0,"data":9359683584,"dirty":0,"uss":702042112,"pss":2318345216,"swap":0}},"nvidia_draw_absolute":50.12,"nvidia_estimated_attributable_power_draw":50.12,"average_gpu_estimated_utilization_absolute":0.35,"per_gpu_average_estimated_utilization_absolute":{"(0, 13413)":{"sm":35,"mem":9,"enc":0,"dec":0}},"average_gpu_estimated_utilization_relative":1.0,"per_gpu_performance_state":{"0":"P2"},"per_gpu_power_draw":{"0":50.12},"cpu_count_adjusted_average_load":[0.1321875,0.1353125,0.1390625],"cpu_freq":[{"current":1593.843,"min":1200.0,"max":3200.0},{"current":2399.906,"min":1200.0,"max":3200.0},{"current":1222.218,"min":1200.0,"max":3200.0},{"current":1399.875,"min":1200.0,"max":3200.0},{"current":1247.343,"min":1200.0,"max":3200.0},{"current":1266.281,"min":1200.0,"max":3200.0},{"current":2399.906,"min":1200.0,"max":3200.0},{"current":1372.687,"min":1200.0,"max":3200.0},{"current":1453.593,"min":1200.0,"max":3200.0},{"current":3147.75,"min":1200.0,"max":3200.0},{"current":1400.343,"min":1200.0,"max":3200.0},{"current":1387.5,"min":1200.0,"max":3200.0},{"current":1248.281,"min":1200.0,"max":3200.0},{"current":1365.937,"min":1200.0,"max":3200.0},{"current":1215.093,"min":1200.0,"max":3200.0},{"current":1200.0,"min":1200.0,"max":3200.0},{"current":1993.687,"min":1200.0,"max":3200.0},{"current":2400.0,"min":1200.0,"max":3200.0},{"current":2400.0,"min":1200.0,"max":3200.0},{"current":1619.437,"min":1200.0,"max":3200.0},{"current":1294.781,"min":1200.0,"max":3200.0},{"current":1372.312,"min":1200.0,"max":3200.0},{"current":2400.0,"min":1200.0,"max":3200.0},{"current":1291.406,"min":1200.0,"max":3200.0},{"current":1657.031,"min":1200.0,"max":3200.0},{"current":3103.125,"min":1200.0,"max":3200.0},{"current":1339.781,"min":1200.0,"max":3200.0},{"current":1351.687,"min":1200.0,"max":3200.0},{"current":1244.343,"min":1200.0,"max":3200.0},{"current":1348.218,"min":1200.0,"max":3200.0},{"current":1242.937,"min":1200.0,"max":3200.0},{"current":1273.875,"min":1200.0,"max":3200.0}],"realtime_carbon_intensity":387.2968980798,"disk_write_speed":47.1472077224,"process_ids":[13413,13470]}
{"timestamp":1573520134.2905709743,"rapl_power_draw_absolute":66.6056615811,"rapl_estimated_attributable_power_draw":15.7431458814,"cpu_time_seconds":{"13413":{"user":61.3,"system":5.75,"children_user":0.16,"children_system":0.12},"13470":{"user":1.47,"system":1.28,"children_user":0.1,"children_system":1.2}},"average_relative_cpu_utilization":0.2438865938,"absolute_cpu_utilization":0.9987121737,"relative_mem_usage":0.1536297923,"absolute_mem_usage":12355865600.0,"absolute_mem_percent_usage":0.0914576902,"mem_info_per_process":{"13413":{"rss":7100170240,"vms":15988453376,"shared":567992320,"text":2322432,"lib":0,"data":14391951360,"dirty":0,"uss":3858542592,"pss":5476358144,"swap":0},"13470":{"rss":3936686080,"vms":10741055488,"shared":11882496,"text":2322432,"lib":0,"data":9359683584,"dirty":0,"uss":702427136,"pss":2318537728,"swap":0}},"nvidia_draw_absolute":51.64,"nvidia_estimated_attributable_power_draw":51.64,"average_gpu_estimated_utilization_absolute":0.35,"per_gpu_average_estimated_utilization_absolute":{"(0, 13413)":{"sm":35,"mem":9,"enc":0,"dec":0}},"average_gpu_estimated_utilization_relative":1.0,"per_gpu_performance_state":{"0":"P2"},"per_gpu_power_draw":{"0":51.64},"cpu_count_adjusted_average_load":[0.1265625,0.1340625,0.13875],"cpu_freq":[{"current":2399.906,"min":1200.0,"max":3200.0},{"current":1779.375,"min":1200.0,"max":3200.0},{"current":1499.437,"min":1200.0,"max":3200.0},{"current":2400.0,"min":1200.0,"max":3200.0},{"current":1267.593,"min":1200.0,"max":3200.0},{"current":1269.0,"min":1200.0,"max":3200.0},{"current":2399.906,"min":1200.0,"max":3200.0},{"current":2399.906,"min":1200.0,"max":3200.0},{"current":1298.718,"min":1200.0,"max":3200.0},{"current":3081.093,"min":1200.0,"max":3200.0},{"current":1365.0,"min":1200.0,"max":3200.0},{"current":1599.937,"min":1200.0,"max":3200.0},{"current":1267.406,"min":1200.0,"max":3200.0},{"current":1200.093,"min":1200.0,"max":3200.0},{"current":1303.218,"min":1200.0,"max":3200.0},{"current":1200.0,"min":1200.0,"max":3200.0},{"current":2378.343,"min":1200.0,"max":3200.0},{"current":1200.0,"min":1200.0,"max":3200.0},{"current":1573.781,"min":1200.0,"max":3200.0},{"current":2400.093,"min":1200.0,"max":3200.0},{"current":1279.687,"min":1200.0,"max":3200.0},{"current":1219.875,"min":1200.0,"max":3200.0},{"current":2400.0,"min":1200.0,"max":3200.0},{"current":2393.625,"min":1200.0,"max":3200.0},{"current":1400.062,"min":1200.0,"max":3200.0},{"current":3092.25,"min":1200.0,"max":3200.0},{"current":1200.75,"min":1200.0,"max":3200.0},{"current":1543.125,"min":1200.0,"max":3200.0},{"current":1240.218,"min":1200.0,"max":3200.0},{"current":1236.562,"min":1200.0,"max":3200.0},{"current":1206.0,"min":1200.0,"max":3200.0},{"current":1204.406,"min":1200.0,"max":3200.0}],"realtime_carbon_intensity":387.2968980798,"disk_write_speed":51.0932784711,"process_ids":[13413,13470]}
{"timestamp":1573520142.309057951,"rapl_power_draw_absolute":68.6758064774,"rapl_estimated_attributable_power_draw":15.6132900744,"cpu_time_seconds":{"13413":{"user":69.08,"system":5.99,"children_user":0.16,"children_system":0.12},"13470":{"user":1.69,"system":1.46,"children_user":0.11,"children_system":1.38}},"average_relative_cpu_utilization":0.2350049595,"absolute_cpu_utilization":0.998719059,"relative_mem_usage":0.153629201,"absolute_mem_usage":12356504576.0,"absolute_mem_percent_usage":0.0914624199,"mem_info_per_process":{"13413":{"rss":7100170240,"vms":15988453376,"shared":567992320,"text":2322432,"lib":0,"data":14391951360,"dirty":0,"uss":3858755584,"pss":5476464640,"swap":0},"13470":{"rss":3936686080,"vms":10741055488,"shared":11882496,"text":2322432,"lib":0,"data":9359683584,"dirty":0,"uss":702640128,"pss":2318644224,"swap":0}},"nvidia_draw_absolute":50.28,"nvidia_estimated_attributable_power_draw":50.28,"average_gpu_estimated_utilization_absolute":0.35,"per_gpu_average_estimated_utilization_absolute":{"(0, 13413)":{"sm":35,"mem":9,"enc":0,"dec":0}},"average_gpu_estimated_utilization_relative":1.0,"per_gpu_performance_state":{"0":"P2"},"per_gpu_power_draw":{"0":50.28},"cpu_count_adjusted_average_load":[0.12375,0.133125,0.1384375],"cpu_freq":[{"current":2400.0,"min":1200.0,"max":3200.0},{"current":1317.562,"min":1200.0,"max":3200.0},{"current":1575.093,"min":1200.0,"max":3200.0},{"current":1297.312,"min":1200.0,"max":3200.0},{"current":1230.375,"min":1200.0,"max":3200.0},{"current":1200.468,"min":1200.0,"max":3200.0},{"current":1248.843,"min":1200.0,"max":3200.0},{"current":1498.781,"min":1200.0,"max":3200.0},{"current":1224.0,"min":1200.0,"max":3200.0},{"current":3111.093,"min":1200.0,"max":3200.0},{"current":1515.375,"min":1200.0,"max":3200.0},{"current":1296.75,"min":1200.0,"max":3200.0},{"current":1200.0,"min":1200.0,"max":3200.0},{"current":1200.093,"min":1200.0,"max":3200.0},{"current":1200.093,"min":1200.0,"max":3200.0},{"current":1200.093,"min":1200.0,"max":3200.0},{"current":2399.906,"min":1200.0,"max":3200.0},{"current":1234.687,"min":1200.0,"max":3200.0},{"current":1899.937,"min":1200.0,"max":3200.0},{"current":1299.937,"min":1200.0,"max":3200.0},{"current":1297.875,"min":1200.0,"max":3200.0},{"current":1219.875,"min":1200.0,"max":3200.0},{"current":2400.093,"min":1200.0,"max":3200.0},{"current":1474.875,"min":1200.0,"max":3200.0},{"current":1233.0,"min":1200.0,"max":3200.0},{"current":3092.25,"min":1200.0,"max":3200.0},{"current":1575.281,"min":1200.0,"max":3200.0},{"current":1294.125,"min":1200.0,"max":3200.0},{"current":1240.218,"min":1200.0,"max":3200.0},{"current":1224.0,"min":1200.0,"max":3200.0},{"current":1275.562,"min":1200.0,"max":3200.0},{"current":1204.875,"min":1200.0,"max":3200.0}],"realtime_carbon_intensity":387.2968980798,"disk_write_speed":38.7826603957,"process_ids":[13413,13470]}
{"timestamp":1573520150.3145530224,"rapl_power_draw_absolute":65.8576695125,"rapl_estimated_attributable_power_draw":15.2877991315,"cpu_time_seconds":{"13413":{"user":76.78,"system":6.3,"children_user":0.16,"children_system":0.12},"13470":{"user":1.91,"system":1.62,"children_user":0.12,"children_system":1.55}},"average_relative_cpu_utilization":0.2389275526,"absolute_cpu_utilization":0.9986322796,"relative_mem_usage":0.1536213166,"absolute_mem_usage":12357229568.0,"absolute_mem_percent_usage":0.0914677862,"mem_info_per_process":{"13413":{"rss":7100170240,"vms":15988453376,"shared":567992320,"text":2322432,"lib":0,"data":14391951360,"dirty":0,"uss":3858997248,"pss":5476585472,"swap":0},"13470":{"rss":3936686080,"vms":10741055488,"shared":11882496,"text":2322432,"lib":0,"data":9359683584,"dirty":0,"uss":702881792,"pss":2318765056,"swap":0}},"nvidia_draw_absolute":51.95,"nvidia_estimated_attributable_power_draw":51.95,"average_gpu_estimated_utilization_absolute":0.35,"per_gpu_average_estimated_utilization_absolute":{"(0, 13413)":{"sm":35,"mem":9,"enc":0,"dec":0}},"average_gpu_estimated_utilization_relative":1.0,"per_gpu_performance_state":{"0":"P2"},"per_gpu_power_draw":{"0":51.95},"cpu_count_adjusted_average_load":[0.12625,0.1334375,0.1384375],"cpu_freq":[{"current":1698.0,"min":1200.0,"max":3200.0},{"current":1597.968,"min":1200.0,"max":3200.0},{"current":2399.906,"min":1200.0,"max":3200.0},{"current":1398.0,"min":1200.0,"max":3200.0},{"current":1241.906,"min":1200.0,"max":3200.0},{"current":1297.781,"min":1200.0,"max":3200.0},{"current":2399.906,"min":1200.0,"max":3200.0},{"current":1202.156,"min":1200.0,"max":3200.0},{"current":1278.093,"min":1200.0,"max":3200.0},{"current":3136.781,"min":1200.0,"max":3200.0},{"current":1527.937,"min":1200.0,"max":3200.0},{"current":1497.375,"min":1200.0,"max":3200.0},{"current":1200.0,"min":1200.0,"max":3200.0},{"current":1200.187,"min":1200.0,"max":3200.0},{"current":1200.093,"min":1200.0,"max":3200.0},{"current":1200.0,"min":1200.0,"max":3200.0},{"current":1699.968,"min":1200.0,"max":3200.0},{"current":2095.781,"min":1200.0,"max":3200.0},{"current":2400.0,"min":1200.0,"max":3200.0},{"current":1507.406,"min":1200.0,"max":3200.0},{"current":1203.093,"min":1200.0,"max":3200.0},{"current":1309.5,"min":1200.0,"max":3200.0},{"current":2400.0,"min":1200.0,"max":3200.0},{"current":1459.5,"min":1200.0,"max":3200.0},{"current":1241.343,"min":1200.0,"max":3200.0},{"current":3141.281,"min":1200.0,"max":3200.0},{"current":1489.031,"min":1200.0,"max":3200.0},{"current":1400.062,"min":1200.0,"max":3200.0},{"current":1360.125,"min":1200.0,"max":3200.0},{"current":1224.0,"min":1200.0,"max":3200.0},{"current":1306.875,"min":1200.0,"max":3200.0},{"current":1204.875,"min":1200.0,"max":3200.0}],"realtime_carbon_intensity":387.2968980798,"disk_write_speed":30.5816648173,"process_ids":[13413,13470]}
{"timestamp":1573520158.3226490021,"rapl_power_draw_absolute":65.939257156,"rapl_estimated_attributable_power_draw":15.6664852224,"cpu_time_seconds":{"13413":{"user":84.5,"system":6.6,"children_user":0.16,"children_system":0.12},"13470":{"user":2.07,"system":1.79,"children_user":0.14,"children_system":1.72}},"average_relative_cpu_utilization":0.2445003334,"absolute_cpu_utilization":1.0034726166,"relative_mem_usage":0.1536120329,"absolute_mem_usage":12357696512.0,"absolute_mem_percent_usage":0.0914712425,"mem_info_per_process":{"13413":{"rss":7100170240,"vms":15988453376,"shared":567992320,"text":2322432,"lib":0,"data":14391951360,"dirty":0,"uss":3859152896,"pss":5476663296,"swap":0},"13470":{"rss":3936686080,"vms":10741055488,"shared":11882496,"text":2322432,"lib":0,"data":9359683584,"dirty":0,"uss":703037440,"pss":2318842880,"swap":0}},"nvidia_draw_absolute":49.37,"nvidia_estimated_attributable_power_draw":49.37,"average_gpu_estimated_utilization_absolute":0.355,"per_gpu_average_estimated_utilization_absolute":{"(0, 13413)":{"sm":35.5,"mem":9.0,"enc":0.0,"dec":0.0}},"average_gpu_estimated_utilization_relative":1.0,"per_gpu_performance_state":{"0":"P2"},"per_gpu_power_draw":{"0":49.37},"cpu_count_adjusted_average_load":[0.12375,0.1328125,0.138125],"cpu_freq":[{"current":2400.0,"min":1200.0,"max":3200.0},{"current":1296.375,"min":1200.0,"max":3200.0},{"current":1199.906,"min":1200.0,"max":3200.0},{"current":2399.906,"min":1200.0,"max":3200.0},{"current":1281.093,"min":1200.0,"max":3200.0},{"current":1586.25,"min":1200.0,"max":3200.0},{"current":1472.156,"min":1200.0,"max":3200.0},{"current":1216.312,"min":1200.0,"max":3200.0},{"current":1499.906,"min":1200.0,"max":3200.0},{"current":3100.218,"min":1200.0,"max":3200.0},{"current":1386.468,"min":1200.0,"max":3200.0},{"current":1259.531,"min":1200.0,"max":3200.0},{"current":1273.312,"min":1200.0,"max":3200.0},{"current":1450.125,"min":1200.0,"max":3200.0},{"current":2241.843,"min":1200.0,"max":3200.0},{"current":1200.093,"min":1200.0,"max":3200.0},{"current":2400.0,"min":1200.0,"max":3200.0},{"current":2397.562,"min":1200.0,"max":3200.0},{"current":1202.25,"min":1200.0,"max":3200.0},{"current":2400.093,"min":1200.0,"max":3200.0},{"current":1382.812,"min":1200.0,"max":3200.0},{"current":1302.0,"min":1200.0,"max":3200.0},{"current":1216.312,"min":1200.0,"max":3200.0},{"current":1392.937,"min":1200.0,"max":3200.0},{"current":1400.625,"min":1200.0,"max":3200.0},{"current":3121.031,"min":1200.0,"max":3200.0},{"current":1325.25,"min":1200.0,"max":3200.0},{"current":1284.75,"min":1200.0,"max":3200.0},{"current":1330.312,"min":1200.0,"max":3200.0},{"current":1486.406,"min":1200.0,"max":3200.0},{"current":2001.093,"min":1200.0,"max":3200.0},{"current":1200.843,"min":1200.0,"max":3200.0}],"realtime_carbon_intensity":387.2968980798,"disk_write_speed":37.3182309239,"process_ids":[13413,13470]}
{"timestamp":1573520166.3236150742,"rapl_power_draw_absolute":65.1744003375,"rapl_estimated_attributable_power_draw":14.9285668324,"cpu_time_seconds":{"13413":{"user":92.26,"system":6.84,"children_user":0.16,"children_system":0.12},"13470":{"user":2.28,"system":1.96,"children_user":0.16,"children_system":1.88}},"average_relative_cpu_utilization":0.2353469154,"absolute_cpu_utilization":1.0036741809,"relative_mem_usage":0.1536089622,"absolute_mem_usage":12358052864.0,"absolute_mem_percent_usage":0.0914738802,"mem_info_per_process":{"13413":{"rss":7100170240,"vms":15988453376,"shared":567992320,"text":2322432,"lib":0,"data":14391951360,"dirty":0,"uss":3859271680,"pss":5476722688,"swap":0},"13470":{"rss":3936686080,"vms":10741055488,"shared":11882496,"text":2322432,"lib":0,"data":9359683584,"dirty":0,"uss":703156224,"pss":2318902272,"swap":0}},"nvidia_draw_absolute":49.63,"nvidia_estimated_attributable_power_draw":49.63,"average_gpu_estimated_utilization_absolute":0.355,"per_gpu_average_estimated_utilization_absolute":{"(0, 13413)":{"sm":35.5,"mem":9.0,"enc":0.0,"dec":0.0}},"average_gpu_estimated_utilization_relative":1.0,"per_gpu_performance_state":{"0":"P2"},"per_gpu_power_draw":{"0":49.63},"cpu_count_adjusted_average_load":[0.116875,0.1309375,0.1375],"cpu_freq":[{"current":1231.687,"min":1200.0,"max":3200.0},{"current":2400.0,"min":1200.0,"max":3200.0},{"current":1395.656,"min":1200.0,"max":3200.0},{"current":1398.468,"min":1200.0,"max":3200.0},{"current":1295.062,"min":1200.0,"max":3200.0},{"current":1704.375,"min":1200.0,"max":3200.0},{"current":2400.0,"min":1200.0,"max":3200.0},{"current":2295.656,"min":1200.0,"max":3200.0},{"current":1397.718,"min":1200.0,"max":3200.0},{"current":3139.5,"min":1200.0,"max":3200.0},{"current":1965.187,"min":1200.0,"max":3200.0},{"current":1200.281,"min":1200.0,"max":3200.0},{"current":1376.437,"min":1200.0,"max":3200.0},{"current":1200.281,"min":1200.0,"max":3200.0},{"current":1300.031,"min":1200.0,"max":3200.0},{"current":1204.125,"min":1200.0,"max":3200.0},{"current":1201.781,"min":1200.0,"max":3200.0},{"current":2400.0,"min":1200.0,"max":3200.0},{"current":1399.968,"min":1200.0,"max":3200.0},{"current":1500.375,"min":1200.0,"max":3200.0},{"current":1205.062,"min":1200.0,"max":3200.0},{"current":1301.531,"min":1200.0,"max":3200.0},{"current":1497.187,"min":1200.0,"max":3200.0},{"current":2263.687,"min":1200.0,"max":3200.0},{"current":1351.031,"min":1200.0,"max":3200.0},{"current":3139.687,"min":1200.0,"max":3200.0},{"current":1942.968,"min":1200.0,"max":3200.0},{"current":1204.406,"min":1200.0,"max":3200.0},{"current":1468.031,"min":1200.0,"max":3200.0},{"current":1211.343,"min":1200.0,"max":3200.0},{"current":1501.968,"min":1200.0,"max":3200.0},{"current":1225.312,"min":1200.0,"max":3200.0}],"realtime_carbon_intensity":387.2968980798,"disk_write_speed":37.0086391815,"process_ids":[13413,13470]}
{"timestamp":1573520174.3346860409,"rapl_power_draw_absolute":66.2755015103,"rapl_estimated_attributable_power_draw":15.1937518073,"cpu_time_seconds":{"13413":{"user":100.03,"system":7.08,"children_user":0.16,"children_system":0.12},"13470":{"user":2.48,"system":2.13,"children_user":0.17,"children_system":2.06}},"average_relative_cpu_utilization":0.2355454221,"absolute_cpu_utilization":0.9985748584,"relative_mem_usage":0.1536011695,"absolute_mem_usage":12358458368.0,"absolute_mem_percent_usage":0.0914768818,"mem_info_per_process":{"13413":{"rss":7100170240,"vms":15988453376,"shared":567992320,"text":2322432,"lib":0,"data":14391951360,"dirty":0,"uss":3859406848,"pss":5476790272,"swap":0},"13470":{"rss":3936686080,"vms":10741055488,"shared":11882496,"text":2322432,"lib":0,"data":9359683584,"dirty":0,"uss":703291392,"pss":2318969856,"swap":0}},"nvidia_draw_absolute":50.3,"nvidia_estimated_attributable_power_draw":50.3,"average_gpu_estimated_utilization_absolute":0.355,"per_gpu_average_estimated_utilization_absolute":{"(0, 13413)":{"sm":35.5,"mem":9.0,"enc":0.0,"dec":0.0}},"average_gpu_estimated_utilization_relative":1.0,"per_gpu_performance_state":{"0":"P2"},"per_gpu_power_draw":{"0":50.3},"cpu_count_adjusted_average_load":[0.115,0.1303125,0.1371875],"cpu_freq":[{"current":1795.218,"min":1200.0,"max":3200.0},{"current":2098.593,"min":1200.0,"max":3200.0},{"current":1393.687,"min":1200.0,"max":3200.0},{"current":2400.0,"min":1200.0,"max":3200.0},{"current":1295.531,"min":1200.0,"max":3200.0},{"current":1241.718,"min":1200.0,"max":3200.0},{"current":2400.0,"min":1200.0,"max":3200.0},{"current":1382.437,"min":1200.0,"max":3200.0},{"current":1292.531,"min":1200.0,"max":3200.0},{"current":3063.562,"min":1200.0,"max":3200.0},{"current":1603.968,"min":1200.0,"max":3200.0},{"current":1628.906,"min":1200.0,"max":3200.0},{"current":1204.312,"min":1200.0,"max":3200.0},{"current":1200.093,"min":1200.0,"max":3200.0},{"current":1399.5,"min":1200.0,"max":3200.0},{"current":1200.093,"min":1200.0,"max":3200.0},{"current":2223.281,"min":1200.0,"max":3200.0},{"current":1944.75,"min":1200.0,"max":3200.0},{"current":1797.656,"min":1200.0,"max":3200.0},{"current":2400.0,"min":1200.0,"max":3200.0},{"current":1597.593,"min":1200.0,"max":3200.0},{"current":1220.343,"min":1200.0,"max":3200.0},{"current":2400.0,"min":1200.0,"max":3200.0},{"current":1938.843,"min":1200.0,"max":3200.0},{"current":1265.718,"min":1200.0,"max":3200.0},{"current":2881.218,"min":1200.0,"max":3200.0},{"current":1217.25,"min":1200.0,"max":3200.0},{"current":1725.281,"min":1200.0,"max":3200.0},{"current":1322.343,"min":1200.0,"max":3200.0},{"current":1226.437,"min":1200.0,"max":3200.0},{"current":1439.906,"min":1200.0,"max":3200.0},{"current":1200.937,"min":1200.0,"max":3200.0}],"realtime_carbon_intensity":387.2968980798,"disk_write_speed":27.0406487517,"process_ids":[13413,13470]}
{"timestamp":1573520182.3564400673,"rapl_power_draw_absolute":65.5461180053,"rapl_estimated_attributable_power_draw":15.2860244515,"cpu_time_seconds":{"13413":{"user":107.79,"system":7.35,"children_user":0.16,"children_system":0.12},"13470":{"user":2.68,"system":2.29,"children_user":0.19,"children_system":2.22}},"average_relative_cpu_utilization":0.2397801988,"absolute_cpu_utilization":0.9985757778,"relative_mem_usage":0.1535905172,"absolute_mem_usage":12358704128.0,"absolute_mem_percent_usage":0.0914787009,"mem_info_per_process":{"13413":{"rss":7100170240,"vms":15988453376,"shared":567992320,"text":2322432,"lib":0,"data":14391951360,"dirty":0,"uss":3859488768,"pss":5476831232,"swap":0},"13470":{"rss":3936686080,"vms":10741055488,"shared":11882496,"text":2322432,"lib":0,"data":9359683584,"dirty":0,"uss":703373312,"pss":2319010816,"swap":0}},"nvidia_draw_absolute":52.2,"nvidia_estimated_attributable_power_draw":52.2,"average_gpu_estimated_utilization_absolute":0.35,"per_gpu_average_estimated_utilization_absolute":{"(0, 13413)":{"sm":35,"mem":9,"enc":0,"dec":0}},"average_gpu_estimated_utilization_relative":1.0,"per_gpu_performance_state":{"0":"P2"},"per_gpu_power_draw":{"0":52.2},"cpu_count_adjusted_average_load":[0.12125,0.13125,0.1375],"cpu_freq":[{"current":2186.25,"min":1200.0,"max":3200.0},{"current":2372.437,"min":1200.0,"max":3200.0},{"current":1296.75,"min":1200.0,"max":3200.0},{"current":1200.562,"min":1200.0,"max":3200.0},{"current":1214.625,"min":1200.0,"max":3200.0},{"current":1201.593,"min":1200.0,"max":3200.0},{"current":2400.0,"min":1200.0,"max":3200.0},{"current":2097.562,"min":1200.0,"max":3200.0},{"current":1232.812,"min":1200.0,"max":3200.0},{"current":3162.562,"min":1200.0,"max":3200.0},{"current":1432.218,"min":1200.0,"max":3200.0},{"current":1318.875,"min":1200.0,"max":3200.0},{"current":1266.468,"min":1200.0,"max":3200.0},{"current":1230.093,"min":1200.0,"max":3200.0},{"current":1250.25,"min":1200.0,"max":3200.0},{"current":1200.656,"min":1200.0,"max":3200.0},{"current":1651.218,"min":1200.0,"max":3200.0},{"current":2400.0,"min":1200.0,"max":3200.0},{"current":2399.812,"min":1200.0,"max":3200.0},{"current":1396.031,"min":1200.0,"max":3200.0},{"current":1295.906,"min":1200.0,"max":3200.0},{"current":1283.531,"min":1200.0,"max":3200.0},{"current":2399.906,"min":1200.0,"max":3200.0},{"current":1995.281,"min":1200.0,"max":3200.0},{"current":1267.218,"min":1200.0,"max":3200.0},{"current":3134.062,"min":1200.0,"max":3200.0},{"current":1402.5,"min":1200.0,"max":3200.0},{"current":1501.218,"min":1200.0,"max":3200.0},{"current":1246.968,"min":1200.0,"max":3200.0},{"current":1295.156,"min":1200.0,"max":3200.0},{"current":1251.0,"min":1200.0,"max":3200.0},{"current":1200.468,"min":1200.0,"max":3200.0}],"realtime_carbon_intensity":387.2968980798,"disk_write_speed":45.6580142556,"process_ids":[13413,13470]}
{"timestamp":1573520190.3616940975,"rapl_power_draw_absolute":65.463723294,"rapl_estimated_attributable_power_draw":15.6052452417,"cpu_time_seconds":{"13413":{"user":115.56,"system":7.58,"children_user":0.16,"children_system":0.12},"13470":{"user":2.86,"system":2.48,"children_user":0.2,"children_system":2.39}},"average_relative_cpu_utilization":0.245374099,"absolute_cpu_utilization":0.9986011628,"relative_mem_usage":0.1535800117,"absolute_mem_usage":12358962176.0,"absolute_mem_percent_usage":0.0914806109,"mem_info_per_process":{"13413":{"rss":7100170240,"vms":15988453376,"shared":567992320,"text":2322432,"lib":0,"data":14391951360,"dirty":0,"uss":3859574784,"pss":5476874240,"swap":0},"13470":{"rss":3936686080,"vms":10741055488,"shared":11882496,"text":2322432,"lib":0,"data":9359683584,"dirty":0,"uss":703459328,"pss":2319053824,"swap":0}},"nvidia_draw_absolute":53.24,"nvidia_estimated_attributable_power_draw":53.24,"average_gpu_estimated_utilization_absolute":0.345,"per_gpu_average_estimated_utilization_absolute":{"(0, 13413)":{"sm":34.5,"mem":9.0,"enc":0.0,"dec":0.0}},"average_gpu_estimated_utilization_relative":1.0,"per_gpu_performance_state":{"0":"P2"},"per_gpu_power_draw":{"0":53.24},"cpu_count_adjusted_average_load":[0.1190625,0.130625,0.1371875],"cpu_freq":[{"current":2099.906,"min":1200.0,"max":3200.0},{"current":1288.593,"min":1200.0,"max":3200.0},{"current":2399.906,"min":1200.0,"max":3200.0},{"current":1374.75,"min":1200.0,"max":3200.0},{"current":1199.812,"min":1200.0,"max":3200.0},{"current":1419.468,"min":1200.0,"max":3200.0},{"current":2400.75,"min":1200.0,"max":3200.0},{"current":1796.062,"min":1200.0,"max":3200.0},{"current":1454.25,"min":1200.0,"max":3200.0},{"current":3146.812,"min":1200.0,"max":3200.0},{"current":1298.25,"min":1200.0,"max":3200.0},{"current":1641.0,"min":1200.0,"max":3200.0},{"current":1229.531,"min":1200.0,"max":3200.0},{"current":1359.562,"min":1200.0,"max":3200.0},{"current":1582.406,"min":1200.0,"max":3200.0},{"current":1600.031,"min":1200.0,"max":3200.0},{"current":2074.218,"min":1200.0,"max":3200.0},{"current":2396.812,"min":1200.0,"max":3200.0},{"current":2399.906,"min":1200.0,"max":3200.0},{"current":1319.906,"min":1200.0,"max":3200.0},{"current":1204.781,"min":1200.0,"max":3200.0},{"current":1400.531,"min":1200.0,"max":3200.0},{"current":2781.843,"min":1200.0,"max":3200.0},{"current":1306.875,"min":1200.0,"max":3200.0},{"current":1495.781,"min":1200.0,"max":3200.0},{"current":2614.031,"min":1200.0,"max":3200.0},{"current":1702.968,"min":1200.0,"max":3200.0},{"current":1400.718,"min":1200.0,"max":3200.0},{"current":1455.0,"min":1200.0,"max":3200.0},{"current":1579.218,"min":1200.0,"max":3200.0},{"current":1602.75,"min":1200.0,"max":3200.0},{"current":1676.062,"min":1200.0,"max":3200.0}],"realtime_carbon_intensity":387.2968980798,"disk_write_speed":44.8113981098,"process_ids":[13413,13470]}
{"timestamp":1573520198.3785839081,"rapl_power_draw_absolute":65.3951366796,"rapl_estimated_attributable_power_draw":15.2512819188,"cpu_time_seconds":{"13413":{"user":123.35,"system":7.82,"children_user":0.16,"children_system":0.12},"13470":{"user":3.07,"system":2.69,"children_user":0.21,"children_system":2.57}},"average_relative_cpu_utilization":0.2398298304,"absolute_cpu_utilization":1.0035869332,"relative_mem_usage":0.1535692244,"absolute_mem_usage":12359121920.0,"absolute_mem_percent_usage":0.0914817933,"mem_info_per_process":{"13413":{"rss":7100170240,"vms":15988453376,"shared":567992320,"text":2322432,"lib":0,"data":14391951360,"dirty":0,"uss":3859628032,"pss":5476900864,"swap":0},"13470":{"rss":3936686080,"vms":10741055488,"shared":11882496,"text":2322432,"lib":0,"data":9359683584,"dirty":0,"uss":703512576,"pss":2319080448,"swap":0}},"nvidia_draw_absolute":54.89,"nvidia_estimated_attributable_power_draw":54.89,"average_gpu_estimated_utilization_absolute":0.355,"per_gpu_average_estimated_utilization_absolute":{"(0, 13413)":{"sm":35.5,"mem":9.0,"enc":0.0,"dec":0.0}},"average_gpu_estimated_utilization_relative":1.0,"per_gpu_performance_state":{"0":"P2"},"per_gpu_power_draw":{"0":54.89},"cpu_count_adjusted_average_load":[0.1496875,0.136875,0.139375],"cpu_freq":[{"current":2400.0,"min":1200.0,"max":3200.0},{"current":1398.562,"min":1200.0,"max":3200.0},{"current":1827.0,"min":1200.0,"max":3200.0},{"current":2399.906,"min":1200.0,"max":3200.0},{"current":1225.406,"min":1200.0,"max":3200.0},{"current":1262.156,"min":1200.0,"max":3200.0},{"current":1493.437,"min":1200.0,"max":3200.0},{"current":2399.906,"min":1200.0,"max":3200.0},{"current":1323.75,"min":1200.0,"max":3200.0},{"current":3086.906,"min":1200.0,"max":3200.0},{"current":1309.781,"min":1200.0,"max":3200.0},{"current":1297.687,"min":1200.0,"max":3200.0},{"current":1200.0,"min":1200.0,"max":3200.0},{"current":1266.0,"min":1200.0,"max":3200.0},{"current":1200.0,"min":1200.0,"max":3200.0},{"current":1200.093,"min":1200.0,"max":3200.0},{"current":2398.781,"min":1200.0,"max":3200.0},{"current":1234.312,"min":1200.0,"max":3200.0},{"current":1896.656,"min":1200.0,"max":3200.0},{"current":1996.031,"min":1200.0,"max":3200.0},{"current":1298.906,"min":1200.0,"max":3200.0},{"current":1282.687,"min":1200.0,"max":3200.0},{"current":1287.0,"min":1200.0,"max":3200.0},{"current":2399.906,"min":1200.0,"max":3200.0},{"current":1398.656,"min":1200.0,"max":3200.0},{"current":2629.406,"min":1200.0,"max":3200.0},{"current":1398.75,"min":1200.0,"max":3200.0},{"current":1224.281,"min":1200.0,"max":3200.0},{"current":1263.468,"min":1200.0,"max":3200.0},{"current":1208.437,"min":1200.0,"max":3200.0},{"current":1519.406,"min":1200.0,"max":3200.0},{"current":1203.187,"min":1200.0,"max":3200.0}],"realtime_carbon_intensity":387.2968980798,"disk_write_speed":41.528944512,"process_ids":[13413,13470]}
{"timestamp":1573520206.4824180603,"rapl_power_draw_absolute":65.8773231069,"rapl_estimated_attributable_power_draw":15.3895210702,"cpu_time_seconds":{"13413":{"user":131.17,"system":8.1,"children_user":0.16,"children_system":0.12},"13470":{"user":3.31,"system":2.86,"children_user":0.22,"children_system":2.75}},"average_relative_cpu_utilization":0.2403142166,"absolute_cpu_utilization":0.9935858133,"relative_mem_usage":0.1535564655,"absolute_mem_usage":12359269376.0,"absolute_mem_percent_usage":0.0914828848,"mem_info_per_process":{"13413":{"rss":7100170240,"vms":15988453376,"shared":567992320,"text":2322432,"lib":0,"data":14391951360,"dirty":0,"uss":3859677184,"pss":5476925440,"swap":0},"13470":{"rss":3936686080,"vms":10741055488,"shared":11882496,"text":2322432,"lib":0,"data":9359683584,"dirty":0,"uss":703561728,"pss":2319105024,"swap":0}},"nvidia_draw_absolute":50.9,"nvidia_estimated_attributable_power_draw":50.9,"average_gpu_estimated_utilization_absolute":0.355,"per_gpu_average_estimated_utilization_absolute":{"(0, 13413)":{"sm":35.5,"mem":9.0,"enc":0.0,"dec":0.0}},"average_gpu_estimated_utilization_relative":1.0,"per_gpu_performance_state":{"0":"P2"},"per_gpu_power_draw":{"0":50.9},"cpu_count_adjusted_average_load":[0.14375,0.1359375,0.13875],"cpu_freq":[{"current":1377.468,"min":1200.0,"max":3200.0},{"current":2400.0,"min":1200.0,"max":3200.0},{"current":2399.906,"min":1200.0,"max":3200.0},{"current":1701.375,"min":1200.0,"max":3200.0},{"current":1200.093,"min":1200.0,"max":3200.0},{"current":1201.312,"min":1200.0,"max":3200.0},{"current":1487.812,"min":1200.0,"max":3200.0},{"current":2399.906,"min":1200.0,"max":3200.0},{"current":1700.906,"min":1200.0,"max":3200.0},{"current":3166.406,"min":1200.0,"max":3200.0},{"current":1295.718,"min":1200.0,"max":3200.0},{"current":1500.093,"min":1200.0,"max":3200.0},{"current":1227.375,"min":1200.0,"max":3200.0},{"current":1288.406,"min":1200.0,"max":3200.0},{"current":1289.625,"min":1200.0,"max":3200.0},{"current":1216.5,"min":1200.0,"max":3200.0},{"current":1376.25,"min":1200.0,"max":3200.0},{"current":2400.0,"min":1200.0,"max":3200.0},{"current":2399.906,"min":1200.0,"max":3200.0},{"current":1483.406,"min":1200.0,"max":3200.0},{"current":1299.843,"min":1200.0,"max":3200.0},{"current":1282.687,"min":1200.0,"max":3200.0},{"current":1367.156,"min":1200.0,"max":3200.0},{"current":2400.0,"min":1200.0,"max":3200.0},{"current":1885.687,"min":1200.0,"max":3200.0},{"current":2629.406,"min":1200.0,"max":3200.0},{"current":1275.375,"min":1200.0,"max":3200.0},{"current":1481.25,"min":1200.0,"max":3200.0},{"current":1439.25,"min":1200.0,"max":3200.0},{"current":1247.343,"min":1200.0,"max":3200.0},{"current":1314.375,"min":1200.0,"max":3200.0},{"current":1231.218,"min":1200.0,"max":3200.0}],"realtime_carbon_intensity":387.2968980798,"disk_write_speed":33.5541004065,"process_ids":[13413,13470]}
