{"timestamp":1572416196.6692690849,"rapl_power_draw_absolute":86.963425002,"rapl_estimated_attributable_power_draw":19.7287442844,"cpu_time_seconds":{"910":{"user":10.35,"system":2.81,"children_user":0.07,"children_system":0.16},"1030":{"user":0.0,"system":0.04,"children_user":0.0,"children_system":0.03}},"average_relative_cpu_utilization":0.2372377919,"absolute_cpu_utilization":0.9987783213,"relative_mem_usage":0.1515808459,"absolute_mem_usage":3693035520.0,"absolute_mem_percent_usage":0.0273357743,"mem_info_per_process":{"910":{"rss":3650940928,"vms":11947261952,"shared":565096448,"text":2322432,"lib":0,"data":10219458560,"dirty":0,"uss":115630080,"pss":1789118464,"swap":0},"1030":{"rss":3260227584,"vms":11947261952,"shared":173981696,"text":2322432,"lib":0,"data":10219458560,"dirty":0,"uss":108052480,"pss":1680234496,"swap":0}},"nvidia_draw_absolute":97.86,"nvidia_estimated_attributable_power_draw":97.86,"average_gpu_estimated_utilization_absolute":0.825,"per_gpu_average_estimated_utilization_absolute":{"(0, 910)":{"sm":82.5,"mem":24.0,"enc":0.0,"dec":0.0}},"average_gpu_estimated_utilization_relative":1.0,"per_gpu_performance_state":{"0":"P2"},"per_gpu_power_draw":{"0":97.86},"cpu_count_adjusted_average_load":[0.1671875,0.1546875,0.1578125],"realtime_carbon_intensity":339.3663136256,"disk_write_speed":21.9358855065,"process_ids":[910,1030]}
{"timestamp":1572416204.738120079,"rapl_power_draw_absolute":86.8246604517,"rapl_estimated_attributable_power_draw":19.776709276,"cpu_time_seconds":{"910":{"user":18.42,"system":2.81,"children_user":0.07,"children_system":0.16},"1030":{"user":0.1,"system":0.2,"children_user":0.0,"children_system":0.2}},"average_relative_cpu_utilization":0.2380871523,"absolute_cpu_utilization":0.9988017246,"relative_mem_usage":0.1527129723,"absolute_mem_usage":3723853824.0,"absolute_mem_percent_usage":0.0275638908,"mem_info_per_process":{"910":{"rss":3650940928,"vms":11947261952,"shared":565096448,"text":2322432,"lib":0,"data":10219458560,"dirty":0,"uss":125378560,"pss":1793784832,"swap":0},"1030":{"rss":3267690496,"vms":11947261952,"shared":180899840,"text":2322432,"lib":0,"data":10219458560,"dirty":0,"uss":118112256,"pss":1686578176,"swap":0}},"nvidia_draw_absolute":100.9,"nvidia_estimated_attributable_power_draw":100.9,"average_gpu_estimated_utilization_absolute":0.83,"per_gpu_average_estimated_utilization_absolute":{"(0, 910)":{"sm":83,"mem":24,"enc":0,"dec":0}},"average_gpu_estimated_utilization_relative":1.0,"per_gpu_performance_state":{"0":"P2"},"per_gpu_power_draw":{"0":100.9},"cpu_count_adjusted_average_load":[0.16625,0.155,0.1575],"realtime_carbon_intensity":339.3663136256,"disk_write_speed":26.8284971127,"process_ids":[910,1030]}
{"timestamp":1572416212.7360470295,"rapl_power_draw_absolute":86.6233672792,"rapl_estimated_attributable_power_draw":19.6931239126,"cpu_time_seconds":{"910":{"user":26.42,"system":2.82,"children_user":0.07,"children_system":0.16},"1030":{"user":0.2,"system":0.38,"children_user":0.01,"children_system":0.36}},"average_relative_cpu_utilization":0.2375828585,"absolute_cpu_utilization":1.0037836247,"relative_mem_usage":0.1528415847,"absolute_mem_usage":3726854144.0,"absolute_mem_percent_usage":0.0275860991,"mem_info_per_process":{"910":{"rss":3650940928,"vms":11947261952,"shared":565096448,"text":2322432,"lib":0,"data":10219458560,"dirty":0,"uss":126545920,"pss":1794368512,"swap":0},"1030":{"rss":3267883008,"vms":11947261952,"shared":180899840,"text":2322432,"lib":0,"data":10219458560,"dirty":0,"uss":118943744,"pss":1686995968,"swap":0}},"nvidia_draw_absolute":100.8,"nvidia_estimated_attributable_power_draw":100.8,"average_gpu_estimated_utilization_absolute":0.825,"per_gpu_average_estimated_utilization_absolute":{"(0, 910)":{"sm":82.5,"mem":24.0,"enc":0.0,"dec":0.0}},"average_gpu_estimated_utilization_relative":1.0,"per_gpu_performance_state":{"0":"P2"},"per_gpu_power_draw":{"0":100.8},"cpu_count_adjusted_average_load":[0.164375,0.155,0.1575],"realtime_carbon_intensity":339.3663136256,"disk_write_speed":20.8876938867,"process_ids":[910,1030]}
{"timestamp":1572416220.7140929699,"rapl_power_draw_absolute":86.5637093129,"rapl_estimated_attributable_power_draw":19.7576793782,"cpu_time_seconds":{"910":{"user":34.38,"system":2.82,"children_user":0.07,"children_system":0.16},"1030":{"user":0.28,"system":0.56,"children_user":0.02,"children_system":0.53}},"average_relative_cpu_utilization":0.2386004383,"absolute_cpu_utilization":0.9938017034,"relative_mem_usage":0.1528473685,"absolute_mem_usage":3726867456.0,"absolute_mem_percent_usage":0.0275861976,"mem_info_per_process":{"910":{"rss":3650940928,"vms":11947261952,"shared":565096448,"text":2322432,"lib":0,"data":10219458560,"dirty":0,"uss":126550016,"pss":1794371584,"swap":0},"1030":{"rss":3267883008,"vms":11947261952,"shared":180899840,"text":2322432,"lib":0,"data":10219458560,"dirty":0,"uss":118947840,"pss":1686998016,"swap":0}},"nvidia_draw_absolute":96.49,"nvidia_estimated_attributable_power_draw":96.49,"average_gpu_estimated_utilization_absolute":0.825,"per_gpu_average_estimated_utilization_absolute":{"(0, 910)":{"sm":82.5,"mem":24.0,"enc":0.0,"dec":0.0}},"average_gpu_estimated_utilization_relative":1.0,"per_gpu_performance_state":{"0":"P2"},"per_gpu_power_draw":{"0":96.49},"cpu_count_adjusted_average_load":[0.16375,0.155,0.1575],"realtime_carbon_intensity":339.3663136256,"disk_write_speed":13.2540956151,"process_ids":[910,1030]}
{"timestamp":1572416228.7105910778,"rapl_power_draw_absolute":86.4041176893,"rapl_estimated_attributable_power_draw":19.8341061536,"cpu_time_seconds":{"910":{"user":42.38,"system":2.82,"children_user":0.07,"children_system":0.16},"1030":{"user":0.33,"system":0.74,"children_user":0.02,"children_system":0.7}},"average_relative_cpu_utilization":0.2400847382,"absolute_cpu_utilization":0.9987736798,"relative_mem_usage":0.1528219017,"absolute_mem_usage":3726878720.0,"absolute_mem_percent_usage":0.027586281,"mem_info_per_process":{"910":{"rss":3650940928,"vms":11947261952,"shared":565096448,"text":2322432,"lib":0,"data":10219458560,"dirty":0,"uss":126554112,"pss":1794372608,"swap":0},"1030":{"rss":3267883008,"vms":11947261952,"shared":180899840,"text":2322432,"lib":0,"data":10219458560,"dirty":0,"uss":118951936,"pss":1687000064,"swap":0}},"nvidia_draw_absolute":99.36,"nvidia_estimated_attributable_power_draw":99.36,"average_gpu_estimated_utilization_absolute":0.825,"per_gpu_average_estimated_utilization_absolute":{"(0, 910)":{"sm":82.5,"mem":24.0,"enc":0.0,"dec":0.0}},"average_gpu_estimated_utilization_relative":1.0,"per_gpu_performance_state":{"0":"P2"},"per_gpu_power_draw":{"0":99.36},"cpu_count_adjusted_average_load":[0.16,0.154375,0.1575],"realtime_carbon_intensity":339.3663136256,"disk_write_speed":23.2206852485,"process_ids":[910,1030]}
{"timestamp":1572416236.6945700645,"rapl_power_draw_absolute":86.5726494831,"rapl_estimated_attributable_power_draw":19.8704470804,"cpu_time_seconds":{"910":{"user":50.36,"system":2.83,"children_user":0.07,"children_system":0.16},"1030":{"user":0.42,"system":0.91,"children_user":0.02,"children_system":0.88}},"average_relative_cpu_utilization":0.2397982158,"absolute_cpu_utilization":0.9987875524,"relative_mem_usage":0.1528481803,"absolute_mem_usage":3726891008.0,"absolute_mem_percent_usage":0.027586372,"mem_info_per_process":{"910":{"rss":3650940928,"vms":11947261952,"shared":565096448,"text":2322432,"lib":0,"data":10219458560,"dirty":0,"uss":126558208,"pss":1794374656,"swap":0},"1030":{"rss":3267883008,"vms":11947261952,"shared":180899840,"text":2322432,"lib":0,"data":10219458560,"dirty":0,"uss":118956032,"pss":1687002112,"swap":0}},"nvidia_draw_absolute":96.87,"nvidia_estimated_attributable_power_draw":96.87,"average_gpu_estimated_utilization_absolute":0.83,"per_gpu_average_estimated_utilization_absolute":{"(0, 910)":{"sm":83,"mem":24,"enc":0,"dec":0}},"average_gpu_estimated_utilization_relative":1.0,"per_gpu_performance_state":{"0":"P2"},"per_gpu_power_draw":{"0":96.87},"cpu_count_adjusted_average_load":[0.1621875,0.155,0.1575],"realtime_carbon_intensity":339.3663136256,"disk_write_speed":23.3492738442,"process_ids":[910,1030]}
{"timestamp":1572416244.6888780594,"rapl_power_draw_absolute":86.642624685,"rapl_estimated_attributable_power_draw":19.8211188945,"cpu_time_seconds":{"910":{"user":58.35,"system":2.84,"children_user":0.07,"children_system":0.16},"1030":{"user":0.51,"system":1.08,"children_user":0.03,"children_system":1.06}},"average_relative_cpu_utilization":0.2389406199,"absolute_cpu_utilization":0.998793597,"relative_mem_usage":0.152844037,"absolute_mem_usage":3726903296.0,"absolute_mem_percent_usage":0.0275864629,"mem_info_per_process":{"910":{"rss":3650940928,"vms":11947261952,"shared":565096448,"text":2322432,"lib":0,"data":10219458560,"dirty":0,"uss":126562304,"pss":1794376704,"swap":0},"1030":{"rss":3267883008,"vms":11947261952,"shared":180899840,"text":2322432,"lib":0,"data":10219458560,"dirty":0,"uss":118960128,"pss":1687004160,"swap":0}},"nvidia_draw_absolute":99.84,"nvidia_estimated_attributable_power_draw":99.84,"average_gpu_estimated_utilization_absolute":0.83,"per_gpu_average_estimated_utilization_absolute":{"(0, 910)":{"sm":83,"mem":24,"enc":0,"dec":0}},"average_gpu_estimated_utilization_relative":1.0,"per_gpu_performance_state":{"0":"P2"},"per_gpu_power_draw":{"0":99.84},"cpu_count_adjusted_average_load":[0.1590625,0.1546875,0.1575],"realtime_carbon_intensity":336.7645075741,"disk_write_speed":8.2762202396,"process_ids":[910,1030]}
{"timestamp":1572416252.8330039978,"rapl_power_draw_absolute":86.5139642643,"rapl_estimated_attributable_power_draw":19.7068577164,"cpu_time_seconds":{"910":{"user":66.49,"system":2.84,"children_user":0.07,"children_system":0.16},"1030":{"user":0.58,"system":1.26,"children_user":0.03,"children_system":1.25}},"average_relative_cpu_utilization":0.2380341578,"absolute_cpu_utilization":0.9938095464,"relative_mem_usage":0.1528353418,"absolute_mem_usage":3726981120.0,"absolute_mem_percent_usage":0.027587039,"mem_info_per_process":{"910":{"rss":3650940928,"vms":11947261952,"shared":565096448,"text":2322432,"lib":0,"data":10219458560,"dirty":0,"uss":126599168,"pss":1794331648,"swap":0},"1030":{"rss":3267883008,"vms":11947261952,"shared":180899840,"text":2322432,"lib":0,"data":10219458560,"dirty":0,"uss":119017472,"pss":1687032832,"swap":0}},"nvidia_draw_absolute":100.67,"nvidia_estimated_attributable_power_draw":100.67,"average_gpu_estimated_utilization_absolute":0.825,"per_gpu_average_estimated_utilization_absolute":{"(0, 910)":{"sm":82.5,"mem":24.0,"enc":0.0,"dec":0.0}},"average_gpu_estimated_utilization_relative":1.0,"per_gpu_performance_state":{"0":"P2"},"per_gpu_power_draw":{"0":100.67},"cpu_count_adjusted_average_load":[0.160625,0.155,0.1575],"realtime_carbon_intensity":336.7645075741,"disk_write_speed":13.8277687325,"process_ids":[910,1030]}
{"timestamp":1572416260.8141520023,"rapl_power_draw_absolute":86.4418277414,"rapl_estimated_attributable_power_draw":20.0527359172,"cpu_time_seconds":{"910":{"user":74.47,"system":2.84,"children_user":0.07,"children_system":0.16},"1030":{"user":0.62,"system":1.45,"children_user":0.04,"children_system":1.42}},"average_relative_cpu_utilization":0.2427064205,"absolute_cpu_utilization":0.9987768349,"relative_mem_usage":0.152836738,"absolute_mem_usage":3727089664.0,"absolute_mem_percent_usage":0.0275878424,"mem_info_per_process":{"910":{"rss":3650940928,"vms":11947261952,"shared":565096448,"text":2322432,"lib":0,"data":10219458560,"dirty":0,"uss":126623744,"pss":1794408448,"swap":0},"1030":{"rss":3267883008,"vms":11947261952,"shared":180899840,"text":2322432,"lib":0,"data":10219458560,"dirty":0,"uss":119021568,"pss":1687035904,"swap":0}},"nvidia_draw_absolute":100.13,"nvidia_estimated_attributable_power_draw":100.13,"average_gpu_estimated_utilization_absolute":0.835,"per_gpu_average_estimated_utilization_absolute":{"(0, 910)":{"sm":83.5,"mem":24.5,"enc":0.0,"dec":0.0}},"average_gpu_estimated_utilization_relative":1.0,"per_gpu_performance_state":{"0":"P2"},"per_gpu_power_draw":{"0":100.13},"cpu_count_adjusted_average_load":[0.1678125,0.1565625,0.158125],"realtime_carbon_intensity":336.7645075741,"disk_write_speed":19.4611901114,"process_ids":[910,1030]}
{"timestamp":1572416268.8553979397,"rapl_power_draw_absolute":86.5125288296,"rapl_estimated_attributable_power_draw":20.2233546803,"cpu_time_seconds":{"910":{"user":82.51,"system":2.85,"children_user":0.07,"children_system":0.16},"1030":{"user":0.71,"system":1.63,"children_user":0.04,"children_system":1.59}},"average_relative_cpu_utilization":0.2445127142,"absolute_cpu_utilization":1.0037920898,"relative_mem_usage":0.1528514138,"absolute_mem_usage":3727101952.0,"absolute_mem_percent_usage":0.0275879334,"mem_info_per_process":{"910":{"rss":3650940928,"vms":11947261952,"shared":565096448,"text":2322432,"lib":0,"data":10219458560,"dirty":0,"uss":126627840,"pss":1794410496,"swap":0},"1030":{"rss":3267883008,"vms":11947261952,"shared":180899840,"text":2322432,"lib":0,"data":10219458560,"dirty":0,"uss":119025664,"pss":1687037952,"swap":0}},"nvidia_draw_absolute":101.9,"nvidia_estimated_attributable_power_draw":101.9,"average_gpu_estimated_utilization_absolute":0.8266666667,"per_gpu_average_estimated_utilization_absolute":{"(0, 910)":{"sm":82.6666666667,"mem":24.0,"enc":0.0,"dec":0.0}},"average_gpu_estimated_utilization_relative":1.0,"per_gpu_performance_state":{"0":"P2"},"per_gpu_power_draw":{"0":101.9},"cpu_count_adjusted_average_load":[0.17875,0.159375,0.15875],"realtime_carbon_intensity":336.7645075741,"disk_write_speed":22.4795714149,"process_ids":[910,1030]}
{"timestamp":1572416276.8623480797,"rapl_power_draw_absolute":86.3074973928,"rapl_estimated_attributable_power_draw":20.1034504262,"cpu_time_seconds":{"910":{"user":90.51,"system":2.86,"children_user":0.07,"children_system":0.16},"1030":{"user":0.79,"system":1.81,"children_user":0.05,"children_system":1.76}},"average_relative_cpu_utilization":0.243890598,"absolute_cpu_utilization":0.998769449,"relative_mem_usage":0.1528630876,"absolute_mem_usage":3727114240.0,"absolute_mem_percent_usage":0.0275880243,"mem_info_per_process":{"910":{"rss":3650940928,"vms":11947261952,"shared":565096448,"text":2322432,"lib":0,"data":10219458560,"dirty":0,"uss":126631936,"pss":1794412544,"swap":0},"1030":{"rss":3267883008,"vms":11947261952,"shared":180899840,"text":2322432,"lib":0,"data":10219458560,"dirty":0,"uss":119029760,"pss":1687040000,"swap":0}},"nvidia_draw_absolute":102.8,"nvidia_estimated_attributable_power_draw":102.8,"average_gpu_estimated_utilization_absolute":0.83,"per_gpu_average_estimated_utilization_absolute":{"(0, 910)":{"sm":83.0,"mem":24.3333333333,"enc":0.0,"dec":0.0}},"average_gpu_estimated_utilization_relative":1.0,"per_gpu_performance_state":{"0":"P2"},"per_gpu_power_draw":{"0":102.8},"cpu_count_adjusted_average_load":[0.1703125,0.158125,0.1584375],"realtime_carbon_intensity":336.7645075741,"disk_write_speed":17.4969860143,"process_ids":[910,1030]}
{"timestamp":1572416284.9067370892,"rapl_power_draw_absolute":86.4726172614,"rapl_estimated_attributable_power_draw":20.0271739449,"cpu_time_seconds":{"910":{"user":98.55,"system":2.86,"children_user":0.07,"children_system":0.16},"1030":{"user":0.88,"system":1.98,"children_user":0.06,"children_system":1.94}},"average_relative_cpu_utilization":0.2421174311,"absolute_cpu_utilization":0.9987861384,"relative_mem_usage":0.1528697807,"absolute_mem_usage":3727126528.0,"absolute_mem_percent_usage":0.0275881153,"mem_info_per_process":{"910":{"rss":3650940928,"vms":11947261952,"shared":565096448,"text":2322432,"lib":0,"data":10219458560,"dirty":0,"uss":126636032,"pss":1794414592,"swap":0},"1030":{"rss":3267883008,"vms":11947261952,"shared":180899840,"text":2322432,"lib":0,"data":10219458560,"dirty":0,"uss":119033856,"pss":1687042048,"swap":0}},"nvidia_draw_absolute":100.71,"nvidia_estimated_attributable_power_draw":100.71,"average_gpu_estimated_utilization_absolute":0.8266666667,"per_gpu_average_estimated_utilization_absolute":{"(0, 910)":{"sm":82.6666666667,"mem":24.3333333333,"enc":0.0,"dec":0.0}},"average_gpu_estimated_utilization_relative":1.0,"per_gpu_performance_state":{"0":"P2"},"per_gpu_power_draw":{"0":100.71},"cpu_count_adjusted_average_load":[0.176875,0.1596875,0.1590625],"realtime_carbon_intensity":336.7645075741,"disk_write_speed":15.1386125749,"process_ids":[910,1030]}
{"timestamp":1572416292.9022688866,"rapl_power_draw_absolute":86.4706607055,"rapl_estimated_attributable_power_draw":19.9859461993,"cpu_time_seconds":{"910":{"user":106.54,"system":2.87,"children_user":0.07,"children_system":0.16},"1030":{"user":0.93,"system":2.16,"children_user":0.06,"children_system":2.12}},"average_relative_cpu_utilization":0.2418280435,"absolute_cpu_utilization":0.9987749452,"relative_mem_usage":0.1528799835,"absolute_mem_usage":3727151104.0,"absolute_mem_percent_usage":0.0275882972,"mem_info_per_process":{"910":{"rss":3650940928,"vms":11947261952,"shared":565096448,"text":2322432,"lib":0,"data":10219458560,"dirty":0,"uss":126644224,"pss":1794418688,"swap":0},"1030":{"rss":3267883008,"vms":11947261952,"shared":180899840,"text":2322432,"lib":0,"data":10219458560,"dirty":0,"uss":119042048,"pss":1687046144,"swap":0}},"nvidia_draw_absolute":98.12,"nvidia_estimated_attributable_power_draw":98.12,"average_gpu_estimated_utilization_absolute":0.825,"per_gpu_average_estimated_utilization_absolute":{"(0, 910)":{"sm":82.5,"mem":24.0,"enc":0.0,"dec":0.0}},"average_gpu_estimated_utilization_relative":1.0,"per_gpu_performance_state":{"0":"P2"},"per_gpu_power_draw":{"0":98.12},"cpu_count_adjusted_average_load":[0.17375,0.159375,0.1590625],"realtime_carbon_intensity":336.7645075741,"disk_write_speed":17.3685654787,"process_ids":[910,1030]}
{"timestamp":1572416300.9625310898,"rapl_power_draw_absolute":77.7411414037,"rapl_estimated_attributable_power_draw":23.5512623348,"cpu_time_seconds":{"910":{"user":114.6,"system":2.88,"children_user":0.07,"children_system":0.16},"1030":{"user":1.0,"system":2.34,"children_user":0.07,"children_system":2.28}},"average_relative_cpu_utilization":0.3220971947,"absolute_cpu_utilization":1.003776394,"relative_mem_usage":0.1798594736,"absolute_mem_usage":3757481984.0,"absolute_mem_percent_usage":0.0278128058,"mem_info_per_process":{"910":{"rss":3650940928,"vms":11947261952,"shared":565096448,"text":2322432,"lib":0,"data":10219458560,"dirty":0,"uss":126681088,"pss":1824103424,"swap":0},"1030":{"rss":3267883008,"vms":11947261952,"shared":180899840,"text":2322432,"lib":0,"data":10219458560,"dirty":0,"uss":119042048,"pss":1687655424,"swap":0}},"nvidia_draw_absolute":102.36,"nvidia_estimated_attributable_power_draw":102.36,"average_gpu_estimated_utilization_absolute":0.832,"per_gpu_average_estimated_utilization_absolute":{"(0, 910)":{"sm":83.2,"mem":24.0,"enc":0.0,"dec":0.0}},"average_gpu_estimated_utilization_relative":1.0,"per_gpu_performance_state":{"0":"P2"},"per_gpu_power_draw":{"0":102.36},"cpu_count_adjusted_average_load":[0.1675,0.1584375,0.15875],"realtime_carbon_intensity":336.7645075741,"disk_write_speed":37.8127350491,"process_ids":[910,1030]}
{"timestamp":1572416309.4582459927,"rapl_power_draw_absolute":82.9751859135,"rapl_estimated_attributable_power_draw":22.7887441213,"cpu_time_seconds":{"910":{"user":123.09,"system":2.88,"children_user":0.07,"children_system":0.16},"1030":{"user":1.13,"system":2.51,"children_user":0.07,"children_system":2.44}},"average_relative_cpu_utilization":0.2883702862,"absolute_cpu_utilization":1.0037957314,"relative_mem_usage":0.1793368083,"absolute_mem_usage":3757474816.0,"absolute_mem_percent_usage":0.0278127527,"mem_info_per_process":{"910":{"rss":3650940928,"vms":11947261952,"shared":565096448,"text":2322432,"lib":0,"data":10219458560,"dirty":0,"uss":126685184,"pss":1824082944,"swap":0},"1030":{"rss":3267887104,"vms":11947261952,"shared":180899840,"text":2322432,"lib":0,"data":10219458560,"dirty":0,"uss":119050240,"pss":1687656448,"swap":0}},"nvidia_draw_absolute":103.29,"nvidia_estimated_attributable_power_draw":103.29,"average_gpu_estimated_utilization_absolute":0.825,"per_gpu_average_estimated_utilization_absolute":{"(0, 910)":{"sm":82.5,"mem":24.25,"enc":0.0,"dec":0.0}},"average_gpu_estimated_utilization_relative":1.0,"per_gpu_performance_state":{"0":"P2"},"per_gpu_power_draw":{"0":103.29},"cpu_count_adjusted_average_load":[0.1725,0.16,0.1590625],"realtime_carbon_intensity":336.7645075741,"disk_write_speed":5.0291937486,"process_ids":[910,1030]}
{"timestamp":1572416318.1157329082,"rapl_power_draw_absolute":84.4663444338,"rapl_estimated_attributable_power_draw":20.5760804585,"cpu_time_seconds":{"910":{"user":131.74,"system":2.89,"children_user":0.07,"children_system":0.16},"1030":{"user":1.17,"system":2.68,"children_user":0.09,"children_system":2.59}},"average_relative_cpu_utilization":0.2525000449,"absolute_cpu_utilization":1.0037714977,"relative_mem_usage":0.179670896,"absolute_mem_usage":3757031424.0,"absolute_mem_percent_usage":0.0278094707,"mem_info_per_process":{"910":{"rss":3650940928,"vms":11947261952,"shared":565096448,"text":2322432,"lib":0,"data":10219458560,"dirty":0,"uss":126689280,"pss":1823731712,"swap":0},"1030":{"rss":3267887104,"vms":11947261952,"shared":180899840,"text":2322432,"lib":0,"data":10219458560,"dirty":0,"uss":119054336,"pss":1687556096,"swap":0}},"nvidia_draw_absolute":100.31,"nvidia_estimated_attributable_power_draw":100.31,"average_gpu_estimated_utilization_absolute":0.8,"per_gpu_average_estimated_utilization_absolute":{"(0, 910)":{"sm":80.0,"mem":23.3333333333,"enc":0.0,"dec":0.0}},"average_gpu_estimated_utilization_relative":1.0,"per_gpu_performance_state":{"0":"P2"},"per_gpu_power_draw":{"0":100.31},"cpu_count_adjusted_average_load":[0.1940625,0.165,0.160625],"realtime_carbon_intensity":336.7645075741,"disk_write_speed":37.2139499937,"process_ids":[910,1030]}
{"timestamp":1572416328.3280320168,"rapl_power_draw_absolute":90.0227977046,"rapl_estimated_attributable_power_draw":16.6804675774,"cpu_time_seconds":{"910":{"user":141.94,"system":2.9,"children_user":0.07,"children_system":0.16},"1030":{"user":1.3,"system":2.86,"children_user":0.1,"children_system":2.76}},"average_relative_cpu_utilization":0.1870869417,"absolute_cpu_utilization":0.9987802017,"relative_mem_usage":0.1715796476,"absolute_mem_usage":3744474112.0,"absolute_mem_percent_usage":0.0277165218,"mem_info_per_process":{"910":{"rss":3650940928,"vms":11947261952,"shared":565096448,"text":2322432,"lib":0,"data":10219458560,"dirty":0,"uss":126590976,"pss":1811493888,"swap":0},"1030":{"rss":3267887104,"vms":11947261952,"shared":180899840,"text":2322432,"lib":0,"data":10219458560,"dirty":0,"uss":119058432,"pss":1687330816,"swap":0}},"nvidia_draw_absolute":103.87,"nvidia_estimated_attributable_power_draw":103.87,"average_gpu_estimated_utilization_absolute":0.81,"per_gpu_average_estimated_utilization_absolute":{"(0, 910)":{"sm":81.0,"mem":23.5,"enc":0.0,"dec":0.0}},"average_gpu_estimated_utilization_relative":1.0,"per_gpu_performance_state":{"0":"P2"},"per_gpu_power_draw":{"0":103.87},"cpu_count_adjusted_average_load":[0.1834375,0.16375,0.1603125],"realtime_carbon_intensity":336.7645075741,"disk_write_speed":31.5566788978,"process_ids":[910,1030]}
{"timestamp":1572416336.3382511139,"rapl_power_draw_absolute":86.7229964887,"rapl_estimated_attributable_power_draw":19.5778241593,"cpu_time_seconds":{"910":{"user":149.96,"system":2.9,"children_user":0.07,"children_system":0.16},"1030":{"user":1.4,"system":3.06,"children_user":0.12,"children_system":2.92}},"average_relative_cpu_utilization":0.2356285938,"absolute_cpu_utilization":1.003769227,"relative_mem_usage":0.1533237031,"absolute_mem_usage":3724517376.0,"absolute_mem_percent_usage":0.0275688024,"mem_info_per_process":{"910":{"rss":3650940928,"vms":11947261952,"shared":565096448,"text":2322432,"lib":0,"data":10219458560,"dirty":0,"uss":126484480,"pss":1791782912,"swap":0},"1030":{"rss":3267887104,"vms":11947261952,"shared":180899840,"text":2322432,"lib":0,"data":10219458560,"dirty":0,"uss":119062528,"pss":1687187456,"swap":0}},"nvidia_draw_absolute":101.19,"nvidia_estimated_attributable_power_draw":101.19,"average_gpu_estimated_utilization_absolute":0.8166666667,"per_gpu_average_estimated_utilization_absolute":{"(0, 910)":{"sm":81.6666666667,"mem":23.6666666667,"enc":0.0,"dec":0.0}},"average_gpu_estimated_utilization_relative":1.0,"per_gpu_performance_state":{"0":"P2"},"per_gpu_power_draw":{"0":101.19},"cpu_count_adjusted_average_load":[0.18125,0.1634375,0.1603125],"realtime_carbon_intensity":336.7645075741,"disk_write_speed":24.0886418775,"process_ids":[910,1030]}
{"timestamp":1572416344.3821868896,"rapl_power_draw_absolute":87.212511253,"rapl_estimated_attributable_power_draw":19.1483365322,"cpu_time_seconds":{"910":{"user":158.0,"system":2.9,"children_user":0.07,"children_system":0.16},"1030":{"user":1.49,"system":3.23,"children_user":0.14,"children_system":3.06}},"average_relative_cpu_utilization":0.2285634626,"absolute_cpu_utilization":0.9988059501,"relative_mem_usage":0.1532636527,"absolute_mem_usage":3724258304.0,"absolute_mem_percent_usage":0.0275668848,"mem_info_per_process":{"910":{"rss":3650940928,"vms":11947261952,"shared":565096448,"text":2322432,"lib":0,"data":10219458560,"dirty":0,"uss":126492672,"pss":1791693824,"swap":0},"1030":{"rss":3267887104,"vms":11947261952,"shared":180899840,"text":2322432,"lib":0,"data":10219458560,"dirty":0,"uss":119070720,"pss":1687001088,"swap":0}},"nvidia_draw_absolute":102.78,"nvidia_estimated_attributable_power_draw":102.78,"average_gpu_estimated_utilization_absolute":0.8166666667,"per_gpu_average_estimated_utilization_absolute":{"(0, 910)":{"sm":81.6666666667,"mem":23.3333333333,"enc":0.0,"dec":0.0}},"average_gpu_estimated_utilization_relative":1.0,"per_gpu_performance_state":{"0":"P2"},"per_gpu_power_draw":{"0":102.78},"cpu_count_adjusted_average_load":[0.181875,0.164375,0.160625],"realtime_carbon_intensity":336.7645075741,"disk_write_speed":14.4328145519,"process_ids":[910,1030]}
{"timestamp":1572416352.4145610332,"rapl_power_draw_absolute":87.277387557,"rapl_estimated_attributable_power_draw":19.2520560309,"cpu_time_seconds":{"910":{"user":166.02,"system":2.91,"children_user":0.07,"children_system":0.16},"1030":{"user":1.58,"system":3.4,"children_user":0.15,"children_system":3.24}},"average_relative_cpu_utilization":0.2297095491,"absolute_cpu_utilization":1.0037729881,"relative_mem_usage":0.153250969,"absolute_mem_usage":3724258304.0,"absolute_mem_percent_usage":0.0275668848,"mem_info_per_process":{"910":{"rss":3650940928,"vms":11947261952,"shared":565096448,"text":2322432,"lib":0,"data":10219458560,"dirty":0,"uss":126492672,"pss":1791693824,"swap":0},"1030":{"rss":3267887104,"vms":11947261952,"shared":180899840,"text":2322432,"lib":0,"data":10219458560,"dirty":0,"uss":119070720,"pss":1687001088,"swap":0}},"nvidia_draw_absolute":102.91,"nvidia_estimated_attributable_power_draw":102.91,"average_gpu_estimated_utilization_absolute":0.8133333333,"per_gpu_average_estimated_utilization_absolute":{"(0, 910)":{"sm":81.3333333333,"mem":23.6666666667,"enc":0.0,"dec":0.0}},"average_gpu_estimated_utilization_relative":1.0,"per_gpu_performance_state":{"0":"P2"},"per_gpu_power_draw":{"0":102.91},"cpu_count_adjusted_average_load":[0.1778125,0.1640625,0.160625],"realtime_carbon_intensity":336.7645075741,"disk_write_speed":25.0338493973,"process_ids":[910,1030]}
{"timestamp":1572416360.4018609524,"rapl_power_draw_absolute":87.3337441902,"rapl_estimated_attributable_power_draw":19.4180803459,"cpu_time_seconds":{"910":{"user":174.01,"system":2.91,"children_user":0.07,"children_system":0.16},"1030":{"user":1.66,"system":3.58,"children_user":0.16,"children_system":3.4}},"average_relative_cpu_utilization":0.2316433039,"absolute_cpu_utilization":1.0087883536,"relative_mem_usage":0.1532688345,"absolute_mem_usage":3724270592.0,"absolute_mem_percent_usage":0.0275669757,"mem_info_per_process":{"910":{"rss":3650940928,"vms":11947261952,"shared":565096448,"text":2322432,"lib":0,"data":10219458560,"dirty":0,"uss":126496768,"pss":1791695872,"swap":0},"1030":{"rss":3267887104,"vms":11947261952,"shared":180899840,"text":2322432,"lib":0,"data":10219458560,"dirty":0,"uss":119074816,"pss":1687003136,"swap":0}},"nvidia_draw_absolute":102.05,"nvidia_estimated_attributable_power_draw":102.05,"average_gpu_estimated_utilization_absolute":0.815,"per_gpu_average_estimated_utilization_absolute":{"(0, 910)":{"sm":81.5,"mem":23.5,"enc":0.0,"dec":0.0}},"average_gpu_estimated_utilization_relative":1.0,"per_gpu_performance_state":{"0":"P2"},"per_gpu_power_draw":{"0":102.05},"cpu_count_adjusted_average_load":[0.17375,0.1634375,0.1603125],"realtime_carbon_intensity":336.7645075741,"disk_write_speed":19.7674081028,"process_ids":[910,1030]}
{"timestamp":1572416368.3656580448,"rapl_power_draw_absolute":86.9765516539,"rapl_estimated_attributable_power_draw":19.5965338644,"cpu_time_seconds":{"910":{"user":181.97,"system":2.92,"children_user":0.07,"children_system":0.16},"1030":{"user":1.73,"system":3.76,"children_user":0.17,"children_system":3.56}},"average_relative_cpu_utilization":0.2350092463,"absolute_cpu_utilization":0.9988008513,"relative_mem_usage":0.1532890299,"absolute_mem_usage":3724282880.0,"absolute_mem_percent_usage":0.0275670667,"mem_info_per_process":{"910":{"rss":3650940928,"vms":11947261952,"shared":565096448,"text":2322432,"lib":0,"data":10219458560,"dirty":0,"uss":126500864,"pss":1791697920,"swap":0},"1030":{"rss":3267887104,"vms":11947261952,"shared":180899840,"text":2322432,"lib":0,"data":10219458560,"dirty":0,"uss":119078912,"pss":1687005184,"swap":0}},"nvidia_draw_absolute":102.59,"nvidia_estimated_attributable_power_draw":102.59,"average_gpu_estimated_utilization_absolute":0.815,"per_gpu_average_estimated_utilization_absolute":{"(0, 910)":{"sm":81.5,"mem":23.5,"enc":0.0,"dec":0.0}},"average_gpu_estimated_utilization_relative":1.0,"per_gpu_performance_state":{"0":"P2"},"per_gpu_power_draw":{"0":102.59},"cpu_count_adjusted_average_load":[0.178125,0.1646875,0.1609375],"realtime_carbon_intensity":336.7645075741,"disk_write_speed":19.7835849654,"process_ids":[910,1030]}
{"timestamp":1572416376.3391048908,"rapl_power_draw_absolute":86.955415373,"rapl_estimated_attributable_power_draw":19.7077413427,"cpu_time_seconds":{"910":{"user":189.94,"system":2.92,"children_user":0.07,"children_system":0.16},"1030":{"user":1.81,"system":3.93,"children_user":0.18,"children_system":3.73}},"average_relative_cpu_utilization":0.2366747583,"absolute_cpu_utilization":0.9987890687,"relative_mem_usage":0.153311693,"absolute_mem_usage":3724297216.0,"absolute_mem_percent_usage":0.0275671728,"mem_info_per_process":{"910":{"rss":3650940928,"vms":11947261952,"shared":565096448,"text":2322432,"lib":0,"data":10219458560,"dirty":0,"uss":126504960,"pss":1791700992,"swap":0},"1030":{"rss":3267887104,"vms":11947261952,"shared":180899840,"text":2322432,"lib":0,"data":10219458560,"dirty":0,"uss":119083008,"pss":1687008256,"swap":0}},"nvidia_draw_absolute":101.54,"nvidia_estimated_attributable_power_draw":101.54,"average_gpu_estimated_utilization_absolute":0.8133333333,"per_gpu_average_estimated_utilization_absolute":{"(0, 910)":{"sm":81.3333333333,"mem":23.6666666667,"enc":0.0,"dec":0.0}},"average_gpu_estimated_utilization_relative":1.0,"per_gpu_performance_state":{"0":"P2"},"per_gpu_power_draw":{"0":101.54},"cpu_count_adjusted_average_load":[0.1740625,0.1640625,0.160625],"realtime_carbon_intensity":336.7645075741,"disk_write_speed":14.7709580133,"process_ids":[910,1030]}
{"timestamp":1572416384.3446319103,"rapl_power_draw_absolute":87.0633462849,"rapl_estimated_attributable_power_draw":19.7891474279,"cpu_time_seconds":{"910":{"user":197.94,"system":2.93,"children_user":0.07,"children_system":0.16},"1030":{"user":1.88,"system":4.11,"children_user":0.19,"children_system":3.89}},"average_relative_cpu_utilization":0.2372995573,"absolute_cpu_utilization":1.0037866947,"relative_mem_usage":0.1532806936,"absolute_mem_usage":3724309504.0,"absolute_mem_percent_usage":0.0275672637,"mem_info_per_process":{"910":{"rss":3650940928,"vms":11947261952,"shared":565096448,"text":2322432,"lib":0,"data":10219458560,"dirty":0,"uss":126509056,"pss":1791703040,"swap":0},"1030":{"rss":3267887104,"vms":11947261952,"shared":180899840,"text":2322432,"lib":0,"data":10219458560,"dirty":0,"uss":119087104,"pss":1687010304,"swap":0}},"nvidia_draw_absolute":101.46,"nvidia_estimated_attributable_power_draw":101.46,"average_gpu_estimated_utilization_absolute":0.815,"per_gpu_average_estimated_utilization_absolute":{"(0, 910)":{"sm":81.5,"mem":23.5,"enc":0.0,"dec":0.0}},"average_gpu_estimated_utilization_relative":1.0,"per_gpu_performance_state":{"0":"P2"},"per_gpu_power_draw":{"0":101.46},"cpu_count_adjusted_average_load":[0.1803125,0.165625,0.16125],"realtime_carbon_intensity":336.7645075741,"disk_write_speed":19.7663926874,"process_ids":[910,1030]}
{"timestamp":1572416392.3160290718,"rapl_power_draw_absolute":87.2653524278,"rapl_estimated_attributable_power_draw":19.6332530796,"cpu_time_seconds":{"910":{"user":205.9,"system":2.94,"children_user":0.07,"children_system":0.16},"1030":{"user":1.96,"system":4.28,"children_user":0.2,"children_system":4.06}},"average_relative_cpu_utilization":0.2348049092,"absolute_cpu_utilization":1.0038002581,"relative_mem_usage":0.1532714067,"absolute_mem_usage":3724321792.0,"absolute_mem_percent_usage":0.0275673547,"mem_info_per_process":{"910":{"rss":3650940928,"vms":11947261952,"shared":565096448,"text":2322432,"lib":0,"data":10219458560,"dirty":0,"uss":126513152,"pss":1791705088,"swap":0},"1030":{"rss":3267887104,"vms":11947261952,"shared":180899840,"text":2322432,"lib":0,"data":10219458560,"dirty":0,"uss":119091200,"pss":1687012352,"swap":0}},"nvidia_draw_absolute":102.14,"nvidia_estimated_attributable_power_draw":102.14,"average_gpu_estimated_utilization_absolute":0.8133333333,"per_gpu_average_estimated_utilization_absolute":{"(0, 910)":{"sm":81.3333333333,"mem":23.6666666667,"enc":0.0,"dec":0.0}},"average_gpu_estimated_utilization_relative":1.0,"per_gpu_performance_state":{"0":"P2"},"per_gpu_power_draw":{"0":102.14},"cpu_count_adjusted_average_load":[0.179375,0.1659375,0.16125],"realtime_carbon_intensity":336.7645075741,"disk_write_speed":25.8978609049,"process_ids":[910,1030]}
{"timestamp":1572416400.2857940197,"rapl_power_draw_absolute":87.5548338611,"rapl_estimated_attributable_power_draw":19.3433269469,"cpu_time_seconds":{"910":{"user":213.87,"system":2.94,"children_user":0.07,"children_system":0.16},"1030":{"user":2.03,"system":4.48,"children_user":0.21,"children_system":4.22}},"average_relative_cpu_utilization":0.2301409664,"absolute_cpu_utilization":0.9988028748,"relative_mem_usage":0.1532718607,"absolute_mem_usage":3724334080.0,"absolute_mem_percent_usage":0.0275674456,"mem_info_per_process":{"910":{"rss":3650940928,"vms":11947261952,"shared":565096448,"text":2322432,"lib":0,"data":10219458560,"dirty":0,"uss":126517248,"pss":1791707136,"swap":0},"1030":{"rss":3267887104,"vms":11947261952,"shared":180899840,"text":2322432,"lib":0,"data":10219458560,"dirty":0,"uss":119095296,"pss":1687014400,"swap":0}},"nvidia_draw_absolute":101.82,"nvidia_estimated_attributable_power_draw":101.82,"average_gpu_estimated_utilization_absolute":0.815,"per_gpu_average_estimated_utilization_absolute":{"(0, 910)":{"sm":81.5,"mem":23.5,"enc":0.0,"dec":0.0}},"average_gpu_estimated_utilization_relative":1.0,"per_gpu_performance_state":{"0":"P2"},"per_gpu_power_draw":{"0":101.82},"cpu_count_adjusted_average_load":[0.1775,0.1659375,0.16125],"realtime_carbon_intensity":336.7645075741,"disk_write_speed":24.015609323,"process_ids":[910,1030]}
{"timestamp":1572416408.2961480618,"rapl_power_draw_absolute":87.3170415622,"rapl_estimated_attributable_power_draw":19.7517124872,"cpu_time_seconds":{"910":{"user":221.87,"system":2.95,"children_user":0.07,"children_system":0.16},"1030":{"user":2.14,"system":4.63,"children_user":0.21,"children_system":4.39}},"average_relative_cpu_utilization":0.2361193849,"absolute_cpu_utilization":0.9988052923,"relative_mem_usage":0.1532915397,"absolute_mem_usage":3724346368.0,"absolute_mem_percent_usage":0.0275675366,"mem_info_per_process":{"910":{"rss":3650940928,"vms":11947261952,"shared":565096448,"text":2322432,"lib":0,"data":10219458560,"dirty":0,"uss":126521344,"pss":1791709184,"swap":0},"1030":{"rss":3267887104,"vms":11947261952,"shared":180899840,"text":2322432,"lib":0,"data":10219458560,"dirty":0,"uss":119099392,"pss":1687016448,"swap":0}},"nvidia_draw_absolute":102.11,"nvidia_estimated_attributable_power_draw":102.11,"average_gpu_estimated_utilization_absolute":0.82,"per_gpu_average_estimated_utilization_absolute":{"(0, 910)":{"sm":82,"mem":24,"enc":0,"dec":0}},"average_gpu_estimated_utilization_relative":1.0,"per_gpu_performance_state":{"0":"P2"},"per_gpu_power_draw":{"0":102.11},"cpu_count_adjusted_average_load":[0.1784375,0.1665625,0.1615625],"realtime_carbon_intensity":336.7645075741,"disk_write_speed":31.5693511967,"process_ids":[910,1030]}
{"timestamp":1572416416.2932651043,"rapl_power_draw_absolute":86.9618513817,"rapl_estimated_attributable_power_draw":19.5394897281,"cpu_time_seconds":{"910":{"user":229.86,"system":2.96,"children_user":0.07,"children_system":0.16},"1030":{"user":2.24,"system":4.82,"children_user":0.22,"children_system":4.56}},"average_relative_cpu_utilization":0.234458653,"absolute_cpu_utilization":0.9988116028,"relative_mem_usage":0.1533065966,"absolute_mem_usage":3724358656.0,"absolute_mem_percent_usage":0.0275676276,"mem_info_per_process":{"910":{"rss":3650940928,"vms":11947261952,"shared":565096448,"text":2322432,"lib":0,"data":10219458560,"dirty":0,"uss":126525440,"pss":1791711232,"swap":0},"1030":{"rss":3267887104,"vms":11947261952,"shared":180899840,"text":2322432,"lib":0,"data":10219458560,"dirty":0,"uss":119103488,"pss":1687018496,"swap":0}},"nvidia_draw_absolute":103.17,"nvidia_estimated_attributable_power_draw":103.17,"average_gpu_estimated_utilization_absolute":0.82,"per_gpu_average_estimated_utilization_absolute":{"(0, 910)":{"sm":82.0,"mem":23.5,"enc":0.0,"dec":0.0}},"average_gpu_estimated_utilization_relative":1.0,"per_gpu_performance_state":{"0":"P2"},"per_gpu_power_draw":{"0":103.17},"cpu_count_adjusted_average_load":[0.174375,0.1659375,0.1615625],"realtime_carbon_intensity":336.7645075741,"disk_write_speed":30.8137209931,"process_ids":[910,1030]}
{"timestamp":1572416424.3293209076,"rapl_power_draw_absolute":87.0434555449,"rapl_estimated_attributable_power_draw":19.689070856,"cpu_time_seconds":{"910":{"user":237.87,"system":2.98,"children_user":0.07,"children_system":0.16},"1030":{"user":2.33,"system":5.02,"children_user":0.22,"children_system":4.73}},"average_relative_cpu_utilization":0.2361189624,"absolute_cpu_utilization":0.9988043391,"relative_mem_usage":0.1533011058,"absolute_mem_usage":3724370944.0,"absolute_mem_percent_usage":0.0275677185,"mem_info_per_process":{"910":{"rss":3650940928,"vms":11947261952,"shared":565096448,"text":2322432,"lib":0,"data":10219458560,"dirty":0,"uss":126529536,"pss":1791713280,"swap":0},"1030":{"rss":3267887104,"vms":11947261952,"shared":180899840,"text":2322432,"lib":0,"data":10219458560,"dirty":0,"uss":119107584,"pss":1687020544,"swap":0}},"nvidia_draw_absolute":101.92,"nvidia_estimated_attributable_power_draw":101.92,"average_gpu_estimated_utilization_absolute":0.815,"per_gpu_average_estimated_utilization_absolute":{"(0, 910)":{"sm":81.5,"mem":23.5,"enc":0.0,"dec":0.0}},"average_gpu_estimated_utilization_relative":1.0,"per_gpu_performance_state":{"0":"P2"},"per_gpu_power_draw":{"0":101.92},"cpu_count_adjusted_average_load":[0.17125,0.1653125,0.16125],"realtime_carbon_intensity":336.7645075741,"disk_write_speed":23.4566548447,"process_ids":[910,1030]}
{"timestamp":1572416432.3478019238,"rapl_power_draw_absolute":87.2179701039,"rapl_estimated_attributable_power_draw":19.6392497354,"cpu_time_seconds":{"910":{"user":245.89,"system":2.98,"children_user":0.07,"children_system":0.16},"1030":{"user":2.42,"system":5.19,"children_user":0.23,"children_system":4.9}},"average_relative_cpu_utilization":0.2350090327,"absolute_cpu_utilization":0.9987859414,"relative_mem_usage":0.1533060832,"absolute_mem_usage":3724383232.0,"absolute_mem_percent_usage":0.0275678095,"mem_info_per_process":{"910":{"rss":3650940928,"vms":11947261952,"shared":565096448,"text":2322432,"lib":0,"data":10219458560,"dirty":0,"uss":126533632,"pss":1791715328,"swap":0},"1030":{"rss":3267887104,"vms":11947261952,"shared":180899840,"text":2322432,"lib":0,"data":10219458560,"dirty":0,"uss":119111680,"pss":1687022592,"swap":0}},"nvidia_draw_absolute":102.59,"nvidia_estimated_attributable_power_draw":102.59,"average_gpu_estimated_utilization_absolute":0.8133333333,"per_gpu_average_estimated_utilization_absolute":{"(0, 910)":{"sm":81.3333333333,"mem":23.6666666667,"enc":0.0,"dec":0.0}},"average_gpu_estimated_utilization_relative":1.0,"per_gpu_performance_state":{"0":"P2"},"per_gpu_power_draw":{"0":102.59},"cpu_count_adjusted_average_load":[0.1690625,0.165,0.16125],"realtime_carbon_intensity":336.7645075741,"disk_write_speed":33.7617210231,"process_ids":[910,1030]}
{"timestamp":1572416440.3221600056,"rapl_power_draw_absolute":87.5537204558,"rapl_estimated_attributable_power_draw":19.451548233,"cpu_time_seconds":{"910":{"user":253.86,"system":2.99,"children_user":0.07,"children_system":0.16},"1030":{"user":2.54,"system":5.37,"children_user":0.25,"children_system":5.06}},"average_relative_cpu_utilization":0.2314716673,"absolute_cpu_utilization":0.9987949311,"relative_mem_usage":0.1532897822,"absolute_mem_usage":3724432384.0,"absolute_mem_percent_usage":0.0275681733,"mem_info_per_process":{"910":{"rss":3650940928,"vms":11947261952,"shared":565096448,"text":2322432,"lib":0,"data":10219458560,"dirty":0,"uss":126550016,"pss":1791723520,"swap":0},"1030":{"rss":3267887104,"vms":11947261952,"shared":180899840,"text":2322432,"lib":0,"data":10219458560,"dirty":0,"uss":119128064,"pss":1687030784,"swap":0}},"nvidia_draw_absolute":102.13,"nvidia_estimated_attributable_power_draw":102.13,"average_gpu_estimated_utilization_absolute":0.8133333333,"per_gpu_average_estimated_utilization_absolute":{"(0, 910)":{"sm":81.3333333333,"mem":23.6666666667,"enc":0.0,"dec":0.0}},"average_gpu_estimated_utilization_relative":1.0,"per_gpu_performance_state":{"0":"P2"},"per_gpu_power_draw":{"0":102.13},"cpu_count_adjusted_average_load":[0.1703125,0.165625,0.1615625],"realtime_carbon_intensity":336.7645075741,"disk_write_speed":22.3989076179,"process_ids":[910,1030]}
{"timestamp":1572416448.3765909672,"rapl_power_draw_absolute":87.366977252,"rapl_estimated_attributable_power_draw":19.5611232414,"cpu_time_seconds":{"910":{"user":261.91,"system":3.0,"children_user":0.07,"children_system":0.16},"1030":{"user":2.63,"system":5.55,"children_user":0.26,"children_system":5.22}},"average_relative_cpu_utilization":0.2334404608,"absolute_cpu_utilization":1.0037888834,"relative_mem_usage":0.1533040114,"absolute_mem_usage":3724444672.0,"absolute_mem_percent_usage":0.0275682642,"mem_info_per_process":{"910":{"rss":3650940928,"vms":11947261952,"shared":565096448,"text":2322432,"lib":0,"data":10219458560,"dirty":0,"uss":126554112,"pss":1791725568,"swap":0},"1030":{"rss":3267887104,"vms":11947261952,"shared":180899840,"text":2322432,"lib":0,"data":10219458560,"dirty":0,"uss":119132160,"pss":1687032832,"swap":0}},"nvidia_draw_absolute":102.01,"nvidia_estimated_attributable_power_draw":102.01,"average_gpu_estimated_utilization_absolute":0.82,"per_gpu_average_estimated_utilization_absolute":{"(0, 910)":{"sm":82,"mem":24,"enc":0,"dec":0}},"average_gpu_estimated_utilization_relative":1.0,"per_gpu_performance_state":{"0":"P2"},"per_gpu_power_draw":{"0":102.01},"cpu_count_adjusted_average_load":[0.1703125,0.165625,0.1615625],"realtime_carbon_intensity":336.7645075741,"disk_write_speed":21.5185851983,"process_ids":[910,1030]}
{"timestamp":1572416456.4101700783,"rapl_power_draw_absolute":87.6723651074,"rapl_estimated_attributable_power_draw":19.3042838837,"cpu_time_seconds":{"910":{"user":269.93,"system":3.0,"children_user":0.07,"children_system":0.16},"1030":{"user":2.71,"system":5.73,"children_user":0.27,"children_system":5.39}},"average_relative_cpu_utilization":0.2292550274,"absolute_cpu_utilization":0.9937920543,"relative_mem_usage":0.1533118839,"absolute_mem_usage":3724456960.0,"absolute_mem_percent_usage":0.0275683552,"mem_info_per_process":{"910":{"rss":3650940928,"vms":11947261952,"shared":565096448,"text":2322432,"lib":0,"data":10219458560,"dirty":0,"uss":126558208,"pss":1791727616,"swap":0},"1030":{"rss":3267887104,"vms":11947261952,"shared":180899840,"text":2322432,"lib":0,"data":10219458560,"dirty":0,"uss":119136256,"pss":1687034880,"swap":0}},"nvidia_draw_absolute":102.4,"nvidia_estimated_attributable_power_draw":102.4,"average_gpu_estimated_utilization_absolute":0.82,"per_gpu_average_estimated_utilization_absolute":{"(0, 910)":{"sm":82.0,"mem":23.5,"enc":0.0,"dec":0.0}},"average_gpu_estimated_utilization_relative":1.0,"per_gpu_performance_state":{"0":"P2"},"per_gpu_power_draw":{"0":102.4},"cpu_count_adjusted_average_load":[0.174375,0.1665625,0.161875],"realtime_carbon_intensity":336.7645075741,"disk_write_speed":31.394256031,"process_ids":[910,1030]}
{"timestamp":1572416464.3971450329,"rapl_power_draw_absolute":87.4492979766,"rapl_estimated_attributable_power_draw":19.5731487056,"cpu_time_seconds":{"910":{"user":277.92,"system":3.0,"children_user":0.07,"children_system":0.16},"1030":{"user":2.81,"system":5.92,"children_user":0.28,"children_system":5.56}},"average_relative_cpu_utilization":0.2333615153,"absolute_cpu_utilization":0.9987905348,"relative_mem_usage":0.1533189298,"absolute_mem_usage":3724469248.0,"absolute_mem_percent_usage":0.0275684462,"mem_info_per_process":{"910":{"rss":3650940928,"vms":11947261952,"shared":565096448,"text":2322432,"lib":0,"data":10219458560,"dirty":0,"uss":126562304,"pss":1791729664,"swap":0},"1030":{"rss":3267887104,"vms":11947261952,"shared":180899840,"text":2322432,"lib":0,"data":10219458560,"dirty":0,"uss":119140352,"pss":1687036928,"swap":0}},"nvidia_draw_absolute":102.61,"nvidia_estimated_attributable_power_draw":102.61,"average_gpu_estimated_utilization_absolute":0.82,"per_gpu_average_estimated_utilization_absolute":{"(0, 910)":{"sm":82.0,"mem":23.5,"enc":0.0,"dec":0.0}},"average_gpu_estimated_utilization_relative":1.0,"per_gpu_performance_state":{"0":"P2"},"per_gpu_power_draw":{"0":102.61},"cpu_count_adjusted_average_load":[0.17625,0.1671875,0.1621875],"realtime_carbon_intensity":336.7645075741,"disk_write_speed":34.346773911,"process_ids":[910,1030]}
{"timestamp":1572416472.4238190651,"rapl_power_draw_absolute":87.8072746833,"rapl_estimated_attributable_power_draw":19.6148693675,"cpu_time_seconds":{"910":{"user":285.94,"system":3.02,"children_user":0.07,"children_system":0.16},"1030":{"user":2.91,"system":6.12,"children_user":0.29,"children_system":5.72}},"average_relative_cpu_utilization":0.2326285961,"absolute_cpu_utilization":1.0037759085,"relative_mem_usage":0.1533136968,"absolute_mem_usage":3724481536.0,"absolute_mem_percent_usage":0.0275685371,"mem_info_per_process":{"910":{"rss":3650940928,"vms":11947261952,"shared":565096448,"text":2322432,"lib":0,"data":10219458560,"dirty":0,"uss":126566400,"pss":1791731712,"swap":0},"1030":{"rss":3267887104,"vms":11947261952,"shared":180899840,"text":2322432,"lib":0,"data":10219458560,"dirty":0,"uss":119144448,"pss":1687038976,"swap":0}},"nvidia_draw_absolute":103.92,"nvidia_estimated_attributable_power_draw":103.92,"average_gpu_estimated_utilization_absolute":0.8233333333,"per_gpu_average_estimated_utilization_absolute":{"(0, 910)":{"sm":82.3333333333,"mem":23.6666666667,"enc":0.0,"dec":0.0}},"average_gpu_estimated_utilization_relative":1.0,"per_gpu_performance_state":{"0":"P2"},"per_gpu_power_draw":{"0":103.92},"cpu_count_adjusted_average_load":[0.175,0.1675,0.1621875],"realtime_carbon_intensity":336.7645075741,"disk_write_speed":29.6025611347,"process_ids":[910,1030]}
{"timestamp":1572416480.4019529819,"rapl_power_draw_absolute":87.8456941947,"rapl_estimated_attributable_power_draw":19.3019127338,"cpu_time_seconds":{"910":{"user":293.91,"system":3.02,"children_user":0.07,"children_system":0.16},"1030":{"user":3.01,"system":6.3,"children_user":0.3,"children_system":5.88}},"average_relative_cpu_utilization":0.2285623044,"absolute_cpu_utilization":0.9987854528,"relative_mem_usage":0.1533104028,"absolute_mem_usage":3724493824.0,"absolute_mem_percent_usage":0.0275686281,"mem_info_per_process":{"910":{"rss":3650940928,"vms":11947261952,"shared":565096448,"text":2322432,"lib":0,"data":10219458560,"dirty":0,"uss":126570496,"pss":1791733760,"swap":0},"1030":{"rss":3267887104,"vms":11947261952,"shared":180899840,"text":2322432,"lib":0,"data":10219458560,"dirty":0,"uss":119148544,"pss":1687041024,"swap":0}},"nvidia_draw_absolute":101.92,"nvidia_estimated_attributable_power_draw":101.92,"average_gpu_estimated_utilization_absolute":0.8175,"per_gpu_average_estimated_utilization_absolute":{"(0, 910)":{"sm":81.75,"mem":23.75,"enc":0.0,"dec":0.0}},"average_gpu_estimated_utilization_relative":1.0,"per_gpu_performance_state":{"0":"P2"},"per_gpu_power_draw":{"0":101.92},"cpu_count_adjusted_average_load":[0.17125,0.1665625,0.1621875],"realtime_carbon_intensity":336.7645075741,"disk_write_speed":35.4896568371,"process_ids":[910,1030]}
{"timestamp":1572416488.4216210842,"rapl_power_draw_absolute":88.2352257253,"rapl_estimated_attributable_power_draw":19.1970708119,"cpu_time_seconds":{"910":{"user":301.92,"system":3.04,"children_user":0.07,"children_system":0.16},"1030":{"user":3.13,"system":6.49,"children_user":0.32,"children_system":6.05}},"average_relative_cpu_utilization":0.2260874562,"absolute_cpu_utilization":1.0037866144,"relative_mem_usage":0.1532975977,"absolute_mem_usage":3724506112.0,"absolute_mem_percent_usage":0.027568719,"mem_info_per_process":{"910":{"rss":3650940928,"vms":11947261952,"shared":565096448,"text":2322432,"lib":0,"data":10219458560,"dirty":0,"uss":126574592,"pss":1791735808,"swap":0},"1030":{"rss":3267887104,"vms":11947261952,"shared":180899840,"text":2322432,"lib":0,"data":10219458560,"dirty":0,"uss":119152640,"pss":1687043072,"swap":0}},"nvidia_draw_absolute":103.72,"nvidia_estimated_attributable_power_draw":103.72,"average_gpu_estimated_utilization_absolute":0.815,"per_gpu_average_estimated_utilization_absolute":{"(0, 910)":{"sm":81.5,"mem":24.0,"enc":0.0,"dec":0.0}},"average_gpu_estimated_utilization_relative":1.0,"per_gpu_performance_state":{"0":"P2"},"per_gpu_power_draw":{"0":103.72},"cpu_count_adjusted_average_load":[0.180625,0.1690625,0.1628125],"realtime_carbon_intensity":336.7645075741,"disk_write_speed":37.8097031513,"process_ids":[910,1030]}
{"timestamp":1572416496.3906359673,"rapl_power_draw_absolute":87.9977630243,"rapl_estimated_attributable_power_draw":19.5323384711,"cpu_time_seconds":{"910":{"user":309.88,"system":3.04,"children_user":0.07,"children_system":0.16},"1030":{"user":3.26,"system":6.66,"children_user":0.32,"children_system":6.22}},"average_relative_cpu_utilization":0.230932943,"absolute_cpu_utilization":0.9987646608,"relative_mem_usage":0.1532352478,"absolute_mem_usage":3724443648.0,"absolute_mem_percent_usage":0.0275682567,"mem_info_per_process":{"910":{"rss":3650940928,"vms":11947261952,"shared":565096448,"text":2322432,"lib":0,"data":10219458560,"dirty":0,"uss":126578688,"pss":1791737856,"swap":0},"1030":{"rss":3267887104,"vms":11947261952,"shared":180899840,"text":2322432,"lib":0,"data":10219458560,"dirty":0,"uss":119156736,"pss":1686970368,"swap":0}},"nvidia_draw_absolute":103.24,"nvidia_estimated_attributable_power_draw":103.24,"average_gpu_estimated_utilization_absolute":0.8166666667,"per_gpu_average_estimated_utilization_absolute":{"(0, 910)":{"sm":81.6666666667,"mem":23.3333333333,"enc":0.0,"dec":0.0}},"average_gpu_estimated_utilization_relative":1.0,"per_gpu_performance_state":{"0":"P2"},"per_gpu_power_draw":{"0":103.24},"cpu_count_adjusted_average_load":[0.17625,0.168125,0.1625],"realtime_carbon_intensity":336.7645075741,"disk_write_speed":30.7411974291,"process_ids":[910,1030]}
{"timestamp":1572416504.3848059177,"rapl_power_draw_absolute":88.0586268802,"rapl_estimated_attributable_power_draw":19.3227985755,"cpu_time_seconds":{"910":{"user":317.87,"system":3.04,"children_user":0.07,"children_system":0.16},"1030":{"user":3.37,"system":6.84,"children_user":0.33,"children_system":6.38}},"average_relative_cpu_utilization":0.2282979456,"absolute_cpu_utilization":0.9987603427,"relative_mem_usage":0.1533107054,"absolute_mem_usage":3724530688.0,"absolute_mem_percent_usage":0.0275689009,"mem_info_per_process":{"910":{"rss":3650940928,"vms":11947261952,"shared":565096448,"text":2322432,"lib":0,"data":10219458560,"dirty":0,"uss":126582784,"pss":1791739904,"swap":0},"1030":{"rss":3267887104,"vms":11947261952,"shared":180899840,"text":2322432,"lib":0,"data":10219458560,"dirty":0,"uss":119160832,"pss":1687047168,"swap":0}},"nvidia_draw_absolute":102.57,"nvidia_estimated_attributable_power_draw":102.57,"average_gpu_estimated_utilization_absolute":0.82,"per_gpu_average_estimated_utilization_absolute":{"(0, 910)":{"sm":82.0,"mem":23.5,"enc":0.0,"dec":0.0}},"average_gpu_estimated_utilization_relative":1.0,"per_gpu_performance_state":{"0":"P2"},"per_gpu_power_draw":{"0":102.57},"cpu_count_adjusted_average_load":[0.18,0.169375,0.163125],"realtime_carbon_intensity":336.7645075741,"disk_write_speed":33.9312363841,"process_ids":[910,1030]}
{"timestamp":1572416512.3527588844,"rapl_power_draw_absolute":88.2379990948,"rapl_estimated_attributable_power_draw":19.6404165717,"cpu_time_seconds":{"910":{"user":325.83,"system":3.06,"children_user":0.07,"children_system":0.16},"1030":{"user":3.48,"system":7.02,"children_user":0.34,"children_system":6.56}},"average_relative_cpu_utilization":0.2318235981,"absolute_cpu_utilization":1.0037757853,"relative_mem_usage":0.1532973059,"absolute_mem_usage":3724542976.0,"absolute_mem_percent_usage":0.0275689919,"mem_info_per_process":{"910":{"rss":3650940928,"vms":11947261952,"shared":565096448,"text":2322432,"lib":0,"data":10219458560,"dirty":0,"uss":126586880,"pss":1791741952,"swap":0},"1030":{"rss":3267887104,"vms":11947261952,"shared":180899840,"text":2322432,"lib":0,"data":10219458560,"dirty":0,"uss":119164928,"pss":1687049216,"swap":0}},"nvidia_draw_absolute":102.72,"nvidia_estimated_attributable_power_draw":102.72,"average_gpu_estimated_utilization_absolute":0.815,"per_gpu_average_estimated_utilization_absolute":{"(0, 910)":{"sm":81.5,"mem":23.5,"enc":0.0,"dec":0.0}},"average_gpu_estimated_utilization_relative":1.0,"per_gpu_performance_state":{"0":"P2"},"per_gpu_power_draw":{"0":102.72},"cpu_count_adjusted_average_load":[0.17375,0.1684375,0.1628125],"realtime_carbon_intensity":336.7645075741,"disk_write_speed":21.9664190581,"process_ids":[910,1030]}
{"timestamp":1572416520.3233830929,"rapl_power_draw_absolute":88.6450599035,"rapl_estimated_attributable_power_draw":19.1764107256,"cpu_time_seconds":{"910":{"user":333.79,"system":3.06,"children_user":0.07,"children_system":0.16},"1030":{"user":3.56,"system":7.2,"children_user":0.35,"children_system":6.72}},"average_relative_cpu_utilization":0.2247090274,"absolute_cpu_utilization":0.9987942195,"relative_mem_usage":0.1532843482,"absolute_mem_usage":3724555264.0,"absolute_mem_percent_usage":0.0275690828,"mem_info_per_process":{"910":{"rss":3650940928,"vms":11947261952,"shared":565096448,"text":2322432,"lib":0,"data":10219458560,"dirty":0,"uss":126590976,"pss":1791744000,"swap":0},"1030":{"rss":3267887104,"vms":11947261952,"shared":180899840,"text":2322432,"lib":0,"data":10219458560,"dirty":0,"uss":119169024,"pss":1687051264,"swap":0}},"nvidia_draw_absolute":102.3,"nvidia_estimated_attributable_power_draw":102.3,"average_gpu_estimated_utilization_absolute":0.815,"per_gpu_average_estimated_utilization_absolute":{"(0, 910)":{"sm":81.5,"mem":23.5,"enc":0.0,"dec":0.0}},"average_gpu_estimated_utilization_relative":1.0,"per_gpu_performance_state":{"0":"P2"},"per_gpu_power_draw":{"0":102.3},"cpu_count_adjusted_average_load":[0.1775,0.1690625,0.163125],"realtime_carbon_intensity":336.7645075741,"disk_write_speed":29.0523416818,"process_ids":[910,1030]}
{"timestamp":1572416528.3127470016,"rapl_power_draw_absolute":88.5048431974,"rapl_estimated_attributable_power_draw":19.1119967585,"cpu_time_seconds":{"910":{"user":341.78,"system":3.07,"children_user":0.07,"children_system":0.16},"1030":{"user":3.64,"system":7.39,"children_user":0.36,"children_system":6.89}},"average_relative_cpu_utilization":0.2243236917,"absolute_cpu_utilization":1.0037869618,"relative_mem_usage":0.1532976455,"absolute_mem_usage":3724567552.0,"absolute_mem_percent_usage":0.0275691738,"mem_info_per_process":{"910":{"rss":3650940928,"vms":11947261952,"shared":565096448,"text":2322432,"lib":0,"data":10219458560,"dirty":0,"uss":126595072,"pss":1791746048,"swap":0},"1030":{"rss":3267887104,"vms":11947261952,"shared":180899840,"text":2322432,"lib":0,"data":10219458560,"dirty":0,"uss":119173120,"pss":1687053312,"swap":0}},"nvidia_draw_absolute":101.73,"nvidia_estimated_attributable_power_draw":101.73,"average_gpu_estimated_utilization_absolute":0.82,"per_gpu_average_estimated_utilization_absolute":{"(0, 910)":{"sm":82.0,"mem":23.6666666667,"enc":0.0,"dec":0.0}},"average_gpu_estimated_utilization_relative":1.0,"per_gpu_performance_state":{"0":"P2"},"per_gpu_power_draw":{"0":101.73},"cpu_count_adjusted_average_load":[0.1884375,0.171875,0.1640625],"realtime_carbon_intensity":336.7645075741,"disk_write_speed":32.4091903471,"process_ids":[910,1030]}
{"timestamp":1572416536.3140790462,"rapl_power_draw_absolute":88.6478984846,"rapl_estimated_attributable_power_draw":19.2828541218,"cpu_time_seconds":{"910":{"user":349.77,"system":3.08,"children_user":0.07,"children_system":0.16},"1030":{"user":3.75,"system":7.58,"children_user":0.37,"children_system":7.06}},"average_relative_cpu_utilization":0.2260878429,"absolute_cpu_utilization":1.0037893204,"relative_mem_usage":0.1533001413,"absolute_mem_usage":3724579840.0,"absolute_mem_percent_usage":0.0275692648,"mem_info_per_process":{"910":{"rss":3650940928,"vms":11947261952,"shared":565096448,"text":2322432,"lib":0,"data":10219458560,"dirty":0,"uss":126599168,"pss":1791748096,"swap":0},"1030":{"rss":3267887104,"vms":11947261952,"shared":180899840,"text":2322432,"lib":0,"data":10219458560,"dirty":0,"uss":119177216,"pss":1687055360,"swap":0}},"nvidia_draw_absolute":102.24,"nvidia_estimated_attributable_power_draw":102.24,"average_gpu_estimated_utilization_absolute":0.818,"per_gpu_average_estimated_utilization_absolute":{"(0, 910)":{"sm":81.8,"mem":23.6,"enc":0.0,"dec":0.0}},"average_gpu_estimated_utilization_relative":1.0,"per_gpu_performance_state":{"0":"P2"},"per_gpu_power_draw":{"0":102.24},"cpu_count_adjusted_average_load":[0.1834375,0.1709375,0.16375],"realtime_carbon_intensity":336.7645075741,"disk_write_speed":27.1063105604,"process_ids":[910,1030]}
{"timestamp":1572416544.3341350555,"rapl_power_draw_absolute":88.5336952107,"rapl_estimated_attributable_power_draw":19.1298042043,"cpu_time_seconds":{"910":{"user":357.78,"system":3.09,"children_user":0.07,"children_system":0.16},"1030":{"user":3.85,"system":7.76,"children_user":0.38,"children_system":7.23}},"average_relative_cpu_utilization":0.2244570365,"absolute_cpu_utilization":0.9987974787,"relative_mem_usage":0.1532981918,"absolute_mem_usage":3724592128.0,"absolute_mem_percent_usage":0.0275693557,"mem_info_per_process":{"910":{"rss":3650940928,"vms":11947261952,"shared":565096448,"text":2322432,"lib":0,"data":10219458560,"dirty":0,"uss":126603264,"pss":1791750144,"swap":0},"1030":{"rss":3267887104,"vms":11947261952,"shared":180899840,"text":2322432,"lib":0,"data":10219458560,"dirty":0,"uss":119181312,"pss":1687057408,"swap":0}},"nvidia_draw_absolute":103.57,"nvidia_estimated_attributable_power_draw":103.57,"average_gpu_estimated_utilization_absolute":0.8175,"per_gpu_average_estimated_utilization_absolute":{"(0, 910)":{"sm":81.75,"mem":23.75,"enc":0.0,"dec":0.0}},"average_gpu_estimated_utilization_relative":1.0,"per_gpu_performance_state":{"0":"P2"},"per_gpu_power_draw":{"0":103.57},"cpu_count_adjusted_average_load":[0.19125,0.173125,0.1646875],"realtime_carbon_intensity":336.2887618705,"disk_write_speed":31.9058260616,"process_ids":[910,1030]}
{"timestamp":1572416552.3798611164,"rapl_power_draw_absolute":89.032705484,"rapl_estimated_attributable_power_draw":19.2024068527,"cpu_time_seconds":{"910":{"user":365.82,"system":3.09,"children_user":0.07,"children_system":0.16},"1030":{"user":3.96,"system":7.94,"children_user":0.39,"children_system":7.39}},"average_relative_cpu_utilization":0.2239572748,"absolute_cpu_utilization":0.9987922721,"relative_mem_usage":0.1533053767,"absolute_mem_usage":3724592128.0,"absolute_mem_percent_usage":0.0275693557,"mem_info_per_process":{"910":{"rss":3650940928,"vms":11947261952,"shared":565096448,"text":2322432,"lib":0,"data":10219458560,"dirty":0,"uss":126603264,"pss":1791750144,"swap":0},"1030":{"rss":3267887104,"vms":11947261952,"shared":180899840,"text":2322432,"lib":0,"data":10219458560,"dirty":0,"uss":119181312,"pss":1687057408,"swap":0}},"nvidia_draw_absolute":103.82,"nvidia_estimated_attributable_power_draw":103.82,"average_gpu_estimated_utilization_absolute":0.8133333333,"per_gpu_average_estimated_utilization_absolute":{"(0, 910)":{"sm":81.3333333333,"mem":23.6666666667,"enc":0.0,"dec":0.0}},"average_gpu_estimated_utilization_relative":1.0,"per_gpu_performance_state":{"0":"P2"},"per_gpu_power_draw":{"0":103.82},"cpu_count_adjusted_average_load":[0.1903125,0.17375,0.165],"realtime_carbon_intensity":336.2887618705,"disk_write_speed":25.9695248601,"process_ids":[910,1030]}
{"timestamp":1572416560.3465759754,"rapl_power_draw_absolute":89.0821887666,"rapl_estimated_attributable_power_draw":19.3190960476,"cpu_time_seconds":{"910":{"user":373.79,"system":3.1,"children_user":0.07,"children_system":0.16},"1030":{"user":4.04,"system":8.14,"children_user":0.4,"children_system":7.55}},"average_relative_cpu_utilization":0.225325279,"absolute_cpu_utilization":1.0037554646,"relative_mem_usage":0.1532948211,"absolute_mem_usage":3724604416.0,"absolute_mem_percent_usage":0.0275694467,"mem_info_per_process":{"910":{"rss":3650940928,"vms":11947261952,"shared":565096448,"text":2322432,"lib":0,"data":10219458560,"dirty":0,"uss":126607360,"pss":1791752192,"swap":0},"1030":{"rss":3267887104,"vms":11947261952,"shared":180899840,"text":2322432,"lib":0,"data":10219458560,"dirty":0,"uss":119185408,"pss":1687059456,"swap":0}},"nvidia_draw_absolute":104.39,"nvidia_estimated_attributable_power_draw":104.39,"average_gpu_estimated_utilization_absolute":0.815,"per_gpu_average_estimated_utilization_absolute":{"(0, 910)":{"sm":81.5,"mem":23.5,"enc":0.0,"dec":0.0}},"average_gpu_estimated_utilization_relative":1.0,"per_gpu_performance_state":{"0":"P2"},"per_gpu_power_draw":{"0":104.39},"cpu_count_adjusted_average_load":[0.1925,0.174375,0.1653125],"realtime_carbon_intensity":336.2887618705,"disk_write_speed":25.096142767,"process_ids":[910,1030]}
{"timestamp":1572416568.3648838997,"rapl_power_draw_absolute":88.6197309256,"rapl_estimated_attributable_power_draw":19.1726700236,"cpu_time_seconds":{"910":{"user":381.8,"system":3.1,"children_user":0.07,"children_system":0.16},"1030":{"user":4.15,"system":8.31,"children_user":0.41,"children_system":7.72}},"average_relative_cpu_utilization":0.2248225776,"absolute_cpu_utilization":1.0037878489,"relative_mem_usage":0.1532763006,"absolute_mem_usage":3724539904.0,"absolute_mem_percent_usage":0.0275689692,"mem_info_per_process":{"910":{"rss":3650940928,"vms":11947261952,"shared":565096448,"text":2322432,"lib":0,"data":10219458560,"dirty":0,"uss":126607360,"pss":1791688704,"swap":0},"1030":{"rss":3267887104,"vms":11947261952,"shared":180899840,"text":2322432,"lib":0,"data":10219458560,"dirty":0,"uss":119185408,"pss":1687058432,"swap":0}},"nvidia_draw_absolute":102.97,"nvidia_estimated_attributable_power_draw":102.97,"average_gpu_estimated_utilization_absolute":0.815,"per_gpu_average_estimated_utilization_absolute":{"(0, 910)":{"sm":81.5,"mem":23.5,"enc":0.0,"dec":0.0}},"average_gpu_estimated_utilization_relative":1.0,"per_gpu_performance_state":{"0":"P2"},"per_gpu_power_draw":{"0":102.97},"cpu_count_adjusted_average_load":[0.184375,0.173125,0.165],"realtime_carbon_intensity":336.2887618705,"disk_write_speed":39.6388702251,"process_ids":[910,1030]}
{"timestamp":1572416576.3576610088,"rapl_power_draw_absolute":88.4628322073,"rapl_estimated_attributable_power_draw":19.3311941795,"cpu_time_seconds":{"910":{"user":389.78,"system":3.11,"children_user":0.07,"children_system":0.16},"1030":{"user":4.28,"system":8.48,"children_user":0.42,"children_system":7.89}},"average_relative_cpu_utilization":0.2272664733,"absolute_cpu_utilization":0.9988012378,"relative_mem_usage":0.1532993437,"absolute_mem_usage":3724604416.0,"absolute_mem_percent_usage":0.0275694467,"mem_info_per_process":{"910":{"rss":3650940928,"vms":11947261952,"shared":565096448,"text":2322432,"lib":0,"data":10219458560,"dirty":0,"uss":126607360,"pss":1791752192,"swap":0},"1030":{"rss":3267887104,"vms":11947261952,"shared":180899840,"text":2322432,"lib":0,"data":10219458560,"dirty":0,"uss":119185408,"pss":1687059456,"swap":0}},"nvidia_draw_absolute":101.18,"nvidia_estimated_attributable_power_draw":101.18,"average_gpu_estimated_utilization_absolute":0.8166666667,"per_gpu_average_estimated_utilization_absolute":{"(0, 910)":{"sm":81.6666666667,"mem":23.3333333333,"enc":0.0,"dec":0.0}},"average_gpu_estimated_utilization_relative":1.0,"per_gpu_performance_state":{"0":"P2"},"per_gpu_power_draw":{"0":101.18},"cpu_count_adjusted_average_load":[0.1921875,0.175,0.165625],"realtime_carbon_intensity":336.2887618705,"disk_write_speed":29.0848169398,"process_ids":[910,1030]}
{"timestamp":1572416584.3407831192,"rapl_power_draw_absolute":88.2541100624,"rapl_estimated_attributable_power_draw":19.3024298727,"cpu_time_seconds":{"910":{"user":397.76,"system":3.12,"children_user":0.07,"children_system":0.16},"1030":{"user":4.38,"system":8.67,"children_user":0.43,"children_system":8.04}},"average_relative_cpu_utilization":0.2275218872,"absolute_cpu_utilization":0.9987862852,"relative_mem_usage":0.1532988268,"absolute_mem_usage":3724604416.0,"absolute_mem_percent_usage":0.0275694467,"mem_info_per_process":{"910":{"rss":3650940928,"vms":11947261952,"shared":565096448,"text":2322432,"lib":0,"data":10219458560,"dirty":0,"uss":126607360,"pss":1791752192,"swap":0},"1030":{"rss":3267887104,"vms":11947261952,"shared":180899840,"text":2322432,"lib":0,"data":10219458560,"dirty":0,"uss":119185408,"pss":1687059456,"swap":0}},"nvidia_draw_absolute":103.72,"nvidia_estimated_attributable_power_draw":103.72,"average_gpu_estimated_utilization_absolute":0.82,"per_gpu_average_estimated_utilization_absolute":{"(0, 910)":{"sm":82.0,"mem":23.5,"enc":0.0,"dec":0.0}},"average_gpu_estimated_utilization_relative":1.0,"per_gpu_performance_state":{"0":"P2"},"per_gpu_power_draw":{"0":103.72},"cpu_count_adjusted_average_load":[0.1934375,0.1759375,0.1659375],"realtime_carbon_intensity":336.2887618705,"disk_write_speed":31.6237096545,"process_ids":[910,1030]}
