{"timestamp":1572289648.2695329189,"rapl_power_draw_absolute":79.4611562708,"rapl_estimated_attributable_power_draw":16.679726439,"cpu_time_seconds":{"3787":{"user":0.04,"system":0.02,"children_user":0.0,"children_system":0.0},"3717":{"user":11.55,"system":2.5,"children_user":0.11,"children_system":0.13},"3814":{"user":0.01,"system":0.01,"children_user":0.0,"children_system":0.03}},"average_relative_cpu_utilization":0.2219699093,"absolute_cpu_utilization":0.9994704807,"relative_mem_usage":0.0954580089,"absolute_mem_usage":2089538560.0,"absolute_mem_percent_usage":0.0154666922,"mem_info_per_process":{"3787":{"rss":11264000,"vms":28168192,"shared":5713920,"text":2322432,"lib":0,"data":5283840,"dirty":0,"uss":5574656,"pss":6034432,"swap":0},"3717":{"rss":1536118784,"vms":8334229504,"shared":123224064,"text":2322432,"lib":0,"data":6688530432,"dirty":0,"uss":396128256,"pss":944164864,"swap":0},"3814":{"rss":1139884032,"vms":8057536512,"shared":8470528,"text":2322432,"lib":0,"data":6411837440,"dirty":0,"uss":113893376,"pss":623742976,"swap":0}},"nvidia_draw_absolute":38.99,"nvidia_estimated_attributable_power_draw":38.99,"average_gpu_estimated_utilization_absolute":0.015,"per_gpu_average_estimated_utilization_absolute":{"(0, 3717)":{"sm":1.5,"mem":0.0,"enc":0.0,"dec":0.0}},"average_gpu_estimated_utilization_relative":1.0,"per_gpu_performance_state":{"0":"P2"},"per_gpu_power_draw":{"0":38.99},"cpu_count_adjusted_average_load":[0.14125,0.1503125,0.148125],"realtime_carbon_intensity":213.7887125381,"disk_write_speed":54.6948516553,"process_ids":[3787,3717,3814]}
{"timestamp":1572289656.3281769753,"rapl_power_draw_absolute":67.4037703737,"rapl_estimated_attributable_power_draw":4.9544341319,"cpu_time_seconds":{"3787":{"user":0.04,"system":0.02,"children_user":0.0,"children_system":0.0},"3717":{"user":13.85,"system":3.23,"children_user":0.11,"children_system":0.13},"3814":{"user":0.22,"system":0.16,"children_user":0.0,"children_system":0.2}},"average_relative_cpu_utilization":0.0586587093,"absolute_cpu_utilization":0.2097029431,"relative_mem_usage":0.2007692503,"absolute_mem_usage":4640761856.0,"absolute_mem_percent_usage":0.0343507589,"mem_info_per_process":{"3787":{"rss":11264000,"vms":28168192,"shared":5713920,"text":2322432,"lib":0,"data":5283840,"dirty":0,"uss":5574656,"pss":6032384,"swap":0},"3717":{"rss":2894139392,"vms":10294128640,"shared":416903168,"text":2322432,"lib":0,"data":8459890688,"dirty":0,"uss":1645191168,"pss":2229601280,"swap":0},"3814":{"rss":1146601472,"vms":8057536512,"shared":15175680,"text":2322432,"lib":0,"data":6411837440,"dirty":0,"uss":124149760,"pss":630212608,"swap":0}},"nvidia_draw_absolute":39.09,"nvidia_estimated_attributable_power_draw":39.09,"average_gpu_estimated_utilization_absolute":0.0133333333,"per_gpu_average_estimated_utilization_absolute":{"(0, 3717)":{"sm":1.3333333333,"mem":0.0,"enc":0.0,"dec":0.0}},"average_gpu_estimated_utilization_relative":1.0,"per_gpu_performance_state":{"0":"P2"},"per_gpu_power_draw":{"0":39.09},"cpu_count_adjusted_average_load":[0.14,0.1496875,0.148125],"realtime_carbon_intensity":213.7887125381,"disk_write_speed":50.7703717054,"process_ids":[3787,3717,3814]}
{"timestamp":1572289664.2754878998,"rapl_power_draw_absolute":70.2185205704,"rapl_estimated_attributable_power_draw":11.712545966,"cpu_time_seconds":{"3787":{"user":0.04,"system":0.02,"children_user":0.0,"children_system":0.0},"3717":{"user":17.68,"system":4.12,"children_user":0.11,"children_system":0.13},"3814":{"user":0.46,"system":0.29,"children_user":0.02,"children_system":0.35}},"average_relative_cpu_utilization":0.1433785688,"absolute_cpu_utilization":0.5791712752,"relative_mem_usage":0.367670442,"absolute_mem_usage":9153940480.0,"absolute_mem_percent_usage":0.0677571511,"mem_info_per_process":{"3787":{"rss":11264000,"vms":28168192,"shared":5713920,"text":2322432,"lib":0,"data":5283840,"dirty":0,"uss":5574656,"pss":6032384,"swap":0},"3717":{"rss":3958394880,"vms":12799840256,"shared":586039296,"text":2322432,"lib":0,"data":10965602304,"dirty":0,"uss":3429900288,"pss":3630843904,"swap":0},"3814":{"rss":1146601472,"vms":8057536512,"shared":15175680,"text":2322432,"lib":0,"data":6411837440,"dirty":0,"uss":1008967680,"pss":1072621568,"swap":0}},"nvidia_draw_absolute":39.0,"nvidia_estimated_attributable_power_draw":39.0,"average_gpu_estimated_utilization_absolute":0.0333333333,"per_gpu_average_estimated_utilization_absolute":{"(0, 3717)":{"sm":3.3333333333,"mem":0.0,"enc":0.0,"dec":0.0}},"average_gpu_estimated_utilization_relative":1.0,"per_gpu_performance_state":{"0":"P2"},"per_gpu_power_draw":{"0":39.0},"cpu_count_adjusted_average_load":[0.1446875,0.150625,0.1484375],"realtime_carbon_intensity":213.7887125381,"disk_write_speed":54.9397938457,"process_ids":[3787,3717,3814]}
{"timestamp":1572289672.2368769646,"rapl_power_draw_absolute":77.7529388662,"rapl_estimated_attributable_power_draw":18.4974134805,"cpu_time_seconds":{"3787":{"user":0.04,"system":0.02,"children_user":0.0,"children_system":0.0},"3717":{"user":25.59,"system":4.18,"children_user":0.11,"children_system":0.13},"3814":{"user":0.7,"system":0.44,"children_user":0.02,"children_system":0.52}},"average_relative_cpu_utilization":0.22495466,"absolute_cpu_utilization":0.9984197947,"relative_mem_usage":0.3677464947,"absolute_mem_usage":9157397504.0,"absolute_mem_percent_usage":0.0677827399,"mem_info_per_process":{"3787":{"rss":11264000,"vms":28168192,"shared":5713920,"text":2322432,"lib":0,"data":5283840,"dirty":0,"uss":5574656,"pss":6032384,"swap":0},"3717":{"rss":3959197696,"vms":12800626688,"shared":586039296,"text":2322432,"lib":0,"data":10966388736,"dirty":0,"uss":3431321600,"pss":3631958016,"swap":0},"3814":{"rss":1146601472,"vms":8057536512,"shared":15175680,"text":2322432,"lib":0,"data":6411837440,"dirty":0,"uss":1009582080,"pss":1072928768,"swap":0}},"nvidia_draw_absolute":38.88,"nvidia_estimated_attributable_power_draw":0.0,"average_gpu_estimated_utilization_absolute":0.0,"per_gpu_average_estimated_utilization_absolute":{"(0, 3717)":{"sm":0,"mem":0,"enc":0,"dec":0}},"average_gpu_estimated_utilization_relative":0.0,"per_gpu_performance_state":{"0":"P2"},"per_gpu_power_draw":{"0":38.88},"cpu_count_adjusted_average_load":[0.145625,0.150625,0.1484375],"realtime_carbon_intensity":213.7887125381,"disk_write_speed":53.2028772328,"process_ids":[3787,3717,3814]}
{"timestamp":1572289680.1940560341,"rapl_power_draw_absolute":82.5972560445,"rapl_estimated_attributable_power_draw":19.2284725665,"cpu_time_seconds":{"3787":{"user":0.04,"system":0.02,"children_user":0.0,"children_system":0.0},"3717":{"user":33.53,"system":4.2,"children_user":0.11,"children_system":0.13},"3814":{"user":0.93,"system":0.61,"children_user":0.03,"children_system":0.68}},"average_relative_cpu_utilization":0.2201269083,"absolute_cpu_utilization":1.0033079917,"relative_mem_usage":0.3687223248,"absolute_mem_usage":9187170304.0,"absolute_mem_percent_usage":0.0680031171,"mem_info_per_process":{"3787":{"rss":11264000,"vms":28168192,"shared":5713920,"text":2322432,"lib":0,"data":5283840,"dirty":0,"uss":5570560,"pss":6023168,"swap":0},"3717":{"rss":3968536576,"vms":12851601408,"shared":602554368,"text":2322432,"lib":0,"data":10990710784,"dirty":0,"uss":3437993984,"pss":3637986304,"swap":0},"3814":{"rss":1146601472,"vms":8057536512,"shared":15175680,"text":2322432,"lib":0,"data":6411837440,"dirty":0,"uss":1020973056,"pss":1078623232,"swap":0}},"nvidia_draw_absolute":53.41,"nvidia_estimated_attributable_power_draw":53.41,"average_gpu_estimated_utilization_absolute":0.088,"per_gpu_average_estimated_utilization_absolute":{"(0, 3717)":{"sm":8.8,"mem":2.0,"enc":0.0,"dec":0.0}},"average_gpu_estimated_utilization_relative":1.0,"per_gpu_performance_state":{"0":"P2"},"per_gpu_power_draw":{"0":53.41},"cpu_count_adjusted_average_load":[0.146875,0.1509375,0.1484375],"realtime_carbon_intensity":213.7887125381,"disk_write_speed":53.1770453422,"process_ids":[3787,3717,3814]}
{"timestamp":1572289688.1489648819,"rapl_power_draw_absolute":80.5665668535,"rapl_estimated_attributable_power_draw":19.1993278466,"cpu_time_seconds":{"3787":{"user":0.04,"system":0.02,"children_user":0.0,"children_system":0.0},"3717":{"user":41.23,"system":4.45,"children_user":0.11,"children_system":0.13},"3814":{"user":1.18,"system":0.76,"children_user":0.04,"children_system":0.85}},"average_relative_cpu_utilization":0.2257205755,"absolute_cpu_utilization":0.9984067659,"relative_mem_usage":0.3692234614,"absolute_mem_usage":9197973504.0,"absolute_mem_percent_usage":0.068083082,"mem_info_per_process":{"3787":{"rss":11264000,"vms":28168192,"shared":5713920,"text":2322432,"lib":0,"data":5283840,"dirty":0,"uss":5574656,"pss":6032384,"swap":0},"3717":{"rss":3968733184,"vms":12851601408,"shared":602619904,"text":2322432,"lib":0,"data":10990710784,"dirty":0,"uss":3441594368,"pss":3639833600,"swap":0},"3814":{"rss":1146605568,"vms":8057536512,"shared":15175680,"text":2322432,"lib":0,"data":6411837440,"dirty":0,"uss":1024532480,"pss":1080406016,"swap":0}},"nvidia_draw_absolute":53.72,"nvidia_estimated_attributable_power_draw":53.72,"average_gpu_estimated_utilization_absolute":0.3733333333,"per_gpu_average_estimated_utilization_absolute":{"(0, 3717)":{"sm":37.3333333333,"mem":10.3333333333,"enc":0.0,"dec":0.0}},"average_gpu_estimated_utilization_relative":1.0,"per_gpu_performance_state":{"0":"P2"},"per_gpu_power_draw":{"0":53.72},"cpu_count_adjusted_average_load":[0.1434375,0.15,0.148125],"realtime_carbon_intensity":213.7887125381,"disk_write_speed":55.3092254482,"process_ids":[3787,3717,3814]}
{"timestamp":1572289696.0958490372,"rapl_power_draw_absolute":80.4307085135,"rapl_estimated_attributable_power_draw":19.0253553574,"cpu_time_seconds":{"3787":{"user":0.04,"system":0.02,"children_user":0.0,"children_system":0.0},"3717":{"user":48.84,"system":4.8,"children_user":0.11,"children_system":0.13},"3814":{"user":1.37,"system":0.94,"children_user":0.04,"children_system":1.02}},"average_relative_cpu_utilization":0.22381517,"absolute_cpu_utilization":1.0034554752,"relative_mem_usage":0.3694538636,"absolute_mem_usage":9203589120.0,"absolute_mem_percent_usage":0.0681246486,"mem_info_per_process":{"3787":{"rss":11264000,"vms":28168192,"shared":5713920,"text":2322432,"lib":0,"data":5283840,"dirty":0,"uss":5574656,"pss":6032384,"swap":0},"3717":{"rss":3968733184,"vms":12851601408,"shared":602619904,"text":2322432,"lib":0,"data":10990710784,"dirty":0,"uss":3443466240,"pss":3640769536,"swap":0},"3814":{"rss":1146605568,"vms":8057536512,"shared":15175680,"text":2322432,"lib":0,"data":6411837440,"dirty":0,"uss":1026404352,"pss":1081341952,"swap":0}},"nvidia_draw_absolute":53.49,"nvidia_estimated_attributable_power_draw":53.49,"average_gpu_estimated_utilization_absolute":0.37,"per_gpu_average_estimated_utilization_absolute":{"(0, 3717)":{"sm":37.0,"mem":10.5,"enc":0.0,"dec":0.0}},"average_gpu_estimated_utilization_relative":1.0,"per_gpu_performance_state":{"0":"P2"},"per_gpu_power_draw":{"0":53.49},"cpu_count_adjusted_average_load":[0.1446875,0.15,0.148125],"realtime_carbon_intensity":213.7887125381,"disk_write_speed":56.9841417674,"process_ids":[3787,3717,3814]}
{"timestamp":1572289704.0576739311,"rapl_power_draw_absolute":80.2655981723,"rapl_estimated_attributable_power_draw":19.0820967621,"cpu_time_seconds":{"3787":{"user":0.04,"system":0.02,"children_user":0.0,"children_system":0.0},"3717":{"user":56.41,"system":5.19,"children_user":0.11,"children_system":0.13},"3814":{"user":1.58,"system":1.12,"children_user":0.06,"children_system":1.18}},"average_relative_cpu_utilization":0.2250665432,"absolute_cpu_utilization":1.0034320473,"relative_mem_usage":0.3695566247,"absolute_mem_usage":9206421504.0,"absolute_mem_percent_usage":0.0681456138,"mem_info_per_process":{"3787":{"rss":11264000,"vms":28168192,"shared":5713920,"text":2322432,"lib":0,"data":5283840,"dirty":0,"uss":5574656,"pss":6032384,"swap":0},"3717":{"rss":3968733184,"vms":12851601408,"shared":602619904,"text":2322432,"lib":0,"data":10990710784,"dirty":0,"uss":3444400128,"pss":3641236480,"swap":0},"3814":{"rss":1146605568,"vms":8057536512,"shared":15175680,"text":2322432,"lib":0,"data":6411837440,"dirty":0,"uss":1027358720,"pss":1081819136,"swap":0}},"nvidia_draw_absolute":53.99,"nvidia_estimated_attributable_power_draw":53.99,"average_gpu_estimated_utilization_absolute":0.375,"per_gpu_average_estimated_utilization_absolute":{"(0, 3717)":{"sm":37.5,"mem":10.0,"enc":0.0,"dec":0.0}},"average_gpu_estimated_utilization_relative":1.0,"per_gpu_performance_state":{"0":"P2"},"per_gpu_power_draw":{"0":53.99},"cpu_count_adjusted_average_load":[0.14625,0.1503125,0.1484375],"realtime_carbon_intensity":213.7887125381,"disk_write_speed":38.1262840139,"process_ids":[3787,3717,3814]}
{"timestamp":1572289712.1274409294,"rapl_power_draw_absolute":80.2978031909,"rapl_estimated_attributable_power_draw":18.8322526043,"cpu_time_seconds":{"3787":{"user":0.04,"system":0.02,"children_user":0.0,"children_system":0.0},"3717":{"user":64.16,"system":5.5,"children_user":0.11,"children_system":0.13},"3814":{"user":1.79,"system":1.3,"children_user":0.08,"children_system":1.34}},"average_relative_cpu_utilization":0.2215895087,"absolute_cpu_utilization":0.993486109,"relative_mem_usage":0.3696120975,"absolute_mem_usage":9208614912.0,"absolute_mem_percent_usage":0.0681618493,"mem_info_per_process":{"3787":{"rss":11264000,"vms":28168192,"shared":5713920,"text":2322432,"lib":0,"data":5283840,"dirty":0,"uss":5574656,"pss":6032384,"swap":0},"3717":{"rss":3968733184,"vms":12851601408,"shared":602619904,"text":2322432,"lib":0,"data":10990710784,"dirty":0,"uss":3445141504,"pss":3641607168,"swap":0},"3814":{"rss":1146605568,"vms":8057536512,"shared":15175680,"text":2322432,"lib":0,"data":6411837440,"dirty":0,"uss":1028079616,"pss":1082179584,"swap":0}},"nvidia_draw_absolute":56.14,"nvidia_estimated_attributable_power_draw":56.14,"average_gpu_estimated_utilization_absolute":0.3733333333,"per_gpu_average_estimated_utilization_absolute":{"(0, 3717)":{"sm":37.3333333333,"mem":10.6666666667,"enc":0.0,"dec":0.0}},"average_gpu_estimated_utilization_relative":1.0,"per_gpu_performance_state":{"0":"P2"},"per_gpu_power_draw":{"0":56.14},"cpu_count_adjusted_average_load":[0.159375,0.1528125,0.1490625],"realtime_carbon_intensity":213.7887125381,"disk_write_speed":54.7689245536,"process_ids":[3787,3717,3814]}
{"timestamp":1572289720.0975921154,"rapl_power_draw_absolute":80.4207293452,"rapl_estimated_attributable_power_draw":19.0496465653,"cpu_time_seconds":{"3787":{"user":0.04,"system":0.02,"children_user":0.0,"children_system":0.0},"3717":{"user":71.8,"system":5.84,"children_user":0.11,"children_system":0.13},"3814":{"user":2.02,"system":1.48,"children_user":0.11,"children_system":1.5}},"average_relative_cpu_utilization":0.22495785,"absolute_cpu_utilization":0.9984947801,"relative_mem_usage":0.3696940631,"absolute_mem_usage":9210175488.0,"absolute_mem_percent_usage":0.0681734007,"mem_info_per_process":{"3787":{"rss":11264000,"vms":28168192,"shared":5713920,"text":2322432,"lib":0,"data":5283840,"dirty":0,"uss":5574656,"pss":6032384,"swap":0},"3717":{"rss":3968733184,"vms":12851601408,"shared":602619904,"text":2322432,"lib":0,"data":10990710784,"dirty":0,"uss":3445661696,"pss":3641867264,"swap":0},"3814":{"rss":1146605568,"vms":8057536512,"shared":15175680,"text":2322432,"lib":0,"data":6411837440,"dirty":0,"uss":1028599808,"pss":1082439680,"swap":0}},"nvidia_draw_absolute":56.49,"nvidia_estimated_attributable_power_draw":56.49,"average_gpu_estimated_utilization_absolute":0.37,"per_gpu_average_estimated_utilization_absolute":{"(0, 3717)":{"sm":37.0,"mem":10.5,"enc":0.0,"dec":0.0}},"average_gpu_estimated_utilization_relative":1.0,"per_gpu_performance_state":{"0":"P2"},"per_gpu_power_draw":{"0":56.49},"cpu_count_adjusted_average_load":[0.15875,0.153125,0.149375],"realtime_carbon_intensity":213.7887125381,"disk_write_speed":58.2471300948,"process_ids":[3787,3717,3814]}
{"timestamp":1572289728.0622649193,"rapl_power_draw_absolute":78.2840008692,"rapl_estimated_attributable_power_draw":18.4874590841,"cpu_time_seconds":{"3787":{"user":0.04,"system":0.02,"children_user":0.0,"children_system":0.0},"3717":{"user":79.44,"system":6.16,"children_user":0.11,"children_system":0.13},"3814":{"user":2.22,"system":1.66,"children_user":0.11,"children_system":1.67}},"average_relative_cpu_utilization":0.2233269878,"absolute_cpu_utilization":0.9934663668,"relative_mem_usage":0.3697179243,"absolute_mem_usage":9211416576.0,"absolute_mem_percent_usage":0.0681825872,"mem_info_per_process":{"3787":{"rss":11264000,"vms":28168192,"shared":5713920,"text":2322432,"lib":0,"data":5283840,"dirty":0,"uss":5574656,"pss":6032384,"swap":0},"3717":{"rss":3968733184,"vms":12851601408,"shared":602619904,"text":2322432,"lib":0,"data":10990710784,"dirty":0,"uss":3446075392,"pss":3642074112,"swap":0},"3814":{"rss":1146605568,"vms":8057536512,"shared":15175680,"text":2322432,"lib":0,"data":6411837440,"dirty":0,"uss":1029013504,"pss":1082646528,"swap":0}},"nvidia_draw_absolute":53.8,"nvidia_estimated_attributable_power_draw":53.8,"average_gpu_estimated_utilization_absolute":0.375,"per_gpu_average_estimated_utilization_absolute":{"(0, 3717)":{"sm":37.5,"mem":10.5,"enc":0.0,"dec":0.0}},"average_gpu_estimated_utilization_relative":1.0,"per_gpu_performance_state":{"0":"P2"},"per_gpu_power_draw":{"0":53.8},"cpu_count_adjusted_average_load":[0.1534375,0.1521875,0.1490625],"realtime_carbon_intensity":213.7887125381,"disk_write_speed":44.7937326194,"process_ids":[3787,3717,3814]}
{"timestamp":1572289736.0287730694,"rapl_power_draw_absolute":75.0173201598,"rapl_estimated_attributable_power_draw":18.1852298543,"cpu_time_seconds":{"3787":{"user":0.04,"system":0.02,"children_user":0.0,"children_system":0.0},"3717":{"user":87.0,"system":6.57,"children_user":0.11,"children_system":0.13},"3814":{"user":2.44,"system":1.87,"children_user":0.12,"children_system":1.85}},"average_relative_cpu_utilization":0.2293400743,"absolute_cpu_utilization":0.9984156021,"relative_mem_usage":0.3697556854,"absolute_mem_usage":9212411904.0,"absolute_mem_percent_usage":0.0681899546,"mem_info_per_process":{"3787":{"rss":11264000,"vms":28168192,"shared":5713920,"text":2322432,"lib":0,"data":5283840,"dirty":0,"uss":5574656,"pss":6032384,"swap":0},"3717":{"rss":3968733184,"vms":12851601408,"shared":602619904,"text":2322432,"lib":0,"data":10990710784,"dirty":0,"uss":3446407168,"pss":3642240000,"swap":0},"3814":{"rss":1146605568,"vms":8057536512,"shared":15175680,"text":2322432,"lib":0,"data":6411837440,"dirty":0,"uss":1029345280,"pss":1082812416,"swap":0}},"nvidia_draw_absolute":57.8,"nvidia_estimated_attributable_power_draw":57.8,"average_gpu_estimated_utilization_absolute":0.3733333333,"per_gpu_average_estimated_utilization_absolute":{"(0, 3717)":{"sm":37.3333333333,"mem":10.6666666667,"enc":0.0,"dec":0.0}},"average_gpu_estimated_utilization_relative":1.0,"per_gpu_performance_state":{"0":"P2"},"per_gpu_power_draw":{"0":57.8},"cpu_count_adjusted_average_load":[0.15375,0.1521875,0.1490625],"realtime_carbon_intensity":213.7887125381,"disk_write_speed":51.2750376974,"process_ids":[3787,3717,3814]}
{"timestamp":1572289743.9880199432,"rapl_power_draw_absolute":76.8190655573,"rapl_estimated_attributable_power_draw":18.4519161062,"cpu_time_seconds":{"3787":{"user":0.04,"system":0.02,"children_user":0.0,"children_system":0.0},"3717":{"user":94.64,"system":6.9,"children_user":0.11,"children_system":0.13},"3814":{"user":2.66,"system":2.04,"children_user":0.14,"children_system":2.01}},"average_relative_cpu_utilization":0.2276158218,"absolute_cpu_utilization":1.0034374852,"relative_mem_usage":0.3697808361,"absolute_mem_usage":9213143040.0,"absolute_mem_percent_usage":0.0681953664,"mem_info_per_process":{"3787":{"rss":11264000,"vms":28168192,"shared":5713920,"text":2322432,"lib":0,"data":5283840,"dirty":0,"uss":5574656,"pss":6032384,"swap":0},"3717":{"rss":3968733184,"vms":12851601408,"shared":602619904,"text":2322432,"lib":0,"data":10990710784,"dirty":0,"uss":3446648832,"pss":3642360832,"swap":0},"3814":{"rss":1146605568,"vms":8057536512,"shared":15175680,"text":2322432,"lib":0,"data":6411837440,"dirty":0,"uss":1029591040,"pss":1082935296,"swap":0}},"nvidia_draw_absolute":53.9,"nvidia_estimated_attributable_power_draw":53.9,"average_gpu_estimated_utilization_absolute":0.3733333333,"per_gpu_average_estimated_utilization_absolute":{"(0, 3717)":{"sm":37.3333333333,"mem":10.6666666667,"enc":0.0,"dec":0.0}},"average_gpu_estimated_utilization_relative":1.0,"per_gpu_performance_state":{"0":"P2"},"per_gpu_power_draw":{"0":53.9},"cpu_count_adjusted_average_load":[0.1678125,0.1553125,0.15],"realtime_carbon_intensity":213.7887125381,"disk_write_speed":48.7602948377,"process_ids":[3787,3717,3814]}
{"timestamp":1572289751.9523980618,"rapl_power_draw_absolute":80.3160024363,"rapl_estimated_attributable_power_draw":18.9962546673,"cpu_time_seconds":{"3787":{"user":0.04,"system":0.02,"children_user":0.0,"children_system":0.0},"3717":{"user":102.26,"system":7.24,"children_user":0.11,"children_system":0.13},"3814":{"user":2.86,"system":2.23,"children_user":0.14,"children_system":2.18}},"average_relative_cpu_utilization":0.2238125691,"absolute_cpu_utilization":1.0034537825,"relative_mem_usage":0.3698439532,"absolute_mem_usage":9213923328.0,"absolute_mem_percent_usage":0.0682011421,"mem_info_per_process":{"3787":{"rss":11264000,"vms":28168192,"shared":5713920,"text":2322432,"lib":0,"data":5283840,"dirty":0,"uss":5574656,"pss":6032384,"swap":0},"3717":{"rss":3968733184,"vms":12851601408,"shared":602619904,"text":2322432,"lib":0,"data":10990710784,"dirty":0,"uss":3446910976,"pss":3642491904,"swap":0},"3814":{"rss":1146605568,"vms":8057536512,"shared":15175680,"text":2322432,"lib":0,"data":6411837440,"dirty":0,"uss":1029849088,"pss":1083064320,"swap":0}},"nvidia_draw_absolute":55.85,"nvidia_estimated_attributable_power_draw":55.85,"average_gpu_estimated_utilization_absolute":0.375,"per_gpu_average_estimated_utilization_absolute":{"(0, 3717)":{"sm":37.5,"mem":10.5,"enc":0.0,"dec":0.0}},"average_gpu_estimated_utilization_relative":1.0,"per_gpu_performance_state":{"0":"P2"},"per_gpu_power_draw":{"0":55.85},"cpu_count_adjusted_average_load":[0.164375,0.1546875,0.15],"realtime_carbon_intensity":213.7887125381,"disk_write_speed":51.9806171214,"process_ids":[3787,3717,3814]}
{"timestamp":1572289759.901293993,"rapl_power_draw_absolute":80.5318902221,"rapl_estimated_attributable_power_draw":19.3463519935,"cpu_time_seconds":{"3787":{"user":0.04,"system":0.02,"children_user":0.0,"children_system":0.0},"3717":{"user":109.93,"system":7.52,"children_user":0.11,"children_system":0.13},"3814":{"user":3.07,"system":2.4,"children_user":0.16,"children_system":2.34}},"average_relative_cpu_utilization":0.2283050845,"absolute_cpu_utilization":0.9985740654,"relative_mem_usage":0.3698725745,"absolute_mem_usage":9214550016.0,"absolute_mem_percent_usage":0.0682057808,"mem_info_per_process":{"3787":{"rss":11264000,"vms":28168192,"shared":5713920,"text":2322432,"lib":0,"data":5283840,"dirty":0,"uss":5574656,"pss":6032384,"swap":0},"3717":{"rss":3968733184,"vms":12851601408,"shared":602619904,"text":2322432,"lib":0,"data":10990710784,"dirty":0,"uss":3447119872,"pss":3642596352,"swap":0},"3814":{"rss":1146605568,"vms":8057536512,"shared":15175680,"text":2322432,"lib":0,"data":6411837440,"dirty":0,"uss":1030057984,"pss":1083168768,"swap":0}},"nvidia_draw_absolute":55.76,"nvidia_estimated_attributable_power_draw":55.76,"average_gpu_estimated_utilization_absolute":0.37,"per_gpu_average_estimated_utilization_absolute":{"(0, 3717)":{"sm":37.0,"mem":10.3333333333,"enc":0.0,"dec":0.0}},"average_gpu_estimated_utilization_relative":1.0,"per_gpu_performance_state":{"0":"P2"},"per_gpu_power_draw":{"0":55.76},"cpu_count_adjusted_average_load":[0.1628125,0.155,0.15],"realtime_carbon_intensity":213.7887125381,"disk_write_speed":51.8477452,"process_ids":[3787,3717,3814]}
{"timestamp":1572289767.877325058,"rapl_power_draw_absolute":75.4314755118,"rapl_estimated_attributable_power_draw":18.0857057533,"cpu_time_seconds":{"3787":{"user":0.04,"system":0.02,"children_user":0.0,"children_system":0.0},"3717":{"user":117.56,"system":7.86,"children_user":0.11,"children_system":0.13},"3814":{"user":3.32,"system":2.58,"children_user":0.18,"children_system":2.51}},"average_relative_cpu_utilization":0.226374891,"absolute_cpu_utilization":0.9934562345,"relative_mem_usage":0.3698195088,"absolute_mem_usage":9215016960.0,"absolute_mem_percent_usage":0.0682092371,"mem_info_per_process":{"3787":{"rss":11264000,"vms":28168192,"shared":5713920,"text":2322432,"lib":0,"data":5283840,"dirty":0,"uss":5574656,"pss":6032384,"swap":0},"3717":{"rss":3968733184,"vms":12851601408,"shared":602619904,"text":2322432,"lib":0,"data":10990710784,"dirty":0,"uss":3447275520,"pss":3642674176,"swap":0},"3814":{"rss":1146605568,"vms":8057536512,"shared":15175680,"text":2322432,"lib":0,"data":6411837440,"dirty":0,"uss":1030213632,"pss":1083246592,"swap":0}},"nvidia_draw_absolute":57.61,"nvidia_estimated_attributable_power_draw":57.61,"average_gpu_estimated_utilization_absolute":0.3733333333,"per_gpu_average_estimated_utilization_absolute":{"(0, 3717)":{"sm":37.3333333333,"mem":10.6666666667,"enc":0.0,"dec":0.0}},"average_gpu_estimated_utilization_relative":1.0,"per_gpu_performance_state":{"0":"P2"},"per_gpu_power_draw":{"0":57.61},"cpu_count_adjusted_average_load":[0.159375,0.154375,0.15],"realtime_carbon_intensity":213.7887125381,"disk_write_speed":55.5901681946,"process_ids":[3787,3717,3814]}
{"timestamp":1572289775.8150548935,"rapl_power_draw_absolute":80.1775484052,"rapl_estimated_attributable_power_draw":18.7351701773,"cpu_time_seconds":{"3787":{"user":0.04,"system":0.02,"children_user":0.0,"children_system":0.0},"3717":{"user":125.16,"system":8.2,"children_user":0.11,"children_system":0.13},"3814":{"user":3.54,"system":2.74,"children_user":0.19,"children_system":2.66}},"average_relative_cpu_utilization":0.2206044428,"absolute_cpu_utilization":0.9934557911,"relative_mem_usage":0.369859933,"absolute_mem_usage":9215336448.0,"absolute_mem_percent_usage":0.0682116019,"mem_info_per_process":{"3787":{"rss":11264000,"vms":28168192,"shared":5713920,"text":2322432,"lib":0,"data":5283840,"dirty":0,"uss":5574656,"pss":6032384,"swap":0},"3717":{"rss":3968733184,"vms":12851601408,"shared":602619904,"text":2322432,"lib":0,"data":10990710784,"dirty":0,"uss":3447382016,"pss":3642727424,"swap":0},"3814":{"rss":1146605568,"vms":8057536512,"shared":15175680,"text":2322432,"lib":0,"data":6411837440,"dirty":0,"uss":1030320128,"pss":1083299840,"swap":0}},"nvidia_draw_absolute":54.56,"nvidia_estimated_attributable_power_draw":54.56,"average_gpu_estimated_utilization_absolute":0.3733333333,"per_gpu_average_estimated_utilization_absolute":{"(0, 3717)":{"sm":37.3333333333,"mem":10.3333333333,"enc":0.0,"dec":0.0}},"average_gpu_estimated_utilization_relative":1.0,"per_gpu_performance_state":{"0":"P2"},"per_gpu_power_draw":{"0":54.56},"cpu_count_adjusted_average_load":[0.1590625,0.154375,0.15],"realtime_carbon_intensity":213.7887125381,"disk_write_speed":50.1210393925,"process_ids":[3787,3717,3814]}
{"timestamp":1572289783.8306069374,"rapl_power_draw_absolute":82.1509565245,"rapl_estimated_attributable_power_draw":20.8106010722,"cpu_time_seconds":{"3787":{"user":0.04,"system":0.02,"children_user":0.0,"children_system":0.0},"3717":{"user":132.84,"system":8.55,"children_user":0.11,"children_system":0.13},"3814":{"user":3.73,"system":2.92,"children_user":0.2,"children_system":2.84}},"average_relative_cpu_utilization":0.2424055962,"absolute_cpu_utilization":0.9984404479,"relative_mem_usage":0.3699185207,"absolute_mem_usage":9215606784.0,"absolute_mem_percent_usage":0.0682136029,"mem_info_per_process":{"3787":{"rss":11264000,"vms":28168192,"shared":5713920,"text":2322432,"lib":0,"data":5283840,"dirty":0,"uss":5574656,"pss":6032384,"swap":0},"3717":{"rss":3968733184,"vms":12851601408,"shared":602619904,"text":2322432,"lib":0,"data":10990710784,"dirty":0,"uss":3447472128,"pss":3642772480,"swap":0},"3814":{"rss":1146605568,"vms":8057536512,"shared":15175680,"text":2322432,"lib":0,"data":6411837440,"dirty":0,"uss":1030410240,"pss":1083344896,"swap":0}},"nvidia_draw_absolute":52.53,"nvidia_estimated_attributable_power_draw":52.53,"average_gpu_estimated_utilization_absolute":0.3733333333,"per_gpu_average_estimated_utilization_absolute":{"(0, 3717)":{"sm":37.3333333333,"mem":10.6666666667,"enc":0.0,"dec":0.0}},"average_gpu_estimated_utilization_relative":1.0,"per_gpu_performance_state":{"0":"P2"},"per_gpu_power_draw":{"0":52.53},"cpu_count_adjusted_average_load":[0.1584375,0.154375,0.15],"realtime_carbon_intensity":213.7887125381,"disk_write_speed":37.7179184755,"process_ids":[3787,3717,3814]}
{"timestamp":1572289791.8498039246,"rapl_power_draw_absolute":81.1548871888,"rapl_estimated_attributable_power_draw":17.8211533537,"cpu_time_seconds":{"3787":{"user":0.04,"system":0.02,"children_user":0.0,"children_system":0.0},"3717":{"user":140.51,"system":8.9,"children_user":0.11,"children_system":0.13},"3814":{"user":3.92,"system":3.08,"children_user":0.2,"children_system":3.02}},"average_relative_cpu_utilization":0.2053279643,"absolute_cpu_utilization":0.9984964626,"relative_mem_usage":0.369903741,"absolute_mem_usage":9215827968.0,"absolute_mem_percent_usage":0.0682152401,"mem_info_per_process":{"3787":{"rss":11264000,"vms":28168192,"shared":5713920,"text":2322432,"lib":0,"data":5283840,"dirty":0,"uss":5574656,"pss":6032384,"swap":0},"3717":{"rss":3968733184,"vms":12851601408,"shared":602619904,"text":2322432,"lib":0,"data":10990710784,"dirty":0,"uss":3447545856,"pss":3642809344,"swap":0},"3814":{"rss":1146605568,"vms":8057536512,"shared":15175680,"text":2322432,"lib":0,"data":6411837440,"dirty":0,"uss":1030483968,"pss":1083381760,"swap":0}},"nvidia_draw_absolute":54.8,"nvidia_estimated_attributable_power_draw":54.8,"average_gpu_estimated_utilization_absolute":0.3733333333,"per_gpu_average_estimated_utilization_absolute":{"(0, 3717)":{"sm":37.3333333333,"mem":10.3333333333,"enc":0.0,"dec":0.0}},"average_gpu_estimated_utilization_relative":1.0,"per_gpu_performance_state":{"0":"P2"},"per_gpu_power_draw":{"0":54.8},"cpu_count_adjusted_average_load":[0.1584375,0.154375,0.15],"realtime_carbon_intensity":213.7887125381,"disk_write_speed":45.0739553265,"process_ids":[3787,3717,3814]}
{"timestamp":1572289799.8083300591,"rapl_power_draw_absolute":81.3469113514,"rapl_estimated_attributable_power_draw":18.5599897774,"cpu_time_seconds":{"3787":{"user":0.04,"system":0.02,"children_user":0.0,"children_system":0.0},"3717":{"user":148.17,"system":9.2,"children_user":0.11,"children_system":0.13},"3814":{"user":4.12,"system":3.26,"children_user":0.21,"children_system":3.19}},"average_relative_cpu_utilization":0.214726933,"absolute_cpu_utilization":1.0034551001,"relative_mem_usage":0.36980239,"absolute_mem_usage":9216043008.0,"absolute_mem_percent_usage":0.0682168319,"mem_info_per_process":{"3787":{"rss":11264000,"vms":28168192,"shared":5713920,"text":2322432,"lib":0,"data":5283840,"dirty":0,"uss":5574656,"pss":6029312,"swap":0},"3717":{"rss":3968733184,"vms":12851601408,"shared":602619904,"text":2322432,"lib":0,"data":10990710784,"dirty":0,"uss":3447619584,"pss":3642844160,"swap":0},"3814":{"rss":1146605568,"vms":8057536512,"shared":15175680,"text":2322432,"lib":0,"data":6411837440,"dirty":0,"uss":1030557696,"pss":1083417600,"swap":0}},"nvidia_draw_absolute":55.36,"nvidia_estimated_attributable_power_draw":55.36,"average_gpu_estimated_utilization_absolute":0.3666666667,"per_gpu_average_estimated_utilization_absolute":{"(0, 3717)":{"sm":36.6666666667,"mem":10.3333333333,"enc":0.0,"dec":0.0}},"average_gpu_estimated_utilization_relative":1.0,"per_gpu_performance_state":{"0":"P2"},"per_gpu_power_draw":{"0":55.36},"cpu_count_adjusted_average_load":[0.153125,0.1534375,0.15],"realtime_carbon_intensity":213.7887125381,"disk_write_speed":47.8751956489,"process_ids":[3787,3717,3814]}
{"timestamp":1572289807.7521910667,"rapl_power_draw_absolute":83.0645955873,"rapl_estimated_attributable_power_draw":21.37585221,"cpu_time_seconds":{"3787":{"user":0.04,"system":0.02,"children_user":0.0,"children_system":0.0},"3717":{"user":155.81,"system":9.5,"children_user":0.11,"children_system":0.13},"3814":{"user":4.35,"system":3.44,"children_user":0.21,"children_system":3.36}},"average_relative_cpu_utilization":0.2469107944,"absolute_cpu_utilization":1.0034394886,"relative_mem_usage":0.369946785,"absolute_mem_usage":9216245760.0,"absolute_mem_percent_usage":0.0682183326,"mem_info_per_process":{"3787":{"rss":11264000,"vms":28168192,"shared":5713920,"text":2322432,"lib":0,"data":5283840,"dirty":0,"uss":5574656,"pss":6032384,"swap":0},"3717":{"rss":3968733184,"vms":12851601408,"shared":602619904,"text":2322432,"lib":0,"data":10990710784,"dirty":0,"uss":3447685120,"pss":3642878976,"swap":0},"3814":{"rss":1146605568,"vms":8057536512,"shared":15175680,"text":2322432,"lib":0,"data":6411837440,"dirty":0,"uss":1030623232,"pss":1083451392,"swap":0}},"nvidia_draw_absolute":54.59,"nvidia_estimated_attributable_power_draw":54.59,"average_gpu_estimated_utilization_absolute":0.375,"per_gpu_average_estimated_utilization_absolute":{"(0, 3717)":{"sm":37.5,"mem":10.5,"enc":0.0,"dec":0.0}},"average_gpu_estimated_utilization_relative":1.0,"per_gpu_performance_state":{"0":"P2"},"per_gpu_power_draw":{"0":54.59},"cpu_count_adjusted_average_load":[0.1509375,0.153125,0.1496875],"realtime_carbon_intensity":213.7887125381,"disk_write_speed":49.0883615413,"process_ids":[3787,3717,3814]}
{"timestamp":1572289815.7217829227,"rapl_power_draw_absolute":74.0357424478,"rapl_estimated_attributable_power_draw":25.2016627496,"cpu_time_seconds":{"3787":{"user":0.04,"system":0.02,"children_user":0.0,"children_system":0.0},"3717":{"user":163.31,"system":9.98,"children_user":0.11,"children_system":0.13},"3814":{"user":4.56,"system":3.64,"children_user":0.21,"children_system":3.54}},"average_relative_cpu_utilization":0.3284082719,"absolute_cpu_utilization":1.003478766,"relative_mem_usage":0.4590796921,"absolute_mem_usage":9316076544.0,"absolute_mem_percent_usage":0.0689572766,"mem_info_per_process":{"3787":{"rss":11264000,"vms":28168192,"shared":5713920,"text":2322432,"lib":0,"data":5283840,"dirty":0,"uss":5574656,"pss":6255616,"swap":0},"3717":{"rss":3968733184,"vms":12851601408,"shared":602619904,"text":2322432,"lib":0,"data":10990710784,"dirty":0,"uss":3473362944,"pss":3715358720,"swap":0},"3814":{"rss":1146605568,"vms":8057536512,"shared":15175680,"text":2322432,"lib":0,"data":6411837440,"dirty":0,"uss":1030844416,"pss":1084680192,"swap":0}},"nvidia_draw_absolute":54.49,"nvidia_estimated_attributable_power_draw":54.49,"average_gpu_estimated_utilization_absolute":0.38,"per_gpu_average_estimated_utilization_absolute":{"(0, 3717)":{"sm":38.0,"mem":10.5,"enc":0.0,"dec":0.0}},"average_gpu_estimated_utilization_relative":1.0,"per_gpu_performance_state":{"0":"P2"},"per_gpu_power_draw":{"0":54.49},"cpu_count_adjusted_average_load":[0.14875,0.1525,0.1496875],"realtime_carbon_intensity":213.7887125381,"disk_write_speed":50.8044025055,"process_ids":[3787,3717,3814]}
