{"timestamp":1572411639.4368429184,"rapl_power_draw_absolute":77.5221613536,"rapl_estimated_attributable_power_draw":17.3695843583,"cpu_time_seconds":{"24067":{"user":0.0,"system":0.06,"children_user":0.0,"children_system":0.05},"23979":{"user":10.43,"system":2.48,"children_user":1.12,"children_system":0.33}},"average_relative_cpu_utilization":0.2231950129,"absolute_cpu_utilization":0.9985493708,"relative_mem_usage":0.2328797495,"absolute_mem_usage":3746274304.0,"absolute_mem_percent_usage":0.0277297929,"mem_info_per_process":{"24067":{"rss":3269931008,"vms":11441487872,"shared":173658112,"text":2322432,"lib":0,"data":9687093248,"dirty":0,"uss":92258304,"pss":1677744128,"swap":0},"23979":{"rss":3667775488,"vms":11441487872,"shared":571658240,"text":2322432,"lib":0,"data":9687093248,"dirty":0,"uss":136957952,"pss":1839313920,"swap":0}},"nvidia_draw_absolute":43.85,"nvidia_estimated_attributable_power_draw":43.85,"average_gpu_estimated_utilization_absolute":0.125,"per_gpu_average_estimated_utilization_absolute":{"(0, 23979)":{"sm":12.5,"mem":0.0,"enc":0.0,"dec":0.0}},"average_gpu_estimated_utilization_relative":1.0,"per_gpu_performance_state":{"0":"P2"},"per_gpu_power_draw":{"0":43.85},"cpu_count_adjusted_average_load":[0.143125,0.155625,0.1584375],"realtime_carbon_intensity":337.461173778,"disk_write_speed":26.172894152,"process_ids":[24067,23979]}
{"timestamp":1572411647.9136650562,"rapl_power_draw_absolute":77.833707975,"rapl_estimated_attributable_power_draw":17.3188563043,"cpu_time_seconds":{"24067":{"user":0.18,"system":0.43,"children_user":0.02,"children_system":0.34},"23979":{"user":18.91,"system":2.48,"children_user":1.12,"children_system":0.33}},"average_relative_cpu_utilization":0.221346326,"absolute_cpu_utilization":1.0035648133,"relative_mem_usage":0.2346027356,"absolute_mem_usage":3777121280.0,"absolute_mem_percent_usage":0.0279581212,"mem_info_per_process":{"24067":{"rss":3276771328,"vms":11441487872,"shared":180486144,"text":2322432,"lib":0,"data":9687093248,"dirty":0,"uss":103047168,"pss":1684508672,"swap":0},"23979":{"rss":3667775488,"vms":11441487872,"shared":571658240,"text":2322432,"lib":0,"data":9687093248,"dirty":0,"uss":145944576,"pss":1843620864,"swap":0}},"nvidia_draw_absolute":43.37,"nvidia_estimated_attributable_power_draw":43.37,"average_gpu_estimated_utilization_absolute":0.125,"per_gpu_average_estimated_utilization_absolute":{"(0, 23979)":{"sm":12.5,"mem":0.0,"enc":0.0,"dec":0.0}},"average_gpu_estimated_utilization_relative":1.0,"per_gpu_performance_state":{"0":"P2"},"per_gpu_power_draw":{"0":43.37},"cpu_count_adjusted_average_load":[0.1475,0.15625,0.1584375],"realtime_carbon_intensity":337.461173778,"disk_write_speed":19.425952377,"process_ids":[24067,23979]}
{"timestamp":1572411656.2336909771,"rapl_power_draw_absolute":78.0780244663,"rapl_estimated_attributable_power_draw":17.3658353116,"cpu_time_seconds":{"24067":{"user":0.34,"system":0.78,"children_user":0.04,"children_system":0.65},"23979":{"user":27.23,"system":2.48,"children_user":1.12,"children_system":0.33}},"average_relative_cpu_utilization":0.2212233112,"absolute_cpu_utilization":0.9985780568,"relative_mem_usage":0.2347541654,"absolute_mem_usage":3779510272.0,"absolute_mem_percent_usage":0.0279758044,"mem_info_per_process":{"24067":{"rss":3276771328,"vms":11441487872,"shared":180486144,"text":2322432,"lib":0,"data":9687093248,"dirty":0,"uss":103895040,"pss":1684931584,"swap":0},"23979":{"rss":3667775488,"vms":11441487872,"shared":571658240,"text":2322432,"lib":0,"data":9687093248,"dirty":0,"uss":146690048,"pss":1843993600,"swap":0}},"nvidia_draw_absolute":43.47,"nvidia_estimated_attributable_power_draw":43.47,"average_gpu_estimated_utilization_absolute":0.125,"per_gpu_average_estimated_utilization_absolute":{"(0, 23979)":{"sm":12.5,"mem":0.0,"enc":0.0,"dec":0.0}},"average_gpu_estimated_utilization_relative":1.0,"per_gpu_performance_state":{"0":"P2"},"per_gpu_power_draw":{"0":43.47},"cpu_count_adjusted_average_load":[0.1578125,0.158125,0.1590625],"realtime_carbon_intensity":337.461173778,"disk_write_speed":26.7713272676,"process_ids":[24067,23979]}
{"timestamp":1572411664.5010368824,"rapl_power_draw_absolute":67.1659156913,"rapl_estimated_attributable_power_draw":20.440637304,"cpu_time_seconds":{"24067":{"user":0.51,"system":1.1,"children_user":0.04,"children_system":0.94},"23979":{"user":35.5,"system":2.48,"children_user":1.12,"children_system":0.33}},"average_relative_cpu_utilization":0.3044051986,"absolute_cpu_utilization":0.9985593629,"relative_mem_usage":0.303168718,"absolute_mem_usage":3839022080.0,"absolute_mem_percent_usage":0.0284163088,"mem_info_per_process":{"24067":{"rss":3276771328,"vms":11441487872,"shared":180486144,"text":2322432,"lib":0,"data":9687093248,"dirty":0,"uss":103903232,"pss":1686198272,"swap":0},"23979":{"rss":3667775488,"vms":11441487872,"shared":571658240,"text":2322432,"lib":0,"data":9687093248,"dirty":0,"uss":147083264,"pss":1901837312,"swap":0}},"nvidia_draw_absolute":43.31,"nvidia_estimated_attributable_power_draw":43.31,"average_gpu_estimated_utilization_absolute":0.13,"per_gpu_average_estimated_utilization_absolute":{"(0, 23979)":{"sm":13,"mem":0,"enc":0,"dec":0}},"average_gpu_estimated_utilization_relative":1.0,"per_gpu_performance_state":{"0":"P2"},"per_gpu_power_draw":{"0":43.31},"cpu_count_adjusted_average_load":[0.1553125,0.1578125,0.1590625],"realtime_carbon_intensity":337.461173778,"disk_write_speed":32.8342418758,"process_ids":[24067,23979]}
{"timestamp":1572411672.7946000099,"rapl_power_draw_absolute":67.7675203473,"rapl_estimated_attributable_power_draw":19.0457114611,"cpu_time_seconds":{"24067":{"user":0.7,"system":1.45,"children_user":0.06,"children_system":1.23},"23979":{"user":43.8,"system":2.48,"children_user":1.12,"children_system":0.33}},"average_relative_cpu_utilization":0.2795360697,"absolute_cpu_utilization":1.0035977789,"relative_mem_usage":0.3024921639,"absolute_mem_usage":3839031296.0,"absolute_mem_percent_usage":0.028416377,"mem_info_per_process":{"24067":{"rss":3276771328,"vms":11441487872,"shared":180486144,"text":2322432,"lib":0,"data":9687093248,"dirty":0,"uss":103911424,"pss":1686200320,"swap":0},"23979":{"rss":3667775488,"vms":11441487872,"shared":571658240,"text":2322432,"lib":0,"data":9687093248,"dirty":0,"uss":147091456,"pss":1901828096,"swap":0}},"nvidia_draw_absolute":43.0,"nvidia_estimated_attributable_power_draw":43.0,"average_gpu_estimated_utilization_absolute":0.125,"per_gpu_average_estimated_utilization_absolute":{"(0, 23979)":{"sm":12.5,"mem":0.0,"enc":0.0,"dec":0.0}},"average_gpu_estimated_utilization_relative":1.0,"per_gpu_performance_state":{"0":"P2"},"per_gpu_power_draw":{"0":43.0},"cpu_count_adjusted_average_load":[0.1553125,0.1575,0.15875],"realtime_carbon_intensity":337.461173778,"disk_write_speed":33.956864792,"process_ids":[24067,23979]}
{"timestamp":1572411681.0405759811,"rapl_power_draw_absolute":76.0431389363,"rapl_estimated_attributable_power_draw":14.7764999322,"cpu_time_seconds":{"24067":{"user":0.9,"system":1.79,"children_user":0.08,"children_system":1.5},"23979":{"user":52.05,"system":2.48,"children_user":1.12,"children_system":0.33}},"average_relative_cpu_utilization":0.1866151146,"absolute_cpu_utilization":1.0035586928,"relative_mem_usage":0.2797485196,"absolute_mem_usage":3802331136.0,"absolute_mem_percent_usage":0.0281447237,"mem_info_per_process":{"24067":{"rss":3276771328,"vms":11441487872,"shared":180486144,"text":2322432,"lib":0,"data":9687093248,"dirty":0,"uss":103915520,"pss":1685423104,"swap":0},"23979":{"rss":3667775488,"vms":11441487872,"shared":571658240,"text":2322432,"lib":0,"data":9687093248,"dirty":0,"uss":140234752,"pss":1872757760,"swap":0}},"nvidia_draw_absolute":43.01,"nvidia_estimated_attributable_power_draw":43.01,"average_gpu_estimated_utilization_absolute":0.12,"per_gpu_average_estimated_utilization_absolute":{"(0, 23979)":{"sm":12,"mem":0,"enc":0,"dec":0}},"average_gpu_estimated_utilization_relative":1.0,"per_gpu_performance_state":{"0":"P2"},"per_gpu_power_draw":{"0":43.01},"cpu_count_adjusted_average_load":[0.153125,0.1571875,0.15875],"realtime_carbon_intensity":337.461173778,"disk_write_speed":14.9807740131,"process_ids":[24067,23979]}
{"timestamp":1572411689.359318018,"rapl_power_draw_absolute":71.5512126343,"rapl_estimated_attributable_power_draw":19.7207640436,"cpu_time_seconds":{"24067":{"user":1.03,"system":2.14,"children_user":0.08,"children_system":1.79},"23979":{"user":60.36,"system":2.49,"children_user":1.12,"children_system":0.33}},"average_relative_cpu_utilization":0.272706223,"absolute_cpu_utilization":1.003572004,"relative_mem_usage":0.3043974327,"absolute_mem_usage":3836213248.0,"absolute_mem_percent_usage":0.0283955179,"mem_info_per_process":{"24067":{"rss":3276775424,"vms":11441487872,"shared":180486144,"text":2322432,"lib":0,"data":9687093248,"dirty":0,"uss":104935424,"pss":1687042048,"swap":0},"23979":{"rss":3667775488,"vms":11441487872,"shared":571658240,"text":2322432,"lib":0,"data":9687093248,"dirty":0,"uss":143757312,"pss":1900478464,"swap":0}},"nvidia_draw_absolute":42.55,"nvidia_estimated_attributable_power_draw":42.55,"average_gpu_estimated_utilization_absolute":0.13,"per_gpu_average_estimated_utilization_absolute":{"(0, 23979)":{"sm":13,"mem":0,"enc":0,"dec":0}},"average_gpu_estimated_utilization_relative":1.0,"per_gpu_performance_state":{"0":"P2"},"per_gpu_power_draw":{"0":42.55},"cpu_count_adjusted_average_load":[0.1484375,0.1559375,0.1584375],"realtime_carbon_intensity":337.461173778,"disk_write_speed":18.9068537561,"process_ids":[24067,23979]}
{"timestamp":1572411697.6831729412,"rapl_power_draw_absolute":73.4022913692,"rapl_estimated_attributable_power_draw":19.9232725745,"cpu_time_seconds":{"24067":{"user":1.16,"system":2.49,"children_user":0.09,"children_system":2.08},"23979":{"user":68.68,"system":2.5,"children_user":1.12,"children_system":0.33}},"average_relative_cpu_utilization":0.2680873873,"absolute_cpu_utilization":0.998629848,"relative_mem_usage":0.3033192836,"absolute_mem_usage":3833973760.0,"absolute_mem_percent_usage":0.0283789413,"mem_info_per_process":{"24067":{"rss":3276775424,"vms":11441487872,"shared":180486144,"text":2322432,"lib":0,"data":9687093248,"dirty":0,"uss":104001536,"pss":1686153216,"swap":0},"23979":{"rss":3667775488,"vms":11441487872,"shared":571658240,"text":2322432,"lib":0,"data":9687093248,"dirty":0,"uss":143753216,"pss":1900065792,"swap":0}},"nvidia_draw_absolute":42.67,"nvidia_estimated_attributable_power_draw":42.67,"average_gpu_estimated_utilization_absolute":0.125,"per_gpu_average_estimated_utilization_absolute":{"(0, 23979)":{"sm":12.5,"mem":0.0,"enc":0.0,"dec":0.0}},"average_gpu_estimated_utilization_relative":1.0,"per_gpu_performance_state":{"0":"P2"},"per_gpu_power_draw":{"0":42.67},"cpu_count_adjusted_average_load":[0.1590625,0.158125,0.1590625],"realtime_carbon_intensity":337.461173778,"disk_write_speed":17.7725917214,"process_ids":[24067,23979]}
{"timestamp":1572411706.0170660019,"rapl_power_draw_absolute":74.1274364589,"rapl_estimated_attributable_power_draw":15.4826703188,"cpu_time_seconds":{"24067":{"user":1.26,"system":2.87,"children_user":0.1,"children_system":2.37},"23979":{"user":77.01,"system":2.5,"children_user":1.12,"children_system":0.33}},"average_relative_cpu_utilization":0.1999826377,"absolute_cpu_utilization":0.9980156407,"relative_mem_usage":0.2942376985,"absolute_mem_usage":3810689024.0,"absolute_mem_percent_usage":0.0282065885,"mem_info_per_process":{"24067":{"rss":3276775424,"vms":11441487872,"shared":180486144,"text":2322432,"lib":0,"data":9687093248,"dirty":0,"uss":104001536,"pss":1685433344,"swap":0},"23979":{"rss":3667775488,"vms":11441487872,"shared":571658240,"text":2322432,"lib":0,"data":9687093248,"dirty":0,"uss":139845632,"pss":1881408512,"swap":0}},"nvidia_draw_absolute":42.81,"nvidia_estimated_attributable_power_draw":42.81,"average_gpu_estimated_utilization_absolute":0.115,"per_gpu_average_estimated_utilization_absolute":{"(0, 23979)":{"sm":11.5,"mem":0.0,"enc":0.0,"dec":0.0}},"average_gpu_estimated_utilization_relative":1.0,"per_gpu_performance_state":{"0":"P2"},"per_gpu_power_draw":{"0":42.81},"cpu_count_adjusted_average_load":[0.1584375,0.158125,0.1590625],"realtime_carbon_intensity":337.461173778,"disk_write_speed":27.8641703541,"process_ids":[24067,23979]}
{"timestamp":1572411714.3055000305,"rapl_power_draw_absolute":74.3811800834,"rapl_estimated_attributable_power_draw":18.5602844386,"cpu_time_seconds":{"24067":{"user":1.42,"system":3.22,"children_user":0.1,"children_system":2.67},"23979":{"user":85.29,"system":2.52,"children_user":1.12,"children_system":0.33}},"average_relative_cpu_utilization":0.2512323935,"absolute_cpu_utilization":1.0035759142,"relative_mem_usage":0.2335019171,"absolute_mem_usage":3741341696.0,"absolute_mem_percent_usage":0.0276932819,"mem_info_per_process":{"24067":{"rss":3276775424,"vms":11441487872,"shared":180486144,"text":2322432,"lib":0,"data":9687093248,"dirty":0,"uss":104009728,"pss":1685158912,"swap":0},"23979":{"rss":3667775488,"vms":11441487872,"shared":571658240,"text":2322432,"lib":0,"data":9687093248,"dirty":0,"uss":120033280,"pss":1832139776,"swap":0}},"nvidia_draw_absolute":42.61,"nvidia_estimated_attributable_power_draw":42.61,"average_gpu_estimated_utilization_absolute":0.125,"per_gpu_average_estimated_utilization_absolute":{"(0, 23979)":{"sm":12.5,"mem":0.0,"enc":0.0,"dec":0.0}},"average_gpu_estimated_utilization_relative":1.0,"per_gpu_performance_state":{"0":"P2"},"per_gpu_power_draw":{"0":42.61},"cpu_count_adjusted_average_load":[0.160625,0.1584375,0.1590625],"realtime_carbon_intensity":337.461173778,"disk_write_speed":30.4295872552,"process_ids":[24067,23979]}
{"timestamp":1572411722.5898048878,"rapl_power_draw_absolute":77.141475372,"rapl_estimated_attributable_power_draw":17.6450405045,"cpu_time_seconds":{"24067":{"user":1.58,"system":3.56,"children_user":0.13,"children_system":2.94},"23979":{"user":93.57,"system":2.52,"children_user":1.12,"children_system":0.33}},"average_relative_cpu_utilization":0.2282957418,"absolute_cpu_utilization":0.9986027769,"relative_mem_usage":0.2332061177,"absolute_mem_usage":3740662784.0,"absolute_mem_percent_usage":0.0276882567,"mem_info_per_process":{"24067":{"rss":3276775424,"vms":11441487872,"shared":180486144,"text":2322432,"lib":0,"data":9687093248,"dirty":0,"uss":103882752,"pss":1684767744,"swap":0},"23979":{"rss":3667775488,"vms":11441487872,"shared":571658240,"text":2322432,"lib":0,"data":9687093248,"dirty":0,"uss":120041472,"pss":1831970816,"swap":0}},"nvidia_draw_absolute":42.47,"nvidia_estimated_attributable_power_draw":42.47,"average_gpu_estimated_utilization_absolute":0.125,"per_gpu_average_estimated_utilization_absolute":{"(0, 23979)":{"sm":12.5,"mem":0.0,"enc":0.0,"dec":0.0}},"average_gpu_estimated_utilization_relative":1.0,"per_gpu_performance_state":{"0":"P2"},"per_gpu_power_draw":{"0":42.47},"cpu_count_adjusted_average_load":[0.164375,0.159375,0.159375],"realtime_carbon_intensity":337.461173778,"disk_write_speed":15.7458029252,"process_ids":[24067,23979]}
{"timestamp":1572411731.0599980354,"rapl_power_draw_absolute":77.1182425022,"rapl_estimated_attributable_power_draw":17.8804794161,"cpu_time_seconds":{"24067":{"user":1.76,"system":3.9,"children_user":0.15,"children_system":3.23},"23979":{"user":102.04,"system":2.52,"children_user":1.12,"children_system":0.33}},"average_relative_cpu_utilization":0.231732009,"absolute_cpu_utilization":0.9985631481,"relative_mem_usage":0.2331422668,"absolute_mem_usage":3740669952.0,"absolute_mem_percent_usage":0.0276883097,"mem_info_per_process":{"24067":{"rss":3276775424,"vms":11441487872,"shared":180486144,"text":2322432,"lib":0,"data":9687093248,"dirty":0,"uss":103886848,"pss":1684767744,"swap":0},"23979":{"rss":3667775488,"vms":11441487872,"shared":571658240,"text":2322432,"lib":0,"data":9687093248,"dirty":0,"uss":120045568,"pss":1831969792,"swap":0}},"nvidia_draw_absolute":42.37,"nvidia_estimated_attributable_power_draw":42.37,"average_gpu_estimated_utilization_absolute":0.125,"per_gpu_average_estimated_utilization_absolute":{"(0, 23979)":{"sm":12.5,"mem":0.0,"enc":0.0,"dec":0.0}},"average_gpu_estimated_utilization_relative":1.0,"per_gpu_performance_state":{"0":"P2"},"per_gpu_power_draw":{"0":42.37},"cpu_count_adjusted_average_load":[0.1728125,0.1615625,0.16],"realtime_carbon_intensity":337.461173778,"disk_write_speed":19.423577421,"process_ids":[24067,23979]}
{"timestamp":1572411739.3379030228,"rapl_power_draw_absolute":77.4216769632,"rapl_estimated_attributable_power_draw":17.5176774187,"cpu_time_seconds":{"24067":{"user":1.9,"system":4.25,"children_user":0.16,"children_system":3.52},"23979":{"user":110.32,"system":2.53,"children_user":1.12,"children_system":0.33}},"average_relative_cpu_utilization":0.2255714645,"absolute_cpu_utilization":1.0035562774,"relative_mem_usage":0.2332078585,"absolute_mem_usage":3740694528.0,"absolute_mem_percent_usage":0.0276884916,"mem_info_per_process":{"24067":{"rss":3276775424,"vms":11441487872,"shared":180486144,"text":2322432,"lib":0,"data":9687093248,"dirty":0,"uss":103895040,"pss":1684771840,"swap":0},"23979":{"rss":3667775488,"vms":11441487872,"shared":571658240,"text":2322432,"lib":0,"data":9687093248,"dirty":0,"uss":120053760,"pss":1831973888,"swap":0}},"nvidia_draw_absolute":42.39,"nvidia_estimated_attributable_power_draw":42.39,"average_gpu_estimated_utilization_absolute":0.12,"per_gpu_average_estimated_utilization_absolute":{"(0, 23979)":{"sm":12,"mem":0,"enc":0,"dec":0}},"average_gpu_estimated_utilization_relative":1.0,"per_gpu_performance_state":{"0":"P2"},"per_gpu_power_draw":{"0":42.39},"cpu_count_adjusted_average_load":[0.1715625,0.16125,0.16],"realtime_carbon_intensity":337.461173778,"disk_write_speed":17.861521493,"process_ids":[24067,23979]}
{"timestamp":1572411747.6538250446,"rapl_power_draw_absolute":77.4064329468,"rapl_estimated_attributable_power_draw":17.6317569229,"cpu_time_seconds":{"24067":{"user":2.03,"system":4.57,"children_user":0.18,"children_system":3.8},"23979":{"user":118.62,"system":2.54,"children_user":1.12,"children_system":0.33}},"average_relative_cpu_utilization":0.2272575722,"absolute_cpu_utilization":0.9985778543,"relative_mem_usage":0.2331085324,"absolute_mem_usage":3740587008.0,"absolute_mem_percent_usage":0.0276876958,"mem_info_per_process":{"24067":{"rss":3276775424,"vms":11441487872,"shared":180486144,"text":2322432,"lib":0,"data":9687093248,"dirty":0,"uss":103895040,"pss":1684771840,"swap":0},"23979":{"rss":3667775488,"vms":11441487872,"shared":571658240,"text":2322432,"lib":0,"data":9687093248,"dirty":0,"uss":120053760,"pss":1831866368,"swap":0}},"nvidia_draw_absolute":42.36,"nvidia_estimated_attributable_power_draw":42.36,"average_gpu_estimated_utilization_absolute":0.125,"per_gpu_average_estimated_utilization_absolute":{"(0, 23979)":{"sm":12.5,"mem":0.0,"enc":0.0,"dec":0.0}},"average_gpu_estimated_utilization_relative":1.0,"per_gpu_performance_state":{"0":"P2"},"per_gpu_power_draw":{"0":42.36},"cpu_count_adjusted_average_load":[0.1809375,0.16375,0.1609375],"realtime_carbon_intensity":337.461173778,"disk_write_speed":15.6666612195,"process_ids":[24067,23979]}
{"timestamp":1572411756.3820469379,"rapl_power_draw_absolute":77.3613783765,"rapl_estimated_attributable_power_draw":17.603593969,"cpu_time_seconds":{"24067":{"user":2.18,"system":4.92,"children_user":0.2,"children_system":4.08},"23979":{"user":127.35,"system":2.55,"children_user":1.12,"children_system":0.33}},"average_relative_cpu_utilization":0.2269974005,"absolute_cpu_utilization":0.9985698269,"relative_mem_usage":0.233222112,"absolute_mem_usage":3740642304.0,"absolute_mem_percent_usage":0.0276881051,"mem_info_per_process":{"24067":{"rss":3276775424,"vms":11441487872,"shared":180486144,"text":2322432,"lib":0,"data":9687093248,"dirty":0,"uss":103899136,"pss":1684672512,"swap":0},"23979":{"rss":3667775488,"vms":11441487872,"shared":571658240,"text":2322432,"lib":0,"data":9687093248,"dirty":0,"uss":120082432,"pss":1831988224,"swap":0}},"nvidia_draw_absolute":41.98,"nvidia_estimated_attributable_power_draw":41.98,"average_gpu_estimated_utilization_absolute":0.12,"per_gpu_average_estimated_utilization_absolute":{"(0, 23979)":{"sm":12,"mem":0,"enc":0,"dec":0}},"average_gpu_estimated_utilization_relative":1.0,"per_gpu_performance_state":{"0":"P2"},"per_gpu_power_draw":{"0":41.98},"cpu_count_adjusted_average_load":[0.176875,0.1634375,0.1609375],"realtime_carbon_intensity":337.461173778,"disk_write_speed":25.6067565905,"process_ids":[24067,23979]}
{"timestamp":1572411764.6681210995,"rapl_power_draw_absolute":77.6238534214,"rapl_estimated_attributable_power_draw":17.572449515,"cpu_time_seconds":{"24067":{"user":2.34,"system":5.3,"children_user":0.22,"children_system":4.37},"23979":{"user":135.64,"system":2.55,"children_user":1.12,"children_system":0.33}},"average_relative_cpu_utilization":0.2257140192,"absolute_cpu_utilization":0.998575841,"relative_mem_usage":0.2332099638,"absolute_mem_usage":3740813312.0,"absolute_mem_percent_usage":0.0276893709,"mem_info_per_process":{"24067":{"rss":3276775424,"vms":11441487872,"shared":180486144,"text":2322432,"lib":0,"data":9687093248,"dirty":0,"uss":103936000,"pss":1684792320,"swap":0},"23979":{"rss":3667775488,"vms":11441487872,"shared":571658240,"text":2322432,"lib":0,"data":9687093248,"dirty":0,"uss":120094720,"pss":1831990272,"swap":0}},"nvidia_draw_absolute":42.15,"nvidia_estimated_attributable_power_draw":42.15,"average_gpu_estimated_utilization_absolute":0.12,"per_gpu_average_estimated_utilization_absolute":{"(0, 23979)":{"sm":12,"mem":0,"enc":0,"dec":0}},"average_gpu_estimated_utilization_relative":1.0,"per_gpu_performance_state":{"0":"P2"},"per_gpu_power_draw":{"0":42.15},"cpu_count_adjusted_average_load":[0.1803125,0.164375,0.16125],"realtime_carbon_intensity":337.461173778,"disk_write_speed":13.4263085907,"process_ids":[24067,23979]}
{"timestamp":1572411772.9586338997,"rapl_power_draw_absolute":77.3990294099,"rapl_estimated_attributable_power_draw":17.5475644848,"cpu_time_seconds":{"24067":{"user":2.48,"system":5.63,"children_user":0.24,"children_system":4.64},"23979":{"user":143.93,"system":2.56,"children_user":1.12,"children_system":0.33}},"average_relative_cpu_utilization":0.2260828597,"absolute_cpu_utilization":1.003569017,"relative_mem_usage":0.2331769944,"absolute_mem_usage":3740817408.0,"absolute_mem_percent_usage":0.0276894012,"mem_info_per_process":{"24067":{"rss":3276775424,"vms":11441487872,"shared":180486144,"text":2322432,"lib":0,"data":9687093248,"dirty":0,"uss":103936000,"pss":1684792320,"swap":0},"23979":{"rss":3667775488,"vms":11441487872,"shared":571658240,"text":2322432,"lib":0,"data":9687093248,"dirty":0,"uss":120094720,"pss":1831994368,"swap":0}},"nvidia_draw_absolute":42.07,"nvidia_estimated_attributable_power_draw":42.07,"average_gpu_estimated_utilization_absolute":0.125,"per_gpu_average_estimated_utilization_absolute":{"(0, 23979)":{"sm":12.5,"mem":0.0,"enc":0.0,"dec":0.0}},"average_gpu_estimated_utilization_relative":1.0,"per_gpu_performance_state":{"0":"P2"},"per_gpu_power_draw":{"0":42.07},"cpu_count_adjusted_average_load":[0.1953125,0.168125,0.1625],"realtime_carbon_intensity":337.461173778,"disk_write_speed":25.4674923237,"process_ids":[24067,23979]}
{"timestamp":1572411781.2204220295,"rapl_power_draw_absolute":78.0672675631,"rapl_estimated_attributable_power_draw":17.4500518404,"cpu_time_seconds":{"24067":{"user":2.64,"system":5.96,"children_user":0.26,"children_system":4.93},"23979":{"user":152.19,"system":2.56,"children_user":1.12,"children_system":0.33}},"average_relative_cpu_utilization":0.2225731971,"absolute_cpu_utilization":1.0035698831,"relative_mem_usage":0.233195062,"absolute_mem_usage":3740752896.0,"absolute_mem_percent_usage":0.0276889237,"mem_info_per_process":{"24067":{"rss":3276775424,"vms":11441487872,"shared":180486144,"text":2322432,"lib":0,"data":9687093248,"dirty":0,"uss":103948288,"pss":1684697088,"swap":0},"23979":{"rss":3667775488,"vms":11441487872,"shared":571658240,"text":2322432,"lib":0,"data":9687093248,"dirty":0,"uss":120107008,"pss":1832000512,"swap":0}},"nvidia_draw_absolute":42.37,"nvidia_estimated_attributable_power_draw":42.37,"average_gpu_estimated_utilization_absolute":0.12,"per_gpu_average_estimated_utilization_absolute":{"(0, 23979)":{"sm":12,"mem":0,"enc":0,"dec":0}},"average_gpu_estimated_utilization_relative":1.0,"per_gpu_performance_state":{"0":"P2"},"per_gpu_power_draw":{"0":42.37},"cpu_count_adjusted_average_load":[0.194375,0.16875,0.1628125],"realtime_carbon_intensity":337.461173778,"disk_write_speed":19.6130605847,"process_ids":[24067,23979]}
{"timestamp":1572411789.5089399815,"rapl_power_draw_absolute":77.8614828825,"rapl_estimated_attributable_power_draw":17.4656695875,"cpu_time_seconds":{"24067":{"user":2.78,"system":6.31,"children_user":0.27,"children_system":5.23},"23979":{"user":160.48,"system":2.56,"children_user":1.12,"children_system":0.33}},"average_relative_cpu_utilization":0.2234435511,"absolute_cpu_utilization":0.9985662312,"relative_mem_usage":0.233222507,"absolute_mem_usage":3740765184.0,"absolute_mem_percent_usage":0.0276890146,"mem_info_per_process":{"24067":{"rss":3276775424,"vms":11441487872,"shared":180486144,"text":2322432,"lib":0,"data":9687093248,"dirty":0,"uss":103952384,"pss":1684699136,"swap":0},"23979":{"rss":3667775488,"vms":11441487872,"shared":571658240,"text":2322432,"lib":0,"data":9687093248,"dirty":0,"uss":120111104,"pss":1832002560,"swap":0}},"nvidia_draw_absolute":42.53,"nvidia_estimated_attributable_power_draw":42.53,"average_gpu_estimated_utilization_absolute":0.125,"per_gpu_average_estimated_utilization_absolute":{"(0, 23979)":{"sm":12.5,"mem":0.0,"enc":0.0,"dec":0.0}},"average_gpu_estimated_utilization_relative":1.0,"per_gpu_performance_state":{"0":"P2"},"per_gpu_power_draw":{"0":42.53},"cpu_count_adjusted_average_load":[0.19625,0.1696875,0.163125],"realtime_carbon_intensity":337.461173778,"disk_write_speed":17.7991145882,"process_ids":[24067,23979]}
{"timestamp":1572411797.7742180824,"rapl_power_draw_absolute":76.60262723,"rapl_estimated_attributable_power_draw":17.3779606534,"cpu_time_seconds":{"24067":{"user":2.9,"system":6.66,"children_user":0.28,"children_system":5.51},"23979":{"user":168.73,"system":2.58,"children_user":1.12,"children_system":0.33}},"average_relative_cpu_utilization":0.2262274516,"absolute_cpu_utilization":0.9985517128,"relative_mem_usage":0.2332027624,"absolute_mem_usage":3740686336.0,"absolute_mem_percent_usage":0.027688431,"mem_info_per_process":{"24067":{"rss":3276775424,"vms":11441487872,"shared":180486144,"text":2322432,"lib":0,"data":9687093248,"dirty":0,"uss":103952384,"pss":1684620288,"swap":0},"23979":{"rss":3667775488,"vms":11441487872,"shared":571658240,"text":2322432,"lib":0,"data":9687093248,"dirty":0,"uss":120111104,"pss":1832002560,"swap":0}},"nvidia_draw_absolute":42.31,"nvidia_estimated_attributable_power_draw":42.31,"average_gpu_estimated_utilization_absolute":0.12,"per_gpu_average_estimated_utilization_absolute":{"(0, 23979)":{"sm":12,"mem":0,"enc":0,"dec":0}},"average_gpu_estimated_utilization_relative":1.0,"per_gpu_performance_state":{"0":"P2"},"per_gpu_power_draw":{"0":42.31},"cpu_count_adjusted_average_load":[0.196875,0.1709375,0.1634375],"realtime_carbon_intensity":337.461173778,"disk_write_speed":13.9217794764,"process_ids":[24067,23979]}
{"timestamp":1572411806.0758171082,"rapl_power_draw_absolute":78.0160859166,"rapl_estimated_attributable_power_draw":17.5534848101,"cpu_time_seconds":{"24067":{"user":3.01,"system":7.0,"children_user":0.29,"children_system":5.82},"23979":{"user":177.03,"system":2.58,"children_user":1.12,"children_system":0.33}},"average_relative_cpu_utilization":0.224197689,"absolute_cpu_utilization":0.9990596625,"relative_mem_usage":0.233184579,"absolute_mem_usage":3740766208.0,"absolute_mem_percent_usage":0.0276890222,"mem_info_per_process":{"24067":{"rss":3276775424,"vms":11441487872,"shared":180486144,"text":2322432,"lib":0,"data":9687093248,"dirty":0,"uss":103956480,"pss":1684798464,"swap":0},"23979":{"rss":3667775488,"vms":11441487872,"shared":571658240,"text":2322432,"lib":0,"data":9687093248,"dirty":0,"uss":120115200,"pss":1831896064,"swap":0}},"nvidia_draw_absolute":41.92,"nvidia_estimated_attributable_power_draw":41.92,"average_gpu_estimated_utilization_absolute":0.12,"per_gpu_average_estimated_utilization_absolute":{"(0, 23979)":{"sm":12,"mem":0,"enc":0,"dec":0}},"average_gpu_estimated_utilization_relative":1.0,"per_gpu_performance_state":{"0":"P2"},"per_gpu_power_draw":{"0":41.92},"cpu_count_adjusted_average_load":[0.1953125,0.17125,0.16375],"realtime_carbon_intensity":337.461173778,"disk_write_speed":27.3397352359,"process_ids":[24067,23979]}
{"timestamp":1572411814.3920869827,"rapl_power_draw_absolute":78.1518099427,"rapl_estimated_attributable_power_draw":17.6635416744,"cpu_time_seconds":{"24067":{"user":3.18,"system":7.36,"children_user":0.3,"children_system":6.12},"23979":{"user":185.35,"system":2.59,"children_user":1.12,"children_system":0.33}},"average_relative_cpu_utilization":0.2253181889,"absolute_cpu_utilization":1.0035816393,"relative_mem_usage":0.2331994944,"absolute_mem_usage":3740887040.0,"absolute_mem_percent_usage":0.0276899166,"mem_info_per_process":{"24067":{"rss":3276775424,"vms":11441487872,"shared":180486144,"text":2322432,"lib":0,"data":9687093248,"dirty":0,"uss":103960576,"pss":1684800512,"swap":0},"23979":{"rss":3667775488,"vms":11441487872,"shared":571658240,"text":2322432,"lib":0,"data":9687093248,"dirty":0,"uss":120119296,"pss":1832006656,"swap":0}},"nvidia_draw_absolute":42.07,"nvidia_estimated_attributable_power_draw":42.07,"average_gpu_estimated_utilization_absolute":0.12,"per_gpu_average_estimated_utilization_absolute":{"(0, 23979)":{"sm":12,"mem":0,"enc":0,"dec":0}},"average_gpu_estimated_utilization_relative":1.0,"per_gpu_performance_state":{"0":"P2"},"per_gpu_power_draw":{"0":42.07},"cpu_count_adjusted_average_load":[0.1921875,0.17125,0.16375],"realtime_carbon_intensity":337.461173778,"disk_write_speed":25.4116839974,"process_ids":[24067,23979]}
{"timestamp":1572411822.6373269558,"rapl_power_draw_absolute":78.1445880742,"rapl_estimated_attributable_power_draw":17.6874178133,"cpu_time_seconds":{"24067":{"user":3.34,"system":7.7,"children_user":0.31,"children_system":6.39},"23979":{"user":193.59,"system":2.6,"children_user":1.12,"children_system":0.33}},"average_relative_cpu_utilization":0.2256780113,"absolute_cpu_utilization":1.0085761695,"relative_mem_usage":0.2332154543,"absolute_mem_usage":3740915712.0,"absolute_mem_percent_usage":0.0276901288,"mem_info_per_process":{"24067":{"rss":3276775424,"vms":11441487872,"shared":180486144,"text":2322432,"lib":0,"data":9687093248,"dirty":0,"uss":103968768,"pss":1684808704,"swap":0},"23979":{"rss":3667775488,"vms":11441487872,"shared":571658240,"text":2322432,"lib":0,"data":9687093248,"dirty":0,"uss":120127488,"pss":1832010752,"swap":0}},"nvidia_draw_absolute":41.67,"nvidia_estimated_attributable_power_draw":41.67,"average_gpu_estimated_utilization_absolute":0.12,"per_gpu_average_estimated_utilization_absolute":{"(0, 23979)":{"sm":12,"mem":0,"enc":0,"dec":0}},"average_gpu_estimated_utilization_relative":1.0,"per_gpu_performance_state":{"0":"P2"},"per_gpu_power_draw":{"0":41.67},"cpu_count_adjusted_average_load":[0.18875,0.17125,0.16375],"realtime_carbon_intensity":337.461173778,"disk_write_speed":20.0549800634,"process_ids":[24067,23979]}
{"timestamp":1572411830.9306149483,"rapl_power_draw_absolute":78.1742938758,"rapl_estimated_attributable_power_draw":17.4927470378,"cpu_time_seconds":{"24067":{"user":3.46,"system":8.04,"children_user":0.32,"children_system":6.68},"23979":{"user":201.87,"system":2.6,"children_user":1.12,"children_system":0.33}},"average_relative_cpu_utilization":0.22283828,"absolute_cpu_utilization":0.9936702643,"relative_mem_usage":0.2332243198,"absolute_mem_usage":3740928000.0,"absolute_mem_percent_usage":0.0276902198,"mem_info_per_process":{"24067":{"rss":3276775424,"vms":11441487872,"shared":180486144,"text":2322432,"lib":0,"data":9687093248,"dirty":0,"uss":103972864,"pss":1684810752,"swap":0},"23979":{"rss":3667775488,"vms":11441487872,"shared":571658240,"text":2322432,"lib":0,"data":9687093248,"dirty":0,"uss":120131584,"pss":1832012800,"swap":0}},"nvidia_draw_absolute":42.03,"nvidia_estimated_attributable_power_draw":42.03,"average_gpu_estimated_utilization_absolute":0.125,"per_gpu_average_estimated_utilization_absolute":{"(0, 23979)":{"sm":12.5,"mem":0.0,"enc":0.0,"dec":0.0}},"average_gpu_estimated_utilization_relative":1.0,"per_gpu_performance_state":{"0":"P2"},"per_gpu_power_draw":{"0":42.03},"cpu_count_adjusted_average_load":[0.1815625,0.17,0.1634375],"realtime_carbon_intensity":337.461173778,"disk_write_speed":20.7478487595,"process_ids":[24067,23979]}
{"timestamp":1572411839.2276799679,"rapl_power_draw_absolute":78.1573182831,"rapl_estimated_attributable_power_draw":17.5934671213,"cpu_time_seconds":{"24067":{"user":3.6,"system":8.4,"children_user":0.32,"children_system":6.97},"23979":{"user":210.16,"system":2.62,"children_user":1.12,"children_system":0.33}},"average_relative_cpu_utilization":0.2243118199,"absolute_cpu_utilization":1.0036038999,"relative_mem_usage":0.2332389633,"absolute_mem_usage":3740940288.0,"absolute_mem_percent_usage":0.0276903107,"mem_info_per_process":{"24067":{"rss":3276775424,"vms":11441487872,"shared":180486144,"text":2322432,"lib":0,"data":9687093248,"dirty":0,"uss":103981056,"pss":1684802560,"swap":0},"23979":{"rss":3667775488,"vms":11441487872,"shared":571658240,"text":2322432,"lib":0,"data":9687093248,"dirty":0,"uss":120139776,"pss":1832016896,"swap":0}},"nvidia_draw_absolute":41.88,"nvidia_estimated_attributable_power_draw":41.88,"average_gpu_estimated_utilization_absolute":0.12,"per_gpu_average_estimated_utilization_absolute":{"(0, 23979)":{"sm":12,"mem":0,"enc":0,"dec":0}},"average_gpu_estimated_utilization_relative":1.0,"per_gpu_performance_state":{"0":"P2"},"per_gpu_power_draw":{"0":41.88},"cpu_count_adjusted_average_load":[0.179375,0.1696875,0.1634375],"realtime_carbon_intensity":337.461173778,"disk_write_speed":19.6112540053,"process_ids":[24067,23979]}
{"timestamp":1572411847.5062689781,"rapl_power_draw_absolute":73.1173395881,"rapl_estimated_attributable_power_draw":19.4761149249,"cpu_time_seconds":{"24067":{"user":3.74,"system":8.74,"children_user":0.34,"children_system":7.25},"23979":{"user":218.44,"system":2.62,"children_user":1.12,"children_system":0.33}},"average_relative_cpu_utilization":0.2698825425,"absolute_cpu_utilization":0.9985451029,"relative_mem_usage":0.2329771367,"absolute_mem_usage":3740958720.0,"absolute_mem_percent_usage":0.0276904472,"mem_info_per_process":{"24067":{"rss":3276775424,"vms":11441487872,"shared":180486144,"text":2322432,"lib":0,"data":9687093248,"dirty":0,"uss":103985152,"pss":1684810752,"swap":0},"23979":{"rss":3667775488,"vms":11441487872,"shared":571658240,"text":2322432,"lib":0,"data":9687093248,"dirty":0,"uss":120143872,"pss":1832018944,"swap":0}},"nvidia_draw_absolute":41.94,"nvidia_estimated_attributable_power_draw":41.94,"average_gpu_estimated_utilization_absolute":0.125,"per_gpu_average_estimated_utilization_absolute":{"(0, 23979)":{"sm":12.5,"mem":0.0,"enc":0.0,"dec":0.0}},"average_gpu_estimated_utilization_relative":1.0,"per_gpu_performance_state":{"0":"P2"},"per_gpu_power_draw":{"0":41.94},"cpu_count_adjusted_average_load":[0.185,0.1715625,0.1640625],"realtime_carbon_intensity":337.461173778,"disk_write_speed":32.6401842784,"process_ids":[24067,23979]}
{"timestamp":1572411855.7690520287,"rapl_power_draw_absolute":74.0384781065,"rapl_estimated_attributable_power_draw":17.4277210304,"cpu_time_seconds":{"24067":{"user":3.92,"system":9.08,"children_user":0.35,"children_system":7.54},"23979":{"user":226.7,"system":2.63,"children_user":1.12,"children_system":0.33}},"average_relative_cpu_utilization":0.235615851,"absolute_cpu_utilization":1.0035704188,"relative_mem_usage":0.2331551545,"absolute_mem_usage":3740875776.0,"absolute_mem_percent_usage":0.0276898332,"mem_info_per_process":{"24067":{"rss":3276775424,"vms":11441487872,"shared":180486144,"text":2322432,"lib":0,"data":9687093248,"dirty":0,"uss":103989248,"pss":1684717568,"swap":0},"23979":{"rss":3667775488,"vms":11441487872,"shared":571658240,"text":2322432,"lib":0,"data":9687093248,"dirty":0,"uss":120147968,"pss":1832020992,"swap":0}},"nvidia_draw_absolute":42.07,"nvidia_estimated_attributable_power_draw":42.07,"average_gpu_estimated_utilization_absolute":0.125,"per_gpu_average_estimated_utilization_absolute":{"(0, 23979)":{"sm":12.5,"mem":0.0,"enc":0.0,"dec":0.0}},"average_gpu_estimated_utilization_relative":1.0,"per_gpu_performance_state":{"0":"P2"},"per_gpu_power_draw":{"0":42.07},"cpu_count_adjusted_average_load":[0.1853125,0.171875,0.164375],"realtime_carbon_intensity":337.461173778,"disk_write_speed":31.8283639109,"process_ids":[24067,23979]}
{"timestamp":1572411864.0206329823,"rapl_power_draw_absolute":77.8792700691,"rapl_estimated_attributable_power_draw":18.3322255607,"cpu_time_seconds":{"24067":{"user":4.13,"system":9.39,"children_user":0.36,"children_system":7.83},"23979":{"user":234.94,"system":2.64,"children_user":1.12,"children_system":0.33}},"average_relative_cpu_utilization":0.2356214725,"absolute_cpu_utilization":1.0044055015,"relative_mem_usage":0.2331614518,"absolute_mem_usage":3740887040.0,"absolute_mem_percent_usage":0.0276899166,"mem_info_per_process":{"24067":{"rss":3276775424,"vms":11441487872,"shared":180486144,"text":2322432,"lib":0,"data":9687093248,"dirty":0,"uss":103993344,"pss":1684719616,"swap":0},"23979":{"rss":3667775488,"vms":11441487872,"shared":571658240,"text":2322432,"lib":0,"data":9687093248,"dirty":0,"uss":120152064,"pss":1832022016,"swap":0}},"nvidia_draw_absolute":41.6,"nvidia_estimated_attributable_power_draw":41.6,"average_gpu_estimated_utilization_absolute":0.125,"per_gpu_average_estimated_utilization_absolute":{"(0, 23979)":{"sm":12.5,"mem":0.0,"enc":0.0,"dec":0.0}},"average_gpu_estimated_utilization_relative":1.0,"per_gpu_performance_state":{"0":"P2"},"per_gpu_power_draw":{"0":41.6},"cpu_count_adjusted_average_load":[0.1853125,0.1721875,0.164375],"realtime_carbon_intensity":337.461173778,"disk_write_speed":29.3760870489,"process_ids":[24067,23979]}
{"timestamp":1572411872.3011209965,"rapl_power_draw_absolute":76.515844635,"rapl_estimated_attributable_power_draw":18.0298918105,"cpu_time_seconds":{"24067":{"user":4.27,"system":9.78,"children_user":0.36,"children_system":8.12},"23979":{"user":243.23,"system":2.64,"children_user":1.12,"children_system":0.33}},"average_relative_cpu_utilization":0.2358942786,"absolute_cpu_utilization":1.0035867503,"relative_mem_usage":0.2330963343,"absolute_mem_usage":3740911616.0,"absolute_mem_percent_usage":0.0276900985,"mem_info_per_process":{"24067":{"rss":3276775424,"vms":11441487872,"shared":180486144,"text":2322432,"lib":0,"data":9687093248,"dirty":0,"uss":104001536,"pss":1684723712,"swap":0},"23979":{"rss":3667775488,"vms":11441487872,"shared":571658240,"text":2322432,"lib":0,"data":9687093248,"dirty":0,"uss":120160256,"pss":1832026112,"swap":0}},"nvidia_draw_absolute":42.15,"nvidia_estimated_attributable_power_draw":42.15,"average_gpu_estimated_utilization_absolute":0.12,"per_gpu_average_estimated_utilization_absolute":{"(0, 23979)":{"sm":12,"mem":0,"enc":0,"dec":0}},"average_gpu_estimated_utilization_relative":1.0,"per_gpu_performance_state":{"0":"P2"},"per_gpu_power_draw":{"0":42.15},"cpu_count_adjusted_average_load":[0.1784375,0.17125,0.1640625],"realtime_carbon_intensity":337.461173778,"disk_write_speed":23.5633401451,"process_ids":[24067,23979]}
{"timestamp":1572411880.5516319275,"rapl_power_draw_absolute":76.918709651,"rapl_estimated_attributable_power_draw":17.929577919,"cpu_time_seconds":{"24067":{"user":4.44,"system":10.1,"children_user":0.38,"children_system":8.38},"23979":{"user":251.48,"system":2.64,"children_user":1.12,"children_system":0.33}},"average_relative_cpu_utilization":0.2330929035,"absolute_cpu_utilization":0.9986685719,"relative_mem_usage":0.2331439765,"absolute_mem_usage":3741020160.0,"absolute_mem_percent_usage":0.0276909019,"mem_info_per_process":{"24067":{"rss":3276775424,"vms":11441487872,"shared":180486144,"text":2322432,"lib":0,"data":9687093248,"dirty":0,"uss":104005632,"pss":1684820992,"swap":0},"23979":{"rss":3667775488,"vms":11441487872,"shared":571658240,"text":2322432,"lib":0,"data":9687093248,"dirty":0,"uss":120164352,"pss":1832029184,"swap":0}},"nvidia_draw_absolute":42.04,"nvidia_estimated_attributable_power_draw":42.04,"average_gpu_estimated_utilization_absolute":0.12,"per_gpu_average_estimated_utilization_absolute":{"(0, 23979)":{"sm":12,"mem":0,"enc":0,"dec":0}},"average_gpu_estimated_utilization_relative":1.0,"per_gpu_performance_state":{"0":"P2"},"per_gpu_power_draw":{"0":42.04},"cpu_count_adjusted_average_load":[0.18,0.1715625,0.164375],"realtime_carbon_intensity":337.461173778,"disk_write_speed":29.9250999215,"process_ids":[24067,23979]}
{"timestamp":1572411888.805134058,"rapl_power_draw_absolute":76.3183407358,"rapl_estimated_attributable_power_draw":17.8278012156,"cpu_time_seconds":{"24067":{"user":4.62,"system":10.45,"children_user":0.39,"children_system":8.67},"23979":{"user":259.73,"system":2.64,"children_user":1.12,"children_system":0.33}},"average_relative_cpu_utilization":0.2336384135,"absolute_cpu_utilization":0.9991180784,"relative_mem_usage":0.2331960725,"absolute_mem_usage":3740937216.0,"absolute_mem_percent_usage":0.027690288,"mem_info_per_process":{"24067":{"rss":3276775424,"vms":11441487872,"shared":180486144,"text":2322432,"lib":0,"data":9687093248,"dirty":0,"uss":104009728,"pss":1684727808,"swap":0},"23979":{"rss":3667775488,"vms":11441487872,"shared":571658240,"text":2322432,"lib":0,"data":9687093248,"dirty":0,"uss":120168448,"pss":1832031232,"swap":0}},"nvidia_draw_absolute":41.94,"nvidia_estimated_attributable_power_draw":41.94,"average_gpu_estimated_utilization_absolute":0.12,"per_gpu_average_estimated_utilization_absolute":{"(0, 23979)":{"sm":12,"mem":0,"enc":0,"dec":0}},"average_gpu_estimated_utilization_relative":1.0,"per_gpu_performance_state":{"0":"P2"},"per_gpu_power_draw":{"0":41.94},"cpu_count_adjusted_average_load":[0.175625,0.1709375,0.1640625],"realtime_carbon_intensity":337.461173778,"disk_write_speed":19.4075796051,"process_ids":[24067,23979]}
{"timestamp":1572411897.1237370968,"rapl_power_draw_absolute":77.4263279105,"rapl_estimated_attributable_power_draw":18.1293011605,"cpu_time_seconds":{"24067":{"user":4.74,"system":10.82,"children_user":0.4,"children_system":8.97},"23979":{"user":268.05,"system":2.65,"children_user":1.12,"children_system":0.33}},"average_relative_cpu_utilization":0.2342472995,"absolute_cpu_utilization":1.0035937511,"relative_mem_usage":0.233170813,"absolute_mem_usage":3741046784.0,"absolute_mem_percent_usage":0.027691099,"mem_info_per_process":{"24067":{"rss":3276775424,"vms":11441487872,"shared":180486144,"text":2322432,"lib":0,"data":9687093248,"dirty":0,"uss":104013824,"pss":1684827136,"swap":0},"23979":{"rss":3667775488,"vms":11441487872,"shared":571658240,"text":2322432,"lib":0,"data":9687093248,"dirty":0,"uss":120172544,"pss":1832033280,"swap":0}},"nvidia_draw_absolute":41.77,"nvidia_estimated_attributable_power_draw":41.77,"average_gpu_estimated_utilization_absolute":0.12,"per_gpu_average_estimated_utilization_absolute":{"(0, 23979)":{"sm":12,"mem":0,"enc":0,"dec":0}},"average_gpu_estimated_utilization_relative":1.0,"per_gpu_performance_state":{"0":"P2"},"per_gpu_power_draw":{"0":41.77},"cpu_count_adjusted_average_load":[0.1678125,0.169375,0.16375],"realtime_carbon_intensity":337.461173778,"disk_write_speed":29.9850157278,"process_ids":[24067,23979]}
{"timestamp":1572411905.3879098892,"rapl_power_draw_absolute":77.1104404445,"rapl_estimated_attributable_power_draw":18.0744887317,"cpu_time_seconds":{"24067":{"user":4.88,"system":11.16,"children_user":0.41,"children_system":9.27},"23979":{"user":276.31,"system":2.66,"children_user":1.12,"children_system":0.33}},"average_relative_cpu_utilization":0.2345196528,"absolute_cpu_utilization":1.0036003662,"relative_mem_usage":0.2331793093,"absolute_mem_usage":3740957696.0,"absolute_mem_percent_usage":0.0276904396,"mem_info_per_process":{"24067":{"rss":3276775424,"vms":11441487872,"shared":180486144,"text":2322432,"lib":0,"data":9687093248,"dirty":0,"uss":104017920,"pss":1684727808,"swap":0},"23979":{"rss":3667775488,"vms":11441487872,"shared":571658240,"text":2322432,"lib":0,"data":9687093248,"dirty":0,"uss":120176640,"pss":1832035328,"swap":0}},"nvidia_draw_absolute":42.04,"nvidia_estimated_attributable_power_draw":42.04,"average_gpu_estimated_utilization_absolute":0.12,"per_gpu_average_estimated_utilization_absolute":{"(0, 23979)":{"sm":12,"mem":0,"enc":0,"dec":0}},"average_gpu_estimated_utilization_relative":1.0,"per_gpu_performance_state":{"0":"P2"},"per_gpu_power_draw":{"0":42.04},"cpu_count_adjusted_average_load":[0.16375,0.1684375,0.1634375],"realtime_carbon_intensity":337.461173778,"disk_write_speed":27.4371923726,"process_ids":[24067,23979]}
{"timestamp":1572411913.6471209526,"rapl_power_draw_absolute":76.8357321418,"rapl_estimated_attributable_power_draw":17.8481572946,"cpu_time_seconds":{"24067":{"user":5.06,"system":11.49,"children_user":0.43,"children_system":9.56},"23979":{"user":284.56,"system":2.66,"children_user":1.12,"children_system":0.33}},"average_relative_cpu_utilization":0.2321870453,"absolute_cpu_utilization":0.9936111029,"relative_mem_usage":0.2333290968,"absolute_mem_usage":3741049856.0,"absolute_mem_percent_usage":0.0276911218,"mem_info_per_process":{"24067":{"rss":3276775424,"vms":11441487872,"shared":180486144,"text":2322432,"lib":0,"data":9687093248,"dirty":0,"uss":104026112,"pss":1684788224,"swap":0},"23979":{"rss":3667775488,"vms":11441487872,"shared":571658240,"text":2322432,"lib":0,"data":9687093248,"dirty":0,"uss":120184832,"pss":1832050688,"swap":0}},"nvidia_draw_absolute":41.96,"nvidia_estimated_attributable_power_draw":41.96,"average_gpu_estimated_utilization_absolute":0.12,"per_gpu_average_estimated_utilization_absolute":{"(0, 23979)":{"sm":12,"mem":0,"enc":0,"dec":0}},"average_gpu_estimated_utilization_relative":1.0,"per_gpu_performance_state":{"0":"P2"},"per_gpu_power_draw":{"0":41.96},"cpu_count_adjusted_average_load":[0.160625,0.1678125,0.1634375],"realtime_carbon_intensity":337.461173778,"disk_write_speed":17.7028716192,"process_ids":[24067,23979]}
{"timestamp":1572411921.8885641098,"rapl_power_draw_absolute":77.4117199247,"rapl_estimated_attributable_power_draw":18.0893449235,"cpu_time_seconds":{"24067":{"user":5.19,"system":11.8,"children_user":0.44,"children_system":9.84},"23979":{"user":292.8,"system":2.68,"children_user":1.12,"children_system":0.33}},"average_relative_cpu_utilization":0.2337145917,"absolute_cpu_utilization":1.0036666569,"relative_mem_usage":0.2333013319,"absolute_mem_usage":3741109248.0,"absolute_mem_percent_usage":0.0276915614,"mem_info_per_process":{"24067":{"rss":3276775424,"vms":11441487872,"shared":180486144,"text":2322432,"lib":0,"data":9687093248,"dirty":0,"uss":104030208,"pss":1684837376,"swap":0},"23979":{"rss":3667775488,"vms":11441487872,"shared":571658240,"text":2322432,"lib":0,"data":9687093248,"dirty":0,"uss":120188928,"pss":1832052736,"swap":0}},"nvidia_draw_absolute":42.12,"nvidia_estimated_attributable_power_draw":42.12,"average_gpu_estimated_utilization_absolute":0.125,"per_gpu_average_estimated_utilization_absolute":{"(0, 23979)":{"sm":12.5,"mem":0.0,"enc":0.0,"dec":0.0}},"average_gpu_estimated_utilization_relative":1.0,"per_gpu_performance_state":{"0":"P2"},"per_gpu_power_draw":{"0":42.12},"cpu_count_adjusted_average_load":[0.1525,0.165625,0.1628125],"realtime_carbon_intensity":337.461173778,"disk_write_speed":27.2427025645,"process_ids":[24067,23979]}
{"timestamp":1572411930.1962640285,"rapl_power_draw_absolute":78.0011746153,"rapl_estimated_attributable_power_draw":18.2014359431,"cpu_time_seconds":{"24067":{"user":5.38,"system":12.16,"children_user":0.45,"children_system":10.13},"23979":{"user":301.1,"system":2.68,"children_user":1.12,"children_system":0.33}},"average_relative_cpu_utilization":0.2333532989,"absolute_cpu_utilization":0.9985971452,"relative_mem_usage":0.2332977479,"absolute_mem_usage":3741121536.0,"absolute_mem_percent_usage":0.0276916523,"mem_info_per_process":{"24067":{"rss":3276775424,"vms":11441487872,"shared":180486144,"text":2322432,"lib":0,"data":9687093248,"dirty":0,"uss":104034304,"pss":1684839424,"swap":0},"23979":{"rss":3667775488,"vms":11441487872,"shared":571658240,"text":2322432,"lib":0,"data":9687093248,"dirty":0,"uss":120193024,"pss":1832054784,"swap":0}},"nvidia_draw_absolute":41.94,"nvidia_estimated_attributable_power_draw":41.94,"average_gpu_estimated_utilization_absolute":0.125,"per_gpu_average_estimated_utilization_absolute":{"(0, 23979)":{"sm":12.5,"mem":0.0,"enc":0.0,"dec":0.0}},"average_gpu_estimated_utilization_relative":1.0,"per_gpu_performance_state":{"0":"P2"},"per_gpu_power_draw":{"0":41.94},"cpu_count_adjusted_average_load":[0.1625,0.1675,0.1634375],"realtime_carbon_intensity":337.461173778,"disk_write_speed":21.5466389698,"process_ids":[24067,23979]}
{"timestamp":1572411938.4808681011,"rapl_power_draw_absolute":76.9897788016,"rapl_estimated_attributable_power_draw":18.0035300219,"cpu_time_seconds":{"24067":{"user":5.52,"system":12.5,"children_user":0.48,"children_system":10.42},"23979":{"user":309.38,"system":2.7,"children_user":1.12,"children_system":0.33}},"average_relative_cpu_utilization":0.233894225,"absolute_cpu_utilization":0.9985419605,"relative_mem_usage":0.2333391794,"absolute_mem_usage":3741137920.0,"absolute_mem_percent_usage":0.0276917736,"mem_info_per_process":{"24067":{"rss":3276775424,"vms":11441487872,"shared":180486144,"text":2322432,"lib":0,"data":9687093248,"dirty":0,"uss":104038400,"pss":1684845568,"swap":0},"23979":{"rss":3667775488,"vms":11441487872,"shared":571658240,"text":2322432,"lib":0,"data":9687093248,"dirty":0,"uss":120197120,"pss":1832056832,"swap":0}},"nvidia_draw_absolute":41.9,"nvidia_estimated_attributable_power_draw":41.9,"average_gpu_estimated_utilization_absolute":0.12,"per_gpu_average_estimated_utilization_absolute":{"(0, 23979)":{"sm":12,"mem":0,"enc":0,"dec":0}},"average_gpu_estimated_utilization_relative":1.0,"per_gpu_performance_state":{"0":"P2"},"per_gpu_power_draw":{"0":41.9},"cpu_count_adjusted_average_load":[0.1596875,0.166875,0.163125],"realtime_carbon_intensity":337.461173778,"disk_write_speed":13.9890137169,"process_ids":[24067,23979]}
{"timestamp":1572411946.7457780838,"rapl_power_draw_absolute":77.4450947516,"rapl_estimated_attributable_power_draw":18.1878263387,"cpu_time_seconds":{"24067":{"user":5.64,"system":12.85,"children_user":0.5,"children_system":10.69},"23979":{"user":317.63,"system":2.71,"children_user":1.12,"children_system":0.33}},"average_relative_cpu_utilization":0.2349990528,"absolute_cpu_utilization":0.9986088136,"relative_mem_usage":0.2333190324,"absolute_mem_usage":3741137920.0,"absolute_mem_percent_usage":0.0276917736,"mem_info_per_process":{"24067":{"rss":3276775424,"vms":11441487872,"shared":180486144,"text":2322432,"lib":0,"data":9687093248,"dirty":0,"uss":104042496,"pss":1684835328,"swap":0},"23979":{"rss":3667775488,"vms":11441487872,"shared":571658240,"text":2322432,"lib":0,"data":9687093248,"dirty":0,"uss":120201216,"pss":1832058880,"swap":0}},"nvidia_draw_absolute":41.73,"nvidia_estimated_attributable_power_draw":41.73,"average_gpu_estimated_utilization_absolute":0.125,"per_gpu_average_estimated_utilization_absolute":{"(0, 23979)":{"sm":12.5,"mem":0.0,"enc":0.0,"dec":0.0}},"average_gpu_estimated_utilization_relative":1.0,"per_gpu_performance_state":{"0":"P2"},"per_gpu_power_draw":{"0":41.73},"cpu_count_adjusted_average_load":[0.1540625,0.1653125,0.1628125],"realtime_carbon_intensity":337.461173778,"disk_write_speed":21.826669051,"process_ids":[24067,23979]}
{"timestamp":1572411955.0689339638,"rapl_power_draw_absolute":76.9773328368,"rapl_estimated_attributable_power_draw":18.063314948,"cpu_time_seconds":{"24067":{"user":5.78,"system":13.23,"children_user":0.52,"children_system":10.97},"23979":{"user":325.95,"system":2.72,"children_user":1.12,"children_system":0.33}},"average_relative_cpu_utilization":0.2347929115,"absolute_cpu_utilization":1.0035665452,"relative_mem_usage":0.2333386854,"absolute_mem_usage":3741162496.0,"absolute_mem_percent_usage":0.0276919555,"mem_info_per_process":{"24067":{"rss":3276775424,"vms":11441487872,"shared":180486144,"text":2322432,"lib":0,"data":9687093248,"dirty":0,"uss":104046592,"pss":1684849664,"swap":0},"23979":{"rss":3667775488,"vms":11441487872,"shared":571658240,"text":2322432,"lib":0,"data":9687093248,"dirty":0,"uss":120205312,"pss":1832060928,"swap":0}},"nvidia_draw_absolute":41.86,"nvidia_estimated_attributable_power_draw":41.86,"average_gpu_estimated_utilization_absolute":0.125,"per_gpu_average_estimated_utilization_absolute":{"(0, 23979)":{"sm":12.5,"mem":0.0,"enc":0.0,"dec":0.0}},"average_gpu_estimated_utilization_relative":1.0,"per_gpu_performance_state":{"0":"P2"},"per_gpu_power_draw":{"0":41.86},"cpu_count_adjusted_average_load":[0.161875,0.1665625,0.163125],"realtime_carbon_intensity":337.461173778,"disk_write_speed":15.3971395847,"process_ids":[24067,23979]}
{"timestamp":1572411963.3603949547,"rapl_power_draw_absolute":77.54496624,"rapl_estimated_attributable_power_draw":18.0950057426,"cpu_time_seconds":{"24067":{"user":5.92,"system":13.56,"children_user":0.54,"children_system":11.24},"23979":{"user":334.24,"system":2.72,"children_user":1.12,"children_system":0.33}},"average_relative_cpu_utilization":0.2333531978,"absolute_cpu_utilization":0.9993508428,"relative_mem_usage":0.2333019028,"absolute_mem_usage":3741174784.0,"absolute_mem_percent_usage":0.0276920465,"mem_info_per_process":{"24067":{"rss":3276775424,"vms":11441487872,"shared":180486144,"text":2322432,"lib":0,"data":9687093248,"dirty":0,"uss":104050688,"pss":1684851712,"swap":0},"23979":{"rss":3667775488,"vms":11441487872,"shared":571658240,"text":2322432,"lib":0,"data":9687093248,"dirty":0,"uss":120209408,"pss":1832062976,"swap":0}},"nvidia_draw_absolute":41.77,"nvidia_estimated_attributable_power_draw":41.77,"average_gpu_estimated_utilization_absolute":0.125,"per_gpu_average_estimated_utilization_absolute":{"(0, 23979)":{"sm":12.5,"mem":0.0,"enc":0.0,"dec":0.0}},"average_gpu_estimated_utilization_relative":1.0,"per_gpu_performance_state":{"0":"P2"},"per_gpu_power_draw":{"0":41.77},"cpu_count_adjusted_average_load":[0.1590625,0.1659375,0.1628125],"realtime_carbon_intensity":337.461173778,"disk_write_speed":23.1728969316,"process_ids":[24067,23979]}
{"timestamp":1572411971.6555020809,"rapl_power_draw_absolute":77.2264457289,"rapl_estimated_attributable_power_draw":17.9064110235,"cpu_time_seconds":{"24067":{"user":6.08,"system":13.93,"children_user":0.54,"children_system":11.54},"23979":{"user":342.54,"system":2.72,"children_user":1.12,"children_system":0.33}},"average_relative_cpu_utilization":0.2317296587,"absolute_cpu_utilization":0.9985955404,"relative_mem_usage":0.2332792433,"absolute_mem_usage":3741199360.0,"absolute_mem_percent_usage":0.0276922284,"mem_info_per_process":{"24067":{"rss":3276775424,"vms":11441487872,"shared":180486144,"text":2322432,"lib":0,"data":9687093248,"dirty":0,"uss":104058880,"pss":1684855808,"swap":0},"23979":{"rss":3667775488,"vms":11441487872,"shared":571658240,"text":2322432,"lib":0,"data":9687093248,"dirty":0,"uss":120217600,"pss":1832067072,"swap":0}},"nvidia_draw_absolute":41.94,"nvidia_estimated_attributable_power_draw":41.94,"average_gpu_estimated_utilization_absolute":0.12,"per_gpu_average_estimated_utilization_absolute":{"(0, 23979)":{"sm":12,"mem":0,"enc":0,"dec":0}},"average_gpu_estimated_utilization_relative":1.0,"per_gpu_performance_state":{"0":"P2"},"per_gpu_power_draw":{"0":41.94},"cpu_count_adjusted_average_load":[0.15625,0.165,0.1625],"realtime_carbon_intensity":337.461173778,"disk_write_speed":17.2438656605,"process_ids":[24067,23979]}
{"timestamp":1572411979.903220892,"rapl_power_draw_absolute":77.2104843594,"rapl_estimated_attributable_power_draw":18.0751404857,"cpu_time_seconds":{"24067":{"user":6.23,"system":14.23,"children_user":0.56,"children_system":11.81},"23979":{"user":350.79,"system":2.72,"children_user":1.12,"children_system":0.33}},"average_relative_cpu_utilization":0.2341870817,"absolute_cpu_utilization":0.9986494938,"relative_mem_usage":0.2332527674,"absolute_mem_usage":3741207552.0,"absolute_mem_percent_usage":0.027692289,"mem_info_per_process":{"24067":{"rss":3276775424,"vms":11441487872,"shared":180486144,"text":2322432,"lib":0,"data":9687093248,"dirty":0,"uss":104062976,"pss":1684853760,"swap":0},"23979":{"rss":3667775488,"vms":11441487872,"shared":571658240,"text":2322432,"lib":0,"data":9687093248,"dirty":0,"uss":120221696,"pss":1832069120,"swap":0}},"nvidia_draw_absolute":41.8,"nvidia_estimated_attributable_power_draw":41.8,"average_gpu_estimated_utilization_absolute":0.125,"per_gpu_average_estimated_utilization_absolute":{"(0, 23979)":{"sm":12.5,"mem":0.0,"enc":0.0,"dec":0.0}},"average_gpu_estimated_utilization_relative":1.0,"per_gpu_performance_state":{"0":"P2"},"per_gpu_power_draw":{"0":41.8},"cpu_count_adjusted_average_load":[0.1615625,0.1659375,0.1628125],"realtime_carbon_intensity":337.461173778,"disk_write_speed":25.8217113588,"process_ids":[24067,23979]}
{"timestamp":1572411988.1855959892,"rapl_power_draw_absolute":77.1859097112,"rapl_estimated_attributable_power_draw":18.0547471425,"cpu_time_seconds":{"24067":{"user":6.42,"system":14.58,"children_user":0.58,"children_system":12.1},"23979":{"user":359.08,"system":2.72,"children_user":1.12,"children_system":0.33}},"average_relative_cpu_utilization":0.2339745903,"absolute_cpu_utilization":1.0035878318,"relative_mem_usage":0.2332996559,"absolute_mem_usage":3741236224.0,"absolute_mem_percent_usage":0.0276925012,"mem_info_per_process":{"24067":{"rss":3276775424,"vms":11441487872,"shared":180486144,"text":2322432,"lib":0,"data":9687093248,"dirty":0,"uss":104071168,"pss":1684861952,"swap":0},"23979":{"rss":3667775488,"vms":11441487872,"shared":571658240,"text":2322432,"lib":0,"data":9687093248,"dirty":0,"uss":120229888,"pss":1832073216,"swap":0}},"nvidia_draw_absolute":42.26,"nvidia_estimated_attributable_power_draw":42.26,"average_gpu_estimated_utilization_absolute":0.12,"per_gpu_average_estimated_utilization_absolute":{"(0, 23979)":{"sm":12,"mem":0,"enc":0,"dec":0}},"average_gpu_estimated_utilization_relative":1.0,"per_gpu_performance_state":{"0":"P2"},"per_gpu_power_draw":{"0":42.26},"cpu_count_adjusted_average_load":[0.1584375,0.1653125,0.1628125],"realtime_carbon_intensity":337.461173778,"disk_write_speed":27.5410809171,"process_ids":[24067,23979]}
{"timestamp":1572411996.4506859779,"rapl_power_draw_absolute":77.2760782134,"rapl_estimated_attributable_power_draw":18.1149430532,"cpu_time_seconds":{"24067":{"user":6.58,"system":14.93,"children_user":0.59,"children_system":12.37},"23979":{"user":367.35,"system":2.72,"children_user":1.12,"children_system":0.33}},"average_relative_cpu_utilization":0.2345322747,"absolute_cpu_utilization":1.0036627922,"relative_mem_usage":0.233302925,"absolute_mem_usage":3741248512.0,"absolute_mem_percent_usage":0.0276925922,"mem_info_per_process":{"24067":{"rss":3276775424,"vms":11441487872,"shared":180486144,"text":2322432,"lib":0,"data":9687093248,"dirty":0,"uss":104075264,"pss":1684864000,"swap":0},"23979":{"rss":3667775488,"vms":11441487872,"shared":571658240,"text":2322432,"lib":0,"data":9687093248,"dirty":0,"uss":120233984,"pss":1832075264,"swap":0}},"nvidia_draw_absolute":42.03,"nvidia_estimated_attributable_power_draw":42.03,"average_gpu_estimated_utilization_absolute":0.12,"per_gpu_average_estimated_utilization_absolute":{"(0, 23979)":{"sm":12,"mem":0,"enc":0,"dec":0}},"average_gpu_estimated_utilization_relative":1.0,"per_gpu_performance_state":{"0":"P2"},"per_gpu_power_draw":{"0":42.03},"cpu_count_adjusted_average_load":[0.1725,0.168125,0.16375],"realtime_carbon_intensity":337.461173778,"disk_write_speed":20.8026591423,"process_ids":[24067,23979]}
{"timestamp":1572412004.740696907,"rapl_power_draw_absolute":77.2025652454,"rapl_estimated_attributable_power_draw":18.0206192909,"cpu_time_seconds":{"24067":{"user":6.7,"system":15.28,"children_user":0.6,"children_system":12.66},"23979":{"user":375.64,"system":2.72,"children_user":1.12,"children_system":0.33}},"average_relative_cpu_utilization":0.2334313563,"absolute_cpu_utilization":1.0035850665,"relative_mem_usage":0.2333037593,"absolute_mem_usage":3741248512.0,"absolute_mem_percent_usage":0.0276925922,"mem_info_per_process":{"24067":{"rss":3276775424,"vms":11441487872,"shared":180486144,"text":2322432,"lib":0,"data":9687093248,"dirty":0,"uss":104075264,"pss":1684864000,"swap":0},"23979":{"rss":3667775488,"vms":11441487872,"shared":571658240,"text":2322432,"lib":0,"data":9687093248,"dirty":0,"uss":120233984,"pss":1832075264,"swap":0}},"nvidia_draw_absolute":41.79,"nvidia_estimated_attributable_power_draw":41.79,"average_gpu_estimated_utilization_absolute":0.12,"per_gpu_average_estimated_utilization_absolute":{"(0, 23979)":{"sm":12,"mem":0,"enc":0,"dec":0}},"average_gpu_estimated_utilization_relative":1.0,"per_gpu_performance_state":{"0":"P2"},"per_gpu_power_draw":{"0":41.79},"cpu_count_adjusted_average_load":[0.17625,0.16875,0.1640625],"realtime_carbon_intensity":337.461173778,"disk_write_speed":19.0442426444,"process_ids":[24067,23979]}
{"timestamp":1572412013.0189929008,"rapl_power_draw_absolute":77.3016905506,"rapl_estimated_attributable_power_draw":18.0202099876,"cpu_time_seconds":{"24067":{"user":6.81,"system":15.65,"children_user":0.62,"children_system":12.92},"23979":{"user":383.9,"system":2.74,"children_user":1.12,"children_system":0.33}},"average_relative_cpu_utilization":0.2330933911,"absolute_cpu_utilization":0.9986763018,"relative_mem_usage":0.233339869,"absolute_mem_usage":3741260800.0,"absolute_mem_percent_usage":0.0276926832,"mem_info_per_process":{"24067":{"rss":3276775424,"vms":11441487872,"shared":180486144,"text":2322432,"lib":0,"data":9687093248,"dirty":0,"uss":104079360,"pss":1684866048,"swap":0},"23979":{"rss":3667775488,"vms":11441487872,"shared":571658240,"text":2322432,"lib":0,"data":9687093248,"dirty":0,"uss":120238080,"pss":1832077312,"swap":0}},"nvidia_draw_absolute":41.94,"nvidia_estimated_attributable_power_draw":41.94,"average_gpu_estimated_utilization_absolute":0.12,"per_gpu_average_estimated_utilization_absolute":{"(0, 23979)":{"sm":12,"mem":0,"enc":0,"dec":0}},"average_gpu_estimated_utilization_relative":1.0,"per_gpu_performance_state":{"0":"P2"},"per_gpu_power_draw":{"0":41.94},"cpu_count_adjusted_average_load":[0.1821875,0.170625,0.1646875],"realtime_carbon_intensity":337.461173778,"disk_write_speed":35.9036304779,"process_ids":[24067,23979]}
{"timestamp":1572412021.2691190243,"rapl_power_draw_absolute":76.1261183196,"rapl_estimated_attributable_power_draw":17.7330300958,"cpu_time_seconds":{"24067":{"user":7.01,"system":16.02,"children_user":0.64,"children_system":13.19},"23979":{"user":392.15,"system":2.75,"children_user":1.12,"children_system":0.33}},"average_relative_cpu_utilization":0.2329032126,"absolute_cpu_utilization":1.0036622153,"relative_mem_usage":0.2333374761,"absolute_mem_usage":3741273088.0,"absolute_mem_percent_usage":0.0276927741,"mem_info_per_process":{"24067":{"rss":3276775424,"vms":11441487872,"shared":180486144,"text":2322432,"lib":0,"data":9687093248,"dirty":0,"uss":104083456,"pss":1684868096,"swap":0},"23979":{"rss":3667775488,"vms":11441487872,"shared":571658240,"text":2322432,"lib":0,"data":9687093248,"dirty":0,"uss":120242176,"pss":1832079360,"swap":0}},"nvidia_draw_absolute":42.04,"nvidia_estimated_attributable_power_draw":42.04,"average_gpu_estimated_utilization_absolute":0.125,"per_gpu_average_estimated_utilization_absolute":{"(0, 23979)":{"sm":12.5,"mem":0.0,"enc":0.0,"dec":0.0}},"average_gpu_estimated_utilization_relative":1.0,"per_gpu_performance_state":{"0":"P2"},"per_gpu_power_draw":{"0":42.04},"cpu_count_adjusted_average_load":[0.1734375,0.1690625,0.1640625],"realtime_carbon_intensity":337.461173778,"disk_write_speed":23.8220800212,"process_ids":[24067,23979]}
{"timestamp":1572412029.5308029652,"rapl_power_draw_absolute":76.978588073,"rapl_estimated_attributable_power_draw":17.6642759835,"cpu_time_seconds":{"24067":{"user":7.13,"system":16.36,"children_user":0.66,"children_system":13.45},"23979":{"user":400.4,"system":2.76,"children_user":1.12,"children_system":0.33}},"average_relative_cpu_utilization":0.2290885736,"absolute_cpu_utilization":0.9986987807,"relative_mem_usage":0.2333122643,"absolute_mem_usage":3741273088.0,"absolute_mem_percent_usage":0.0276927741,"mem_info_per_process":{"24067":{"rss":3276775424,"vms":11441487872,"shared":180486144,"text":2322432,"lib":0,"data":9687093248,"dirty":0,"uss":104083456,"pss":1684868096,"swap":0},"23979":{"rss":3667775488,"vms":11441487872,"shared":571658240,"text":2322432,"lib":0,"data":9687093248,"dirty":0,"uss":120242176,"pss":1832079360,"swap":0}},"nvidia_draw_absolute":42.03,"nvidia_estimated_attributable_power_draw":42.03,"average_gpu_estimated_utilization_absolute":0.125,"per_gpu_average_estimated_utilization_absolute":{"(0, 23979)":{"sm":12.5,"mem":0.0,"enc":0.0,"dec":0.0}},"average_gpu_estimated_utilization_relative":1.0,"per_gpu_performance_state":{"0":"P2"},"per_gpu_power_draw":{"0":42.03},"cpu_count_adjusted_average_load":[0.1746875,0.169375,0.164375],"realtime_carbon_intensity":337.461173778,"disk_write_speed":26.7025107708,"process_ids":[24067,23979]}
{"timestamp":1572412037.848222971,"rapl_power_draw_absolute":76.9809352496,"rapl_estimated_attributable_power_draw":17.5910862169,"cpu_time_seconds":{"24067":{"user":7.29,"system":16.72,"children_user":0.68,"children_system":13.72},"23979":{"user":408.69,"system":2.79,"children_user":1.12,"children_system":0.33}},"average_relative_cpu_utilization":0.2280326846,"absolute_cpu_utilization":0.9985741824,"relative_mem_usage":0.2333191096,"absolute_mem_usage":3741285376.0,"absolute_mem_percent_usage":0.0276928651,"mem_info_per_process":{"24067":{"rss":3276775424,"vms":11441487872,"shared":180486144,"text":2322432,"lib":0,"data":9687093248,"dirty":0,"uss":104087552,"pss":1684870144,"swap":0},"23979":{"rss":3667775488,"vms":11441487872,"shared":571658240,"text":2322432,"lib":0,"data":9687093248,"dirty":0,"uss":120246272,"pss":1832081408,"swap":0}},"nvidia_draw_absolute":41.88,"nvidia_estimated_attributable_power_draw":41.88,"average_gpu_estimated_utilization_absolute":0.125,"per_gpu_average_estimated_utilization_absolute":{"(0, 23979)":{"sm":12.5,"mem":0.0,"enc":0.0,"dec":0.0}},"average_gpu_estimated_utilization_relative":1.0,"per_gpu_performance_state":{"0":"P2"},"per_gpu_power_draw":{"0":41.88},"cpu_count_adjusted_average_load":[0.1784375,0.1703125,0.1646875],"realtime_carbon_intensity":337.461173778,"disk_write_speed":38.8291373317,"process_ids":[24067,23979]}
{"timestamp":1572412046.1465420723,"rapl_power_draw_absolute":77.4879365537,"rapl_estimated_attributable_power_draw":17.5788213059,"cpu_time_seconds":{"24067":{"user":7.5,"system":17.09,"children_user":0.68,"children_system":14.02},"23979":{"user":416.99,"system":2.79,"children_user":1.12,"children_system":0.33}},"average_relative_cpu_utilization":0.226227673,"absolute_cpu_utilization":0.9985730624,"relative_mem_usage":0.233310468,"absolute_mem_usage":3741285376.0,"absolute_mem_percent_usage":0.0276928651,"mem_info_per_process":{"24067":{"rss":3276775424,"vms":11441487872,"shared":180486144,"text":2322432,"lib":0,"data":9687093248,"dirty":0,"uss":104087552,"pss":1684870144,"swap":0},"23979":{"rss":3667775488,"vms":11441487872,"shared":571658240,"text":2322432,"lib":0,"data":9687093248,"dirty":0,"uss":120246272,"pss":1832081408,"swap":0}},"nvidia_draw_absolute":41.9,"nvidia_estimated_attributable_power_draw":41.9,"average_gpu_estimated_utilization_absolute":0.125,"per_gpu_average_estimated_utilization_absolute":{"(0, 23979)":{"sm":12.5,"mem":0.0,"enc":0.0,"dec":0.0}},"average_gpu_estimated_utilization_relative":1.0,"per_gpu_performance_state":{"0":"P2"},"per_gpu_power_draw":{"0":41.9},"cpu_count_adjusted_average_load":[0.1846875,0.171875,0.1653125],"realtime_carbon_intensity":336.704610597,"disk_write_speed":20.6133720307,"process_ids":[24067,23979]}
{"timestamp":1572412054.5162189007,"rapl_power_draw_absolute":77.1622177154,"rapl_estimated_attributable_power_draw":17.3375147822,"cpu_time_seconds":{"24067":{"user":7.66,"system":17.42,"children_user":0.69,"children_system":14.32},"23979":{"user":425.35,"system":2.81,"children_user":1.12,"children_system":0.33}},"average_relative_cpu_utilization":0.2238109302,"absolute_cpu_utilization":1.0035877826,"relative_mem_usage":0.2333361817,"absolute_mem_usage":3741291520.0,"absolute_mem_percent_usage":0.0276929105,"mem_info_per_process":{"24067":{"rss":3276775424,"vms":11441487872,"shared":180486144,"text":2322432,"lib":0,"data":9687093248,"dirty":0,"uss":104087552,"pss":1684870144,"swap":0},"23979":{"rss":3667775488,"vms":11441487872,"shared":571658240,"text":2322432,"lib":0,"data":9687093248,"dirty":0,"uss":120250368,"pss":1832083456,"swap":0}},"nvidia_draw_absolute":41.99,"nvidia_estimated_attributable_power_draw":41.99,"average_gpu_estimated_utilization_absolute":0.125,"per_gpu_average_estimated_utilization_absolute":{"(0, 23979)":{"sm":12.5,"mem":0.0,"enc":0.0,"dec":0.0}},"average_gpu_estimated_utilization_relative":1.0,"per_gpu_performance_state":{"0":"P2"},"per_gpu_power_draw":{"0":41.99},"cpu_count_adjusted_average_load":[0.18,0.17125,0.165],"realtime_carbon_intensity":336.704610597,"disk_write_speed":26.1862933784,"process_ids":[24067,23979]}
{"timestamp":1572412062.876044035,"rapl_power_draw_absolute":77.9190393743,"rapl_estimated_attributable_power_draw":17.5324922809,"cpu_time_seconds":{"24067":{"user":7.83,"system":17.78,"children_user":0.71,"children_system":14.61},"23979":{"user":433.71,"system":2.81,"children_user":1.12,"children_system":0.33}},"average_relative_cpu_utilization":0.2241974458,"absolute_cpu_utilization":0.9986002174,"relative_mem_usage":0.2333551044,"absolute_mem_usage":3741297664.0,"absolute_mem_percent_usage":0.027692956,"mem_info_per_process":{"24067":{"rss":3276775424,"vms":11441487872,"shared":180486144,"text":2322432,"lib":0,"data":9687093248,"dirty":0,"uss":104091648,"pss":1684872192,"swap":0},"23979":{"rss":3667775488,"vms":11441487872,"shared":571658240,"text":2322432,"lib":0,"data":9687093248,"dirty":0,"uss":120250368,"pss":1832083456,"swap":0}},"nvidia_draw_absolute":41.78,"nvidia_estimated_attributable_power_draw":41.78,"average_gpu_estimated_utilization_absolute":0.125,"per_gpu_average_estimated_utilization_absolute":{"(0, 23979)":{"sm":12.5,"mem":0.0,"enc":0.0,"dec":0.0}},"average_gpu_estimated_utilization_relative":1.0,"per_gpu_performance_state":{"0":"P2"},"per_gpu_power_draw":{"0":41.78},"cpu_count_adjusted_average_load":[0.183125,0.1721875,0.1653125],"realtime_carbon_intensity":336.704610597,"disk_write_speed":43.1514775135,"process_ids":[24067,23979]}
