{"timestamp":1572411917.4021689892,"rapl_power_draw_absolute":89.4601862361,"rapl_estimated_attributable_power_draw":19.3447670398,"cpu_time_seconds":{"7952":{"user":9.67,"system":3.24,"children_user":1.04,"children_system":0.19},"8069":{"user":0.01,"system":0.03,"children_user":0.0,"children_system":0.04}},"average_relative_cpu_utilization":0.2244357612,"absolute_cpu_utilization":1.0087260869,"relative_mem_usage":0.1452114521,"absolute_mem_usage":3488739328.0,"absolute_mem_percent_usage":0.025823578,"mem_info_per_process":{"7952":{"rss":3651092480,"vms":12017025024,"shared":563470336,"text":2322432,"lib":0,"data":10289221632,"dirty":0,"uss":38711296,"pss":1783962624,"swap":0},"8069":{"rss":3261800448,"vms":12017025024,"shared":174018560,"text":2322432,"lib":0,"data":10289221632,"dirty":0,"uss":25837568,"pss":1640227840,"swap":0}},"nvidia_draw_absolute":165.88,"nvidia_estimated_attributable_power_draw":165.88,"average_gpu_estimated_utilization_absolute":0.99,"per_gpu_average_estimated_utilization_absolute":{"(0, 7952)":{"sm":99.0,"mem":70.5,"enc":0.0,"dec":0.0}},"average_gpu_estimated_utilization_relative":1.0,"per_gpu_performance_state":{"0":"P2"},"per_gpu_power_draw":{"0":165.88},"cpu_count_adjusted_average_load":[0.1465625,0.151875,0.155625],"realtime_carbon_intensity":336.704610597,"disk_write_speed":36.2055963182,"process_ids":[7952,8069]}
{"timestamp":1572411925.4656279087,"rapl_power_draw_absolute":89.1548522051,"rapl_estimated_attributable_power_draw":19.3068996549,"cpu_time_seconds":{"7952":{"user":16.12,"system":4.85,"children_user":1.04,"children_system":0.19},"8069":{"user":0.14,"system":0.22,"children_user":0.02,"children_system":0.18}},"average_relative_cpu_utilization":0.224823219,"absolute_cpu_utilization":1.0037841569,"relative_mem_usage":0.1464457582,"absolute_mem_usage":3519932416.0,"absolute_mem_percent_usage":0.0260544687,"mem_info_per_process":{"7952":{"rss":3651092480,"vms":12017025024,"shared":563470336,"text":2322432,"lib":0,"data":10289221632,"dirty":0,"uss":48840704,"pss":1788855296,"swap":0},"8069":{"rss":3268382720,"vms":12017025024,"shared":180588544,"text":2322432,"lib":0,"data":10289221632,"dirty":0,"uss":35713024,"pss":1646523392,"swap":0}},"nvidia_draw_absolute":166.11,"nvidia_estimated_attributable_power_draw":166.11,"average_gpu_estimated_utilization_absolute":0.99,"per_gpu_average_estimated_utilization_absolute":{"(0, 7952)":{"sm":99,"mem":71,"enc":0,"dec":0}},"average_gpu_estimated_utilization_relative":1.0,"per_gpu_performance_state":{"0":"P2"},"per_gpu_power_draw":{"0":166.11},"cpu_count_adjusted_average_load":[0.1525,0.153125,0.1559375],"realtime_carbon_intensity":336.704610597,"disk_write_speed":26.7807287227,"process_ids":[7952,8069]}
{"timestamp":1572411933.466506958,"rapl_power_draw_absolute":89.1060899939,"rapl_estimated_attributable_power_draw":19.3592169987,"cpu_time_seconds":{"7952":{"user":22.71,"system":6.26,"children_user":1.04,"children_system":0.19},"8069":{"user":0.23,"system":0.4,"children_user":0.02,"children_system":0.35}},"average_relative_cpu_utilization":0.225469403,"absolute_cpu_utilization":0.9987741313,"relative_mem_usage":0.1465186848,"absolute_mem_usage":3521554432.0,"absolute_mem_percent_usage":0.0260664748,"mem_info_per_process":{"7952":{"rss":3651092480,"vms":12017025024,"shared":563470336,"text":2322432,"lib":0,"data":10289221632,"dirty":0,"uss":49831936,"pss":1789350912,"swap":0},"8069":{"rss":3268382720,"vms":12017025024,"shared":180588544,"text":2322432,"lib":0,"data":10289221632,"dirty":0,"uss":35803136,"pss":1646568448,"swap":0}},"nvidia_draw_absolute":167.31,"nvidia_estimated_attributable_power_draw":167.31,"average_gpu_estimated_utilization_absolute":0.99,"per_gpu_average_estimated_utilization_absolute":{"(0, 7952)":{"sm":99.0,"mem":70.5,"enc":0.0,"dec":0.0}},"average_gpu_estimated_utilization_relative":1.0,"per_gpu_performance_state":{"0":"P2"},"per_gpu_power_draw":{"0":167.31},"cpu_count_adjusted_average_load":[0.150625,0.1525,0.155625],"realtime_carbon_intensity":336.704610597,"disk_write_speed":22.9319013628,"process_ids":[7952,8069]}
{"timestamp":1572411941.4617400169,"rapl_power_draw_absolute":88.6766301053,"rapl_estimated_attributable_power_draw":19.4225529865,"cpu_time_seconds":{"7952":{"user":29.23,"system":7.74,"children_user":1.04,"children_system":0.19},"8069":{"user":0.3,"system":0.59,"children_user":0.03,"children_system":0.52}},"average_relative_cpu_utilization":0.2275186607,"absolute_cpu_utilization":0.9987858355,"relative_mem_usage":0.1465224041,"absolute_mem_usage":3521579008.0,"absolute_mem_percent_usage":0.0260666567,"mem_info_per_process":{"7952":{"rss":3651092480,"vms":12017025024,"shared":563470336,"text":2322432,"lib":0,"data":10289221632,"dirty":0,"uss":49840128,"pss":1789355008,"swap":0},"8069":{"rss":3268382720,"vms":12017025024,"shared":180588544,"text":2322432,"lib":0,"data":10289221632,"dirty":0,"uss":35811328,"pss":1646572544,"swap":0}},"nvidia_draw_absolute":168.09,"nvidia_estimated_attributable_power_draw":168.09,"average_gpu_estimated_utilization_absolute":0.99,"per_gpu_average_estimated_utilization_absolute":{"(0, 7952)":{"sm":99.0,"mem":70.5,"enc":0.0,"dec":0.0}},"average_gpu_estimated_utilization_relative":1.0,"per_gpu_performance_state":{"0":"P2"},"per_gpu_power_draw":{"0":168.09},"cpu_count_adjusted_average_load":[0.15625,0.15375,0.15625],"realtime_carbon_intensity":336.704610597,"disk_write_speed":38.4392803742,"process_ids":[7952,8069]}
{"timestamp":1572411949.451900959,"rapl_power_draw_absolute":88.2491431965,"rapl_estimated_attributable_power_draw":19.5597210972,"cpu_time_seconds":{"7952":{"user":35.72,"system":9.24,"children_user":1.04,"children_system":0.19},"8069":{"user":0.4,"system":0.8,"children_user":0.03,"children_system":0.68}},"average_relative_cpu_utilization":0.2307564504,"absolute_cpu_utilization":1.0037845789,"relative_mem_usage":0.1465171724,"absolute_mem_usage":3521591296.0,"absolute_mem_percent_usage":0.0260667477,"mem_info_per_process":{"7952":{"rss":3651092480,"vms":12017025024,"shared":563470336,"text":2322432,"lib":0,"data":10289221632,"dirty":0,"uss":49844224,"pss":1789357056,"swap":0},"8069":{"rss":3268382720,"vms":12017025024,"shared":180588544,"text":2322432,"lib":0,"data":10289221632,"dirty":0,"uss":35815424,"pss":1646574592,"swap":0}},"nvidia_draw_absolute":168.09,"nvidia_estimated_attributable_power_draw":168.09,"average_gpu_estimated_utilization_absolute":0.99,"per_gpu_average_estimated_utilization_absolute":{"(0, 7952)":{"sm":99,"mem":71,"enc":0,"dec":0}},"average_gpu_estimated_utilization_relative":1.0,"per_gpu_performance_state":{"0":"P2"},"per_gpu_power_draw":{"0":168.09},"cpu_count_adjusted_average_load":[0.15875,0.154375,0.15625],"realtime_carbon_intensity":336.704610597,"disk_write_speed":28.3699031281,"process_ids":[7952,8069]}
{"timestamp":1572411957.4954910278,"rapl_power_draw_absolute":88.221686462,"rapl_estimated_attributable_power_draw":19.6732988904,"cpu_time_seconds":{"7952":{"user":42.19,"system":10.81,"children_user":1.04,"children_system":0.19},"8069":{"user":0.5,"system":0.98,"children_user":0.05,"children_system":0.84}},"average_relative_cpu_utilization":0.2320077112,"absolute_cpu_utilization":0.9987956502,"relative_mem_usage":0.1464778957,"absolute_mem_usage":3521477632.0,"absolute_mem_percent_usage":0.0260659063,"mem_info_per_process":{"7952":{"rss":3651092480,"vms":12017025024,"shared":563470336,"text":2322432,"lib":0,"data":10289221632,"dirty":0,"uss":49844224,"pss":1789243392,"swap":0},"8069":{"rss":3268382720,"vms":12017025024,"shared":180588544,"text":2322432,"lib":0,"data":10289221632,"dirty":0,"uss":35815424,"pss":1646574592,"swap":0}},"nvidia_draw_absolute":168.12,"nvidia_estimated_attributable_power_draw":168.12,"average_gpu_estimated_utilization_absolute":0.99,"per_gpu_average_estimated_utilization_absolute":{"(0, 7952)":{"sm":99.0,"mem":70.5,"enc":0.0,"dec":0.0}},"average_gpu_estimated_utilization_relative":1.0,"per_gpu_performance_state":{"0":"P2"},"per_gpu_power_draw":{"0":168.12},"cpu_count_adjusted_average_load":[0.15875,0.154375,0.15625],"realtime_carbon_intensity":336.704610597,"disk_write_speed":24.1300188125,"process_ids":[7952,8069]}
{"timestamp":1572411965.5086290836,"rapl_power_draw_absolute":88.5468199837,"rapl_estimated_attributable_power_draw":19.9115893954,"cpu_time_seconds":{"7952":{"user":48.66,"system":12.36,"children_user":1.04,"children_system":0.19},"8069":{"user":0.59,"system":1.17,"children_user":0.06,"children_system":1.01}},"average_relative_cpu_utilization":0.233978601,"absolute_cpu_utilization":1.0037731504,"relative_mem_usage":0.1464648555,"absolute_mem_usage":3521615872.0,"absolute_mem_percent_usage":0.0260669296,"mem_info_per_process":{"7952":{"rss":3651092480,"vms":12017025024,"shared":563470336,"text":2322432,"lib":0,"data":10289221632,"dirty":0,"uss":49852416,"pss":1789361152,"swap":0},"8069":{"rss":3268382720,"vms":12017025024,"shared":180588544,"text":2322432,"lib":0,"data":10289221632,"dirty":0,"uss":35823616,"pss":1646578688,"swap":0}},"nvidia_draw_absolute":168.76,"nvidia_estimated_attributable_power_draw":168.76,"average_gpu_estimated_utilization_absolute":0.99,"per_gpu_average_estimated_utilization_absolute":{"(0, 7952)":{"sm":99,"mem":71,"enc":0,"dec":0}},"average_gpu_estimated_utilization_relative":1.0,"per_gpu_performance_state":{"0":"P2"},"per_gpu_power_draw":{"0":168.76},"cpu_count_adjusted_average_load":[0.160625,0.155,0.1565625],"realtime_carbon_intensity":336.704610597,"disk_write_speed":39.1339466113,"process_ids":[7952,8069]}
{"timestamp":1572411973.5028789043,"rapl_power_draw_absolute":88.4151666468,"rapl_estimated_attributable_power_draw":19.5116265037,"cpu_time_seconds":{"7952":{"user":55.13,"system":13.88,"children_user":1.04,"children_system":0.19},"8069":{"user":0.7,"system":1.36,"children_user":0.06,"children_system":1.18}},"average_relative_cpu_utilization":0.2296059462,"absolute_cpu_utilization":0.9987814467,"relative_mem_usage":0.1464715676,"absolute_mem_usage":3521615872.0,"absolute_mem_percent_usage":0.0260669296,"mem_info_per_process":{"7952":{"rss":3651092480,"vms":12017025024,"shared":563470336,"text":2322432,"lib":0,"data":10289221632,"dirty":0,"uss":49852416,"pss":1789361152,"swap":0},"8069":{"rss":3268382720,"vms":12017025024,"shared":180588544,"text":2322432,"lib":0,"data":10289221632,"dirty":0,"uss":35823616,"pss":1646578688,"swap":0}},"nvidia_draw_absolute":170.48,"nvidia_estimated_attributable_power_draw":170.48,"average_gpu_estimated_utilization_absolute":0.99,"per_gpu_average_estimated_utilization_absolute":{"(0, 7952)":{"sm":99.0,"mem":70.5,"enc":0.0,"dec":0.0}},"average_gpu_estimated_utilization_relative":1.0,"per_gpu_performance_state":{"0":"P2"},"per_gpu_power_draw":{"0":170.48},"cpu_count_adjusted_average_load":[0.1575,0.154375,0.15625],"realtime_carbon_intensity":336.704610597,"disk_write_speed":36.3495352527,"process_ids":[7952,8069]}
{"timestamp":1572411981.503278017,"rapl_power_draw_absolute":88.3617547694,"rapl_estimated_attributable_power_draw":19.7888726222,"cpu_time_seconds":{"7952":{"user":61.58,"system":15.44,"children_user":1.04,"children_system":0.19},"8069":{"user":0.82,"system":1.55,"children_user":0.06,"children_system":1.34}},"average_relative_cpu_utilization":0.2331667184,"absolute_cpu_utilization":1.0037739216,"relative_mem_usage":0.1464724151,"absolute_mem_usage":3521640448.0,"absolute_mem_percent_usage":0.0260671115,"mem_info_per_process":{"7952":{"rss":3651092480,"vms":12017025024,"shared":563470336,"text":2322432,"lib":0,"data":10289221632,"dirty":0,"uss":49860608,"pss":1789365248,"swap":0},"8069":{"rss":3268382720,"vms":12017025024,"shared":180588544,"text":2322432,"lib":0,"data":10289221632,"dirty":0,"uss":35831808,"pss":1646582784,"swap":0}},"nvidia_draw_absolute":170.29,"nvidia_estimated_attributable_power_draw":170.29,"average_gpu_estimated_utilization_absolute":0.99,"per_gpu_average_estimated_utilization_absolute":{"(0, 7952)":{"sm":99,"mem":71,"enc":0,"dec":0}},"average_gpu_estimated_utilization_relative":1.0,"per_gpu_performance_state":{"0":"P2"},"per_gpu_power_draw":{"0":170.29},"cpu_count_adjusted_average_load":[0.1625,0.155625,0.1565625],"realtime_carbon_intensity":336.704610597,"disk_write_speed":57.6695966858,"process_ids":[7952,8069]}
{"timestamp":1572411989.5036120415,"rapl_power_draw_absolute":88.4654604319,"rapl_estimated_attributable_power_draw":19.5725919869,"cpu_time_seconds":{"7952":{"user":68.02,"system":17.0,"children_user":1.04,"children_system":0.19},"8069":{"user":1.0,"system":1.74,"children_user":0.08,"children_system":1.5}},"average_relative_cpu_utilization":0.2301376945,"absolute_cpu_utilization":0.9987921829,"relative_mem_usage":0.146484755,"absolute_mem_usage":3521652736.0,"absolute_mem_percent_usage":0.0260672024,"mem_info_per_process":{"7952":{"rss":3651092480,"vms":12017025024,"shared":563470336,"text":2322432,"lib":0,"data":10289221632,"dirty":0,"uss":49864704,"pss":1789367296,"swap":0},"8069":{"rss":3268382720,"vms":12017025024,"shared":180588544,"text":2322432,"lib":0,"data":10289221632,"dirty":0,"uss":35835904,"pss":1646584832,"swap":0}},"nvidia_draw_absolute":170.91,"nvidia_estimated_attributable_power_draw":170.91,"average_gpu_estimated_utilization_absolute":0.99,"per_gpu_average_estimated_utilization_absolute":{"(0, 7952)":{"sm":99.0,"mem":70.5,"enc":0.0,"dec":0.0}},"average_gpu_estimated_utilization_relative":1.0,"per_gpu_performance_state":{"0":"P2"},"per_gpu_power_draw":{"0":170.91},"cpu_count_adjusted_average_load":[0.178125,0.1590625,0.1578125],"realtime_carbon_intensity":336.704610597,"disk_write_speed":29.7654561222,"process_ids":[7952,8069]}
{"timestamp":1572411997.4906148911,"rapl_power_draw_absolute":88.8719455386,"rapl_estimated_attributable_power_draw":19.3160589151,"cpu_time_seconds":{"7952":{"user":74.41,"system":18.6,"children_user":1.04,"children_system":0.19},"8069":{"user":1.1,"system":1.92,"children_user":0.08,"children_system":1.67}},"average_relative_cpu_utilization":0.225714778,"absolute_cpu_utilization":0.9987501218,"relative_mem_usage":0.1464928167,"absolute_mem_usage":3521652736.0,"absolute_mem_percent_usage":0.0260672024,"mem_info_per_process":{"7952":{"rss":3651092480,"vms":12017025024,"shared":563470336,"text":2322432,"lib":0,"data":10289221632,"dirty":0,"uss":49864704,"pss":1789367296,"swap":0},"8069":{"rss":3268382720,"vms":12017025024,"shared":180588544,"text":2322432,"lib":0,"data":10289221632,"dirty":0,"uss":35835904,"pss":1646584832,"swap":0}},"nvidia_draw_absolute":171.54,"nvidia_estimated_attributable_power_draw":171.54,"average_gpu_estimated_utilization_absolute":0.99,"per_gpu_average_estimated_utilization_absolute":{"(0, 7952)":{"sm":99,"mem":71,"enc":0,"dec":0}},"average_gpu_estimated_utilization_relative":1.0,"per_gpu_performance_state":{"0":"P2"},"per_gpu_power_draw":{"0":171.54},"cpu_count_adjusted_average_load":[0.17875,0.1596875,0.1578125],"realtime_carbon_intensity":336.704610597,"disk_write_speed":40.8134027516,"process_ids":[7952,8069]}
{"timestamp":1572412005.4963490963,"rapl_power_draw_absolute":89.0220358386,"rapl_estimated_attributable_power_draw":19.3213252019,"cpu_time_seconds":{"7952":{"user":80.86,"system":20.15,"children_user":1.04,"children_system":0.19},"8069":{"user":1.21,"system":2.12,"children_user":0.08,"children_system":1.84}},"average_relative_cpu_utilization":0.2252163385,"absolute_cpu_utilization":0.9987924654,"relative_mem_usage":0.1464905573,"absolute_mem_usage":3521665024.0,"absolute_mem_percent_usage":0.0260672934,"mem_info_per_process":{"7952":{"rss":3651092480,"vms":12017025024,"shared":563470336,"text":2322432,"lib":0,"data":10289221632,"dirty":0,"uss":49868800,"pss":1789369344,"swap":0},"8069":{"rss":3268382720,"vms":12017025024,"shared":180588544,"text":2322432,"lib":0,"data":10289221632,"dirty":0,"uss":35840000,"pss":1646586880,"swap":0}},"nvidia_draw_absolute":171.08,"nvidia_estimated_attributable_power_draw":171.08,"average_gpu_estimated_utilization_absolute":0.99,"per_gpu_average_estimated_utilization_absolute":{"(0, 7952)":{"sm":99.0,"mem":70.5,"enc":0.0,"dec":0.0}},"average_gpu_estimated_utilization_relative":1.0,"per_gpu_performance_state":{"0":"P2"},"per_gpu_power_draw":{"0":171.08},"cpu_count_adjusted_average_load":[0.1775,0.16,0.158125],"realtime_carbon_intensity":336.704610597,"disk_write_speed":43.8089425143,"process_ids":[7952,8069]}
{"timestamp":1572412013.4672439098,"rapl_power_draw_absolute":89.1576723648,"rapl_estimated_attributable_power_draw":19.3431020043,"cpu_time_seconds":{"7952":{"user":87.29,"system":21.7,"children_user":1.04,"children_system":0.19},"8069":{"user":1.34,"system":2.3,"children_user":0.1,"children_system":2.0}},"average_relative_cpu_utilization":0.2253247504,"absolute_cpu_utilization":1.0037880188,"relative_mem_usage":0.1464765685,"absolute_mem_usage":3521677312.0,"absolute_mem_percent_usage":0.0260673843,"mem_info_per_process":{"7952":{"rss":3651092480,"vms":12017025024,"shared":563470336,"text":2322432,"lib":0,"data":10289221632,"dirty":0,"uss":49872896,"pss":1789371392,"swap":0},"8069":{"rss":3268382720,"vms":12017025024,"shared":180588544,"text":2322432,"lib":0,"data":10289221632,"dirty":0,"uss":35844096,"pss":1646588928,"swap":0}},"nvidia_draw_absolute":170.78,"nvidia_estimated_attributable_power_draw":170.78,"average_gpu_estimated_utilization_absolute":0.99,"per_gpu_average_estimated_utilization_absolute":{"(0, 7952)":{"sm":99.0,"mem":70.5,"enc":0.0,"dec":0.0}},"average_gpu_estimated_utilization_relative":1.0,"per_gpu_performance_state":{"0":"P2"},"per_gpu_power_draw":{"0":170.78},"cpu_count_adjusted_average_load":[0.1865625,0.1625,0.1590625],"realtime_carbon_intensity":336.704610597,"disk_write_speed":50.6575161109,"process_ids":[7952,8069]}
{"timestamp":1572412021.4442050457,"rapl_power_draw_absolute":89.2485119315,"rapl_estimated_attributable_power_draw":19.3412420875,"cpu_time_seconds":{"7952":{"user":93.74,"system":23.22,"children_user":1.04,"children_system":0.19},"8069":{"user":1.48,"system":2.51,"children_user":0.11,"children_system":2.15}},"average_relative_cpu_utilization":0.224844663,"absolute_cpu_utilization":0.9937870957,"relative_mem_usage":0.1464664747,"absolute_mem_usage":3521689600.0,"absolute_mem_percent_usage":0.0260674753,"mem_info_per_process":{"7952":{"rss":3651092480,"vms":12017025024,"shared":563470336,"text":2322432,"lib":0,"data":10289221632,"dirty":0,"uss":49876992,"pss":1789373440,"swap":0},"8069":{"rss":3268382720,"vms":12017025024,"shared":180588544,"text":2322432,"lib":0,"data":10289221632,"dirty":0,"uss":35848192,"pss":1646590976,"swap":0}},"nvidia_draw_absolute":171.72,"nvidia_estimated_attributable_power_draw":171.72,"average_gpu_estimated_utilization_absolute":0.99,"per_gpu_average_estimated_utilization_absolute":{"(0, 7952)":{"sm":99.0,"mem":70.5,"enc":0.0,"dec":0.0}},"average_gpu_estimated_utilization_relative":1.0,"per_gpu_performance_state":{"0":"P2"},"per_gpu_power_draw":{"0":171.72},"cpu_count_adjusted_average_load":[0.1815625,0.161875,0.15875],"realtime_carbon_intensity":336.704610597,"disk_write_speed":28.9943011041,"process_ids":[7952,8069]}
{"timestamp":1572412029.4479749203,"rapl_power_draw_absolute":88.4623541575,"rapl_estimated_attributable_power_draw":19.6618614572,"cpu_time_seconds":{"7952":{"user":100.25,"system":24.72,"children_user":1.04,"children_system":0.19},"8069":{"user":1.6,"system":2.68,"children_user":0.12,"children_system":2.32}},"average_relative_cpu_utilization":0.2311971781,"absolute_cpu_utilization":0.9987704951,"relative_mem_usage":0.1464870215,"absolute_mem_usage":3521639424.0,"absolute_mem_percent_usage":0.0260671039,"mem_info_per_process":{"7952":{"rss":3651092480,"vms":12017025024,"shared":563470336,"text":2322432,"lib":0,"data":10289221632,"dirty":0,"uss":49897472,"pss":1789272064,"swap":0},"8069":{"rss":3268382720,"vms":12017025024,"shared":180588544,"text":2322432,"lib":0,"data":10289221632,"dirty":0,"uss":35868672,"pss":1646601216,"swap":0}},"nvidia_draw_absolute":170.52,"nvidia_estimated_attributable_power_draw":170.52,"average_gpu_estimated_utilization_absolute":0.99,"per_gpu_average_estimated_utilization_absolute":{"(0, 7952)":{"sm":99,"mem":71,"enc":0,"dec":0}},"average_gpu_estimated_utilization_relative":1.0,"per_gpu_performance_state":{"0":"P2"},"per_gpu_power_draw":{"0":170.52},"cpu_count_adjusted_average_load":[0.1775,0.1615625,0.15875],"realtime_carbon_intensity":336.704610597,"disk_write_speed":35.7251052743,"process_ids":[7952,8069]}
