{"timestamp":1572416337.0021390915,"rapl_power_draw_absolute":87.6115054905,"rapl_estimated_attributable_power_draw":19.1022556037,"cpu_time_seconds":{"1776":{"user":10.48,"system":2.91,"children_user":0.06,"children_system":0.18},"1880":{"user":0.0,"system":0.03,"children_user":0.0,"children_system":0.04}},"average_relative_cpu_utilization":0.2273620177,"absolute_cpu_utilization":1.0037066495,"relative_mem_usage":0.1485570804,"absolute_mem_usage":3609287680.0,"absolute_mem_percent_usage":0.0267158745,"mem_info_per_process":{"1776":{"rss":3651072000,"vms":11946520576,"shared":565309440,"text":2322432,"lib":0,"data":10218717184,"dirty":0,"uss":88731648,"pss":1773303808,"swap":0},"1880":{"rss":3259940864,"vms":11946520576,"shared":174022656,"text":2322432,"lib":0,"data":10218717184,"dirty":0,"uss":80863232,"pss":1666388992,"swap":0}},"nvidia_draw_absolute":105.29,"nvidia_estimated_attributable_power_draw":105.29,"average_gpu_estimated_utilization_absolute":0.82,"per_gpu_average_estimated_utilization_absolute":{"(0, 1776)":{"sm":82.0,"mem":23.5,"enc":0.0,"dec":0.0}},"average_gpu_estimated_utilization_relative":1.0,"per_gpu_performance_state":{"0":"P2"},"per_gpu_power_draw":{"0":105.29},"cpu_count_adjusted_average_load":[0.186875,0.165,0.1609375],"realtime_carbon_intensity":336.7645075741,"disk_write_speed":27.4838341279,"process_ids":[1776,1880]}
{"timestamp":1572416345.0532820225,"rapl_power_draw_absolute":87.4945354837,"rapl_estimated_attributable_power_draw":19.0615982622,"cpu_time_seconds":{"1776":{"user":18.53,"system":2.91,"children_user":0.06,"children_system":0.18},"1880":{"user":0.1,"system":0.24,"children_user":0.0,"children_system":0.2}},"average_relative_cpu_utilization":0.2271104771,"absolute_cpu_utilization":1.003787776,"relative_mem_usage":0.149728186,"absolute_mem_usage":3638804480.0,"absolute_mem_percent_usage":0.0269343573,"mem_info_per_process":{"1776":{"rss":3651072000,"vms":11946520576,"shared":565309440,"text":2322432,"lib":0,"data":10218717184,"dirty":0,"uss":98770944,"pss":1778222080,"swap":0},"1880":{"rss":3267018752,"vms":11946520576,"shared":181088256,"text":2322432,"lib":0,"data":10218717184,"dirty":0,"uss":89862144,"pss":1671949312,"swap":0}},"nvidia_draw_absolute":106.12,"nvidia_estimated_attributable_power_draw":106.12,"average_gpu_estimated_utilization_absolute":0.82,"per_gpu_average_estimated_utilization_absolute":{"(0, 1776)":{"sm":82,"mem":24,"enc":0,"dec":0}},"average_gpu_estimated_utilization_relative":1.0,"per_gpu_performance_state":{"0":"P2"},"per_gpu_power_draw":{"0":106.12},"cpu_count_adjusted_average_load":[0.181875,0.164375,0.160625],"realtime_carbon_intensity":336.7645075741,"disk_write_speed":19.2782177444,"process_ids":[1776,1880]}
{"timestamp":1572416353.0723400116,"rapl_power_draw_absolute":87.524863714,"rapl_estimated_attributable_power_draw":19.0453870626,"cpu_time_seconds":{"1776":{"user":26.54,"system":2.92,"children_user":0.06,"children_system":0.18},"1880":{"user":0.17,"system":0.45,"children_user":0.01,"children_system":0.37}},"average_relative_cpu_utilization":0.2267434906,"absolute_cpu_utilization":0.9987371792,"relative_mem_usage":0.1498250614,"absolute_mem_usage":3641473024.0,"absolute_mem_percent_usage":0.0269541098,"mem_info_per_process":{"1776":{"rss":3651072000,"vms":11946520576,"shared":565309440,"text":2322432,"lib":0,"data":10218717184,"dirty":0,"uss":99758080,"pss":1778715648,"swap":0},"1880":{"rss":3267022848,"vms":11946520576,"shared":181088256,"text":2322432,"lib":0,"data":10218717184,"dirty":0,"uss":90652672,"pss":1672346624,"swap":0}},"nvidia_draw_absolute":105.77,"nvidia_estimated_attributable_power_draw":105.77,"average_gpu_estimated_utilization_absolute":0.82,"per_gpu_average_estimated_utilization_absolute":{"(0, 1776)":{"sm":82.0,"mem":23.6666666667,"enc":0.0,"dec":0.0}},"average_gpu_estimated_utilization_relative":1.0,"per_gpu_performance_state":{"0":"P2"},"per_gpu_power_draw":{"0":105.77},"cpu_count_adjusted_average_load":[0.1778125,0.1640625,0.160625],"realtime_carbon_intensity":336.7645075741,"disk_write_speed":23.7271071319,"process_ids":[1776,1880]}
{"timestamp":1572416361.073335886,"rapl_power_draw_absolute":87.6370848739,"rapl_estimated_attributable_power_draw":19.1095177094,"cpu_time_seconds":{"1776":{"user":34.54,"system":2.92,"children_user":0.06,"children_system":0.18},"1880":{"user":0.26,"system":0.64,"children_user":0.02,"children_system":0.54}},"average_relative_cpu_utilization":0.2272632679,"absolute_cpu_utilization":0.998786668,"relative_mem_usage":0.1498238753,"absolute_mem_usage":3641485312.0,"absolute_mem_percent_usage":0.0269542007,"mem_info_per_process":{"1776":{"rss":3651072000,"vms":11946520576,"shared":565309440,"text":2322432,"lib":0,"data":10218717184,"dirty":0,"uss":99762176,"pss":1778717696,"swap":0},"1880":{"rss":3267022848,"vms":11946520576,"shared":181088256,"text":2322432,"lib":0,"data":10218717184,"dirty":0,"uss":90656768,"pss":1672348672,"swap":0}},"nvidia_draw_absolute":109.26,"nvidia_estimated_attributable_power_draw":109.26,"average_gpu_estimated_utilization_absolute":0.82,"per_gpu_average_estimated_utilization_absolute":{"(0, 1776)":{"sm":82.0,"mem":23.75,"enc":0.0,"dec":0.0}},"average_gpu_estimated_utilization_relative":1.0,"per_gpu_performance_state":{"0":"P2"},"per_gpu_power_draw":{"0":109.26},"cpu_count_adjusted_average_load":[0.17375,0.1634375,0.1603125],"realtime_carbon_intensity":336.7645075741,"disk_write_speed":25.84070367,"process_ids":[1776,1880]}
{"timestamp":1572416369.1222689152,"rapl_power_draw_absolute":87.7361964721,"rapl_estimated_attributable_power_draw":19.316732415,"cpu_time_seconds":{"1776":{"user":42.59,"system":2.92,"children_user":0.06,"children_system":0.18},"1880":{"user":0.34,"system":0.84,"children_user":0.02,"children_system":0.72}},"average_relative_cpu_utilization":0.2295331146,"absolute_cpu_utilization":1.0087520198,"relative_mem_usage":0.1498416027,"absolute_mem_usage":3641497600.0,"absolute_mem_percent_usage":0.0269542917,"mem_info_per_process":{"1776":{"rss":3651072000,"vms":11946520576,"shared":565309440,"text":2322432,"lib":0,"data":10218717184,"dirty":0,"uss":99766272,"pss":1778719744,"swap":0},"1880":{"rss":3267022848,"vms":11946520576,"shared":181088256,"text":2322432,"lib":0,"data":10218717184,"dirty":0,"uss":90660864,"pss":1672350720,"swap":0}},"nvidia_draw_absolute":107.36,"nvidia_estimated_attributable_power_draw":107.36,"average_gpu_estimated_utilization_absolute":0.8233333333,"per_gpu_average_estimated_utilization_absolute":{"(0, 1776)":{"sm":82.3333333333,"mem":23.6666666667,"enc":0.0,"dec":0.0}},"average_gpu_estimated_utilization_relative":1.0,"per_gpu_performance_state":{"0":"P2"},"per_gpu_power_draw":{"0":107.36},"cpu_count_adjusted_average_load":[0.178125,0.1646875,0.1609375],"realtime_carbon_intensity":336.7645075741,"disk_write_speed":15.9432628906,"process_ids":[1776,1880]}
{"timestamp":1572416377.1604230404,"rapl_power_draw_absolute":87.9394526835,"rapl_estimated_attributable_power_draw":19.0972748553,"cpu_time_seconds":{"1776":{"user":50.62,"system":2.93,"children_user":0.06,"children_system":0.18},"1880":{"user":0.43,"system":1.01,"children_user":0.02,"children_system":0.9}},"average_relative_cpu_utilization":0.2262415593,"absolute_cpu_utilization":0.9988050155,"relative_mem_usage":0.1498339262,"absolute_mem_usage":3641509888.0,"absolute_mem_percent_usage":0.0269543826,"mem_info_per_process":{"1776":{"rss":3651072000,"vms":11946520576,"shared":565309440,"text":2322432,"lib":0,"data":10218717184,"dirty":0,"uss":99770368,"pss":1778721792,"swap":0},"1880":{"rss":3267022848,"vms":11946520576,"shared":181088256,"text":2322432,"lib":0,"data":10218717184,"dirty":0,"uss":90664960,"pss":1672352768,"swap":0}},"nvidia_draw_absolute":108.23,"nvidia_estimated_attributable_power_draw":108.23,"average_gpu_estimated_utilization_absolute":0.825,"per_gpu_average_estimated_utilization_absolute":{"(0, 1776)":{"sm":82.5,"mem":24.0,"enc":0.0,"dec":0.0}},"average_gpu_estimated_utilization_relative":1.0,"per_gpu_performance_state":{"0":"P2"},"per_gpu_power_draw":{"0":108.23},"cpu_count_adjusted_average_load":[0.185,0.1665625,0.1615625],"realtime_carbon_intensity":336.7645075741,"disk_write_speed":21.3082435182,"process_ids":[1776,1880]}
{"timestamp":1572416385.2128760815,"rapl_power_draw_absolute":87.700584884,"rapl_estimated_attributable_power_draw":19.0857650316,"cpu_time_seconds":{"1776":{"user":58.68,"system":2.93,"children_user":0.06,"children_system":0.18},"1880":{"user":0.5,"system":1.22,"children_user":0.03,"children_system":1.07}},"average_relative_cpu_utilization":0.2267513494,"absolute_cpu_utilization":0.9987896856,"relative_mem_usage":0.1498199131,"absolute_mem_usage":3641522176.0,"absolute_mem_percent_usage":0.0269544736,"mem_info_per_process":{"1776":{"rss":3651072000,"vms":11946520576,"shared":565309440,"text":2322432,"lib":0,"data":10218717184,"dirty":0,"uss":99774464,"pss":1778723840,"swap":0},"1880":{"rss":3267022848,"vms":11946520576,"shared":181088256,"text":2322432,"lib":0,"data":10218717184,"dirty":0,"uss":90669056,"pss":1672354816,"swap":0}},"nvidia_draw_absolute":109.19,"nvidia_estimated_attributable_power_draw":109.19,"average_gpu_estimated_utilization_absolute":0.825,"per_gpu_average_estimated_utilization_absolute":{"(0, 1776)":{"sm":82.5,"mem":24.0,"enc":0.0,"dec":0.0}},"average_gpu_estimated_utilization_relative":1.0,"per_gpu_performance_state":{"0":"P2"},"per_gpu_power_draw":{"0":109.19},"cpu_count_adjusted_average_load":[0.1803125,0.165625,0.16125],"realtime_carbon_intensity":336.7645075741,"disk_write_speed":23.2687033474,"process_ids":[1776,1880]}
{"timestamp":1572416393.2132089138,"rapl_power_draw_absolute":87.9687660156,"rapl_estimated_attributable_power_draw":19.0409176856,"cpu_time_seconds":{"1776":{"user":66.66,"system":2.94,"children_user":0.06,"children_system":0.18},"1880":{"user":0.58,"system":1.44,"children_user":0.04,"children_system":1.23}},"average_relative_cpu_utilization":0.2254720752,"absolute_cpu_utilization":0.9988005688,"relative_mem_usage":0.1498114564,"absolute_mem_usage":3641534464.0,"absolute_mem_percent_usage":0.0269545646,"mem_info_per_process":{"1776":{"rss":3651072000,"vms":11946520576,"shared":565309440,"text":2322432,"lib":0,"data":10218717184,"dirty":0,"uss":99778560,"pss":1778725888,"swap":0},"1880":{"rss":3267022848,"vms":11946520576,"shared":181088256,"text":2322432,"lib":0,"data":10218717184,"dirty":0,"uss":90673152,"pss":1672356864,"swap":0}},"nvidia_draw_absolute":107.56,"nvidia_estimated_attributable_power_draw":107.56,"average_gpu_estimated_utilization_absolute":0.82,"per_gpu_average_estimated_utilization_absolute":{"(0, 1776)":{"sm":82.0,"mem":23.6666666667,"enc":0.0,"dec":0.0}},"average_gpu_estimated_utilization_relative":1.0,"per_gpu_performance_state":{"0":"P2"},"per_gpu_power_draw":{"0":107.56},"cpu_count_adjusted_average_load":[0.179375,0.1659375,0.16125],"realtime_carbon_intensity":336.7645075741,"disk_write_speed":25.0182624392,"process_ids":[1776,1880]}
{"timestamp":1572416401.217154026,"rapl_power_draw_absolute":88.1588175675,"rapl_estimated_attributable_power_draw":18.9490014683,"cpu_time_seconds":{"1776":{"user":74.66,"system":2.95,"children_user":0.06,"children_system":0.18},"1880":{"user":0.66,"system":1.62,"children_user":0.05,"children_system":1.41}},"average_relative_cpu_utilization":0.2237052191,"absolute_cpu_utilization":0.9987965422,"relative_mem_usage":0.1498187782,"absolute_mem_usage":3641546752.0,"absolute_mem_percent_usage":0.0269546555,"mem_info_per_process":{"1776":{"rss":3651072000,"vms":11946520576,"shared":565309440,"text":2322432,"lib":0,"data":10218717184,"dirty":0,"uss":99782656,"pss":1778727936,"swap":0},"1880":{"rss":3267022848,"vms":11946520576,"shared":181088256,"text":2322432,"lib":0,"data":10218717184,"dirty":0,"uss":90677248,"pss":1672358912,"swap":0}},"nvidia_draw_absolute":109.09,"nvidia_estimated_attributable_power_draw":109.09,"average_gpu_estimated_utilization_absolute":0.82,"per_gpu_average_estimated_utilization_absolute":{"(0, 1776)":{"sm":82,"mem":24,"enc":0,"dec":0}},"average_gpu_estimated_utilization_relative":1.0,"per_gpu_performance_state":{"0":"P2"},"per_gpu_power_draw":{"0":109.09},"cpu_count_adjusted_average_load":[0.1775,0.1659375,0.16125],"realtime_carbon_intensity":336.7645075741,"disk_write_speed":18.5914209394,"process_ids":[1776,1880]}
{"timestamp":1572416409.2996680737,"rapl_power_draw_absolute":87.6905462613,"rapl_estimated_attributable_power_draw":19.2422595131,"cpu_time_seconds":{"1776":{"user":82.74,"system":2.96,"children_user":0.06,"children_system":0.18},"1880":{"user":0.73,"system":1.83,"children_user":0.06,"children_system":1.57}},"average_relative_cpu_utilization":0.2288216092,"absolute_cpu_utilization":0.998767407,"relative_mem_usage":0.149827338,"absolute_mem_usage":3641559040.0,"absolute_mem_percent_usage":0.0269547465,"mem_info_per_process":{"1776":{"rss":3651072000,"vms":11946520576,"shared":565309440,"text":2322432,"lib":0,"data":10218717184,"dirty":0,"uss":99786752,"pss":1778729984,"swap":0},"1880":{"rss":3267022848,"vms":11946520576,"shared":181088256,"text":2322432,"lib":0,"data":10218717184,"dirty":0,"uss":90681344,"pss":1672360960,"swap":0}},"nvidia_draw_absolute":109.19,"nvidia_estimated_attributable_power_draw":109.19,"average_gpu_estimated_utilization_absolute":0.82,"per_gpu_average_estimated_utilization_absolute":{"(0, 1776)":{"sm":82,"mem":24,"enc":0,"dec":0}},"average_gpu_estimated_utilization_relative":1.0,"per_gpu_performance_state":{"0":"P2"},"per_gpu_power_draw":{"0":109.19},"cpu_count_adjusted_average_load":[0.1784375,0.1665625,0.1615625],"realtime_carbon_intensity":336.7645075741,"disk_write_speed":21.6035414242,"process_ids":[1776,1880]}
{"timestamp":1572416417.3086121082,"rapl_power_draw_absolute":87.2614637885,"rapl_estimated_attributable_power_draw":19.3440118338,"cpu_time_seconds":{"1776":{"user":90.74,"system":2.96,"children_user":0.06,"children_system":0.18},"1880":{"user":0.82,"system":2.03,"children_user":0.07,"children_system":1.75}},"average_relative_cpu_utilization":0.2314724847,"absolute_cpu_utilization":0.9987416699,"relative_mem_usage":0.1498689866,"absolute_mem_usage":3641571328.0,"absolute_mem_percent_usage":0.0269548374,"mem_info_per_process":{"1776":{"rss":3651072000,"vms":11946520576,"shared":565309440,"text":2322432,"lib":0,"data":10218717184,"dirty":0,"uss":99790848,"pss":1778732032,"swap":0},"1880":{"rss":3267022848,"vms":11946520576,"shared":181088256,"text":2322432,"lib":0,"data":10218717184,"dirty":0,"uss":90685440,"pss":1672363008,"swap":0}},"nvidia_draw_absolute":108.36,"nvidia_estimated_attributable_power_draw":108.36,"average_gpu_estimated_utilization_absolute":0.82,"per_gpu_average_estimated_utilization_absolute":{"(0, 1776)":{"sm":82.0,"mem":23.5,"enc":0.0,"dec":0.0}},"average_gpu_estimated_utilization_relative":1.0,"per_gpu_performance_state":{"0":"P2"},"per_gpu_power_draw":{"0":108.36},"cpu_count_adjusted_average_load":[0.1753125,0.16625,0.1615625],"realtime_carbon_intensity":336.7645075741,"disk_write_speed":21.8139851975,"process_ids":[1776,1880]}
{"timestamp":1572416425.4081590176,"rapl_power_draw_absolute":87.3425428232,"rapl_estimated_attributable_power_draw":19.4531559244,"cpu_time_seconds":{"1776":{"user":98.84,"system":2.97,"children_user":0.06,"children_system":0.18},"1880":{"user":0.9,"system":2.22,"children_user":0.07,"children_system":1.93}},"average_relative_cpu_utilization":0.2325518822,"absolute_cpu_utilization":0.9987817179,"relative_mem_usage":0.1498608021,"absolute_mem_usage":3641583616.0,"absolute_mem_percent_usage":0.0269549284,"mem_info_per_process":{"1776":{"rss":3651072000,"vms":11946520576,"shared":565309440,"text":2322432,"lib":0,"data":10218717184,"dirty":0,"uss":99794944,"pss":1778734080,"swap":0},"1880":{"rss":3267022848,"vms":11946520576,"shared":181088256,"text":2322432,"lib":0,"data":10218717184,"dirty":0,"uss":90689536,"pss":1672365056,"swap":0}},"nvidia_draw_absolute":109.57,"nvidia_estimated_attributable_power_draw":109.57,"average_gpu_estimated_utilization_absolute":0.82,"per_gpu_average_estimated_utilization_absolute":{"(0, 1776)":{"sm":82.0,"mem":23.6666666667,"enc":0.0,"dec":0.0}},"average_gpu_estimated_utilization_relative":1.0,"per_gpu_performance_state":{"0":"P2"},"per_gpu_power_draw":{"0":109.57},"cpu_count_adjusted_average_load":[0.17125,0.1653125,0.16125],"realtime_carbon_intensity":336.7645075741,"disk_write_speed":32.9706726643,"process_ids":[1776,1880]}
{"timestamp":1572416433.4063720703,"rapl_power_draw_absolute":87.4504153264,"rapl_estimated_attributable_power_draw":19.0632876386,"cpu_time_seconds":{"1776":{"user":106.84,"system":2.97,"children_user":0.06,"children_system":0.18},"1880":{"user":1.0,"system":2.42,"children_user":0.08,"children_system":2.1}},"average_relative_cpu_utilization":0.2272652371,"absolute_cpu_utilization":0.998787571,"relative_mem_usage":0.1498657538,"absolute_mem_usage":3641595904.0,"absolute_mem_percent_usage":0.0269550193,"mem_info_per_process":{"1776":{"rss":3651072000,"vms":11946520576,"shared":565309440,"text":2322432,"lib":0,"data":10218717184,"dirty":0,"uss":99799040,"pss":1778736128,"swap":0},"1880":{"rss":3267022848,"vms":11946520576,"shared":181088256,"text":2322432,"lib":0,"data":10218717184,"dirty":0,"uss":90693632,"pss":1672367104,"swap":0}},"nvidia_draw_absolute":109.19,"nvidia_estimated_attributable_power_draw":109.19,"average_gpu_estimated_utilization_absolute":0.82,"per_gpu_average_estimated_utilization_absolute":{"(0, 1776)":{"sm":82.0,"mem":23.6666666667,"enc":0.0,"dec":0.0}},"average_gpu_estimated_utilization_relative":1.0,"per_gpu_performance_state":{"0":"P2"},"per_gpu_power_draw":{"0":109.19},"cpu_count_adjusted_average_load":[0.1690625,0.165,0.16125],"realtime_carbon_intensity":336.7645075741,"disk_write_speed":13.1855613792,"process_ids":[1776,1880]}
{"timestamp":1572416441.5066359043,"rapl_power_draw_absolute":87.8883881144,"rapl_estimated_attributable_power_draw":19.2973790229,"cpu_time_seconds":{"1776":{"user":114.94,"system":2.98,"children_user":0.06,"children_system":0.18},"1880":{"user":1.06,"system":2.62,"children_user":0.1,"children_system":2.27}},"average_relative_cpu_utilization":0.2289174893,"absolute_cpu_utilization":1.0037464661,"relative_mem_usage":0.1498422641,"absolute_mem_usage":3641608192.0,"absolute_mem_percent_usage":0.0269551103,"mem_info_per_process":{"1776":{"rss":3651072000,"vms":11946520576,"shared":565309440,"text":2322432,"lib":0,"data":10218717184,"dirty":0,"uss":99803136,"pss":1778738176,"swap":0},"1880":{"rss":3267022848,"vms":11946520576,"shared":181088256,"text":2322432,"lib":0,"data":10218717184,"dirty":0,"uss":90697728,"pss":1672369152,"swap":0}},"nvidia_draw_absolute":111.01,"nvidia_estimated_attributable_power_draw":111.01,"average_gpu_estimated_utilization_absolute":0.8233333333,"per_gpu_average_estimated_utilization_absolute":{"(0, 1776)":{"sm":82.3333333333,"mem":23.6666666667,"enc":0.0,"dec":0.0}},"average_gpu_estimated_utilization_relative":1.0,"per_gpu_performance_state":{"0":"P2"},"per_gpu_power_draw":{"0":111.01},"cpu_count_adjusted_average_load":[0.1703125,0.165625,0.1615625],"realtime_carbon_intensity":336.7645075741,"disk_write_speed":27.1724202864,"process_ids":[1776,1880]}
{"timestamp":1572416449.5399780273,"rapl_power_draw_absolute":87.551962001,"rapl_estimated_attributable_power_draw":19.3496418279,"cpu_time_seconds":{"1776":{"user":122.96,"system":2.98,"children_user":0.06,"children_system":0.18},"1880":{"user":1.15,"system":2.82,"children_user":0.12,"children_system":2.44}},"average_relative_cpu_utilization":0.2306736766,"absolute_cpu_utilization":0.9987981272,"relative_mem_usage":0.1498646937,"absolute_mem_usage":3641620480.0,"absolute_mem_percent_usage":0.0269552012,"mem_info_per_process":{"1776":{"rss":3651072000,"vms":11946520576,"shared":565309440,"text":2322432,"lib":0,"data":10218717184,"dirty":0,"uss":99807232,"pss":1778740224,"swap":0},"1880":{"rss":3267022848,"vms":11946520576,"shared":181088256,"text":2322432,"lib":0,"data":10218717184,"dirty":0,"uss":90701824,"pss":1672371200,"swap":0}},"nvidia_draw_absolute":110.87,"nvidia_estimated_attributable_power_draw":110.87,"average_gpu_estimated_utilization_absolute":0.83,"per_gpu_average_estimated_utilization_absolute":{"(0, 1776)":{"sm":83,"mem":24,"enc":0,"dec":0}},"average_gpu_estimated_utilization_relative":1.0,"per_gpu_performance_state":{"0":"P2"},"per_gpu_power_draw":{"0":110.87},"cpu_count_adjusted_average_load":[0.1703125,0.165625,0.1615625],"realtime_carbon_intensity":336.7645075741,"disk_write_speed":20.5929835211,"process_ids":[1776,1880]}
{"timestamp":1572416457.5638051033,"rapl_power_draw_absolute":87.5788776384,"rapl_estimated_attributable_power_draw":19.4195324221,"cpu_time_seconds":{"1776":{"user":130.97,"system":3.0,"children_user":0.06,"children_system":0.18},"1880":{"user":1.23,"system":3.02,"children_user":0.14,"children_system":2.6}},"average_relative_cpu_utilization":0.2314739145,"absolute_cpu_utilization":0.9988069461,"relative_mem_usage":0.1498675741,"absolute_mem_usage":3641632768.0,"absolute_mem_percent_usage":0.0269552922,"mem_info_per_process":{"1776":{"rss":3651072000,"vms":11946520576,"shared":565309440,"text":2322432,"lib":0,"data":10218717184,"dirty":0,"uss":99811328,"pss":1778742272,"swap":0},"1880":{"rss":3267022848,"vms":11946520576,"shared":181088256,"text":2322432,"lib":0,"data":10218717184,"dirty":0,"uss":90705920,"pss":1672373248,"swap":0}},"nvidia_draw_absolute":110.24,"nvidia_estimated_attributable_power_draw":110.24,"average_gpu_estimated_utilization_absolute":0.825,"per_gpu_average_estimated_utilization_absolute":{"(0, 1776)":{"sm":82.5,"mem":24.0,"enc":0.0,"dec":0.0}},"average_gpu_estimated_utilization_relative":1.0,"per_gpu_performance_state":{"0":"P2"},"per_gpu_power_draw":{"0":110.24},"cpu_count_adjusted_average_load":[0.1778125,0.1675,0.1621875],"realtime_carbon_intensity":336.7645075741,"disk_write_speed":17.1581838352,"process_ids":[1776,1880]}
{"timestamp":1572416465.6878809929,"rapl_power_draw_absolute":87.4861105844,"rapl_estimated_attributable_power_draw":19.4102276518,"cpu_time_seconds":{"1776":{"user":139.09,"system":3.0,"children_user":0.06,"children_system":0.18},"1880":{"user":1.32,"system":3.21,"children_user":0.15,"children_system":2.77}},"average_relative_cpu_utilization":0.2314736367,"absolute_cpu_utilization":0.9987681707,"relative_mem_usage":0.1498716925,"absolute_mem_usage":3641645056.0,"absolute_mem_percent_usage":0.0269553832,"mem_info_per_process":{"1776":{"rss":3651072000,"vms":11946520576,"shared":565309440,"text":2322432,"lib":0,"data":10218717184,"dirty":0,"uss":99815424,"pss":1778744320,"swap":0},"1880":{"rss":3267022848,"vms":11946520576,"shared":181088256,"text":2322432,"lib":0,"data":10218717184,"dirty":0,"uss":90710016,"pss":1672375296,"swap":0}},"nvidia_draw_absolute":110.82,"nvidia_estimated_attributable_power_draw":110.82,"average_gpu_estimated_utilization_absolute":0.825,"per_gpu_average_estimated_utilization_absolute":{"(0, 1776)":{"sm":82.5,"mem":24.0,"enc":0.0,"dec":0.0}},"average_gpu_estimated_utilization_relative":1.0,"per_gpu_performance_state":{"0":"P2"},"per_gpu_power_draw":{"0":110.82},"cpu_count_adjusted_average_load":[0.17625,0.1671875,0.1621875],"realtime_carbon_intensity":336.7645075741,"disk_write_speed":31.6419602788,"process_ids":[1776,1880]}
{"timestamp":1572416473.6780788898,"rapl_power_draw_absolute":87.2821071699,"rapl_estimated_attributable_power_draw":19.2580537608,"cpu_time_seconds":{"1776":{"user":147.08,"system":3.01,"children_user":0.06,"children_system":0.18},"1880":{"user":1.44,"system":3.38,"children_user":0.15,"children_system":2.95}},"average_relative_cpu_utilization":0.2301418726,"absolute_cpu_utilization":0.9987777936,"relative_mem_usage":0.1498725266,"absolute_mem_usage":3641657344.0,"absolute_mem_percent_usage":0.0269554741,"mem_info_per_process":{"1776":{"rss":3651072000,"vms":11946520576,"shared":565309440,"text":2322432,"lib":0,"data":10218717184,"dirty":0,"uss":99819520,"pss":1778746368,"swap":0},"1880":{"rss":3267022848,"vms":11946520576,"shared":181088256,"text":2322432,"lib":0,"data":10218717184,"dirty":0,"uss":90714112,"pss":1672377344,"swap":0}},"nvidia_draw_absolute":111.68,"nvidia_estimated_attributable_power_draw":111.68,"average_gpu_estimated_utilization_absolute":0.825,"per_gpu_average_estimated_utilization_absolute":{"(0, 1776)":{"sm":82.5,"mem":24.0,"enc":0.0,"dec":0.0}},"average_gpu_estimated_utilization_relative":1.0,"per_gpu_performance_state":{"0":"P2"},"per_gpu_power_draw":{"0":111.68},"cpu_count_adjusted_average_load":[0.175,0.1675,0.1621875],"realtime_carbon_intensity":336.7645075741,"disk_write_speed":15.3844889815,"process_ids":[1776,1880]}
{"timestamp":1572416481.6664719582,"rapl_power_draw_absolute":87.400912985,"rapl_estimated_attributable_power_draw":19.3714261389,"cpu_time_seconds":{"1776":{"user":155.06,"system":3.02,"children_user":0.06,"children_system":0.18},"1880":{"user":1.51,"system":3.56,"children_user":0.16,"children_system":3.13}},"average_relative_cpu_utilization":0.2312928135,"absolute_cpu_utilization":1.0037683307,"relative_mem_usage":0.1498319387,"absolute_mem_usage":3641669632.0,"absolute_mem_percent_usage":0.0269555651,"mem_info_per_process":{"1776":{"rss":3651072000,"vms":11946520576,"shared":565309440,"text":2322432,"lib":0,"data":10218717184,"dirty":0,"uss":99823616,"pss":1778748416,"swap":0},"1880":{"rss":3267022848,"vms":11946520576,"shared":181088256,"text":2322432,"lib":0,"data":10218717184,"dirty":0,"uss":90718208,"pss":1672379392,"swap":0}},"nvidia_draw_absolute":108.9,"nvidia_estimated_attributable_power_draw":108.9,"average_gpu_estimated_utilization_absolute":0.825,"per_gpu_average_estimated_utilization_absolute":{"(0, 1776)":{"sm":82.5,"mem":24.0,"enc":0.0,"dec":0.0}},"average_gpu_estimated_utilization_relative":1.0,"per_gpu_performance_state":{"0":"P2"},"per_gpu_power_draw":{"0":108.9},"cpu_count_adjusted_average_load":[0.17125,0.1665625,0.1621875],"realtime_carbon_intensity":336.7645075741,"disk_write_speed":25.1102492238,"process_ids":[1776,1880]}
{"timestamp":1572416489.6984460354,"rapl_power_draw_absolute":87.4934413419,"rapl_estimated_attributable_power_draw":19.2566113805,"cpu_time_seconds":{"1776":{"user":163.09,"system":3.02,"children_user":0.06,"children_system":0.18},"1880":{"user":1.6,"system":3.74,"children_user":0.16,"children_system":3.3}},"average_relative_cpu_utilization":0.2294447498,"absolute_cpu_utilization":1.0037839011,"relative_mem_usage":0.1498536324,"absolute_mem_usage":3641681920.0,"absolute_mem_percent_usage":0.026955656,"mem_info_per_process":{"1776":{"rss":3651072000,"vms":11946520576,"shared":565309440,"text":2322432,"lib":0,"data":10218717184,"dirty":0,"uss":99827712,"pss":1778750464,"swap":0},"1880":{"rss":3267022848,"vms":11946520576,"shared":181088256,"text":2322432,"lib":0,"data":10218717184,"dirty":0,"uss":90722304,"pss":1672381440,"swap":0}},"nvidia_draw_absolute":110.53,"nvidia_estimated_attributable_power_draw":110.53,"average_gpu_estimated_utilization_absolute":0.8233333333,"per_gpu_average_estimated_utilization_absolute":{"(0, 1776)":{"sm":82.3333333333,"mem":23.6666666667,"enc":0.0,"dec":0.0}},"average_gpu_estimated_utilization_relative":1.0,"per_gpu_performance_state":{"0":"P2"},"per_gpu_power_draw":{"0":110.53},"cpu_count_adjusted_average_load":[0.180625,0.1690625,0.1628125],"realtime_carbon_intensity":336.7645075741,"disk_write_speed":21.6073456091,"process_ids":[1776,1880]}
{"timestamp":1572416497.6903619766,"rapl_power_draw_absolute":87.257400818,"rapl_estimated_attributable_power_draw":19.2767294137,"cpu_time_seconds":{"1776":{"user":171.08,"system":3.02,"children_user":0.06,"children_system":0.18},"1880":{"user":1.68,"system":3.94,"children_user":0.17,"children_system":3.48}},"average_relative_cpu_utilization":0.2304071835,"absolute_cpu_utilization":0.9987726635,"relative_mem_usage":0.1498350339,"absolute_mem_usage":3641621504.0,"absolute_mem_percent_usage":0.0269552088,"mem_info_per_process":{"1776":{"rss":3651072000,"vms":11946520576,"shared":565309440,"text":2322432,"lib":0,"data":10218717184,"dirty":0,"uss":99831808,"pss":1778679808,"swap":0},"1880":{"rss":3267022848,"vms":11946520576,"shared":181088256,"text":2322432,"lib":0,"data":10218717184,"dirty":0,"uss":90726400,"pss":1672383488,"swap":0}},"nvidia_draw_absolute":109.38,"nvidia_estimated_attributable_power_draw":109.38,"average_gpu_estimated_utilization_absolute":0.82,"per_gpu_average_estimated_utilization_absolute":{"(0, 1776)":{"sm":82.0,"mem":23.5,"enc":0.0,"dec":0.0}},"average_gpu_estimated_utilization_relative":1.0,"per_gpu_performance_state":{"0":"P2"},"per_gpu_power_draw":{"0":109.38},"cpu_count_adjusted_average_load":[0.1846875,0.17,0.163125],"realtime_carbon_intensity":336.7645075741,"disk_write_speed":13.7000385895,"process_ids":[1776,1880]}
{"timestamp":1572416505.6877129078,"rapl_power_draw_absolute":86.9636204955,"rapl_estimated_attributable_power_draw":19.5502181844,"cpu_time_seconds":{"1776":{"user":179.07,"system":3.03,"children_user":0.06,"children_system":0.18},"1880":{"user":1.75,"system":4.11,"children_user":0.18,"children_system":3.65}},"average_relative_cpu_utilization":0.2350094979,"absolute_cpu_utilization":0.9987770448,"relative_mem_usage":0.1498841338,"absolute_mem_usage":3641708544.0,"absolute_mem_percent_usage":0.0269558531,"mem_info_per_process":{"1776":{"rss":3651072000,"vms":11946520576,"shared":565309440,"text":2322432,"lib":0,"data":10218717184,"dirty":0,"uss":99835904,"pss":1778755584,"swap":0},"1880":{"rss":3267022848,"vms":11946520576,"shared":181088256,"text":2322432,"lib":0,"data":10218717184,"dirty":0,"uss":90730496,"pss":1672386560,"swap":0}},"nvidia_draw_absolute":110.05,"nvidia_estimated_attributable_power_draw":110.05,"average_gpu_estimated_utilization_absolute":0.8233333333,"per_gpu_average_estimated_utilization_absolute":{"(0, 1776)":{"sm":82.3333333333,"mem":23.6666666667,"enc":0.0,"dec":0.0}},"average_gpu_estimated_utilization_relative":1.0,"per_gpu_performance_state":{"0":"P2"},"per_gpu_power_draw":{"0":110.05},"cpu_count_adjusted_average_load":[0.18,0.169375,0.163125],"realtime_carbon_intensity":336.7645075741,"disk_write_speed":23.738239165,"process_ids":[1776,1880]}
{"timestamp":1572416513.7178020477,"rapl_power_draw_absolute":87.1469459164,"rapl_estimated_attributable_power_draw":19.6820039601,"cpu_time_seconds":{"1776":{"user":187.09,"system":3.05,"children_user":0.06,"children_system":0.18},"1880":{"user":1.85,"system":4.29,"children_user":0.19,"children_system":3.82}},"average_relative_cpu_utilization":0.2361838086,"absolute_cpu_utilization":1.0037710234,"relative_mem_usage":0.149876908,"absolute_mem_usage":3641720832.0,"absolute_mem_percent_usage":0.0269559441,"mem_info_per_process":{"1776":{"rss":3651072000,"vms":11946520576,"shared":565309440,"text":2322432,"lib":0,"data":10218717184,"dirty":0,"uss":99840000,"pss":1778757632,"swap":0},"1880":{"rss":3267022848,"vms":11946520576,"shared":181088256,"text":2322432,"lib":0,"data":10218717184,"dirty":0,"uss":90734592,"pss":1672388608,"swap":0}},"nvidia_draw_absolute":112.35,"nvidia_estimated_attributable_power_draw":112.35,"average_gpu_estimated_utilization_absolute":0.825,"per_gpu_average_estimated_utilization_absolute":{"(0, 1776)":{"sm":82.5,"mem":24.0,"enc":0.0,"dec":0.0}},"average_gpu_estimated_utilization_relative":1.0,"per_gpu_performance_state":{"0":"P2"},"per_gpu_power_draw":{"0":112.35},"cpu_count_adjusted_average_load":[0.17375,0.1684375,0.1628125],"realtime_carbon_intensity":336.7645075741,"disk_write_speed":17.739584518,"process_ids":[1776,1880]}
{"timestamp":1572416521.7165999413,"rapl_power_draw_absolute":87.6096561002,"rapl_estimated_attributable_power_draw":19.5562086112,"cpu_time_seconds":{"1776":{"user":195.08,"system":3.05,"children_user":0.06,"children_system":0.18},"1880":{"user":1.91,"system":4.49,"children_user":0.21,"children_system":3.98}},"average_relative_cpu_utilization":0.2330910383,"absolute_cpu_utilization":0.9987752499,"relative_mem_usage":0.1498560423,"absolute_mem_usage":3641733120.0,"absolute_mem_percent_usage":0.026956035,"mem_info_per_process":{"1776":{"rss":3651072000,"vms":11946520576,"shared":565309440,"text":2322432,"lib":0,"data":10218717184,"dirty":0,"uss":99844096,"pss":1778759680,"swap":0},"1880":{"rss":3267022848,"vms":11946520576,"shared":181088256,"text":2322432,"lib":0,"data":10218717184,"dirty":0,"uss":90738688,"pss":1672390656,"swap":0}},"nvidia_draw_absolute":111.35,"nvidia_estimated_attributable_power_draw":111.35,"average_gpu_estimated_utilization_absolute":0.8233333333,"per_gpu_average_estimated_utilization_absolute":{"(0, 1776)":{"sm":82.3333333333,"mem":23.6666666667,"enc":0.0,"dec":0.0}},"average_gpu_estimated_utilization_relative":1.0,"per_gpu_performance_state":{"0":"P2"},"per_gpu_power_draw":{"0":111.35},"cpu_count_adjusted_average_load":[0.1775,0.1690625,0.163125],"realtime_carbon_intensity":336.7645075741,"disk_write_speed":27.9881049951,"process_ids":[1776,1880]}
{"timestamp":1572416529.8133759499,"rapl_power_draw_absolute":87.2366495444,"rapl_estimated_attributable_power_draw":19.5231402756,"cpu_time_seconds":{"1776":{"user":203.18,"system":3.06,"children_user":0.06,"children_system":0.18},"1880":{"user":2.01,"system":4.7,"children_user":0.21,"children_system":4.17}},"average_relative_cpu_utilization":0.2337139869,"absolute_cpu_utilization":1.0037613747,"relative_mem_usage":0.1498749382,"absolute_mem_usage":3641745408.0,"absolute_mem_percent_usage":0.026956126,"mem_info_per_process":{"1776":{"rss":3651072000,"vms":11946520576,"shared":565309440,"text":2322432,"lib":0,"data":10218717184,"dirty":0,"uss":99848192,"pss":1778761728,"swap":0},"1880":{"rss":3267022848,"vms":11946520576,"shared":181088256,"text":2322432,"lib":0,"data":10218717184,"dirty":0,"uss":90742784,"pss":1672392704,"swap":0}},"nvidia_draw_absolute":111.87,"nvidia_estimated_attributable_power_draw":111.87,"average_gpu_estimated_utilization_absolute":0.82,"per_gpu_average_estimated_utilization_absolute":{"(0, 1776)":{"sm":82,"mem":24,"enc":0,"dec":0}},"average_gpu_estimated_utilization_relative":1.0,"per_gpu_performance_state":{"0":"P2"},"per_gpu_power_draw":{"0":111.87},"cpu_count_adjusted_average_load":[0.1884375,0.171875,0.1640625],"realtime_carbon_intensity":336.7645075741,"disk_write_speed":21.9665131842,"process_ids":[1776,1880]}
{"timestamp":1572416537.7945449352,"rapl_power_draw_absolute":87.4877234304,"rapl_estimated_attributable_power_draw":19.5036056467,"cpu_time_seconds":{"1776":{"user":211.16,"system":3.06,"children_user":0.06,"children_system":0.18},"1880":{"user":2.08,"system":4.9,"children_user":0.22,"children_system":4.34}},"average_relative_cpu_utilization":0.2328175696,"absolute_cpu_utilization":0.9987731317,"relative_mem_usage":0.1498752923,"absolute_mem_usage":3641757696.0,"absolute_mem_percent_usage":0.0269562169,"mem_info_per_process":{"1776":{"rss":3651072000,"vms":11946520576,"shared":565309440,"text":2322432,"lib":0,"data":10218717184,"dirty":0,"uss":99852288,"pss":1778763776,"swap":0},"1880":{"rss":3267022848,"vms":11946520576,"shared":181088256,"text":2322432,"lib":0,"data":10218717184,"dirty":0,"uss":90746880,"pss":1672394752,"swap":0}},"nvidia_draw_absolute":111.29,"nvidia_estimated_attributable_power_draw":111.29,"average_gpu_estimated_utilization_absolute":0.82,"per_gpu_average_estimated_utilization_absolute":{"(0, 1776)":{"sm":82,"mem":24,"enc":0,"dec":0}},"average_gpu_estimated_utilization_relative":1.0,"per_gpu_performance_state":{"0":"P2"},"per_gpu_power_draw":{"0":111.29},"cpu_count_adjusted_average_load":[0.18875,0.1725,0.164375],"realtime_carbon_intensity":336.7645075741,"disk_write_speed":15.3413289734,"process_ids":[1776,1880]}
{"timestamp":1572416545.8156290054,"rapl_power_draw_absolute":87.5950936161,"rapl_estimated_attributable_power_draw":19.5169284517,"cpu_time_seconds":{"1776":{"user":219.18,"system":3.06,"children_user":0.06,"children_system":0.18},"1880":{"user":2.16,"system":5.08,"children_user":0.22,"children_system":4.51}},"average_relative_cpu_utilization":0.2326341233,"absolute_cpu_utilization":1.0037697499,"relative_mem_usage":0.1498756965,"absolute_mem_usage":3641757696.0,"absolute_mem_percent_usage":0.0269562169,"mem_info_per_process":{"1776":{"rss":3651072000,"vms":11946520576,"shared":565309440,"text":2322432,"lib":0,"data":10218717184,"dirty":0,"uss":99852288,"pss":1778763776,"swap":0},"1880":{"rss":3267022848,"vms":11946520576,"shared":181088256,"text":2322432,"lib":0,"data":10218717184,"dirty":0,"uss":90746880,"pss":1672394752,"swap":0}},"nvidia_draw_absolute":110.62,"nvidia_estimated_attributable_power_draw":110.62,"average_gpu_estimated_utilization_absolute":0.8233333333,"per_gpu_average_estimated_utilization_absolute":{"(0, 1776)":{"sm":82.3333333333,"mem":23.6666666667,"enc":0.0,"dec":0.0}},"average_gpu_estimated_utilization_relative":1.0,"per_gpu_performance_state":{"0":"P2"},"per_gpu_power_draw":{"0":110.62},"cpu_count_adjusted_average_load":[0.19125,0.173125,0.1646875],"realtime_carbon_intensity":336.2887618705,"disk_write_speed":21.9405136432,"process_ids":[1776,1880]}
{"timestamp":1572416553.9075040817,"rapl_power_draw_absolute":87.5773100807,"rapl_estimated_attributable_power_draw":19.4408868123,"cpu_time_seconds":{"1776":{"user":227.27,"system":3.06,"children_user":0.06,"children_system":0.18},"1880":{"user":2.25,"system":5.28,"children_user":0.24,"children_system":4.67}},"average_relative_cpu_utilization":0.231740613,"absolute_cpu_utilization":0.9987974192,"relative_mem_usage":0.1498861084,"absolute_mem_usage":3641825280.0,"absolute_mem_percent_usage":0.0269567172,"mem_info_per_process":{"1776":{"rss":3651072000,"vms":11946520576,"shared":565309440,"text":2322432,"lib":0,"data":10218717184,"dirty":0,"uss":99860480,"pss":1778767872,"swap":0},"1880":{"rss":3267022848,"vms":11946520576,"shared":181088256,"text":2322432,"lib":0,"data":10218717184,"dirty":0,"uss":90783744,"pss":1672413184,"swap":0}},"nvidia_draw_absolute":108.32,"nvidia_estimated_attributable_power_draw":108.32,"average_gpu_estimated_utilization_absolute":0.82,"per_gpu_average_estimated_utilization_absolute":{"(0, 1776)":{"sm":82.0,"mem":23.6666666667,"enc":0.0,"dec":0.0}},"average_gpu_estimated_utilization_relative":1.0,"per_gpu_performance_state":{"0":"P2"},"per_gpu_power_draw":{"0":108.32},"cpu_count_adjusted_average_load":[0.1903125,0.17375,0.165],"realtime_carbon_intensity":336.2887618705,"disk_write_speed":31.6197313102,"process_ids":[1776,1880]}
{"timestamp":1572416561.9048941135,"rapl_power_draw_absolute":87.771217795,"rapl_estimated_attributable_power_draw":19.4457790604,"cpu_time_seconds":{"1776":{"user":235.27,"system":3.06,"children_user":0.06,"children_system":0.18},"1880":{"user":2.36,"system":5.48,"children_user":0.25,"children_system":4.84}},"average_relative_cpu_utilization":0.2312921266,"absolute_cpu_utilization":1.0037956174,"relative_mem_usage":0.1498858321,"absolute_mem_usage":3641880576.0,"absolute_mem_percent_usage":0.0269571265,"mem_info_per_process":{"1776":{"rss":3651072000,"vms":11946520576,"shared":565309440,"text":2322432,"lib":0,"data":10218717184,"dirty":0,"uss":99893248,"pss":1778784256,"swap":0},"1880":{"rss":3267022848,"vms":11946520576,"shared":181088256,"text":2322432,"lib":0,"data":10218717184,"dirty":0,"uss":90787840,"pss":1672415232,"swap":0}},"nvidia_draw_absolute":109.95,"nvidia_estimated_attributable_power_draw":109.95,"average_gpu_estimated_utilization_absolute":0.83,"per_gpu_average_estimated_utilization_absolute":{"(0, 1776)":{"sm":83,"mem":24,"enc":0,"dec":0}},"average_gpu_estimated_utilization_relative":1.0,"per_gpu_performance_state":{"0":"P2"},"per_gpu_power_draw":{"0":109.95},"cpu_count_adjusted_average_load":[0.1896875,0.1740625,0.165],"realtime_carbon_intensity":336.2887618705,"disk_write_speed":31.0696233387,"process_ids":[1776,1880]}
{"timestamp":1572416569.9260680676,"rapl_power_draw_absolute":87.9962134992,"rapl_estimated_attributable_power_draw":19.1952635125,"cpu_time_seconds":{"1776":{"user":243.29,"system":3.07,"children_user":0.06,"children_system":0.18},"1880":{"user":2.48,"system":5.68,"children_user":0.25,"children_system":5.02}},"average_relative_cpu_utilization":0.227365677,"absolute_cpu_utilization":1.0037866144,"relative_mem_usage":0.1498634746,"absolute_mem_usage":3641892864.0,"absolute_mem_percent_usage":0.0269572174,"mem_info_per_process":{"1776":{"rss":3651072000,"vms":11946520576,"shared":565309440,"text":2322432,"lib":0,"data":10218717184,"dirty":0,"uss":99897344,"pss":1778786304,"swap":0},"1880":{"rss":3267022848,"vms":11946520576,"shared":181088256,"text":2322432,"lib":0,"data":10218717184,"dirty":0,"uss":90791936,"pss":1672417280,"swap":0}},"nvidia_draw_absolute":108.9,"nvidia_estimated_attributable_power_draw":108.9,"average_gpu_estimated_utilization_absolute":0.82,"per_gpu_average_estimated_utilization_absolute":{"(0, 1776)":{"sm":82.0,"mem":23.5,"enc":0.0,"dec":0.0}},"average_gpu_estimated_utilization_relative":1.0,"per_gpu_performance_state":{"0":"P2"},"per_gpu_power_draw":{"0":108.9},"cpu_count_adjusted_average_load":[0.184375,0.173125,0.165],"realtime_carbon_intensity":336.2887618705,"disk_write_speed":21.9756995929,"process_ids":[1776,1880]}
{"timestamp":1572416577.9076900482,"rapl_power_draw_absolute":88.3164479265,"rapl_estimated_attributable_power_draw":19.1680547736,"cpu_time_seconds":{"1776":{"user":251.26,"system":3.07,"children_user":0.06,"children_system":0.18},"1880":{"user":2.56,"system":5.88,"children_user":0.26,"children_system":5.2}},"average_relative_cpu_utilization":0.2259803794,"absolute_cpu_utilization":0.9987977425,"relative_mem_usage":0.1498771669,"absolute_mem_usage":3641905152.0,"absolute_mem_percent_usage":0.0269573084,"mem_info_per_process":{"1776":{"rss":3651072000,"vms":11946520576,"shared":565309440,"text":2322432,"lib":0,"data":10218717184,"dirty":0,"uss":99901440,"pss":1778788352,"swap":0},"1880":{"rss":3267022848,"vms":11946520576,"shared":181088256,"text":2322432,"lib":0,"data":10218717184,"dirty":0,"uss":90796032,"pss":1672419328,"swap":0}},"nvidia_draw_absolute":107.31,"nvidia_estimated_attributable_power_draw":107.31,"average_gpu_estimated_utilization_absolute":0.82,"per_gpu_average_estimated_utilization_absolute":{"(0, 1776)":{"sm":82.0,"mem":23.6666666667,"enc":0.0,"dec":0.0}},"average_gpu_estimated_utilization_relative":1.0,"per_gpu_performance_state":{"0":"P2"},"per_gpu_power_draw":{"0":107.31},"cpu_count_adjusted_average_load":[0.199375,0.176875,0.16625],"realtime_carbon_intensity":336.2887618705,"disk_write_speed":30.7202578147,"process_ids":[1776,1880]}
{"timestamp":1572416585.9502329826,"rapl_power_draw_absolute":88.3013845121,"rapl_estimated_attributable_power_draw":19.2373985515,"cpu_time_seconds":{"1776":{"user":259.31,"system":3.07,"children_user":0.06,"children_system":0.18},"1880":{"user":2.66,"system":6.07,"children_user":0.26,"children_system":5.38}},"average_relative_cpu_utilization":0.2270066808,"absolute_cpu_utilization":0.9988014162,"relative_mem_usage":0.1498785063,"absolute_mem_usage":3641917440.0,"absolute_mem_percent_usage":0.0269573993,"mem_info_per_process":{"1776":{"rss":3651072000,"vms":11946520576,"shared":565309440,"text":2322432,"lib":0,"data":10218717184,"dirty":0,"uss":99905536,"pss":1778790400,"swap":0},"1880":{"rss":3267022848,"vms":11946520576,"shared":181088256,"text":2322432,"lib":0,"data":10218717184,"dirty":0,"uss":90800128,"pss":1672421376,"swap":0}},"nvidia_draw_absolute":109.62,"nvidia_estimated_attributable_power_draw":109.62,"average_gpu_estimated_utilization_absolute":0.82,"per_gpu_average_estimated_utilization_absolute":{"(0, 1776)":{"sm":82,"mem":24,"enc":0,"dec":0}},"average_gpu_estimated_utilization_relative":1.0,"per_gpu_performance_state":{"0":"P2"},"per_gpu_power_draw":{"0":109.62},"cpu_count_adjusted_average_load":[0.1934375,0.1759375,0.1659375],"realtime_carbon_intensity":336.2887618705,"disk_write_speed":27.1012646894,"process_ids":[1776,1880]}
{"timestamp":1572416594.0412969589,"rapl_power_draw_absolute":76.0229679211,"rapl_estimated_attributable_power_draw":32.2589918748,"cpu_time_seconds":{"1776":{"user":267.39,"system":3.09,"children_user":0.06,"children_system":0.18},"1880":{"user":2.77,"system":6.26,"children_user":0.26,"children_system":5.54}},"average_relative_cpu_utilization":0.4547219606,"absolute_cpu_utilization":1.0037751429,"relative_mem_usage":0.2157567811,"absolute_mem_usage":3752011776.0,"absolute_mem_percent_usage":0.0277723154,"mem_info_per_process":{"1776":{"rss":3651072000,"vms":11946520576,"shared":565309440,"text":2322432,"lib":0,"data":10218717184,"dirty":0,"uss":110649344,"pss":1875877888,"swap":0},"1880":{"rss":3267022848,"vms":11946520576,"shared":181088256,"text":2322432,"lib":0,"data":10218717184,"dirty":0,"uss":90968064,"pss":1674516480,"swap":0}},"nvidia_draw_absolute":112.61,"nvidia_estimated_attributable_power_draw":112.61,"average_gpu_estimated_utilization_absolute":0.826,"per_gpu_average_estimated_utilization_absolute":{"(0, 1776)":{"sm":82.6,"mem":24.0,"enc":0.0,"dec":0.0}},"average_gpu_estimated_utilization_relative":1.0,"per_gpu_performance_state":{"0":"P2"},"per_gpu_power_draw":{"0":112.61},"cpu_count_adjusted_average_load":[0.180625,0.17375,0.1653125],"realtime_carbon_intensity":336.2887618705,"disk_write_speed":24.3428991853,"process_ids":[1776,1880]}
{"timestamp":1572416602.0373620987,"rapl_power_draw_absolute":75.0638265793,"rapl_estimated_attributable_power_draw":25.7287888281,"cpu_time_seconds":{"1776":{"user":275.38,"system":3.09,"children_user":0.06,"children_system":0.18},"1880":{"user":2.85,"system":6.46,"children_user":0.28,"children_system":5.69}},"average_relative_cpu_utilization":0.3623102447,"absolute_cpu_utilization":0.9992966387,"relative_mem_usage":0.2132922487,"absolute_mem_usage":3750918144.0,"absolute_mem_percent_usage":0.0277642204,"mem_info_per_process":{"1776":{"rss":3651072000,"vms":11946520576,"shared":565309440,"text":2322432,"lib":0,"data":10218717184,"dirty":0,"uss":110579712,"pss":1875120128,"swap":0},"1880":{"rss":3267026944,"vms":11946520576,"shared":181088256,"text":2322432,"lib":0,"data":10218717184,"dirty":0,"uss":90976256,"pss":1674242048,"swap":0}},"nvidia_draw_absolute":107.0,"nvidia_estimated_attributable_power_draw":107.0,"average_gpu_estimated_utilization_absolute":0.825,"per_gpu_average_estimated_utilization_absolute":{"(0, 1776)":{"sm":82.5,"mem":24.0,"enc":0.0,"dec":0.0}},"average_gpu_estimated_utilization_relative":1.0,"per_gpu_performance_state":{"0":"P2"},"per_gpu_power_draw":{"0":107.0},"cpu_count_adjusted_average_load":[0.179375,0.17375,0.1653125],"realtime_carbon_intensity":336.2887618705,"disk_write_speed":53.0503238403,"process_ids":[1776,1880]}
{"timestamp":1572416612.4293539524,"rapl_power_draw_absolute":82.7724644898,"rapl_estimated_attributable_power_draw":28.6953500356,"cpu_time_seconds":{"1776":{"user":285.76,"system":3.1,"children_user":0.06,"children_system":0.18},"1880":{"user":3.02,"system":6.66,"children_user":0.29,"children_system":5.85}},"average_relative_cpu_utilization":0.3669585239,"absolute_cpu_utilization":0.9987649599,"relative_mem_usage":0.2002309029,"absolute_mem_usage":3724175360.0,"absolute_mem_percent_usage":0.0275662708,"mem_info_per_process":{"1776":{"rss":3651072000,"vms":11946520576,"shared":565309440,"text":2322432,"lib":0,"data":10218717184,"dirty":0,"uss":109453312,"pss":1850454016,"swap":0},"1880":{"rss":3267026944,"vms":11946520576,"shared":181088256,"text":2322432,"lib":0,"data":10218717184,"dirty":0,"uss":90935296,"pss":1673332736,"swap":0}},"nvidia_draw_absolute":109.59,"nvidia_estimated_attributable_power_draw":109.59,"average_gpu_estimated_utilization_absolute":0.805,"per_gpu_average_estimated_utilization_absolute":{"(0, 1776)":{"sm":80.5,"mem":23.25,"enc":0.0,"dec":0.0}},"average_gpu_estimated_utilization_relative":1.0,"per_gpu_performance_state":{"0":"P2"},"per_gpu_power_draw":{"0":109.59},"cpu_count_adjusted_average_load":[0.1740625,0.1725,0.165],"realtime_carbon_intensity":336.2887618705,"disk_write_speed":17.751079678,"process_ids":[1776,1880]}
{"timestamp":1572416621.6510000229,"rapl_power_draw_absolute":87.9928174405,"rapl_estimated_attributable_power_draw":20.2892557962,"cpu_time_seconds":{"1776":{"user":294.98,"system":3.11,"children_user":0.06,"children_system":0.18},"1880":{"user":3.09,"system":6.87,"children_user":0.31,"children_system":6.01}},"average_relative_cpu_utilization":0.24128993,"absolute_cpu_utilization":1.0037964963,"relative_mem_usage":0.1512193097,"absolute_mem_usage":3655098368.0,"absolute_mem_percent_usage":0.0270549643,"mem_info_per_process":{"1776":{"rss":3651072000,"vms":11946520576,"shared":565309440,"text":2322432,"lib":0,"data":10218717184,"dirty":0,"uss":102416384,"pss":1788421120,"swap":0},"1880":{"rss":3267026944,"vms":11946520576,"shared":181088256,"text":2322432,"lib":0,"data":10218717184,"dirty":0,"uss":90939392,"pss":1673321472,"swap":0}},"nvidia_draw_absolute":111.87,"nvidia_estimated_attributable_power_draw":111.87,"average_gpu_estimated_utilization_absolute":0.84,"per_gpu_average_estimated_utilization_absolute":{"(0, 1776)":{"sm":84.0,"mem":24.3333333333,"enc":0.0,"dec":0.0}},"average_gpu_estimated_utilization_relative":1.0,"per_gpu_performance_state":{"0":"P2"},"per_gpu_power_draw":{"0":111.87},"cpu_count_adjusted_average_load":[0.1725,0.1725,0.165],"realtime_carbon_intensity":336.2887618705,"disk_write_speed":25.3113682616,"process_ids":[1776,1880]}
{"timestamp":1572416629.6725800037,"rapl_power_draw_absolute":86.7578898888,"rapl_estimated_attributable_power_draw":19.5175344232,"cpu_time_seconds":{"1776":{"user":302.99,"system":3.12,"children_user":0.06,"children_system":0.18},"1880":{"user":3.18,"system":7.07,"children_user":0.32,"children_system":6.18}},"average_relative_cpu_utilization":0.2352138749,"absolute_cpu_utilization":0.9937923981,"relative_mem_usage":0.1502504651,"absolute_mem_usage":3645523968.0,"absolute_mem_percent_usage":0.0269840948,"mem_info_per_process":{"1776":{"rss":3651072000,"vms":11946520576,"shared":565309440,"text":2322432,"lib":0,"data":10218717184,"dirty":0,"uss":100585472,"pss":1781058560,"swap":0},"1880":{"rss":3267026944,"vms":11946520576,"shared":181088256,"text":2322432,"lib":0,"data":10218717184,"dirty":0,"uss":90943488,"pss":1672936448,"swap":0}},"nvidia_draw_absolute":111.58,"nvidia_estimated_attributable_power_draw":111.58,"average_gpu_estimated_utilization_absolute":0.84,"per_gpu_average_estimated_utilization_absolute":{"(0, 1776)":{"sm":84.0,"mem":24.3333333333,"enc":0.0,"dec":0.0}},"average_gpu_estimated_utilization_relative":1.0,"per_gpu_performance_state":{"0":"P2"},"per_gpu_power_draw":{"0":111.58},"cpu_count_adjusted_average_load":[0.176875,0.1734375,0.1653125],"realtime_carbon_intensity":336.2887618705,"disk_write_speed":20.4588854276,"process_ids":[1776,1880]}
{"timestamp":1572416637.7058579922,"rapl_power_draw_absolute":86.8138169533,"rapl_estimated_attributable_power_draw":19.6648128231,"cpu_time_seconds":{"1776":{"user":311.02,"system":3.13,"children_user":0.06,"children_system":0.18},"1880":{"user":3.27,"system":7.27,"children_user":0.34,"children_system":6.33}},"average_relative_cpu_utilization":0.236952134,"absolute_cpu_utilization":0.9987944239,"relative_mem_usage":0.1501197199,"absolute_mem_usage":3644814336.0,"absolute_mem_percent_usage":0.0269788421,"mem_info_per_process":{"1776":{"rss":3651072000,"vms":11946520576,"shared":565309440,"text":2322432,"lib":0,"data":10218717184,"dirty":0,"uss":100585472,"pss":1780895744,"swap":0},"1880":{"rss":3267026944,"vms":11946520576,"shared":181088256,"text":2322432,"lib":0,"data":10218717184,"dirty":0,"uss":90836992,"pss":1672496128,"swap":0}},"nvidia_draw_absolute":112.21,"nvidia_estimated_attributable_power_draw":112.21,"average_gpu_estimated_utilization_absolute":0.8366666667,"per_gpu_average_estimated_utilization_absolute":{"(0, 1776)":{"sm":83.6666666667,"mem":24.3333333333,"enc":0.0,"dec":0.0}},"average_gpu_estimated_utilization_relative":1.0,"per_gpu_performance_state":{"0":"P2"},"per_gpu_power_draw":{"0":112.21},"cpu_count_adjusted_average_load":[0.1809375,0.174375,0.1659375],"realtime_carbon_intensity":336.2887618705,"disk_write_speed":21.262943833,"process_ids":[1776,1880]}
{"timestamp":1572416645.8533558846,"rapl_power_draw_absolute":86.919511309,"rapl_estimated_attributable_power_draw":19.7384472665,"cpu_time_seconds":{"1776":{"user":319.16,"system":3.13,"children_user":0.06,"children_system":0.18},"1880":{"user":3.36,"system":7.48,"children_user":0.34,"children_system":6.51}},"average_relative_cpu_utilization":0.237515848,"absolute_cpu_utilization":0.9987921142,"relative_mem_usage":0.1501146715,"absolute_mem_usage":3644824576.0,"absolute_mem_percent_usage":0.0269789179,"mem_info_per_process":{"1776":{"rss":3651072000,"vms":11946520576,"shared":565309440,"text":2322432,"lib":0,"data":10218717184,"dirty":0,"uss":100589568,"pss":1780895744,"swap":0},"1880":{"rss":3267026944,"vms":11946520576,"shared":181088256,"text":2322432,"lib":0,"data":10218717184,"dirty":0,"uss":90841088,"pss":1672498176,"swap":0}},"nvidia_draw_absolute":111.39,"nvidia_estimated_attributable_power_draw":111.39,"average_gpu_estimated_utilization_absolute":0.8333333333,"per_gpu_average_estimated_utilization_absolute":{"(0, 1776)":{"sm":83.3333333333,"mem":24.3333333333,"enc":0.0,"dec":0.0}},"average_gpu_estimated_utilization_relative":1.0,"per_gpu_performance_state":{"0":"P2"},"per_gpu_power_draw":{"0":111.39},"cpu_count_adjusted_average_load":[0.1815625,0.1746875,0.1659375],"realtime_carbon_intensity":336.2887618705,"disk_write_speed":32.6072415042,"process_ids":[1776,1880]}
{"timestamp":1572416653.8747899532,"rapl_power_draw_absolute":86.7607753372,"rapl_estimated_attributable_power_draw":19.785411243,"cpu_time_seconds":{"1776":{"user":327.18,"system":3.14,"children_user":0.06,"children_system":0.18},"1880":{"user":3.46,"system":7.7,"children_user":0.34,"children_system":6.68}},"average_relative_cpu_utilization":0.2383661645,"absolute_cpu_utilization":0.9987841446,"relative_mem_usage":0.1501054032,"absolute_mem_usage":3644836864.0,"absolute_mem_percent_usage":0.0269790089,"mem_info_per_process":{"1776":{"rss":3651072000,"vms":11946520576,"shared":565309440,"text":2322432,"lib":0,"data":10218717184,"dirty":0,"uss":100593664,"pss":1780897792,"swap":0},"1880":{"rss":3267026944,"vms":11946520576,"shared":181088256,"text":2322432,"lib":0,"data":10218717184,"dirty":0,"uss":90845184,"pss":1672500224,"swap":0}},"nvidia_draw_absolute":111.87,"nvidia_estimated_attributable_power_draw":111.87,"average_gpu_estimated_utilization_absolute":0.8366666667,"per_gpu_average_estimated_utilization_absolute":{"(0, 1776)":{"sm":83.6666666667,"mem":24.3333333333,"enc":0.0,"dec":0.0}},"average_gpu_estimated_utilization_relative":1.0,"per_gpu_performance_state":{"0":"P2"},"per_gpu_power_draw":{"0":111.87},"cpu_count_adjusted_average_load":[0.18,0.174375,0.1659375],"realtime_carbon_intensity":336.2887618705,"disk_write_speed":25.2186745823,"process_ids":[1776,1880]}
{"timestamp":1572416661.8823230267,"rapl_power_draw_absolute":86.6065267163,"rapl_estimated_attributable_power_draw":19.7041885753,"cpu_time_seconds":{"1776":{"user":335.18,"system":3.15,"children_user":0.06,"children_system":0.18},"1880":{"user":3.53,"system":7.92,"children_user":0.36,"children_system":6.84}},"average_relative_cpu_utilization":0.2378572543,"absolute_cpu_utilization":1.0037770215,"relative_mem_usage":0.1501127715,"absolute_mem_usage":3644849152.0,"absolute_mem_percent_usage":0.0269790998,"mem_info_per_process":{"1776":{"rss":3651072000,"vms":11946520576,"shared":565309440,"text":2322432,"lib":0,"data":10218717184,"dirty":0,"uss":100597760,"pss":1780899840,"swap":0},"1880":{"rss":3267026944,"vms":11946520576,"shared":181088256,"text":2322432,"lib":0,"data":10218717184,"dirty":0,"uss":90849280,"pss":1672502272,"swap":0}},"nvidia_draw_absolute":112.44,"nvidia_estimated_attributable_power_draw":112.44,"average_gpu_estimated_utilization_absolute":0.83,"per_gpu_average_estimated_utilization_absolute":{"(0, 1776)":{"sm":83,"mem":24,"enc":0,"dec":0}},"average_gpu_estimated_utilization_relative":1.0,"per_gpu_performance_state":{"0":"P2"},"per_gpu_power_draw":{"0":112.44},"cpu_count_adjusted_average_load":[0.175625,0.17375,0.165625],"realtime_carbon_intensity":336.2887618705,"disk_write_speed":33.416316467,"process_ids":[1776,1880]}
{"timestamp":1572416669.8662490845,"rapl_power_draw_absolute":86.5097688238,"rapl_estimated_attributable_power_draw":19.813345401,"cpu_time_seconds":{"1776":{"user":343.16,"system":3.16,"children_user":0.06,"children_system":0.18},"1880":{"user":3.64,"system":8.1,"children_user":0.37,"children_system":7.01}},"average_relative_cpu_utilization":0.2398457282,"absolute_cpu_utilization":1.003789987,"relative_mem_usage":0.1500698357,"absolute_mem_usage":3644861440.0,"absolute_mem_percent_usage":0.0269791908,"mem_info_per_process":{"1776":{"rss":3651072000,"vms":11946520576,"shared":565309440,"text":2322432,"lib":0,"data":10218717184,"dirty":0,"uss":100601856,"pss":1780901888,"swap":0},"1880":{"rss":3267026944,"vms":11946520576,"shared":181088256,"text":2322432,"lib":0,"data":10218717184,"dirty":0,"uss":90853376,"pss":1672504320,"swap":0}},"nvidia_draw_absolute":112.41,"nvidia_estimated_attributable_power_draw":112.41,"average_gpu_estimated_utilization_absolute":0.8375,"per_gpu_average_estimated_utilization_absolute":{"(0, 1776)":{"sm":83.75,"mem":24.25,"enc":0.0,"dec":0.0}},"average_gpu_estimated_utilization_relative":1.0,"per_gpu_performance_state":{"0":"P2"},"per_gpu_power_draw":{"0":112.41},"cpu_count_adjusted_average_load":[0.1728125,0.173125,0.165625],"realtime_carbon_intensity":336.2887618705,"disk_write_speed":38.7792360286,"process_ids":[1776,1880]}
{"timestamp":1572416677.8707931042,"rapl_power_draw_absolute":86.6254850532,"rapl_estimated_attributable_power_draw":19.6657816919,"cpu_time_seconds":{"1776":{"user":351.16,"system":3.16,"children_user":0.06,"children_system":0.18},"1880":{"user":3.75,"system":8.32,"children_user":0.37,"children_system":7.19}},"average_relative_cpu_utilization":0.2375147323,"absolute_cpu_utilization":0.9987753205,"relative_mem_usage":0.1500671287,"absolute_mem_usage":3644809216.0,"absolute_mem_percent_usage":0.0269788042,"mem_info_per_process":{"1776":{"rss":3651072000,"vms":11946520576,"shared":565309440,"text":2322432,"lib":0,"data":10218717184,"dirty":0,"uss":100610048,"pss":1780831232,"swap":0},"1880":{"rss":3267026944,"vms":11946520576,"shared":181088256,"text":2322432,"lib":0,"data":10218717184,"dirty":0,"uss":90861568,"pss":1672506368,"swap":0}},"nvidia_draw_absolute":112.64,"nvidia_estimated_attributable_power_draw":112.64,"average_gpu_estimated_utilization_absolute":0.8375,"per_gpu_average_estimated_utilization_absolute":{"(0, 1776)":{"sm":83.75,"mem":24.5,"enc":0.0,"dec":0.0}},"average_gpu_estimated_utilization_relative":1.0,"per_gpu_performance_state":{"0":"P2"},"per_gpu_power_draw":{"0":112.64},"cpu_count_adjusted_average_load":[0.17,0.1725,0.165625],"realtime_carbon_intensity":336.2887618705,"disk_write_speed":29.1214865184,"process_ids":[1776,1880]}
{"timestamp":1572416685.9218649864,"rapl_power_draw_absolute":86.500292666,"rapl_estimated_attributable_power_draw":19.7060183587,"cpu_time_seconds":{"1776":{"user":359.21,"system":3.16,"children_user":0.06,"children_system":0.18},"1880":{"user":3.85,"system":8.51,"children_user":0.38,"children_system":7.36}},"average_relative_cpu_utilization":0.2383659659,"absolute_cpu_utilization":0.9987953306,"relative_mem_usage":0.1500336285,"absolute_mem_usage":3644812288.0,"absolute_mem_percent_usage":0.0269788269,"mem_info_per_process":{"1776":{"rss":3651072000,"vms":11946520576,"shared":565309440,"text":2322432,"lib":0,"data":10218717184,"dirty":0,"uss":100610048,"pss":1780905984,"swap":0},"1880":{"rss":3267026944,"vms":11946520576,"shared":181088256,"text":2322432,"lib":0,"data":10218717184,"dirty":0,"uss":90861568,"pss":1672434688,"swap":0}},"nvidia_draw_absolute":109.45,"nvidia_estimated_attributable_power_draw":109.45,"average_gpu_estimated_utilization_absolute":0.816,"per_gpu_average_estimated_utilization_absolute":{"(0, 1776)":{"sm":81.6,"mem":23.6,"enc":0.0,"dec":0.0}},"average_gpu_estimated_utilization_relative":1.0,"per_gpu_performance_state":{"0":"P2"},"per_gpu_power_draw":{"0":109.45},"cpu_count_adjusted_average_load":[0.1740625,0.1734375,0.1659375],"realtime_carbon_intensity":336.2887618705,"disk_write_speed":41.2489189065,"process_ids":[1776,1880]}
{"timestamp":1572416693.9018099308,"rapl_power_draw_absolute":82.4826071128,"rapl_estimated_attributable_power_draw":23.7384705941,"cpu_time_seconds":{"1776":{"user":367.18,"system":3.17,"children_user":0.06,"children_system":0.18},"1880":{"user":3.97,"system":8.72,"children_user":0.38,"children_system":7.53}},"average_relative_cpu_utilization":0.3034735355,"absolute_cpu_utilization":0.9995360237,"relative_mem_usage":0.1767259669,"absolute_mem_usage":3683134464.0,"absolute_mem_percent_usage":0.0272624869,"mem_info_per_process":{"1776":{"rss":3651072000,"vms":11946520576,"shared":565309440,"text":2322432,"lib":0,"data":10218717184,"dirty":0,"uss":103448576,"pss":1815589888,"swap":0},"1880":{"rss":3267026944,"vms":11946520576,"shared":181088256,"text":2322432,"lib":0,"data":10218717184,"dirty":0,"uss":90873856,"pss":1673222144,"swap":0}},"nvidia_draw_absolute":109.89,"nvidia_estimated_attributable_power_draw":109.89,"average_gpu_estimated_utilization_absolute":0.83,"per_gpu_average_estimated_utilization_absolute":{"(0, 1776)":{"sm":83,"mem":24,"enc":0,"dec":0}},"average_gpu_estimated_utilization_relative":1.0,"per_gpu_performance_state":{"0":"P2"},"per_gpu_power_draw":{"0":109.89},"cpu_count_adjusted_average_load":[0.1665625,0.171875,0.1653125],"realtime_carbon_intensity":336.2887618705,"disk_write_speed":23.5359478438,"process_ids":[1776,1880]}
{"timestamp":1572416702.2611720562,"rapl_power_draw_absolute":84.2925154284,"rapl_estimated_attributable_power_draw":22.9814546922,"cpu_time_seconds":{"1776":{"user":375.54,"system":3.18,"children_user":0.06,"children_system":0.18},"1880":{"user":4.05,"system":8.93,"children_user":0.4,"children_system":7.69}},"average_relative_cpu_utilization":0.2854936224,"absolute_cpu_utilization":1.0037771989,"relative_mem_usage":0.1759338599,"absolute_mem_usage":3675180032.0,"absolute_mem_percent_usage":0.0272036084,"mem_info_per_process":{"1776":{"rss":3651072000,"vms":11946520576,"shared":565309440,"text":2322432,"lib":0,"data":10218717184,"dirty":0,"uss":103325696,"pss":1808013312,"swap":0},"1880":{"rss":3267026944,"vms":11946520576,"shared":181088256,"text":2322432,"lib":0,"data":10218717184,"dirty":0,"uss":90873856,"pss":1672967168,"swap":0}},"nvidia_draw_absolute":93.88,"nvidia_estimated_attributable_power_draw":93.88,"average_gpu_estimated_utilization_absolute":0.83,"per_gpu_average_estimated_utilization_absolute":{"(0, 1776)":{"sm":83,"mem":24,"enc":0,"dec":0}},"average_gpu_estimated_utilization_relative":1.0,"per_gpu_performance_state":{"0":"P2"},"per_gpu_power_draw":{"0":93.88},"cpu_count_adjusted_average_load":[0.1825,0.175,0.1665625],"realtime_carbon_intensity":336.2887618705,"disk_write_speed":25.6305532483,"process_ids":[1776,1880]}
{"timestamp":1572416711.0933170319,"rapl_power_draw_absolute":86.9760390312,"rapl_estimated_attributable_power_draw":20.2809962724,"cpu_time_seconds":{"1776":{"user":384.36,"system":3.19,"children_user":0.06,"children_system":0.18},"1880":{"user":4.13,"system":9.14,"children_user":0.4,"children_system":7.88}},"average_relative_cpu_utilization":0.2438788485,"absolute_cpu_utilization":0.9987066058,"relative_mem_usage":0.1552924519,"absolute_mem_usage":3656516608.0,"absolute_mem_percent_usage":0.0270654621,"mem_info_per_process":{"1776":{"rss":3651072000,"vms":11946520576,"shared":565309440,"text":2322432,"lib":0,"data":10218717184,"dirty":0,"uss":102313984,"pss":1790455808,"swap":0},"1880":{"rss":3267026944,"vms":11946520576,"shared":181088256,"text":2322432,"lib":0,"data":10218717184,"dirty":0,"uss":90869760,"pss":1672877056,"swap":0}},"nvidia_draw_absolute":111.47,"nvidia_estimated_attributable_power_draw":111.47,"average_gpu_estimated_utilization_absolute":0.83,"per_gpu_average_estimated_utilization_absolute":{"(0, 1776)":{"sm":83,"mem":24,"enc":0,"dec":0}},"average_gpu_estimated_utilization_relative":1.0,"per_gpu_performance_state":{"0":"P2"},"per_gpu_power_draw":{"0":111.47},"cpu_count_adjusted_average_load":[0.1828125,0.175,0.1665625],"realtime_carbon_intensity":336.2887618705,"disk_write_speed":39.494890001,"process_ids":[1776,1880]}
{"timestamp":1572416719.0781331062,"rapl_power_draw_absolute":86.6899598883,"rapl_estimated_attributable_power_draw":19.969220667,"cpu_time_seconds":{"1776":{"user":392.34,"system":3.19,"children_user":0.06,"children_system":0.18},"1880":{"user":4.26,"system":9.33,"children_user":0.42,"children_system":8.04}},"average_relative_cpu_utilization":0.2412402682,"absolute_cpu_utilization":0.9987970141,"relative_mem_usage":0.150495518,"absolute_mem_usage":3647750144.0,"absolute_mem_percent_usage":0.0270005729,"mem_info_per_process":{"1776":{"rss":3651072000,"vms":11946520576,"shared":565309440,"text":2322432,"lib":0,"data":10218717184,"dirty":0,"uss":101785600,"pss":1782392832,"swap":0},"1880":{"rss":3267026944,"vms":11946520576,"shared":181088256,"text":2322432,"lib":0,"data":10218717184,"dirty":0,"uss":90873856,"pss":1672697856,"swap":0}},"nvidia_draw_absolute":110.89,"nvidia_estimated_attributable_power_draw":110.89,"average_gpu_estimated_utilization_absolute":0.83,"per_gpu_average_estimated_utilization_absolute":{"(0, 1776)":{"sm":83,"mem":24,"enc":0,"dec":0}},"average_gpu_estimated_utilization_relative":1.0,"per_gpu_performance_state":{"0":"P2"},"per_gpu_power_draw":{"0":110.89},"cpu_count_adjusted_average_load":[0.18125,0.175,0.1665625],"realtime_carbon_intensity":336.2887618705,"disk_write_speed":29.8129610403,"process_ids":[1776,1880]}
