{"timestamp":1572412103.5840981007,"rapl_power_draw_absolute":89.3375287594,"rapl_estimated_attributable_power_draw":19.1081525853,"cpu_time_seconds":{"9042":{"user":13.94,"system":4.44,"children_user":1.05,"children_system":0.24},"9301":{"user":0.0,"system":0.04,"children_user":0.0,"children_system":0.04}},"average_relative_cpu_utilization":0.2219623218,"absolute_cpu_utilization":0.9987227172,"relative_mem_usage":0.1454538999,"absolute_mem_usage":3481647104.0,"absolute_mem_percent_usage":0.0257710816,"mem_info_per_process":{"9042":{"rss":3649581056,"vms":11981447168,"shared":565936128,"text":2322432,"lib":0,"data":10253643776,"dirty":0,"uss":35303424,"pss":1779283968,"swap":0},"9301":{"rss":3257516032,"vms":11981447168,"shared":173862912,"text":2322432,"lib":0,"data":10253643776,"dirty":0,"uss":27926528,"pss":1639133184,"swap":0}},"nvidia_draw_absolute":173.76,"nvidia_estimated_attributable_power_draw":173.76,"average_gpu_estimated_utilization_absolute":0.99,"per_gpu_average_estimated_utilization_absolute":{"(0, 9042)":{"sm":99,"mem":68,"enc":0,"dec":0}},"average_gpu_estimated_utilization_relative":1.0,"per_gpu_performance_state":{"0":"P2"},"per_gpu_power_draw":{"0":173.76},"cpu_count_adjusted_average_load":[0.1834375,0.1640625,0.159375],"realtime_carbon_intensity":336.704610597,"disk_write_speed":33.9450799673,"process_ids":[9042,9301]}
{"timestamp":1572412111.7356259823,"rapl_power_draw_absolute":89.069139506,"rapl_estimated_attributable_power_draw":19.4504042221,"cpu_time_seconds":{"9042":{"user":20.56,"system":5.97,"children_user":1.05,"children_system":0.24},"9301":{"user":0.14,"system":0.3,"children_user":0.02,"children_system":0.22}},"average_relative_cpu_utilization":0.2267499158,"absolute_cpu_utilization":0.998777998,"relative_mem_usage":0.1466293203,"absolute_mem_usage":3510956032.0,"absolute_mem_percent_usage":0.0259880256,"mem_info_per_process":{"9042":{"rss":3649581056,"vms":11981447168,"shared":565936128,"text":2322432,"lib":0,"data":10253643776,"dirty":0,"uss":45051904,"pss":1783979008,"swap":0},"9301":{"rss":3264008192,"vms":11981447168,"shared":180342784,"text":2322432,"lib":0,"data":10253643776,"dirty":0,"uss":37003264,"pss":1644921856,"swap":0}},"nvidia_draw_absolute":176.08,"nvidia_estimated_attributable_power_draw":176.08,"average_gpu_estimated_utilization_absolute":0.985,"per_gpu_average_estimated_utilization_absolute":{"(0, 9042)":{"sm":98.5,"mem":68.5,"enc":0.0,"dec":0.0}},"average_gpu_estimated_utilization_relative":1.0,"per_gpu_performance_state":{"0":"P2"},"per_gpu_power_draw":{"0":176.08},"cpu_count_adjusted_average_load":[0.18125,0.16375,0.159375],"realtime_carbon_intensity":336.704610597,"disk_write_speed":25.2796329073,"process_ids":[9042,9301]}
{"timestamp":1572412119.9779350758,"rapl_power_draw_absolute":89.0926481113,"rapl_estimated_attributable_power_draw":19.6650960242,"cpu_time_seconds":{"9042":{"user":27.26,"system":7.52,"children_user":1.05,"children_system":0.24},"9301":{"user":0.25,"system":0.6,"children_user":0.04,"children_system":0.41}},"average_relative_cpu_utilization":0.2294425261,"absolute_cpu_utilization":1.0045999028,"relative_mem_usage":0.146669199,"absolute_mem_usage":3511852032.0,"absolute_mem_percent_usage":0.0259946578,"mem_info_per_process":{"9042":{"rss":3649581056,"vms":11981447168,"shared":565936128,"text":2322432,"lib":0,"data":10253643776,"dirty":0,"uss":45588480,"pss":1784244224,"swap":0},"9301":{"rss":3264077824,"vms":11981447168,"shared":180408320,"text":2322432,"lib":0,"data":10253643776,"dirty":0,"uss":37056512,"pss":1644962816,"swap":0}},"nvidia_draw_absolute":178.25,"nvidia_estimated_attributable_power_draw":178.25,"average_gpu_estimated_utilization_absolute":0.99,"per_gpu_average_estimated_utilization_absolute":{"(0, 9042)":{"sm":99.0,"mem":68.5,"enc":0.0,"dec":0.0}},"average_gpu_estimated_utilization_relative":1.0,"per_gpu_performance_state":{"0":"P2"},"per_gpu_power_draw":{"0":178.25},"cpu_count_adjusted_average_load":[0.1825,0.1646875,0.1596875],"realtime_carbon_intensity":336.704610597,"disk_write_speed":29.9812291365,"process_ids":[9042,9301]}
{"timestamp":1572412128.0956840515,"rapl_power_draw_absolute":89.098594494,"rapl_estimated_attributable_power_draw":19.3677601917,"cpu_time_seconds":{"9042":{"user":33.81,"system":9.08,"children_user":1.05,"children_system":0.24},"9301":{"user":0.36,"system":0.9,"children_user":0.05,"children_system":0.61}},"average_relative_cpu_utilization":0.2256174938,"absolute_cpu_utilization":0.9938053013,"relative_mem_usage":0.1466591614,"absolute_mem_usage":3511876608.0,"absolute_mem_percent_usage":0.0259948397,"mem_info_per_process":{"9042":{"rss":3649581056,"vms":11981447168,"shared":565936128,"text":2322432,"lib":0,"data":10253643776,"dirty":0,"uss":45596672,"pss":1784248320,"swap":0},"9301":{"rss":3264077824,"vms":11981447168,"shared":180408320,"text":2322432,"lib":0,"data":10253643776,"dirty":0,"uss":37064704,"pss":1644966912,"swap":0}},"nvidia_draw_absolute":180.29,"nvidia_estimated_attributable_power_draw":180.29,"average_gpu_estimated_utilization_absolute":0.99,"per_gpu_average_estimated_utilization_absolute":{"(0, 9042)":{"sm":99.0,"mem":68.5,"enc":0.0,"dec":0.0}},"average_gpu_estimated_utilization_relative":1.0,"per_gpu_performance_state":{"0":"P2"},"per_gpu_power_draw":{"0":180.29},"cpu_count_adjusted_average_load":[0.1778125,0.1640625,0.1596875],"realtime_carbon_intensity":336.704610597,"disk_write_speed":22.7842542554,"process_ids":[9042,9301]}
{"timestamp":1572412136.218722105,"rapl_power_draw_absolute":89.0791290624,"rapl_estimated_attributable_power_draw":19.6072106343,"cpu_time_seconds":{"9042":{"user":40.38,"system":10.64,"children_user":1.05,"children_system":0.24},"9301":{"user":0.45,"system":1.16,"children_user":0.06,"children_system":0.8}},"average_relative_cpu_utilization":0.2286555776,"absolute_cpu_utilization":1.0037692401,"relative_mem_usage":0.1466620328,"absolute_mem_usage":3511888896.0,"absolute_mem_percent_usage":0.0259949307,"mem_info_per_process":{"9042":{"rss":3649581056,"vms":11981447168,"shared":565936128,"text":2322432,"lib":0,"data":10253643776,"dirty":0,"uss":45600768,"pss":1784250368,"swap":0},"9301":{"rss":3264077824,"vms":11981447168,"shared":180408320,"text":2322432,"lib":0,"data":10253643776,"dirty":0,"uss":37068800,"pss":1644968960,"swap":0}},"nvidia_draw_absolute":180.76,"nvidia_estimated_attributable_power_draw":180.76,"average_gpu_estimated_utilization_absolute":0.99,"per_gpu_average_estimated_utilization_absolute":{"(0, 9042)":{"sm":99,"mem":68,"enc":0,"dec":0}},"average_gpu_estimated_utilization_relative":1.0,"per_gpu_performance_state":{"0":"P2"},"per_gpu_power_draw":{"0":180.76},"cpu_count_adjusted_average_load":[0.1815625,0.1653125,0.16],"realtime_carbon_intensity":336.704610597,"disk_write_speed":42.8486556521,"process_ids":[9042,9301]}
{"timestamp":1572412144.3840689659,"rapl_power_draw_absolute":88.8519534088,"rapl_estimated_attributable_power_draw":19.7185158455,"cpu_time_seconds":{"9042":{"user":46.97,"system":12.22,"children_user":1.05,"children_system":0.24},"9301":{"user":0.59,"system":1.45,"children_user":0.08,"children_system":1.0}},"average_relative_cpu_utilization":0.2306721978,"absolute_cpu_utilization":0.9987917202,"relative_mem_usage":0.1466509314,"absolute_mem_usage":3511901184.0,"absolute_mem_percent_usage":0.0259950216,"mem_info_per_process":{"9042":{"rss":3649581056,"vms":11981447168,"shared":565936128,"text":2322432,"lib":0,"data":10253643776,"dirty":0,"uss":45604864,"pss":1784252416,"swap":0},"9301":{"rss":3264077824,"vms":11981447168,"shared":180408320,"text":2322432,"lib":0,"data":10253643776,"dirty":0,"uss":37072896,"pss":1644971008,"swap":0}},"nvidia_draw_absolute":182.64,"nvidia_estimated_attributable_power_draw":182.64,"average_gpu_estimated_utilization_absolute":0.99,"per_gpu_average_estimated_utilization_absolute":{"(0, 9042)":{"sm":99,"mem":69,"enc":0,"dec":0}},"average_gpu_estimated_utilization_relative":1.0,"per_gpu_performance_state":{"0":"P2"},"per_gpu_power_draw":{"0":182.64},"cpu_count_adjusted_average_load":[0.1871875,0.1671875,0.160625],"realtime_carbon_intensity":336.704610597,"disk_write_speed":41.3742621082,"process_ids":[9042,9301]}
{"timestamp":1572412152.513808012,"rapl_power_draw_absolute":88.9093541297,"rapl_estimated_attributable_power_draw":19.7610244298,"cpu_time_seconds":{"9042":{"user":53.52,"system":13.8,"children_user":1.05,"children_system":0.24},"9301":{"user":0.72,"system":1.76,"children_user":0.08,"children_system":1.2}},"average_relative_cpu_utilization":0.2310250087,"absolute_cpu_utilization":1.0037632309,"relative_mem_usage":0.1466519827,"absolute_mem_usage":3511925760.0,"absolute_mem_percent_usage":0.0259952036,"mem_info_per_process":{"9042":{"rss":3649581056,"vms":11981447168,"shared":565936128,"text":2322432,"lib":0,"data":10253643776,"dirty":0,"uss":45613056,"pss":1784256512,"swap":0},"9301":{"rss":3264077824,"vms":11981447168,"shared":180408320,"text":2322432,"lib":0,"data":10253643776,"dirty":0,"uss":37081088,"pss":1644975104,"swap":0}},"nvidia_draw_absolute":185.63,"nvidia_estimated_attributable_power_draw":185.63,"average_gpu_estimated_utilization_absolute":0.99,"per_gpu_average_estimated_utilization_absolute":{"(0, 9042)":{"sm":99.0,"mem":68.5,"enc":0.0,"dec":0.0}},"average_gpu_estimated_utilization_relative":1.0,"per_gpu_performance_state":{"0":"P2"},"per_gpu_power_draw":{"0":185.63},"cpu_count_adjusted_average_load":[0.1921875,0.1684375,0.16125],"realtime_carbon_intensity":336.704610597,"disk_write_speed":26.838220897,"process_ids":[9042,9301]}
{"timestamp":1572412160.6209290028,"rapl_power_draw_absolute":89.1559742854,"rapl_estimated_attributable_power_draw":19.6505928653,"cpu_time_seconds":{"9042":{"user":59.96,"system":15.47,"children_user":1.05,"children_system":0.24},"9301":{"user":0.8,"system":2.04,"children_user":0.09,"children_system":1.4}},"average_relative_cpu_utilization":0.2289247775,"absolute_cpu_utilization":1.0037841924,"relative_mem_usage":0.1466622404,"absolute_mem_usage":3511950336.0,"absolute_mem_percent_usage":0.0259953855,"mem_info_per_process":{"9042":{"rss":3649581056,"vms":11981447168,"shared":565936128,"text":2322432,"lib":0,"data":10253643776,"dirty":0,"uss":45621248,"pss":1784260608,"swap":0},"9301":{"rss":3264077824,"vms":11981447168,"shared":180408320,"text":2322432,"lib":0,"data":10253643776,"dirty":0,"uss":37089280,"pss":1644979200,"swap":0}},"nvidia_draw_absolute":187.06,"nvidia_estimated_attributable_power_draw":187.06,"average_gpu_estimated_utilization_absolute":0.99,"per_gpu_average_estimated_utilization_absolute":{"(0, 9042)":{"sm":99,"mem":68,"enc":0,"dec":0}},"average_gpu_estimated_utilization_relative":1.0,"per_gpu_performance_state":{"0":"P2"},"per_gpu_power_draw":{"0":187.06},"cpu_count_adjusted_average_load":[0.19125,0.1690625,0.1615625],"realtime_carbon_intensity":336.704610597,"disk_write_speed":23.811779088,"process_ids":[9042,9301]}
{"timestamp":1572412168.7137589455,"rapl_power_draw_absolute":89.3337824291,"rapl_estimated_attributable_power_draw":19.7273643205,"cpu_time_seconds":{"9042":{"user":66.6,"system":16.92,"children_user":1.05,"children_system":0.24},"9301":{"user":0.89,"system":2.32,"children_user":0.09,"children_system":1.61}},"average_relative_cpu_utilization":0.2294426203,"absolute_cpu_utilization":1.0037810899,"relative_mem_usage":0.1466648335,"absolute_mem_usage":3511987200.0,"absolute_mem_percent_usage":0.0259956583,"mem_info_per_process":{"9042":{"rss":3649581056,"vms":11981447168,"shared":565936128,"text":2322432,"lib":0,"data":10253643776,"dirty":0,"uss":45633536,"pss":1784266752,"swap":0},"9301":{"rss":3264077824,"vms":11981447168,"shared":180408320,"text":2322432,"lib":0,"data":10253643776,"dirty":0,"uss":37101568,"pss":1644985344,"swap":0}},"nvidia_draw_absolute":188.96,"nvidia_estimated_attributable_power_draw":188.96,"average_gpu_estimated_utilization_absolute":0.99,"per_gpu_average_estimated_utilization_absolute":{"(0, 9042)":{"sm":99.0,"mem":68.5,"enc":0.0,"dec":0.0}},"average_gpu_estimated_utilization_relative":1.0,"per_gpu_performance_state":{"0":"P2"},"per_gpu_power_draw":{"0":188.96},"cpu_count_adjusted_average_load":[0.1859375,0.16875,0.16125],"realtime_carbon_intensity":336.704610597,"disk_write_speed":37.9409009723,"process_ids":[9042,9301]}
{"timestamp":1572412176.8581299782,"rapl_power_draw_absolute":89.0944436516,"rapl_estimated_attributable_power_draw":19.6656789456,"cpu_time_seconds":{"9042":{"user":73.22,"system":18.45,"children_user":1.05,"children_system":0.24},"9301":{"user":1.01,"system":2.63,"children_user":0.1,"children_system":1.8}},"average_relative_cpu_utilization":0.2294417437,"absolute_cpu_utilization":1.0037950441,"relative_mem_usage":0.146653846,"absolute_mem_usage":3511987200.0,"absolute_mem_percent_usage":0.0259956583,"mem_info_per_process":{"9042":{"rss":3649581056,"vms":11981447168,"shared":565936128,"text":2322432,"lib":0,"data":10253643776,"dirty":0,"uss":45633536,"pss":1784266752,"swap":0},"9301":{"rss":3264077824,"vms":11981447168,"shared":180408320,"text":2322432,"lib":0,"data":10253643776,"dirty":0,"uss":37101568,"pss":1644985344,"swap":0}},"nvidia_draw_absolute":188.8,"nvidia_estimated_attributable_power_draw":188.8,"average_gpu_estimated_utilization_absolute":0.985,"per_gpu_average_estimated_utilization_absolute":{"(0, 9042)":{"sm":98.5,"mem":68.5,"enc":0.0,"dec":0.0}},"average_gpu_estimated_utilization_relative":1.0,"per_gpu_performance_state":{"0":"P2"},"per_gpu_power_draw":{"0":188.8},"cpu_count_adjusted_average_load":[0.18125,0.1678125,0.16125],"realtime_carbon_intensity":336.704610597,"disk_write_speed":29.5362843691,"process_ids":[9042,9301]}
{"timestamp":1572412184.993573904,"rapl_power_draw_absolute":84.6562975729,"rapl_estimated_attributable_power_draw":24.6044876654,"cpu_time_seconds":{"9042":{"user":79.8,"system":20.01,"children_user":1.05,"children_system":0.24},"9301":{"user":1.1,"system":2.94,"children_user":0.1,"children_system":2.0}},"average_relative_cpu_utilization":0.3049989626,"absolute_cpu_utilization":1.003769987,"relative_mem_usage":0.1735946468,"absolute_mem_usage":3571615744.0,"absolute_mem_percent_usage":0.0264370276,"mem_info_per_process":{"9042":{"rss":3649581056,"vms":11981447168,"shared":565936128,"text":2322432,"lib":0,"data":10253643776,"dirty":0,"uss":46145536,"pss":1842068480,"swap":0},"9301":{"rss":3264077824,"vms":11981447168,"shared":180408320,"text":2322432,"lib":0,"data":10253643776,"dirty":0,"uss":37105664,"pss":1646296064,"swap":0}},"nvidia_draw_absolute":190.68,"nvidia_estimated_attributable_power_draw":190.68,"average_gpu_estimated_utilization_absolute":0.99,"per_gpu_average_estimated_utilization_absolute":{"(0, 9042)":{"sm":99.0,"mem":68.5,"enc":0.0,"dec":0.0}},"average_gpu_estimated_utilization_relative":1.0,"per_gpu_performance_state":{"0":"P2"},"per_gpu_power_draw":{"0":190.68},"cpu_count_adjusted_average_load":[0.1771875,0.1675,0.16125],"realtime_carbon_intensity":336.704610597,"disk_write_speed":34.5333054008,"process_ids":[9042,9301]}
{"timestamp":1572412194.3921449184,"rapl_power_draw_absolute":86.379785122,"rapl_estimated_attributable_power_draw":22.1334309956,"cpu_time_seconds":{"9042":{"user":87.48,"system":21.72,"children_user":1.05,"children_system":0.24},"9301":{"user":1.22,"system":3.2,"children_user":0.1,"children_system":2.2}},"average_relative_cpu_utilization":0.2666566296,"absolute_cpu_utilization":0.9987623197,"relative_mem_usage":0.1721963866,"absolute_mem_usage":3556150272.0,"absolute_mem_percent_usage":0.0263225525,"mem_info_per_process":{"9042":{"rss":3649581056,"vms":11981447168,"shared":565936128,"text":2322432,"lib":0,"data":10253643776,"dirty":0,"uss":45977600,"pss":1827292160,"swap":0},"9301":{"rss":3264077824,"vms":11981447168,"shared":180408320,"text":2322432,"lib":0,"data":10253643776,"dirty":0,"uss":37109760,"pss":1645770752,"swap":0}},"nvidia_draw_absolute":191.7,"nvidia_estimated_attributable_power_draw":191.7,"average_gpu_estimated_utilization_absolute":0.99,"per_gpu_average_estimated_utilization_absolute":{"(0, 9042)":{"sm":99.0,"mem":68.5,"enc":0.0,"dec":0.0}},"average_gpu_estimated_utilization_relative":1.0,"per_gpu_performance_state":{"0":"P2"},"per_gpu_power_draw":{"0":191.7},"cpu_count_adjusted_average_load":[0.171875,0.1665625,0.1609375],"realtime_carbon_intensity":336.704610597,"disk_write_speed":27.8418691144,"process_ids":[9042,9301]}
{"timestamp":1572412204.7839040756,"rapl_power_draw_absolute":89.8910190839,"rapl_estimated_attributable_power_draw":19.3347407576,"cpu_time_seconds":{"9042":{"user":95.94,"system":23.66,"children_user":1.05,"children_system":0.24},"9301":{"user":1.3,"system":3.52,"children_user":0.12,"children_system":2.38}},"average_relative_cpu_utilization":0.2206290214,"absolute_cpu_utilization":1.003766045,"relative_mem_usage":0.1672421831,"absolute_mem_usage":3554266112.0,"absolute_mem_percent_usage":0.026308606,"mem_info_per_process":{"9042":{"rss":3649581056,"vms":11981447168,"shared":565936128,"text":2322432,"lib":0,"data":10253643776,"dirty":0,"uss":45969408,"pss":1825601536,"swap":0},"9301":{"rss":3264077824,"vms":11981447168,"shared":180408320,"text":2322432,"lib":0,"data":10253643776,"dirty":0,"uss":37113856,"pss":1645581312,"swap":0}},"nvidia_draw_absolute":192.87,"nvidia_estimated_attributable_power_draw":192.87,"average_gpu_estimated_utilization_absolute":0.985,"per_gpu_average_estimated_utilization_absolute":{"(0, 9042)":{"sm":98.5,"mem":68.5,"enc":0.0,"dec":0.0}},"average_gpu_estimated_utilization_relative":1.0,"per_gpu_performance_state":{"0":"P2"},"per_gpu_power_draw":{"0":192.87},"cpu_count_adjusted_average_load":[0.18375,0.169375,0.161875],"realtime_carbon_intensity":336.704610597,"disk_write_speed":25.8172121212,"process_ids":[9042,9301]}
{"timestamp":1572412213.4197049141,"rapl_power_draw_absolute":89.3513849185,"rapl_estimated_attributable_power_draw":19.7361238581,"cpu_time_seconds":{"9042":{"user":103.02,"system":25.22,"children_user":1.05,"children_system":0.24},"9301":{"user":1.39,"system":3.79,"children_user":0.13,"children_system":2.58}},"average_relative_cpu_utilization":0.2304073967,"absolute_cpu_utilization":0.9987874354,"relative_mem_usage":0.147095412,"absolute_mem_usage":3511347200.0,"absolute_mem_percent_usage":0.0259909211,"mem_info_per_process":{"9042":{"rss":3649581056,"vms":11981447168,"shared":565936128,"text":2322432,"lib":0,"data":10253643776,"dirty":0,"uss":45838336,"pss":1782812672,"swap":0},"9301":{"rss":3264077824,"vms":11981447168,"shared":180408320,"text":2322432,"lib":0,"data":10253643776,"dirty":0,"uss":37122048,"pss":1645574144,"swap":0}},"nvidia_draw_absolute":192.87,"nvidia_estimated_attributable_power_draw":192.87,"average_gpu_estimated_utilization_absolute":0.99,"per_gpu_average_estimated_utilization_absolute":{"(0, 9042)":{"sm":99.0,"mem":68.5,"enc":0.0,"dec":0.0}},"average_gpu_estimated_utilization_relative":1.0,"per_gpu_performance_state":{"0":"P2"},"per_gpu_power_draw":{"0":192.87},"cpu_count_adjusted_average_load":[0.1840625,0.17,0.1621875],"realtime_carbon_intensity":336.704610597,"disk_write_speed":33.7262214688,"process_ids":[9042,9301]}
{"timestamp":1572412221.5146949291,"rapl_power_draw_absolute":88.8673985454,"rapl_estimated_attributable_power_draw":19.5934573224,"cpu_time_seconds":{"9042":{"user":109.55,"system":26.78,"children_user":1.05,"children_system":0.24},"9301":{"user":1.51,"system":4.06,"children_user":0.15,"children_system":2.76}},"average_relative_cpu_utilization":0.22908124,"absolute_cpu_utilization":0.9987716322,"relative_mem_usage":0.1465819727,"absolute_mem_usage":3510685696.0,"absolute_mem_percent_usage":0.0259860246,"mem_info_per_process":{"9042":{"rss":3649581056,"vms":11981447168,"shared":565936128,"text":2322432,"lib":0,"data":10253643776,"dirty":0,"uss":45846528,"pss":1782435840,"swap":0},"9301":{"rss":3264077824,"vms":11981447168,"shared":180408320,"text":2322432,"lib":0,"data":10253643776,"dirty":0,"uss":37130240,"pss":1645273088,"swap":0}},"nvidia_draw_absolute":194.84,"nvidia_estimated_attributable_power_draw":194.84,"average_gpu_estimated_utilization_absolute":0.99,"per_gpu_average_estimated_utilization_absolute":{"(0, 9042)":{"sm":99.0,"mem":68.5,"enc":0.0,"dec":0.0}},"average_gpu_estimated_utilization_relative":1.0,"per_gpu_performance_state":{"0":"P2"},"per_gpu_power_draw":{"0":194.84},"cpu_count_adjusted_average_load":[0.179375,0.1690625,0.161875],"realtime_carbon_intensity":336.704610597,"disk_write_speed":25.4975152924,"process_ids":[9042,9301]}
{"timestamp":1572412229.6472380161,"rapl_power_draw_absolute":88.8891717813,"rapl_estimated_attributable_power_draw":19.5058721909,"cpu_time_seconds":{"9042":{"user":116.04,"system":28.42,"children_user":1.05,"children_system":0.24},"9301":{"user":1.6,"system":4.34,"children_user":0.15,"children_system":2.98}},"average_relative_cpu_utilization":0.2279353153,"absolute_cpu_utilization":0.9937950309,"relative_mem_usage":0.1465263903,"absolute_mem_usage":3510278144.0,"absolute_mem_percent_usage":0.0259830079,"mem_info_per_process":{"9042":{"rss":3649581056,"vms":11981447168,"shared":565936128,"text":2322432,"lib":0,"data":10253643776,"dirty":0,"uss":45846528,"pss":1782310912,"swap":0},"9301":{"rss":3264077824,"vms":11981447168,"shared":180408320,"text":2322432,"lib":0,"data":10253643776,"dirty":0,"uss":37130240,"pss":1644990464,"swap":0}},"nvidia_draw_absolute":194.79,"nvidia_estimated_attributable_power_draw":194.79,"average_gpu_estimated_utilization_absolute":0.99,"per_gpu_average_estimated_utilization_absolute":{"(0, 9042)":{"sm":99.0,"mem":68.5,"enc":0.0,"dec":0.0}},"average_gpu_estimated_utilization_relative":1.0,"per_gpu_performance_state":{"0":"P2"},"per_gpu_power_draw":{"0":194.79},"cpu_count_adjusted_average_load":[0.175625,0.16875,0.161875],"realtime_carbon_intensity":336.704610597,"disk_write_speed":1.0035910354,"process_ids":[9042,9301]}
{"timestamp":1572412238.2761440277,"rapl_power_draw_absolute":82.0527065356,"rapl_estimated_attributable_power_draw":22.0930033115,"cpu_time_seconds":{"9042":{"user":123.0,"system":30.1,"children_user":1.05,"children_system":0.24},"9301":{"user":1.64,"system":4.62,"children_user":0.15,"children_system":3.17}},"average_relative_cpu_utilization":0.2811043186,"absolute_cpu_utilization":1.0037843941,"relative_mem_usage":0.174265949,"absolute_mem_usage":3606812672.0,"absolute_mem_percent_usage":0.0266975546,"mem_info_per_process":{"9042":{"rss":3649581056,"vms":11981447168,"shared":565936128,"text":2322432,"lib":0,"data":10253643776,"dirty":0,"uss":69656576,"pss":1853477888,"swap":0},"9301":{"rss":3264077824,"vms":11981447168,"shared":180408320,"text":2322432,"lib":0,"data":10253643776,"dirty":0,"uss":37269504,"pss":1646408704,"swap":0}},"nvidia_draw_absolute":196.13,"nvidia_estimated_attributable_power_draw":196.13,"average_gpu_estimated_utilization_absolute":0.99,"per_gpu_average_estimated_utilization_absolute":{"(0, 9042)":{"sm":99.0,"mem":68.5,"enc":0.0,"dec":0.0}},"average_gpu_estimated_utilization_relative":1.0,"per_gpu_performance_state":{"0":"P2"},"per_gpu_power_draw":{"0":196.13},"cpu_count_adjusted_average_load":[0.175,0.16875,0.161875],"realtime_carbon_intensity":336.704610597,"disk_write_speed":34.9559480116,"process_ids":[9042,9301]}
