{"timestamp":1572412488.8158960342,"rapl_power_draw_absolute":79.1807437428,"rapl_estimated_attributable_power_draw":18.0665404879,"cpu_time_seconds":{"28473":{"user":10.96,"system":2.51,"children_user":1.05,"children_system":0.34},"28541":{"user":0.02,"system":0.04,"children_user":0.0,"children_system":0.07}},"average_relative_cpu_utilization":0.2276236799,"absolute_cpu_utilization":1.0037194919,"relative_mem_usage":0.2338627976,"absolute_mem_usage":3710228480.0,"absolute_mem_percent_usage":0.027462983,"mem_info_per_process":{"28473":{"rss":3648937984,"vms":11412668416,"shared":563986432,"text":2322432,"lib":0,"data":9684865024,"dirty":0,"uss":121446400,"pss":1824257024,"swap":0},"28541":{"rss":3258904576,"vms":11412668416,"shared":173797376,"text":2322432,"lib":0,"data":9684865024,"dirty":0,"uss":92356608,"pss":1672168448,"swap":0}},"nvidia_draw_absolute":50.32,"nvidia_estimated_attributable_power_draw":50.32,"average_gpu_estimated_utilization_absolute":0.1933333333,"per_gpu_average_estimated_utilization_absolute":{"(0, 28473)":{"sm":19.3333333333,"mem":0.3333333333,"enc":0.0,"dec":0.0}},"average_gpu_estimated_utilization_relative":1.0,"per_gpu_performance_state":{"0":"P2"},"per_gpu_power_draw":{"0":50.32},"cpu_count_adjusted_average_load":[0.14625,0.1575,0.1615625],"realtime_carbon_intensity":335.5704697987,"disk_write_speed":23.1989690094,"process_ids":[28473,28541]}
{"timestamp":1572412497.2318589687,"rapl_power_draw_absolute":79.5149101591,"rapl_estimated_attributable_power_draw":18.2476431165,"cpu_time_seconds":{"28473":{"user":19.37,"system":2.52,"children_user":1.05,"children_system":0.34},"28541":{"user":0.21,"system":0.4,"children_user":0.0,"children_system":0.37}},"average_relative_cpu_utilization":0.2289105359,"absolute_cpu_utilization":1.0036045328,"relative_mem_usage":0.2355859084,"absolute_mem_usage":3740149760.0,"absolute_mem_percent_usage":0.0276844593,"mem_info_per_process":{"28473":{"rss":3648937984,"vms":11412668416,"shared":563986432,"text":2322432,"lib":0,"data":9684865024,"dirty":0,"uss":130932736,"pss":1828807680,"swap":0},"28541":{"rss":3265617920,"vms":11412668416,"shared":180494336,"text":2322432,"lib":0,"data":9684865024,"dirty":0,"uss":102031360,"pss":1678377984,"swap":0}},"nvidia_draw_absolute":49.45,"nvidia_estimated_attributable_power_draw":49.45,"average_gpu_estimated_utilization_absolute":0.19,"per_gpu_average_estimated_utilization_absolute":{"(0, 28473)":{"sm":19.0,"mem":0.5,"enc":0.0,"dec":0.0}},"average_gpu_estimated_utilization_relative":1.0,"per_gpu_performance_state":{"0":"P2"},"per_gpu_power_draw":{"0":49.45},"cpu_count_adjusted_average_load":[0.150625,0.158125,0.1615625],"realtime_carbon_intensity":335.5704697987,"disk_write_speed":21.1360908877,"process_ids":[28473,28541]}
{"timestamp":1572412505.5647931099,"rapl_power_draw_absolute":79.2191179309,"rapl_estimated_attributable_power_draw":18.1159093378,"cpu_time_seconds":{"28473":{"user":27.69,"system":2.53,"children_user":1.05,"children_system":0.34},"28541":{"user":0.34,"system":0.74,"children_user":0.02,"children_system":0.65}},"average_relative_cpu_utilization":0.2280375395,"absolute_cpu_utilization":0.9986772065,"relative_mem_usage":0.2354455593,"absolute_mem_usage":3740655616.0,"absolute_mem_percent_usage":0.0276882036,"mem_info_per_process":{"28473":{"rss":3648937984,"vms":11412668416,"shared":563986432,"text":2322432,"lib":0,"data":9684865024,"dirty":0,"uss":131108864,"pss":1828881408,"swap":0},"28541":{"rss":3265617920,"vms":11412668416,"shared":180494336,"text":2322432,"lib":0,"data":9684865024,"dirty":0,"uss":102203392,"pss":1678461952,"swap":0}},"nvidia_draw_absolute":49.35,"nvidia_estimated_attributable_power_draw":49.35,"average_gpu_estimated_utilization_absolute":0.195,"per_gpu_average_estimated_utilization_absolute":{"(0, 28473)":{"sm":19.5,"mem":1.0,"enc":0.0,"dec":0.0}},"average_gpu_estimated_utilization_relative":1.0,"per_gpu_performance_state":{"0":"P2"},"per_gpu_power_draw":{"0":49.35},"cpu_count_adjusted_average_load":[0.15125,0.158125,0.1615625],"realtime_carbon_intensity":335.5704697987,"disk_write_speed":15.1562340355,"process_ids":[28473,28541]}
{"timestamp":1572412513.9964380264,"rapl_power_draw_absolute":79.3944448988,"rapl_estimated_attributable_power_draw":18.3269647962,"cpu_time_seconds":{"28473":{"user":36.12,"system":2.54,"children_user":1.05,"children_system":0.34},"28541":{"user":0.47,"system":1.06,"children_user":0.04,"children_system":0.94}},"average_relative_cpu_utilization":0.2304028289,"absolute_cpu_utilization":0.9986588786,"relative_mem_usage":0.2354288973,"absolute_mem_usage":3740680192.0,"absolute_mem_percent_usage":0.0276883855,"mem_info_per_process":{"28473":{"rss":3648937984,"vms":11412668416,"shared":563986432,"text":2322432,"lib":0,"data":9684865024,"dirty":0,"uss":131117056,"pss":1828885504,"swap":0},"28541":{"rss":3265617920,"vms":11412668416,"shared":180494336,"text":2322432,"lib":0,"data":9684865024,"dirty":0,"uss":102211584,"pss":1678466048,"swap":0}},"nvidia_draw_absolute":49.27,"nvidia_estimated_attributable_power_draw":49.27,"average_gpu_estimated_utilization_absolute":0.19,"per_gpu_average_estimated_utilization_absolute":{"(0, 28473)":{"sm":19.0,"mem":0.5,"enc":0.0,"dec":0.0}},"average_gpu_estimated_utilization_relative":1.0,"per_gpu_performance_state":{"0":"P2"},"per_gpu_power_draw":{"0":49.27},"cpu_count_adjusted_average_load":[0.1540625,0.1584375,0.161875],"realtime_carbon_intensity":335.5704697987,"disk_write_speed":14.4951690592,"process_ids":[28473,28541]}
{"timestamp":1572412522.4500849247,"rapl_power_draw_absolute":75.272200444,"rapl_estimated_attributable_power_draw":20.9994790823,"cpu_time_seconds":{"28473":{"user":44.57,"system":2.54,"children_user":1.05,"children_system":0.34},"28541":{"user":0.61,"system":1.39,"children_user":0.06,"children_system":1.23}},"average_relative_cpu_utilization":0.2765994831,"absolute_cpu_utilization":0.998606919,"relative_mem_usage":0.3037425514,"absolute_mem_usage":3812020224.0,"absolute_mem_percent_usage":0.028216442,"mem_info_per_process":{"28473":{"rss":3648937984,"vms":11412668416,"shared":563986432,"text":2322432,"lib":0,"data":9684865024,"dirty":0,"uss":140722176,"pss":1889269760,"swap":0},"28541":{"rss":3265617920,"vms":11412668416,"shared":180494336,"text":2322432,"lib":0,"data":9684865024,"dirty":0,"uss":102248448,"pss":1679779840,"swap":0}},"nvidia_draw_absolute":48.39,"nvidia_estimated_attributable_power_draw":48.39,"average_gpu_estimated_utilization_absolute":0.195,"per_gpu_average_estimated_utilization_absolute":{"(0, 28473)":{"sm":19.5,"mem":1.0,"enc":0.0,"dec":0.0}},"average_gpu_estimated_utilization_relative":1.0,"per_gpu_performance_state":{"0":"P2"},"per_gpu_power_draw":{"0":48.39},"cpu_count_adjusted_average_load":[0.1496875,0.1575,0.16125],"realtime_carbon_intensity":335.5704697987,"disk_write_speed":32.694989704,"process_ids":[28473,28541]}
{"timestamp":1572412530.7662379742,"rapl_power_draw_absolute":72.6812140636,"rapl_estimated_attributable_power_draw":21.1819240515,"cpu_time_seconds":{"28473":{"user":52.89,"system":2.55,"children_user":1.05,"children_system":0.34},"28541":{"user":0.8,"system":1.74,"children_user":0.09,"children_system":1.5}},"average_relative_cpu_utilization":0.290441036,"absolute_cpu_utilization":1.0036436056,"relative_mem_usage":0.3014316449,"absolute_mem_usage":3811720192.0,"absolute_mem_percent_usage":0.0282142211,"mem_info_per_process":{"28473":{"rss":3648937984,"vms":11412668416,"shared":563986432,"text":2322432,"lib":0,"data":9684865024,"dirty":0,"uss":140689408,"pss":1889006592,"swap":0},"28541":{"rss":3265617920,"vms":11412668416,"shared":180494336,"text":2322432,"lib":0,"data":9684865024,"dirty":0,"uss":102252544,"pss":1679771648,"swap":0}},"nvidia_draw_absolute":48.56,"nvidia_estimated_attributable_power_draw":48.56,"average_gpu_estimated_utilization_absolute":0.19,"per_gpu_average_estimated_utilization_absolute":{"(0, 28473)":{"sm":19,"mem":1,"enc":0,"dec":0}},"average_gpu_estimated_utilization_relative":1.0,"per_gpu_performance_state":{"0":"P2"},"per_gpu_power_draw":{"0":48.56},"cpu_count_adjusted_average_load":[0.1434375,0.1559375,0.1609375],"realtime_carbon_intensity":335.5704697987,"disk_write_speed":31.487072327,"process_ids":[28473,28541]}
{"timestamp":1572412539.0713999271,"rapl_power_draw_absolute":80.9148202785,"rapl_estimated_attributable_power_draw":19.3523940657,"cpu_time_seconds":{"28473":{"user":61.19,"system":2.55,"children_user":1.05,"children_system":0.34},"28541":{"user":0.94,"system":2.07,"children_user":0.1,"children_system":1.79}},"average_relative_cpu_utilization":0.238923559,"absolute_cpu_utilization":0.9985920911,"relative_mem_usage":0.2417664415,"absolute_mem_usage":3744822272.0,"absolute_mem_percent_usage":0.027719045,"mem_info_per_process":{"28473":{"rss":3648937984,"vms":11412668416,"shared":563986432,"text":2322432,"lib":0,"data":9684865024,"dirty":0,"uss":129953792,"pss":1833533440,"swap":0},"28541":{"rss":3265617920,"vms":11412668416,"shared":180494336,"text":2322432,"lib":0,"data":9684865024,"dirty":0,"uss":102260736,"pss":1679074304,"swap":0}},"nvidia_draw_absolute":48.1,"nvidia_estimated_attributable_power_draw":48.1,"average_gpu_estimated_utilization_absolute":0.195,"per_gpu_average_estimated_utilization_absolute":{"(0, 28473)":{"sm":19.5,"mem":1.0,"enc":0.0,"dec":0.0}},"average_gpu_estimated_utilization_relative":1.0,"per_gpu_performance_state":{"0":"P2"},"per_gpu_power_draw":{"0":48.1},"cpu_count_adjusted_average_load":[0.144375,0.1559375,0.1609375],"realtime_carbon_intensity":335.5704697987,"disk_write_speed":21.0689928222,"process_ids":[28473,28541]}
{"timestamp":1572412547.3482220173,"rapl_power_draw_absolute":79.3423418348,"rapl_estimated_attributable_power_draw":18.4531599014,"cpu_time_seconds":{"28473":{"user":69.47,"system":2.56,"children_user":1.05,"children_system":0.34},"28541":{"user":1.09,"system":2.4,"children_user":0.12,"children_system":2.06}},"average_relative_cpu_utilization":0.2324285886,"absolute_cpu_utilization":1.0085761175,"relative_mem_usage":0.2341197596,"absolute_mem_usage":3736635392.0,"absolute_mem_percent_usage":0.027658446,"mem_info_per_process":{"28473":{"rss":3648937984,"vms":11412668416,"shared":563986432,"text":2322432,"lib":0,"data":9684865024,"dirty":0,"uss":127688704,"pss":1827904512,"swap":0},"28541":{"rss":3265617920,"vms":11412668416,"shared":180494336,"text":2322432,"lib":0,"data":9684865024,"dirty":0,"uss":102264832,"pss":1678777344,"swap":0}},"nvidia_draw_absolute":47.71,"nvidia_estimated_attributable_power_draw":47.71,"average_gpu_estimated_utilization_absolute":0.1933333333,"per_gpu_average_estimated_utilization_absolute":{"(0, 28473)":{"sm":19.3333333333,"mem":0.6666666667,"enc":0.0,"dec":0.0}},"average_gpu_estimated_utilization_relative":1.0,"per_gpu_performance_state":{"0":"P2"},"per_gpu_power_draw":{"0":47.71},"cpu_count_adjusted_average_load":[0.15125,0.156875,0.16125],"realtime_carbon_intensity":335.5704697987,"disk_write_speed":20.9075618676,"process_ids":[28473,28541]}
{"timestamp":1572412555.6247389317,"rapl_power_draw_absolute":79.6506544794,"rapl_estimated_attributable_power_draw":18.1291432849,"cpu_time_seconds":{"28473":{"user":77.74,"system":2.56,"children_user":1.05,"children_system":0.34},"28541":{"user":1.23,"system":2.76,"children_user":0.14,"children_system":2.32}},"average_relative_cpu_utilization":0.2270085422,"absolute_cpu_utilization":0.9987623085,"relative_mem_usage":0.2338973815,"absolute_mem_usage":3736164352.0,"absolute_mem_percent_usage":0.0276549594,"mem_info_per_process":{"28473":{"rss":3648937984,"vms":11412668416,"shared":563986432,"text":2322432,"lib":0,"data":9684865024,"dirty":0,"uss":127688704,"pss":1827774464,"swap":0},"28541":{"rss":3265617920,"vms":11412668416,"shared":180494336,"text":2322432,"lib":0,"data":9684865024,"dirty":0,"uss":102227968,"pss":1678473216,"swap":0}},"nvidia_draw_absolute":47.82,"nvidia_estimated_attributable_power_draw":47.82,"average_gpu_estimated_utilization_absolute":0.195,"per_gpu_average_estimated_utilization_absolute":{"(0, 28473)":{"sm":19.5,"mem":1.0,"enc":0.0,"dec":0.0}},"average_gpu_estimated_utilization_relative":1.0,"per_gpu_performance_state":{"0":"P2"},"per_gpu_power_draw":{"0":47.82},"cpu_count_adjusted_average_load":[0.151875,0.156875,0.1609375],"realtime_carbon_intensity":335.5704697987,"disk_write_speed":34.7654117237,"process_ids":[28473,28541]}
{"timestamp":1572412563.9008131027,"rapl_power_draw_absolute":79.6422147986,"rapl_estimated_attributable_power_draw":18.3218177528,"cpu_time_seconds":{"28473":{"user":86.02,"system":2.57,"children_user":1.05,"children_system":0.34},"28541":{"user":1.4,"system":3.13,"children_user":0.16,"children_system":2.59}},"average_relative_cpu_utilization":0.22969527,"absolute_cpu_utilization":1.0036168666,"relative_mem_usage":0.233853586,"absolute_mem_usage":3736188928.0,"absolute_mem_percent_usage":0.0276551413,"mem_info_per_process":{"28473":{"rss":3648937984,"vms":11412668416,"shared":563986432,"text":2322432,"lib":0,"data":9684865024,"dirty":0,"uss":127696896,"pss":1827778560,"swap":0},"28541":{"rss":3265617920,"vms":11412668416,"shared":180494336,"text":2322432,"lib":0,"data":9684865024,"dirty":0,"uss":102236160,"pss":1678477312,"swap":0}},"nvidia_draw_absolute":47.71,"nvidia_estimated_attributable_power_draw":47.71,"average_gpu_estimated_utilization_absolute":0.195,"per_gpu_average_estimated_utilization_absolute":{"(0, 28473)":{"sm":19.5,"mem":1.0,"enc":0.0,"dec":0.0}},"average_gpu_estimated_utilization_relative":1.0,"per_gpu_performance_state":{"0":"P2"},"per_gpu_power_draw":{"0":47.71},"cpu_count_adjusted_average_load":[0.1496875,0.15625,0.1609375],"realtime_carbon_intensity":335.5704697987,"disk_write_speed":26.8228720629,"process_ids":[28473,28541]}
{"timestamp":1572412572.2250759602,"rapl_power_draw_absolute":79.6191895785,"rapl_estimated_attributable_power_draw":18.2524225459,"cpu_time_seconds":{"28473":{"user":94.33,"system":2.58,"children_user":1.05,"children_system":0.34},"28541":{"user":1.56,"system":3.5,"children_user":0.17,"children_system":2.88}},"average_relative_cpu_utilization":0.2288207949,"absolute_cpu_utilization":0.9987024907,"relative_mem_usage":0.233823183,"absolute_mem_usage":3736201216.0,"absolute_mem_percent_usage":0.0276552323,"mem_info_per_process":{"28473":{"rss":3648937984,"vms":11412668416,"shared":563986432,"text":2322432,"lib":0,"data":9684865024,"dirty":0,"uss":127700992,"pss":1827780608,"swap":0},"28541":{"rss":3265617920,"vms":11412668416,"shared":180494336,"text":2322432,"lib":0,"data":9684865024,"dirty":0,"uss":102240256,"pss":1678479360,"swap":0}},"nvidia_draw_absolute":47.24,"nvidia_estimated_attributable_power_draw":47.24,"average_gpu_estimated_utilization_absolute":0.19,"per_gpu_average_estimated_utilization_absolute":{"(0, 28473)":{"sm":19,"mem":1,"enc":0,"dec":0}},"average_gpu_estimated_utilization_relative":1.0,"per_gpu_performance_state":{"0":"P2"},"per_gpu_power_draw":{"0":47.24},"cpu_count_adjusted_average_load":[0.150625,0.15625,0.1609375],"realtime_carbon_intensity":335.5704697987,"disk_write_speed":33.2845840872,"process_ids":[28473,28541]}
{"timestamp":1572412580.4791688919,"rapl_power_draw_absolute":77.6589276063,"rapl_estimated_attributable_power_draw":17.7673938635,"cpu_time_seconds":{"28473":{"user":102.58,"system":2.58,"children_user":1.05,"children_system":0.34},"28541":{"user":1.74,"system":3.84,"children_user":0.18,"children_system":3.17}},"average_relative_cpu_utilization":0.2282916276,"absolute_cpu_utilization":0.9986134276,"relative_mem_usage":0.2338884429,"absolute_mem_usage":3736238080.0,"absolute_mem_percent_usage":0.0276555052,"mem_info_per_process":{"28473":{"rss":3648937984,"vms":11412668416,"shared":563986432,"text":2322432,"lib":0,"data":9684865024,"dirty":0,"uss":127713280,"pss":1827786752,"swap":0},"28541":{"rss":3265617920,"vms":11412668416,"shared":180494336,"text":2322432,"lib":0,"data":9684865024,"dirty":0,"uss":102252544,"pss":1678485504,"swap":0}},"nvidia_draw_absolute":47.34,"nvidia_estimated_attributable_power_draw":47.34,"average_gpu_estimated_utilization_absolute":0.1933333333,"per_gpu_average_estimated_utilization_absolute":{"(0, 28473)":{"sm":19.3333333333,"mem":0.3333333333,"enc":0.0,"dec":0.0}},"average_gpu_estimated_utilization_relative":1.0,"per_gpu_performance_state":{"0":"P2"},"per_gpu_power_draw":{"0":47.34},"cpu_count_adjusted_average_load":[0.1540625,0.156875,0.1609375],"realtime_carbon_intensity":335.5704697987,"disk_write_speed":30.6960748977,"process_ids":[28473,28541]}
{"timestamp":1572412588.7538149357,"rapl_power_draw_absolute":78.0596525028,"rapl_estimated_attributable_power_draw":17.914436944,"cpu_time_seconds":{"28473":{"user":110.85,"system":2.6,"children_user":1.05,"children_system":0.34},"28541":{"user":1.93,"system":4.18,"children_user":0.19,"children_system":3.46}},"average_relative_cpu_utilization":0.2290742719,"absolute_cpu_utilization":0.9986131025,"relative_mem_usage":0.2339238102,"absolute_mem_usage":3736262656.0,"absolute_mem_percent_usage":0.0276556871,"mem_info_per_process":{"28473":{"rss":3648937984,"vms":11412668416,"shared":563986432,"text":2322432,"lib":0,"data":9684865024,"dirty":0,"uss":127721472,"pss":1827790848,"swap":0},"28541":{"rss":3265617920,"vms":11412668416,"shared":180494336,"text":2322432,"lib":0,"data":9684865024,"dirty":0,"uss":102260736,"pss":1678489600,"swap":0}},"nvidia_draw_absolute":46.56,"nvidia_estimated_attributable_power_draw":46.56,"average_gpu_estimated_utilization_absolute":0.195,"per_gpu_average_estimated_utilization_absolute":{"(0, 28473)":{"sm":19.5,"mem":0.5,"enc":0.0,"dec":0.0}},"average_gpu_estimated_utilization_relative":1.0,"per_gpu_performance_state":{"0":"P2"},"per_gpu_power_draw":{"0":46.56},"cpu_count_adjusted_average_load":[0.151875,0.15625,0.160625],"realtime_carbon_intensity":335.5704697987,"disk_write_speed":19.9704131729,"process_ids":[28473,28541]}
{"timestamp":1572412597.0056130886,"rapl_power_draw_absolute":78.1528033017,"rapl_estimated_attributable_power_draw":17.9610022941,"cpu_time_seconds":{"28473":{"user":119.09,"system":2.62,"children_user":1.05,"children_system":0.34},"28541":{"user":2.06,"system":4.52,"children_user":0.2,"children_system":3.75}},"average_relative_cpu_utilization":0.2294305551,"absolute_cpu_utilization":1.0035798529,"relative_mem_usage":0.2339048552,"absolute_mem_usage":3736262656.0,"absolute_mem_percent_usage":0.0276556871,"mem_info_per_process":{"28473":{"rss":3648937984,"vms":11412668416,"shared":563986432,"text":2322432,"lib":0,"data":9684865024,"dirty":0,"uss":127721472,"pss":1827790848,"swap":0},"28541":{"rss":3265617920,"vms":11412668416,"shared":180494336,"text":2322432,"lib":0,"data":9684865024,"dirty":0,"uss":102260736,"pss":1678489600,"swap":0}},"nvidia_draw_absolute":46.76,"nvidia_estimated_attributable_power_draw":46.76,"average_gpu_estimated_utilization_absolute":0.195,"per_gpu_average_estimated_utilization_absolute":{"(0, 28473)":{"sm":19.5,"mem":1.0,"enc":0.0,"dec":0.0}},"average_gpu_estimated_utilization_relative":1.0,"per_gpu_performance_state":{"0":"P2"},"per_gpu_power_draw":{"0":46.76},"cpu_count_adjusted_average_load":[0.1525,0.15625,0.160625],"realtime_carbon_intensity":335.5704697987,"disk_write_speed":27.1254769573,"process_ids":[28473,28541]}
{"timestamp":1572412605.2529098988,"rapl_power_draw_absolute":78.4870252352,"rapl_estimated_attributable_power_draw":17.846396382,"cpu_time_seconds":{"28473":{"user":127.33,"system":2.62,"children_user":1.05,"children_system":0.34},"28541":{"user":2.23,"system":4.85,"children_user":0.2,"children_system":4.04}},"average_relative_cpu_utilization":0.2267514908,"absolute_cpu_utilization":0.9987451052,"relative_mem_usage":0.2339155815,"absolute_mem_usage":3736274944.0,"absolute_mem_percent_usage":0.027655778,"mem_info_per_process":{"28473":{"rss":3648937984,"vms":11412668416,"shared":563986432,"text":2322432,"lib":0,"data":9684865024,"dirty":0,"uss":127725568,"pss":1827792896,"swap":0},"28541":{"rss":3265617920,"vms":11412668416,"shared":180494336,"text":2322432,"lib":0,"data":9684865024,"dirty":0,"uss":102264832,"pss":1678491648,"swap":0}},"nvidia_draw_absolute":46.56,"nvidia_estimated_attributable_power_draw":46.56,"average_gpu_estimated_utilization_absolute":0.195,"per_gpu_average_estimated_utilization_absolute":{"(0, 28473)":{"sm":19.5,"mem":1.0,"enc":0.0,"dec":0.0}},"average_gpu_estimated_utilization_relative":1.0,"per_gpu_performance_state":{"0":"P2"},"per_gpu_power_draw":{"0":46.56},"cpu_count_adjusted_average_load":[0.1553125,0.156875,0.1609375],"realtime_carbon_intensity":335.5704697987,"disk_write_speed":20.3790455662,"process_ids":[28473,28541]}
{"timestamp":1572412613.5433080196,"rapl_power_draw_absolute":78.2175413339,"rapl_estimated_attributable_power_draw":17.4430030318,"cpu_time_seconds":{"28473":{"user":135.62,"system":2.63,"children_user":1.05,"children_system":0.34},"28541":{"user":2.35,"system":5.2,"children_user":0.2,"children_system":4.32}},"average_relative_cpu_utilization":0.2219568691,"absolute_cpu_utilization":0.9986005015,"relative_mem_usage":0.2338921195,"absolute_mem_usage":3736287232.0,"absolute_mem_percent_usage":0.027655869,"mem_info_per_process":{"28473":{"rss":3648937984,"vms":11412668416,"shared":563986432,"text":2322432,"lib":0,"data":9684865024,"dirty":0,"uss":127729664,"pss":1827794944,"swap":0},"28541":{"rss":3265617920,"vms":11412668416,"shared":180494336,"text":2322432,"lib":0,"data":9684865024,"dirty":0,"uss":102268928,"pss":1678493696,"swap":0}},"nvidia_draw_absolute":46.63,"nvidia_estimated_attributable_power_draw":46.63,"average_gpu_estimated_utilization_absolute":0.19,"per_gpu_average_estimated_utilization_absolute":{"(0, 28473)":{"sm":19,"mem":1,"enc":0,"dec":0}},"average_gpu_estimated_utilization_relative":1.0,"per_gpu_performance_state":{"0":"P2"},"per_gpu_power_draw":{"0":46.63},"cpu_count_adjusted_average_load":[0.1575,0.1571875,0.1609375],"realtime_carbon_intensity":335.5704697987,"disk_write_speed":18.9823070928,"process_ids":[28473,28541]}
{"timestamp":1572412621.8133881092,"rapl_power_draw_absolute":70.607899033,"rapl_estimated_attributable_power_draw":21.7256714085,"cpu_time_seconds":{"28473":{"user":143.89,"system":2.63,"children_user":1.05,"children_system":0.34},"28541":{"user":2.48,"system":5.54,"children_user":0.21,"children_system":4.6}},"average_relative_cpu_utilization":0.3082592733,"absolute_cpu_utilization":1.0036255399,"relative_mem_usage":0.302377675,"absolute_mem_usage":3822284800.0,"absolute_mem_percent_usage":0.02829242,"mem_info_per_process":{"28473":{"rss":3648937984,"vms":11412668416,"shared":563986432,"text":2322432,"lib":0,"data":9684865024,"dirty":0,"uss":147468288,"pss":1892628480,"swap":0},"28541":{"rss":3265617920,"vms":11412668416,"shared":180494336,"text":2322432,"lib":0,"data":9684865024,"dirty":0,"uss":102334464,"pss":1679853568,"swap":0}},"nvidia_draw_absolute":46.53,"nvidia_estimated_attributable_power_draw":46.53,"average_gpu_estimated_utilization_absolute":0.1966666667,"per_gpu_average_estimated_utilization_absolute":{"(0, 28473)":{"sm":19.6666666667,"mem":0.6666666667,"enc":0.0,"dec":0.0}},"average_gpu_estimated_utilization_relative":1.0,"per_gpu_performance_state":{"0":"P2"},"per_gpu_power_draw":{"0":46.53},"cpu_count_adjusted_average_load":[0.16,0.1578125,0.1609375],"realtime_carbon_intensity":335.5704697987,"disk_write_speed":31.9070699771,"process_ids":[28473,28541]}
{"timestamp":1572412630.0257248878,"rapl_power_draw_absolute":71.0348132696,"rapl_estimated_attributable_power_draw":20.5752283663,"cpu_time_seconds":{"28473":{"user":152.1,"system":2.64,"children_user":1.05,"children_system":0.34},"28541":{"user":2.66,"system":5.86,"children_user":0.22,"children_system":4.88}},"average_relative_cpu_utilization":0.2883603947,"absolute_cpu_utilization":1.0036387853,"relative_mem_usage":0.3018537651,"absolute_mem_usage":3822299136.0,"absolute_mem_percent_usage":0.0282925261,"mem_info_per_process":{"28473":{"rss":3648937984,"vms":11412668416,"shared":563986432,"text":2322432,"lib":0,"data":9684865024,"dirty":0,"uss":147480576,"pss":1892616192,"swap":0},"28541":{"rss":3265617920,"vms":11412668416,"shared":180494336,"text":2322432,"lib":0,"data":9684865024,"dirty":0,"uss":102346752,"pss":1679855616,"swap":0}},"nvidia_draw_absolute":46.35,"nvidia_estimated_attributable_power_draw":46.35,"average_gpu_estimated_utilization_absolute":0.19,"per_gpu_average_estimated_utilization_absolute":{"(0, 28473)":{"sm":19.0,"mem":0.6666666667,"enc":0.0,"dec":0.0}},"average_gpu_estimated_utilization_relative":1.0,"per_gpu_performance_state":{"0":"P2"},"per_gpu_power_draw":{"0":46.35},"cpu_count_adjusted_average_load":[0.1571875,0.1571875,0.1609375],"realtime_carbon_intensity":335.5704697987,"disk_write_speed":21.8191673787,"process_ids":[28473,28541]}
{"timestamp":1572412638.3396730423,"rapl_power_draw_absolute":70.7496162666,"rapl_estimated_attributable_power_draw":19.4530364528,"cpu_time_seconds":{"28473":{"user":160.4,"system":2.65,"children_user":1.05,"children_system":0.34},"28541":{"user":2.8,"system":6.21,"children_user":0.23,"children_system":5.17}},"average_relative_cpu_utilization":0.2723532602,"absolute_cpu_utilization":1.0037511866,"relative_mem_usage":0.2993150804,"absolute_mem_usage":3799955456.0,"absolute_mem_percent_usage":0.028127139,"mem_info_per_process":{"28473":{"rss":3648937984,"vms":11412668416,"shared":563986432,"text":2322432,"lib":0,"data":9684865024,"dirty":0,"uss":143351808,"pss":1875146752,"swap":0},"28541":{"rss":3265617920,"vms":11412668416,"shared":180494336,"text":2322432,"lib":0,"data":9684865024,"dirty":0,"uss":102350848,"pss":1679106048,"swap":0}},"nvidia_draw_absolute":46.51,"nvidia_estimated_attributable_power_draw":46.51,"average_gpu_estimated_utilization_absolute":0.178,"per_gpu_average_estimated_utilization_absolute":{"(0, 28473)":{"sm":17.8,"mem":0.4,"enc":0.0,"dec":0.0}},"average_gpu_estimated_utilization_relative":1.0,"per_gpu_performance_state":{"0":"P2"},"per_gpu_power_draw":{"0":46.51},"cpu_count_adjusted_average_load":[0.1884375,0.16375,0.163125],"realtime_carbon_intensity":335.5704697987,"disk_write_speed":22.3621573421,"process_ids":[28473,28541]}
{"timestamp":1572412646.6915960312,"rapl_power_draw_absolute":76.9300237335,"rapl_estimated_attributable_power_draw":18.1017892305,"cpu_time_seconds":{"28473":{"user":168.75,"system":2.66,"children_user":1.05,"children_system":0.34},"28541":{"user":2.95,"system":6.56,"children_user":0.24,"children_system":5.47}},"average_relative_cpu_utilization":0.235619297,"absolute_cpu_utilization":1.0035823225,"relative_mem_usage":0.2323992982,"absolute_mem_usage":3716766720.0,"absolute_mem_percent_usage":0.0275113788,"mem_info_per_process":{"28473":{"rss":3648937984,"vms":11412668416,"shared":563986432,"text":2322432,"lib":0,"data":9684865024,"dirty":0,"uss":114745344,"pss":1820595200,"swap":0},"28541":{"rss":3265622016,"vms":11412668416,"shared":180494336,"text":2322432,"lib":0,"data":9684865024,"dirty":0,"uss":102354944,"pss":1679071232,"swap":0}},"nvidia_draw_absolute":45.93,"nvidia_estimated_attributable_power_draw":45.93,"average_gpu_estimated_utilization_absolute":0.19,"per_gpu_average_estimated_utilization_absolute":{"(0, 28473)":{"sm":19.0,"mem":0.5,"enc":0.0,"dec":0.0}},"average_gpu_estimated_utilization_relative":1.0,"per_gpu_performance_state":{"0":"P2"},"per_gpu_power_draw":{"0":45.93},"cpu_count_adjusted_average_load":[0.18625,0.1640625,0.163125],"realtime_carbon_intensity":333.430730058,"disk_write_speed":20.4784819307,"process_ids":[28473,28541]}
{"timestamp":1572412655.0535280704,"rapl_power_draw_absolute":72.2195187885,"rapl_estimated_attributable_power_draw":20.68756614,"cpu_time_seconds":{"28473":{"user":177.1,"system":2.68,"children_user":1.05,"children_system":0.34},"28541":{"user":3.07,"system":6.92,"children_user":0.26,"children_system":5.76}},"average_relative_cpu_utilization":0.2915397031,"absolute_cpu_utilization":0.9986865769,"relative_mem_usage":0.2311427763,"absolute_mem_usage":3715955712.0,"absolute_mem_percent_usage":0.0275053758,"mem_info_per_process":{"28473":{"rss":3648937984,"vms":11412668416,"shared":563986432,"text":2322432,"lib":0,"data":9684865024,"dirty":0,"uss":114720768,"pss":1820154880,"swap":0},"28541":{"rss":3265622016,"vms":11412668416,"shared":180494336,"text":2322432,"lib":0,"data":9684865024,"dirty":0,"uss":102359040,"pss":1678721024,"swap":0}},"nvidia_draw_absolute":45.95,"nvidia_estimated_attributable_power_draw":45.95,"average_gpu_estimated_utilization_absolute":0.1833333333,"per_gpu_average_estimated_utilization_absolute":{"(0, 28473)":{"sm":18.3333333333,"mem":0.6666666667,"enc":0.0,"dec":0.0}},"average_gpu_estimated_utilization_relative":1.0,"per_gpu_performance_state":{"0":"P2"},"per_gpu_power_draw":{"0":45.95},"cpu_count_adjusted_average_load":[0.18625,0.1646875,0.163125],"realtime_carbon_intensity":333.430730058,"disk_write_speed":30.9297917331,"process_ids":[28473,28541]}
{"timestamp":1572412663.6568169594,"rapl_power_draw_absolute":78.1537909686,"rapl_estimated_attributable_power_draw":18.3404992912,"cpu_time_seconds":{"28473":{"user":185.7,"system":2.68,"children_user":1.05,"children_system":0.34},"28541":{"user":3.25,"system":7.28,"children_user":0.28,"children_system":6.05}},"average_relative_cpu_utilization":0.2349976054,"absolute_cpu_utilization":0.998592888,"relative_mem_usage":0.2312629631,"absolute_mem_usage":3715320832.0,"absolute_mem_percent_usage":0.0275006764,"mem_info_per_process":{"28473":{"rss":3648937984,"vms":11412668416,"shared":563986432,"text":2322432,"lib":0,"data":9684865024,"dirty":0,"uss":114728960,"pss":1820024832,"swap":0},"28541":{"rss":3265622016,"vms":11412668416,"shared":180494336,"text":2322432,"lib":0,"data":9684865024,"dirty":0,"uss":102219776,"pss":1678347264,"swap":0}},"nvidia_draw_absolute":45.83,"nvidia_estimated_attributable_power_draw":45.83,"average_gpu_estimated_utilization_absolute":0.19,"per_gpu_average_estimated_utilization_absolute":{"(0, 28473)":{"sm":19.0,"mem":0.5,"enc":0.0,"dec":0.0}},"average_gpu_estimated_utilization_relative":1.0,"per_gpu_performance_state":{"0":"P2"},"per_gpu_power_draw":{"0":45.83},"cpu_count_adjusted_average_load":[0.1815625,0.164375,0.163125],"realtime_carbon_intensity":333.430730058,"disk_write_speed":21.7357079729,"process_ids":[28473,28541]}
{"timestamp":1572412671.8885569572,"rapl_power_draw_absolute":78.5770941285,"rapl_estimated_attributable_power_draw":18.186993566,"cpu_time_seconds":{"28473":{"user":193.92,"system":2.69,"children_user":1.05,"children_system":0.34},"28541":{"user":3.38,"system":7.62,"children_user":0.3,"children_system":6.31}},"average_relative_cpu_utilization":0.2314754307,"absolute_cpu_utilization":0.9987549637,"relative_mem_usage":0.2312330699,"absolute_mem_usage":3715345408.0,"absolute_mem_percent_usage":0.0275008583,"mem_info_per_process":{"28473":{"rss":3648937984,"vms":11412668416,"shared":563986432,"text":2322432,"lib":0,"data":9684865024,"dirty":0,"uss":114737152,"pss":1820028928,"swap":0},"28541":{"rss":3265622016,"vms":11412668416,"shared":180494336,"text":2322432,"lib":0,"data":9684865024,"dirty":0,"uss":102227968,"pss":1678351360,"swap":0}},"nvidia_draw_absolute":45.83,"nvidia_estimated_attributable_power_draw":45.83,"average_gpu_estimated_utilization_absolute":0.19,"per_gpu_average_estimated_utilization_absolute":{"(0, 28473)":{"sm":19,"mem":0,"enc":0,"dec":0}},"average_gpu_estimated_utilization_relative":1.0,"per_gpu_performance_state":{"0":"P2"},"per_gpu_power_draw":{"0":45.83},"cpu_count_adjusted_average_load":[0.1775,0.1640625,0.163125],"realtime_carbon_intensity":333.430730058,"disk_write_speed":19.7618665082,"process_ids":[28473,28541]}
{"timestamp":1572412680.167771101,"rapl_power_draw_absolute":79.1218093891,"rapl_estimated_attributable_power_draw":17.7059152052,"cpu_time_seconds":{"28473":{"user":202.19,"system":2.71,"children_user":1.05,"children_system":0.34},"28541":{"user":3.53,"system":7.97,"children_user":0.32,"children_system":6.59}},"average_relative_cpu_utilization":0.2230651672,"absolute_cpu_utilization":1.0035735548,"relative_mem_usage":0.2311348268,"absolute_mem_usage":3715353600.0,"absolute_mem_percent_usage":0.027500919,"mem_info_per_process":{"28473":{"rss":3648937984,"vms":11412668416,"shared":563986432,"text":2322432,"lib":0,"data":9684865024,"dirty":0,"uss":114741248,"pss":1820027904,"swap":0},"28541":{"rss":3265622016,"vms":11412668416,"shared":180494336,"text":2322432,"lib":0,"data":9684865024,"dirty":0,"uss":102232064,"pss":1678352384,"swap":0}},"nvidia_draw_absolute":46.22,"nvidia_estimated_attributable_power_draw":46.22,"average_gpu_estimated_utilization_absolute":0.19,"per_gpu_average_estimated_utilization_absolute":{"(0, 28473)":{"sm":19.0,"mem":0.5,"enc":0.0,"dec":0.0}},"average_gpu_estimated_utilization_relative":1.0,"per_gpu_performance_state":{"0":"P2"},"per_gpu_power_draw":{"0":46.22},"cpu_count_adjusted_average_load":[0.175625,0.16375,0.163125],"realtime_carbon_intensity":333.430730058,"disk_write_speed":19.4398358904,"process_ids":[28473,28541]}
{"timestamp":1572412688.4672729969,"rapl_power_draw_absolute":78.6368656812,"rapl_estimated_attributable_power_draw":17.8045036097,"cpu_time_seconds":{"28473":{"user":210.49,"system":2.72,"children_user":1.05,"children_system":0.34},"28541":{"user":3.67,"system":8.31,"children_user":0.32,"children_system":6.9}},"average_relative_cpu_utilization":0.2259336525,"absolute_cpu_utilization":1.0086204913,"relative_mem_usage":0.2312428507,"absolute_mem_usage":3715382272.0,"absolute_mem_percent_usage":0.0275011312,"mem_info_per_process":{"28473":{"rss":3648937984,"vms":11412668416,"shared":563986432,"text":2322432,"lib":0,"data":9684865024,"dirty":0,"uss":114749440,"pss":1820035072,"swap":0},"28541":{"rss":3265622016,"vms":11412668416,"shared":180494336,"text":2322432,"lib":0,"data":9684865024,"dirty":0,"uss":102240256,"pss":1678357504,"swap":0}},"nvidia_draw_absolute":46.01,"nvidia_estimated_attributable_power_draw":46.01,"average_gpu_estimated_utilization_absolute":0.19,"per_gpu_average_estimated_utilization_absolute":{"(0, 28473)":{"sm":19,"mem":1,"enc":0,"dec":0}},"average_gpu_estimated_utilization_relative":1.0,"per_gpu_performance_state":{"0":"P2"},"per_gpu_power_draw":{"0":46.01},"cpu_count_adjusted_average_load":[0.1771875,0.1646875,0.1634375],"realtime_carbon_intensity":333.430730058,"disk_write_speed":21.423977934,"process_ids":[28473,28541]}
{"timestamp":1572412696.8561079502,"rapl_power_draw_absolute":78.2050886977,"rapl_estimated_attributable_power_draw":18.1884725601,"cpu_time_seconds":{"28473":{"user":218.88,"system":2.72,"children_user":1.05,"children_system":0.34},"28541":{"user":3.81,"system":8.68,"children_user":0.33,"children_system":7.19}},"average_relative_cpu_utilization":0.2327044429,"absolute_cpu_utilization":1.0086257519,"relative_mem_usage":0.231256823,"absolute_mem_usage":3715382272.0,"absolute_mem_percent_usage":0.0275011312,"mem_info_per_process":{"28473":{"rss":3648937984,"vms":11412668416,"shared":563986432,"text":2322432,"lib":0,"data":9684865024,"dirty":0,"uss":114749440,"pss":1820035072,"swap":0},"28541":{"rss":3265622016,"vms":11412668416,"shared":180494336,"text":2322432,"lib":0,"data":9684865024,"dirty":0,"uss":102240256,"pss":1678357504,"swap":0}},"nvidia_draw_absolute":45.86,"nvidia_estimated_attributable_power_draw":45.86,"average_gpu_estimated_utilization_absolute":0.19,"per_gpu_average_estimated_utilization_absolute":{"(0, 28473)":{"sm":19,"mem":0,"enc":0,"dec":0}},"average_gpu_estimated_utilization_relative":1.0,"per_gpu_performance_state":{"0":"P2"},"per_gpu_power_draw":{"0":45.86},"cpu_count_adjusted_average_load":[0.18125,0.1659375,0.16375],"realtime_carbon_intensity":333.430730058,"disk_write_speed":18.6925520882,"process_ids":[28473,28541]}
{"timestamp":1572412705.1501159668,"rapl_power_draw_absolute":77.9199084223,"rapl_estimated_attributable_power_draw":18.0401016671,"cpu_time_seconds":{"28473":{"user":227.16,"system":2.74,"children_user":1.05,"children_system":0.34},"28541":{"user":3.94,"system":9.04,"children_user":0.35,"children_system":7.46}},"average_relative_cpu_utilization":0.2315515851,"absolute_cpu_utilization":1.0036264901,"relative_mem_usage":0.2312207446,"absolute_mem_usage":3715394560.0,"absolute_mem_percent_usage":0.0275012221,"mem_info_per_process":{"28473":{"rss":3648937984,"vms":11412668416,"shared":563986432,"text":2322432,"lib":0,"data":9684865024,"dirty":0,"uss":114753536,"pss":1820037120,"swap":0},"28541":{"rss":3265622016,"vms":11412668416,"shared":180494336,"text":2322432,"lib":0,"data":9684865024,"dirty":0,"uss":102244352,"pss":1678359552,"swap":0}},"nvidia_draw_absolute":45.7,"nvidia_estimated_attributable_power_draw":45.7,"average_gpu_estimated_utilization_absolute":0.19,"per_gpu_average_estimated_utilization_absolute":{"(0, 28473)":{"sm":19,"mem":1,"enc":0,"dec":0}},"average_gpu_estimated_utilization_relative":1.0,"per_gpu_performance_state":{"0":"P2"},"per_gpu_power_draw":{"0":45.7},"cpu_count_adjusted_average_load":[0.179375,0.165625,0.16375],"realtime_carbon_intensity":333.430730058,"disk_write_speed":17.4015126685,"process_ids":[28473,28541]}
{"timestamp":1572412713.427011013,"rapl_power_draw_absolute":78.4135411493,"rapl_estimated_attributable_power_draw":17.9595663077,"cpu_time_seconds":{"28473":{"user":235.43,"system":2.74,"children_user":1.05,"children_system":0.34},"28541":{"user":4.04,"system":9.38,"children_user":0.37,"children_system":7.74}},"average_relative_cpu_utilization":0.2288193609,"absolute_cpu_utilization":0.9986580761,"relative_mem_usage":0.2312113132,"absolute_mem_usage":3715406848.0,"absolute_mem_percent_usage":0.0275013131,"mem_info_per_process":{"28473":{"rss":3648937984,"vms":11412668416,"shared":563986432,"text":2322432,"lib":0,"data":9684865024,"dirty":0,"uss":114757632,"pss":1820039168,"swap":0},"28541":{"rss":3265622016,"vms":11412668416,"shared":180494336,"text":2322432,"lib":0,"data":9684865024,"dirty":0,"uss":102248448,"pss":1678361600,"swap":0}},"nvidia_draw_absolute":45.92,"nvidia_estimated_attributable_power_draw":45.92,"average_gpu_estimated_utilization_absolute":0.1866666667,"per_gpu_average_estimated_utilization_absolute":{"(0, 28473)":{"sm":18.6666666667,"mem":0.6666666667,"enc":0.0,"dec":0.0}},"average_gpu_estimated_utilization_relative":1.0,"per_gpu_performance_state":{"0":"P2"},"per_gpu_power_draw":{"0":45.92},"cpu_count_adjusted_average_load":[0.1803125,0.1665625,0.1640625],"realtime_carbon_intensity":333.430730058,"disk_write_speed":22.5663902266,"process_ids":[28473,28541]}
{"timestamp":1572412721.7376248837,"rapl_power_draw_absolute":77.9374862586,"rapl_estimated_attributable_power_draw":17.7772418417,"cpu_time_seconds":{"28473":{"user":243.74,"system":2.74,"children_user":1.05,"children_system":0.34},"28541":{"user":4.19,"system":9.75,"children_user":0.38,"children_system":8.01}},"average_relative_cpu_utilization":0.2277754492,"absolute_cpu_utilization":0.9986234507,"relative_mem_usage":0.2312111924,"absolute_mem_usage":3715431424.0,"absolute_mem_percent_usage":0.027501495,"mem_info_per_process":{"28473":{"rss":3648937984,"vms":11412668416,"shared":563986432,"text":2322432,"lib":0,"data":9684865024,"dirty":0,"uss":114765824,"pss":1820043264,"swap":0},"28541":{"rss":3265622016,"vms":11412668416,"shared":180494336,"text":2322432,"lib":0,"data":9684865024,"dirty":0,"uss":102256640,"pss":1678365696,"swap":0}},"nvidia_draw_absolute":45.18,"nvidia_estimated_attributable_power_draw":45.18,"average_gpu_estimated_utilization_absolute":0.19,"per_gpu_average_estimated_utilization_absolute":{"(0, 28473)":{"sm":19,"mem":0,"enc":0,"dec":0}},"average_gpu_estimated_utilization_relative":1.0,"per_gpu_performance_state":{"0":"P2"},"per_gpu_power_draw":{"0":45.18},"cpu_count_adjusted_average_load":[0.18625,0.168125,0.1646875],"realtime_carbon_intensity":333.430730058,"disk_write_speed":25.9172610936,"process_ids":[28473,28541]}
{"timestamp":1572412729.9946639538,"rapl_power_draw_absolute":78.3872056507,"rapl_estimated_attributable_power_draw":17.5522125287,"cpu_time_seconds":{"28473":{"user":252.0,"system":2.75,"children_user":1.05,"children_system":0.34},"28541":{"user":4.34,"system":10.11,"children_user":0.4,"children_system":8.27}},"average_relative_cpu_utilization":0.2231988275,"absolute_cpu_utilization":0.9986171054,"relative_mem_usage":0.2312420176,"absolute_mem_usage":3715443712.0,"absolute_mem_percent_usage":0.027501586,"mem_info_per_process":{"28473":{"rss":3648937984,"vms":11412668416,"shared":563986432,"text":2322432,"lib":0,"data":9684865024,"dirty":0,"uss":114769920,"pss":1820045312,"swap":0},"28541":{"rss":3265622016,"vms":11412668416,"shared":180494336,"text":2322432,"lib":0,"data":9684865024,"dirty":0,"uss":102260736,"pss":1678367744,"swap":0}},"nvidia_draw_absolute":46.08,"nvidia_estimated_attributable_power_draw":46.08,"average_gpu_estimated_utilization_absolute":0.19,"per_gpu_average_estimated_utilization_absolute":{"(0, 28473)":{"sm":19,"mem":1,"enc":0,"dec":0}},"average_gpu_estimated_utilization_relative":1.0,"per_gpu_performance_state":{"0":"P2"},"per_gpu_power_draw":{"0":46.08},"cpu_count_adjusted_average_load":[0.18375,0.1678125,0.164375],"realtime_carbon_intensity":333.430730058,"disk_write_speed":26.927818902,"process_ids":[28473,28541]}
{"timestamp":1572412738.2933740616,"rapl_power_draw_absolute":78.3455859317,"rapl_estimated_attributable_power_draw":17.7429080151,"cpu_time_seconds":{"28473":{"user":260.29,"system":2.76,"children_user":1.05,"children_system":0.34},"28541":{"user":4.5,"system":10.46,"children_user":0.4,"children_system":8.54}},"average_relative_cpu_utilization":0.2259829569,"absolute_cpu_utilization":0.998761543,"relative_mem_usage":0.2312548678,"absolute_mem_usage":3715456000.0,"absolute_mem_percent_usage":0.0275016769,"mem_info_per_process":{"28473":{"rss":3648937984,"vms":11412668416,"shared":563986432,"text":2322432,"lib":0,"data":9684865024,"dirty":0,"uss":114774016,"pss":1820047360,"swap":0},"28541":{"rss":3265622016,"vms":11412668416,"shared":180494336,"text":2322432,"lib":0,"data":9684865024,"dirty":0,"uss":102264832,"pss":1678369792,"swap":0}},"nvidia_draw_absolute":46.02,"nvidia_estimated_attributable_power_draw":46.02,"average_gpu_estimated_utilization_absolute":0.19,"per_gpu_average_estimated_utilization_absolute":{"(0, 28473)":{"sm":19.0,"mem":0.5,"enc":0.0,"dec":0.0}},"average_gpu_estimated_utilization_relative":1.0,"per_gpu_performance_state":{"0":"P2"},"per_gpu_power_draw":{"0":46.02},"cpu_count_adjusted_average_load":[0.1840625,0.1684375,0.1646875],"realtime_carbon_intensity":333.430730058,"disk_write_speed":21.4801204334,"process_ids":[28473,28541]}
{"timestamp":1572412746.5245079994,"rapl_power_draw_absolute":78.539014869,"rapl_estimated_attributable_power_draw":17.8039523468,"cpu_time_seconds":{"28473":{"user":268.51,"system":2.77,"children_user":1.05,"children_system":0.34},"28541":{"user":4.62,"system":10.79,"children_user":0.42,"children_system":8.8}},"average_relative_cpu_utilization":0.2262406485,"absolute_cpu_utilization":0.9987610673,"relative_mem_usage":0.2311419027,"absolute_mem_usage":3715468288.0,"absolute_mem_percent_usage":0.0275017679,"mem_info_per_process":{"28473":{"rss":3648937984,"vms":11412668416,"shared":563986432,"text":2322432,"lib":0,"data":9684865024,"dirty":0,"uss":114778112,"pss":1820049408,"swap":0},"28541":{"rss":3265622016,"vms":11412668416,"shared":180494336,"text":2322432,"lib":0,"data":9684865024,"dirty":0,"uss":102268928,"pss":1678371840,"swap":0}},"nvidia_draw_absolute":45.58,"nvidia_estimated_attributable_power_draw":45.58,"average_gpu_estimated_utilization_absolute":0.185,"per_gpu_average_estimated_utilization_absolute":{"(0, 28473)":{"sm":18.5,"mem":1.0,"enc":0.0,"dec":0.0}},"average_gpu_estimated_utilization_relative":1.0,"per_gpu_performance_state":{"0":"P2"},"per_gpu_power_draw":{"0":45.58},"cpu_count_adjusted_average_load":[0.1825,0.16875,0.165],"realtime_carbon_intensity":333.430730058,"disk_write_speed":25.2241344375,"process_ids":[28473,28541]}
{"timestamp":1572412754.8371551037,"rapl_power_draw_absolute":78.5029079187,"rapl_estimated_attributable_power_draw":17.8752245426,"cpu_time_seconds":{"28473":{"user":276.82,"system":2.78,"children_user":1.05,"children_system":0.34},"28541":{"user":4.77,"system":11.16,"children_user":0.45,"children_system":9.06}},"average_relative_cpu_utilization":0.2273499981,"absolute_cpu_utilization":1.0035703274,"relative_mem_usage":0.2312275123,"absolute_mem_usage":3715480576.0,"absolute_mem_percent_usage":0.0275018588,"mem_info_per_process":{"28473":{"rss":3648937984,"vms":11412668416,"shared":563986432,"text":2322432,"lib":0,"data":9684865024,"dirty":0,"uss":114782208,"pss":1820051456,"swap":0},"28541":{"rss":3265622016,"vms":11412668416,"shared":180494336,"text":2322432,"lib":0,"data":9684865024,"dirty":0,"uss":102273024,"pss":1678373888,"swap":0}},"nvidia_draw_absolute":46.1,"nvidia_estimated_attributable_power_draw":46.1,"average_gpu_estimated_utilization_absolute":0.19,"per_gpu_average_estimated_utilization_absolute":{"(0, 28473)":{"sm":19.0,"mem":0.5,"enc":0.0,"dec":0.0}},"average_gpu_estimated_utilization_relative":1.0,"per_gpu_performance_state":{"0":"P2"},"per_gpu_power_draw":{"0":46.1},"cpu_count_adjusted_average_load":[0.1803125,0.1684375,0.1646875],"realtime_carbon_intensity":333.430730058,"disk_write_speed":17.9106836654,"process_ids":[28473,28541]}
{"timestamp":1572412763.1114590168,"rapl_power_draw_absolute":78.4410487883,"rapl_estimated_attributable_power_draw":17.8654547759,"cpu_time_seconds":{"28473":{"user":285.08,"system":2.79,"children_user":1.05,"children_system":0.34},"28541":{"user":4.89,"system":11.52,"children_user":0.47,"children_system":9.34}},"average_relative_cpu_utilization":0.2274080745,"absolute_cpu_utilization":0.9936261989,"relative_mem_usage":0.2312526816,"absolute_mem_usage":3715492864.0,"absolute_mem_percent_usage":0.0275019498,"mem_info_per_process":{"28473":{"rss":3648937984,"vms":11412668416,"shared":563986432,"text":2322432,"lib":0,"data":9684865024,"dirty":0,"uss":114786304,"pss":1820053504,"swap":0},"28541":{"rss":3265622016,"vms":11412668416,"shared":180494336,"text":2322432,"lib":0,"data":9684865024,"dirty":0,"uss":102277120,"pss":1678375936,"swap":0}},"nvidia_draw_absolute":45.54,"nvidia_estimated_attributable_power_draw":45.54,"average_gpu_estimated_utilization_absolute":0.19,"per_gpu_average_estimated_utilization_absolute":{"(0, 28473)":{"sm":19,"mem":1,"enc":0,"dec":0}},"average_gpu_estimated_utilization_relative":1.0,"per_gpu_performance_state":{"0":"P2"},"per_gpu_power_draw":{"0":45.54},"cpu_count_adjusted_average_load":[0.1740625,0.1675,0.164375],"realtime_carbon_intensity":333.430730058,"disk_write_speed":20.5604603241,"process_ids":[28473,28541]}
{"timestamp":1572412771.4073500633,"rapl_power_draw_absolute":78.3687488875,"rapl_estimated_attributable_power_draw":17.9187653653,"cpu_time_seconds":{"28473":{"user":293.38,"system":2.8,"children_user":1.05,"children_system":0.34},"28541":{"user":5.02,"system":11.86,"children_user":0.48,"children_system":9.62}},"average_relative_cpu_utilization":0.2283888256,"absolute_cpu_utilization":1.0036282226,"relative_mem_usage":0.2312667709,"absolute_mem_usage":3715505152.0,"absolute_mem_percent_usage":0.0275020407,"mem_info_per_process":{"28473":{"rss":3648937984,"vms":11412668416,"shared":563986432,"text":2322432,"lib":0,"data":9684865024,"dirty":0,"uss":114790400,"pss":1820055552,"swap":0},"28541":{"rss":3265622016,"vms":11412668416,"shared":180494336,"text":2322432,"lib":0,"data":9684865024,"dirty":0,"uss":102281216,"pss":1678377984,"swap":0}},"nvidia_draw_absolute":45.91,"nvidia_estimated_attributable_power_draw":45.91,"average_gpu_estimated_utilization_absolute":0.18,"per_gpu_average_estimated_utilization_absolute":{"(0, 28473)":{"sm":18.0,"mem":0.25,"enc":0.0,"dec":0.0}},"average_gpu_estimated_utilization_relative":1.0,"per_gpu_performance_state":{"0":"P2"},"per_gpu_power_draw":{"0":45.91},"cpu_count_adjusted_average_load":[0.17125,0.1671875,0.164375],"realtime_carbon_intensity":333.430730058,"disk_write_speed":22.9450840411,"process_ids":[28473,28541]}
{"timestamp":1572412779.7008340359,"rapl_power_draw_absolute":77.6250840213,"rapl_estimated_attributable_power_draw":17.7242605381,"cpu_time_seconds":{"28473":{"user":301.67,"system":2.8,"children_user":1.05,"children_system":0.34},"28541":{"user":5.15,"system":12.21,"children_user":0.49,"children_system":9.9}},"average_relative_cpu_utilization":0.2280323003,"absolute_cpu_utilization":0.9986399012,"relative_mem_usage":0.2312967238,"absolute_mem_usage":3715529728.0,"absolute_mem_percent_usage":0.0275022226,"mem_info_per_process":{"28473":{"rss":3648937984,"vms":11412668416,"shared":563986432,"text":2322432,"lib":0,"data":9684865024,"dirty":0,"uss":114798592,"pss":1820059648,"swap":0},"28541":{"rss":3265622016,"vms":11412668416,"shared":180494336,"text":2322432,"lib":0,"data":9684865024,"dirty":0,"uss":102289408,"pss":1678382080,"swap":0}},"nvidia_draw_absolute":46.01,"nvidia_estimated_attributable_power_draw":46.01,"average_gpu_estimated_utilization_absolute":0.19,"per_gpu_average_estimated_utilization_absolute":{"(0, 28473)":{"sm":19.0,"mem":0.5,"enc":0.0,"dec":0.0}},"average_gpu_estimated_utilization_relative":1.0,"per_gpu_performance_state":{"0":"P2"},"per_gpu_power_draw":{"0":46.01},"cpu_count_adjusted_average_load":[0.1675,0.1665625,0.1640625],"realtime_carbon_intensity":333.430730058,"disk_write_speed":21.368785142,"process_ids":[28473,28541]}
{"timestamp":1572412787.9696331024,"rapl_power_draw_absolute":77.8339762118,"rapl_estimated_attributable_power_draw":17.9837399228,"cpu_time_seconds":{"28473":{"user":309.94,"system":2.81,"children_user":1.05,"children_system":0.34},"28541":{"user":5.3,"system":12.53,"children_user":0.49,"children_system":10.19}},"average_relative_cpu_utilization":0.2310272523,"absolute_cpu_utilization":1.0037538288,"relative_mem_usage":0.2313104053,"absolute_mem_usage":3715542016.0,"absolute_mem_percent_usage":0.0275023136,"mem_info_per_process":{"28473":{"rss":3648937984,"vms":11412668416,"shared":563986432,"text":2322432,"lib":0,"data":9684865024,"dirty":0,"uss":114802688,"pss":1820061696,"swap":0},"28541":{"rss":3265622016,"vms":11412668416,"shared":180494336,"text":2322432,"lib":0,"data":9684865024,"dirty":0,"uss":102293504,"pss":1678384128,"swap":0}},"nvidia_draw_absolute":45.81,"nvidia_estimated_attributable_power_draw":45.81,"average_gpu_estimated_utilization_absolute":0.19,"per_gpu_average_estimated_utilization_absolute":{"(0, 28473)":{"sm":19.0,"mem":0.5,"enc":0.0,"dec":0.0}},"average_gpu_estimated_utilization_relative":1.0,"per_gpu_performance_state":{"0":"P2"},"per_gpu_power_draw":{"0":45.81},"cpu_count_adjusted_average_load":[0.1684375,0.1665625,0.164375],"realtime_carbon_intensity":333.430730058,"disk_write_speed":31.4187135291,"process_ids":[28473,28541]}
{"timestamp":1572412796.2356541157,"rapl_power_draw_absolute":77.7085597504,"rapl_estimated_attributable_power_draw":17.8167509995,"cpu_time_seconds":{"28473":{"user":318.2,"system":2.81,"children_user":1.05,"children_system":0.34},"28541":{"user":5.47,"system":12.88,"children_user":0.51,"children_system":10.48}},"average_relative_cpu_utilization":0.2290761504,"absolute_cpu_utilization":0.9986172633,"relative_mem_usage":0.231268887,"absolute_mem_usage":3715554304.0,"absolute_mem_percent_usage":0.0275024046,"mem_info_per_process":{"28473":{"rss":3648937984,"vms":11412668416,"shared":563986432,"text":2322432,"lib":0,"data":9684865024,"dirty":0,"uss":114806784,"pss":1820063744,"swap":0},"28541":{"rss":3265622016,"vms":11412668416,"shared":180494336,"text":2322432,"lib":0,"data":9684865024,"dirty":0,"uss":102297600,"pss":1678386176,"swap":0}},"nvidia_draw_absolute":45.62,"nvidia_estimated_attributable_power_draw":45.62,"average_gpu_estimated_utilization_absolute":0.19,"per_gpu_average_estimated_utilization_absolute":{"(0, 28473)":{"sm":19.0,"mem":0.5,"enc":0.0,"dec":0.0}},"average_gpu_estimated_utilization_relative":1.0,"per_gpu_performance_state":{"0":"P2"},"per_gpu_power_draw":{"0":45.62},"cpu_count_adjusted_average_load":[0.17125,0.1671875,0.1646875],"realtime_carbon_intensity":333.430730058,"disk_write_speed":22.0906022992,"process_ids":[28473,28541]}
{"timestamp":1572412804.5703539848,"rapl_power_draw_absolute":76.9557912024,"rapl_estimated_attributable_power_draw":17.7546912363,"cpu_time_seconds":{"28473":{"user":326.53,"system":2.82,"children_user":1.05,"children_system":0.34},"28541":{"user":5.62,"system":13.27,"children_user":0.52,"children_system":10.76}},"average_relative_cpu_utilization":0.2306621933,"absolute_cpu_utilization":0.998619132,"relative_mem_usage":0.2312285434,"absolute_mem_usage":3715562496.0,"absolute_mem_percent_usage":0.0275024652,"mem_info_per_process":{"28473":{"rss":3648937984,"vms":11412668416,"shared":563986432,"text":2322432,"lib":0,"data":9684865024,"dirty":0,"uss":114810880,"pss":1820061696,"swap":0},"28541":{"rss":3265622016,"vms":11412668416,"shared":180494336,"text":2322432,"lib":0,"data":9684865024,"dirty":0,"uss":102301696,"pss":1678388224,"swap":0}},"nvidia_draw_absolute":45.53,"nvidia_estimated_attributable_power_draw":45.53,"average_gpu_estimated_utilization_absolute":0.19,"per_gpu_average_estimated_utilization_absolute":{"(0, 28473)":{"sm":19,"mem":1,"enc":0,"dec":0}},"average_gpu_estimated_utilization_relative":1.0,"per_gpu_performance_state":{"0":"P2"},"per_gpu_power_draw":{"0":45.53},"cpu_count_adjusted_average_load":[0.1675,0.1665625,0.164375],"realtime_carbon_intensity":333.430730058,"disk_write_speed":27.4118704272,"process_ids":[28473,28541]}
{"timestamp":1572412812.8162178993,"rapl_power_draw_absolute":76.3984739028,"rapl_estimated_attributable_power_draw":18.1448368646,"cpu_time_seconds":{"28473":{"user":334.77,"system":2.83,"children_user":1.05,"children_system":0.34},"28541":{"user":5.74,"system":13.6,"children_user":0.53,"children_system":11.05}},"average_relative_cpu_utilization":0.2381313601,"absolute_cpu_utilization":1.0035981338,"relative_mem_usage":0.2312569788,"absolute_mem_usage":3715579904.0,"absolute_mem_percent_usage":0.027502594,"mem_info_per_process":{"28473":{"rss":3648937984,"vms":11412668416,"shared":563986432,"text":2322432,"lib":0,"data":9684865024,"dirty":0,"uss":114814976,"pss":1820068864,"swap":0},"28541":{"rss":3265622016,"vms":11412668416,"shared":180494336,"text":2322432,"lib":0,"data":9684865024,"dirty":0,"uss":102305792,"pss":1678390272,"swap":0}},"nvidia_draw_absolute":45.6,"nvidia_estimated_attributable_power_draw":45.6,"average_gpu_estimated_utilization_absolute":0.19,"per_gpu_average_estimated_utilization_absolute":{"(0, 28473)":{"sm":19,"mem":0,"enc":0,"dec":0}},"average_gpu_estimated_utilization_relative":1.0,"per_gpu_performance_state":{"0":"P2"},"per_gpu_power_draw":{"0":45.6},"cpu_count_adjusted_average_load":[0.1659375,0.16625,0.164375],"realtime_carbon_intensity":333.430730058,"disk_write_speed":15.9490231028,"process_ids":[28473,28541]}
{"timestamp":1572412821.0346279144,"rapl_power_draw_absolute":76.834842559,"rapl_estimated_attributable_power_draw":18.210147412,"cpu_time_seconds":{"28473":{"user":342.99,"system":2.84,"children_user":1.05,"children_system":0.34},"28541":{"user":5.86,"system":13.91,"children_user":0.54,"children_system":11.31}},"average_relative_cpu_utilization":0.2375801592,"absolute_cpu_utilization":1.0037351504,"relative_mem_usage":0.2312707735,"absolute_mem_usage":3715592192.0,"absolute_mem_percent_usage":0.027502685,"mem_info_per_process":{"28473":{"rss":3648937984,"vms":11412668416,"shared":563986432,"text":2322432,"lib":0,"data":9684865024,"dirty":0,"uss":114819072,"pss":1820070912,"swap":0},"28541":{"rss":3265622016,"vms":11412668416,"shared":180494336,"text":2322432,"lib":0,"data":9684865024,"dirty":0,"uss":102309888,"pss":1678392320,"swap":0}},"nvidia_draw_absolute":45.5,"nvidia_estimated_attributable_power_draw":45.5,"average_gpu_estimated_utilization_absolute":0.19,"per_gpu_average_estimated_utilization_absolute":{"(0, 28473)":{"sm":19,"mem":1,"enc":0,"dec":0}},"average_gpu_estimated_utilization_relative":1.0,"per_gpu_performance_state":{"0":"P2"},"per_gpu_power_draw":{"0":45.5},"cpu_count_adjusted_average_load":[0.1621875,0.1653125,0.1640625],"realtime_carbon_intensity":333.430730058,"disk_write_speed":15.7592474133,"process_ids":[28473,28541]}
