{"timestamp":1573522546.8961489201,"rapl_power_draw_absolute":65.0202349049,"rapl_estimated_attributable_power_draw":14.5181520641,"cpu_time_seconds":{"21899":{"user":32.16,"system":3.05,"children_user":1.06,"children_system":0.13},"21951":{"user":0.0,"system":0.02,"children_user":0.0,"children_system":0.02}},"average_relative_cpu_utilization":0.240376555,"absolute_cpu_utilization":0.9990695533,"relative_mem_usage":0.0418896078,"absolute_mem_usage":3224320000.0,"absolute_mem_percent_usage":0.0238663052,"mem_info_per_process":{"21899":{"rss":2104205312,"vms":4120649728,"shared":109383680,"text":2322432,"lib":0,"data":2759495680,"dirty":0,"uss":750374912,"pss":1426067456,"swap":0},"21951":{"rss":1538347008,"vms":3659206656,"shared":4509696,"text":2322432,"lib":0,"data":2298052608,"dirty":0,"uss":186257408,"pss":861620224,"swap":0}},"nvidia_draw_absolute":35.28,"nvidia_estimated_attributable_power_draw":35.28,"average_gpu_estimated_utilization_absolute":0.035,"per_gpu_average_estimated_utilization_absolute":{"(0, 0)":{"sm":0.0,"mem":0.0,"enc":0.0,"dec":0.0},"(0, 21899)":{"sm":3.5,"mem":0.0,"enc":0.0,"dec":0.0}},"average_gpu_estimated_utilization_relative":1.0,"per_gpu_performance_state":{"0":"P2"},"per_gpu_power_draw":{"0":35.28},"cpu_count_adjusted_average_load":[0.145625,0.141875,0.138125],"cpu_freq":[{"current":1597.968,"min":1200.0,"max":3200.0},{"current":2400.0,"min":1200.0,"max":3200.0},{"current":2399.906,"min":1200.0,"max":3200.0},{"current":1199.906,"min":1200.0,"max":3200.0},{"current":1281.75,"min":1200.0,"max":3200.0},{"current":1247.343,"min":1200.0,"max":3200.0},{"current":1488.281,"min":1200.0,"max":3200.0},{"current":2399.906,"min":1200.0,"max":3200.0},{"current":3057.843,"min":1200.0,"max":3200.0},{"current":1299.468,"min":1200.0,"max":3200.0},{"current":1200.093,"min":1200.0,"max":3200.0},{"current":1300.312,"min":1200.0,"max":3200.0},{"current":1200.093,"min":1200.0,"max":3200.0},{"current":2982.0,"min":1200.0,"max":3200.0},{"current":1280.625,"min":1200.0,"max":3200.0},{"current":1216.687,"min":1200.0,"max":3200.0},{"current":1601.343,"min":1200.0,"max":3200.0},{"current":2399.906,"min":1200.0,"max":3200.0},{"current":2399.906,"min":1200.0,"max":3200.0},{"current":1293.937,"min":1200.0,"max":3200.0},{"current":1855.406,"min":1200.0,"max":3200.0},{"current":1295.156,"min":1200.0,"max":3200.0},{"current":1723.218,"min":1200.0,"max":3200.0},{"current":2295.093,"min":1200.0,"max":3200.0},{"current":2981.437,"min":1200.0,"max":3200.0},{"current":1644.093,"min":1200.0,"max":3200.0},{"current":1401.0,"min":1200.0,"max":3200.0},{"current":1412.718,"min":1200.0,"max":3200.0},{"current":1285.968,"min":1200.0,"max":3200.0},{"current":3199.875,"min":1200.0,"max":3200.0},{"current":1200.281,"min":1200.0,"max":3200.0},{"current":1200.187,"min":1200.0,"max":3200.0}],"realtime_carbon_intensity":401.3257110792,"disk_write_speed":46.9292755245,"process_ids":[21899,21951]}
{"timestamp":1573522554.9610159397,"rapl_power_draw_absolute":66.0366475333,"rapl_estimated_attributable_power_draw":15.1513217153,"cpu_time_seconds":{"21899":{"user":38.59,"system":4.56,"children_user":1.06,"children_system":0.13},"21951":{"user":0.23,"system":0.2,"children_user":0.0,"children_system":0.2}},"average_relative_cpu_utilization":0.2386969461,"absolute_cpu_utilization":1.0036195418,"relative_mem_usage":0.1268972424,"absolute_mem_usage":10154480640.0,"absolute_mem_percent_usage":0.0751631148,"mem_info_per_process":{"21899":{"rss":4459257856,"vms":13738659840,"shared":558084096,"text":2322432,"lib":0,"data":12168749056,"dirty":0,"uss":3838693376,"pss":4146136064,"swap":0},"21951":{"rss":1545256960,"vms":3659206656,"shared":11407360,"text":2322432,"lib":0,"data":2298052608,"dirty":0,"uss":931966976,"pss":1237684224,"swap":0}},"nvidia_draw_absolute":44.4,"nvidia_estimated_attributable_power_draw":44.4,"average_gpu_estimated_utilization_absolute":0.28,"per_gpu_average_estimated_utilization_absolute":{"(0, 21899)":{"sm":28,"mem":6,"enc":0,"dec":0}},"average_gpu_estimated_utilization_relative":1.0,"per_gpu_performance_state":{"0":"P2"},"per_gpu_power_draw":{"0":44.4},"cpu_count_adjusted_average_load":[0.1425,0.14125,0.1378125],"cpu_freq":[{"current":2399.906,"min":1200.0,"max":3200.0},{"current":1547.812,"min":1200.0,"max":3200.0},{"current":1199.906,"min":1200.0,"max":3200.0},{"current":2399.906,"min":1200.0,"max":3200.0},{"current":1204.5,"min":1200.0,"max":3200.0},{"current":1200.187,"min":1200.0,"max":3200.0},{"current":2400.0,"min":1200.0,"max":3200.0},{"current":1669.5,"min":1200.0,"max":3200.0},{"current":3036.843,"min":1200.0,"max":3200.0},{"current":1210.687,"min":1200.0,"max":3200.0},{"current":1329.468,"min":1200.0,"max":3200.0},{"current":1300.031,"min":1200.0,"max":3200.0},{"current":1200.187,"min":1200.0,"max":3200.0},{"current":1212.656,"min":1200.0,"max":3200.0},{"current":1230.093,"min":1200.0,"max":3200.0},{"current":1255.781,"min":1200.0,"max":3200.0},{"current":1599.468,"min":1200.0,"max":3200.0},{"current":1598.156,"min":1200.0,"max":3200.0},{"current":2399.718,"min":1200.0,"max":3200.0},{"current":2399.906,"min":1200.0,"max":3200.0},{"current":1204.031,"min":1200.0,"max":3200.0},{"current":1243.5,"min":1200.0,"max":3200.0},{"current":1590.0,"min":1200.0,"max":3200.0},{"current":1393.125,"min":1200.0,"max":3200.0},{"current":3141.656,"min":1200.0,"max":3200.0},{"current":1384.218,"min":1200.0,"max":3200.0},{"current":1296.093,"min":1200.0,"max":3200.0},{"current":1401.093,"min":1200.0,"max":3200.0},{"current":1283.25,"min":1200.0,"max":3200.0},{"current":1247.062,"min":1200.0,"max":3200.0},{"current":1214.906,"min":1200.0,"max":3200.0},{"current":1286.906,"min":1200.0,"max":3200.0}],"realtime_carbon_intensity":401.3257110792,"disk_write_speed":48.4909920117,"process_ids":[21899,21951]}
{"timestamp":1573522562.9534320831,"rapl_power_draw_absolute":65.4184382241,"rapl_estimated_attributable_power_draw":14.8791407975,"cpu_time_seconds":{"21899":{"user":46.37,"system":4.77,"children_user":1.06,"children_system":0.13},"21951":{"user":0.47,"system":0.38,"children_user":0.03,"children_system":0.36}},"average_relative_cpu_utilization":0.2358245067,"absolute_cpu_utilization":0.9986004885,"relative_mem_usage":0.1269703067,"absolute_mem_usage":10161701888.0,"absolute_mem_percent_usage":0.0752165662,"mem_info_per_process":{"21899":{"rss":4459323392,"vms":13738659840,"shared":558149632,"text":2322432,"lib":0,"data":12168749056,"dirty":0,"uss":3841122304,"pss":4147383296,"swap":0},"21951":{"rss":1545256960,"vms":3659206656,"shared":11407360,"text":2322432,"lib":0,"data":2298052608,"dirty":0,"uss":934330368,"pss":1238865920,"swap":0}},"nvidia_draw_absolute":44.9,"nvidia_estimated_attributable_power_draw":44.9,"average_gpu_estimated_utilization_absolute":0.275,"per_gpu_average_estimated_utilization_absolute":{"(0, 21899)":{"sm":27.5,"mem":6.0,"enc":0.0,"dec":0.0}},"average_gpu_estimated_utilization_relative":1.0,"per_gpu_performance_state":{"0":"P2"},"per_gpu_power_draw":{"0":44.9},"cpu_count_adjusted_average_load":[0.1396875,0.1409375,0.1378125],"cpu_freq":[{"current":2399.906,"min":1200.0,"max":3200.0},{"current":2399.906,"min":1200.0,"max":3200.0},{"current":1208.062,"min":1200.0,"max":3200.0},{"current":2399.906,"min":1200.0,"max":3200.0},{"current":1276.406,"min":1200.0,"max":3200.0},{"current":1276.312,"min":1200.0,"max":3200.0},{"current":1552.781,"min":1200.0,"max":3200.0},{"current":2399.906,"min":1200.0,"max":3200.0},{"current":3164.531,"min":1200.0,"max":3200.0},{"current":1600.218,"min":1200.0,"max":3200.0},{"current":1299.281,"min":1200.0,"max":3200.0},{"current":1401.562,"min":1200.0,"max":3200.0},{"current":2400.0,"min":1200.0,"max":3200.0},{"current":1284.187,"min":1200.0,"max":3200.0},{"current":1200.0,"min":1200.0,"max":3200.0},{"current":1201.593,"min":1200.0,"max":3200.0},{"current":2399.906,"min":1200.0,"max":3200.0},{"current":2400.0,"min":1200.0,"max":3200.0},{"current":1299.937,"min":1200.0,"max":3200.0},{"current":1997.343,"min":1200.0,"max":3200.0},{"current":1265.062,"min":1200.0,"max":3200.0},{"current":1225.218,"min":1200.0,"max":3200.0},{"current":1901.531,"min":1200.0,"max":3200.0},{"current":2400.0,"min":1200.0,"max":3200.0},{"current":3111.281,"min":1200.0,"max":3200.0},{"current":1626.281,"min":1200.0,"max":3200.0},{"current":1247.531,"min":1200.0,"max":3200.0},{"current":1993.218,"min":1200.0,"max":3200.0},{"current":1254.656,"min":1200.0,"max":3200.0},{"current":1269.562,"min":1200.0,"max":3200.0},{"current":1200.187,"min":1200.0,"max":3200.0},{"current":1233.0,"min":1200.0,"max":3200.0}],"realtime_carbon_intensity":401.3257110792,"disk_write_speed":54.5472546511,"process_ids":[21899,21951]}
{"timestamp":1573522570.9504899979,"rapl_power_draw_absolute":65.6025638277,"rapl_estimated_attributable_power_draw":15.349029655,"cpu_time_seconds":{"21899":{"user":54.17,"system":4.97,"children_user":1.06,"children_system":0.13},"21951":{"user":0.69,"system":0.56,"children_user":0.04,"children_system":0.52}},"average_relative_cpu_utilization":0.2429918388,"absolute_cpu_utilization":0.9986325526,"relative_mem_usage":0.1270049928,"absolute_mem_usage":10165130240.0,"absolute_mem_percent_usage":0.0752419428,"mem_info_per_process":{"21899":{"rss":4459323392,"vms":13738659840,"shared":558149632,"text":2322432,"lib":0,"data":12168749056,"dirty":0,"uss":3842265088,"pss":4147954688,"swap":0},"21951":{"rss":1545256960,"vms":3659206656,"shared":11407360,"text":2322432,"lib":0,"data":2298052608,"dirty":0,"uss":935473152,"pss":1239437312,"swap":0}},"nvidia_draw_absolute":43.21,"nvidia_estimated_attributable_power_draw":43.21,"average_gpu_estimated_utilization_absolute":0.275,"per_gpu_average_estimated_utilization_absolute":{"(0, 21899)":{"sm":27.5,"mem":6.0,"enc":0.0,"dec":0.0}},"average_gpu_estimated_utilization_relative":1.0,"per_gpu_performance_state":{"0":"P2"},"per_gpu_power_draw":{"0":43.21},"cpu_count_adjusted_average_load":[0.14375,0.1415625,0.138125],"cpu_freq":[{"current":1427.437,"min":1200.0,"max":3200.0},{"current":1199.906,"min":1200.0,"max":3200.0},{"current":2399.906,"min":1200.0,"max":3200.0},{"current":1964.718,"min":1200.0,"max":3200.0},{"current":1444.781,"min":1200.0,"max":3200.0},{"current":1200.937,"min":1200.0,"max":3200.0},{"current":2400.0,"min":1200.0,"max":3200.0},{"current":1632.843,"min":1200.0,"max":3200.0},{"current":3173.156,"min":1200.0,"max":3200.0},{"current":1271.062,"min":1200.0,"max":3200.0},{"current":1790.625,"min":1200.0,"max":3200.0},{"current":1399.125,"min":1200.0,"max":3200.0},{"current":1199.906,"min":1200.0,"max":3200.0},{"current":1200.093,"min":1200.0,"max":3200.0},{"current":1200.0,"min":1200.0,"max":3200.0},{"current":1199.906,"min":1200.0,"max":3200.0},{"current":2399.906,"min":1200.0,"max":3200.0},{"current":1209.656,"min":1200.0,"max":3200.0},{"current":2399.906,"min":1200.0,"max":3200.0},{"current":1504.125,"min":1200.0,"max":3200.0},{"current":1476.562,"min":1200.0,"max":3200.0},{"current":1270.5,"min":1200.0,"max":3200.0},{"current":2400.093,"min":1200.0,"max":3200.0},{"current":1891.031,"min":1200.0,"max":3200.0},{"current":3162.937,"min":1200.0,"max":3200.0},{"current":1712.625,"min":1200.0,"max":3200.0},{"current":1801.312,"min":1200.0,"max":3200.0},{"current":1275.843,"min":1200.0,"max":3200.0},{"current":1200.0,"min":1200.0,"max":3200.0},{"current":1209.656,"min":1200.0,"max":3200.0},{"current":1242.0,"min":1200.0,"max":3200.0},{"current":1217.625,"min":1200.0,"max":3200.0}],"realtime_carbon_intensity":401.3257110792,"disk_write_speed":52.9487854384,"process_ids":[21899,21951]}
{"timestamp":1573522578.9748899937,"rapl_power_draw_absolute":69.7795502759,"rapl_estimated_attributable_power_draw":13.7525110446,"cpu_time_seconds":{"21899":{"user":61.95,"system":5.21,"children_user":1.06,"children_system":0.13},"21951":{"user":0.91,"system":0.74,"children_user":0.05,"children_system":0.7}},"average_relative_cpu_utilization":0.2026279451,"absolute_cpu_utilization":0.9987214389,"relative_mem_usage":0.1269908623,"absolute_mem_usage":10167458816.0,"absolute_mem_percent_usage":0.0752591788,"mem_info_per_process":{"21899":{"rss":4459323392,"vms":13738659840,"shared":558149632,"text":2322432,"lib":0,"data":12168749056,"dirty":0,"uss":3843039232,"pss":4148324352,"swap":0},"21951":{"rss":1545256960,"vms":3659206656,"shared":11407360,"text":2322432,"lib":0,"data":2298052608,"dirty":0,"uss":936263680,"pss":1239831552,"swap":0}},"nvidia_draw_absolute":42.96,"nvidia_estimated_attributable_power_draw":42.96,"average_gpu_estimated_utilization_absolute":0.285,"per_gpu_average_estimated_utilization_absolute":{"(0, 21899)":{"sm":28.5,"mem":5.5,"enc":0.0,"dec":0.0}},"average_gpu_estimated_utilization_relative":1.0,"per_gpu_performance_state":{"0":"P2"},"per_gpu_power_draw":{"0":42.96},"cpu_count_adjusted_average_load":[0.140625,0.1409375,0.1378125],"cpu_freq":[{"current":1200.0,"min":1200.0,"max":3200.0},{"current":2100.0,"min":1200.0,"max":3200.0},{"current":2399.906,"min":1200.0,"max":3200.0},{"current":1697.812,"min":1200.0,"max":3200.0},{"current":1333.5,"min":1200.0,"max":3200.0},{"current":1276.593,"min":1200.0,"max":3200.0},{"current":1209.75,"min":1200.0,"max":3200.0},{"current":2400.0,"min":1200.0,"max":3200.0},{"current":3109.218,"min":1200.0,"max":3200.0},{"current":1200.187,"min":1200.0,"max":3200.0},{"current":1649.25,"min":1200.0,"max":3200.0},{"current":1295.812,"min":1200.0,"max":3200.0},{"current":1200.093,"min":1200.0,"max":3200.0},{"current":1200.187,"min":1200.0,"max":3200.0},{"current":1200.281,"min":1200.0,"max":3200.0},{"current":1200.0,"min":1200.0,"max":3200.0},{"current":1263.562,"min":1200.0,"max":3200.0},{"current":2083.687,"min":1200.0,"max":3200.0},{"current":2399.906,"min":1200.0,"max":3200.0},{"current":1593.562,"min":1200.0,"max":3200.0},{"current":1240.593,"min":1200.0,"max":3200.0},{"current":1201.781,"min":1200.0,"max":3200.0},{"current":2301.562,"min":1200.0,"max":3200.0},{"current":1774.218,"min":1200.0,"max":3200.0},{"current":3177.843,"min":1200.0,"max":3200.0},{"current":1397.25,"min":1200.0,"max":3200.0},{"current":1700.906,"min":1200.0,"max":3200.0},{"current":1296.656,"min":1200.0,"max":3200.0},{"current":1556.343,"min":1200.0,"max":3200.0},{"current":1657.968,"min":1200.0,"max":3200.0},{"current":1201.125,"min":1200.0,"max":3200.0},{"current":1210.312,"min":1200.0,"max":3200.0}],"realtime_carbon_intensity":401.3257110792,"disk_write_speed":57.3903977866,"process_ids":[21899,21951]}
{"timestamp":1573522586.965223074,"rapl_power_draw_absolute":64.9941550789,"rapl_estimated_attributable_power_draw":15.4020639874,"cpu_time_seconds":{"21899":{"user":69.76,"system":5.4,"children_user":1.06,"children_system":0.13},"21951":{"user":1.14,"system":0.92,"children_user":0.05,"children_system":0.88}},"average_relative_cpu_utilization":0.2462766603,"absolute_cpu_utilization":0.998564606,"relative_mem_usage":0.1270010094,"absolute_mem_usage":10168896512.0,"absolute_mem_percent_usage":0.0752698206,"mem_info_per_process":{"21899":{"rss":4459323392,"vms":13738659840,"shared":558149632,"text":2322432,"lib":0,"data":12168749056,"dirty":0,"uss":3843518464,"pss":4148563968,"swap":0},"21951":{"rss":1545256960,"vms":3659206656,"shared":11407360,"text":2322432,"lib":0,"data":2298052608,"dirty":0,"uss":936742912,"pss":1240071168,"swap":0}},"nvidia_draw_absolute":42.6,"nvidia_estimated_attributable_power_draw":42.6,"average_gpu_estimated_utilization_absolute":0.285,"per_gpu_average_estimated_utilization_absolute":{"(0, 21899)":{"sm":28.5,"mem":6.0,"enc":0.0,"dec":0.0}},"average_gpu_estimated_utilization_relative":1.0,"per_gpu_performance_state":{"0":"P2"},"per_gpu_power_draw":{"0":42.6},"cpu_count_adjusted_average_load":[0.139375,0.140625,0.1378125],"cpu_freq":[{"current":2399.906,"min":1200.0,"max":3200.0},{"current":2034.937,"min":1200.0,"max":3200.0},{"current":2400.0,"min":1200.0,"max":3200.0},{"current":1345.875,"min":1200.0,"max":3200.0},{"current":1217.906,"min":1200.0,"max":3200.0},{"current":1201.031,"min":1200.0,"max":3200.0},{"current":1199.906,"min":1200.0,"max":3200.0},{"current":2312.25,"min":1200.0,"max":3200.0},{"current":3082.5,"min":1200.0,"max":3200.0},{"current":1396.218,"min":1200.0,"max":3200.0},{"current":1312.312,"min":1200.0,"max":3200.0},{"current":1476.281,"min":1200.0,"max":3200.0},{"current":1200.093,"min":1200.0,"max":3200.0},{"current":1404.281,"min":1200.0,"max":3200.0},{"current":1200.093,"min":1200.0,"max":3200.0},{"current":1275.093,"min":1200.0,"max":3200.0},{"current":2400.0,"min":1200.0,"max":3200.0},{"current":2399.531,"min":1200.0,"max":3200.0},{"current":2399.906,"min":1200.0,"max":3200.0},{"current":1286.718,"min":1200.0,"max":3200.0},{"current":1221.375,"min":1200.0,"max":3200.0},{"current":1201.781,"min":1200.0,"max":3200.0},{"current":1200.0,"min":1200.0,"max":3200.0},{"current":2400.0,"min":1200.0,"max":3200.0},{"current":3078.375,"min":1200.0,"max":3200.0},{"current":1230.375,"min":1200.0,"max":3200.0},{"current":1300.687,"min":1200.0,"max":3200.0},{"current":1721.062,"min":1200.0,"max":3200.0},{"current":1207.406,"min":1200.0,"max":3200.0},{"current":1301.156,"min":1200.0,"max":3200.0},{"current":1203.093,"min":1200.0,"max":3200.0},{"current":1332.937,"min":1200.0,"max":3200.0}],"realtime_carbon_intensity":401.3257110792,"disk_write_speed":41.1500045933,"process_ids":[21899,21951]}
{"timestamp":1573522594.9804270267,"rapl_power_draw_absolute":64.6976909649,"rapl_estimated_attributable_power_draw":14.7414888963,"cpu_time_seconds":{"21899":{"user":77.58,"system":5.6,"children_user":1.06,"children_system":0.13},"21951":{"user":1.37,"system":1.09,"children_user":0.07,"children_system":1.04}},"average_relative_cpu_utilization":0.2363841245,"absolute_cpu_utilization":0.9986102569,"relative_mem_usage":0.1270036635,"absolute_mem_usage":10169885696.0,"absolute_mem_percent_usage":0.0752771425,"mem_info_per_process":{"21899":{"rss":4459323392,"vms":13738659840,"shared":558149632,"text":2322432,"lib":0,"data":12168749056,"dirty":0,"uss":3843842048,"pss":4148725760,"swap":0},"21951":{"rss":1545256960,"vms":3659206656,"shared":11407360,"text":2322432,"lib":0,"data":2298052608,"dirty":0,"uss":937078784,"pss":1240239104,"swap":0}},"nvidia_draw_absolute":47.38,"nvidia_estimated_attributable_power_draw":47.38,"average_gpu_estimated_utilization_absolute":0.295,"per_gpu_average_estimated_utilization_absolute":{"(0, 21899)":{"sm":29.5,"mem":6.0,"enc":0.0,"dec":0.0}},"average_gpu_estimated_utilization_relative":1.0,"per_gpu_performance_state":{"0":"P2"},"per_gpu_power_draw":{"0":47.38},"cpu_count_adjusted_average_load":[0.1396875,0.140625,0.1378125],"cpu_freq":[{"current":2381.906,"min":1200.0,"max":3200.0},{"current":1892.812,"min":1200.0,"max":3200.0},{"current":1211.531,"min":1200.0,"max":3200.0},{"current":2005.125,"min":1200.0,"max":3200.0},{"current":1331.25,"min":1200.0,"max":3200.0},{"current":1396.781,"min":1200.0,"max":3200.0},{"current":2398.218,"min":1200.0,"max":3200.0},{"current":1298.625,"min":1200.0,"max":3200.0},{"current":1405.031,"min":1200.0,"max":3200.0},{"current":1299.75,"min":1200.0,"max":3200.0},{"current":1400.062,"min":1200.0,"max":3200.0},{"current":2970.375,"min":1200.0,"max":3200.0},{"current":1221.562,"min":1200.0,"max":3200.0},{"current":1253.906,"min":1200.0,"max":3200.0},{"current":1251.937,"min":1200.0,"max":3200.0},{"current":2970.375,"min":1200.0,"max":3200.0},{"current":2399.906,"min":1200.0,"max":3200.0},{"current":1899.937,"min":1200.0,"max":3200.0},{"current":1398.656,"min":1200.0,"max":3200.0},{"current":2392.312,"min":1200.0,"max":3200.0},{"current":1418.625,"min":1200.0,"max":3200.0},{"current":1339.031,"min":1200.0,"max":3200.0},{"current":2120.437,"min":1200.0,"max":3200.0},{"current":1400.156,"min":1200.0,"max":3200.0},{"current":1737.187,"min":1200.0,"max":3200.0},{"current":1270.781,"min":1200.0,"max":3200.0},{"current":1500.375,"min":1200.0,"max":3200.0},{"current":3082.031,"min":1200.0,"max":3200.0},{"current":1206.656,"min":1200.0,"max":3200.0},{"current":1216.312,"min":1200.0,"max":3200.0},{"current":1203.187,"min":1200.0,"max":3200.0},{"current":1230.187,"min":1200.0,"max":3200.0}],"realtime_carbon_intensity":401.3257110792,"disk_write_speed":25.5228533794,"process_ids":[21899,21951]}
{"timestamp":1573522602.9824230671,"rapl_power_draw_absolute":73.7862533448,"rapl_estimated_attributable_power_draw":13.8476293505,"cpu_time_seconds":{"21899":{"user":85.4,"system":5.78,"children_user":1.06,"children_system":0.13},"21951":{"user":1.56,"system":1.24,"children_user":0.08,"children_system":1.22}},"average_relative_cpu_utilization":0.1921430574,"absolute_cpu_utilization":1.0036286561,"relative_mem_usage":0.1268707451,"absolute_mem_usage":10170947584.0,"absolute_mem_percent_usage":0.0752850025,"mem_info_per_process":{"21899":{"rss":4459323392,"vms":13738659840,"shared":558149632,"text":2322432,"lib":0,"data":12168749056,"dirty":0,"uss":3844063232,"pss":4148521984,"swap":0},"21951":{"rss":1545261056,"vms":3659206656,"shared":11407360,"text":2322432,"lib":0,"data":2298052608,"dirty":0,"uss":937779200,"pss":1240583168,"swap":0}},"nvidia_draw_absolute":44.3,"nvidia_estimated_attributable_power_draw":44.3,"average_gpu_estimated_utilization_absolute":0.35,"per_gpu_average_estimated_utilization_absolute":{"(0, 21899)":{"sm":35.0,"mem":7.25,"enc":0.0,"dec":0.0}},"average_gpu_estimated_utilization_relative":1.0,"per_gpu_performance_state":{"0":"P2"},"per_gpu_power_draw":{"0":44.3},"cpu_count_adjusted_average_load":[0.1475,0.1421875,0.1384375],"cpu_freq":[{"current":2400.0,"min":1200.0,"max":3200.0},{"current":1282.687,"min":1200.0,"max":3200.0},{"current":1221.375,"min":1200.0,"max":3200.0},{"current":1799.906,"min":1200.0,"max":3200.0},{"current":1817.625,"min":1200.0,"max":3200.0},{"current":2344.218,"min":1200.0,"max":3200.0},{"current":2295.656,"min":1200.0,"max":3200.0},{"current":2399.906,"min":1200.0,"max":3200.0},{"current":2400.0,"min":1200.0,"max":3200.0},{"current":2200.218,"min":1200.0,"max":3200.0},{"current":2094.281,"min":1200.0,"max":3200.0},{"current":2932.218,"min":1200.0,"max":3200.0},{"current":1244.625,"min":1200.0,"max":3200.0},{"current":1266.281,"min":1200.0,"max":3200.0},{"current":1300.218,"min":1200.0,"max":3200.0},{"current":1341.468,"min":1200.0,"max":3200.0},{"current":2399.906,"min":1200.0,"max":3200.0},{"current":1299.937,"min":1200.0,"max":3200.0},{"current":1572.75,"min":1200.0,"max":3200.0},{"current":2287.781,"min":1200.0,"max":3200.0},{"current":1284.656,"min":1200.0,"max":3200.0},{"current":1739.343,"min":1200.0,"max":3200.0},{"current":1483.5,"min":1200.0,"max":3200.0},{"current":1773.468,"min":1200.0,"max":3200.0},{"current":2402.625,"min":1200.0,"max":3200.0},{"current":2386.125,"min":1200.0,"max":3200.0},{"current":1571.812,"min":1200.0,"max":3200.0},{"current":3200.062,"min":1200.0,"max":3200.0},{"current":1687.687,"min":1200.0,"max":3200.0},{"current":1300.781,"min":1200.0,"max":3200.0},{"current":1275.281,"min":1200.0,"max":3200.0},{"current":1695.843,"min":1200.0,"max":3200.0}],"realtime_carbon_intensity":401.3257110792,"disk_write_speed":25.9962812021,"process_ids":[21899,21951]}
{"timestamp":1573522610.9178729057,"rapl_power_draw_absolute":73.5645346292,"rapl_estimated_attributable_power_draw":13.6545562245,"cpu_time_seconds":{"21899":{"user":92.98,"system":6.14,"children_user":1.06,"children_system":0.13},"21951":{"user":1.69,"system":1.4,"children_user":0.09,"children_system":1.36}},"average_relative_cpu_utilization":0.1924799505,"absolute_cpu_utilization":0.9986627871,"relative_mem_usage":0.1269967802,"absolute_mem_usage":10172217344.0,"absolute_mem_percent_usage":0.0752944012,"mem_info_per_process":{"21899":{"rss":4459323392,"vms":13738659840,"shared":558149632,"text":2322432,"lib":0,"data":12168749056,"dirty":0,"uss":3844399104,"pss":4148981760,"swap":0},"21951":{"rss":1545261056,"vms":3659206656,"shared":11407360,"text":2322432,"lib":0,"data":2298052608,"dirty":0,"uss":938090496,"pss":1240745984,"swap":0}},"nvidia_draw_absolute":47.47,"nvidia_estimated_attributable_power_draw":47.47,"average_gpu_estimated_utilization_absolute":0.355,"per_gpu_average_estimated_utilization_absolute":{"(0, 21899)":{"sm":35.5,"mem":7.0,"enc":0.0,"dec":0.0}},"average_gpu_estimated_utilization_relative":1.0,"per_gpu_performance_state":{"0":"P2"},"per_gpu_power_draw":{"0":47.47},"cpu_count_adjusted_average_load":[0.148125,0.1425,0.1384375],"cpu_freq":[{"current":2139.093,"min":1200.0,"max":3200.0},{"current":2400.0,"min":1200.0,"max":3200.0},{"current":2400.0,"min":1200.0,"max":3200.0},{"current":1915.031,"min":1200.0,"max":3200.0},{"current":2797.875,"min":1200.0,"max":3200.0},{"current":1378.125,"min":1200.0,"max":3200.0},{"current":1316.625,"min":1200.0,"max":3200.0},{"current":1207.593,"min":1200.0,"max":3200.0},{"current":2298.937,"min":1200.0,"max":3200.0},{"current":2399.812,"min":1200.0,"max":3200.0},{"current":1313.906,"min":1200.0,"max":3200.0},{"current":2915.437,"min":1200.0,"max":3200.0},{"current":1301.531,"min":1200.0,"max":3200.0},{"current":1200.093,"min":1200.0,"max":3200.0},{"current":1200.0,"min":1200.0,"max":3200.0},{"current":1245.468,"min":1200.0,"max":3200.0},{"current":2097.937,"min":1200.0,"max":3200.0},{"current":1395.843,"min":1200.0,"max":3200.0},{"current":1873.5,"min":1200.0,"max":3200.0},{"current":2400.0,"min":1200.0,"max":3200.0},{"current":2709.375,"min":1200.0,"max":3200.0},{"current":1476.187,"min":1200.0,"max":3200.0},{"current":1396.031,"min":1200.0,"max":3200.0},{"current":1675.5,"min":1200.0,"max":3200.0},{"current":2281.031,"min":1200.0,"max":3200.0},{"current":2400.0,"min":1200.0,"max":3200.0},{"current":1697.718,"min":1200.0,"max":3200.0},{"current":3200.062,"min":1200.0,"max":3200.0},{"current":1289.812,"min":1200.0,"max":3200.0},{"current":1200.468,"min":1200.0,"max":3200.0},{"current":1200.0,"min":1200.0,"max":3200.0},{"current":1280.812,"min":1200.0,"max":3200.0}],"realtime_carbon_intensity":401.3257110792,"disk_write_speed":47.6363589902,"process_ids":[21899,21951]}
{"timestamp":1573522618.888641119,"rapl_power_draw_absolute":70.6378277982,"rapl_estimated_attributable_power_draw":14.4800060511,"cpu_time_seconds":{"21899":{"user":100.69,"system":6.4,"children_user":1.06,"children_system":0.13},"21951":{"user":1.88,"system":1.59,"children_user":0.1,"children_system":1.52}},"average_relative_cpu_utilization":0.2129754919,"absolute_cpu_utilization":0.9994638049,"relative_mem_usage":0.1270007753,"absolute_mem_usage":10173609984.0,"absolute_mem_percent_usage":0.0753047095,"mem_info_per_process":{"21899":{"rss":4459339776,"vms":13738659840,"shared":558149632,"text":2322432,"lib":0,"data":12168749056,"dirty":0,"uss":3845095424,"pss":4149364736,"swap":0},"21951":{"rss":1545261056,"vms":3659206656,"shared":11407360,"text":2322432,"lib":0,"data":2298052608,"dirty":0,"uss":938299392,"pss":1240850432,"swap":0}},"nvidia_draw_absolute":48.24,"nvidia_estimated_attributable_power_draw":48.24,"average_gpu_estimated_utilization_absolute":0.34,"per_gpu_average_estimated_utilization_absolute":{"(0, 21899)":{"sm":34,"mem":7,"enc":0,"dec":0}},"average_gpu_estimated_utilization_relative":1.0,"per_gpu_performance_state":{"0":"P2"},"per_gpu_power_draw":{"0":48.24},"cpu_count_adjusted_average_load":[0.1496875,0.143125,0.13875],"cpu_freq":[{"current":1989.281,"min":1200.0,"max":3200.0},{"current":1521.468,"min":1200.0,"max":3200.0},{"current":2631.843,"min":1200.0,"max":3200.0},{"current":2313.75,"min":1200.0,"max":3200.0},{"current":1269.093,"min":1200.0,"max":3200.0},{"current":2054.437,"min":1200.0,"max":3200.0},{"current":1698.656,"min":1200.0,"max":3200.0},{"current":1406.062,"min":1200.0,"max":3200.0},{"current":1558.593,"min":1200.0,"max":3200.0},{"current":1595.718,"min":1200.0,"max":3200.0},{"current":1780.593,"min":1200.0,"max":3200.0},{"current":2966.531,"min":1200.0,"max":3200.0},{"current":1668.75,"min":1200.0,"max":3200.0},{"current":1433.906,"min":1200.0,"max":3200.0},{"current":1214.25,"min":1200.0,"max":3200.0},{"current":1201.031,"min":1200.0,"max":3200.0},{"current":2400.0,"min":1200.0,"max":3200.0},{"current":1996.875,"min":1200.0,"max":3200.0},{"current":2605.687,"min":1200.0,"max":3200.0},{"current":2399.906,"min":1200.0,"max":3200.0},{"current":1200.0,"min":1200.0,"max":3200.0},{"current":1577.812,"min":1200.0,"max":3200.0},{"current":2399.906,"min":1200.0,"max":3200.0},{"current":2317.406,"min":1200.0,"max":3200.0},{"current":1565.25,"min":1200.0,"max":3200.0},{"current":1479.375,"min":1200.0,"max":3200.0},{"current":1791.937,"min":1200.0,"max":3200.0},{"current":3026.531,"min":1200.0,"max":3200.0},{"current":1512.0,"min":1200.0,"max":3200.0},{"current":1350.562,"min":1200.0,"max":3200.0},{"current":1224.0,"min":1200.0,"max":3200.0},{"current":1200.0,"min":1200.0,"max":3200.0}],"realtime_carbon_intensity":401.3257110792,"disk_write_speed":30.9968794746,"process_ids":[21899,21951]}
{"timestamp":1573522626.8700890541,"rapl_power_draw_absolute":74.5658440504,"rapl_estimated_attributable_power_draw":13.6514298932,"cpu_time_seconds":{"21899":{"user":108.4,"system":6.68,"children_user":1.06,"children_system":0.13},"21951":{"user":2.04,"system":1.76,"children_user":0.13,"children_system":1.67}},"average_relative_cpu_utilization":0.1895600753,"absolute_cpu_utilization":0.998673075,"relative_mem_usage":0.1269849154,"absolute_mem_usage":10173597696.0,"absolute_mem_percent_usage":0.0753046186,"mem_info_per_process":{"21899":{"rss":4459347968,"vms":13738659840,"shared":558149632,"text":2322432,"lib":0,"data":12168749056,"dirty":0,"uss":3844902912,"pss":4149250048,"swap":0},"21951":{"rss":1545261056,"vms":3659206656,"shared":11407360,"text":2322432,"lib":0,"data":2298052608,"dirty":0,"uss":938496000,"pss":1240948736,"swap":0}},"nvidia_draw_absolute":46.22,"nvidia_estimated_attributable_power_draw":46.22,"average_gpu_estimated_utilization_absolute":0.3466666667,"per_gpu_average_estimated_utilization_absolute":{"(0, 21899)":{"sm":34.6666666667,"mem":7.3333333333,"enc":0.0,"dec":0.0}},"average_gpu_estimated_utilization_relative":1.0,"per_gpu_performance_state":{"0":"P2"},"per_gpu_power_draw":{"0":46.22},"cpu_count_adjusted_average_load":[0.1475,0.1428125,0.1384375],"cpu_freq":[{"current":1890.0,"min":1200.0,"max":3200.0},{"current":1199.906,"min":1200.0,"max":3200.0},{"current":1596.375,"min":1200.0,"max":3200.0},{"current":1209.0,"min":1200.0,"max":3200.0},{"current":1200.562,"min":1200.0,"max":3200.0},{"current":1200.187,"min":1200.0,"max":3200.0},{"current":2398.406,"min":1200.0,"max":3200.0},{"current":1418.625,"min":1200.0,"max":3200.0},{"current":1292.812,"min":1200.0,"max":3200.0},{"current":2338.218,"min":1200.0,"max":3200.0},{"current":1457.718,"min":1200.0,"max":3200.0},{"current":2948.156,"min":1200.0,"max":3200.0},{"current":2942.906,"min":1200.0,"max":3200.0},{"current":1213.875,"min":1200.0,"max":3200.0},{"current":1240.968,"min":1200.0,"max":3200.0},{"current":1255.781,"min":1200.0,"max":3200.0},{"current":2400.0,"min":1200.0,"max":3200.0},{"current":1199.812,"min":1200.0,"max":3200.0},{"current":1586.906,"min":1200.0,"max":3200.0},{"current":1997.343,"min":1200.0,"max":3200.0},{"current":1200.0,"min":1200.0,"max":3200.0},{"current":1301.906,"min":1200.0,"max":3200.0},{"current":2400.0,"min":1200.0,"max":3200.0},{"current":1497.093,"min":1200.0,"max":3200.0},{"current":1266.468,"min":1200.0,"max":3200.0},{"current":2385.375,"min":1200.0,"max":3200.0},{"current":1376.812,"min":1200.0,"max":3200.0},{"current":3026.531,"min":1200.0,"max":3200.0},{"current":2827.687,"min":1200.0,"max":3200.0},{"current":1281.093,"min":1200.0,"max":3200.0},{"current":1291.781,"min":1200.0,"max":3200.0},{"current":1274.25,"min":1200.0,"max":3200.0}],"realtime_carbon_intensity":401.3257110792,"disk_write_speed":43.3656705335,"process_ids":[21899,21951]}
{"timestamp":1573522634.8409678936,"rapl_power_draw_absolute":75.075227119,"rapl_estimated_attributable_power_draw":14.1970921585,"cpu_time_seconds":{"21899":{"user":116.1,"system":6.95,"children_user":1.06,"children_system":0.13},"21951":{"user":2.23,"system":1.92,"children_user":0.15,"children_system":1.83}},"average_relative_cpu_utilization":0.1936047495,"absolute_cpu_utilization":0.9987421046,"relative_mem_usage":0.1269918216,"absolute_mem_usage":10174716928.0,"absolute_mem_percent_usage":0.0753129031,"mem_info_per_process":{"21899":{"rss":4459397120,"vms":13738659840,"shared":558149632,"text":2322432,"lib":0,"data":12168749056,"dirty":0,"uss":3845480448,"pss":4149581824,"swap":0},"21951":{"rss":1545261056,"vms":3659206656,"shared":11407360,"text":2322432,"lib":0,"data":2298052608,"dirty":0,"uss":938635264,"pss":1241019392,"swap":0}},"nvidia_draw_absolute":45.55,"nvidia_estimated_attributable_power_draw":45.55,"average_gpu_estimated_utilization_absolute":0.35,"per_gpu_average_estimated_utilization_absolute":{"(0, 21899)":{"sm":35.0,"mem":7.5,"enc":0.0,"dec":0.0}},"average_gpu_estimated_utilization_relative":1.0,"per_gpu_performance_state":{"0":"P2"},"per_gpu_power_draw":{"0":45.55},"cpu_count_adjusted_average_load":[0.1665625,0.146875,0.14],"cpu_freq":[{"current":2399.906,"min":1200.0,"max":3200.0},{"current":2749.687,"min":1200.0,"max":3200.0},{"current":2399.906,"min":1200.0,"max":3200.0},{"current":1399.125,"min":1200.0,"max":3200.0},{"current":1875.187,"min":1200.0,"max":3200.0},{"current":1993.968,"min":1200.0,"max":3200.0},{"current":2756.156,"min":1200.0,"max":3200.0},{"current":2400.0,"min":1200.0,"max":3200.0},{"current":1795.593,"min":1200.0,"max":3200.0},{"current":1927.875,"min":1200.0,"max":3200.0},{"current":2399.906,"min":1200.0,"max":3200.0},{"current":2893.781,"min":1200.0,"max":3200.0},{"current":2400.0,"min":1200.0,"max":3200.0},{"current":1464.468,"min":1200.0,"max":3200.0},{"current":1400.156,"min":1200.0,"max":3200.0},{"current":1276.875,"min":1200.0,"max":3200.0},{"current":2400.0,"min":1200.0,"max":3200.0},{"current":2810.343,"min":1200.0,"max":3200.0},{"current":2269.031,"min":1200.0,"max":3200.0},{"current":1500.0,"min":1200.0,"max":3200.0},{"current":1699.218,"min":1200.0,"max":3200.0},{"current":1820.718,"min":1200.0,"max":3200.0},{"current":2809.031,"min":1200.0,"max":3200.0},{"current":1696.781,"min":1200.0,"max":3200.0},{"current":1614.937,"min":1200.0,"max":3200.0},{"current":1997.812,"min":1200.0,"max":3200.0},{"current":2399.906,"min":1200.0,"max":3200.0},{"current":2863.781,"min":1200.0,"max":3200.0},{"current":2188.875,"min":1200.0,"max":3200.0},{"current":1345.5,"min":1200.0,"max":3200.0},{"current":1601.343,"min":1200.0,"max":3200.0},{"current":1300.5,"min":1200.0,"max":3200.0}],"realtime_carbon_intensity":401.3257110792,"disk_write_speed":47.4982133311,"process_ids":[21899,21951]}
{"timestamp":1573522642.8237299919,"rapl_power_draw_absolute":67.6001695799,"rapl_estimated_attributable_power_draw":15.090521005,"cpu_time_seconds":{"21899":{"user":123.84,"system":7.2,"children_user":1.06,"children_system":0.13},"21951":{"user":2.44,"system":2.1,"children_user":0.16,"children_system":2.0}},"average_relative_cpu_utilization":0.2314776715,"absolute_cpu_utilization":0.9987184366,"relative_mem_usage":0.127103745,"absolute_mem_usage":10175193088.0,"absolute_mem_percent_usage":0.0753164276,"mem_info_per_process":{"21899":{"rss":4459397120,"vms":13738659840,"shared":558149632,"text":2322432,"lib":0,"data":12168749056,"dirty":0,"uss":3845636096,"pss":4149688320,"swap":0},"21951":{"rss":1545261056,"vms":3659206656,"shared":11407360,"text":2322432,"lib":0,"data":2298052608,"dirty":0,"uss":938774528,"pss":1241094144,"swap":0}},"nvidia_draw_absolute":50.57,"nvidia_estimated_attributable_power_draw":50.57,"average_gpu_estimated_utilization_absolute":0.36,"per_gpu_average_estimated_utilization_absolute":{"(0, 21899)":{"sm":36.0,"mem":7.5,"enc":0.0,"dec":0.0}},"average_gpu_estimated_utilization_relative":1.0,"per_gpu_performance_state":{"0":"P2"},"per_gpu_power_draw":{"0":50.57},"cpu_count_adjusted_average_load":[0.165625,0.146875,0.14],"cpu_freq":[{"current":1277.437,"min":1200.0,"max":3200.0},{"current":2295.75,"min":1200.0,"max":3200.0},{"current":2700.187,"min":1200.0,"max":3200.0},{"current":1395.375,"min":1200.0,"max":3200.0},{"current":1333.312,"min":1200.0,"max":3200.0},{"current":1275.093,"min":1200.0,"max":3200.0},{"current":2399.906,"min":1200.0,"max":3200.0},{"current":1399.5,"min":1200.0,"max":3200.0},{"current":1200.0,"min":1200.0,"max":3200.0},{"current":1295.718,"min":1200.0,"max":3200.0},{"current":1700.437,"min":1200.0,"max":3200.0},{"current":3139.312,"min":1200.0,"max":3200.0},{"current":1233.187,"min":1200.0,"max":3200.0},{"current":1200.093,"min":1200.0,"max":3200.0},{"current":1227.75,"min":1200.0,"max":3200.0},{"current":1200.0,"min":1200.0,"max":3200.0},{"current":1279.781,"min":1200.0,"max":3200.0},{"current":1864.968,"min":1200.0,"max":3200.0},{"current":2755.218,"min":1200.0,"max":3200.0},{"current":1343.531,"min":1200.0,"max":3200.0},{"current":1300.031,"min":1200.0,"max":3200.0},{"current":1218.656,"min":1200.0,"max":3200.0},{"current":2399.906,"min":1200.0,"max":3200.0},{"current":1496.437,"min":1200.0,"max":3200.0},{"current":1212.0,"min":1200.0,"max":3200.0},{"current":1242.187,"min":1200.0,"max":3200.0},{"current":1881.843,"min":1200.0,"max":3200.0},{"current":2863.781,"min":1200.0,"max":3200.0},{"current":1230.843,"min":1200.0,"max":3200.0},{"current":1216.5,"min":1200.0,"max":3200.0},{"current":1206.937,"min":1200.0,"max":3200.0},{"current":1204.125,"min":1200.0,"max":3200.0}],"realtime_carbon_intensity":401.3257110792,"disk_write_speed":46.5795057811,"process_ids":[21899,21951]}
{"timestamp":1573522650.8204259872,"rapl_power_draw_absolute":66.7135695836,"rapl_estimated_attributable_power_draw":15.5749776288,"cpu_time_seconds":{"21899":{"user":131.54,"system":7.5,"children_user":1.06,"children_system":0.13},"21951":{"user":2.65,"system":2.29,"children_user":0.16,"children_system":2.17}},"average_relative_cpu_utilization":0.2427035647,"absolute_cpu_utilization":0.9986884737,"relative_mem_usage":0.1270967928,"absolute_mem_usage":10175537152.0,"absolute_mem_percent_usage":0.0753189744,"mem_info_per_process":{"21899":{"rss":4459397120,"vms":13738659840,"shared":558149632,"text":2322432,"lib":0,"data":12168749056,"dirty":0,"uss":3845750784,"pss":4149745664,"swap":0},"21951":{"rss":1545261056,"vms":3659206656,"shared":11407360,"text":2322432,"lib":0,"data":2298052608,"dirty":0,"uss":938889216,"pss":1241151488,"swap":0}},"nvidia_draw_absolute":47.03,"nvidia_estimated_attributable_power_draw":47.03,"average_gpu_estimated_utilization_absolute":0.3566666667,"per_gpu_average_estimated_utilization_absolute":{"(0, 21899)":{"sm":35.6666666667,"mem":7.6666666667,"enc":0.0,"dec":0.0}},"average_gpu_estimated_utilization_relative":1.0,"per_gpu_performance_state":{"0":"P2"},"per_gpu_power_draw":{"0":47.03},"cpu_count_adjusted_average_load":[0.1684375,0.148125,0.140625],"cpu_freq":[{"current":2399.906,"min":1200.0,"max":3200.0},{"current":2400.0,"min":1200.0,"max":3200.0},{"current":1228.218,"min":1200.0,"max":3200.0},{"current":2399.906,"min":1200.0,"max":3200.0},{"current":1248.843,"min":1200.0,"max":3200.0},{"current":1201.312,"min":1200.0,"max":3200.0},{"current":2400.0,"min":1200.0,"max":3200.0},{"current":1199.906,"min":1200.0,"max":3200.0},{"current":1326.656,"min":1200.0,"max":3200.0},{"current":1209.562,"min":1200.0,"max":3200.0},{"current":1650.468,"min":1200.0,"max":3200.0},{"current":3108.75,"min":1200.0,"max":3200.0},{"current":1240.312,"min":1200.0,"max":3200.0},{"current":1200.093,"min":1200.0,"max":3200.0},{"current":1200.093,"min":1200.0,"max":3200.0},{"current":1200.093,"min":1200.0,"max":3200.0},{"current":2400.0,"min":1200.0,"max":3200.0},{"current":2400.0,"min":1200.0,"max":3200.0},{"current":1295.437,"min":1200.0,"max":3200.0},{"current":2299.968,"min":1200.0,"max":3200.0},{"current":1200.0,"min":1200.0,"max":3200.0},{"current":1218.656,"min":1200.0,"max":3200.0},{"current":2399.906,"min":1200.0,"max":3200.0},{"current":1294.031,"min":1200.0,"max":3200.0},{"current":1853.156,"min":1200.0,"max":3200.0},{"current":1268.906,"min":1200.0,"max":3200.0},{"current":1513.406,"min":1200.0,"max":3200.0},{"current":2924.062,"min":1200.0,"max":3200.0},{"current":1211.812,"min":1200.0,"max":3200.0},{"current":1205.062,"min":1200.0,"max":3200.0},{"current":1216.312,"min":1200.0,"max":3200.0},{"current":1206.562,"min":1200.0,"max":3200.0}],"realtime_carbon_intensity":401.6330249509,"disk_write_speed":52.60145942,"process_ids":[21899,21951]}
{"timestamp":1573522658.8955209255,"rapl_power_draw_absolute":65.2477945865,"rapl_estimated_attributable_power_draw":15.3565426687,"cpu_time_seconds":{"21899":{"user":139.35,"system":7.77,"children_user":1.06,"children_system":0.13},"21951":{"user":2.88,"system":2.47,"children_user":0.17,"children_system":2.34}},"average_relative_cpu_utilization":0.2445026462,"absolute_cpu_utilization":1.0036006312,"relative_mem_usage":0.1270888847,"absolute_mem_usage":10175856640.0,"absolute_mem_percent_usage":0.0753213392,"mem_info_per_process":{"21899":{"rss":4459397120,"vms":13738659840,"shared":558149632,"text":2322432,"lib":0,"data":12168749056,"dirty":0,"uss":3845857280,"pss":4149798912,"swap":0},"21951":{"rss":1545261056,"vms":3659206656,"shared":11407360,"text":2322432,"lib":0,"data":2298052608,"dirty":0,"uss":938995712,"pss":1241204736,"swap":0}},"nvidia_draw_absolute":49.13,"nvidia_estimated_attributable_power_draw":49.13,"average_gpu_estimated_utilization_absolute":0.36,"per_gpu_average_estimated_utilization_absolute":{"(0, 21899)":{"sm":36.0,"mem":7.5,"enc":0.0,"dec":0.0}},"average_gpu_estimated_utilization_relative":1.0,"per_gpu_performance_state":{"0":"P2"},"per_gpu_power_draw":{"0":49.13},"cpu_count_adjusted_average_load":[0.1640625,0.148125,0.140625],"cpu_freq":[{"current":2399.906,"min":1200.0,"max":3200.0},{"current":2399.906,"min":1200.0,"max":3200.0},{"current":1309.031,"min":1200.0,"max":3200.0},{"current":2399.906,"min":1200.0,"max":3200.0},{"current":1291.968,"min":1200.0,"max":3200.0},{"current":1258.968,"min":1200.0,"max":3200.0},{"current":2399.906,"min":1200.0,"max":3200.0},{"current":1799.906,"min":1200.0,"max":3200.0},{"current":1585.593,"min":1200.0,"max":3200.0},{"current":1297.125,"min":1200.0,"max":3200.0},{"current":1466.343,"min":1200.0,"max":3200.0},{"current":3138.562,"min":1200.0,"max":3200.0},{"current":1200.093,"min":1200.0,"max":3200.0},{"current":1200.093,"min":1200.0,"max":3200.0},{"current":1200.0,"min":1200.0,"max":3200.0},{"current":1291.687,"min":1200.0,"max":3200.0},{"current":1298.343,"min":1200.0,"max":3200.0},{"current":2400.0,"min":1200.0,"max":3200.0},{"current":1204.968,"min":1200.0,"max":3200.0},{"current":2400.093,"min":1200.0,"max":3200.0},{"current":1299.843,"min":1200.0,"max":3200.0},{"current":1253.062,"min":1200.0,"max":3200.0},{"current":2099.906,"min":1200.0,"max":3200.0},{"current":1553.437,"min":1200.0,"max":3200.0},{"current":1773.937,"min":1200.0,"max":3200.0},{"current":1199.812,"min":1200.0,"max":3200.0},{"current":1389.937,"min":1200.0,"max":3200.0},{"current":2924.062,"min":1200.0,"max":3200.0},{"current":1211.812,"min":1200.0,"max":3200.0},{"current":1205.062,"min":1200.0,"max":3200.0},{"current":1216.312,"min":1200.0,"max":3200.0},{"current":1261.218,"min":1200.0,"max":3200.0}],"realtime_carbon_intensity":401.6330249509,"disk_write_speed":53.4915988218,"process_ids":[21899,21951]}
{"timestamp":1573522666.8835859299,"rapl_power_draw_absolute":66.0895453181,"rapl_estimated_attributable_power_draw":15.3354694728,"cpu_time_seconds":{"21899":{"user":147.04,"system":8.07,"children_user":1.06,"children_system":0.13},"21951":{"user":3.1,"system":2.65,"children_user":0.18,"children_system":2.52}},"average_relative_cpu_utilization":0.2415223348,"absolute_cpu_utilization":0.9986092836,"relative_mem_usage":0.1270779941,"absolute_mem_usage":10176053248.0,"absolute_mem_percent_usage":0.0753227945,"mem_info_per_process":{"21899":{"rss":4459397120,"vms":13738659840,"shared":558149632,"text":2322432,"lib":0,"data":12168749056,"dirty":0,"uss":3845922816,"pss":4149831680,"swap":0},"21951":{"rss":1545261056,"vms":3659206656,"shared":11407360,"text":2322432,"lib":0,"data":2298052608,"dirty":0,"uss":939061248,"pss":1241237504,"swap":0}},"nvidia_draw_absolute":45.86,"nvidia_estimated_attributable_power_draw":45.86,"average_gpu_estimated_utilization_absolute":0.3566666667,"per_gpu_average_estimated_utilization_absolute":{"(0, 21899)":{"sm":35.6666666667,"mem":7.3333333333,"enc":0.0,"dec":0.0}},"average_gpu_estimated_utilization_relative":1.0,"per_gpu_performance_state":{"0":"P2"},"per_gpu_power_draw":{"0":45.86},"cpu_count_adjusted_average_load":[0.1634375,0.148125,0.140625],"cpu_freq":[{"current":2039.812,"min":1200.0,"max":3200.0},{"current":1599.937,"min":1200.0,"max":3200.0},{"current":1205.906,"min":1200.0,"max":3200.0},{"current":1295.718,"min":1200.0,"max":3200.0},{"current":1288.125,"min":1200.0,"max":3200.0},{"current":1201.218,"min":1200.0,"max":3200.0},{"current":1395.093,"min":1200.0,"max":3200.0},{"current":2399.906,"min":1200.0,"max":3200.0},{"current":1296.843,"min":1200.0,"max":3200.0},{"current":1400.718,"min":1200.0,"max":3200.0},{"current":1330.312,"min":1200.0,"max":3200.0},{"current":3121.218,"min":1200.0,"max":3200.0},{"current":1200.093,"min":1200.0,"max":3200.0},{"current":1290.093,"min":1200.0,"max":3200.0},{"current":1200.093,"min":1200.0,"max":3200.0},{"current":1201.125,"min":1200.0,"max":3200.0},{"current":1200.0,"min":1200.0,"max":3200.0},{"current":1699.968,"min":1200.0,"max":3200.0},{"current":1448.812,"min":1200.0,"max":3200.0},{"current":1395.562,"min":1200.0,"max":3200.0},{"current":1203.656,"min":1200.0,"max":3200.0},{"current":1331.812,"min":1200.0,"max":3200.0},{"current":2400.0,"min":1200.0,"max":3200.0},{"current":2400.0,"min":1200.0,"max":3200.0},{"current":1260.0,"min":1200.0,"max":3200.0},{"current":1532.812,"min":1200.0,"max":3200.0},{"current":1236.656,"min":1200.0,"max":3200.0},{"current":3103.031,"min":1200.0,"max":3200.0},{"current":1218.562,"min":1200.0,"max":3200.0},{"current":1240.687,"min":1200.0,"max":3200.0},{"current":1223.437,"min":1200.0,"max":3200.0},{"current":1287.468,"min":1200.0,"max":3200.0}],"realtime_carbon_intensity":401.6330249509,"disk_write_speed":47.4765403376,"process_ids":[21899,21951]}
{"timestamp":1573522674.9175429344,"rapl_power_draw_absolute":66.7866408951,"rapl_estimated_attributable_power_draw":15.3532466835,"cpu_time_seconds":{"21899":{"user":154.79,"system":8.35,"children_user":1.06,"children_system":0.13},"21951":{"user":3.3,"system":2.85,"children_user":0.2,"children_system":2.68}},"average_relative_cpu_utilization":0.239502234,"absolute_cpu_utilization":0.9986428863,"relative_mem_usage":0.1270705061,"absolute_mem_usage":10176557056.0,"absolute_mem_percent_usage":0.0753265236,"mem_info_per_process":{"21899":{"rss":4459532288,"vms":13738659840,"shared":558149632,"text":2322432,"lib":0,"data":12168749056,"dirty":0,"uss":3846135808,"pss":4150005760,"swap":0},"21951":{"rss":1545261056,"vms":3659206656,"shared":11407360,"text":2322432,"lib":0,"data":2298052608,"dirty":0,"uss":939139072,"pss":1241276416,"swap":0}},"nvidia_draw_absolute":48.62,"nvidia_estimated_attributable_power_draw":48.62,"average_gpu_estimated_utilization_absolute":0.355,"per_gpu_average_estimated_utilization_absolute":{"(0, 21899)":{"sm":35.5,"mem":7.5,"enc":0.0,"dec":0.0}},"average_gpu_estimated_utilization_relative":1.0,"per_gpu_performance_state":{"0":"P2"},"per_gpu_power_draw":{"0":48.62},"cpu_count_adjusted_average_load":[0.155,0.146875,0.1403125],"cpu_freq":[{"current":2398.5,"min":1200.0,"max":3200.0},{"current":2400.0,"min":1200.0,"max":3200.0},{"current":2399.625,"min":1200.0,"max":3200.0},{"current":1250.343,"min":1200.0,"max":3200.0},{"current":1550.343,"min":1200.0,"max":3200.0},{"current":1869.468,"min":1200.0,"max":3200.0},{"current":2399.906,"min":1200.0,"max":3200.0},{"current":1222.5,"min":1200.0,"max":3200.0},{"current":1298.718,"min":1200.0,"max":3200.0},{"current":1551.937,"min":1200.0,"max":3200.0},{"current":1600.312,"min":1200.0,"max":3200.0},{"current":2961.937,"min":1200.0,"max":3200.0},{"current":1600.312,"min":1200.0,"max":3200.0},{"current":2100.187,"min":1200.0,"max":3200.0},{"current":1900.125,"min":1200.0,"max":3200.0},{"current":1500.093,"min":1200.0,"max":3200.0},{"current":2169.656,"min":1200.0,"max":3200.0},{"current":1682.812,"min":1200.0,"max":3200.0},{"current":2399.906,"min":1200.0,"max":3200.0},{"current":1631.812,"min":1200.0,"max":3200.0},{"current":1377.375,"min":1200.0,"max":3200.0},{"current":1902.187,"min":1200.0,"max":3200.0},{"current":2243.531,"min":1200.0,"max":3200.0},{"current":2368.5,"min":1200.0,"max":3200.0},{"current":1776.656,"min":1200.0,"max":3200.0},{"current":2069.25,"min":1200.0,"max":3200.0},{"current":1454.343,"min":1200.0,"max":3200.0},{"current":3103.031,"min":1200.0,"max":3200.0},{"current":1700.156,"min":1200.0,"max":3200.0},{"current":2344.031,"min":1200.0,"max":3200.0},{"current":2373.375,"min":1200.0,"max":3200.0},{"current":1675.5,"min":1200.0,"max":3200.0}],"realtime_carbon_intensity":401.6330249509,"disk_write_speed":15.8431662883,"process_ids":[21899,21951]}
{"timestamp":1573522682.9930210114,"rapl_power_draw_absolute":65.7554637276,"rapl_estimated_attributable_power_draw":15.0808531046,"cpu_time_seconds":{"21899":{"user":162.64,"system":8.59,"children_user":1.06,"children_system":0.13},"21951":{"user":3.42,"system":3.01,"children_user":0.2,"children_system":2.85}},"average_relative_cpu_utilization":0.2378486268,"absolute_cpu_utilization":1.0035877882,"relative_mem_usage":0.127060571,"absolute_mem_usage":10176741376.0,"absolute_mem_percent_usage":0.075327888,"mem_info_per_process":{"21899":{"rss":4459532288,"vms":13738659840,"shared":558149632,"text":2322432,"lib":0,"data":12168749056,"dirty":0,"uss":3846197248,"pss":4150036480,"swap":0},"21951":{"rss":1545261056,"vms":3659206656,"shared":11407360,"text":2322432,"lib":0,"data":2298052608,"dirty":0,"uss":939200512,"pss":1241307136,"swap":0}},"nvidia_draw_absolute":48.62,"nvidia_estimated_attributable_power_draw":48.62,"average_gpu_estimated_utilization_absolute":0.355,"per_gpu_average_estimated_utilization_absolute":{"(0, 21899)":{"sm":35.5,"mem":7.5,"enc":0.0,"dec":0.0}},"average_gpu_estimated_utilization_relative":1.0,"per_gpu_performance_state":{"0":"P2"},"per_gpu_power_draw":{"0":48.62},"cpu_count_adjusted_average_load":[0.1503125,0.14625,0.14],"cpu_freq":[{"current":2400.0,"min":1200.0,"max":3200.0},{"current":1448.906,"min":1200.0,"max":3200.0},{"current":1395.75,"min":1200.0,"max":3200.0},{"current":2399.906,"min":1200.0,"max":3200.0},{"current":1410.562,"min":1200.0,"max":3200.0},{"current":1200.468,"min":1200.0,"max":3200.0},{"current":2400.0,"min":1200.0,"max":3200.0},{"current":1299.468,"min":1200.0,"max":3200.0},{"current":1505.343,"min":1200.0,"max":3200.0},{"current":1298.062,"min":1200.0,"max":3200.0},{"current":1394.25,"min":1200.0,"max":3200.0},{"current":3137.718,"min":1200.0,"max":3200.0},{"current":1237.687,"min":1200.0,"max":3200.0},{"current":1226.437,"min":1200.0,"max":3200.0},{"current":1500.093,"min":1200.0,"max":3200.0},{"current":1296.375,"min":1200.0,"max":3200.0},{"current":2328.843,"min":1200.0,"max":3200.0},{"current":1483.968,"min":1200.0,"max":3200.0},{"current":1292.718,"min":1200.0,"max":3200.0},{"current":2399.906,"min":1200.0,"max":3200.0},{"current":1552.031,"min":1200.0,"max":3200.0},{"current":1249.031,"min":1200.0,"max":3200.0},{"current":2399.906,"min":1200.0,"max":3200.0},{"current":1252.218,"min":1200.0,"max":3200.0},{"current":1881.0,"min":1200.0,"max":3200.0},{"current":1500.843,"min":1200.0,"max":3200.0},{"current":1346.625,"min":1200.0,"max":3200.0},{"current":3134.437,"min":1200.0,"max":3200.0},{"current":1325.437,"min":1200.0,"max":3200.0},{"current":1200.0,"min":1200.0,"max":3200.0},{"current":1695.375,"min":1200.0,"max":3200.0},{"current":1233.187,"min":1200.0,"max":3200.0}],"realtime_carbon_intensity":401.6330249509,"disk_write_speed":14.3774906087,"process_ids":[21899,21951]}
{"timestamp":1573522691.0317130089,"rapl_power_draw_absolute":65.9472400298,"rapl_estimated_attributable_power_draw":15.4614623365,"cpu_time_seconds":{"21899":{"user":170.37,"system":8.89,"children_user":1.06,"children_system":0.13},"21951":{"user":3.55,"system":3.18,"children_user":0.21,"children_system":3.02}},"average_relative_cpu_utilization":0.2432912134,"absolute_cpu_utilization":0.9986592835,"relative_mem_usage":0.1270514548,"absolute_mem_usage":10176901120.0,"absolute_mem_percent_usage":0.0753290704,"mem_info_per_process":{"21899":{"rss":4459532288,"vms":13738659840,"shared":558149632,"text":2322432,"lib":0,"data":12168749056,"dirty":0,"uss":3846250496,"pss":4150063104,"swap":0},"21951":{"rss":1545261056,"vms":3659206656,"shared":11407360,"text":2322432,"lib":0,"data":2298052608,"dirty":0,"uss":939253760,"pss":1241333760,"swap":0}},"nvidia_draw_absolute":46.7,"nvidia_estimated_attributable_power_draw":46.7,"average_gpu_estimated_utilization_absolute":0.3566666667,"per_gpu_average_estimated_utilization_absolute":{"(0, 21899)":{"sm":35.6666666667,"mem":7.3333333333,"enc":0.0,"dec":0.0}},"average_gpu_estimated_utilization_relative":1.0,"per_gpu_performance_state":{"0":"P2"},"per_gpu_power_draw":{"0":46.7},"cpu_count_adjusted_average_load":[0.1484375,0.145625,0.14],"cpu_freq":[{"current":1599.937,"min":1200.0,"max":3200.0},{"current":1995.75,"min":1200.0,"max":3200.0},{"current":1328.531,"min":1200.0,"max":3200.0},{"current":2400.0,"min":1200.0,"max":3200.0},{"current":1641.187,"min":1200.0,"max":3200.0},{"current":1201.593,"min":1200.0,"max":3200.0},{"current":1226.437,"min":1200.0,"max":3200.0},{"current":2399.906,"min":1200.0,"max":3200.0},{"current":1632.281,"min":1200.0,"max":3200.0},{"current":1274.906,"min":1200.0,"max":3200.0},{"current":1897.031,"min":1200.0,"max":3200.0},{"current":3019.5,"min":1200.0,"max":3200.0},{"current":1200.093,"min":1200.0,"max":3200.0},{"current":1200.281,"min":1200.0,"max":3200.0},{"current":1279.312,"min":1200.0,"max":3200.0},{"current":1269.187,"min":1200.0,"max":3200.0},{"current":1581.0,"min":1200.0,"max":3200.0},{"current":1480.406,"min":1200.0,"max":3200.0},{"current":1898.062,"min":1200.0,"max":3200.0},{"current":2399.906,"min":1200.0,"max":3200.0},{"current":1324.218,"min":1200.0,"max":3200.0},{"current":1202.437,"min":1200.0,"max":3200.0},{"current":1641.0,"min":1200.0,"max":3200.0},{"current":2400.0,"min":1200.0,"max":3200.0},{"current":2065.125,"min":1200.0,"max":3200.0},{"current":1363.875,"min":1200.0,"max":3200.0},{"current":1601.25,"min":1200.0,"max":3200.0},{"current":2931.843,"min":1200.0,"max":3200.0},{"current":1200.375,"min":1200.0,"max":3200.0},{"current":1200.75,"min":1200.0,"max":3200.0},{"current":1205.437,"min":1200.0,"max":3200.0},{"current":1281.656,"min":1200.0,"max":3200.0}],"realtime_carbon_intensity":401.6330249509,"disk_write_speed":29.5278837819,"process_ids":[21899,21951]}
{"timestamp":1573522699.0038559437,"rapl_power_draw_absolute":67.2927373778,"rapl_estimated_attributable_power_draw":15.6722018792,"cpu_time_seconds":{"21899":{"user":178.05,"system":9.19,"children_user":1.06,"children_system":0.13},"21951":{"user":3.72,"system":3.34,"children_user":0.23,"children_system":3.18}},"average_relative_cpu_utilization":0.2430215997,"absolute_cpu_utilization":1.0035779973,"relative_mem_usage":0.1270476082,"absolute_mem_usage":10176999424.0,"absolute_mem_percent_usage":0.075329798,"mem_info_per_process":{"21899":{"rss":4459532288,"vms":13738659840,"shared":558149632,"text":2322432,"lib":0,"data":12168749056,"dirty":0,"uss":3846283264,"pss":4150079488,"swap":0},"21951":{"rss":1545261056,"vms":3659206656,"shared":11407360,"text":2322432,"lib":0,"data":2298052608,"dirty":0,"uss":939286528,"pss":1241350144,"swap":0}},"nvidia_draw_absolute":46.41,"nvidia_estimated_attributable_power_draw":46.41,"average_gpu_estimated_utilization_absolute":0.3566666667,"per_gpu_average_estimated_utilization_absolute":{"(0, 21899)":{"sm":35.6666666667,"mem":7.3333333333,"enc":0.0,"dec":0.0}},"average_gpu_estimated_utilization_relative":1.0,"per_gpu_performance_state":{"0":"P2"},"per_gpu_power_draw":{"0":46.41},"cpu_count_adjusted_average_load":[0.1396875,0.1440625,0.139375],"cpu_freq":[{"current":2398.687,"min":1200.0,"max":3200.0},{"current":1218.75,"min":1200.0,"max":3200.0},{"current":1353.75,"min":1200.0,"max":3200.0},{"current":2399.906,"min":1200.0,"max":3200.0},{"current":1236.375,"min":1200.0,"max":3200.0},{"current":1201.781,"min":1200.0,"max":3200.0},{"current":1596.75,"min":1200.0,"max":3200.0},{"current":1899.093,"min":1200.0,"max":3200.0},{"current":1261.406,"min":1200.0,"max":3200.0},{"current":1379.156,"min":1200.0,"max":3200.0},{"current":1799.906,"min":1200.0,"max":3200.0},{"current":3169.593,"min":1200.0,"max":3200.0},{"current":1200.187,"min":1200.0,"max":3200.0},{"current":1200.468,"min":1200.0,"max":3200.0},{"current":1218.375,"min":1200.0,"max":3200.0},{"current":1200.0,"min":1200.0,"max":3200.0},{"current":2199.937,"min":1200.0,"max":3200.0},{"current":2340.375,"min":1200.0,"max":3200.0},{"current":1208.343,"min":1200.0,"max":3200.0},{"current":2399.906,"min":1200.0,"max":3200.0},{"current":1272.0,"min":1200.0,"max":3200.0},{"current":1202.437,"min":1200.0,"max":3200.0},{"current":1443.468,"min":1200.0,"max":3200.0},{"current":2000.062,"min":1200.0,"max":3200.0},{"current":1262.062,"min":1200.0,"max":3200.0},{"current":1566.375,"min":1200.0,"max":3200.0},{"current":1798.406,"min":1200.0,"max":3200.0},{"current":3155.343,"min":1200.0,"max":3200.0},{"current":1200.093,"min":1200.0,"max":3200.0},{"current":1200.843,"min":1200.0,"max":3200.0},{"current":1237.406,"min":1200.0,"max":3200.0},{"current":1205.062,"min":1200.0,"max":3200.0}],"realtime_carbon_intensity":401.6330249509,"disk_write_speed":27.3513109661,"process_ids":[21899,21951]}
{"timestamp":1573522707.0114068985,"rapl_power_draw_absolute":64.9217753768,"rapl_estimated_attributable_power_draw":15.2629862354,"cpu_time_seconds":{"21899":{"user":185.78,"system":9.47,"children_user":1.06,"children_system":0.13},"21951":{"user":3.9,"system":3.5,"children_user":0.26,"children_system":3.34}},"average_relative_cpu_utilization":0.2442026742,"absolute_cpu_utilization":1.0035756734,"relative_mem_usage":0.1270391939,"absolute_mem_usage":10177073152.0,"absolute_mem_percent_usage":0.0753303438,"mem_info_per_process":{"21899":{"rss":4459532288,"vms":13738659840,"shared":558149632,"text":2322432,"lib":0,"data":12168749056,"dirty":0,"uss":3846307840,"pss":4150091776,"swap":0},"21951":{"rss":1545261056,"vms":3659206656,"shared":11407360,"text":2322432,"lib":0,"data":2298052608,"dirty":0,"uss":939311104,"pss":1241362432,"swap":0}},"nvidia_draw_absolute":45.56,"nvidia_estimated_attributable_power_draw":45.56,"average_gpu_estimated_utilization_absolute":0.36,"per_gpu_average_estimated_utilization_absolute":{"(0, 21899)":{"sm":36.0,"mem":7.5,"enc":0.0,"dec":0.0}},"average_gpu_estimated_utilization_relative":1.0,"per_gpu_performance_state":{"0":"P2"},"per_gpu_power_draw":{"0":45.56},"cpu_count_adjusted_average_load":[0.13875,0.14375,0.139375],"cpu_freq":[{"current":1230.0,"min":1200.0,"max":3200.0},{"current":2730.281,"min":1200.0,"max":3200.0},{"current":1898.437,"min":1200.0,"max":3200.0},{"current":2095.968,"min":1200.0,"max":3200.0},{"current":1200.375,"min":1200.0,"max":3200.0},{"current":1238.156,"min":1200.0,"max":3200.0},{"current":2323.5,"min":1200.0,"max":3200.0},{"current":2399.906,"min":1200.0,"max":3200.0},{"current":1251.562,"min":1200.0,"max":3200.0},{"current":1699.312,"min":1200.0,"max":3200.0},{"current":1297.968,"min":1200.0,"max":3200.0},{"current":3057.187,"min":1200.0,"max":3200.0},{"current":1221.468,"min":1200.0,"max":3200.0},{"current":1200.187,"min":1200.0,"max":3200.0},{"current":1200.093,"min":1200.0,"max":3200.0},{"current":1208.437,"min":1200.0,"max":3200.0},{"current":1214.625,"min":1200.0,"max":3200.0},{"current":1696.031,"min":1200.0,"max":3200.0},{"current":1203.093,"min":1200.0,"max":3200.0},{"current":1652.531,"min":1200.0,"max":3200.0},{"current":1200.0,"min":1200.0,"max":3200.0},{"current":1206.468,"min":1200.0,"max":3200.0},{"current":2070.562,"min":1200.0,"max":3200.0},{"current":2400.0,"min":1200.0,"max":3200.0},{"current":1227.75,"min":1200.0,"max":3200.0},{"current":1400.906,"min":1200.0,"max":3200.0},{"current":1282.5,"min":1200.0,"max":3200.0},{"current":3155.343,"min":1200.0,"max":3200.0},{"current":1276.593,"min":1200.0,"max":3200.0},{"current":1200.843,"min":1200.0,"max":3200.0},{"current":1237.406,"min":1200.0,"max":3200.0},{"current":1205.062,"min":1200.0,"max":3200.0}],"realtime_carbon_intensity":401.6330249509,"disk_write_speed":42.9539214933,"process_ids":[21899,21951]}
