{"timestamp":1572410955.8628818989,"rapl_power_draw_absolute":88.3201767296,"rapl_estimated_attributable_power_draw":19.7470008373,"cpu_time_seconds":{"3137":{"user":9.0,"system":2.66,"children_user":0.09,"children_system":0.2},"3189":{"user":0.0,"system":0.04,"children_user":0.0,"children_system":0.04}},"average_relative_cpu_utilization":0.2328187061,"absolute_cpu_utilization":0.9987589715,"relative_mem_usage":0.1540117402,"absolute_mem_usage":3716788224.0,"absolute_mem_percent_usage":0.0275115914,"mem_info_per_process":{"3137":{"rss":3663077376,"vms":11437084672,"shared":573165568,"text":2322432,"lib":0,"data":9682690048,"dirty":0,"uss":120094720,"pss":1830446080,"swap":0},"3189":{"rss":3263844352,"vms":11437084672,"shared":173785088,"text":2322432,"lib":0,"data":9682690048,"dirty":0,"uss":91881472,"pss":1674365952,"swap":0}},"nvidia_draw_absolute":41.34,"nvidia_estimated_attributable_power_draw":41.34,"average_gpu_estimated_utilization_absolute":0.17,"per_gpu_average_estimated_utilization_absolute":{"(0, 3137)":{"sm":17,"mem":0,"enc":0,"dec":0}},"average_gpu_estimated_utilization_relative":1.0,"per_gpu_performance_state":{"0":"P2"},"per_gpu_power_draw":{"0":41.34},"cpu_count_adjusted_average_load":[0.18125,0.16125,0.1540625],"realtime_carbon_intensity":339.8608709639,"disk_write_speed":31.3145054268,"process_ids":[3137,3189]}
{"timestamp":1572410964.0133469105,"rapl_power_draw_absolute":88.2933578516,"rapl_estimated_attributable_power_draw":19.7324988339,"cpu_time_seconds":{"3137":{"user":17.15,"system":2.66,"children_user":0.09,"children_system":0.2},"3189":{"user":0.13,"system":0.31,"children_user":0.01,"children_system":0.23}},"average_relative_cpu_utilization":0.2320076011,"absolute_cpu_utilization":0.9987868928,"relative_mem_usage":0.1552931913,"absolute_mem_usage":3749647360.0,"absolute_mem_percent_usage":0.027754814,"mem_info_per_process":{"3137":{"rss":3663241216,"vms":11437084672,"shared":573165568,"text":2322432,"lib":0,"data":9682690048,"dirty":0,"uss":131039232,"pss":1835811840,"swap":0},"3189":{"rss":3270385664,"vms":11437084672,"shared":180314112,"text":2322432,"lib":0,"data":9682690048,"dirty":0,"uss":102043648,"pss":1680752640,"swap":0}},"nvidia_draw_absolute":41.62,"nvidia_estimated_attributable_power_draw":41.62,"average_gpu_estimated_utilization_absolute":0.165,"per_gpu_average_estimated_utilization_absolute":{"(0, 3137)":{"sm":16.5,"mem":0.0,"enc":0.0,"dec":0.0}},"average_gpu_estimated_utilization_relative":1.0,"per_gpu_performance_state":{"0":"P2"},"per_gpu_power_draw":{"0":41.62},"cpu_count_adjusted_average_load":[0.1775,0.1609375,0.1540625],"realtime_carbon_intensity":339.8608709639,"disk_write_speed":31.0229872624,"process_ids":[3137,3189]}
{"timestamp":1572410972.1347129345,"rapl_power_draw_absolute":88.2675005788,"rapl_estimated_attributable_power_draw":19.7718396188,"cpu_time_seconds":{"3137":{"user":25.27,"system":2.66,"children_user":0.09,"children_system":0.2},"3189":{"user":0.24,"system":0.56,"children_user":0.02,"children_system":0.43}},"average_relative_cpu_utilization":0.2325442098,"absolute_cpu_utilization":0.99876297,"relative_mem_usage":0.1553491349,"absolute_mem_usage":3751065600.0,"absolute_mem_percent_usage":0.0277653118,"mem_info_per_process":{"3137":{"rss":3663462400,"vms":11437084672,"shared":573165568,"text":2322432,"lib":0,"data":9682690048,"dirty":0,"uss":131817472,"pss":1836295168,"swap":0},"3189":{"rss":3270451200,"vms":11437084672,"shared":180379648,"text":2322432,"lib":0,"data":9682690048,"dirty":0,"uss":102137856,"pss":1680815104,"swap":0}},"nvidia_draw_absolute":42.04,"nvidia_estimated_attributable_power_draw":42.04,"average_gpu_estimated_utilization_absolute":0.17,"per_gpu_average_estimated_utilization_absolute":{"(0, 3137)":{"sm":17,"mem":0,"enc":0,"dec":0}},"average_gpu_estimated_utilization_relative":1.0,"per_gpu_performance_state":{"0":"P2"},"per_gpu_power_draw":{"0":42.04},"cpu_count_adjusted_average_load":[0.1809375,0.161875,0.154375],"realtime_carbon_intensity":339.8608709639,"disk_write_speed":32.9286026008,"process_ids":[3137,3189]}
{"timestamp":1572410980.2123100758,"rapl_power_draw_absolute":88.1704828028,"rapl_estimated_attributable_power_draw":19.6908194335,"cpu_time_seconds":{"3137":{"user":33.35,"system":2.66,"children_user":0.09,"children_system":0.2},"3189":{"user":0.34,"system":0.82,"children_user":0.02,"children_system":0.63}},"average_relative_cpu_utilization":0.2320108398,"absolute_cpu_utilization":0.9987951541,"relative_mem_usage":0.155347562,"absolute_mem_usage":3751077888.0,"absolute_mem_percent_usage":0.0277654028,"mem_info_per_process":{"3137":{"rss":3663462400,"vms":11437084672,"shared":573165568,"text":2322432,"lib":0,"data":9682690048,"dirty":0,"uss":131821568,"pss":1836297216,"swap":0},"3189":{"rss":3270451200,"vms":11437084672,"shared":180379648,"text":2322432,"lib":0,"data":9682690048,"dirty":0,"uss":102141952,"pss":1680817152,"swap":0}},"nvidia_draw_absolute":41.48,"nvidia_estimated_attributable_power_draw":41.48,"average_gpu_estimated_utilization_absolute":0.17,"per_gpu_average_estimated_utilization_absolute":{"(0, 3137)":{"sm":17,"mem":0,"enc":0,"dec":0}},"average_gpu_estimated_utilization_relative":1.0,"per_gpu_performance_state":{"0":"P2"},"per_gpu_power_draw":{"0":41.48},"cpu_count_adjusted_average_load":[0.1790625,0.1621875,0.1546875],"realtime_carbon_intensity":339.8608709639,"disk_write_speed":22.0163807358,"process_ids":[3137,3189]}
{"timestamp":1572410988.3822090626,"rapl_power_draw_absolute":87.9690289356,"rapl_estimated_attributable_power_draw":20.1367143782,"cpu_time_seconds":{"3137":{"user":41.52,"system":2.67,"children_user":0.09,"children_system":0.2},"3189":{"user":0.43,"system":1.08,"children_user":0.03,"children_system":0.83}},"average_relative_cpu_utilization":0.2381417589,"absolute_cpu_utilization":1.0037940712,"relative_mem_usage":0.1553523927,"absolute_mem_usage":3751090176.0,"absolute_mem_percent_usage":0.0277654937,"mem_info_per_process":{"3137":{"rss":3663462400,"vms":11437084672,"shared":573165568,"text":2322432,"lib":0,"data":9682690048,"dirty":0,"uss":131825664,"pss":1836299264,"swap":0},"3189":{"rss":3270451200,"vms":11437084672,"shared":180379648,"text":2322432,"lib":0,"data":9682690048,"dirty":0,"uss":102146048,"pss":1680819200,"swap":0}},"nvidia_draw_absolute":41.73,"nvidia_estimated_attributable_power_draw":41.73,"average_gpu_estimated_utilization_absolute":0.165,"per_gpu_average_estimated_utilization_absolute":{"(0, 3137)":{"sm":16.5,"mem":0.0,"enc":0.0,"dec":0.0}},"average_gpu_estimated_utilization_relative":1.0,"per_gpu_performance_state":{"0":"P2"},"per_gpu_power_draw":{"0":41.73},"cpu_count_adjusted_average_load":[0.1778125,0.1625,0.155],"realtime_carbon_intensity":339.8608709639,"disk_write_speed":25.3080770859,"process_ids":[3137,3189]}
{"timestamp":1572410996.5152680874,"rapl_power_draw_absolute":87.8896633452,"rapl_estimated_attributable_power_draw":20.1804793847,"cpu_time_seconds":{"3137":{"user":49.66,"system":2.67,"children_user":0.09,"children_system":0.2},"3189":{"user":0.52,"system":1.34,"children_user":0.03,"children_system":1.03}},"average_relative_cpu_utilization":0.2392724008,"absolute_cpu_utilization":1.0037470225,"relative_mem_usage":0.1553486588,"absolute_mem_usage":3751102464.0,"absolute_mem_percent_usage":0.0277655847,"mem_info_per_process":{"3137":{"rss":3663462400,"vms":11437084672,"shared":573165568,"text":2322432,"lib":0,"data":9682690048,"dirty":0,"uss":131829760,"pss":1836301312,"swap":0},"3189":{"rss":3270451200,"vms":11437084672,"shared":180379648,"text":2322432,"lib":0,"data":9682690048,"dirty":0,"uss":102150144,"pss":1680821248,"swap":0}},"nvidia_draw_absolute":41.97,"nvidia_estimated_attributable_power_draw":41.97,"average_gpu_estimated_utilization_absolute":0.16,"per_gpu_average_estimated_utilization_absolute":{"(0, 3137)":{"sm":16,"mem":0,"enc":0,"dec":0}},"average_gpu_estimated_utilization_relative":1.0,"per_gpu_performance_state":{"0":"P2"},"per_gpu_power_draw":{"0":41.97},"cpu_count_adjusted_average_load":[0.1759375,0.1625,0.155],"realtime_carbon_intensity":339.8608709639,"disk_write_speed":26.1183451218,"process_ids":[3137,3189]}
{"timestamp":1572411004.6344780922,"rapl_power_draw_absolute":87.8456647846,"rapl_estimated_attributable_power_draw":19.9333628986,"cpu_time_seconds":{"3137":{"user":57.76,"system":2.69,"children_user":0.09,"children_system":0.2},"3189":{"user":0.63,"system":1.59,"children_user":0.04,"children_system":1.23}},"average_relative_cpu_utilization":0.2359048575,"absolute_cpu_utilization":1.0037716509,"relative_mem_usage":0.1553369412,"absolute_mem_usage":3751114752.0,"absolute_mem_percent_usage":0.0277656756,"mem_info_per_process":{"3137":{"rss":3663462400,"vms":11437084672,"shared":573165568,"text":2322432,"lib":0,"data":9682690048,"dirty":0,"uss":131833856,"pss":1836303360,"swap":0},"3189":{"rss":3270451200,"vms":11437084672,"shared":180379648,"text":2322432,"lib":0,"data":9682690048,"dirty":0,"uss":102154240,"pss":1680823296,"swap":0}},"nvidia_draw_absolute":41.36,"nvidia_estimated_attributable_power_draw":41.36,"average_gpu_estimated_utilization_absolute":0.165,"per_gpu_average_estimated_utilization_absolute":{"(0, 3137)":{"sm":16.5,"mem":0.0,"enc":0.0,"dec":0.0}},"average_gpu_estimated_utilization_relative":1.0,"per_gpu_performance_state":{"0":"P2"},"per_gpu_power_draw":{"0":41.36},"cpu_count_adjusted_average_load":[0.1828125,0.164375,0.155625],"realtime_carbon_intensity":339.8608709639,"disk_write_speed":29.4769727549,"process_ids":[3137,3189]}
{"timestamp":1572411012.7303891182,"rapl_power_draw_absolute":88.0965277379,"rapl_estimated_attributable_power_draw":19.8985703924,"cpu_time_seconds":{"3137":{"user":65.85,"system":2.69,"children_user":0.09,"children_system":0.2},"3189":{"user":0.72,"system":1.88,"children_user":0.04,"children_system":1.43}},"average_relative_cpu_utilization":0.2344574639,"absolute_cpu_utilization":0.9987702145,"relative_mem_usage":0.1553216165,"absolute_mem_usage":3751127040.0,"absolute_mem_percent_usage":0.0277657666,"mem_info_per_process":{"3137":{"rss":3663462400,"vms":11437084672,"shared":573165568,"text":2322432,"lib":0,"data":9682690048,"dirty":0,"uss":131837952,"pss":1836305408,"swap":0},"3189":{"rss":3270451200,"vms":11437084672,"shared":180379648,"text":2322432,"lib":0,"data":9682690048,"dirty":0,"uss":102158336,"pss":1680825344,"swap":0}},"nvidia_draw_absolute":41.54,"nvidia_estimated_attributable_power_draw":41.54,"average_gpu_estimated_utilization_absolute":0.17,"per_gpu_average_estimated_utilization_absolute":{"(0, 3137)":{"sm":17,"mem":0,"enc":0,"dec":0}},"average_gpu_estimated_utilization_relative":1.0,"per_gpu_performance_state":{"0":"P2"},"per_gpu_power_draw":{"0":41.54},"cpu_count_adjusted_average_load":[0.190625,0.1665625,0.1565625],"realtime_carbon_intensity":339.8608709639,"disk_write_speed":28.5469731784,"process_ids":[3137,3189]}
{"timestamp":1572411020.872451067,"rapl_power_draw_absolute":87.9666321528,"rapl_estimated_attributable_power_draw":20.1530740261,"cpu_time_seconds":{"3137":{"user":73.99,"system":2.7,"children_user":0.09,"children_system":0.2},"3189":{"user":0.82,"system":2.18,"children_user":0.06,"children_system":1.62}},"average_relative_cpu_utilization":0.2381391448,"absolute_cpu_utilization":1.0037566261,"relative_mem_usage":0.1553309506,"absolute_mem_usage":3751139328.0,"absolute_mem_percent_usage":0.0277658576,"mem_info_per_process":{"3137":{"rss":3663462400,"vms":11437084672,"shared":573165568,"text":2322432,"lib":0,"data":9682690048,"dirty":0,"uss":131842048,"pss":1836307456,"swap":0},"3189":{"rss":3270451200,"vms":11437084672,"shared":180379648,"text":2322432,"lib":0,"data":9682690048,"dirty":0,"uss":102162432,"pss":1680827392,"swap":0}},"nvidia_draw_absolute":41.51,"nvidia_estimated_attributable_power_draw":41.51,"average_gpu_estimated_utilization_absolute":0.17,"per_gpu_average_estimated_utilization_absolute":{"(0, 3137)":{"sm":17,"mem":0,"enc":0,"dec":0}},"average_gpu_estimated_utilization_relative":1.0,"per_gpu_performance_state":{"0":"P2"},"per_gpu_power_draw":{"0":41.51},"cpu_count_adjusted_average_load":[0.1903125,0.166875,0.1565625],"realtime_carbon_intensity":339.8608709639,"disk_write_speed":16.8153607116,"process_ids":[3137,3189]}
{"timestamp":1572411029.0129289627,"rapl_power_draw_absolute":87.7417643231,"rapl_estimated_attributable_power_draw":20.0211139637,"cpu_time_seconds":{"3137":{"user":82.13,"system":2.7,"children_user":0.09,"children_system":0.2},"3189":{"user":0.87,"system":2.48,"children_user":0.06,"children_system":1.84}},"average_relative_cpu_utilization":0.2372973483,"absolute_cpu_utilization":1.0037858002,"relative_mem_usage":0.1553519593,"absolute_mem_usage":3751151616.0,"absolute_mem_percent_usage":0.0277659485,"mem_info_per_process":{"3137":{"rss":3663462400,"vms":11437084672,"shared":573165568,"text":2322432,"lib":0,"data":9682690048,"dirty":0,"uss":131846144,"pss":1836309504,"swap":0},"3189":{"rss":3270451200,"vms":11437084672,"shared":180379648,"text":2322432,"lib":0,"data":9682690048,"dirty":0,"uss":102166528,"pss":1680829440,"swap":0}},"nvidia_draw_absolute":41.53,"nvidia_estimated_attributable_power_draw":41.53,"average_gpu_estimated_utilization_absolute":0.17,"per_gpu_average_estimated_utilization_absolute":{"(0, 3137)":{"sm":17,"mem":0,"enc":0,"dec":0}},"average_gpu_estimated_utilization_relative":1.0,"per_gpu_performance_state":{"0":"P2"},"per_gpu_power_draw":{"0":41.53},"cpu_count_adjusted_average_load":[0.189375,0.1675,0.156875],"realtime_carbon_intensity":339.8608709639,"disk_write_speed":21.8352531383,"process_ids":[3137,3189]}
{"timestamp":1572411037.0981450081,"rapl_power_draw_absolute":87.984299438,"rapl_estimated_attributable_power_draw":20.0519364915,"cpu_time_seconds":{"3137":{"user":90.2,"system":2.72,"children_user":0.09,"children_system":0.2},"3189":{"user":0.95,"system":2.75,"children_user":0.07,"children_system":2.04}},"average_relative_cpu_utilization":0.2370200778,"absolute_cpu_utilization":1.0037952234,"relative_mem_usage":0.1553146082,"absolute_mem_usage":3751163904.0,"absolute_mem_percent_usage":0.0277660395,"mem_info_per_process":{"3137":{"rss":3663462400,"vms":11437084672,"shared":573165568,"text":2322432,"lib":0,"data":9682690048,"dirty":0,"uss":131850240,"pss":1836311552,"swap":0},"3189":{"rss":3270451200,"vms":11437084672,"shared":180379648,"text":2322432,"lib":0,"data":9682690048,"dirty":0,"uss":102170624,"pss":1680831488,"swap":0}},"nvidia_draw_absolute":41.96,"nvidia_estimated_attributable_power_draw":41.96,"average_gpu_estimated_utilization_absolute":0.17,"per_gpu_average_estimated_utilization_absolute":{"(0, 3137)":{"sm":17,"mem":0,"enc":0,"dec":0}},"average_gpu_estimated_utilization_relative":1.0,"per_gpu_performance_state":{"0":"P2"},"per_gpu_power_draw":{"0":41.96},"cpu_count_adjusted_average_load":[0.184375,0.166875,0.156875],"realtime_carbon_intensity":339.8608709639,"disk_write_speed":22.7483356248,"process_ids":[3137,3189]}
{"timestamp":1572411045.2439639568,"rapl_power_draw_absolute":87.7211809612,"rapl_estimated_attributable_power_draw":20.0372047011,"cpu_time_seconds":{"3137":{"user":98.34,"system":2.72,"children_user":0.09,"children_system":0.2},"3189":{"user":1.03,"system":3.03,"children_user":0.08,"children_system":2.23}},"average_relative_cpu_utilization":0.2375188391,"absolute_cpu_utilization":0.9987945465,"relative_mem_usage":0.1553449399,"absolute_mem_usage":3751176192.0,"absolute_mem_percent_usage":0.0277661304,"mem_info_per_process":{"3137":{"rss":3663462400,"vms":11437084672,"shared":573165568,"text":2322432,"lib":0,"data":9682690048,"dirty":0,"uss":131854336,"pss":1836313600,"swap":0},"3189":{"rss":3270451200,"vms":11437084672,"shared":180379648,"text":2322432,"lib":0,"data":9682690048,"dirty":0,"uss":102174720,"pss":1680833536,"swap":0}},"nvidia_draw_absolute":41.54,"nvidia_estimated_attributable_power_draw":41.54,"average_gpu_estimated_utilization_absolute":0.17,"per_gpu_average_estimated_utilization_absolute":{"(0, 3137)":{"sm":17,"mem":0,"enc":0,"dec":0}},"average_gpu_estimated_utilization_relative":1.0,"per_gpu_performance_state":{"0":"P2"},"per_gpu_power_draw":{"0":41.54},"cpu_count_adjusted_average_load":[0.194375,0.1696875,0.1578125],"realtime_carbon_intensity":339.8608709639,"disk_write_speed":27.4755652423,"process_ids":[3137,3189]}
{"timestamp":1572411053.3511369228,"rapl_power_draw_absolute":87.7463971538,"rapl_estimated_attributable_power_draw":19.9311511638,"cpu_time_seconds":{"3137":{"user":106.44,"system":2.72,"children_user":0.09,"children_system":0.2},"3189":{"user":1.13,"system":3.3,"children_user":0.09,"children_system":2.42}},"average_relative_cpu_utilization":0.2358349048,"absolute_cpu_utilization":0.9987748671,"relative_mem_usage":0.1553468717,"absolute_mem_usage":3751188480.0,"absolute_mem_percent_usage":0.0277662214,"mem_info_per_process":{"3137":{"rss":3663462400,"vms":11437084672,"shared":573165568,"text":2322432,"lib":0,"data":9682690048,"dirty":0,"uss":131858432,"pss":1836315648,"swap":0},"3189":{"rss":3270451200,"vms":11437084672,"shared":180379648,"text":2322432,"lib":0,"data":9682690048,"dirty":0,"uss":102178816,"pss":1680835584,"swap":0}},"nvidia_draw_absolute":41.63,"nvidia_estimated_attributable_power_draw":41.63,"average_gpu_estimated_utilization_absolute":0.165,"per_gpu_average_estimated_utilization_absolute":{"(0, 3137)":{"sm":16.5,"mem":0.0,"enc":0.0,"dec":0.0}},"average_gpu_estimated_utilization_relative":1.0,"per_gpu_performance_state":{"0":"P2"},"per_gpu_power_draw":{"0":41.63},"cpu_count_adjusted_average_load":[0.1859375,0.16875,0.1575],"realtime_carbon_intensity":339.8608709639,"disk_write_speed":20.1741460475,"process_ids":[3137,3189]}
{"timestamp":1572411061.5289859772,"rapl_power_draw_absolute":87.9079819839,"rapl_estimated_attributable_power_draw":20.0373851881,"cpu_time_seconds":{"3137":{"user":114.62,"system":2.73,"children_user":0.09,"children_system":0.2},"3189":{"user":1.21,"system":3.59,"children_user":0.11,"children_system":2.62}},"average_relative_cpu_utilization":0.2367391718,"absolute_cpu_utilization":1.0037803473,"relative_mem_usage":0.1553576787,"absolute_mem_usage":3751198720.0,"absolute_mem_percent_usage":0.0277662972,"mem_info_per_process":{"3137":{"rss":3663462400,"vms":11437084672,"shared":573165568,"text":2322432,"lib":0,"data":9682690048,"dirty":0,"uss":131862528,"pss":1836315648,"swap":0},"3189":{"rss":3270451200,"vms":11437084672,"shared":180379648,"text":2322432,"lib":0,"data":9682690048,"dirty":0,"uss":102182912,"pss":1680837632,"swap":0}},"nvidia_draw_absolute":42.01,"nvidia_estimated_attributable_power_draw":42.01,"average_gpu_estimated_utilization_absolute":0.165,"per_gpu_average_estimated_utilization_absolute":{"(0, 3137)":{"sm":16.5,"mem":0.0,"enc":0.0,"dec":0.0}},"average_gpu_estimated_utilization_relative":1.0,"per_gpu_performance_state":{"0":"P2"},"per_gpu_power_draw":{"0":42.01},"cpu_count_adjusted_average_load":[0.19375,0.170625,0.158125],"realtime_carbon_intensity":339.8608709639,"disk_write_speed":26.9819117214,"process_ids":[3137,3189]}
{"timestamp":1572411069.6862499714,"rapl_power_draw_absolute":87.7437492484,"rapl_estimated_attributable_power_draw":20.0636572182,"cpu_time_seconds":{"3137":{"user":122.77,"system":2.74,"children_user":0.09,"children_system":0.2},"3189":{"user":1.3,"system":3.89,"children_user":0.12,"children_system":2.81}},"average_relative_cpu_utilization":0.2380835413,"absolute_cpu_utilization":0.9987790423,"relative_mem_usage":0.1553434889,"absolute_mem_usage":3751213056.0,"absolute_mem_percent_usage":0.0277664033,"mem_info_per_process":{"3137":{"rss":3663462400,"vms":11437084672,"shared":573165568,"text":2322432,"lib":0,"data":9682690048,"dirty":0,"uss":131866624,"pss":1836319744,"swap":0},"3189":{"rss":3270451200,"vms":11437084672,"shared":180379648,"text":2322432,"lib":0,"data":9682690048,"dirty":0,"uss":102187008,"pss":1680839680,"swap":0}},"nvidia_draw_absolute":41.53,"nvidia_estimated_attributable_power_draw":41.53,"average_gpu_estimated_utilization_absolute":0.165,"per_gpu_average_estimated_utilization_absolute":{"(0, 3137)":{"sm":16.5,"mem":0.0,"enc":0.0,"dec":0.0}},"average_gpu_estimated_utilization_relative":1.0,"per_gpu_performance_state":{"0":"P2"},"per_gpu_power_draw":{"0":41.53},"cpu_count_adjusted_average_load":[0.19,0.170625,0.1584375],"realtime_carbon_intensity":339.8608709639,"disk_write_speed":22.878593783,"process_ids":[3137,3189]}
{"timestamp":1572411077.8367700577,"rapl_power_draw_absolute":87.9046942772,"rapl_estimated_attributable_power_draw":20.030247474,"cpu_time_seconds":{"3137":{"user":130.91,"system":2.75,"children_user":0.09,"children_system":0.2},"3189":{"user":1.38,"system":4.19,"children_user":0.14,"children_system":3.01}},"average_relative_cpu_utilization":0.2366758911,"absolute_cpu_utilization":0.9987746925,"relative_mem_usage":0.155356673,"absolute_mem_usage":3751225344.0,"absolute_mem_percent_usage":0.0277664942,"mem_info_per_process":{"3137":{"rss":3663462400,"vms":11437084672,"shared":573165568,"text":2322432,"lib":0,"data":9682690048,"dirty":0,"uss":131870720,"pss":1836321792,"swap":0},"3189":{"rss":3270451200,"vms":11437084672,"shared":180379648,"text":2322432,"lib":0,"data":9682690048,"dirty":0,"uss":102191104,"pss":1680841728,"swap":0}},"nvidia_draw_absolute":42.41,"nvidia_estimated_attributable_power_draw":42.41,"average_gpu_estimated_utilization_absolute":0.165,"per_gpu_average_estimated_utilization_absolute":{"(0, 3137)":{"sm":16.5,"mem":0.0,"enc":0.0,"dec":0.0}},"average_gpu_estimated_utilization_relative":1.0,"per_gpu_performance_state":{"0":"P2"},"per_gpu_power_draw":{"0":42.41},"cpu_count_adjusted_average_load":[0.18,0.1690625,0.158125],"realtime_carbon_intensity":339.8608709639,"disk_write_speed":17.6324773549,"process_ids":[3137,3189]}
{"timestamp":1572411085.9681360722,"rapl_power_draw_absolute":87.8963488512,"rapl_estimated_attributable_power_draw":20.0206562407,"cpu_time_seconds":{"3137":{"user":139.04,"system":2.75,"children_user":0.09,"children_system":0.2},"3189":{"user":1.48,"system":4.46,"children_user":0.14,"children_system":3.21}},"average_relative_cpu_utilization":0.2364594803,"absolute_cpu_utilization":1.0037860023,"relative_mem_usage":0.1553557061,"absolute_mem_usage":3751237632.0,"absolute_mem_percent_usage":0.0277665852,"mem_info_per_process":{"3137":{"rss":3663462400,"vms":11437084672,"shared":573165568,"text":2322432,"lib":0,"data":9682690048,"dirty":0,"uss":131874816,"pss":1836323840,"swap":0},"3189":{"rss":3270451200,"vms":11437084672,"shared":180379648,"text":2322432,"lib":0,"data":9682690048,"dirty":0,"uss":102195200,"pss":1680843776,"swap":0}},"nvidia_draw_absolute":41.71,"nvidia_estimated_attributable_power_draw":41.71,"average_gpu_estimated_utilization_absolute":0.165,"per_gpu_average_estimated_utilization_absolute":{"(0, 3137)":{"sm":16.5,"mem":0.0,"enc":0.0,"dec":0.0}},"average_gpu_estimated_utilization_relative":1.0,"per_gpu_performance_state":{"0":"P2"},"per_gpu_power_draw":{"0":41.71},"cpu_count_adjusted_average_load":[0.178125,0.16875,0.158125],"realtime_carbon_intensity":339.8608709639,"disk_write_speed":27.7914533134,"process_ids":[3137,3189]}
{"timestamp":1572411094.0832059383,"rapl_power_draw_absolute":88.0361806683,"rapl_estimated_attributable_power_draw":20.086081446,"cpu_time_seconds":{"3137":{"user":147.15,"system":2.76,"children_user":0.09,"children_system":0.2},"3189":{"user":1.57,"system":4.76,"children_user":0.15,"children_system":3.41}},"average_relative_cpu_utilization":0.2372968627,"absolute_cpu_utilization":1.0037747563,"relative_mem_usage":0.155347387,"absolute_mem_usage":3751249920.0,"absolute_mem_percent_usage":0.0277666762,"mem_info_per_process":{"3137":{"rss":3663462400,"vms":11437084672,"shared":573165568,"text":2322432,"lib":0,"data":9682690048,"dirty":0,"uss":131878912,"pss":1836325888,"swap":0},"3189":{"rss":3270451200,"vms":11437084672,"shared":180379648,"text":2322432,"lib":0,"data":9682690048,"dirty":0,"uss":102199296,"pss":1680845824,"swap":0}},"nvidia_draw_absolute":42.14,"nvidia_estimated_attributable_power_draw":42.14,"average_gpu_estimated_utilization_absolute":0.165,"per_gpu_average_estimated_utilization_absolute":{"(0, 3137)":{"sm":16.5,"mem":0.0,"enc":0.0,"dec":0.0}},"average_gpu_estimated_utilization_relative":1.0,"per_gpu_performance_state":{"0":"P2"},"per_gpu_power_draw":{"0":42.14},"cpu_count_adjusted_average_load":[0.176875,0.1690625,0.158125],"realtime_carbon_intensity":339.8608709639,"disk_write_speed":20.9512258807,"process_ids":[3137,3189]}
{"timestamp":1572411102.189718008,"rapl_power_draw_absolute":87.8619120356,"rapl_estimated_attributable_power_draw":19.9614538197,"cpu_time_seconds":{"3137":{"user":155.25,"system":2.76,"children_user":0.09,"children_system":0.2},"3189":{"user":1.65,"system":5.02,"children_user":0.16,"children_system":3.62}},"average_relative_cpu_utilization":0.2358393808,"absolute_cpu_utilization":0.9987943607,"relative_mem_usage":0.1553431002,"absolute_mem_usage":3751262208.0,"absolute_mem_percent_usage":0.0277667671,"mem_info_per_process":{"3137":{"rss":3663462400,"vms":11437084672,"shared":573165568,"text":2322432,"lib":0,"data":9682690048,"dirty":0,"uss":131883008,"pss":1836327936,"swap":0},"3189":{"rss":3270451200,"vms":11437084672,"shared":180379648,"text":2322432,"lib":0,"data":9682690048,"dirty":0,"uss":102203392,"pss":1680847872,"swap":0}},"nvidia_draw_absolute":42.03,"nvidia_estimated_attributable_power_draw":42.03,"average_gpu_estimated_utilization_absolute":0.17,"per_gpu_average_estimated_utilization_absolute":{"(0, 3137)":{"sm":17,"mem":0,"enc":0,"dec":0}},"average_gpu_estimated_utilization_relative":1.0,"per_gpu_performance_state":{"0":"P2"},"per_gpu_power_draw":{"0":42.03},"cpu_count_adjusted_average_load":[0.1803125,0.1696875,0.1584375],"realtime_carbon_intensity":339.8608709639,"disk_write_speed":21.9862975641,"process_ids":[3137,3189]}
{"timestamp":1572411110.3002390862,"rapl_power_draw_absolute":87.7589066072,"rapl_estimated_attributable_power_draw":19.8472918874,"cpu_time_seconds":{"3137":{"user":163.36,"system":2.77,"children_user":0.09,"children_system":0.2},"3189":{"user":1.73,"system":5.31,"children_user":0.16,"children_system":3.82}},"average_relative_cpu_utilization":0.2352766454,"absolute_cpu_utilization":0.9987319101,"relative_mem_usage":0.1553504865,"absolute_mem_usage":3751274496.0,"absolute_mem_percent_usage":0.0277668581,"mem_info_per_process":{"3137":{"rss":3663462400,"vms":11437084672,"shared":573165568,"text":2322432,"lib":0,"data":9682690048,"dirty":0,"uss":131887104,"pss":1836329984,"swap":0},"3189":{"rss":3270451200,"vms":11437084672,"shared":180379648,"text":2322432,"lib":0,"data":9682690048,"dirty":0,"uss":102207488,"pss":1680849920,"swap":0}},"nvidia_draw_absolute":41.55,"nvidia_estimated_attributable_power_draw":41.55,"average_gpu_estimated_utilization_absolute":0.165,"per_gpu_average_estimated_utilization_absolute":{"(0, 3137)":{"sm":16.5,"mem":0.0,"enc":0.0,"dec":0.0}},"average_gpu_estimated_utilization_relative":1.0,"per_gpu_performance_state":{"0":"P2"},"per_gpu_power_draw":{"0":41.55},"cpu_count_adjusted_average_load":[0.1884375,0.171875,0.159375],"realtime_carbon_intensity":339.8608709639,"disk_write_speed":23.7167110618,"process_ids":[3137,3189]}
{"timestamp":1572411118.4465110302,"rapl_power_draw_absolute":87.8851243587,"rapl_estimated_attributable_power_draw":20.0488713445,"cpu_time_seconds":{"3137":{"user":171.5,"system":2.78,"children_user":0.09,"children_system":0.2},"3189":{"user":1.84,"system":5.56,"children_user":0.17,"children_system":4.02}},"average_relative_cpu_utilization":0.237237929,"absolute_cpu_utilization":0.9987696682,"relative_mem_usage":0.155358506,"absolute_mem_usage":3751286784.0,"absolute_mem_percent_usage":0.027766949,"mem_info_per_process":{"3137":{"rss":3663462400,"vms":11437084672,"shared":573165568,"text":2322432,"lib":0,"data":9682690048,"dirty":0,"uss":131891200,"pss":1836332032,"swap":0},"3189":{"rss":3270451200,"vms":11437084672,"shared":180379648,"text":2322432,"lib":0,"data":9682690048,"dirty":0,"uss":102211584,"pss":1680851968,"swap":0}},"nvidia_draw_absolute":41.94,"nvidia_estimated_attributable_power_draw":41.94,"average_gpu_estimated_utilization_absolute":0.165,"per_gpu_average_estimated_utilization_absolute":{"(0, 3137)":{"sm":16.5,"mem":0.0,"enc":0.0,"dec":0.0}},"average_gpu_estimated_utilization_relative":1.0,"per_gpu_performance_state":{"0":"P2"},"per_gpu_power_draw":{"0":41.94},"cpu_count_adjusted_average_load":[0.188125,0.1725,0.1596875],"realtime_carbon_intensity":339.8608709639,"disk_write_speed":29.4781328964,"process_ids":[3137,3189]}
{"timestamp":1572411126.5673439503,"rapl_power_draw_absolute":88.0629059711,"rapl_estimated_attributable_power_draw":20.0690524451,"cpu_time_seconds":{"3137":{"user":179.62,"system":2.78,"children_user":0.09,"children_system":0.2},"3189":{"user":1.92,"system":5.87,"children_user":0.18,"children_system":4.21}},"average_relative_cpu_utilization":0.2366769954,"absolute_cpu_utilization":0.9987881972,"relative_mem_usage":0.1553484475,"absolute_mem_usage":3751299072.0,"absolute_mem_percent_usage":0.02776704,"mem_info_per_process":{"3137":{"rss":3663462400,"vms":11437084672,"shared":573165568,"text":2322432,"lib":0,"data":9682690048,"dirty":0,"uss":131895296,"pss":1836334080,"swap":0},"3189":{"rss":3270451200,"vms":11437084672,"shared":180379648,"text":2322432,"lib":0,"data":9682690048,"dirty":0,"uss":102215680,"pss":1680854016,"swap":0}},"nvidia_draw_absolute":41.8,"nvidia_estimated_attributable_power_draw":41.8,"average_gpu_estimated_utilization_absolute":0.165,"per_gpu_average_estimated_utilization_absolute":{"(0, 3137)":{"sm":16.5,"mem":0.0,"enc":0.0,"dec":0.0}},"average_gpu_estimated_utilization_relative":1.0,"per_gpu_performance_state":{"0":"P2"},"per_gpu_power_draw":{"0":41.8},"cpu_count_adjusted_average_load":[0.193125,0.17375,0.16],"realtime_carbon_intensity":339.8608709639,"disk_write_speed":23.9881603283,"process_ids":[3137,3189]}
{"timestamp":1572411134.6871809959,"rapl_power_draw_absolute":88.0580140147,"rapl_estimated_attributable_power_draw":20.136195031,"cpu_time_seconds":{"3137":{"user":187.74,"system":2.78,"children_user":0.09,"children_system":0.2},"3189":{"user":2.02,"system":6.13,"children_user":0.19,"children_system":4.41}},"average_relative_cpu_utilization":0.2378011927,"absolute_cpu_utilization":0.9987725092,"relative_mem_usage":0.1553486447,"absolute_mem_usage":3751308288.0,"absolute_mem_percent_usage":0.0277671082,"mem_info_per_process":{"3137":{"rss":3663462400,"vms":11437084672,"shared":573165568,"text":2322432,"lib":0,"data":9682690048,"dirty":0,"uss":131899392,"pss":1836337152,"swap":0},"3189":{"rss":3270451200,"vms":11437084672,"shared":180379648,"text":2322432,"lib":0,"data":9682690048,"dirty":0,"uss":102219776,"pss":1680851968,"swap":0}},"nvidia_draw_absolute":42.06,"nvidia_estimated_attributable_power_draw":42.06,"average_gpu_estimated_utilization_absolute":0.165,"per_gpu_average_estimated_utilization_absolute":{"(0, 3137)":{"sm":16.5,"mem":0.0,"enc":0.0,"dec":0.0}},"average_gpu_estimated_utilization_relative":1.0,"per_gpu_performance_state":{"0":"P2"},"per_gpu_power_draw":{"0":42.06},"cpu_count_adjusted_average_load":[0.1825,0.1721875,0.1596875],"realtime_carbon_intensity":339.8608709639,"disk_write_speed":20.8255847151,"process_ids":[3137,3189]}
{"timestamp":1572411142.8803908825,"rapl_power_draw_absolute":88.3017395847,"rapl_estimated_attributable_power_draw":20.0074196604,"cpu_time_seconds":{"3137":{"user":195.94,"system":2.78,"children_user":0.09,"children_system":0.2},"3189":{"user":2.11,"system":6.42,"children_user":0.2,"children_system":4.62}},"average_relative_cpu_utilization":0.2356287759,"absolute_cpu_utilization":1.0037496797,"relative_mem_usage":0.1553724363,"absolute_mem_usage":3751324672.0,"absolute_mem_percent_usage":0.0277672295,"mem_info_per_process":{"3137":{"rss":3663462400,"vms":11437084672,"shared":573165568,"text":2322432,"lib":0,"data":9682690048,"dirty":0,"uss":131903488,"pss":1836339200,"swap":0},"3189":{"rss":3270451200,"vms":11437084672,"shared":180379648,"text":2322432,"lib":0,"data":9682690048,"dirty":0,"uss":102223872,"pss":1680858112,"swap":0}},"nvidia_draw_absolute":41.84,"nvidia_estimated_attributable_power_draw":41.84,"average_gpu_estimated_utilization_absolute":0.165,"per_gpu_average_estimated_utilization_absolute":{"(0, 3137)":{"sm":16.5,"mem":0.0,"enc":0.0,"dec":0.0}},"average_gpu_estimated_utilization_relative":1.0,"per_gpu_performance_state":{"0":"P2"},"per_gpu_power_draw":{"0":41.84},"cpu_count_adjusted_average_load":[0.17375,0.170625,0.159375],"realtime_carbon_intensity":339.8608709639,"disk_write_speed":22.0875873842,"process_ids":[3137,3189]}
{"timestamp":1572411151.0185859203,"rapl_power_draw_absolute":88.4006971892,"rapl_estimated_attributable_power_draw":19.8674528364,"cpu_time_seconds":{"3137":{"user":204.07,"system":2.78,"children_user":0.09,"children_system":0.2},"3189":{"user":2.2,"system":6.69,"children_user":0.2,"children_system":4.83}},"average_relative_cpu_utilization":0.2330865123,"absolute_cpu_utilization":0.9987466957,"relative_mem_usage":0.1553644582,"absolute_mem_usage":3751336960.0,"absolute_mem_percent_usage":0.0277673204,"mem_info_per_process":{"3137":{"rss":3663462400,"vms":11437084672,"shared":573165568,"text":2322432,"lib":0,"data":9682690048,"dirty":0,"uss":131907584,"pss":1836341248,"swap":0},"3189":{"rss":3270451200,"vms":11437084672,"shared":180379648,"text":2322432,"lib":0,"data":9682690048,"dirty":0,"uss":102227968,"pss":1680860160,"swap":0}},"nvidia_draw_absolute":41.63,"nvidia_estimated_attributable_power_draw":41.63,"average_gpu_estimated_utilization_absolute":0.165,"per_gpu_average_estimated_utilization_absolute":{"(0, 3137)":{"sm":16.5,"mem":0.0,"enc":0.0,"dec":0.0}},"average_gpu_estimated_utilization_relative":1.0,"per_gpu_performance_state":{"0":"P2"},"per_gpu_power_draw":{"0":41.63},"cpu_count_adjusted_average_load":[0.1721875,0.1703125,0.159375],"realtime_carbon_intensity":337.277384728,"disk_write_speed":27.2668264654,"process_ids":[3137,3189]}
{"timestamp":1572411159.2046129704,"rapl_power_draw_absolute":88.526530763,"rapl_estimated_attributable_power_draw":19.9277101193,"cpu_time_seconds":{"3137":{"user":212.24,"system":2.8,"children_user":0.09,"children_system":0.2},"3189":{"user":2.3,"system":7.0,"children_user":0.22,"children_system":5.01}},"average_relative_cpu_utilization":0.2336360177,"absolute_cpu_utilization":0.9988081019,"relative_mem_usage":0.1553952802,"absolute_mem_usage":3751386112.0,"absolute_mem_percent_usage":0.0277676842,"mem_info_per_process":{"3137":{"rss":3663462400,"vms":11437084672,"shared":573165568,"text":2322432,"lib":0,"data":9682690048,"dirty":0,"uss":131911680,"pss":1836343296,"swap":0},"3189":{"rss":3270451200,"vms":11437084672,"shared":180379648,"text":2322432,"lib":0,"data":9682690048,"dirty":0,"uss":102256640,"pss":1680874496,"swap":0}},"nvidia_draw_absolute":41.66,"nvidia_estimated_attributable_power_draw":41.66,"average_gpu_estimated_utilization_absolute":0.165,"per_gpu_average_estimated_utilization_absolute":{"(0, 3137)":{"sm":16.5,"mem":0.0,"enc":0.0,"dec":0.0}},"average_gpu_estimated_utilization_relative":1.0,"per_gpu_performance_state":{"0":"P2"},"per_gpu_power_draw":{"0":41.66},"cpu_count_adjusted_average_load":[0.174375,0.1709375,0.1596875],"realtime_carbon_intensity":337.277384728,"disk_write_speed":22.9486096552,"process_ids":[3137,3189]}
{"timestamp":1572411167.3252780437,"rapl_power_draw_absolute":88.7840624329,"rapl_estimated_attributable_power_draw":19.7879932726,"cpu_time_seconds":{"3137":{"user":220.36,"system":2.8,"children_user":0.09,"children_system":0.2},"3189":{"user":2.4,"system":7.27,"children_user":0.23,"children_system":5.2}},"average_relative_cpu_utilization":0.2312055266,"absolute_cpu_utilization":0.9987838659,"relative_mem_usage":0.155367897,"absolute_mem_usage":3751435264.0,"absolute_mem_percent_usage":0.0277680481,"mem_info_per_process":{"3137":{"rss":3663462400,"vms":11437084672,"shared":573165568,"text":2322432,"lib":0,"data":9682690048,"dirty":0,"uss":131940352,"pss":1836357632,"swap":0},"3189":{"rss":3270451200,"vms":11437084672,"shared":180379648,"text":2322432,"lib":0,"data":9682690048,"dirty":0,"uss":102260736,"pss":1680876544,"swap":0}},"nvidia_draw_absolute":42.02,"nvidia_estimated_attributable_power_draw":42.02,"average_gpu_estimated_utilization_absolute":0.165,"per_gpu_average_estimated_utilization_absolute":{"(0, 3137)":{"sm":16.5,"mem":0.0,"enc":0.0,"dec":0.0}},"average_gpu_estimated_utilization_relative":1.0,"per_gpu_performance_state":{"0":"P2"},"per_gpu_power_draw":{"0":42.02},"cpu_count_adjusted_average_load":[0.1703125,0.17,0.159375],"realtime_carbon_intensity":337.277384728,"disk_write_speed":29.6360432673,"process_ids":[3137,3189]}
{"timestamp":1572411175.4821350574,"rapl_power_draw_absolute":88.7162253402,"rapl_estimated_attributable_power_draw":19.996431978,"cpu_time_seconds":{"3137":{"user":228.52,"system":2.8,"children_user":0.09,"children_system":0.2},"3189":{"user":2.5,"system":7.58,"children_user":0.24,"children_system":5.4}},"average_relative_cpu_utilization":0.2339822268,"absolute_cpu_utilization":1.0037739547,"relative_mem_usage":0.1553711207,"absolute_mem_usage":3751447552.0,"absolute_mem_percent_usage":0.027768139,"mem_info_per_process":{"3137":{"rss":3663462400,"vms":11437084672,"shared":573165568,"text":2322432,"lib":0,"data":9682690048,"dirty":0,"uss":131944448,"pss":1836359680,"swap":0},"3189":{"rss":3270451200,"vms":11437084672,"shared":180379648,"text":2322432,"lib":0,"data":9682690048,"dirty":0,"uss":102264832,"pss":1680878592,"swap":0}},"nvidia_draw_absolute":41.83,"nvidia_estimated_attributable_power_draw":41.83,"average_gpu_estimated_utilization_absolute":0.16,"per_gpu_average_estimated_utilization_absolute":{"(0, 3137)":{"sm":16,"mem":0,"enc":0,"dec":0}},"average_gpu_estimated_utilization_relative":1.0,"per_gpu_performance_state":{"0":"P2"},"per_gpu_power_draw":{"0":41.83},"cpu_count_adjusted_average_load":[0.1725,0.170625,0.1596875],"realtime_carbon_intensity":337.277384728,"disk_write_speed":21.5945219585,"process_ids":[3137,3189]}
{"timestamp":1572411183.6021571159,"rapl_power_draw_absolute":89.0684431576,"rapl_estimated_attributable_power_draw":19.7562480394,"cpu_time_seconds":{"3137":{"user":236.64,"system":2.8,"children_user":0.09,"children_system":0.2},"3189":{"user":2.58,"system":7.86,"children_user":0.26,"children_system":5.59}},"average_relative_cpu_utilization":0.2298759518,"absolute_cpu_utilization":0.9987881916,"relative_mem_usage":0.1553677552,"absolute_mem_usage":3751459840.0,"absolute_mem_percent_usage":0.02776823,"mem_info_per_process":{"3137":{"rss":3663462400,"vms":11437084672,"shared":573165568,"text":2322432,"lib":0,"data":9682690048,"dirty":0,"uss":131948544,"pss":1836361728,"swap":0},"3189":{"rss":3270451200,"vms":11437084672,"shared":180379648,"text":2322432,"lib":0,"data":9682690048,"dirty":0,"uss":102268928,"pss":1680880640,"swap":0}},"nvidia_draw_absolute":42.22,"nvidia_estimated_attributable_power_draw":42.22,"average_gpu_estimated_utilization_absolute":0.165,"per_gpu_average_estimated_utilization_absolute":{"(0, 3137)":{"sm":16.5,"mem":0.0,"enc":0.0,"dec":0.0}},"average_gpu_estimated_utilization_relative":1.0,"per_gpu_performance_state":{"0":"P2"},"per_gpu_power_draw":{"0":42.22},"cpu_count_adjusted_average_load":[0.1678125,0.1696875,0.159375],"realtime_carbon_intensity":337.277384728,"disk_write_speed":19.9828485835,"process_ids":[3137,3189]}
{"timestamp":1572411191.7107079029,"rapl_power_draw_absolute":88.6242985907,"rapl_estimated_attributable_power_draw":20.0283836037,"cpu_time_seconds":{"3137":{"user":244.75,"system":2.81,"children_user":0.09,"children_system":0.2},"3189":{"user":2.66,"system":8.15,"children_user":0.26,"children_system":5.79}},"average_relative_cpu_utilization":0.2348020339,"absolute_cpu_utilization":1.0037727582,"relative_mem_usage":0.1553850284,"absolute_mem_usage":3751472128.0,"absolute_mem_percent_usage":0.0277683209,"mem_info_per_process":{"3137":{"rss":3663462400,"vms":11437084672,"shared":573165568,"text":2322432,"lib":0,"data":9682690048,"dirty":0,"uss":131952640,"pss":1836363776,"swap":0},"3189":{"rss":3270451200,"vms":11437084672,"shared":180379648,"text":2322432,"lib":0,"data":9682690048,"dirty":0,"uss":102273024,"pss":1680882688,"swap":0}},"nvidia_draw_absolute":41.96,"nvidia_estimated_attributable_power_draw":41.96,"average_gpu_estimated_utilization_absolute":0.165,"per_gpu_average_estimated_utilization_absolute":{"(0, 3137)":{"sm":16.5,"mem":0.0,"enc":0.0,"dec":0.0}},"average_gpu_estimated_utilization_relative":1.0,"per_gpu_performance_state":{"0":"P2"},"per_gpu_power_draw":{"0":41.96},"cpu_count_adjusted_average_load":[0.169375,0.17,0.1596875],"realtime_carbon_intensity":337.277384728,"disk_write_speed":24.0410661544,"process_ids":[3137,3189]}
{"timestamp":1572411199.9075639248,"rapl_power_draw_absolute":88.8713328163,"rapl_estimated_attributable_power_draw":19.8095442589,"cpu_time_seconds":{"3137":{"user":252.94,"system":2.82,"children_user":0.09,"children_system":0.2},"3189":{"user":2.74,"system":8.46,"children_user":0.28,"children_system":5.98}},"average_relative_cpu_utilization":0.2315575221,"absolute_cpu_utilization":1.0037888031,"relative_mem_usage":0.1553853792,"absolute_mem_usage":3751484416.0,"absolute_mem_percent_usage":0.0277684119,"mem_info_per_process":{"3137":{"rss":3663462400,"vms":11437084672,"shared":573165568,"text":2322432,"lib":0,"data":9682690048,"dirty":0,"uss":131956736,"pss":1836365824,"swap":0},"3189":{"rss":3270451200,"vms":11437084672,"shared":180379648,"text":2322432,"lib":0,"data":9682690048,"dirty":0,"uss":102277120,"pss":1680884736,"swap":0}},"nvidia_draw_absolute":41.99,"nvidia_estimated_attributable_power_draw":41.99,"average_gpu_estimated_utilization_absolute":0.17,"per_gpu_average_estimated_utilization_absolute":{"(0, 3137)":{"sm":17,"mem":0,"enc":0,"dec":0}},"average_gpu_estimated_utilization_relative":1.0,"per_gpu_performance_state":{"0":"P2"},"per_gpu_power_draw":{"0":41.99},"cpu_count_adjusted_average_load":[0.171875,0.170625,0.16],"realtime_carbon_intensity":337.277384728,"disk_write_speed":25.0488458897,"process_ids":[3137,3189]}
{"timestamp":1572411208.0245308876,"rapl_power_draw_absolute":89.0089015219,"rapl_estimated_attributable_power_draw":19.8073775827,"cpu_time_seconds":{"3137":{"user":261.06,"system":2.82,"children_user":0.09,"children_system":0.2},"3189":{"user":2.83,"system":8.72,"children_user":0.29,"children_system":6.18}},"average_relative_cpu_utilization":0.2310238341,"absolute_cpu_utilization":1.00378169,"relative_mem_usage":0.1553940345,"absolute_mem_usage":3751496704.0,"absolute_mem_percent_usage":0.0277685028,"mem_info_per_process":{"3137":{"rss":3663462400,"vms":11437084672,"shared":573165568,"text":2322432,"lib":0,"data":9682690048,"dirty":0,"uss":131960832,"pss":1836367872,"swap":0},"3189":{"rss":3270451200,"vms":11437084672,"shared":180379648,"text":2322432,"lib":0,"data":9682690048,"dirty":0,"uss":102281216,"pss":1680886784,"swap":0}},"nvidia_draw_absolute":42.23,"nvidia_estimated_attributable_power_draw":42.23,"average_gpu_estimated_utilization_absolute":0.17,"per_gpu_average_estimated_utilization_absolute":{"(0, 3137)":{"sm":17,"mem":0,"enc":0,"dec":0}},"average_gpu_estimated_utilization_relative":1.0,"per_gpu_performance_state":{"0":"P2"},"per_gpu_power_draw":{"0":42.23},"cpu_count_adjusted_average_load":[0.166875,0.169375,0.1596875],"realtime_carbon_intensity":337.277384728,"disk_write_speed":36.1369536896,"process_ids":[3137,3189]}
{"timestamp":1572411216.1462910175,"rapl_power_draw_absolute":89.2590968536,"rapl_estimated_attributable_power_draw":19.8404231825,"cpu_time_seconds":{"3137":{"user":269.17,"system":2.83,"children_user":0.09,"children_system":0.2},"3189":{"user":2.94,"system":9.02,"children_user":0.3,"children_system":6.36}},"average_relative_cpu_utilization":0.2304923329,"absolute_cpu_utilization":1.0037563217,"relative_mem_usage":0.155389877,"absolute_mem_usage":3751508992.0,"absolute_mem_percent_usage":0.0277685938,"mem_info_per_process":{"3137":{"rss":3663462400,"vms":11437084672,"shared":573165568,"text":2322432,"lib":0,"data":9682690048,"dirty":0,"uss":131964928,"pss":1836369920,"swap":0},"3189":{"rss":3270451200,"vms":11437084672,"shared":180379648,"text":2322432,"lib":0,"data":9682690048,"dirty":0,"uss":102285312,"pss":1680888832,"swap":0}},"nvidia_draw_absolute":42.02,"nvidia_estimated_attributable_power_draw":42.02,"average_gpu_estimated_utilization_absolute":0.165,"per_gpu_average_estimated_utilization_absolute":{"(0, 3137)":{"sm":16.5,"mem":0.0,"enc":0.0,"dec":0.0}},"average_gpu_estimated_utilization_relative":1.0,"per_gpu_performance_state":{"0":"P2"},"per_gpu_power_draw":{"0":42.02},"cpu_count_adjusted_average_load":[0.17125,0.1703125,0.16],"realtime_carbon_intensity":337.277384728,"disk_write_speed":36.8916429987,"process_ids":[3137,3189]}
{"timestamp":1572411224.3172791004,"rapl_power_draw_absolute":88.8613318257,"rapl_estimated_attributable_power_draw":19.6244376162,"cpu_time_seconds":{"3137":{"user":277.34,"system":2.83,"children_user":0.09,"children_system":0.2},"3189":{"user":3.07,"system":9.32,"children_user":0.32,"children_system":6.56}},"average_relative_cpu_utilization":0.2289182422,"absolute_cpu_utilization":1.0037772829,"relative_mem_usage":0.1553749386,"absolute_mem_usage":3751521280.0,"absolute_mem_percent_usage":0.0277686848,"mem_info_per_process":{"3137":{"rss":3663462400,"vms":11437084672,"shared":573165568,"text":2322432,"lib":0,"data":9682690048,"dirty":0,"uss":131969024,"pss":1836371968,"swap":0},"3189":{"rss":3270451200,"vms":11437084672,"shared":180379648,"text":2322432,"lib":0,"data":9682690048,"dirty":0,"uss":102289408,"pss":1680890880,"swap":0}},"nvidia_draw_absolute":41.79,"nvidia_estimated_attributable_power_draw":41.79,"average_gpu_estimated_utilization_absolute":0.165,"per_gpu_average_estimated_utilization_absolute":{"(0, 3137)":{"sm":16.5,"mem":0.0,"enc":0.0,"dec":0.0}},"average_gpu_estimated_utilization_relative":1.0,"per_gpu_performance_state":{"0":"P2"},"per_gpu_power_draw":{"0":41.79},"cpu_count_adjusted_average_load":[0.175625,0.17125,0.1603125],"realtime_carbon_intensity":337.277384728,"disk_write_speed":35.3954516962,"process_ids":[3137,3189]}
{"timestamp":1572411232.4075069427,"rapl_power_draw_absolute":84.9783616014,"rapl_estimated_attributable_power_draw":22.9556303166,"cpu_time_seconds":{"3137":{"user":285.42,"system":2.84,"children_user":0.09,"children_system":0.2},"3189":{"user":3.17,"system":9.62,"children_user":0.32,"children_system":6.76}},"average_relative_cpu_utilization":0.2811086071,"absolute_cpu_utilization":1.00377738,"relative_mem_usage":0.1848642908,"absolute_mem_usage":3835115520.0,"absolute_mem_percent_usage":0.0283874476,"mem_info_per_process":{"3137":{"rss":3663462400,"vms":11437084672,"shared":573165568,"text":2322432,"lib":0,"data":9682690048,"dirty":0,"uss":149610496,"pss":1900895232,"swap":0},"3189":{"rss":3270451200,"vms":11437084672,"shared":180379648,"text":2322432,"lib":0,"data":9682690048,"dirty":0,"uss":102400000,"pss":1682209792,"swap":0}},"nvidia_draw_absolute":42.12,"nvidia_estimated_attributable_power_draw":42.12,"average_gpu_estimated_utilization_absolute":0.165,"per_gpu_average_estimated_utilization_absolute":{"(0, 3137)":{"sm":16.5,"mem":0.0,"enc":0.0,"dec":0.0}},"average_gpu_estimated_utilization_relative":1.0,"per_gpu_performance_state":{"0":"P2"},"per_gpu_power_draw":{"0":42.12},"cpu_count_adjusted_average_load":[0.1728125,0.1709375,0.1603125],"realtime_carbon_intensity":337.277384728,"disk_write_speed":38.0558102356,"process_ids":[3137,3189]}
{"timestamp":1572411241.0958640575,"rapl_power_draw_absolute":81.9473826827,"rapl_estimated_attributable_power_draw":18.1629124949,"cpu_time_seconds":{"3137":{"user":293.56,"system":2.85,"children_user":0.09,"children_system":0.2},"3189":{"user":3.3,"system":9.88,"children_user":0.33,"children_system":6.95}},"average_relative_cpu_utilization":0.227986053,"absolute_cpu_utilization":0.7890633521,"relative_mem_usage":0.1739757717,"absolute_mem_usage":3614271488.0,"absolute_mem_percent_usage":0.0267527646,"mem_info_per_process":{"3137":{"rss":3328327680,"vms":11437084672,"shared":238030848,"text":2322432,"lib":0,"data":9682690048,"dirty":0,"uss":116543488,"pss":1713761280,"swap":0},"3189":{"rss":3269771264,"vms":11437084672,"shared":179699712,"text":2322432,"lib":0,"data":9682690048,"dirty":0,"uss":102404096,"pss":1681562624,"swap":0}},"nvidia_draw_absolute":40.78,"nvidia_estimated_attributable_power_draw":40.78,"average_gpu_estimated_utilization_absolute":0.155,"per_gpu_average_estimated_utilization_absolute":{"(0, 3137)":{"sm":15.5,"mem":0.0,"enc":0.0,"dec":0.0}},"average_gpu_estimated_utilization_relative":1.0,"per_gpu_performance_state":{"0":"P2"},"per_gpu_power_draw":{"0":40.78},"cpu_count_adjusted_average_load":[0.1690625,0.17,0.1603125],"realtime_carbon_intensity":337.277384728,"disk_write_speed":14.1538137064,"process_ids":[3137,3189]}
{"timestamp":1572411250.3709039688,"rapl_power_draw_absolute":85.2706086519,"rapl_estimated_attributable_power_draw":22.0519374091,"cpu_time_seconds":{"3137":{"user":302.84,"system":2.85,"children_user":0.09,"children_system":0.2},"3189":{"user":3.38,"system":10.14,"children_user":0.35,"children_system":7.16}},"average_relative_cpu_utilization":0.2709878829,"absolute_cpu_utilization":0.998777344,"relative_mem_usage":0.164646474,"absolute_mem_usage":3609238528.0,"absolute_mem_percent_usage":0.0267155107,"mem_info_per_process":{"3137":{"rss":3325775872,"vms":11437084672,"shared":235479040,"text":2322432,"lib":0,"data":9682690048,"dirty":0,"uss":115412992,"pss":1710063616,"swap":0},"3189":{"rss":3269685248,"vms":11437084672,"shared":179613696,"text":2322432,"lib":0,"data":9682690048,"dirty":0,"uss":102404096,"pss":1681357824,"swap":0}},"nvidia_draw_absolute":41.61,"nvidia_estimated_attributable_power_draw":41.61,"average_gpu_estimated_utilization_absolute":0.16,"per_gpu_average_estimated_utilization_absolute":{"(0, 3137)":{"sm":16,"mem":0,"enc":0,"dec":0}},"average_gpu_estimated_utilization_relative":1.0,"per_gpu_performance_state":{"0":"P2"},"per_gpu_power_draw":{"0":41.61},"cpu_count_adjusted_average_load":[0.166875,0.1696875,0.1603125],"realtime_carbon_intensity":337.277384728,"disk_write_speed":24.6958878498,"process_ids":[3137,3189]}
{"timestamp":1572411258.5171000957,"rapl_power_draw_absolute":86.881503356,"rapl_estimated_attributable_power_draw":20.5658596122,"cpu_time_seconds":{"3137":{"user":310.98,"system":2.86,"children_user":0.09,"children_system":0.2},"3189":{"user":3.46,"system":10.42,"children_user":0.36,"children_system":7.36}},"average_relative_cpu_utilization":0.2481251793,"absolute_cpu_utilization":0.9987746423,"relative_mem_usage":0.1496752096,"absolute_mem_usage":3604533248.0,"absolute_mem_percent_usage":0.0266806823,"mem_info_per_process":{"3137":{"rss":3320475648,"vms":11437084672,"shared":230178816,"text":2322432,"lib":0,"data":9682690048,"dirty":0,"uss":114614272,"pss":1706152960,"swap":0},"3189":{"rss":3269681152,"vms":11437084672,"shared":179609600,"text":2322432,"lib":0,"data":9682690048,"dirty":0,"uss":102408192,"pss":1681357824,"swap":0}},"nvidia_draw_absolute":41.72,"nvidia_estimated_attributable_power_draw":41.72,"average_gpu_estimated_utilization_absolute":0.165,"per_gpu_average_estimated_utilization_absolute":{"(0, 3137)":{"sm":16.5,"mem":0.0,"enc":0.0,"dec":0.0}},"average_gpu_estimated_utilization_relative":1.0,"per_gpu_performance_state":{"0":"P2"},"per_gpu_power_draw":{"0":41.72},"cpu_count_adjusted_average_load":[0.1603125,0.168125,0.1596875],"realtime_carbon_intensity":337.277384728,"disk_write_speed":33.8493417174,"process_ids":[3137,3189]}
{"timestamp":1572411266.6558918953,"rapl_power_draw_absolute":87.8825171119,"rapl_estimated_attributable_power_draw":19.9997954179,"cpu_time_seconds":{"3137":{"user":319.12,"system":2.86,"children_user":0.09,"children_system":0.2},"3189":{"user":3.59,"system":10.67,"children_user":0.36,"children_system":7.58}},"average_relative_cpu_utilization":0.2369600812,"absolute_cpu_utilization":0.9987894422,"relative_mem_usage":0.1490777551,"absolute_mem_usage":3603934208.0,"absolute_mem_percent_usage":0.0266762482,"mem_info_per_process":{"3137":{"rss":3320475648,"vms":11437084672,"shared":230178816,"text":2322432,"lib":0,"data":9682690048,"dirty":0,"uss":114622464,"pss":1705814016,"swap":0},"3189":{"rss":3269681152,"vms":11437084672,"shared":179609600,"text":2322432,"lib":0,"data":9682690048,"dirty":0,"uss":102416384,"pss":1681081344,"swap":0}},"nvidia_draw_absolute":42.43,"nvidia_estimated_attributable_power_draw":42.43,"average_gpu_estimated_utilization_absolute":0.165,"per_gpu_average_estimated_utilization_absolute":{"(0, 3137)":{"sm":16.5,"mem":0.0,"enc":0.0,"dec":0.0}},"average_gpu_estimated_utilization_relative":1.0,"per_gpu_performance_state":{"0":"P2"},"per_gpu_power_draw":{"0":42.43},"cpu_count_adjusted_average_load":[0.16,0.168125,0.1596875],"realtime_carbon_intensity":337.277384728,"disk_write_speed":33.7368012404,"process_ids":[3137,3189]}
{"timestamp":1572411274.7976009846,"rapl_power_draw_absolute":87.8728759558,"rapl_estimated_attributable_power_draw":20.0045852446,"cpu_time_seconds":{"3137":{"user":327.26,"system":2.86,"children_user":0.09,"children_system":0.2},"3189":{"user":3.69,"system":10.95,"children_user":0.37,"children_system":7.78}},"average_relative_cpu_utilization":0.2375194741,"absolute_cpu_utilization":0.9987746144,"relative_mem_usage":0.1489994431,"absolute_mem_usage":3603381248.0,"absolute_mem_percent_usage":0.0266721552,"mem_info_per_process":{"3137":{"rss":3320475648,"vms":11437084672,"shared":230178816,"text":2322432,"lib":0,"data":9682690048,"dirty":0,"uss":114601984,"pss":1705673728,"swap":0},"3189":{"rss":3269681152,"vms":11437084672,"shared":179609600,"text":2322432,"lib":0,"data":9682690048,"dirty":0,"uss":102330368,"pss":1680775168,"swap":0}},"nvidia_draw_absolute":41.46,"nvidia_estimated_attributable_power_draw":41.46,"average_gpu_estimated_utilization_absolute":0.165,"per_gpu_average_estimated_utilization_absolute":{"(0, 3137)":{"sm":16.5,"mem":0.0,"enc":0.0,"dec":0.0}},"average_gpu_estimated_utilization_relative":1.0,"per_gpu_performance_state":{"0":"P2"},"per_gpu_power_draw":{"0":41.46},"cpu_count_adjusted_average_load":[0.1546875,0.1665625,0.159375],"realtime_carbon_intensity":337.277384728,"disk_write_speed":29.2728247275,"process_ids":[3137,3189]}
{"timestamp":1572411282.9210870266,"rapl_power_draw_absolute":87.6899712764,"rapl_estimated_attributable_power_draw":19.9464397751,"cpu_time_seconds":{"3137":{"user":335.39,"system":2.86,"children_user":0.09,"children_system":0.2},"3189":{"user":3.78,"system":11.24,"children_user":0.38,"children_system":7.98}},"average_relative_cpu_utilization":0.2375778746,"absolute_cpu_utilization":1.0037825714,"relative_mem_usage":0.1489926331,"absolute_mem_usage":3603393536.0,"absolute_mem_percent_usage":0.0266722462,"mem_info_per_process":{"3137":{"rss":3320475648,"vms":11437084672,"shared":230178816,"text":2322432,"lib":0,"data":9682690048,"dirty":0,"uss":114606080,"pss":1705675776,"swap":0},"3189":{"rss":3269681152,"vms":11437084672,"shared":179609600,"text":2322432,"lib":0,"data":9682690048,"dirty":0,"uss":102334464,"pss":1680777216,"swap":0}},"nvidia_draw_absolute":41.73,"nvidia_estimated_attributable_power_draw":41.73,"average_gpu_estimated_utilization_absolute":0.165,"per_gpu_average_estimated_utilization_absolute":{"(0, 3137)":{"sm":16.5,"mem":0.0,"enc":0.0,"dec":0.0}},"average_gpu_estimated_utilization_relative":1.0,"per_gpu_performance_state":{"0":"P2"},"per_gpu_power_draw":{"0":41.73},"cpu_count_adjusted_average_load":[0.1525,0.165625,0.1590625],"realtime_carbon_intensity":337.277384728,"disk_write_speed":35.7677736255,"process_ids":[3137,3189]}
{"timestamp":1572411291.0176999569,"rapl_power_draw_absolute":87.6562063512,"rapl_estimated_attributable_power_draw":19.903110171,"cpu_time_seconds":{"3137":{"user":343.48,"system":2.86,"children_user":0.09,"children_system":0.2},"3189":{"user":3.88,"system":11.51,"children_user":0.39,"children_system":8.17}},"average_relative_cpu_utilization":0.2363968934,"absolute_cpu_utilization":0.9987974657,"relative_mem_usage":0.1489898575,"absolute_mem_usage":3603393536.0,"absolute_mem_percent_usage":0.0266722462,"mem_info_per_process":{"3137":{"rss":3320475648,"vms":11437084672,"shared":230178816,"text":2322432,"lib":0,"data":9682690048,"dirty":0,"uss":114606080,"pss":1705675776,"swap":0},"3189":{"rss":3269681152,"vms":11437084672,"shared":179609600,"text":2322432,"lib":0,"data":9682690048,"dirty":0,"uss":102334464,"pss":1680777216,"swap":0}},"nvidia_draw_absolute":41.85,"nvidia_estimated_attributable_power_draw":41.85,"average_gpu_estimated_utilization_absolute":0.165,"per_gpu_average_estimated_utilization_absolute":{"(0, 3137)":{"sm":16.5,"mem":0.0,"enc":0.0,"dec":0.0}},"average_gpu_estimated_utilization_relative":1.0,"per_gpu_performance_state":{"0":"P2"},"per_gpu_power_draw":{"0":41.85},"cpu_count_adjusted_average_load":[0.1578125,0.1665625,0.159375],"realtime_carbon_intensity":337.277384728,"disk_write_speed":17.1644849232,"process_ids":[3137,3189]}
{"timestamp":1572411299.1498999596,"rapl_power_draw_absolute":87.7473690462,"rapl_estimated_attributable_power_draw":20.0058669597,"cpu_time_seconds":{"3137":{"user":351.61,"system":2.87,"children_user":0.09,"children_system":0.2},"3189":{"user":3.96,"system":11.78,"children_user":0.4,"children_system":8.37}},"average_relative_cpu_utilization":0.2375798109,"absolute_cpu_utilization":1.0037923102,"relative_mem_usage":0.1490057591,"absolute_mem_usage":3603405824.0,"absolute_mem_percent_usage":0.0266723371,"mem_info_per_process":{"3137":{"rss":3320475648,"vms":11437084672,"shared":230178816,"text":2322432,"lib":0,"data":9682690048,"dirty":0,"uss":114610176,"pss":1705677824,"swap":0},"3189":{"rss":3269681152,"vms":11437084672,"shared":179609600,"text":2322432,"lib":0,"data":9682690048,"dirty":0,"uss":102338560,"pss":1680779264,"swap":0}},"nvidia_draw_absolute":42.09,"nvidia_estimated_attributable_power_draw":42.09,"average_gpu_estimated_utilization_absolute":0.165,"per_gpu_average_estimated_utilization_absolute":{"(0, 3137)":{"sm":16.5,"mem":0.0,"enc":0.0,"dec":0.0}},"average_gpu_estimated_utilization_relative":1.0,"per_gpu_performance_state":{"0":"P2"},"per_gpu_power_draw":{"0":42.09},"cpu_count_adjusted_average_load":[0.1596875,0.166875,0.1596875],"realtime_carbon_intensity":337.277384728,"disk_write_speed":24.653947366,"process_ids":[3137,3189]}
{"timestamp":1572411307.2967960835,"rapl_power_draw_absolute":87.7164570631,"rapl_estimated_attributable_power_draw":20.0289819729,"cpu_time_seconds":{"3137":{"user":359.75,"system":2.88,"children_user":0.09,"children_system":0.2},"3189":{"user":4.04,"system":12.05,"children_user":0.4,"children_system":8.58}},"average_relative_cpu_utilization":0.2378602996,"absolute_cpu_utilization":1.0037847787,"relative_mem_usage":0.1490131575,"absolute_mem_usage":3603418112.0,"absolute_mem_percent_usage":0.0266724281,"mem_info_per_process":{"3137":{"rss":3320475648,"vms":11437084672,"shared":230178816,"text":2322432,"lib":0,"data":9682690048,"dirty":0,"uss":114614272,"pss":1705679872,"swap":0},"3189":{"rss":3269681152,"vms":11437084672,"shared":179609600,"text":2322432,"lib":0,"data":9682690048,"dirty":0,"uss":102342656,"pss":1680781312,"swap":0}},"nvidia_draw_absolute":41.97,"nvidia_estimated_attributable_power_draw":41.97,"average_gpu_estimated_utilization_absolute":0.165,"per_gpu_average_estimated_utilization_absolute":{"(0, 3137)":{"sm":16.5,"mem":0.0,"enc":0.0,"dec":0.0}},"average_gpu_estimated_utilization_relative":1.0,"per_gpu_performance_state":{"0":"P2"},"per_gpu_power_draw":{"0":41.97},"cpu_count_adjusted_average_load":[0.161875,0.1671875,0.1596875],"realtime_carbon_intensity":337.277384728,"disk_write_speed":49.1068447217,"process_ids":[3137,3189]}
{"timestamp":1572411315.427325964,"rapl_power_draw_absolute":87.7773378789,"rapl_estimated_attributable_power_draw":19.8723235322,"cpu_time_seconds":{"3137":{"user":367.87,"system":2.89,"children_user":0.09,"children_system":0.2},"3189":{"user":4.18,"system":12.34,"children_user":0.41,"children_system":8.77}},"average_relative_cpu_utilization":0.235837998,"absolute_cpu_utilization":0.9987659874,"relative_mem_usage":0.1490277177,"absolute_mem_usage":3603431424.0,"absolute_mem_percent_usage":0.0266725266,"mem_info_per_process":{"3137":{"rss":3320475648,"vms":11437084672,"shared":230178816,"text":2322432,"lib":0,"data":9682690048,"dirty":0,"uss":114618368,"pss":1705681920,"swap":0},"3189":{"rss":3269681152,"vms":11437084672,"shared":179609600,"text":2322432,"lib":0,"data":9682690048,"dirty":0,"uss":102346752,"pss":1680784384,"swap":0}},"nvidia_draw_absolute":41.8,"nvidia_estimated_attributable_power_draw":41.8,"average_gpu_estimated_utilization_absolute":0.165,"per_gpu_average_estimated_utilization_absolute":{"(0, 3137)":{"sm":16.5,"mem":0.0,"enc":0.0,"dec":0.0}},"average_gpu_estimated_utilization_relative":1.0,"per_gpu_performance_state":{"0":"P2"},"per_gpu_power_draw":{"0":41.8},"cpu_count_adjusted_average_load":[0.15875,0.16625,0.159375],"realtime_carbon_intensity":337.277384728,"disk_write_speed":31.5808053595,"process_ids":[3137,3189]}
{"timestamp":1572411323.5103290081,"rapl_power_draw_absolute":87.7577259011,"rapl_estimated_attributable_power_draw":19.9771460843,"cpu_time_seconds":{"3137":{"user":375.95,"system":2.9,"children_user":0.09,"children_system":0.2},"3189":{"user":4.29,"system":12.6,"children_user":0.41,"children_system":8.98}},"average_relative_cpu_utilization":0.2372974029,"absolute_cpu_utilization":1.003787537,"relative_mem_usage":0.149003961,"absolute_mem_usage":3603352576.0,"absolute_mem_percent_usage":0.026671943,"mem_info_per_process":{"3137":{"rss":3320475648,"vms":11437084672,"shared":230178816,"text":2322432,"lib":0,"data":9682690048,"dirty":0,"uss":114622464,"pss":1705593856,"swap":0},"3189":{"rss":3269681152,"vms":11437084672,"shared":179609600,"text":2322432,"lib":0,"data":9682690048,"dirty":0,"uss":102350848,"pss":1680785408,"swap":0}},"nvidia_draw_absolute":41.71,"nvidia_estimated_attributable_power_draw":41.71,"average_gpu_estimated_utilization_absolute":0.165,"per_gpu_average_estimated_utilization_absolute":{"(0, 3137)":{"sm":16.5,"mem":0.0,"enc":0.0,"dec":0.0}},"average_gpu_estimated_utilization_relative":1.0,"per_gpu_performance_state":{"0":"P2"},"per_gpu_power_draw":{"0":41.71},"cpu_count_adjusted_average_load":[0.160625,0.16625,0.1596875],"realtime_carbon_intensity":337.277384728,"disk_write_speed":26.0058547167,"process_ids":[3137,3189]}
{"timestamp":1572411331.6956439018,"rapl_power_draw_absolute":87.8665375593,"rapl_estimated_attributable_power_draw":19.8407110363,"cpu_time_seconds":{"3137":{"user":384.14,"system":2.9,"children_user":0.09,"children_system":0.2},"3189":{"user":4.4,"system":12.88,"children_user":0.42,"children_system":9.18}},"average_relative_cpu_utilization":0.2353530763,"absolute_cpu_utilization":1.0037866518,"relative_mem_usage":0.1490225998,"absolute_mem_usage":3603456000.0,"absolute_mem_percent_usage":0.0266727085,"mem_info_per_process":{"3137":{"rss":3320475648,"vms":11437084672,"shared":230178816,"text":2322432,"lib":0,"data":9682690048,"dirty":0,"uss":114626560,"pss":1705686016,"swap":0},"3189":{"rss":3269681152,"vms":11437084672,"shared":179609600,"text":2322432,"lib":0,"data":9682690048,"dirty":0,"uss":102354944,"pss":1680788480,"swap":0}},"nvidia_draw_absolute":41.83,"nvidia_estimated_attributable_power_draw":41.83,"average_gpu_estimated_utilization_absolute":0.17,"per_gpu_average_estimated_utilization_absolute":{"(0, 3137)":{"sm":17,"mem":0,"enc":0,"dec":0}},"average_gpu_estimated_utilization_relative":1.0,"per_gpu_performance_state":{"0":"P2"},"per_gpu_power_draw":{"0":41.83},"cpu_count_adjusted_average_load":[0.1628125,0.166875,0.1596875],"realtime_carbon_intensity":337.277384728,"disk_write_speed":44.3289535741,"process_ids":[3137,3189]}
{"timestamp":1572411339.8430509567,"rapl_power_draw_absolute":88.2859121033,"rapl_estimated_attributable_power_draw":19.728993224,"cpu_time_seconds":{"3137":{"user":392.27,"system":2.91,"children_user":0.09,"children_system":0.2},"3189":{"user":4.52,"system":13.2,"children_user":0.43,"children_system":9.38}},"average_relative_cpu_utilization":0.2326298915,"absolute_cpu_utilization":1.0037830906,"relative_mem_usage":0.1490066982,"absolute_mem_usage":3603456000.0,"absolute_mem_percent_usage":0.0266727085,"mem_info_per_process":{"3137":{"rss":3320475648,"vms":11437084672,"shared":230178816,"text":2322432,"lib":0,"data":9682690048,"dirty":0,"uss":114626560,"pss":1705686016,"swap":0},"3189":{"rss":3269681152,"vms":11437084672,"shared":179609600,"text":2322432,"lib":0,"data":9682690048,"dirty":0,"uss":102354944,"pss":1680788480,"swap":0}},"nvidia_draw_absolute":41.84,"nvidia_estimated_attributable_power_draw":41.84,"average_gpu_estimated_utilization_absolute":0.165,"per_gpu_average_estimated_utilization_absolute":{"(0, 3137)":{"sm":16.5,"mem":0.0,"enc":0.0,"dec":0.0}},"average_gpu_estimated_utilization_relative":1.0,"per_gpu_performance_state":{"0":"P2"},"per_gpu_power_draw":{"0":41.84},"cpu_count_adjusted_average_load":[0.156875,0.1653125,0.159375],"realtime_carbon_intensity":337.277384728,"disk_write_speed":44.6024308509,"process_ids":[3137,3189]}
{"timestamp":1572411347.9586679935,"rapl_power_draw_absolute":87.7651564105,"rapl_estimated_attributable_power_draw":19.7089907036,"cpu_time_seconds":{"3137":{"user":400.37,"system":2.93,"children_user":0.09,"children_system":0.2},"3189":{"user":4.66,"system":13.47,"children_user":0.44,"children_system":9.58}},"average_relative_cpu_utilization":0.2339783498,"absolute_cpu_utilization":1.0037436334,"relative_mem_usage":0.1490072535,"absolute_mem_usage":3603456000.0,"absolute_mem_percent_usage":0.0266727085,"mem_info_per_process":{"3137":{"rss":3320475648,"vms":11437084672,"shared":230178816,"text":2322432,"lib":0,"data":9682690048,"dirty":0,"uss":114626560,"pss":1705686016,"swap":0},"3189":{"rss":3269681152,"vms":11437084672,"shared":179609600,"text":2322432,"lib":0,"data":9682690048,"dirty":0,"uss":102354944,"pss":1680788480,"swap":0}},"nvidia_draw_absolute":41.65,"nvidia_estimated_attributable_power_draw":41.65,"average_gpu_estimated_utilization_absolute":0.17,"per_gpu_average_estimated_utilization_absolute":{"(0, 3137)":{"sm":17,"mem":0,"enc":0,"dec":0}},"average_gpu_estimated_utilization_relative":1.0,"per_gpu_performance_state":{"0":"P2"},"per_gpu_power_draw":{"0":41.65},"cpu_count_adjusted_average_load":[0.159375,0.165625,0.159375],"realtime_carbon_intensity":337.277384728,"disk_write_speed":36.6591283059,"process_ids":[3137,3189]}
{"timestamp":1572411356.1047229767,"rapl_power_draw_absolute":88.297633044,"rapl_estimated_attributable_power_draw":19.7236045993,"cpu_time_seconds":{"3137":{"user":408.51,"system":2.93,"children_user":0.09,"children_system":0.2},"3189":{"user":4.76,"system":13.76,"children_user":0.46,"children_system":9.78}},"average_relative_cpu_utilization":0.2322776624,"absolute_cpu_utilization":0.9987712903,"relative_mem_usage":0.1490146738,"absolute_mem_usage":3603456000.0,"absolute_mem_percent_usage":0.0266727085,"mem_info_per_process":{"3137":{"rss":3320475648,"vms":11437084672,"shared":230178816,"text":2322432,"lib":0,"data":9682690048,"dirty":0,"uss":114626560,"pss":1705686016,"swap":0},"3189":{"rss":3269681152,"vms":11437084672,"shared":179609600,"text":2322432,"lib":0,"data":9682690048,"dirty":0,"uss":102354944,"pss":1680788480,"swap":0}},"nvidia_draw_absolute":42.33,"nvidia_estimated_attributable_power_draw":42.33,"average_gpu_estimated_utilization_absolute":0.17,"per_gpu_average_estimated_utilization_absolute":{"(0, 3137)":{"sm":17,"mem":0,"enc":0,"dec":0}},"average_gpu_estimated_utilization_relative":1.0,"per_gpu_performance_state":{"0":"P2"},"per_gpu_power_draw":{"0":42.33},"cpu_count_adjusted_average_load":[0.1565625,0.165,0.159375],"realtime_carbon_intensity":337.277384728,"disk_write_speed":32.450179128,"process_ids":[3137,3189]}
{"timestamp":1572411364.9043591022,"rapl_power_draw_absolute":83.3602271423,"rapl_estimated_attributable_power_draw":24.3643035922,"cpu_time_seconds":{"3137":{"user":417.3,"system":2.94,"children_user":0.09,"children_system":0.2},"3189":{"user":4.86,"system":14.04,"children_user":0.46,"children_system":9.97}},"average_relative_cpu_utilization":0.307079062,"absolute_cpu_utilization":0.9937730671,"relative_mem_usage":0.1740557993,"absolute_mem_usage":3613154304.0,"absolute_mem_percent_usage":0.0267444952,"mem_info_per_process":{"3137":{"rss":3320475648,"vms":11437084672,"shared":230178816,"text":2322432,"lib":0,"data":9682690048,"dirty":0,"uss":115888128,"pss":1712818176,"swap":0},"3189":{"rss":3269681152,"vms":11437084672,"shared":179609600,"text":2322432,"lib":0,"data":9682690048,"dirty":0,"uss":102379520,"pss":1682068480,"swap":0}},"nvidia_draw_absolute":41.68,"nvidia_estimated_attributable_power_draw":41.68,"average_gpu_estimated_utilization_absolute":0.17,"per_gpu_average_estimated_utilization_absolute":{"(0, 3137)":{"sm":17,"mem":0,"enc":0,"dec":0}},"average_gpu_estimated_utilization_relative":1.0,"per_gpu_performance_state":{"0":"P2"},"per_gpu_power_draw":{"0":41.68},"cpu_count_adjusted_average_load":[0.149375,0.163125,0.15875],"realtime_carbon_intensity":337.277384728,"disk_write_speed":30.8109481494,"process_ids":[3137,3189]}
{"timestamp":1572411373.0005879402,"rapl_power_draw_absolute":82.4333580828,"rapl_estimated_attributable_power_draw":22.4432355295,"cpu_time_seconds":{"3137":{"user":425.39,"system":2.95,"children_user":0.09,"children_system":0.2},"3189":{"user":4.95,"system":14.31,"children_user":0.47,"children_system":10.16}},"average_relative_cpu_utilization":0.2848874381,"absolute_cpu_utilization":0.9987634345,"relative_mem_usage":0.1735131271,"absolute_mem_usage":3613111296.0,"absolute_mem_percent_usage":0.0267441768,"mem_info_per_process":{"3137":{"rss":3320475648,"vms":11437084672,"shared":230178816,"text":2322432,"lib":0,"data":9682690048,"dirty":0,"uss":115888128,"pss":1712773120,"swap":0},"3189":{"rss":3269685248,"vms":11437084672,"shared":179609600,"text":2322432,"lib":0,"data":9682690048,"dirty":0,"uss":102383616,"pss":1682066432,"swap":0}},"nvidia_draw_absolute":41.43,"nvidia_estimated_attributable_power_draw":41.43,"average_gpu_estimated_utilization_absolute":0.165,"per_gpu_average_estimated_utilization_absolute":{"(0, 3137)":{"sm":16.5,"mem":0.0,"enc":0.0,"dec":0.0}},"average_gpu_estimated_utilization_relative":1.0,"per_gpu_performance_state":{"0":"P2"},"per_gpu_power_draw":{"0":41.43},"cpu_count_adjusted_average_load":[0.145625,0.161875,0.1584375],"realtime_carbon_intensity":337.277384728,"disk_write_speed":50.9127266989,"process_ids":[3137,3189]}
{"timestamp":1572411381.747713089,"rapl_power_draw_absolute":88.2750528176,"rapl_estimated_attributable_power_draw":20.5108604261,"cpu_time_seconds":{"3137":{"user":434.13,"system":2.96,"children_user":0.09,"children_system":0.2},"3189":{"user":5.11,"system":14.56,"children_user":0.48,"children_system":10.36}},"average_relative_cpu_utilization":0.2418308011,"absolute_cpu_utilization":0.9987801274,"relative_mem_usage":0.1603855262,"absolute_mem_usage":3605353472.0,"absolute_mem_percent_usage":0.0266867536,"mem_info_per_process":{"3137":{"rss":3320475648,"vms":11437084672,"shared":230178816,"text":2322432,"lib":0,"data":9682690048,"dirty":0,"uss":114966528,"pss":1706591232,"swap":0},"3189":{"rss":3269685248,"vms":11437084672,"shared":179609600,"text":2322432,"lib":0,"data":9682690048,"dirty":0,"uss":102387712,"pss":1681408000,"swap":0}},"nvidia_draw_absolute":41.34,"nvidia_estimated_attributable_power_draw":41.34,"average_gpu_estimated_utilization_absolute":0.17,"per_gpu_average_estimated_utilization_absolute":{"(0, 3137)":{"sm":17,"mem":0,"enc":0,"dec":0}},"average_gpu_estimated_utilization_relative":1.0,"per_gpu_performance_state":{"0":"P2"},"per_gpu_power_draw":{"0":41.34},"cpu_count_adjusted_average_load":[0.1465625,0.1615625,0.1584375],"realtime_carbon_intensity":337.277384728,"disk_write_speed":16.9497341609,"process_ids":[3137,3189]}
{"timestamp":1572411389.8691909313,"rapl_power_draw_absolute":87.9175570774,"rapl_estimated_attributable_power_draw":20.0907468116,"cpu_time_seconds":{"3137":{"user":442.26,"system":2.96,"children_user":0.09,"children_system":0.2},"3189":{"user":5.18,"system":14.82,"children_user":0.49,"children_system":10.56}},"average_relative_cpu_utilization":0.2381431099,"absolute_cpu_utilization":1.0037934008,"relative_mem_usage":0.1490845263,"absolute_mem_usage":3603940352.0,"absolute_mem_percent_usage":0.0266762937,"mem_info_per_process":{"3137":{"rss":3320475648,"vms":11437084672,"shared":230178816,"text":2322432,"lib":0,"data":9682690048,"dirty":0,"uss":114741248,"pss":1705646080,"swap":0},"3189":{"rss":3269685248,"vms":11437084672,"shared":179609600,"text":2322432,"lib":0,"data":9682690048,"dirty":0,"uss":102387712,"pss":1681165312,"swap":0}},"nvidia_draw_absolute":41.48,"nvidia_estimated_attributable_power_draw":41.48,"average_gpu_estimated_utilization_absolute":0.165,"per_gpu_average_estimated_utilization_absolute":{"(0, 3137)":{"sm":16.5,"mem":0.0,"enc":0.0,"dec":0.0}},"average_gpu_estimated_utilization_relative":1.0,"per_gpu_performance_state":{"0":"P2"},"per_gpu_power_draw":{"0":41.48},"cpu_count_adjusted_average_load":[0.148125,0.1615625,0.1584375],"realtime_carbon_intensity":337.277384728,"disk_write_speed":23.8427990046,"process_ids":[3137,3189]}
{"timestamp":1572411397.9677550793,"rapl_power_draw_absolute":88.2172599578,"rapl_estimated_attributable_power_draw":20.0024964348,"cpu_time_seconds":{"3137":{"user":450.35,"system":2.97,"children_user":0.09,"children_system":0.2},"3189":{"user":5.26,"system":15.09,"children_user":0.5,"children_system":10.76}},"average_relative_cpu_utilization":0.2361823867,"absolute_cpu_utilization":1.0037849151,"relative_mem_usage":0.1489855065,"absolute_mem_usage":3603353600.0,"absolute_mem_percent_usage":0.0266719506,"mem_info_per_process":{"3137":{"rss":3320475648,"vms":11437084672,"shared":230178816,"text":2322432,"lib":0,"data":9682690048,"dirty":0,"uss":114741248,"pss":1705475072,"swap":0},"3189":{"rss":3269685248,"vms":11437084672,"shared":179609600,"text":2322432,"lib":0,"data":9682690048,"dirty":0,"uss":102330368,"pss":1680806912,"swap":0}},"nvidia_draw_absolute":41.84,"nvidia_estimated_attributable_power_draw":41.84,"average_gpu_estimated_utilization_absolute":0.165,"per_gpu_average_estimated_utilization_absolute":{"(0, 3137)":{"sm":16.5,"mem":0.0,"enc":0.0,"dec":0.0}},"average_gpu_estimated_utilization_relative":1.0,"per_gpu_performance_state":{"0":"P2"},"per_gpu_power_draw":{"0":41.84},"cpu_count_adjusted_average_load":[0.146875,0.160625,0.158125],"realtime_carbon_intensity":337.277384728,"disk_write_speed":37.7262392479,"process_ids":[3137,3189]}
{"timestamp":1572411406.0453350544,"rapl_power_draw_absolute":88.1977781803,"rapl_estimated_attributable_power_draw":19.7396795906,"cpu_time_seconds":{"3137":{"user":458.42,"system":2.98,"children_user":0.09,"children_system":0.2},"3189":{"user":5.37,"system":15.36,"children_user":0.5,"children_system":10.96}},"average_relative_cpu_utilization":0.2333618835,"absolute_cpu_utilization":0.9987866698,"relative_mem_usage":0.1489758687,"absolute_mem_usage":3603353600.0,"absolute_mem_percent_usage":0.0266719506,"mem_info_per_process":{"3137":{"rss":3320475648,"vms":11437084672,"shared":230178816,"text":2322432,"lib":0,"data":9682690048,"dirty":0,"uss":114741248,"pss":1705475072,"swap":0},"3189":{"rss":3269685248,"vms":11437084672,"shared":179609600,"text":2322432,"lib":0,"data":9682690048,"dirty":0,"uss":102330368,"pss":1680806912,"swap":0}},"nvidia_draw_absolute":41.8,"nvidia_estimated_attributable_power_draw":41.8,"average_gpu_estimated_utilization_absolute":0.17,"per_gpu_average_estimated_utilization_absolute":{"(0, 3137)":{"sm":17,"mem":0,"enc":0,"dec":0}},"average_gpu_estimated_utilization_relative":1.0,"per_gpu_performance_state":{"0":"P2"},"per_gpu_power_draw":{"0":41.8},"cpu_count_adjusted_average_load":[0.1478125,0.160625,0.158125],"realtime_carbon_intensity":337.277384728,"disk_write_speed":46.7139774447,"process_ids":[3137,3189]}
{"timestamp":1572411414.1261940002,"rapl_power_draw_absolute":88.2388634693,"rapl_estimated_attributable_power_draw":19.6871176059,"cpu_time_seconds":{"3137":{"user":466.49,"system":2.98,"children_user":0.09,"children_system":0.2},"3189":{"user":5.52,"system":15.61,"children_user":0.51,"children_system":11.15}},"average_relative_cpu_utilization":0.2320080139,"absolute_cpu_utilization":0.9987862666,"relative_mem_usage":0.1489877016,"absolute_mem_usage":3603353600.0,"absolute_mem_percent_usage":0.0266719506,"mem_info_per_process":{"3137":{"rss":3320475648,"vms":11437084672,"shared":230178816,"text":2322432,"lib":0,"data":9682690048,"dirty":0,"uss":114741248,"pss":1705475072,"swap":0},"3189":{"rss":3269685248,"vms":11437084672,"shared":179609600,"text":2322432,"lib":0,"data":9682690048,"dirty":0,"uss":102330368,"pss":1680806912,"swap":0}},"nvidia_draw_absolute":41.73,"nvidia_estimated_attributable_power_draw":41.73,"average_gpu_estimated_utilization_absolute":0.165,"per_gpu_average_estimated_utilization_absolute":{"(0, 3137)":{"sm":16.5,"mem":0.0,"enc":0.0,"dec":0.0}},"average_gpu_estimated_utilization_relative":1.0,"per_gpu_performance_state":{"0":"P2"},"per_gpu_power_draw":{"0":41.73},"cpu_count_adjusted_average_load":[0.1515625,0.1609375,0.158125],"realtime_carbon_intensity":337.277384728,"disk_write_speed":31.2607233177,"process_ids":[3137,3189]}
{"timestamp":1572411422.223692894,"rapl_power_draw_absolute":88.4185553574,"rapl_estimated_attributable_power_draw":19.8574492922,"cpu_time_seconds":{"3137":{"user":474.59,"system":2.99,"children_user":0.09,"children_system":0.2},"3189":{"user":5.63,"system":15.86,"children_user":0.52,"children_system":11.34}},"average_relative_cpu_utilization":0.233707058,"absolute_cpu_utilization":1.003757584,"relative_mem_usage":0.1489854244,"absolute_mem_usage":3603360768.0,"absolute_mem_percent_usage":0.0266720036,"mem_info_per_process":{"3137":{"rss":3320475648,"vms":11437084672,"shared":230178816,"text":2322432,"lib":0,"data":9682690048,"dirty":0,"uss":114745344,"pss":1705474048,"swap":0},"3189":{"rss":3269685248,"vms":11437084672,"shared":179609600,"text":2322432,"lib":0,"data":9682690048,"dirty":0,"uss":102334464,"pss":1680806912,"swap":0}},"nvidia_draw_absolute":41.74,"nvidia_estimated_attributable_power_draw":41.74,"average_gpu_estimated_utilization_absolute":0.17,"per_gpu_average_estimated_utilization_absolute":{"(0, 3137)":{"sm":17,"mem":0,"enc":0,"dec":0}},"average_gpu_estimated_utilization_relative":1.0,"per_gpu_performance_state":{"0":"P2"},"per_gpu_power_draw":{"0":41.74},"cpu_count_adjusted_average_load":[0.159375,0.1625,0.15875],"realtime_carbon_intensity":337.277384728,"disk_write_speed":26.8688852618,"process_ids":[3137,3189]}
{"timestamp":1572411430.333425045,"rapl_power_draw_absolute":88.4810605701,"rapl_estimated_attributable_power_draw":19.6140344818,"cpu_time_seconds":{"3137":{"user":482.7,"system":2.99,"children_user":0.09,"children_system":0.2},"3189":{"user":5.72,"system":16.13,"children_user":0.52,"children_system":11.55}},"average_relative_cpu_utilization":0.2306721684,"absolute_cpu_utilization":0.9987934632,"relative_mem_usage":0.1489782842,"absolute_mem_usage":3603360768.0,"absolute_mem_percent_usage":0.0266720036,"mem_info_per_process":{"3137":{"rss":3320475648,"vms":11437084672,"shared":230178816,"text":2322432,"lib":0,"data":9682690048,"dirty":0,"uss":114745344,"pss":1705474048,"swap":0},"3189":{"rss":3269685248,"vms":11437084672,"shared":179609600,"text":2322432,"lib":0,"data":9682690048,"dirty":0,"uss":102334464,"pss":1680806912,"swap":0}},"nvidia_draw_absolute":41.75,"nvidia_estimated_attributable_power_draw":41.75,"average_gpu_estimated_utilization_absolute":0.17,"per_gpu_average_estimated_utilization_absolute":{"(0, 3137)":{"sm":17,"mem":0,"enc":0,"dec":0}},"average_gpu_estimated_utilization_relative":1.0,"per_gpu_performance_state":{"0":"P2"},"per_gpu_power_draw":{"0":41.75},"cpu_count_adjusted_average_load":[0.1609375,0.1628125,0.15875],"realtime_carbon_intensity":337.277384728,"disk_write_speed":30.7406138231,"process_ids":[3137,3189]}
