{"timestamp":1572415752.149862051,"rapl_power_draw_absolute":78.2133177033,"rapl_estimated_attributable_power_draw":17.89584435,"cpu_time_seconds":{"9610":{"user":0.01,"system":0.06,"children_user":0.0,"children_system":0.06},"9499":{"user":11.15,"system":2.42,"children_user":1.11,"children_system":0.33}},"average_relative_cpu_utilization":0.2284570895,"absolute_cpu_utilization":0.9935697982,"relative_mem_usage":0.2323958172,"absolute_mem_usage":3755894784.0,"absolute_mem_percent_usage":0.0278010034,"mem_info_per_process":{"9610":{"rss":3259158528,"vms":11435225088,"shared":173903872,"text":2322432,"lib":0,"data":9680830464,"dirty":0,"uss":109752320,"pss":1680933888,"swap":0},"9499":{"rss":3656962048,"vms":11435225088,"shared":571854848,"text":2322432,"lib":0,"data":9680830464,"dirty":0,"uss":132747264,"pss":1832461312,"swap":0}},"nvidia_draw_absolute":51.73,"nvidia_estimated_attributable_power_draw":51.73,"average_gpu_estimated_utilization_absolute":0.255,"per_gpu_average_estimated_utilization_absolute":{"(0, 9499)":{"sm":25.5,"mem":3.0,"enc":0.0,"dec":0.0}},"average_gpu_estimated_utilization_relative":1.0,"per_gpu_performance_state":{"0":"P2"},"per_gpu_power_draw":{"0":51.73},"cpu_count_adjusted_average_load":[0.1421875,0.1503125,0.1534375],"realtime_carbon_intensity":339.5983864533,"disk_write_speed":25.5780836826,"process_ids":[9610,9499]}
{"timestamp":1572415760.4898779392,"rapl_power_draw_absolute":78.0589968384,"rapl_estimated_attributable_power_draw":18.0748761522,"cpu_time_seconds":{"9610":{"user":0.19,"system":0.38,"children_user":0.0,"children_system":0.36},"9499":{"user":19.5,"system":2.42,"children_user":1.11,"children_system":0.33}},"average_relative_cpu_utilization":0.2312824629,"absolute_cpu_utilization":1.0035633705,"relative_mem_usage":0.2342468252,"absolute_mem_usage":3787868160.0,"absolute_mem_percent_usage":0.0280376692,"mem_info_per_process":{"9610":{"rss":3265458176,"vms":11435225088,"shared":180191232,"text":2322432,"lib":0,"data":9680830464,"dirty":0,"uss":120360960,"pss":1687573504,"swap":0},"9499":{"rss":3656962048,"vms":11435225088,"shared":571854848,"text":2322432,"lib":0,"data":9680830464,"dirty":0,"uss":142671872,"pss":1837261824,"swap":0}},"nvidia_draw_absolute":51.93,"nvidia_estimated_attributable_power_draw":51.93,"average_gpu_estimated_utilization_absolute":0.25,"per_gpu_average_estimated_utilization_absolute":{"(0, 9499)":{"sm":25,"mem":2,"enc":0,"dec":0}},"average_gpu_estimated_utilization_relative":1.0,"per_gpu_performance_state":{"0":"P2"},"per_gpu_power_draw":{"0":51.93},"cpu_count_adjusted_average_load":[0.149375,0.1515625,0.15375],"realtime_carbon_intensity":339.5983864533,"disk_write_speed":23.997917356,"process_ids":[9610,9499]}
{"timestamp":1572415768.7748289108,"rapl_power_draw_absolute":77.9276841735,"rapl_estimated_attributable_power_draw":18.0446566951,"cpu_time_seconds":{"9610":{"user":0.34,"system":0.75,"children_user":0.02,"children_system":0.65},"9499":{"user":27.77,"system":2.44,"children_user":1.11,"children_system":0.33}},"average_relative_cpu_utilization":0.2312826544,"absolute_cpu_utilization":1.0035629635,"relative_mem_usage":0.2343695973,"absolute_mem_usage":3789649920.0,"absolute_mem_percent_usage":0.0280508577,"mem_info_per_process":{"9610":{"rss":3265458176,"vms":11435225088,"shared":180191232,"text":2322432,"lib":0,"data":9680830464,"dirty":0,"uss":121180160,"pss":1687983104,"swap":0},"9499":{"rss":3656962048,"vms":11435225088,"shared":571854848,"text":2322432,"lib":0,"data":9680830464,"dirty":0,"uss":143040512,"pss":1837446144,"swap":0}},"nvidia_draw_absolute":52.47,"nvidia_estimated_attributable_power_draw":52.47,"average_gpu_estimated_utilization_absolute":0.25,"per_gpu_average_estimated_utilization_absolute":{"(0, 9499)":{"sm":25.0,"mem":2.5,"enc":0.0,"dec":0.0}},"average_gpu_estimated_utilization_relative":1.0,"per_gpu_performance_state":{"0":"P2"},"per_gpu_power_draw":{"0":52.47},"cpu_count_adjusted_average_load":[0.150625,0.1515625,0.15375],"realtime_carbon_intensity":339.5983864533,"disk_write_speed":15.4004751257,"process_ids":[9610,9499]}
{"timestamp":1572415777.0717000961,"rapl_power_draw_absolute":77.7501619088,"rapl_estimated_attributable_power_draw":18.1695242306,"cpu_time_seconds":{"9610":{"user":0.46,"system":1.12,"children_user":0.04,"children_system":0.92},"9499":{"user":36.06,"system":2.45,"children_user":1.11,"children_system":0.33}},"average_relative_cpu_utilization":0.23362664,"absolute_cpu_utilization":0.9985682445,"relative_mem_usage":0.2343629014,"absolute_mem_usage":3789914112.0,"absolute_mem_percent_usage":0.0280528133,"mem_info_per_process":{"9610":{"rss":3265458176,"vms":11435225088,"shared":180191232,"text":2322432,"lib":0,"data":9680830464,"dirty":0,"uss":121352192,"pss":1688069120,"swap":0},"9499":{"rss":3656962048,"vms":11435225088,"shared":571854848,"text":2322432,"lib":0,"data":9680830464,"dirty":0,"uss":143044608,"pss":1837448192,"swap":0}},"nvidia_draw_absolute":52.02,"nvidia_estimated_attributable_power_draw":52.02,"average_gpu_estimated_utilization_absolute":0.25,"per_gpu_average_estimated_utilization_absolute":{"(0, 9499)":{"sm":25,"mem":3,"enc":0,"dec":0}},"average_gpu_estimated_utilization_relative":1.0,"per_gpu_performance_state":{"0":"P2"},"per_gpu_power_draw":{"0":52.02},"cpu_count_adjusted_average_load":[0.1484375,0.15125,0.15375],"realtime_carbon_intensity":339.5983864533,"disk_write_speed":22.6064160055,"process_ids":[9610,9499]}
{"timestamp":1572415785.4119451046,"rapl_power_draw_absolute":77.1337818872,"rapl_estimated_attributable_power_draw":17.8794576798,"cpu_time_seconds":{"9610":{"user":0.6,"system":1.49,"children_user":0.06,"children_system":1.2},"9499":{"user":44.4,"system":2.46,"children_user":1.11,"children_system":0.33}},"average_relative_cpu_utilization":0.2315488104,"absolute_cpu_utilization":1.0035736444,"relative_mem_usage":0.2343602183,"absolute_mem_usage":3789926400.0,"absolute_mem_percent_usage":0.0280529042,"mem_info_per_process":{"9610":{"rss":3265458176,"vms":11435225088,"shared":180191232,"text":2322432,"lib":0,"data":9680830464,"dirty":0,"uss":121356288,"pss":1688071168,"swap":0},"9499":{"rss":3656962048,"vms":11435225088,"shared":571854848,"text":2322432,"lib":0,"data":9680830464,"dirty":0,"uss":143048704,"pss":1837450240,"swap":0}},"nvidia_draw_absolute":52.59,"nvidia_estimated_attributable_power_draw":52.59,"average_gpu_estimated_utilization_absolute":0.255,"per_gpu_average_estimated_utilization_absolute":{"(0, 9499)":{"sm":25.5,"mem":2.0,"enc":0.0,"dec":0.0}},"average_gpu_estimated_utilization_relative":1.0,"per_gpu_performance_state":{"0":"P2"},"per_gpu_power_draw":{"0":52.59},"cpu_count_adjusted_average_load":[0.1475,0.1509375,0.1534375],"realtime_carbon_intensity":339.5983864533,"disk_write_speed":25.534674335,"process_ids":[9610,9499]}
{"timestamp":1572415793.7648510933,"rapl_power_draw_absolute":77.9941928842,"rapl_estimated_attributable_power_draw":18.0156332559,"cpu_time_seconds":{"9610":{"user":0.76,"system":1.86,"children_user":0.09,"children_system":1.48},"9499":{"user":52.74,"system":2.47,"children_user":1.11,"children_system":0.33}},"average_relative_cpu_utilization":0.2306617167,"absolute_cpu_utilization":0.9985508102,"relative_mem_usage":0.2343274442,"absolute_mem_usage":3789938688.0,"absolute_mem_percent_usage":0.0280529952,"mem_info_per_process":{"9610":{"rss":3265458176,"vms":11435225088,"shared":180191232,"text":2322432,"lib":0,"data":9680830464,"dirty":0,"uss":121360384,"pss":1688073216,"swap":0},"9499":{"rss":3656962048,"vms":11435225088,"shared":571854848,"text":2322432,"lib":0,"data":9680830464,"dirty":0,"uss":143052800,"pss":1837452288,"swap":0}},"nvidia_draw_absolute":52.48,"nvidia_estimated_attributable_power_draw":52.48,"average_gpu_estimated_utilization_absolute":0.255,"per_gpu_average_estimated_utilization_absolute":{"(0, 9499)":{"sm":25.5,"mem":2.0,"enc":0.0,"dec":0.0}},"average_gpu_estimated_utilization_relative":1.0,"per_gpu_performance_state":{"0":"P2"},"per_gpu_power_draw":{"0":52.48},"cpu_count_adjusted_average_load":[0.14875,0.1509375,0.1534375],"realtime_carbon_intensity":339.5983864533,"disk_write_speed":25.8845954098,"process_ids":[9610,9499]}
{"timestamp":1572415802.049973011,"rapl_power_draw_absolute":77.5313008988,"rapl_estimated_attributable_power_draw":17.6432715905,"cpu_time_seconds":{"9610":{"user":0.92,"system":2.22,"children_user":0.09,"children_system":1.79},"9499":{"user":61.01,"system":2.48,"children_user":1.11,"children_system":0.33}},"average_relative_cpu_utilization":0.2269039174,"absolute_cpu_utilization":0.9936516385,"relative_mem_usage":0.234300553,"absolute_mem_usage":3789950976.0,"absolute_mem_percent_usage":0.0280530862,"mem_info_per_process":{"9610":{"rss":3265458176,"vms":11435225088,"shared":180191232,"text":2322432,"lib":0,"data":9680830464,"dirty":0,"uss":121364480,"pss":1688075264,"swap":0},"9499":{"rss":3656962048,"vms":11435225088,"shared":571854848,"text":2322432,"lib":0,"data":9680830464,"dirty":0,"uss":143056896,"pss":1837454336,"swap":0}},"nvidia_draw_absolute":52.02,"nvidia_estimated_attributable_power_draw":52.02,"average_gpu_estimated_utilization_absolute":0.25,"per_gpu_average_estimated_utilization_absolute":{"(0, 9499)":{"sm":25,"mem":3,"enc":0,"dec":0}},"average_gpu_estimated_utilization_relative":1.0,"per_gpu_performance_state":{"0":"P2"},"per_gpu_power_draw":{"0":52.02},"cpu_count_adjusted_average_load":[0.151875,0.1515625,0.15375],"realtime_carbon_intensity":339.5983864533,"disk_write_speed":42.3776225189,"process_ids":[9610,9499]}
{"timestamp":1572415810.3507270813,"rapl_power_draw_absolute":76.8313816326,"rapl_estimated_attributable_power_draw":17.4203677039,"cpu_time_seconds":{"9610":{"user":1.16,"system":2.58,"children_user":0.11,"children_system":2.08},"9499":{"user":69.3,"system":2.5,"children_user":1.11,"children_system":0.33}},"average_relative_cpu_utilization":0.2259720695,"absolute_cpu_utilization":0.9985564414,"relative_mem_usage":0.2343382811,"absolute_mem_usage":3789963264.0,"absolute_mem_percent_usage":0.0280531771,"mem_info_per_process":{"9610":{"rss":3265458176,"vms":11435225088,"shared":180191232,"text":2322432,"lib":0,"data":9680830464,"dirty":0,"uss":121368576,"pss":1688077312,"swap":0},"9499":{"rss":3656962048,"vms":11435225088,"shared":571854848,"text":2322432,"lib":0,"data":9680830464,"dirty":0,"uss":143060992,"pss":1837456384,"swap":0}},"nvidia_draw_absolute":53.17,"nvidia_estimated_attributable_power_draw":53.17,"average_gpu_estimated_utilization_absolute":0.245,"per_gpu_average_estimated_utilization_absolute":{"(0, 9499)":{"sm":24.5,"mem":2.0,"enc":0.0,"dec":0.0}},"average_gpu_estimated_utilization_relative":1.0,"per_gpu_performance_state":{"0":"P2"},"per_gpu_power_draw":{"0":53.17},"cpu_count_adjusted_average_load":[0.1478125,0.150625,0.1534375],"realtime_carbon_intensity":339.5983864533,"disk_write_speed":31.2483796992,"process_ids":[9610,9499]}
{"timestamp":1572415818.6349489689,"rapl_power_draw_absolute":77.6980299091,"rapl_estimated_attributable_power_draw":17.3938254022,"cpu_time_seconds":{"9610":{"user":1.34,"system":2.93,"children_user":0.13,"children_system":2.37},"9499":{"user":77.56,"system":2.52,"children_user":1.11,"children_system":0.33}},"average_relative_cpu_utilization":0.2228272347,"absolute_cpu_utilization":0.9935851979,"relative_mem_usage":0.234342693,"absolute_mem_usage":3789983744.0,"absolute_mem_percent_usage":0.0280533287,"mem_info_per_process":{"9610":{"rss":3265462272,"vms":11435225088,"shared":180191232,"text":2322432,"lib":0,"data":9680830464,"dirty":0,"uss":121376768,"pss":1688083456,"swap":0},"9499":{"rss":3656962048,"vms":11435225088,"shared":571854848,"text":2322432,"lib":0,"data":9680830464,"dirty":0,"uss":143065088,"pss":1837458432,"swap":0}},"nvidia_draw_absolute":51.83,"nvidia_estimated_attributable_power_draw":51.83,"average_gpu_estimated_utilization_absolute":0.2533333333,"per_gpu_average_estimated_utilization_absolute":{"(0, 9499)":{"sm":25.3333333333,"mem":2.3333333333,"enc":0.0,"dec":0.0}},"average_gpu_estimated_utilization_relative":1.0,"per_gpu_performance_state":{"0":"P2"},"per_gpu_power_draw":{"0":51.83},"cpu_count_adjusted_average_load":[0.1465625,0.1503125,0.153125],"realtime_carbon_intensity":339.5983864533,"disk_write_speed":30.9483917263,"process_ids":[9610,9499]}
{"timestamp":1572415826.9353270531,"rapl_power_draw_absolute":78.373030449,"rapl_estimated_attributable_power_draw":17.5702886602,"cpu_time_seconds":{"9610":{"user":1.56,"system":3.27,"children_user":0.15,"children_system":2.65},"9499":{"user":85.85,"system":2.54,"children_user":1.11,"children_system":0.33}},"average_relative_cpu_utilization":0.2231938431,"absolute_cpu_utilization":0.9985867976,"relative_mem_usage":0.2343430967,"absolute_mem_usage":3789996032.0,"absolute_mem_percent_usage":0.0280534197,"mem_info_per_process":{"9610":{"rss":3265462272,"vms":11435225088,"shared":180191232,"text":2322432,"lib":0,"data":9680830464,"dirty":0,"uss":121380864,"pss":1688085504,"swap":0},"9499":{"rss":3656962048,"vms":11435225088,"shared":571854848,"text":2322432,"lib":0,"data":9680830464,"dirty":0,"uss":143069184,"pss":1837460480,"swap":0}},"nvidia_draw_absolute":52.31,"nvidia_estimated_attributable_power_draw":52.31,"average_gpu_estimated_utilization_absolute":0.255,"per_gpu_average_estimated_utilization_absolute":{"(0, 9499)":{"sm":25.5,"mem":3.0,"enc":0.0,"dec":0.0}},"average_gpu_estimated_utilization_relative":1.0,"per_gpu_performance_state":{"0":"P2"},"per_gpu_power_draw":{"0":52.31},"cpu_count_adjusted_average_load":[0.1471875,0.150625,0.1534375],"realtime_carbon_intensity":339.5983864533,"disk_write_speed":26.8606873232,"process_ids":[9610,9499]}
{"timestamp":1572415835.2344119549,"rapl_power_draw_absolute":77.8422508724,"rapl_estimated_attributable_power_draw":17.1921966258,"cpu_time_seconds":{"9610":{"user":1.71,"system":3.67,"children_user":0.17,"children_system":2.93},"9499":{"user":94.14,"system":2.55,"children_user":1.11,"children_system":0.33}},"average_relative_cpu_utilization":0.2195221031,"absolute_cpu_utilization":0.998591155,"relative_mem_usage":0.234502176,"absolute_mem_usage":3790034944.0,"absolute_mem_percent_usage":0.0280537077,"mem_info_per_process":{"9610":{"rss":3265462272,"vms":11435225088,"shared":180191232,"text":2322432,"lib":0,"data":9680830464,"dirty":0,"uss":121384960,"pss":1688089600,"swap":0},"9499":{"rss":3656962048,"vms":11435225088,"shared":571854848,"text":2322432,"lib":0,"data":9680830464,"dirty":0,"uss":143081472,"pss":1837478912,"swap":0}},"nvidia_draw_absolute":52.79,"nvidia_estimated_attributable_power_draw":52.79,"average_gpu_estimated_utilization_absolute":0.2533333333,"per_gpu_average_estimated_utilization_absolute":{"(0, 9499)":{"sm":25.3333333333,"mem":2.6666666667,"enc":0.0,"dec":0.0}},"average_gpu_estimated_utilization_relative":1.0,"per_gpu_performance_state":{"0":"P2"},"per_gpu_power_draw":{"0":52.79},"cpu_count_adjusted_average_load":[0.14375,0.1496875,0.153125],"realtime_carbon_intensity":339.5983864533,"disk_write_speed":29.6152834101,"process_ids":[9610,9499]}
{"timestamp":1572415843.4945011139,"rapl_power_draw_absolute":78.2710432599,"rapl_estimated_attributable_power_draw":17.3064898022,"cpu_time_seconds":{"9610":{"user":1.85,"system":4.03,"children_user":0.18,"children_system":3.22},"9499":{"user":102.4,"system":2.55,"children_user":1.11,"children_system":0.33}},"average_relative_cpu_utilization":0.219763252,"absolute_cpu_utilization":0.9985805457,"relative_mem_usage":0.2345268299,"absolute_mem_usage":3790047232.0,"absolute_mem_percent_usage":0.0280537986,"mem_info_per_process":{"9610":{"rss":3265462272,"vms":11435225088,"shared":180191232,"text":2322432,"lib":0,"data":9680830464,"dirty":0,"uss":121389056,"pss":1688091648,"swap":0},"9499":{"rss":3656962048,"vms":11435225088,"shared":571854848,"text":2322432,"lib":0,"data":9680830464,"dirty":0,"uss":143085568,"pss":1837480960,"swap":0}},"nvidia_draw_absolute":52.79,"nvidia_estimated_attributable_power_draw":52.79,"average_gpu_estimated_utilization_absolute":0.25,"per_gpu_average_estimated_utilization_absolute":{"(0, 9499)":{"sm":25,"mem":2,"enc":0,"dec":0}},"average_gpu_estimated_utilization_relative":1.0,"per_gpu_performance_state":{"0":"P2"},"per_gpu_power_draw":{"0":52.79},"cpu_count_adjusted_average_load":[0.143125,0.149375,0.1528125],"realtime_carbon_intensity":339.5983864533,"disk_write_speed":29.081079532,"process_ids":[9610,9499]}
{"timestamp":1572415851.7937569618,"rapl_power_draw_absolute":75.5738275585,"rapl_estimated_attributable_power_draw":18.0649658458,"cpu_time_seconds":{"9610":{"user":2.04,"system":4.38,"children_user":0.19,"children_system":3.5},"9499":{"user":110.7,"system":2.56,"children_user":1.11,"children_system":0.33}},"average_relative_cpu_utilization":0.2325425958,"absolute_cpu_utilization":0.9986529063,"relative_mem_usage":0.305947736,"absolute_mem_usage":3887523840.0,"absolute_mem_percent_usage":0.0287753171,"mem_info_per_process":{"9610":{"rss":3265462272,"vms":11435225088,"shared":180191232,"text":2322432,"lib":0,"data":9680830464,"dirty":0,"uss":121679872,"pss":1689568256,"swap":0},"9499":{"rss":3656962048,"vms":11435225088,"shared":571854848,"text":2322432,"lib":0,"data":9680830464,"dirty":0,"uss":168890368,"pss":1907385344,"swap":0}},"nvidia_draw_absolute":53.22,"nvidia_estimated_attributable_power_draw":53.22,"average_gpu_estimated_utilization_absolute":0.2566666667,"per_gpu_average_estimated_utilization_absolute":{"(0, 9499)":{"sm":25.6666666667,"mem":2.3333333333,"enc":0.0,"dec":0.0}},"average_gpu_estimated_utilization_relative":1.0,"per_gpu_performance_state":{"0":"P2"},"per_gpu_power_draw":{"0":53.22},"cpu_count_adjusted_average_load":[0.139375,0.1484375,0.1525],"realtime_carbon_intensity":339.5983864533,"disk_write_speed":29.0160090141,"process_ids":[9610,9499]}
{"timestamp":1572415860.1457390785,"rapl_power_draw_absolute":68.5355678924,"rapl_estimated_attributable_power_draw":18.6433359163,"cpu_time_seconds":{"9610":{"user":2.22,"system":4.74,"children_user":0.21,"children_system":3.8},"9499":{"user":119.03,"system":2.58,"children_user":1.11,"children_system":0.33}},"average_relative_cpu_utilization":0.2696288726,"absolute_cpu_utilization":0.9935906553,"relative_mem_usage":0.3053941855,"absolute_mem_usage":3887483904.0,"absolute_mem_percent_usage":0.0287750215,"mem_info_per_process":{"9610":{"rss":3265462272,"vms":11435225088,"shared":180191232,"text":2322432,"lib":0,"data":9680830464,"dirty":0,"uss":121683968,"pss":1689568256,"swap":0},"9499":{"rss":3656962048,"vms":11435225088,"shared":571854848,"text":2322432,"lib":0,"data":9680830464,"dirty":0,"uss":168869888,"pss":1907361792,"swap":0}},"nvidia_draw_absolute":52.24,"nvidia_estimated_attributable_power_draw":52.24,"average_gpu_estimated_utilization_absolute":0.2533333333,"per_gpu_average_estimated_utilization_absolute":{"(0, 9499)":{"sm":25.3333333333,"mem":2.6666666667,"enc":0.0,"dec":0.0}},"average_gpu_estimated_utilization_relative":1.0,"per_gpu_performance_state":{"0":"P2"},"per_gpu_power_draw":{"0":52.24},"cpu_count_adjusted_average_load":[0.1346875,0.1471875,0.1521875],"realtime_carbon_intensity":339.5983864533,"disk_write_speed":26.6437207395,"process_ids":[9610,9499]}
{"timestamp":1572415868.444081068,"rapl_power_draw_absolute":68.2530164091,"rapl_estimated_attributable_power_draw":18.3746552014,"cpu_time_seconds":{"9610":{"user":2.39,"system":5.08,"children_user":0.22,"children_system":4.09},"9499":{"user":127.31,"system":2.61,"children_user":1.11,"children_system":0.33}},"average_relative_cpu_utilization":0.2665586395,"absolute_cpu_utilization":1.003575498,"relative_mem_usage":0.3028921467,"absolute_mem_usage":3868822528.0,"absolute_mem_percent_usage":0.0286368907,"mem_info_per_process":{"9610":{"rss":3265462272,"vms":11435225088,"shared":180191232,"text":2322432,"lib":0,"data":9680830464,"dirty":0,"uss":121679872,"pss":1688919040,"swap":0},"9499":{"rss":3656962048,"vms":11435225088,"shared":571854848,"text":2322432,"lib":0,"data":9680830464,"dirty":0,"uss":167047168,"pss":1891176448,"swap":0}},"nvidia_draw_absolute":53.24,"nvidia_estimated_attributable_power_draw":53.24,"average_gpu_estimated_utilization_absolute":0.245,"per_gpu_average_estimated_utilization_absolute":{"(0, 9499)":{"sm":24.5,"mem":2.0,"enc":0.0,"dec":0.0}},"average_gpu_estimated_utilization_relative":1.0,"per_gpu_performance_state":{"0":"P2"},"per_gpu_power_draw":{"0":53.24},"cpu_count_adjusted_average_load":[0.1353125,0.146875,0.151875],"realtime_carbon_intensity":339.5983864533,"disk_write_speed":15.2103037443,"process_ids":[9610,9499]}
{"timestamp":1572415876.7937641144,"rapl_power_draw_absolute":71.9550205805,"rapl_estimated_attributable_power_draw":17.9106087099,"cpu_time_seconds":{"9610":{"user":2.5,"system":5.43,"children_user":0.22,"children_system":4.41},"9499":{"user":135.65,"system":2.62,"children_user":1.11,"children_system":0.33}},"average_relative_cpu_utilization":0.2499809102,"absolute_cpu_utilization":1.0035691828,"relative_mem_usage":0.2377961023,"absolute_mem_usage":3808151552.0,"absolute_mem_percent_usage":0.0281878062,"mem_info_per_process":{"9610":{"rss":3265462272,"vms":11435225088,"shared":180191232,"text":2322432,"lib":0,"data":9680830464,"dirty":0,"uss":121683968,"pss":1688731648,"swap":0},"9499":{"rss":3656962048,"vms":11435225088,"shared":571854848,"text":2322432,"lib":0,"data":9680830464,"dirty":0,"uss":154169344,"pss":1843566592,"swap":0}},"nvidia_draw_absolute":52.23,"nvidia_estimated_attributable_power_draw":52.23,"average_gpu_estimated_utilization_absolute":0.245,"per_gpu_average_estimated_utilization_absolute":{"(0, 9499)":{"sm":24.5,"mem":2.0,"enc":0.0,"dec":0.0}},"average_gpu_estimated_utilization_relative":1.0,"per_gpu_performance_state":{"0":"P2"},"per_gpu_power_draw":{"0":52.23},"cpu_count_adjusted_average_load":[0.1346875,0.1465625,0.151875],"realtime_carbon_intensity":339.5983864533,"disk_write_speed":18.6985573642,"process_ids":[9610,9499]}
{"timestamp":1572415885.2162690163,"rapl_power_draw_absolute":78.0700341867,"rapl_estimated_attributable_power_draw":17.3570131954,"cpu_time_seconds":{"9610":{"user":2.66,"system":5.78,"children_user":0.24,"children_system":4.71},"9499":{"user":144.05,"system":2.64,"children_user":1.11,"children_system":0.33}},"average_relative_cpu_utilization":0.2209776495,"absolute_cpu_utilization":0.9985791253,"relative_mem_usage":0.2360552874,"absolute_mem_usage":3807095808.0,"absolute_mem_percent_usage":0.0281799916,"mem_info_per_process":{"9610":{"rss":3265462272,"vms":11435225088,"shared":180191232,"text":2322432,"lib":0,"data":9680830464,"dirty":0,"uss":121569280,"pss":1688238080,"swap":0},"9499":{"rss":3656962048,"vms":11435225088,"shared":571854848,"text":2322432,"lib":0,"data":9680830464,"dirty":0,"uss":154169344,"pss":1843119104,"swap":0}},"nvidia_draw_absolute":52.23,"nvidia_estimated_attributable_power_draw":52.23,"average_gpu_estimated_utilization_absolute":0.245,"per_gpu_average_estimated_utilization_absolute":{"(0, 9499)":{"sm":24.5,"mem":3.0,"enc":0.0,"dec":0.0}},"average_gpu_estimated_utilization_relative":1.0,"per_gpu_performance_state":{"0":"P2"},"per_gpu_power_draw":{"0":52.23},"cpu_count_adjusted_average_load":[0.138125,0.146875,0.151875],"realtime_carbon_intensity":339.5983864533,"disk_write_speed":15.6137496388,"process_ids":[9610,9499]}
{"timestamp":1572415893.4719479084,"rapl_power_draw_absolute":77.7917184447,"rapl_estimated_attributable_power_draw":17.5596158255,"cpu_time_seconds":{"9610":{"user":2.78,"system":6.12,"children_user":0.27,"children_system":4.95},"9499":{"user":152.3,"system":2.65,"children_user":1.11,"children_system":0.33}},"average_relative_cpu_utilization":0.2247134367,"absolute_cpu_utilization":0.9986579535,"relative_mem_usage":0.2360901346,"absolute_mem_usage":3807116288.0,"absolute_mem_percent_usage":0.0281801432,"mem_info_per_process":{"9610":{"rss":3265462272,"vms":11435225088,"shared":180191232,"text":2322432,"lib":0,"data":9680830464,"dirty":0,"uss":121577472,"pss":1688240128,"swap":0},"9499":{"rss":3656962048,"vms":11435225088,"shared":571854848,"text":2322432,"lib":0,"data":9680830464,"dirty":0,"uss":154177536,"pss":1843121152,"swap":0}},"nvidia_draw_absolute":51.55,"nvidia_estimated_attributable_power_draw":51.55,"average_gpu_estimated_utilization_absolute":0.245,"per_gpu_average_estimated_utilization_absolute":{"(0, 9499)":{"sm":24.5,"mem":2.0,"enc":0.0,"dec":0.0}},"average_gpu_estimated_utilization_relative":1.0,"per_gpu_performance_state":{"0":"P2"},"per_gpu_power_draw":{"0":51.55},"cpu_count_adjusted_average_load":[0.1409375,0.1471875,0.151875],"realtime_carbon_intensity":339.5983864533,"disk_write_speed":29.3891233091,"process_ids":[9610,9499]}
{"timestamp":1572415901.749008894,"rapl_power_draw_absolute":78.3134920279,"rapl_estimated_attributable_power_draw":17.6689149985,"cpu_time_seconds":{"9610":{"user":2.94,"system":6.48,"children_user":0.28,"children_system":5.23},"9499":{"user":160.57,"system":2.67,"children_user":1.11,"children_system":0.33}},"average_relative_cpu_utilization":0.2245755925,"absolute_cpu_utilization":1.0036326489,"relative_mem_usage":0.2360620554,"absolute_mem_usage":3807128576.0,"absolute_mem_percent_usage":0.0281802342,"mem_info_per_process":{"9610":{"rss":3265462272,"vms":11435225088,"shared":180191232,"text":2322432,"lib":0,"data":9680830464,"dirty":0,"uss":121581568,"pss":1688242176,"swap":0},"9499":{"rss":3656962048,"vms":11435225088,"shared":571854848,"text":2322432,"lib":0,"data":9680830464,"dirty":0,"uss":154181632,"pss":1843123200,"swap":0}},"nvidia_draw_absolute":51.95,"nvidia_estimated_attributable_power_draw":51.95,"average_gpu_estimated_utilization_absolute":0.245,"per_gpu_average_estimated_utilization_absolute":{"(0, 9499)":{"sm":24.5,"mem":2.0,"enc":0.0,"dec":0.0}},"average_gpu_estimated_utilization_relative":1.0,"per_gpu_performance_state":{"0":"P2"},"per_gpu_power_draw":{"0":51.95},"cpu_count_adjusted_average_load":[0.1396875,0.146875,0.151875],"realtime_carbon_intensity":339.5983864533,"disk_write_speed":29.071176015,"process_ids":[9610,9499]}
{"timestamp":1572415910.0458090305,"rapl_power_draw_absolute":77.5101476171,"rapl_estimated_attributable_power_draw":17.6038018469,"cpu_time_seconds":{"9610":{"user":3.12,"system":6.87,"children_user":0.28,"children_system":5.52},"9499":{"user":168.86,"system":2.68,"children_user":1.11,"children_system":0.33}},"average_relative_cpu_utilization":0.2262305957,"absolute_cpu_utilization":0.9985856906,"relative_mem_usage":0.2360330503,"absolute_mem_usage":3807044608.0,"absolute_mem_percent_usage":0.0281796126,"mem_info_per_process":{"9610":{"rss":3265462272,"vms":11435225088,"shared":180191232,"text":2322432,"lib":0,"data":9680830464,"dirty":0,"uss":121585664,"pss":1688147968,"swap":0},"9499":{"rss":3656962048,"vms":11435225088,"shared":571854848,"text":2322432,"lib":0,"data":9680830464,"dirty":0,"uss":154185728,"pss":1843125248,"swap":0}},"nvidia_draw_absolute":51.57,"nvidia_estimated_attributable_power_draw":51.57,"average_gpu_estimated_utilization_absolute":0.245,"per_gpu_average_estimated_utilization_absolute":{"(0, 9499)":{"sm":24.5,"mem":3.0,"enc":0.0,"dec":0.0}},"average_gpu_estimated_utilization_relative":1.0,"per_gpu_performance_state":{"0":"P2"},"per_gpu_power_draw":{"0":51.57},"cpu_count_adjusted_average_load":[0.144375,0.1475,0.151875],"realtime_carbon_intensity":339.5983864533,"disk_write_speed":16.3572207306,"process_ids":[9610,9499]}
