{"timestamp":1572411716.0466001034,"rapl_power_draw_absolute":76.6686710218,"rapl_estimated_attributable_power_draw":17.5070670968,"cpu_time_seconds":{"24537":{"user":10.59,"system":2.52,"children_user":0.1,"children_system":0.3},"24591":{"user":0.0,"system":0.06,"children_user":0.0,"children_system":0.05}},"average_relative_cpu_utilization":0.2279851909,"absolute_cpu_utilization":1.0087081196,"relative_mem_usage":0.2319799149,"absolute_mem_usage":3718799360.0,"absolute_mem_percent_usage":0.0275264243,"mem_info_per_process":{"24537":{"rss":3660730368,"vms":11439075328,"shared":570601472,"text":2322432,"lib":0,"data":9684680704,"dirty":0,"uss":118673408,"pss":1828060160,"swap":0},"24591":{"rss":3264225280,"vms":11439075328,"shared":173940736,"text":2322432,"lib":0,"data":9684680704,"dirty":0,"uss":95653888,"pss":1676411904,"swap":0}},"nvidia_draw_absolute":37.55,"nvidia_estimated_attributable_power_draw":37.55,"average_gpu_estimated_utilization_absolute":0.14,"per_gpu_average_estimated_utilization_absolute":{"(0, 24537)":{"sm":14,"mem":0,"enc":0,"dec":0}},"average_gpu_estimated_utilization_relative":1.0,"per_gpu_performance_state":{"0":"P2"},"per_gpu_power_draw":{"0":37.55},"cpu_count_adjusted_average_load":[0.1678125,0.16,0.1596875],"realtime_carbon_intensity":337.461173778,"disk_write_speed":18.3602515794,"process_ids":[24537,24591]}
{"timestamp":1572411724.4713099003,"rapl_power_draw_absolute":77.2330788982,"rapl_estimated_attributable_power_draw":17.4353064641,"cpu_time_seconds":{"24537":{"user":19.01,"system":2.52,"children_user":0.1,"children_system":0.3},"24591":{"user":0.14,"system":0.44,"children_user":0.02,"children_system":0.34}},"average_relative_cpu_utilization":0.2249620093,"absolute_cpu_utilization":0.9986266642,"relative_mem_usage":0.2337028373,"absolute_mem_usage":3749889024.0,"absolute_mem_percent_usage":0.027756549,"mem_info_per_process":{"24537":{"rss":3660730368,"vms":11439075328,"shared":570601472,"text":2322432,"lib":0,"data":9684680704,"dirty":0,"uss":129015808,"pss":1833058304,"swap":0},"24591":{"rss":3270688768,"vms":11439075328,"shared":180391936,"text":2322432,"lib":0,"data":9684680704,"dirty":0,"uss":105246720,"pss":1682568192,"swap":0}},"nvidia_draw_absolute":37.88,"nvidia_estimated_attributable_power_draw":37.88,"average_gpu_estimated_utilization_absolute":0.13,"per_gpu_average_estimated_utilization_absolute":{"(0, 24537)":{"sm":13,"mem":0,"enc":0,"dec":0}},"average_gpu_estimated_utilization_relative":1.0,"per_gpu_performance_state":{"0":"P2"},"per_gpu_power_draw":{"0":37.88},"cpu_count_adjusted_average_load":[0.164375,0.159375,0.159375],"realtime_carbon_intensity":337.461173778,"disk_write_speed":25.5431314185,"process_ids":[24537,24591]}
{"timestamp":1572411732.8051319122,"rapl_power_draw_absolute":76.806868215,"rapl_estimated_attributable_power_draw":17.2869673422,"cpu_time_seconds":{"24537":{"user":27.35,"system":2.52,"children_user":0.1,"children_system":0.3},"24591":{"user":0.28,"system":0.82,"children_user":0.04,"children_system":0.63}},"average_relative_cpu_utilization":0.2241951405,"absolute_cpu_utilization":0.9985494191,"relative_mem_usage":0.2339022453,"absolute_mem_usage":3752800256.0,"absolute_mem_percent_usage":0.0277780978,"mem_info_per_process":{"24537":{"rss":3660730368,"vms":11439075328,"shared":570601472,"text":2322432,"lib":0,"data":9684680704,"dirty":0,"uss":130166784,"pss":1833630720,"swap":0},"24591":{"rss":3270758400,"vms":11439075328,"shared":180457472,"text":2322432,"lib":0,"data":9684680704,"dirty":0,"uss":106029056,"pss":1682973696,"swap":0}},"nvidia_draw_absolute":37.88,"nvidia_estimated_attributable_power_draw":37.88,"average_gpu_estimated_utilization_absolute":0.135,"per_gpu_average_estimated_utilization_absolute":{"(0, 24537)":{"sm":13.5,"mem":0.0,"enc":0.0,"dec":0.0}},"average_gpu_estimated_utilization_relative":1.0,"per_gpu_performance_state":{"0":"P2"},"per_gpu_power_draw":{"0":37.88},"cpu_count_adjusted_average_load":[0.1728125,0.1615625,0.16],"realtime_carbon_intensity":337.461173778,"disk_write_speed":40.1602500065,"process_ids":[24537,24591]}
{"timestamp":1572411741.1993260384,"rapl_power_draw_absolute":77.164278733,"rapl_estimated_attributable_power_draw":17.3677094376,"cpu_time_seconds":{"24537":{"user":35.74,"system":2.53,"children_user":0.1,"children_system":0.3},"24591":{"user":0.47,"system":1.28,"children_user":0.06,"children_system":0.92}},"average_relative_cpu_utilization":0.2242023321,"absolute_cpu_utilization":0.9988823893,"relative_mem_usage":0.2339157384,"absolute_mem_usage":3752873984.0,"absolute_mem_percent_usage":0.0277786435,"mem_info_per_process":{"24537":{"rss":3660730368,"vms":11439075328,"shared":570601472,"text":2322432,"lib":0,"data":9684680704,"dirty":0,"uss":130191360,"pss":1833643008,"swap":0},"24591":{"rss":3270758400,"vms":11439075328,"shared":180457472,"text":2322432,"lib":0,"data":9684680704,"dirty":0,"uss":106053632,"pss":1682985984,"swap":0}},"nvidia_draw_absolute":37.31,"nvidia_estimated_attributable_power_draw":37.31,"average_gpu_estimated_utilization_absolute":0.14,"per_gpu_average_estimated_utilization_absolute":{"(0, 24537)":{"sm":14,"mem":0,"enc":0,"dec":0}},"average_gpu_estimated_utilization_relative":1.0,"per_gpu_performance_state":{"0":"P2"},"per_gpu_power_draw":{"0":37.31},"cpu_count_adjusted_average_load":[0.1803125,0.1634375,0.160625],"realtime_carbon_intensity":337.461173778,"disk_write_speed":15.978442983,"process_ids":[24537,24591]}
{"timestamp":1572411749.6397368908,"rapl_power_draw_absolute":76.9013533211,"rapl_estimated_attributable_power_draw":17.387531617,"cpu_time_seconds":{"24537":{"user":44.18,"system":2.54,"children_user":0.1,"children_system":0.3},"24591":{"user":0.59,"system":1.72,"children_user":0.06,"children_system":1.22}},"average_relative_cpu_utilization":0.225323406,"absolute_cpu_utilization":1.0035871759,"relative_mem_usage":0.2339348396,"absolute_mem_usage":3752886272.0,"absolute_mem_percent_usage":0.0277787345,"mem_info_per_process":{"24537":{"rss":3660730368,"vms":11439075328,"shared":570601472,"text":2322432,"lib":0,"data":9684680704,"dirty":0,"uss":130195456,"pss":1833645056,"swap":0},"24591":{"rss":3270758400,"vms":11439075328,"shared":180457472,"text":2322432,"lib":0,"data":9684680704,"dirty":0,"uss":106057728,"pss":1682988032,"swap":0}},"nvidia_draw_absolute":37.48,"nvidia_estimated_attributable_power_draw":37.48,"average_gpu_estimated_utilization_absolute":0.135,"per_gpu_average_estimated_utilization_absolute":{"(0, 24537)":{"sm":13.5,"mem":0.0,"enc":0.0,"dec":0.0}},"average_gpu_estimated_utilization_relative":1.0,"per_gpu_performance_state":{"0":"P2"},"per_gpu_power_draw":{"0":37.48},"cpu_count_adjusted_average_load":[0.1815625,0.1640625,0.1609375],"realtime_carbon_intensity":337.461173778,"disk_write_speed":33.8142206903,"process_ids":[24537,24591]}
{"timestamp":1572411758.1320679188,"rapl_power_draw_absolute":77.1899164172,"rapl_estimated_attributable_power_draw":17.3471936251,"cpu_time_seconds":{"24537":{"user":52.66,"system":2.55,"children_user":0.1,"children_system":0.3},"24591":{"user":0.74,"system":2.16,"children_user":0.08,"children_system":1.53}},"average_relative_cpu_utilization":0.2238169275,"absolute_cpu_utilization":1.0035911221,"relative_mem_usage":0.2339517931,"absolute_mem_usage":3753003008.0,"absolute_mem_percent_usage":0.0277795986,"mem_info_per_process":{"24537":{"rss":3660730368,"vms":11439075328,"shared":570601472,"text":2322432,"lib":0,"data":9684680704,"dirty":0,"uss":130199552,"pss":1833647104,"swap":0},"24591":{"rss":3270758400,"vms":11439075328,"shared":180457472,"text":2322432,"lib":0,"data":9684680704,"dirty":0,"uss":106131456,"pss":1683024896,"swap":0}},"nvidia_draw_absolute":37.7,"nvidia_estimated_attributable_power_draw":37.7,"average_gpu_estimated_utilization_absolute":0.14,"per_gpu_average_estimated_utilization_absolute":{"(0, 24537)":{"sm":14,"mem":0,"enc":0,"dec":0}},"average_gpu_estimated_utilization_relative":1.0,"per_gpu_performance_state":{"0":"P2"},"per_gpu_power_draw":{"0":37.7},"cpu_count_adjusted_average_load":[0.176875,0.1634375,0.1609375],"realtime_carbon_intensity":337.461173778,"disk_write_speed":37.5332911554,"process_ids":[24537,24591]}
{"timestamp":1572411766.4734039307,"rapl_power_draw_absolute":77.3255170041,"rapl_estimated_attributable_power_draw":17.4125557777,"cpu_time_seconds":{"24537":{"user":61.0,"system":2.56,"children_user":0.1,"children_system":0.3},"24591":{"user":0.91,"system":2.56,"children_user":0.08,"children_system":1.84}},"average_relative_cpu_utilization":0.2243121163,"absolute_cpu_utilization":1.00358737,"relative_mem_usage":0.2339279195,"absolute_mem_usage":3753156608.0,"absolute_mem_percent_usage":0.0277807355,"mem_info_per_process":{"24537":{"rss":3660730368,"vms":11439075328,"shared":570601472,"text":2322432,"lib":0,"data":9684680704,"dirty":0,"uss":130285568,"pss":1833690112,"swap":0},"24591":{"rss":3270758400,"vms":11439075328,"shared":180457472,"text":2322432,"lib":0,"data":9684680704,"dirty":0,"uss":106147840,"pss":1683033088,"swap":0}},"nvidia_draw_absolute":37.58,"nvidia_estimated_attributable_power_draw":37.58,"average_gpu_estimated_utilization_absolute":0.14,"per_gpu_average_estimated_utilization_absolute":{"(0, 24537)":{"sm":14,"mem":0,"enc":0,"dec":0}},"average_gpu_estimated_utilization_relative":1.0,"per_gpu_performance_state":{"0":"P2"},"per_gpu_power_draw":{"0":37.58},"cpu_count_adjusted_average_load":[0.1934375,0.1675,0.1621875],"realtime_carbon_intensity":337.461173778,"disk_write_speed":27.8904941897,"process_ids":[24537,24591]}
{"timestamp":1572411774.7749419212,"rapl_power_draw_absolute":77.0081017699,"rapl_estimated_attributable_power_draw":17.1665517354,"cpu_time_seconds":{"24537":{"user":69.29,"system":2.56,"children_user":0.1,"children_system":0.3},"24591":{"user":1.07,"system":2.91,"children_user":0.1,"children_system":2.14}},"average_relative_cpu_utilization":0.2218281028,"absolute_cpu_utilization":0.9935432301,"relative_mem_usage":0.2339034858,"absolute_mem_usage":3753168896.0,"absolute_mem_percent_usage":0.0277808265,"mem_info_per_process":{"24537":{"rss":3660730368,"vms":11439075328,"shared":570601472,"text":2322432,"lib":0,"data":9684680704,"dirty":0,"uss":130289664,"pss":1833692160,"swap":0},"24591":{"rss":3270758400,"vms":11439075328,"shared":180457472,"text":2322432,"lib":0,"data":9684680704,"dirty":0,"uss":106151936,"pss":1683035136,"swap":0}},"nvidia_draw_absolute":37.6,"nvidia_estimated_attributable_power_draw":37.6,"average_gpu_estimated_utilization_absolute":0.14,"per_gpu_average_estimated_utilization_absolute":{"(0, 24537)":{"sm":14,"mem":0,"enc":0,"dec":0}},"average_gpu_estimated_utilization_relative":1.0,"per_gpu_performance_state":{"0":"P2"},"per_gpu_power_draw":{"0":37.6},"cpu_count_adjusted_average_load":[0.1946875,0.1684375,0.1625],"realtime_carbon_intensity":337.461173778,"disk_write_speed":38.5488344051,"process_ids":[24537,24591]}
{"timestamp":1572411783.189565897,"rapl_power_draw_absolute":77.2636709504,"rapl_estimated_attributable_power_draw":17.5776185375,"cpu_time_seconds":{"24537":{"user":77.71,"system":2.57,"children_user":0.1,"children_system":0.3},"24591":{"user":1.21,"system":3.4,"children_user":0.11,"children_system":2.44}},"average_relative_cpu_utilization":0.2268599539,"absolute_cpu_utilization":1.0037447145,"relative_mem_usage":0.2339388279,"absolute_mem_usage":3753181184.0,"absolute_mem_percent_usage":0.0277809174,"mem_info_per_process":{"24537":{"rss":3660730368,"vms":11439075328,"shared":570601472,"text":2322432,"lib":0,"data":9684680704,"dirty":0,"uss":130293760,"pss":1833694208,"swap":0},"24591":{"rss":3270758400,"vms":11439075328,"shared":180457472,"text":2322432,"lib":0,"data":9684680704,"dirty":0,"uss":106156032,"pss":1683037184,"swap":0}},"nvidia_draw_absolute":37.36,"nvidia_estimated_attributable_power_draw":37.36,"average_gpu_estimated_utilization_absolute":0.14,"per_gpu_average_estimated_utilization_absolute":{"(0, 24537)":{"sm":14,"mem":0,"enc":0,"dec":0}},"average_gpu_estimated_utilization_relative":1.0,"per_gpu_performance_state":{"0":"P2"},"per_gpu_power_draw":{"0":37.36},"cpu_count_adjusted_average_load":[0.194375,0.16875,0.1628125],"realtime_carbon_intensity":337.461173778,"disk_write_speed":34.8661266777,"process_ids":[24537,24591]}
{"timestamp":1572411791.514097929,"rapl_power_draw_absolute":77.4175711476,"rapl_estimated_attributable_power_draw":17.7945349357,"cpu_time_seconds":{"24537":{"user":86.04,"system":2.57,"children_user":0.1,"children_system":0.3},"24591":{"user":1.36,"system":3.8,"children_user":0.12,"children_system":2.73}},"average_relative_cpu_utilization":0.2294501877,"absolute_cpu_utilization":1.0037333242,"relative_mem_usage":0.2339329047,"absolute_mem_usage":3753193472.0,"absolute_mem_percent_usage":0.0277810084,"mem_info_per_process":{"24537":{"rss":3660730368,"vms":11439075328,"shared":570601472,"text":2322432,"lib":0,"data":9684680704,"dirty":0,"uss":130297856,"pss":1833696256,"swap":0},"24591":{"rss":3270758400,"vms":11439075328,"shared":180457472,"text":2322432,"lib":0,"data":9684680704,"dirty":0,"uss":106160128,"pss":1683039232,"swap":0}},"nvidia_draw_absolute":36.9,"nvidia_estimated_attributable_power_draw":36.9,"average_gpu_estimated_utilization_absolute":0.135,"per_gpu_average_estimated_utilization_absolute":{"(0, 24537)":{"sm":13.5,"mem":0.0,"enc":0.0,"dec":0.0}},"average_gpu_estimated_utilization_relative":1.0,"per_gpu_performance_state":{"0":"P2"},"per_gpu_power_draw":{"0":36.9},"cpu_count_adjusted_average_load":[0.200625,0.1709375,0.1634375],"realtime_carbon_intensity":337.461173778,"disk_write_speed":19.6294909619,"process_ids":[24537,24591]}
{"timestamp":1572411799.9247729778,"rapl_power_draw_absolute":76.8540429635,"rapl_estimated_attributable_power_draw":18.1120865072,"cpu_time_seconds":{"24537":{"user":94.43,"system":2.58,"children_user":0.1,"children_system":0.3},"24591":{"user":1.5,"system":4.24,"children_user":0.13,"children_system":3.03}},"average_relative_cpu_utilization":0.2358382375,"absolute_cpu_utilization":0.9987482954,"relative_mem_usage":0.2339490802,"absolute_mem_usage":3753205760.0,"absolute_mem_percent_usage":0.0277810993,"mem_info_per_process":{"24537":{"rss":3660730368,"vms":11439075328,"shared":570601472,"text":2322432,"lib":0,"data":9684680704,"dirty":0,"uss":130301952,"pss":1833698304,"swap":0},"24591":{"rss":3270758400,"vms":11439075328,"shared":180457472,"text":2322432,"lib":0,"data":9684680704,"dirty":0,"uss":106164224,"pss":1683041280,"swap":0}},"nvidia_draw_absolute":37.57,"nvidia_estimated_attributable_power_draw":37.57,"average_gpu_estimated_utilization_absolute":0.135,"per_gpu_average_estimated_utilization_absolute":{"(0, 24537)":{"sm":13.5,"mem":0.0,"enc":0.0,"dec":0.0}},"average_gpu_estimated_utilization_relative":1.0,"per_gpu_performance_state":{"0":"P2"},"per_gpu_power_draw":{"0":37.57},"cpu_count_adjusted_average_load":[0.19875,0.1715625,0.16375],"realtime_carbon_intensity":337.461173778,"disk_write_speed":41.7275074887,"process_ids":[24537,24591]}
{"timestamp":1572411808.2821509838,"rapl_power_draw_absolute":77.5251644598,"rapl_estimated_attributable_power_draw":18.2751673481,"cpu_time_seconds":{"24537":{"user":102.78,"system":2.6,"children_user":0.1,"children_system":0.3},"24591":{"user":1.69,"system":4.7,"children_user":0.16,"children_system":3.3}},"average_relative_cpu_utilization":0.2359071779,"absolute_cpu_utilization":1.0037408885,"relative_mem_usage":0.2339300768,"absolute_mem_usage":3753218048.0,"absolute_mem_percent_usage":0.0277811903,"mem_info_per_process":{"24537":{"rss":3660730368,"vms":11439075328,"shared":570601472,"text":2322432,"lib":0,"data":9684680704,"dirty":0,"uss":130306048,"pss":1833700352,"swap":0},"24591":{"rss":3270758400,"vms":11439075328,"shared":180457472,"text":2322432,"lib":0,"data":9684680704,"dirty":0,"uss":106168320,"pss":1683043328,"swap":0}},"nvidia_draw_absolute":37.65,"nvidia_estimated_attributable_power_draw":37.65,"average_gpu_estimated_utilization_absolute":0.135,"per_gpu_average_estimated_utilization_absolute":{"(0, 24537)":{"sm":13.5,"mem":0.0,"enc":0.0,"dec":0.0}},"average_gpu_estimated_utilization_relative":1.0,"per_gpu_performance_state":{"0":"P2"},"per_gpu_power_draw":{"0":37.65},"cpu_count_adjusted_average_load":[0.1953125,0.17125,0.16375],"realtime_carbon_intensity":337.461173778,"disk_write_speed":39.6604668189,"process_ids":[24537,24591]}
{"timestamp":1572411816.6697568893,"rapl_power_draw_absolute":77.4381042794,"rapl_estimated_attributable_power_draw":18.3886717737,"cpu_time_seconds":{"24537":{"user":111.17,"system":2.6,"children_user":0.1,"children_system":0.3},"24591":{"user":1.9,"system":5.14,"children_user":0.16,"children_system":3.58}},"average_relative_cpu_utilization":0.2378024901,"absolute_cpu_utilization":0.9987523291,"relative_mem_usage":0.2339587358,"absolute_mem_usage":3753230336.0,"absolute_mem_percent_usage":0.0277812812,"mem_info_per_process":{"24537":{"rss":3660730368,"vms":11439075328,"shared":570601472,"text":2322432,"lib":0,"data":9684680704,"dirty":0,"uss":130310144,"pss":1833702400,"swap":0},"24591":{"rss":3270758400,"vms":11439075328,"shared":180457472,"text":2322432,"lib":0,"data":9684680704,"dirty":0,"uss":106172416,"pss":1683045376,"swap":0}},"nvidia_draw_absolute":37.34,"nvidia_estimated_attributable_power_draw":37.34,"average_gpu_estimated_utilization_absolute":0.135,"per_gpu_average_estimated_utilization_absolute":{"(0, 24537)":{"sm":13.5,"mem":0.0,"enc":0.0,"dec":0.0}},"average_gpu_estimated_utilization_relative":1.0,"per_gpu_performance_state":{"0":"P2"},"per_gpu_power_draw":{"0":37.34},"cpu_count_adjusted_average_load":[0.194375,0.171875,0.1640625],"realtime_carbon_intensity":337.461173778,"disk_write_speed":31.1712641692,"process_ids":[24537,24591]}
{"timestamp":1572411825.0677769184,"rapl_power_draw_absolute":77.4908166032,"rapl_estimated_attributable_power_draw":18.5651859731,"cpu_time_seconds":{"24537":{"user":119.56,"system":2.61,"children_user":0.1,"children_system":0.3},"24591":{"user":2.07,"system":5.55,"children_user":0.18,"children_system":3.9}},"average_relative_cpu_utilization":0.2401342734,"absolute_cpu_utilization":1.0045421236,"relative_mem_usage":0.2339387156,"absolute_mem_usage":3753242624.0,"absolute_mem_percent_usage":0.0277813722,"mem_info_per_process":{"24537":{"rss":3660730368,"vms":11439075328,"shared":570601472,"text":2322432,"lib":0,"data":9684680704,"dirty":0,"uss":130314240,"pss":1833704448,"swap":0},"24591":{"rss":3270758400,"vms":11439075328,"shared":180457472,"text":2322432,"lib":0,"data":9684680704,"dirty":0,"uss":106176512,"pss":1683047424,"swap":0}},"nvidia_draw_absolute":37.65,"nvidia_estimated_attributable_power_draw":37.65,"average_gpu_estimated_utilization_absolute":0.135,"per_gpu_average_estimated_utilization_absolute":{"(0, 24537)":{"sm":13.5,"mem":0.0,"enc":0.0,"dec":0.0}},"average_gpu_estimated_utilization_relative":1.0,"per_gpu_performance_state":{"0":"P2"},"per_gpu_power_draw":{"0":37.65},"cpu_count_adjusted_average_load":[0.18375,0.1703125,0.1634375],"realtime_carbon_intensity":337.461173778,"disk_write_speed":31.9599250208,"process_ids":[24537,24591]}
{"timestamp":1572411833.5685169697,"rapl_power_draw_absolute":77.4236576872,"rapl_estimated_attributable_power_draw":18.3650248785,"cpu_time_seconds":{"24537":{"user":128.05,"system":2.62,"children_user":0.1,"children_system":0.3},"24591":{"user":2.22,"system":6.01,"children_user":0.2,"children_system":4.24}},"average_relative_cpu_utilization":0.2375184247,"absolute_cpu_utilization":0.9987268213,"relative_mem_usage":0.2339504118,"absolute_mem_usage":3753254912.0,"absolute_mem_percent_usage":0.0277814632,"mem_info_per_process":{"24537":{"rss":3660730368,"vms":11439075328,"shared":570601472,"text":2322432,"lib":0,"data":9684680704,"dirty":0,"uss":130318336,"pss":1833706496,"swap":0},"24591":{"rss":3270758400,"vms":11439075328,"shared":180457472,"text":2322432,"lib":0,"data":9684680704,"dirty":0,"uss":106180608,"pss":1683049472,"swap":0}},"nvidia_draw_absolute":37.55,"nvidia_estimated_attributable_power_draw":37.55,"average_gpu_estimated_utilization_absolute":0.135,"per_gpu_average_estimated_utilization_absolute":{"(0, 24537)":{"sm":13.5,"mem":0.0,"enc":0.0,"dec":0.0}},"average_gpu_estimated_utilization_relative":1.0,"per_gpu_performance_state":{"0":"P2"},"per_gpu_power_draw":{"0":37.55},"cpu_count_adjusted_average_load":[0.1815625,0.17,0.1634375],"realtime_carbon_intensity":337.461173778,"disk_write_speed":37.9806940938,"process_ids":[24537,24591]}
{"timestamp":1572411841.9433488846,"rapl_power_draw_absolute":77.8630617571,"rapl_estimated_attributable_power_draw":18.0598451536,"cpu_time_seconds":{"24537":{"user":136.42,"system":2.63,"children_user":0.1,"children_system":0.3},"24591":{"user":2.4,"system":6.47,"children_user":0.22,"children_system":4.52}},"average_relative_cpu_utilization":0.2317481987,"absolute_cpu_utilization":0.9987515859,"relative_mem_usage":0.2339220325,"absolute_mem_usage":3753267200.0,"absolute_mem_percent_usage":0.0277815541,"mem_info_per_process":{"24537":{"rss":3660730368,"vms":11439075328,"shared":570601472,"text":2322432,"lib":0,"data":9684680704,"dirty":0,"uss":130322432,"pss":1833708544,"swap":0},"24591":{"rss":3270758400,"vms":11439075328,"shared":180457472,"text":2322432,"lib":0,"data":9684680704,"dirty":0,"uss":106184704,"pss":1683051520,"swap":0}},"nvidia_draw_absolute":37.37,"nvidia_estimated_attributable_power_draw":37.37,"average_gpu_estimated_utilization_absolute":0.135,"per_gpu_average_estimated_utilization_absolute":{"(0, 24537)":{"sm":13.5,"mem":0.0,"enc":0.0,"dec":0.0}},"average_gpu_estimated_utilization_relative":1.0,"per_gpu_performance_state":{"0":"P2"},"per_gpu_power_draw":{"0":37.37},"cpu_count_adjusted_average_load":[0.1875,0.1715625,0.1640625],"realtime_carbon_intensity":337.461173778,"disk_write_speed":0.9233694157,"process_ids":[24537,24591]}
{"timestamp":1572411851.4126839638,"rapl_power_draw_absolute":73.9699759744,"rapl_estimated_attributable_power_draw":17.6247021284,"cpu_time_seconds":{"24537":{"user":145.88,"system":2.65,"children_user":0.1,"children_system":0.3},"24591":{"user":2.45,"system":6.88,"children_user":0.23,"children_system":4.8}},"average_relative_cpu_utilization":0.2387093518,"absolute_cpu_utilization":1.0037562844,"relative_mem_usage":0.2339330701,"absolute_mem_usage":3753279488.0,"absolute_mem_percent_usage":0.0277816451,"mem_info_per_process":{"24537":{"rss":3660730368,"vms":11439075328,"shared":570601472,"text":2322432,"lib":0,"data":9684680704,"dirty":0,"uss":130326528,"pss":1833710592,"swap":0},"24591":{"rss":3270758400,"vms":11439075328,"shared":180457472,"text":2322432,"lib":0,"data":9684680704,"dirty":0,"uss":106188800,"pss":1683053568,"swap":0}},"nvidia_draw_absolute":37.17,"nvidia_estimated_attributable_power_draw":37.17,"average_gpu_estimated_utilization_absolute":0.135,"per_gpu_average_estimated_utilization_absolute":{"(0, 24537)":{"sm":13.5,"mem":0.0,"enc":0.0,"dec":0.0}},"average_gpu_estimated_utilization_relative":1.0,"per_gpu_performance_state":{"0":"P2"},"per_gpu_power_draw":{"0":37.17},"cpu_count_adjusted_average_load":[0.1878125,0.1721875,0.164375],"realtime_carbon_intensity":337.461173778,"disk_write_speed":29.62705393,"process_ids":[24537,24591]}
{"timestamp":1572411859.7849290371,"rapl_power_draw_absolute":74.3300700431,"rapl_estimated_attributable_power_draw":17.6113343212,"cpu_time_seconds":{"24537":{"user":154.24,"system":2.66,"children_user":0.1,"children_system":0.3},"24591":{"user":2.62,"system":7.33,"children_user":0.24,"children_system":5.11}},"average_relative_cpu_utilization":0.2372405238,"absolute_cpu_utilization":0.9987525929,"relative_mem_usage":0.2339837635,"absolute_mem_usage":3753304064.0,"absolute_mem_percent_usage":0.027781827,"mem_info_per_process":{"24537":{"rss":3660730368,"vms":11439075328,"shared":570601472,"text":2322432,"lib":0,"data":9684680704,"dirty":0,"uss":130334720,"pss":1833714688,"swap":0},"24591":{"rss":3270758400,"vms":11439075328,"shared":180457472,"text":2322432,"lib":0,"data":9684680704,"dirty":0,"uss":106196992,"pss":1683057664,"swap":0}},"nvidia_draw_absolute":37.7,"nvidia_estimated_attributable_power_draw":37.7,"average_gpu_estimated_utilization_absolute":0.13,"per_gpu_average_estimated_utilization_absolute":{"(0, 24537)":{"sm":13,"mem":0,"enc":0,"dec":0}},"average_gpu_estimated_utilization_relative":1.0,"per_gpu_performance_state":{"0":"P2"},"per_gpu_power_draw":{"0":37.7},"cpu_count_adjusted_average_load":[0.1853125,0.1721875,0.164375],"realtime_carbon_intensity":337.461173778,"disk_write_speed":23.864040586,"process_ids":[24537,24591]}
{"timestamp":1572411868.2138490677,"rapl_power_draw_absolute":75.8184181581,"rapl_estimated_attributable_power_draw":18.0606399448,"cpu_time_seconds":{"24537":{"user":162.67,"system":2.66,"children_user":0.1,"children_system":0.3},"24591":{"user":2.77,"system":7.78,"children_user":0.26,"children_system":5.42}},"average_relative_cpu_utilization":0.2386533792,"absolute_cpu_utilization":0.9996426917,"relative_mem_usage":0.2338926081,"absolute_mem_usage":3753329664.0,"absolute_mem_percent_usage":0.0277820165,"mem_info_per_process":{"24537":{"rss":3660730368,"vms":11439075328,"shared":570601472,"text":2322432,"lib":0,"data":9684680704,"dirty":0,"uss":130342912,"pss":1833719808,"swap":0},"24591":{"rss":3270758400,"vms":11439075328,"shared":180457472,"text":2322432,"lib":0,"data":9684680704,"dirty":0,"uss":106205184,"pss":1683061760,"swap":0}},"nvidia_draw_absolute":37.33,"nvidia_estimated_attributable_power_draw":37.33,"average_gpu_estimated_utilization_absolute":0.135,"per_gpu_average_estimated_utilization_absolute":{"(0, 24537)":{"sm":13.5,"mem":0.0,"enc":0.0,"dec":0.0}},"average_gpu_estimated_utilization_relative":1.0,"per_gpu_performance_state":{"0":"P2"},"per_gpu_power_draw":{"0":37.33},"cpu_count_adjusted_average_load":[0.183125,0.171875,0.164375],"realtime_carbon_intensity":337.461173778,"disk_write_speed":27.4029542048,"process_ids":[24537,24591]}
{"timestamp":1572411876.543503046,"rapl_power_draw_absolute":76.4789874173,"rapl_estimated_attributable_power_draw":18.1395471774,"cpu_time_seconds":{"24537":{"user":171.0,"system":2.66,"children_user":0.1,"children_system":0.3},"24591":{"user":2.93,"system":8.18,"children_user":0.27,"children_system":5.72}},"average_relative_cpu_utilization":0.2375234003,"absolute_cpu_utilization":0.9987524629,"relative_mem_usage":0.2338187911,"absolute_mem_usage":3753228288.0,"absolute_mem_percent_usage":0.0277812661,"mem_info_per_process":{"24537":{"rss":3660730368,"vms":11439075328,"shared":570601472,"text":2322432,"lib":0,"data":9684680704,"dirty":0,"uss":130342912,"pss":1833718784,"swap":0},"24591":{"rss":3270758400,"vms":11439075328,"shared":180457472,"text":2322432,"lib":0,"data":9684680704,"dirty":0,"uss":106205184,"pss":1682961408,"swap":0}},"nvidia_draw_absolute":37.71,"nvidia_estimated_attributable_power_draw":37.71,"average_gpu_estimated_utilization_absolute":0.135,"per_gpu_average_estimated_utilization_absolute":{"(0, 24537)":{"sm":13.5,"mem":0.0,"enc":0.0,"dec":0.0}},"average_gpu_estimated_utilization_relative":1.0,"per_gpu_performance_state":{"0":"P2"},"per_gpu_power_draw":{"0":37.71},"cpu_count_adjusted_average_load":[0.1765625,0.1709375,0.1640625],"realtime_carbon_intensity":337.461173778,"disk_write_speed":30.1425513939,"process_ids":[24537,24591]}
{"timestamp":1572411884.9561069012,"rapl_power_draw_absolute":76.9537454669,"rapl_estimated_attributable_power_draw":18.1360100335,"cpu_time_seconds":{"24537":{"user":179.42,"system":2.66,"children_user":0.1,"children_system":0.3},"24591":{"user":3.11,"system":8.64,"children_user":0.28,"children_system":6.03}},"average_relative_cpu_utilization":0.2358450816,"absolute_cpu_utilization":0.9987535572,"relative_mem_usage":0.2340086878,"absolute_mem_usage":3753335808.0,"absolute_mem_percent_usage":0.0277820619,"mem_info_per_process":{"24537":{"rss":3660730368,"vms":11439075328,"shared":570601472,"text":2322432,"lib":0,"data":9684680704,"dirty":0,"uss":130347008,"pss":1833715712,"swap":0},"24591":{"rss":3270758400,"vms":11439075328,"shared":180457472,"text":2322432,"lib":0,"data":9684680704,"dirty":0,"uss":106209280,"pss":1683063808,"swap":0}},"nvidia_draw_absolute":37.57,"nvidia_estimated_attributable_power_draw":37.57,"average_gpu_estimated_utilization_absolute":0.135,"per_gpu_average_estimated_utilization_absolute":{"(0, 24537)":{"sm":13.5,"mem":0.0,"enc":0.0,"dec":0.0}},"average_gpu_estimated_utilization_relative":1.0,"per_gpu_performance_state":{"0":"P2"},"per_gpu_power_draw":{"0":37.57},"cpu_count_adjusted_average_load":[0.175625,0.1709375,0.1640625],"realtime_carbon_intensity":337.461173778,"disk_write_speed":32.9944272899,"process_ids":[24537,24591]}
{"timestamp":1572411893.3051700592,"rapl_power_draw_absolute":76.3641248447,"rapl_estimated_attributable_power_draw":17.5105577059,"cpu_time_seconds":{"24537":{"user":187.76,"system":2.67,"children_user":0.1,"children_system":0.3},"24591":{"user":3.3,"system":9.04,"children_user":0.29,"children_system":6.33}},"average_relative_cpu_utilization":0.2288284845,"absolute_cpu_utilization":0.9987346914,"relative_mem_usage":0.2340240606,"absolute_mem_usage":3753354240.0,"absolute_mem_percent_usage":0.0277821984,"mem_info_per_process":{"24537":{"rss":3660730368,"vms":11439075328,"shared":570601472,"text":2322432,"lib":0,"data":9684680704,"dirty":0,"uss":130351104,"pss":1833723904,"swap":0},"24591":{"rss":3270758400,"vms":11439075328,"shared":180457472,"text":2322432,"lib":0,"data":9684680704,"dirty":0,"uss":106213376,"pss":1683065856,"swap":0}},"nvidia_draw_absolute":37.54,"nvidia_estimated_attributable_power_draw":37.54,"average_gpu_estimated_utilization_absolute":0.13,"per_gpu_average_estimated_utilization_absolute":{"(0, 24537)":{"sm":13,"mem":0,"enc":0,"dec":0}},"average_gpu_estimated_utilization_relative":1.0,"per_gpu_performance_state":{"0":"P2"},"per_gpu_power_draw":{"0":37.54},"cpu_count_adjusted_average_load":[0.1715625,0.1703125,0.1640625],"realtime_carbon_intensity":337.461173778,"disk_write_speed":29.8124383395,"process_ids":[24537,24591]}
{"timestamp":1572411901.6246840954,"rapl_power_draw_absolute":76.7801218491,"rapl_estimated_attributable_power_draw":17.7787208527,"cpu_time_seconds":{"24537":{"user":196.07,"system":2.69,"children_user":0.1,"children_system":0.3},"24591":{"user":3.48,"system":9.42,"children_user":0.3,"children_system":6.63}},"average_relative_cpu_utilization":0.231296379,"absolute_cpu_utilization":1.0037326334,"relative_mem_usage":0.23406703,"absolute_mem_usage":3753366528.0,"absolute_mem_percent_usage":0.0277822893,"mem_info_per_process":{"24537":{"rss":3660730368,"vms":11439075328,"shared":570601472,"text":2322432,"lib":0,"data":9684680704,"dirty":0,"uss":130355200,"pss":1833725952,"swap":0},"24591":{"rss":3270758400,"vms":11439075328,"shared":180457472,"text":2322432,"lib":0,"data":9684680704,"dirty":0,"uss":106217472,"pss":1683067904,"swap":0}},"nvidia_draw_absolute":37.56,"nvidia_estimated_attributable_power_draw":37.56,"average_gpu_estimated_utilization_absolute":0.135,"per_gpu_average_estimated_utilization_absolute":{"(0, 24537)":{"sm":13.5,"mem":0.0,"enc":0.0,"dec":0.0}},"average_gpu_estimated_utilization_relative":1.0,"per_gpu_performance_state":{"0":"P2"},"per_gpu_power_draw":{"0":37.56},"cpu_count_adjusted_average_load":[0.164375,0.16875,0.1634375],"realtime_carbon_intensity":337.461173778,"disk_write_speed":28.3337656723,"process_ids":[24537,24591]}
{"timestamp":1572411910.0309538841,"rapl_power_draw_absolute":76.4690809083,"rapl_estimated_attributable_power_draw":17.301130799,"cpu_time_seconds":{"24537":{"user":204.47,"system":2.7,"children_user":0.1,"children_system":0.3},"24591":{"user":3.64,"system":9.89,"children_user":0.31,"children_system":6.93}},"average_relative_cpu_utilization":0.2254623526,"absolute_cpu_utilization":0.9986156566,"relative_mem_usage":0.2340529478,"absolute_mem_usage":3753403392.0,"absolute_mem_percent_usage":0.0277825622,"mem_info_per_process":{"24537":{"rss":3660730368,"vms":11439075328,"shared":570601472,"text":2322432,"lib":0,"data":9684680704,"dirty":0,"uss":130367488,"pss":1833732096,"swap":0},"24591":{"rss":3270758400,"vms":11439075328,"shared":180457472,"text":2322432,"lib":0,"data":9684680704,"dirty":0,"uss":106229760,"pss":1683074048,"swap":0}},"nvidia_draw_absolute":37.41,"nvidia_estimated_attributable_power_draw":37.41,"average_gpu_estimated_utilization_absolute":0.14,"per_gpu_average_estimated_utilization_absolute":{"(0, 24537)":{"sm":14,"mem":0,"enc":0,"dec":0}},"average_gpu_estimated_utilization_relative":1.0,"per_gpu_performance_state":{"0":"P2"},"per_gpu_power_draw":{"0":37.41},"cpu_count_adjusted_average_load":[0.160625,0.1678125,0.1634375],"realtime_carbon_intensity":337.461173778,"disk_write_speed":35.9561190816,"process_ids":[24537,24591]}
{"timestamp":1572411918.3725669384,"rapl_power_draw_absolute":77.459613068,"rapl_estimated_attributable_power_draw":17.5630264555,"cpu_time_seconds":{"24537":{"user":212.81,"system":2.7,"children_user":0.1,"children_system":0.3},"24591":{"user":3.78,"system":10.32,"children_user":0.33,"children_system":7.23}},"average_relative_cpu_utilization":0.2259840447,"absolute_cpu_utilization":0.9987422458,"relative_mem_usage":0.2341860021,"absolute_mem_usage":3753440256.0,"absolute_mem_percent_usage":0.0277828351,"mem_info_per_process":{"24537":{"rss":3660730368,"vms":11439075328,"shared":570601472,"text":2322432,"lib":0,"data":9684680704,"dirty":0,"uss":130375680,"pss":1833745408,"swap":0},"24591":{"rss":3270758400,"vms":11439075328,"shared":180457472,"text":2322432,"lib":0,"data":9684680704,"dirty":0,"uss":106237952,"pss":1683081216,"swap":0}},"nvidia_draw_absolute":37.44,"nvidia_estimated_attributable_power_draw":37.44,"average_gpu_estimated_utilization_absolute":0.14,"per_gpu_average_estimated_utilization_absolute":{"(0, 24537)":{"sm":14,"mem":0,"enc":0,"dec":0}},"average_gpu_estimated_utilization_relative":1.0,"per_gpu_performance_state":{"0":"P2"},"per_gpu_power_draw":{"0":37.44},"cpu_count_adjusted_average_load":[0.1578125,0.166875,0.163125],"realtime_carbon_intensity":337.461173778,"disk_write_speed":28.9691087637,"process_ids":[24537,24591]}
{"timestamp":1572411926.7816770077,"rapl_power_draw_absolute":77.2426482546,"rapl_estimated_attributable_power_draw":17.3994853702,"cpu_time_seconds":{"24537":{"user":221.22,"system":2.71,"children_user":0.1,"children_system":0.3},"24591":{"user":3.96,"system":10.79,"children_user":0.34,"children_system":7.53}},"average_relative_cpu_utilization":0.2243266271,"absolute_cpu_utilization":1.0037444998,"relative_mem_usage":0.2341668521,"absolute_mem_usage":3753440256.0,"absolute_mem_percent_usage":0.0277828351,"mem_info_per_process":{"24537":{"rss":3660730368,"vms":11439075328,"shared":570601472,"text":2322432,"lib":0,"data":9684680704,"dirty":0,"uss":130375680,"pss":1833745408,"swap":0},"24591":{"rss":3270758400,"vms":11439075328,"shared":180457472,"text":2322432,"lib":0,"data":9684680704,"dirty":0,"uss":106237952,"pss":1683081216,"swap":0}},"nvidia_draw_absolute":37.24,"nvidia_estimated_attributable_power_draw":37.24,"average_gpu_estimated_utilization_absolute":0.135,"per_gpu_average_estimated_utilization_absolute":{"(0, 24537)":{"sm":13.5,"mem":0.0,"enc":0.0,"dec":0.0}},"average_gpu_estimated_utilization_relative":1.0,"per_gpu_performance_state":{"0":"P2"},"per_gpu_power_draw":{"0":37.24},"cpu_count_adjusted_average_load":[0.1603125,0.1671875,0.163125],"realtime_carbon_intensity":337.461173778,"disk_write_speed":31.1394243262,"process_ids":[24537,24591]}
{"timestamp":1572411935.2177610397,"rapl_power_draw_absolute":77.4891198781,"rapl_estimated_attributable_power_draw":17.3389232067,"cpu_time_seconds":{"24537":{"user":229.65,"system":2.71,"children_user":0.1,"children_system":0.3},"24591":{"user":4.15,"system":11.23,"children_user":0.34,"children_system":7.84}},"average_relative_cpu_utilization":0.2227125997,"absolute_cpu_utilization":0.9987338795,"relative_mem_usage":0.2341567884,"absolute_mem_usage":3753452544.0,"absolute_mem_percent_usage":0.027782926,"mem_info_per_process":{"24537":{"rss":3660730368,"vms":11439075328,"shared":570601472,"text":2322432,"lib":0,"data":9684680704,"dirty":0,"uss":130379776,"pss":1833747456,"swap":0},"24591":{"rss":3270758400,"vms":11439075328,"shared":180457472,"text":2322432,"lib":0,"data":9684680704,"dirty":0,"uss":106242048,"pss":1683083264,"swap":0}},"nvidia_draw_absolute":37.0,"nvidia_estimated_attributable_power_draw":37.0,"average_gpu_estimated_utilization_absolute":0.135,"per_gpu_average_estimated_utilization_absolute":{"(0, 24537)":{"sm":13.5,"mem":0.0,"enc":0.0,"dec":0.0}},"average_gpu_estimated_utilization_relative":1.0,"per_gpu_performance_state":{"0":"P2"},"per_gpu_power_draw":{"0":37.0},"cpu_count_adjusted_average_load":[0.1596875,0.166875,0.163125],"realtime_carbon_intensity":337.461173778,"disk_write_speed":27.4685091195,"process_ids":[24537,24591]}
{"timestamp":1572411943.5837919712,"rapl_power_draw_absolute":77.0832397774,"rapl_estimated_attributable_power_draw":17.2409950801,"cpu_time_seconds":{"24537":{"user":237.84,"system":2.8,"children_user":0.1,"children_system":0.3},"24591":{"user":4.3,"system":11.68,"children_user":0.36,"children_system":8.14}},"average_relative_cpu_utilization":0.2225978005,"absolute_cpu_utilization":0.973742616,"relative_mem_usage":0.2341471445,"absolute_mem_usage":3753464832.0,"absolute_mem_percent_usage":0.027783017,"mem_info_per_process":{"24537":{"rss":3660730368,"vms":11439075328,"shared":570601472,"text":2322432,"lib":0,"data":9684680704,"dirty":0,"uss":130383872,"pss":1833749504,"swap":0},"24591":{"rss":3270758400,"vms":11439075328,"shared":180457472,"text":2322432,"lib":0,"data":9684680704,"dirty":0,"uss":106246144,"pss":1683085312,"swap":0}},"nvidia_draw_absolute":37.7,"nvidia_estimated_attributable_power_draw":37.7,"average_gpu_estimated_utilization_absolute":0.135,"per_gpu_average_estimated_utilization_absolute":{"(0, 24537)":{"sm":13.5,"mem":0.0,"enc":0.0,"dec":0.0}},"average_gpu_estimated_utilization_relative":1.0,"per_gpu_performance_state":{"0":"P2"},"per_gpu_power_draw":{"0":37.7},"cpu_count_adjusted_average_load":[0.159375,0.1665625,0.163125],"realtime_carbon_intensity":337.461173778,"disk_write_speed":24.598125748,"process_ids":[24537,24591]}
{"timestamp":1572411951.9829421043,"rapl_power_draw_absolute":77.0274596951,"rapl_estimated_attributable_power_draw":17.0184166939,"cpu_time_seconds":{"24537":{"user":245.99,"system":2.93,"children_user":0.1,"children_system":0.3},"24591":{"user":4.45,"system":12.11,"children_user":0.38,"children_system":8.44}},"average_relative_cpu_utilization":0.2195914477,"absolute_cpu_utilization":0.9737831857,"relative_mem_usage":0.2341698588,"absolute_mem_usage":3753489408.0,"absolute_mem_percent_usage":0.0277831989,"mem_info_per_process":{"24537":{"rss":3660730368,"vms":11439075328,"shared":570601472,"text":2322432,"lib":0,"data":9684680704,"dirty":0,"uss":130392064,"pss":1833753600,"swap":0},"24591":{"rss":3270758400,"vms":11439075328,"shared":180457472,"text":2322432,"lib":0,"data":9684680704,"dirty":0,"uss":106254336,"pss":1683089408,"swap":0}},"nvidia_draw_absolute":37.04,"nvidia_estimated_attributable_power_draw":37.04,"average_gpu_estimated_utilization_absolute":0.13,"per_gpu_average_estimated_utilization_absolute":{"(0, 24537)":{"sm":13,"mem":0,"enc":0,"dec":0}},"average_gpu_estimated_utilization_relative":1.0,"per_gpu_performance_state":{"0":"P2"},"per_gpu_power_draw":{"0":37.04},"cpu_count_adjusted_average_load":[0.154375,0.1653125,0.1625],"realtime_carbon_intensity":337.461173778,"disk_write_speed":32.4510652397,"process_ids":[24537,24591]}
{"timestamp":1572411960.3954260349,"rapl_power_draw_absolute":78.2631565559,"rapl_estimated_attributable_power_draw":17.2594563379,"cpu_time_seconds":{"24537":{"user":254.34,"system":2.97,"children_user":0.1,"children_system":0.3},"24591":{"user":4.6,"system":12.59,"children_user":0.39,"children_system":8.76}},"average_relative_cpu_utilization":0.219189889,"absolute_cpu_utilization":1.0037333859,"relative_mem_usage":0.2341555468,"absolute_mem_usage":3753501696.0,"absolute_mem_percent_usage":0.0277832898,"mem_info_per_process":{"24537":{"rss":3660730368,"vms":11439075328,"shared":570601472,"text":2322432,"lib":0,"data":9684680704,"dirty":0,"uss":130396160,"pss":1833755648,"swap":0},"24591":{"rss":3270758400,"vms":11439075328,"shared":180457472,"text":2322432,"lib":0,"data":9684680704,"dirty":0,"uss":106258432,"pss":1683091456,"swap":0}},"nvidia_draw_absolute":37.7,"nvidia_estimated_attributable_power_draw":37.7,"average_gpu_estimated_utilization_absolute":0.135,"per_gpu_average_estimated_utilization_absolute":{"(0, 24537)":{"sm":13.5,"mem":0.0,"enc":0.0,"dec":0.0}},"average_gpu_estimated_utilization_relative":1.0,"per_gpu_performance_state":{"0":"P2"},"per_gpu_power_draw":{"0":37.7},"cpu_count_adjusted_average_load":[0.1590625,0.1659375,0.1628125],"realtime_carbon_intensity":337.461173778,"disk_write_speed":41.5577795937,"process_ids":[24537,24591]}
{"timestamp":1572411968.7351601124,"rapl_power_draw_absolute":77.7319432168,"rapl_estimated_attributable_power_draw":17.2523464924,"cpu_time_seconds":{"24537":{"user":262.67,"system":2.98,"children_user":0.1,"children_system":0.3},"24591":{"user":4.77,"system":13.01,"children_user":0.41,"children_system":9.04}},"average_relative_cpu_utilization":0.2207470653,"absolute_cpu_utilization":0.998748615,"relative_mem_usage":0.234102406,"absolute_mem_usage":3753526272.0,"absolute_mem_percent_usage":0.0277834718,"mem_info_per_process":{"24537":{"rss":3660730368,"vms":11439075328,"shared":570601472,"text":2322432,"lib":0,"data":9684680704,"dirty":0,"uss":130404352,"pss":1833759744,"swap":0},"24591":{"rss":3270758400,"vms":11439075328,"shared":180457472,"text":2322432,"lib":0,"data":9684680704,"dirty":0,"uss":106266624,"pss":1683095552,"swap":0}},"nvidia_draw_absolute":37.52,"nvidia_estimated_attributable_power_draw":37.52,"average_gpu_estimated_utilization_absolute":0.14,"per_gpu_average_estimated_utilization_absolute":{"(0, 24537)":{"sm":14,"mem":0,"enc":0,"dec":0}},"average_gpu_estimated_utilization_relative":1.0,"per_gpu_performance_state":{"0":"P2"},"per_gpu_power_draw":{"0":37.52},"cpu_count_adjusted_average_load":[0.15625,0.1653125,0.1628125],"realtime_carbon_intensity":337.461173778,"disk_write_speed":38.9068288873,"process_ids":[24537,24591]}
{"timestamp":1572411977.0653600693,"rapl_power_draw_absolute":77.5696128022,"rapl_estimated_attributable_power_draw":17.2158696188,"cpu_time_seconds":{"24537":{"user":271.0,"system":2.98,"children_user":0.1,"children_system":0.3},"24591":{"user":4.96,"system":13.42,"children_user":0.41,"children_system":9.34}},"average_relative_cpu_utilization":0.2207487919,"absolute_cpu_utilization":0.9987538341,"relative_mem_usage":0.2341437979,"absolute_mem_usage":3753526272.0,"absolute_mem_percent_usage":0.0277834718,"mem_info_per_process":{"24537":{"rss":3660730368,"vms":11439075328,"shared":570601472,"text":2322432,"lib":0,"data":9684680704,"dirty":0,"uss":130404352,"pss":1833759744,"swap":0},"24591":{"rss":3270758400,"vms":11439075328,"shared":180457472,"text":2322432,"lib":0,"data":9684680704,"dirty":0,"uss":106266624,"pss":1683095552,"swap":0}},"nvidia_draw_absolute":37.48,"nvidia_estimated_attributable_power_draw":37.48,"average_gpu_estimated_utilization_absolute":0.14,"per_gpu_average_estimated_utilization_absolute":{"(0, 24537)":{"sm":14,"mem":0,"enc":0,"dec":0}},"average_gpu_estimated_utilization_relative":1.0,"per_gpu_performance_state":{"0":"P2"},"per_gpu_power_draw":{"0":37.48},"cpu_count_adjusted_average_load":[0.15375,0.164375,0.1625],"realtime_carbon_intensity":337.461173778,"disk_write_speed":34.9196022085,"process_ids":[24537,24591]}
{"timestamp":1572411985.4312479496,"rapl_power_draw_absolute":77.3243845154,"rapl_estimated_attributable_power_draw":17.1910844484,"cpu_time_seconds":{"24537":{"user":279.37,"system":2.99,"children_user":0.1,"children_system":0.3},"24591":{"user":5.13,"system":13.83,"children_user":0.43,"children_system":9.64}},"average_relative_cpu_utilization":0.2211012274,"absolute_cpu_utilization":1.0035545508,"relative_mem_usage":0.2341355311,"absolute_mem_usage":3753538560.0,"absolute_mem_percent_usage":0.0277835627,"mem_info_per_process":{"24537":{"rss":3660730368,"vms":11439075328,"shared":570601472,"text":2322432,"lib":0,"data":9684680704,"dirty":0,"uss":130408448,"pss":1833761792,"swap":0},"24591":{"rss":3270758400,"vms":11439075328,"shared":180457472,"text":2322432,"lib":0,"data":9684680704,"dirty":0,"uss":106270720,"pss":1683097600,"swap":0}},"nvidia_draw_absolute":37.53,"nvidia_estimated_attributable_power_draw":37.53,"average_gpu_estimated_utilization_absolute":0.135,"per_gpu_average_estimated_utilization_absolute":{"(0, 24537)":{"sm":13.5,"mem":0.0,"enc":0.0,"dec":0.0}},"average_gpu_estimated_utilization_relative":1.0,"per_gpu_performance_state":{"0":"P2"},"per_gpu_power_draw":{"0":37.53},"cpu_count_adjusted_average_load":[0.1584375,0.1653125,0.1628125],"realtime_carbon_intensity":337.461173778,"disk_write_speed":24.4688861275,"process_ids":[24537,24591]}
{"timestamp":1572411993.7997980118,"rapl_power_draw_absolute":76.937423715,"rapl_estimated_attributable_power_draw":17.0637946097,"cpu_time_seconds":{"24537":{"user":287.73,"system":3.0,"children_user":0.1,"children_system":0.3},"24591":{"user":5.29,"system":14.23,"children_user":0.44,"children_system":9.95}},"average_relative_cpu_utilization":0.2205061533,"absolute_cpu_utilization":0.9987355442,"relative_mem_usage":0.2341559094,"absolute_mem_usage":3753563136.0,"absolute_mem_percent_usage":0.0277837446,"mem_info_per_process":{"24537":{"rss":3660730368,"vms":11439075328,"shared":570601472,"text":2322432,"lib":0,"data":9684680704,"dirty":0,"uss":130416640,"pss":1833765888,"swap":0},"24591":{"rss":3270758400,"vms":11439075328,"shared":180457472,"text":2322432,"lib":0,"data":9684680704,"dirty":0,"uss":106278912,"pss":1683101696,"swap":0}},"nvidia_draw_absolute":37.51,"nvidia_estimated_attributable_power_draw":37.51,"average_gpu_estimated_utilization_absolute":0.14,"per_gpu_average_estimated_utilization_absolute":{"(0, 24537)":{"sm":14,"mem":0,"enc":0,"dec":0}},"average_gpu_estimated_utilization_relative":1.0,"per_gpu_performance_state":{"0":"P2"},"per_gpu_power_draw":{"0":37.51},"cpu_count_adjusted_average_load":[0.1659375,0.1665625,0.163125],"realtime_carbon_intensity":337.461173778,"disk_write_speed":40.4096764587,"process_ids":[24537,24591]}
{"timestamp":1572412002.223526001,"rapl_power_draw_absolute":77.107295994,"rapl_estimated_attributable_power_draw":17.392025381,"cpu_time_seconds":{"24537":{"user":296.15,"system":3.0,"children_user":0.1,"children_system":0.3},"24591":{"user":5.44,"system":14.7,"children_user":0.45,"children_system":10.26}},"average_relative_cpu_utilization":0.2247053751,"absolute_cpu_utilization":0.9986412145,"relative_mem_usage":0.2340275508,"absolute_mem_usage":3753480192.0,"absolute_mem_percent_usage":0.0277831307,"mem_info_per_process":{"24537":{"rss":3660730368,"vms":11439075328,"shared":570601472,"text":2322432,"lib":0,"data":9684680704,"dirty":0,"uss":130420736,"pss":1833767936,"swap":0},"24591":{"rss":3270758400,"vms":11439075328,"shared":180457472,"text":2322432,"lib":0,"data":9684680704,"dirty":0,"uss":106283008,"pss":1683008512,"swap":0}},"nvidia_draw_absolute":37.0,"nvidia_estimated_attributable_power_draw":37.0,"average_gpu_estimated_utilization_absolute":0.135,"per_gpu_average_estimated_utilization_absolute":{"(0, 24537)":{"sm":13.5,"mem":0.0,"enc":0.0,"dec":0.0}},"average_gpu_estimated_utilization_relative":1.0,"per_gpu_performance_state":{"0":"P2"},"per_gpu_power_draw":{"0":37.0},"cpu_count_adjusted_average_load":[0.17625,0.16875,0.1640625],"realtime_carbon_intensity":337.461173778,"disk_write_speed":36.9130536082,"process_ids":[24537,24591]}
{"timestamp":1572412010.5946691036,"rapl_power_draw_absolute":77.4883535326,"rapl_estimated_attributable_power_draw":17.3206832235,"cpu_time_seconds":{"24537":{"user":304.5,"system":3.02,"children_user":0.1,"children_system":0.3},"24591":{"user":5.58,"system":15.16,"children_user":0.46,"children_system":10.55}},"average_relative_cpu_utilization":0.2224632671,"absolute_cpu_utilization":0.9987362521,"relative_mem_usage":0.2341645809,"absolute_mem_usage":3753486336.0,"absolute_mem_percent_usage":0.0277831761,"mem_info_per_process":{"24537":{"rss":3660730368,"vms":11439075328,"shared":570601472,"text":2322432,"lib":0,"data":9684680704,"dirty":0,"uss":130424832,"pss":1833668608,"swap":0},"24591":{"rss":3270758400,"vms":11439075328,"shared":180457472,"text":2322432,"lib":0,"data":9684680704,"dirty":0,"uss":106287104,"pss":1683105792,"swap":0}},"nvidia_draw_absolute":37.6,"nvidia_estimated_attributable_power_draw":37.6,"average_gpu_estimated_utilization_absolute":0.135,"per_gpu_average_estimated_utilization_absolute":{"(0, 24537)":{"sm":13.5,"mem":0.0,"enc":0.0,"dec":0.0}},"average_gpu_estimated_utilization_relative":1.0,"per_gpu_performance_state":{"0":"P2"},"per_gpu_power_draw":{"0":37.6},"cpu_count_adjusted_average_load":[0.1821875,0.170625,0.1646875],"realtime_carbon_intensity":337.461173778,"disk_write_speed":41.4370735994,"process_ids":[24537,24591]}
{"timestamp":1572412018.9842379093,"rapl_power_draw_absolute":77.477924414,"rapl_estimated_attributable_power_draw":16.9419051022,"cpu_time_seconds":{"24537":{"user":312.88,"system":3.04,"children_user":0.1,"children_system":0.3},"24591":{"user":5.76,"system":15.61,"children_user":0.48,"children_system":10.85}},"average_relative_cpu_utilization":0.2171541753,"absolute_cpu_utilization":0.9988178632,"relative_mem_usage":0.2341290148,"absolute_mem_usage":3753600000.0,"absolute_mem_percent_usage":0.0277840175,"mem_info_per_process":{"24537":{"rss":3660730368,"vms":11439075328,"shared":570601472,"text":2322432,"lib":0,"data":9684680704,"dirty":0,"uss":130428928,"pss":1833772032,"swap":0},"24591":{"rss":3270758400,"vms":11439075328,"shared":180457472,"text":2322432,"lib":0,"data":9684680704,"dirty":0,"uss":106291200,"pss":1683107840,"swap":0}},"nvidia_draw_absolute":37.66,"nvidia_estimated_attributable_power_draw":37.66,"average_gpu_estimated_utilization_absolute":0.13,"per_gpu_average_estimated_utilization_absolute":{"(0, 24537)":{"sm":13,"mem":0,"enc":0,"dec":0}},"average_gpu_estimated_utilization_relative":1.0,"per_gpu_performance_state":{"0":"P2"},"per_gpu_power_draw":{"0":37.66},"cpu_count_adjusted_average_load":[0.1775,0.1696875,0.164375],"realtime_carbon_intensity":337.461173778,"disk_write_speed":33.317509232,"process_ids":[24537,24591]}
{"timestamp":1572412027.2992250919,"rapl_power_draw_absolute":77.2531099178,"rapl_estimated_attributable_power_draw":17.1732963649,"cpu_time_seconds":{"24537":{"user":321.19,"system":3.05,"children_user":0.1,"children_system":0.3},"24591":{"user":5.93,"system":16.01,"children_user":0.5,"children_system":11.13}},"average_relative_cpu_utilization":0.2211161513,"absolute_cpu_utilization":1.0037385092,"relative_mem_usage":0.2341396353,"absolute_mem_usage":3753608192.0,"absolute_mem_percent_usage":0.0277840781,"mem_info_per_process":{"24537":{"rss":3660730368,"vms":11439075328,"shared":570601472,"text":2322432,"lib":0,"data":9684680704,"dirty":0,"uss":130433024,"pss":1833774080,"swap":0},"24591":{"rss":3270758400,"vms":11439075328,"shared":180457472,"text":2322432,"lib":0,"data":9684680704,"dirty":0,"uss":106295296,"pss":1683105792,"swap":0}},"nvidia_draw_absolute":37.69,"nvidia_estimated_attributable_power_draw":37.69,"average_gpu_estimated_utilization_absolute":0.135,"per_gpu_average_estimated_utilization_absolute":{"(0, 24537)":{"sm":13.5,"mem":0.0,"enc":0.0,"dec":0.0}},"average_gpu_estimated_utilization_relative":1.0,"per_gpu_performance_state":{"0":"P2"},"per_gpu_power_draw":{"0":37.69},"cpu_count_adjusted_average_load":[0.1746875,0.169375,0.164375],"realtime_carbon_intensity":337.461173778,"disk_write_speed":45.6871842013,"process_ids":[24537,24591]}
{"timestamp":1572412035.6742939949,"rapl_power_draw_absolute":77.4125838092,"rapl_estimated_attributable_power_draw":17.0717161993,"cpu_time_seconds":{"24537":{"user":329.56,"system":3.06,"children_user":0.1,"children_system":0.3},"24591":{"user":6.13,"system":16.46,"children_user":0.51,"children_system":11.44}},"average_relative_cpu_utilization":0.2191883825,"absolute_cpu_utilization":1.0037220574,"relative_mem_usage":0.2341632864,"absolute_mem_usage":3753522176.0,"absolute_mem_percent_usage":0.0277834414,"mem_info_per_process":{"24537":{"rss":3660730368,"vms":11439075328,"shared":570601472,"text":2322432,"lib":0,"data":9684680704,"dirty":0,"uss":130437120,"pss":1833673728,"swap":0},"24591":{"rss":3270758400,"vms":11439075328,"shared":180457472,"text":2322432,"lib":0,"data":9684680704,"dirty":0,"uss":106299392,"pss":1683111936,"swap":0}},"nvidia_draw_absolute":37.51,"nvidia_estimated_attributable_power_draw":37.51,"average_gpu_estimated_utilization_absolute":0.135,"per_gpu_average_estimated_utilization_absolute":{"(0, 24537)":{"sm":13.5,"mem":0.0,"enc":0.0,"dec":0.0}},"average_gpu_estimated_utilization_relative":1.0,"per_gpu_performance_state":{"0":"P2"},"per_gpu_power_draw":{"0":37.51},"cpu_count_adjusted_average_load":[0.1784375,0.1703125,0.1646875],"realtime_carbon_intensity":337.461173778,"disk_write_speed":25.4400916714,"process_ids":[24537,24591]}
{"timestamp":1572412044.014154911,"rapl_power_draw_absolute":77.1820437906,"rapl_estimated_attributable_power_draw":17.0285929783,"cpu_time_seconds":{"24537":{"user":337.9,"system":3.06,"children_user":0.1,"children_system":0.3},"24591":{"user":6.28,"system":16.87,"children_user":0.52,"children_system":11.72}},"average_relative_cpu_utilization":0.2192940498,"absolute_cpu_utilization":0.9987368745,"relative_mem_usage":0.2341718612,"absolute_mem_usage":3753632768.0,"absolute_mem_percent_usage":0.02778426,"mem_info_per_process":{"24537":{"rss":3660730368,"vms":11439075328,"shared":570601472,"text":2322432,"lib":0,"data":9684680704,"dirty":0,"uss":130441216,"pss":1833774080,"swap":0},"24591":{"rss":3270758400,"vms":11439075328,"shared":180457472,"text":2322432,"lib":0,"data":9684680704,"dirty":0,"uss":106303488,"pss":1683113984,"swap":0}},"nvidia_draw_absolute":37.63,"nvidia_estimated_attributable_power_draw":37.63,"average_gpu_estimated_utilization_absolute":0.135,"per_gpu_average_estimated_utilization_absolute":{"(0, 24537)":{"sm":13.5,"mem":0.0,"enc":0.0,"dec":0.0}},"average_gpu_estimated_utilization_relative":1.0,"per_gpu_performance_state":{"0":"P2"},"per_gpu_power_draw":{"0":37.63},"cpu_count_adjusted_average_load":[0.1790625,0.170625,0.1646875],"realtime_carbon_intensity":336.704610597,"disk_write_speed":22.5384633191,"process_ids":[24537,24591]}
{"timestamp":1572412052.573775053,"rapl_power_draw_absolute":76.4896716683,"rapl_estimated_attributable_power_draw":17.0222943576,"cpu_time_seconds":{"24537":{"user":346.46,"system":3.07,"children_user":0.1,"children_system":0.3},"24591":{"user":6.44,"system":17.36,"children_user":0.53,"children_system":12.05}},"average_relative_cpu_utilization":0.2213616076,"absolute_cpu_utilization":1.0037360037,"relative_mem_usage":0.2341850198,"absolute_mem_usage":3753661440.0,"absolute_mem_percent_usage":0.0277844723,"mem_info_per_process":{"24537":{"rss":3660738560,"vms":11439075328,"shared":570601472,"text":2322432,"lib":0,"data":9684680704,"dirty":0,"uss":130449408,"pss":1833782272,"swap":0},"24591":{"rss":3270758400,"vms":11439075328,"shared":180457472,"text":2322432,"lib":0,"data":9684680704,"dirty":0,"uss":106311680,"pss":1683118080,"swap":0}},"nvidia_draw_absolute":37.34,"nvidia_estimated_attributable_power_draw":37.34,"average_gpu_estimated_utilization_absolute":0.135,"per_gpu_average_estimated_utilization_absolute":{"(0, 24537)":{"sm":13.5,"mem":0.0,"enc":0.0,"dec":0.0}},"average_gpu_estimated_utilization_relative":1.0,"per_gpu_performance_state":{"0":"P2"},"per_gpu_power_draw":{"0":37.34},"cpu_count_adjusted_average_load":[0.18,0.17125,0.165],"realtime_carbon_intensity":336.704610597,"disk_write_speed":31.675579183,"process_ids":[24537,24591]}
{"timestamp":1572412060.9353768826,"rapl_power_draw_absolute":77.5950452965,"rapl_estimated_attributable_power_draw":17.1370249782,"cpu_time_seconds":{"24537":{"user":354.81,"system":3.08,"children_user":0.1,"children_system":0.3},"24591":{"user":6.6,"system":17.8,"children_user":0.54,"children_system":12.34}},"average_relative_cpu_utilization":0.2195334739,"absolute_cpu_utilization":0.9987440443,"relative_mem_usage":0.2342078113,"absolute_mem_usage":3753673728.0,"absolute_mem_percent_usage":0.0277845632,"mem_info_per_process":{"24537":{"rss":3660738560,"vms":11439075328,"shared":570601472,"text":2322432,"lib":0,"data":9684680704,"dirty":0,"uss":130453504,"pss":1833784320,"swap":0},"24591":{"rss":3270758400,"vms":11439075328,"shared":180457472,"text":2322432,"lib":0,"data":9684680704,"dirty":0,"uss":106315776,"pss":1683120128,"swap":0}},"nvidia_draw_absolute":37.7,"nvidia_estimated_attributable_power_draw":37.7,"average_gpu_estimated_utilization_absolute":0.14,"per_gpu_average_estimated_utilization_absolute":{"(0, 24537)":{"sm":14,"mem":0,"enc":0,"dec":0}},"average_gpu_estimated_utilization_relative":1.0,"per_gpu_performance_state":{"0":"P2"},"per_gpu_power_draw":{"0":37.7},"cpu_count_adjusted_average_load":[0.183125,0.1721875,0.1653125],"realtime_carbon_intensity":336.704610597,"disk_write_speed":18.7915414623,"process_ids":[24537,24591]}
{"timestamp":1572412069.27739501,"rapl_power_draw_absolute":77.9722677587,"rapl_estimated_attributable_power_draw":17.2718968058,"cpu_time_seconds":{"24537":{"user":363.14,"system":3.09,"children_user":0.1,"children_system":0.3},"24591":{"user":6.73,"system":18.21,"children_user":0.56,"children_system":12.62}},"average_relative_cpu_utilization":0.2202469833,"absolute_cpu_utilization":0.9986132809,"relative_mem_usage":0.2341888756,"absolute_mem_usage":3753698304.0,"absolute_mem_percent_usage":0.0277847451,"mem_info_per_process":{"24537":{"rss":3660738560,"vms":11439075328,"shared":570601472,"text":2322432,"lib":0,"data":9684680704,"dirty":0,"uss":130461696,"pss":1833788416,"swap":0},"24591":{"rss":3270758400,"vms":11439075328,"shared":180457472,"text":2322432,"lib":0,"data":9684680704,"dirty":0,"uss":106323968,"pss":1683124224,"swap":0}},"nvidia_draw_absolute":37.74,"nvidia_estimated_attributable_power_draw":37.74,"average_gpu_estimated_utilization_absolute":0.135,"per_gpu_average_estimated_utilization_absolute":{"(0, 24537)":{"sm":13.5,"mem":0.0,"enc":0.0,"dec":0.0}},"average_gpu_estimated_utilization_relative":1.0,"per_gpu_performance_state":{"0":"P2"},"per_gpu_power_draw":{"0":37.74},"cpu_count_adjusted_average_load":[0.1809375,0.171875,0.1653125],"realtime_carbon_intensity":336.704610597,"disk_write_speed":31.4239951152,"process_ids":[24537,24591]}
{"timestamp":1572412077.6799719334,"rapl_power_draw_absolute":73.5482731818,"rapl_estimated_attributable_power_draw":20.3104334445,"cpu_time_seconds":{"24537":{"user":371.54,"system":3.1,"children_user":0.1,"children_system":0.3},"24591":{"user":6.9,"system":18.69,"children_user":0.58,"children_system":12.92}},"average_relative_cpu_utilization":0.2732038115,"absolute_cpu_utilization":0.9986054275,"relative_mem_usage":0.3047738298,"absolute_mem_usage":3847113728.0,"absolute_mem_percent_usage":0.0284762029,"mem_info_per_process":{"24537":{"rss":3660738560,"vms":11439075328,"shared":570601472,"text":2322432,"lib":0,"data":9684680704,"dirty":0,"uss":154206208,"pss":1901898752,"swap":0},"24591":{"rss":3270758400,"vms":11439075328,"shared":180457472,"text":2322432,"lib":0,"data":9684680704,"dirty":0,"uss":106479616,"pss":1684529152,"swap":0}},"nvidia_draw_absolute":37.74,"nvidia_estimated_attributable_power_draw":37.74,"average_gpu_estimated_utilization_absolute":0.135,"per_gpu_average_estimated_utilization_absolute":{"(0, 24537)":{"sm":13.5,"mem":0.0,"enc":0.0,"dec":0.0}},"average_gpu_estimated_utilization_relative":1.0,"per_gpu_performance_state":{"0":"P2"},"per_gpu_power_draw":{"0":37.74},"cpu_count_adjusted_average_load":[0.1771875,0.1715625,0.1653125],"realtime_carbon_intensity":336.704610597,"disk_write_speed":45.2356229916,"process_ids":[24537,24591]}
{"timestamp":1572412086.07279706,"rapl_power_draw_absolute":72.8927401555,"rapl_estimated_attributable_power_draw":19.9714655717,"cpu_time_seconds":{"24537":{"user":379.93,"system":3.1,"children_user":0.1,"children_system":0.3},"24591":{"user":7.11,"system":19.14,"children_user":0.59,"children_system":13.23}},"average_relative_cpu_utilization":0.2709953102,"absolute_cpu_utilization":0.9987272226,"relative_mem_usage":0.3027350109,"absolute_mem_usage":3831298048.0,"absolute_mem_percent_usage":0.0283591357,"mem_info_per_process":{"24537":{"rss":3660738560,"vms":11439075328,"shared":570601472,"text":2322432,"lib":0,"data":9684680704,"dirty":0,"uss":153583616,"pss":1887235072,"swap":0},"24591":{"rss":3270758400,"vms":11439075328,"shared":180457472,"text":2322432,"lib":0,"data":9684680704,"dirty":0,"uss":106483712,"pss":1683995648,"swap":0}},"nvidia_draw_absolute":37.47,"nvidia_estimated_attributable_power_draw":37.47,"average_gpu_estimated_utilization_absolute":0.1266666667,"per_gpu_average_estimated_utilization_absolute":{"(0, 24537)":{"sm":12.6666666667,"mem":0.0,"enc":0.0,"dec":0.0}},"average_gpu_estimated_utilization_relative":1.0,"per_gpu_performance_state":{"0":"P2"},"per_gpu_power_draw":{"0":37.47},"cpu_count_adjusted_average_load":[0.1784375,0.171875,0.1653125],"realtime_carbon_intensity":336.704610597,"disk_write_speed":18.9105618699,"process_ids":[24537,24591]}
{"timestamp":1572412094.4952580929,"rapl_power_draw_absolute":77.9585196963,"rapl_estimated_attributable_power_draw":18.5624789058,"cpu_time_seconds":{"24537":{"user":388.32,"system":3.13,"children_user":0.1,"children_system":0.3},"24591":{"user":7.23,"system":19.58,"children_user":0.6,"children_system":13.52}},"average_relative_cpu_utilization":0.238086641,"absolute_cpu_utilization":0.9987138272,"relative_mem_usage":0.2382952733,"absolute_mem_usage":3783822336.0,"absolute_mem_percent_usage":0.0280077222,"mem_info_per_process":{"24537":{"rss":3660738560,"vms":11439075328,"shared":570601472,"text":2322432,"lib":0,"data":9684680704,"dirty":0,"uss":148729856,"pss":1844784128,"swap":0},"24591":{"rss":3270758400,"vms":11439075328,"shared":180457472,"text":2322432,"lib":0,"data":9684680704,"dirty":0,"uss":106483712,"pss":1683824640,"swap":0}},"nvidia_draw_absolute":37.39,"nvidia_estimated_attributable_power_draw":37.39,"average_gpu_estimated_utilization_absolute":0.135,"per_gpu_average_estimated_utilization_absolute":{"(0, 24537)":{"sm":13.5,"mem":0.0,"enc":0.0,"dec":0.0}},"average_gpu_estimated_utilization_relative":1.0,"per_gpu_performance_state":{"0":"P2"},"per_gpu_power_draw":{"0":37.39},"cpu_count_adjusted_average_load":[0.176875,0.1715625,0.1653125],"realtime_carbon_intensity":336.704610597,"disk_write_speed":23.3567394261,"process_ids":[24537,24591]}
{"timestamp":1572412102.9241371155,"rapl_power_draw_absolute":66.5265869127,"rapl_estimated_attributable_power_draw":21.0872228272,"cpu_time_seconds":{"24537":{"user":396.74,"system":3.15,"children_user":0.1,"children_system":0.3},"24591":{"user":7.37,"system":20.08,"children_user":0.62,"children_system":13.83}},"average_relative_cpu_utilization":0.3175175661,"absolute_cpu_utilization":1.0037101149,"relative_mem_usage":0.3075532825,"absolute_mem_usage":3856943104.0,"absolute_mem_percent_usage":0.0285489596,"mem_info_per_process":{"24537":{"rss":3660738560,"vms":11439075328,"shared":570601472,"text":2322432,"lib":0,"data":9684680704,"dirty":0,"uss":159408128,"pss":1904818176,"swap":0},"24591":{"rss":3270758400,"vms":11439075328,"shared":180457472,"text":2322432,"lib":0,"data":9684680704,"dirty":0,"uss":107413504,"pss":1685303296,"swap":0}},"nvidia_draw_absolute":37.59,"nvidia_estimated_attributable_power_draw":37.59,"average_gpu_estimated_utilization_absolute":0.14,"per_gpu_average_estimated_utilization_absolute":{"(0, 24537)":{"sm":14,"mem":0,"enc":0,"dec":0}},"average_gpu_estimated_utilization_relative":1.0,"per_gpu_performance_state":{"0":"P2"},"per_gpu_power_draw":{"0":37.59},"cpu_count_adjusted_average_load":[0.180625,0.1728125,0.1659375],"realtime_carbon_intensity":336.704610597,"disk_write_speed":19.2107667765,"process_ids":[24537,24591]}
{"timestamp":1572412111.336632967,"rapl_power_draw_absolute":67.4373660258,"rapl_estimated_attributable_power_draw":18.8725845492,"cpu_time_seconds":{"24537":{"user":405.15,"system":3.15,"children_user":0.1,"children_system":0.3},"24591":{"user":7.49,"system":20.54,"children_user":0.64,"children_system":14.13}},"average_relative_cpu_utilization":0.2781542513,"absolute_cpu_utilization":0.9986402504,"relative_mem_usage":0.3063198978,"absolute_mem_usage":3854937088.0,"absolute_mem_percent_usage":0.0285341111,"mem_info_per_process":{"24537":{"rss":3660738560,"vms":11439075328,"shared":570601472,"text":2322432,"lib":0,"data":9684680704,"dirty":0,"uss":159399936,"pss":1904515072,"swap":0},"24591":{"rss":3270758400,"vms":11439075328,"shared":180457472,"text":2322432,"lib":0,"data":9684680704,"dirty":0,"uss":106496000,"pss":1684526080,"swap":0}},"nvidia_draw_absolute":37.39,"nvidia_estimated_attributable_power_draw":37.39,"average_gpu_estimated_utilization_absolute":0.135,"per_gpu_average_estimated_utilization_absolute":{"(0, 24537)":{"sm":13.5,"mem":0.0,"enc":0.0,"dec":0.0}},"average_gpu_estimated_utilization_relative":1.0,"per_gpu_performance_state":{"0":"P2"},"per_gpu_power_draw":{"0":37.39},"cpu_count_adjusted_average_load":[0.171875,0.1709375,0.1653125],"realtime_carbon_intensity":336.704610597,"disk_write_speed":25.762844225,"process_ids":[24537,24591]}
{"timestamp":1572412119.7255449295,"rapl_power_draw_absolute":78.3010222138,"rapl_estimated_attributable_power_draw":15.1567831568,"cpu_time_seconds":{"24537":{"user":413.52,"system":3.17,"children_user":0.1,"children_system":0.3},"24591":{"user":7.67,"system":20.98,"children_user":0.64,"children_system":14.46}},"average_relative_cpu_utilization":0.1862081994,"absolute_cpu_utilization":0.9985766229,"relative_mem_usage":0.2727739152,"absolute_mem_usage":3821776896.0,"absolute_mem_percent_usage":0.0282886605,"mem_info_per_process":{"24537":{"rss":3660738560,"vms":11439075328,"shared":570601472,"text":2322432,"lib":0,"data":9684680704,"dirty":0,"uss":154435584,"pss":1877030912,"swap":0},"24591":{"rss":3270758400,"vms":11439075328,"shared":180457472,"text":2322432,"lib":0,"data":9684680704,"dirty":0,"uss":106500096,"pss":1683810304,"swap":0}},"nvidia_draw_absolute":37.1,"nvidia_estimated_attributable_power_draw":37.1,"average_gpu_estimated_utilization_absolute":0.13,"per_gpu_average_estimated_utilization_absolute":{"(0, 24537)":{"sm":13,"mem":0,"enc":0,"dec":0}},"average_gpu_estimated_utilization_relative":1.0,"per_gpu_performance_state":{"0":"P2"},"per_gpu_power_draw":{"0":37.1},"cpu_count_adjusted_average_load":[0.168125,0.1703125,0.165],"realtime_carbon_intensity":336.704610597,"disk_write_speed":33.5686493103,"process_ids":[24537,24591]}
{"timestamp":1572412128.0882980824,"rapl_power_draw_absolute":72.894090422,"rapl_estimated_attributable_power_draw":17.1702007701,"cpu_time_seconds":{"24537":{"user":421.89,"system":3.17,"children_user":0.1,"children_system":0.3},"24591":{"user":7.83,"system":21.4,"children_user":0.65,"children_system":14.76}},"average_relative_cpu_utilization":0.2353590304,"absolute_cpu_utilization":1.0037426531,"relative_mem_usage":0.2378158462,"absolute_mem_usage":3775025152.0,"absolute_mem_percent_usage":0.0279426057,"mem_info_per_process":{"24537":{"rss":3660738560,"vms":11439075328,"shared":570601472,"text":2322432,"lib":0,"data":9684680704,"dirty":0,"uss":143388672,"pss":1841591296,"swap":0},"24591":{"rss":3270758400,"vms":11439075328,"shared":180457472,"text":2322432,"lib":0,"data":9684680704,"dirty":0,"uss":106500096,"pss":1683545088,"swap":0}},"nvidia_draw_absolute":37.46,"nvidia_estimated_attributable_power_draw":37.46,"average_gpu_estimated_utilization_absolute":0.13,"per_gpu_average_estimated_utilization_absolute":{"(0, 24537)":{"sm":13,"mem":0,"enc":0,"dec":0}},"average_gpu_estimated_utilization_relative":1.0,"per_gpu_performance_state":{"0":"P2"},"per_gpu_power_draw":{"0":37.46},"cpu_count_adjusted_average_load":[0.17875,0.1725,0.1659375],"realtime_carbon_intensity":336.704610597,"disk_write_speed":23.3753102944,"process_ids":[24537,24591]}
{"timestamp":1572412136.4624650478,"rapl_power_draw_absolute":77.1940988127,"rapl_estimated_attributable_power_draw":17.8720993031,"cpu_time_seconds":{"24537":{"user":430.24,"system":3.19,"children_user":0.1,"children_system":0.3},"24591":{"user":7.98,"system":21.82,"children_user":0.66,"children_system":15.08}},"average_relative_cpu_utilization":0.2309359317,"absolute_cpu_utilization":0.998707544,"relative_mem_usage":0.2375892669,"absolute_mem_usage":3774185472.0,"absolute_mem_percent_usage":0.0279363904,"mem_info_per_process":{"24537":{"rss":3660738560,"vms":11439075328,"shared":570601472,"text":2322432,"lib":0,"data":9684680704,"dirty":0,"uss":143368192,"pss":1841405952,"swap":0},"24591":{"rss":3270758400,"vms":11439075328,"shared":180457472,"text":2322432,"lib":0,"data":9684680704,"dirty":0,"uss":106299392,"pss":1683111936,"swap":0}},"nvidia_draw_absolute":37.2,"nvidia_estimated_attributable_power_draw":37.2,"average_gpu_estimated_utilization_absolute":0.13,"per_gpu_average_estimated_utilization_absolute":{"(0, 24537)":{"sm":13,"mem":0,"enc":0,"dec":0}},"average_gpu_estimated_utilization_relative":1.0,"per_gpu_performance_state":{"0":"P2"},"per_gpu_power_draw":{"0":37.2},"cpu_count_adjusted_average_load":[0.1846875,0.1740625,0.1665625],"realtime_carbon_intensity":336.704610597,"disk_write_speed":25.6849124105,"process_ids":[24537,24591]}
{"timestamp":1572412144.8101460934,"rapl_power_draw_absolute":77.257105831,"rapl_estimated_attributable_power_draw":17.6393275746,"cpu_time_seconds":{"24537":{"user":438.37,"system":3.32,"children_user":0.1,"children_system":0.3},"24591":{"user":8.13,"system":22.21,"children_user":0.67,"children_system":15.38}},"average_relative_cpu_utilization":0.2274231022,"absolute_cpu_utilization":0.9937225503,"relative_mem_usage":0.2375473099,"absolute_mem_usage":3774185472.0,"absolute_mem_percent_usage":0.0279363904,"mem_info_per_process":{"24537":{"rss":3660738560,"vms":11439075328,"shared":570601472,"text":2322432,"lib":0,"data":9684680704,"dirty":0,"uss":143368192,"pss":1841405952,"swap":0},"24591":{"rss":3270758400,"vms":11439075328,"shared":180457472,"text":2322432,"lib":0,"data":9684680704,"dirty":0,"uss":106299392,"pss":1683111936,"swap":0}},"nvidia_draw_absolute":37.0,"nvidia_estimated_attributable_power_draw":37.0,"average_gpu_estimated_utilization_absolute":0.135,"per_gpu_average_estimated_utilization_absolute":{"(0, 24537)":{"sm":13.5,"mem":0.0,"enc":0.0,"dec":0.0}},"average_gpu_estimated_utilization_relative":1.0,"per_gpu_performance_state":{"0":"P2"},"per_gpu_power_draw":{"0":37.0},"cpu_count_adjusted_average_load":[0.18,0.173125,0.16625],"realtime_carbon_intensity":336.704610597,"disk_write_speed":36.7795918198,"process_ids":[24537,24591]}
{"timestamp":1572412153.2193861008,"rapl_power_draw_absolute":77.2376570645,"rapl_estimated_attributable_power_draw":17.6249553874,"cpu_time_seconds":{"24537":{"user":446.73,"system":3.35,"children_user":0.1,"children_system":0.3},"24591":{"user":8.32,"system":22.67,"children_user":0.69,"children_system":15.67}},"average_relative_cpu_utilization":0.2272690581,"absolute_cpu_utilization":0.9987435185,"relative_mem_usage":0.2375283882,"absolute_mem_usage":3774185472.0,"absolute_mem_percent_usage":0.0279363904,"mem_info_per_process":{"24537":{"rss":3660738560,"vms":11439075328,"shared":570601472,"text":2322432,"lib":0,"data":9684680704,"dirty":0,"uss":143368192,"pss":1841405952,"swap":0},"24591":{"rss":3270758400,"vms":11439075328,"shared":180457472,"text":2322432,"lib":0,"data":9684680704,"dirty":0,"uss":106299392,"pss":1683111936,"swap":0}},"nvidia_draw_absolute":37.17,"nvidia_estimated_attributable_power_draw":37.17,"average_gpu_estimated_utilization_absolute":0.13,"per_gpu_average_estimated_utilization_absolute":{"(0, 24537)":{"sm":13,"mem":0,"enc":0,"dec":0}},"average_gpu_estimated_utilization_relative":1.0,"per_gpu_performance_state":{"0":"P2"},"per_gpu_power_draw":{"0":37.17},"cpu_count_adjusted_average_load":[0.17625,0.1725,0.16625],"realtime_carbon_intensity":336.704610597,"disk_write_speed":25.6035702094,"process_ids":[24537,24591]}
