{"timestamp":1572415880.614563942,"rapl_power_draw_absolute":75.7275430028,"rapl_estimated_attributable_power_draw":17.2746106993,"cpu_time_seconds":{"10240":{"user":0.0,"system":0.06,"children_user":0.0,"children_system":0.05},"10157":{"user":10.4,"system":2.6,"children_user":1.1,"children_system":0.32}},"average_relative_cpu_utilization":0.2278794686,"absolute_cpu_utilization":1.0035711281,"relative_mem_usage":0.2306151972,"absolute_mem_usage":3716722688.0,"absolute_mem_percent_usage":0.0275110529,"mem_info_per_process":{"10240":{"rss":3261816832,"vms":11437228032,"shared":173809664,"text":2322432,"lib":0,"data":9682833408,"dirty":0,"uss":99323904,"pss":1677006848,"swap":0},"10157":{"rss":3659980800,"vms":11437228032,"shared":572133376,"text":2322432,"lib":0,"data":9682833408,"dirty":0,"uss":115236864,"pss":1825155072,"swap":0}},"nvidia_draw_absolute":51.25,"nvidia_estimated_attributable_power_draw":51.25,"average_gpu_estimated_utilization_absolute":0.2866666667,"per_gpu_average_estimated_utilization_absolute":{"(0, 10157)":{"sm":28.6666666667,"mem":2.3333333333,"enc":0.0,"dec":0.0}},"average_gpu_estimated_utilization_relative":1.0,"per_gpu_performance_state":{"0":"P2"},"per_gpu_power_draw":{"0":51.25},"cpu_count_adjusted_average_load":[0.13375,0.14625,0.1515625],"realtime_carbon_intensity":339.5983864533,"disk_write_speed":25.0529431468,"process_ids":[10240,10157]}
{"timestamp":1572415888.945636034,"rapl_power_draw_absolute":77.1266326662,"rapl_estimated_attributable_power_draw":17.7839646129,"cpu_time_seconds":{"10240":{"user":0.18,"system":0.37,"children_user":0.0,"children_system":0.32},"10157":{"user":18.72,"system":2.61,"children_user":1.1,"children_system":0.32}},"average_relative_cpu_utilization":0.2303991793,"absolute_cpu_utilization":0.9985752801,"relative_mem_usage":0.2324149233,"absolute_mem_usage":3748226048.0,"absolute_mem_percent_usage":0.0277442397,"mem_info_per_process":{"10240":{"rss":3268464640,"vms":11437228032,"shared":180441088,"text":2322432,"lib":0,"data":9682833408,"dirty":0,"uss":109756416,"pss":1683559424,"swap":0},"10157":{"rss":3659980800,"vms":11437228032,"shared":572133376,"text":2322432,"lib":0,"data":9682833408,"dirty":0,"uss":125038592,"pss":1829871616,"swap":0}},"nvidia_draw_absolute":51.54,"nvidia_estimated_attributable_power_draw":51.54,"average_gpu_estimated_utilization_absolute":0.295,"per_gpu_average_estimated_utilization_absolute":{"(0, 10157)":{"sm":29.5,"mem":3.0,"enc":0.0,"dec":0.0}},"average_gpu_estimated_utilization_relative":1.0,"per_gpu_performance_state":{"0":"P2"},"per_gpu_power_draw":{"0":51.54},"cpu_count_adjusted_average_load":[0.1396875,0.146875,0.151875],"realtime_carbon_intensity":339.5983864533,"disk_write_speed":30.1058923491,"process_ids":[10240,10157]}
{"timestamp":1572415897.1989910603,"rapl_power_draw_absolute":76.918651129,"rapl_estimated_attributable_power_draw":18.1599026079,"cpu_time_seconds":{"10240":{"user":0.32,"system":0.69,"children_user":0.02,"children_system":0.6},"10157":{"user":26.98,"system":2.62,"children_user":1.1,"children_system":0.32}},"average_relative_cpu_utilization":0.2364516229,"absolute_cpu_utilization":1.003598604,"relative_mem_usage":0.2323862523,"absolute_mem_usage":3749836800.0,"absolute_mem_percent_usage":0.0277561624,"mem_info_per_process":{"10240":{"rss":3268464640,"vms":11437228032,"shared":180441088,"text":2322432,"lib":0,"data":9682833408,"dirty":0,"uss":110559232,"pss":1683960832,"swap":0},"10157":{"rss":3659980800,"vms":11437228032,"shared":572133376,"text":2322432,"lib":0,"data":9682833408,"dirty":0,"uss":125386752,"pss":1829929984,"swap":0}},"nvidia_draw_absolute":50.83,"nvidia_estimated_attributable_power_draw":50.83,"average_gpu_estimated_utilization_absolute":0.29,"per_gpu_average_estimated_utilization_absolute":{"(0, 10157)":{"sm":29.0,"mem":2.5,"enc":0.0,"dec":0.0}},"average_gpu_estimated_utilization_relative":1.0,"per_gpu_performance_state":{"0":"P2"},"per_gpu_power_draw":{"0":50.83},"cpu_count_adjusted_average_load":[0.1409375,0.1471875,0.151875],"realtime_carbon_intensity":339.5983864533,"disk_write_speed":31.2264094931,"process_ids":[10240,10157]}
{"timestamp":1572415905.4620809555,"rapl_power_draw_absolute":76.8859146013,"rapl_estimated_attributable_power_draw":18.1729493089,"cpu_time_seconds":{"10240":{"user":0.46,"system":1.03,"children_user":0.03,"children_system":0.88},"10157":{"user":35.21,"system":2.65,"children_user":1.1,"children_system":0.32}},"average_relative_cpu_utilization":0.2367426206,"absolute_cpu_utilization":1.0036772783,"relative_mem_usage":0.2324894659,"absolute_mem_usage":3750216704.0,"absolute_mem_percent_usage":0.0277589744,"mem_info_per_process":{"10240":{"rss":3268464640,"vms":11437228032,"shared":180441088,"text":2322432,"lib":0,"data":9682833408,"dirty":0,"uss":110731264,"pss":1684046848,"swap":0},"10157":{"rss":3659980800,"vms":11437228032,"shared":572133376,"text":2322432,"lib":0,"data":9682833408,"dirty":0,"uss":125390848,"pss":1830047744,"swap":0}},"nvidia_draw_absolute":50.41,"nvidia_estimated_attributable_power_draw":50.41,"average_gpu_estimated_utilization_absolute":0.29,"per_gpu_average_estimated_utilization_absolute":{"(0, 10157)":{"sm":29.0,"mem":2.5,"enc":0.0,"dec":0.0}},"average_gpu_estimated_utilization_relative":1.0,"per_gpu_performance_state":{"0":"P2"},"per_gpu_power_draw":{"0":50.41},"cpu_count_adjusted_average_load":[0.1459375,0.148125,0.1521875],"realtime_carbon_intensity":339.5983864533,"disk_write_speed":25.9991445823,"process_ids":[10240,10157]}
{"timestamp":1572415913.7263109684,"rapl_power_draw_absolute":76.0428798132,"rapl_estimated_attributable_power_draw":18.0302465091,"cpu_time_seconds":{"10240":{"user":0.6,"system":1.33,"children_user":0.04,"children_system":1.16},"10157":{"user":43.47,"system":2.66,"children_user":1.1,"children_system":0.32}},"average_relative_cpu_utilization":0.2375747147,"absolute_cpu_utilization":1.0035779078,"relative_mem_usage":0.2324565234,"absolute_mem_usage":3750228992.0,"absolute_mem_percent_usage":0.0277590654,"mem_info_per_process":{"10240":{"rss":3268464640,"vms":11437228032,"shared":180441088,"text":2322432,"lib":0,"data":9682833408,"dirty":0,"uss":110735360,"pss":1684048896,"swap":0},"10157":{"rss":3659980800,"vms":11437228032,"shared":572133376,"text":2322432,"lib":0,"data":9682833408,"dirty":0,"uss":125394944,"pss":1830049792,"swap":0}},"nvidia_draw_absolute":51.21,"nvidia_estimated_attributable_power_draw":51.21,"average_gpu_estimated_utilization_absolute":0.295,"per_gpu_average_estimated_utilization_absolute":{"(0, 10157)":{"sm":29.5,"mem":3.0,"enc":0.0,"dec":0.0}},"average_gpu_estimated_utilization_relative":1.0,"per_gpu_performance_state":{"0":"P2"},"per_gpu_power_draw":{"0":51.21},"cpu_count_adjusted_average_load":[0.1428125,0.1471875,0.151875],"realtime_carbon_intensity":339.5983864533,"disk_write_speed":15.7919558731,"process_ids":[10240,10157]}
{"timestamp":1572415921.8976860046,"rapl_power_draw_absolute":75.762002587,"rapl_estimated_attributable_power_draw":19.0688665767,"cpu_time_seconds":{"10240":{"user":0.74,"system":1.6,"children_user":0.04,"children_system":1.42},"10157":{"user":51.63,"system":2.67,"children_user":1.1,"children_system":0.32}},"average_relative_cpu_utilization":0.2466194932,"absolute_cpu_utilization":1.0043978282,"relative_mem_usage":0.3016443161,"absolute_mem_usage":3830700032.0,"absolute_mem_percent_usage":0.0283547093,"mem_info_per_process":{"10240":{"rss":3268464640,"vms":11437228032,"shared":180441088,"text":2322432,"lib":0,"data":9682833408,"dirty":0,"uss":110854144,"pss":1685383168,"swap":0},"10157":{"rss":3659980800,"vms":11437228032,"shared":572133376,"text":2322432,"lib":0,"data":9682833408,"dirty":0,"uss":140128256,"pss":1894334464,"swap":0}},"nvidia_draw_absolute":51.13,"nvidia_estimated_attributable_power_draw":51.13,"average_gpu_estimated_utilization_absolute":0.29,"per_gpu_average_estimated_utilization_absolute":{"(0, 10157)":{"sm":29.0,"mem":2.5,"enc":0.0,"dec":0.0}},"average_gpu_estimated_utilization_relative":1.0,"per_gpu_performance_state":{"0":"P2"},"per_gpu_power_draw":{"0":51.13},"cpu_count_adjusted_average_load":[0.13875,0.14625,0.1515625],"realtime_carbon_intensity":339.5983864533,"disk_write_speed":30.4915275646,"process_ids":[10240,10157]}
{"timestamp":1572415930.1653790474,"rapl_power_draw_absolute":73.5919085926,"rapl_estimated_attributable_power_draw":20.3540629666,"cpu_time_seconds":{"10240":{"user":0.86,"system":1.92,"children_user":0.06,"children_system":1.69},"10157":{"user":59.89,"system":2.68,"children_user":1.1,"children_system":0.32}},"average_relative_cpu_utilization":0.2739598287,"absolute_cpu_utilization":0.9986229529,"relative_mem_usage":0.3010405789,"absolute_mem_usage":3830675456.0,"absolute_mem_percent_usage":0.0283545273,"mem_info_per_process":{"10240":{"rss":3268464640,"vms":11437228032,"shared":180441088,"text":2322432,"lib":0,"data":9682833408,"dirty":0,"uss":110858240,"pss":1685381120,"swap":0},"10157":{"rss":3659980800,"vms":11437228032,"shared":572133376,"text":2322432,"lib":0,"data":9682833408,"dirty":0,"uss":140124160,"pss":1894311936,"swap":0}},"nvidia_draw_absolute":50.7,"nvidia_estimated_attributable_power_draw":50.7,"average_gpu_estimated_utilization_absolute":0.29,"per_gpu_average_estimated_utilization_absolute":{"(0, 10157)":{"sm":29,"mem":3,"enc":0,"dec":0}},"average_gpu_estimated_utilization_relative":1.0,"per_gpu_performance_state":{"0":"P2"},"per_gpu_power_draw":{"0":50.7},"cpu_count_adjusted_average_load":[0.136875,0.145625,0.15125],"realtime_carbon_intensity":339.5983864533,"disk_write_speed":24.4148385895,"process_ids":[10240,10157]}
{"timestamp":1572415938.4174749851,"rapl_power_draw_absolute":72.4157817217,"rapl_estimated_attributable_power_draw":20.1150926368,"cpu_time_seconds":{"10240":{"user":1.01,"system":2.24,"children_user":0.08,"children_system":1.93},"10157":{"user":68.13,"system":2.7,"children_user":1.1,"children_system":0.32}},"average_relative_cpu_utilization":0.2754582763,"absolute_cpu_utilization":0.9986040548,"relative_mem_usage":0.2987846289,"absolute_mem_usage":3813080064.0,"absolute_mem_percent_usage":0.0282242869,"mem_info_per_process":{"10240":{"rss":3268464640,"vms":11437228032,"shared":180441088,"text":2322432,"lib":0,"data":9682833408,"dirty":0,"uss":110866432,"pss":1684730880,"swap":0},"10157":{"rss":3659980800,"vms":11437228032,"shared":572133376,"text":2322432,"lib":0,"data":9682833408,"dirty":0,"uss":139026432,"pss":1878456320,"swap":0}},"nvidia_draw_absolute":51.76,"nvidia_estimated_attributable_power_draw":51.76,"average_gpu_estimated_utilization_absolute":0.2833333333,"per_gpu_average_estimated_utilization_absolute":{"(0, 10157)":{"sm":28.3333333333,"mem":2.3333333333,"enc":0.0,"dec":0.0}},"average_gpu_estimated_utilization_relative":1.0,"per_gpu_performance_state":{"0":"P2"},"per_gpu_power_draw":{"0":51.76},"cpu_count_adjusted_average_load":[0.135,0.145,0.1509375],"realtime_carbon_intensity":339.5983864533,"disk_write_speed":24.0175648128,"process_ids":[10240,10157]}
{"timestamp":1572415946.7799129486,"rapl_power_draw_absolute":74.4139566632,"rapl_estimated_attributable_power_draw":18.8715138551,"cpu_time_seconds":{"10240":{"user":1.18,"system":2.55,"children_user":0.1,"children_system":2.22},"10157":{"user":76.48,"system":2.71,"children_user":1.1,"children_system":0.32}},"average_relative_cpu_utilization":0.2557342992,"absolute_cpu_utilization":0.9986104389,"relative_mem_usage":0.2347777764,"absolute_mem_usage":3760768000.0,"absolute_mem_percent_usage":0.0278370748,"mem_info_per_process":{"10240":{"rss":3268464640,"vms":11437228032,"shared":180441088,"text":2322432,"lib":0,"data":9682833408,"dirty":0,"uss":110870528,"pss":1684688896,"swap":0},"10157":{"rss":3659980800,"vms":11437228032,"shared":572133376,"text":2322432,"lib":0,"data":9682833408,"dirty":0,"uss":131678208,"pss":1833530368,"swap":0}},"nvidia_draw_absolute":50.28,"nvidia_estimated_attributable_power_draw":50.28,"average_gpu_estimated_utilization_absolute":0.29,"per_gpu_average_estimated_utilization_absolute":{"(0, 10157)":{"sm":29.0,"mem":2.5,"enc":0.0,"dec":0.0}},"average_gpu_estimated_utilization_relative":1.0,"per_gpu_performance_state":{"0":"P2"},"per_gpu_power_draw":{"0":50.28},"cpu_count_adjusted_average_load":[0.1340625,0.1446875,0.150625],"realtime_carbon_intensity":339.3663136256,"disk_write_speed":27.8854214304,"process_ids":[10240,10157]}
{"timestamp":1572415955.0950500965,"rapl_power_draw_absolute":77.3775349349,"rapl_estimated_attributable_power_draw":18.2308373146,"cpu_time_seconds":{"10240":{"user":1.34,"system":2.88,"children_user":0.1,"children_system":2.5},"10157":{"user":84.78,"system":2.73,"children_user":1.1,"children_system":0.32}},"average_relative_cpu_utilization":0.2358423956,"absolute_cpu_utilization":0.9986775335,"relative_mem_usage":0.2332438152,"absolute_mem_usage":3759861760.0,"absolute_mem_percent_usage":0.0278303668,"mem_info_per_process":{"10240":{"rss":3268464640,"vms":11437228032,"shared":180441088,"text":2322432,"lib":0,"data":9682833408,"dirty":0,"uss":110796800,"pss":1684143104,"swap":0},"10157":{"rss":3659980800,"vms":11437228032,"shared":572133376,"text":2322432,"lib":0,"data":9682833408,"dirty":0,"uss":131686400,"pss":1833235456,"swap":0}},"nvidia_draw_absolute":51.44,"nvidia_estimated_attributable_power_draw":51.44,"average_gpu_estimated_utilization_absolute":0.29,"per_gpu_average_estimated_utilization_absolute":{"(0, 10157)":{"sm":29.0,"mem":2.5,"enc":0.0,"dec":0.0}},"average_gpu_estimated_utilization_relative":1.0,"per_gpu_performance_state":{"0":"P2"},"per_gpu_power_draw":{"0":51.44},"cpu_count_adjusted_average_load":[0.1328125,0.1440625,0.1503125],"realtime_carbon_intensity":339.3663136256,"disk_write_speed":21.017079296,"process_ids":[10240,10157]}
{"timestamp":1572415963.3392701149,"rapl_power_draw_absolute":77.6857891179,"rapl_estimated_attributable_power_draw":18.5453235787,"cpu_time_seconds":{"10240":{"user":1.48,"system":3.24,"children_user":0.12,"children_system":2.75},"10157":{"user":93.01,"system":2.75,"children_user":1.1,"children_system":0.32}},"average_relative_cpu_utilization":0.2392794381,"absolute_cpu_utilization":1.0036881651,"relative_mem_usage":0.2331363662,"absolute_mem_usage":3759821824.0,"absolute_mem_percent_usage":0.0278300712,"mem_info_per_process":{"10240":{"rss":3268464640,"vms":11437228032,"shared":180441088,"text":2322432,"lib":0,"data":9682833408,"dirty":0,"uss":110800896,"pss":1684109312,"swap":0},"10157":{"rss":3659980800,"vms":11437228032,"shared":572133376,"text":2322432,"lib":0,"data":9682833408,"dirty":0,"uss":131690496,"pss":1833221120,"swap":0}},"nvidia_draw_absolute":50.72,"nvidia_estimated_attributable_power_draw":50.72,"average_gpu_estimated_utilization_absolute":0.29,"per_gpu_average_estimated_utilization_absolute":{"(0, 10157)":{"sm":29,"mem":2,"enc":0,"dec":0}},"average_gpu_estimated_utilization_relative":1.0,"per_gpu_performance_state":{"0":"P2"},"per_gpu_power_draw":{"0":50.72},"cpu_count_adjusted_average_load":[0.1315625,0.1434375,0.1503125],"realtime_carbon_intensity":339.3663136256,"disk_write_speed":31.2397391477,"process_ids":[10240,10157]}
{"timestamp":1572415971.608191967,"rapl_power_draw_absolute":77.7464067854,"rapl_estimated_attributable_power_draw":18.5190634154,"cpu_time_seconds":{"10240":{"user":1.62,"system":3.58,"children_user":0.12,"children_system":3.04},"10157":{"user":101.27,"system":2.77,"children_user":1.1,"children_system":0.32}},"average_relative_cpu_utilization":0.2387007403,"absolute_cpu_utilization":1.0036200682,"relative_mem_usage":0.2330170016,"absolute_mem_usage":3759738880.0,"absolute_mem_percent_usage":0.0278294573,"mem_info_per_process":{"10240":{"rss":3268464640,"vms":11437228032,"shared":180441088,"text":2322432,"lib":0,"data":9682833408,"dirty":0,"uss":110804992,"pss":1684111360,"swap":0},"10157":{"rss":3659980800,"vms":11437228032,"shared":572133376,"text":2322432,"lib":0,"data":9682833408,"dirty":0,"uss":131694592,"pss":1833127936,"swap":0}},"nvidia_draw_absolute":50.73,"nvidia_estimated_attributable_power_draw":50.73,"average_gpu_estimated_utilization_absolute":0.29,"per_gpu_average_estimated_utilization_absolute":{"(0, 10157)":{"sm":29.0,"mem":2.5,"enc":0.0,"dec":0.0}},"average_gpu_estimated_utilization_relative":1.0,"per_gpu_performance_state":{"0":"P2"},"per_gpu_power_draw":{"0":50.73},"cpu_count_adjusted_average_load":[0.1309375,0.143125,0.15],"realtime_carbon_intensity":339.3663136256,"disk_write_speed":32.660732741,"process_ids":[10240,10157]}
{"timestamp":1572415979.9059660435,"rapl_power_draw_absolute":77.835673152,"rapl_estimated_attributable_power_draw":18.5612563568,"cpu_time_seconds":{"10240":{"user":1.81,"system":3.92,"children_user":0.14,"children_system":3.31},"10157":{"user":109.54,"system":2.8,"children_user":1.1,"children_system":0.32}},"average_relative_cpu_utilization":0.2389922998,"absolute_cpu_utilization":1.003649296,"relative_mem_usage":0.2330146281,"absolute_mem_usage":3759751168.0,"absolute_mem_percent_usage":0.0278295482,"mem_info_per_process":{"10240":{"rss":3268464640,"vms":11437228032,"shared":180441088,"text":2322432,"lib":0,"data":9682833408,"dirty":0,"uss":110809088,"pss":1684113408,"swap":0},"10157":{"rss":3659980800,"vms":11437228032,"shared":572133376,"text":2322432,"lib":0,"data":9682833408,"dirty":0,"uss":131698688,"pss":1833129984,"swap":0}},"nvidia_draw_absolute":50.23,"nvidia_estimated_attributable_power_draw":50.23,"average_gpu_estimated_utilization_absolute":0.2933333333,"per_gpu_average_estimated_utilization_absolute":{"(0, 10157)":{"sm":29.3333333333,"mem":2.6666666667,"enc":0.0,"dec":0.0}},"average_gpu_estimated_utilization_relative":1.0,"per_gpu_performance_state":{"0":"P2"},"per_gpu_power_draw":{"0":50.23},"cpu_count_adjusted_average_load":[0.1325,0.1428125,0.15],"realtime_carbon_intensity":339.3663136256,"disk_write_speed":17.5495196617,"process_ids":[10240,10157]}
{"timestamp":1572415988.1632239819,"rapl_power_draw_absolute":76.3744179956,"rapl_estimated_attributable_power_draw":18.1891317951,"cpu_time_seconds":{"10240":{"user":1.93,"system":4.27,"children_user":0.15,"children_system":3.58},"10157":{"user":117.79,"system":2.8,"children_user":1.1,"children_system":0.32}},"average_relative_cpu_utilization":0.2386567455,"absolute_cpu_utilization":0.9986897909,"relative_mem_usage":0.2331370112,"absolute_mem_usage":3759862784.0,"absolute_mem_percent_usage":0.0278303744,"mem_info_per_process":{"10240":{"rss":3268464640,"vms":11437228032,"shared":180441088,"text":2322432,"lib":0,"data":9682833408,"dirty":0,"uss":110813184,"pss":1684115456,"swap":0},"10157":{"rss":3659980800,"vms":11437228032,"shared":572133376,"text":2322432,"lib":0,"data":9682833408,"dirty":0,"uss":131702784,"pss":1833231360,"swap":0}},"nvidia_draw_absolute":51.48,"nvidia_estimated_attributable_power_draw":51.48,"average_gpu_estimated_utilization_absolute":0.29,"per_gpu_average_estimated_utilization_absolute":{"(0, 10157)":{"sm":29,"mem":3,"enc":0,"dec":0}},"average_gpu_estimated_utilization_relative":1.0,"per_gpu_performance_state":{"0":"P2"},"per_gpu_power_draw":{"0":51.48},"cpu_count_adjusted_average_load":[0.1340625,0.1428125,0.1496875],"realtime_carbon_intensity":339.3663136256,"disk_write_speed":17.2890170075,"process_ids":[10240,10157]}
{"timestamp":1572415996.4343841076,"rapl_power_draw_absolute":77.9772945677,"rapl_estimated_attributable_power_draw":18.5545173581,"cpu_time_seconds":{"10240":{"user":2.07,"system":4.61,"children_user":0.16,"children_system":3.87},"10157":{"user":126.07,"system":2.8,"children_user":1.1,"children_system":0.32}},"average_relative_cpu_utilization":0.2384189672,"absolute_cpu_utilization":1.0036098904,"relative_mem_usage":0.233148491,"absolute_mem_usage":3759875072.0,"absolute_mem_percent_usage":0.0278304653,"mem_info_per_process":{"10240":{"rss":3268464640,"vms":11437228032,"shared":180441088,"text":2322432,"lib":0,"data":9682833408,"dirty":0,"uss":110817280,"pss":1684117504,"swap":0},"10157":{"rss":3659980800,"vms":11437228032,"shared":572133376,"text":2322432,"lib":0,"data":9682833408,"dirty":0,"uss":131706880,"pss":1833233408,"swap":0}},"nvidia_draw_absolute":51.29,"nvidia_estimated_attributable_power_draw":51.29,"average_gpu_estimated_utilization_absolute":0.29,"per_gpu_average_estimated_utilization_absolute":{"(0, 10157)":{"sm":29,"mem":2,"enc":0,"dec":0}},"average_gpu_estimated_utilization_relative":1.0,"per_gpu_performance_state":{"0":"P2"},"per_gpu_power_draw":{"0":51.29},"cpu_count_adjusted_average_load":[0.133125,0.1425,0.1496875],"realtime_carbon_intensity":339.3663136256,"disk_write_speed":21.1007525179,"process_ids":[10240,10157]}
{"timestamp":1572416004.7025949955,"rapl_power_draw_absolute":77.8381496551,"rapl_estimated_attributable_power_draw":18.1621580302,"cpu_time_seconds":{"10240":{"user":2.2,"system":4.94,"children_user":0.16,"children_system":4.17},"10157":{"user":134.32,"system":2.82,"children_user":1.1,"children_system":0.32}},"average_relative_cpu_utilization":0.2333520834,"absolute_cpu_utilization":0.9985631313,"relative_mem_usage":0.2331365811,"absolute_mem_usage":3759887360.0,"absolute_mem_percent_usage":0.0278305563,"mem_info_per_process":{"10240":{"rss":3268464640,"vms":11437228032,"shared":180441088,"text":2322432,"lib":0,"data":9682833408,"dirty":0,"uss":110821376,"pss":1684119552,"swap":0},"10157":{"rss":3659980800,"vms":11437228032,"shared":572133376,"text":2322432,"lib":0,"data":9682833408,"dirty":0,"uss":131710976,"pss":1833235456,"swap":0}},"nvidia_draw_absolute":50.96,"nvidia_estimated_attributable_power_draw":50.96,"average_gpu_estimated_utilization_absolute":0.2933333333,"per_gpu_average_estimated_utilization_absolute":{"(0, 10157)":{"sm":29.3333333333,"mem":2.6666666667,"enc":0.0,"dec":0.0}},"average_gpu_estimated_utilization_relative":1.0,"per_gpu_performance_state":{"0":"P2"},"per_gpu_power_draw":{"0":50.96},"cpu_count_adjusted_average_load":[0.14125,0.1440625,0.15],"realtime_carbon_intensity":339.3663136256,"disk_write_speed":23.1980815312,"process_ids":[10240,10157]}
{"timestamp":1572416012.9602339268,"rapl_power_draw_absolute":77.9072183501,"rapl_estimated_attributable_power_draw":17.9129633613,"cpu_time_seconds":{"10240":{"user":2.35,"system":5.27,"children_user":0.18,"children_system":4.43},"10157":{"user":142.56,"system":2.84,"children_user":1.1,"children_system":0.32}},"average_relative_cpu_utilization":0.2296011118,"absolute_cpu_utilization":0.9985596842,"relative_mem_usage":0.2331601417,"absolute_mem_usage":3759899648.0,"absolute_mem_percent_usage":0.0278306473,"mem_info_per_process":{"10240":{"rss":3268464640,"vms":11437228032,"shared":180441088,"text":2322432,"lib":0,"data":9682833408,"dirty":0,"uss":110825472,"pss":1684121600,"swap":0},"10157":{"rss":3659980800,"vms":11437228032,"shared":572133376,"text":2322432,"lib":0,"data":9682833408,"dirty":0,"uss":131715072,"pss":1833237504,"swap":0}},"nvidia_draw_absolute":51.19,"nvidia_estimated_attributable_power_draw":51.19,"average_gpu_estimated_utilization_absolute":0.2933333333,"per_gpu_average_estimated_utilization_absolute":{"(0, 10157)":{"sm":29.3333333333,"mem":2.6666666667,"enc":0.0,"dec":0.0}},"average_gpu_estimated_utilization_relative":1.0,"per_gpu_performance_state":{"0":"P2"},"per_gpu_power_draw":{"0":51.19},"cpu_count_adjusted_average_load":[0.14,0.14375,0.15],"realtime_carbon_intensity":339.3663136256,"disk_write_speed":20.8839970668,"process_ids":[10240,10157]}
{"timestamp":1572416021.206756115,"rapl_power_draw_absolute":77.9758682182,"rapl_estimated_attributable_power_draw":17.8286061426,"cpu_time_seconds":{"10240":{"user":2.49,"system":5.59,"children_user":0.2,"children_system":4.68},"10157":{"user":150.79,"system":2.86,"children_user":1.1,"children_system":0.32}},"average_relative_cpu_utilization":0.2281975623,"absolute_cpu_utilization":0.9942819096,"relative_mem_usage":0.2331604892,"absolute_mem_usage":3759911936.0,"absolute_mem_percent_usage":0.0278307382,"mem_info_per_process":{"10240":{"rss":3268464640,"vms":11437228032,"shared":180441088,"text":2322432,"lib":0,"data":9682833408,"dirty":0,"uss":110829568,"pss":1684123648,"swap":0},"10157":{"rss":3659980800,"vms":11437228032,"shared":572133376,"text":2322432,"lib":0,"data":9682833408,"dirty":0,"uss":131719168,"pss":1833239552,"swap":0}},"nvidia_draw_absolute":49.59,"nvidia_estimated_attributable_power_draw":49.59,"average_gpu_estimated_utilization_absolute":0.29,"per_gpu_average_estimated_utilization_absolute":{"(0, 10157)":{"sm":29,"mem":3,"enc":0,"dec":0}},"average_gpu_estimated_utilization_relative":1.0,"per_gpu_performance_state":{"0":"P2"},"per_gpu_power_draw":{"0":49.59},"cpu_count_adjusted_average_load":[0.14,0.14375,0.15],"realtime_carbon_intensity":339.3663136256,"disk_write_speed":24.6021878758,"process_ids":[10240,10157]}
{"timestamp":1572416029.4424550533,"rapl_power_draw_absolute":78.8127808454,"rapl_estimated_attributable_power_draw":18.1017762585,"cpu_time_seconds":{"10240":{"user":2.65,"system":5.91,"children_user":0.21,"children_system":4.96},"10157":{"user":159.03,"system":2.86,"children_user":1.1,"children_system":0.32}},"average_relative_cpu_utilization":0.2293452103,"absolute_cpu_utilization":0.9986092947,"relative_mem_usage":0.2331484004,"absolute_mem_usage":3759924224.0,"absolute_mem_percent_usage":0.0278308292,"mem_info_per_process":{"10240":{"rss":3268464640,"vms":11437228032,"shared":180441088,"text":2322432,"lib":0,"data":9682833408,"dirty":0,"uss":110833664,"pss":1684125696,"swap":0},"10157":{"rss":3659980800,"vms":11437228032,"shared":572133376,"text":2322432,"lib":0,"data":9682833408,"dirty":0,"uss":131723264,"pss":1833241600,"swap":0}},"nvidia_draw_absolute":50.39,"nvidia_estimated_attributable_power_draw":50.39,"average_gpu_estimated_utilization_absolute":0.29,"per_gpu_average_estimated_utilization_absolute":{"(0, 10157)":{"sm":29,"mem":2,"enc":0,"dec":0}},"average_gpu_estimated_utilization_relative":1.0,"per_gpu_performance_state":{"0":"P2"},"per_gpu_power_draw":{"0":50.39},"cpu_count_adjusted_average_load":[0.1453125,0.1446875,0.15],"realtime_carbon_intensity":339.3663136256,"disk_write_speed":21.9346714221,"process_ids":[10240,10157]}
