{"timestamp":1572411772.0058889389,"rapl_power_draw_absolute":87.5285098813,"rapl_estimated_attributable_power_draw":19.8777545231,"cpu_time_seconds":{"7077":{"user":12.98,"system":4.33,"children_user":0.08,"children_system":0.15},"7262":{"user":0.0,"system":0.04,"children_user":0.0,"children_system":0.04}},"average_relative_cpu_utilization":0.2367403456,"absolute_cpu_utilization":1.0037575392,"relative_mem_usage":0.1450340953,"absolute_mem_usage":3496370176.0,"absolute_mem_percent_usage":0.0258800614,"mem_info_per_process":{"7077":{"rss":3655856128,"vms":12017172480,"shared":565444608,"text":2322432,"lib":0,"data":10289369088,"dirty":0,"uss":39956480,"pss":1786008576,"swap":0},"7262":{"rss":3264286720,"vms":12017172480,"shared":173867008,"text":2322432,"lib":0,"data":10289369088,"dirty":0,"uss":27881472,"pss":1642523648,"swap":0}},"nvidia_draw_absolute":158.52,"nvidia_estimated_attributable_power_draw":158.52,"average_gpu_estimated_utilization_absolute":0.98,"per_gpu_average_estimated_utilization_absolute":{"(0, 7077)":{"sm":98,"mem":70,"enc":0,"dec":0}},"average_gpu_estimated_utilization_relative":1.0,"per_gpu_performance_state":{"0":"P2"},"per_gpu_power_draw":{"0":158.52},"cpu_count_adjusted_average_load":[0.1459375,0.1559375,0.1571875],"realtime_carbon_intensity":337.461173778,"disk_write_speed":39.7645019938,"process_ids":[7077,7262]}
{"timestamp":1572411780.0242459774,"rapl_power_draw_absolute":87.6389029721,"rapl_estimated_attributable_power_draw":19.895013131,"cpu_time_seconds":{"7077":{"user":19.38,"system":5.95,"children_user":0.08,"children_system":0.15},"7262":{"user":0.13,"system":0.22,"children_user":0.0,"children_system":0.19}},"average_relative_cpu_utilization":0.2367369435,"absolute_cpu_utilization":1.0037650246,"relative_mem_usage":0.1462176958,"absolute_mem_usage":3526074368.0,"absolute_mem_percent_usage":0.0260999313,"mem_info_per_process":{"7077":{"rss":3655856128,"vms":12017172480,"shared":565444608,"text":2322432,"lib":0,"data":10289369088,"dirty":0,"uss":49811456,"pss":1790766080,"swap":0},"7262":{"rss":3270627328,"vms":12017172480,"shared":180195328,"text":2322432,"lib":0,"data":10289369088,"dirty":0,"uss":37068800,"pss":1648428032,"swap":0}},"nvidia_draw_absolute":160.14,"nvidia_estimated_attributable_power_draw":160.14,"average_gpu_estimated_utilization_absolute":0.985,"per_gpu_average_estimated_utilization_absolute":{"(0, 7077)":{"sm":98.5,"mem":70.5,"enc":0.0,"dec":0.0}},"average_gpu_estimated_utilization_relative":1.0,"per_gpu_performance_state":{"0":"P2"},"per_gpu_power_draw":{"0":160.14},"cpu_count_adjusted_average_load":[0.145,0.1553125,0.1571875],"realtime_carbon_intensity":337.461173778,"disk_write_speed":29.8191359476,"process_ids":[7077,7262]}
{"timestamp":1572411787.9883499146,"rapl_power_draw_absolute":87.3754338987,"rapl_estimated_attributable_power_draw":19.8943999021,"cpu_time_seconds":{"7077":{"user":25.64,"system":7.66,"children_user":0.08,"children_system":0.15},"7262":{"user":0.23,"system":0.38,"children_user":0.0,"children_system":0.36}},"average_relative_cpu_utilization":0.2375764825,"absolute_cpu_utilization":1.0037960825,"relative_mem_usage":0.1462566862,"absolute_mem_usage":3527023616.0,"absolute_mem_percent_usage":0.0261069576,"mem_info_per_process":{"7077":{"rss":3655856128,"vms":12017172480,"shared":565444608,"text":2322432,"lib":0,"data":10289369088,"dirty":0,"uss":50368512,"pss":1791041536,"swap":0},"7262":{"rss":3270692864,"vms":12017172480,"shared":180260864,"text":2322432,"lib":0,"data":10289369088,"dirty":0,"uss":37138432,"pss":1648475136,"swap":0}},"nvidia_draw_absolute":161.23,"nvidia_estimated_attributable_power_draw":161.23,"average_gpu_estimated_utilization_absolute":0.985,"per_gpu_average_estimated_utilization_absolute":{"(0, 7077)":{"sm":98.5,"mem":70.5,"enc":0.0,"dec":0.0}},"average_gpu_estimated_utilization_relative":1.0,"per_gpu_performance_state":{"0":"P2"},"per_gpu_power_draw":{"0":161.23},"cpu_count_adjusted_average_load":[0.1459375,0.1553125,0.1571875],"realtime_carbon_intensity":337.461173778,"disk_write_speed":27.9691254971,"process_ids":[7077,7262]}
{"timestamp":1572411795.9525170326,"rapl_power_draw_absolute":87.5273035303,"rapl_estimated_attributable_power_draw":19.7751160842,"cpu_time_seconds":{"7077":{"user":32.12,"system":9.14,"children_user":0.08,"children_system":0.15},"7262":{"user":0.32,"system":0.56,"children_user":0.01,"children_system":0.52}},"average_relative_cpu_utilization":0.2352794599,"absolute_cpu_utilization":0.9987969045,"relative_mem_usage":0.1462550097,"absolute_mem_usage":3527035904.0,"absolute_mem_percent_usage":0.0261070485,"mem_info_per_process":{"7077":{"rss":3655856128,"vms":12017172480,"shared":565444608,"text":2322432,"lib":0,"data":10289369088,"dirty":0,"uss":50372608,"pss":1791043584,"swap":0},"7262":{"rss":3270692864,"vms":12017172480,"shared":180260864,"text":2322432,"lib":0,"data":10289369088,"dirty":0,"uss":37142528,"pss":1648477184,"swap":0}},"nvidia_draw_absolute":162.35,"nvidia_estimated_attributable_power_draw":162.35,"average_gpu_estimated_utilization_absolute":0.985,"per_gpu_average_estimated_utilization_absolute":{"(0, 7077)":{"sm":98.5,"mem":70.5,"enc":0.0,"dec":0.0}},"average_gpu_estimated_utilization_relative":1.0,"per_gpu_performance_state":{"0":"P2"},"per_gpu_power_draw":{"0":162.35},"cpu_count_adjusted_average_load":[0.15,0.1559375,0.1571875],"realtime_carbon_intensity":337.461173778,"disk_write_speed":35.7421206728,"process_ids":[7077,7262]}
{"timestamp":1572411803.9469239712,"rapl_power_draw_absolute":88.0283120927,"rapl_estimated_attributable_power_draw":19.7825432954,"cpu_time_seconds":{"7077":{"user":38.47,"system":10.78,"children_user":0.08,"children_system":0.15},"7262":{"user":0.44,"system":0.74,"children_user":0.01,"children_system":0.69}},"average_relative_cpu_utilization":0.2339021803,"absolute_cpu_utilization":0.9987811456,"relative_mem_usage":0.1462381076,"absolute_mem_usage":3527048192.0,"absolute_mem_percent_usage":0.0261071395,"mem_info_per_process":{"7077":{"rss":3655856128,"vms":12017172480,"shared":565444608,"text":2322432,"lib":0,"data":10289369088,"dirty":0,"uss":50376704,"pss":1791045632,"swap":0},"7262":{"rss":3270692864,"vms":12017172480,"shared":180260864,"text":2322432,"lib":0,"data":10289369088,"dirty":0,"uss":37146624,"pss":1648479232,"swap":0}},"nvidia_draw_absolute":161.82,"nvidia_estimated_attributable_power_draw":161.82,"average_gpu_estimated_utilization_absolute":0.985,"per_gpu_average_estimated_utilization_absolute":{"(0, 7077)":{"sm":98.5,"mem":70.5,"enc":0.0,"dec":0.0}},"average_gpu_estimated_utilization_relative":1.0,"per_gpu_performance_state":{"0":"P2"},"per_gpu_power_draw":{"0":161.82},"cpu_count_adjusted_average_load":[0.14625,0.1546875,0.156875],"realtime_carbon_intensity":337.461173778,"disk_write_speed":31.2598496278,"process_ids":[7077,7262]}
{"timestamp":1572411811.9156970978,"rapl_power_draw_absolute":88.2613022748,"rapl_estimated_attributable_power_draw":19.7378588541,"cpu_time_seconds":{"7077":{"user":44.99,"system":12.24,"children_user":0.08,"children_system":0.15},"7262":{"user":0.54,"system":0.92,"children_user":0.02,"children_system":0.85}},"average_relative_cpu_utilization":0.2328146055,"absolute_cpu_utilization":0.9987816269,"relative_mem_usage":0.1462464406,"absolute_mem_usage":3527060480.0,"absolute_mem_percent_usage":0.0261072304,"mem_info_per_process":{"7077":{"rss":3655856128,"vms":12017172480,"shared":565444608,"text":2322432,"lib":0,"data":10289369088,"dirty":0,"uss":50380800,"pss":1791047680,"swap":0},"7262":{"rss":3270692864,"vms":12017172480,"shared":180260864,"text":2322432,"lib":0,"data":10289369088,"dirty":0,"uss":37150720,"pss":1648481280,"swap":0}},"nvidia_draw_absolute":164.93,"nvidia_estimated_attributable_power_draw":164.93,"average_gpu_estimated_utilization_absolute":0.985,"per_gpu_average_estimated_utilization_absolute":{"(0, 7077)":{"sm":98.5,"mem":70.5,"enc":0.0,"dec":0.0}},"average_gpu_estimated_utilization_relative":1.0,"per_gpu_performance_state":{"0":"P2"},"per_gpu_power_draw":{"0":164.93},"cpu_count_adjusted_average_load":[0.146875,0.155,0.156875],"realtime_carbon_intensity":337.461173778,"disk_write_speed":39.5175115921,"process_ids":[7077,7262]}
{"timestamp":1572411819.9079749584,"rapl_power_draw_absolute":88.839733338,"rapl_estimated_attributable_power_draw":19.5840464546,"cpu_time_seconds":{"7077":{"user":51.47,"system":13.75,"children_user":0.08,"children_system":0.15},"7262":{"user":0.67,"system":1.1,"children_user":0.03,"children_system":1.01}},"average_relative_cpu_utilization":0.2293479862,"absolute_cpu_utilization":0.9987963396,"relative_mem_usage":0.1462388165,"absolute_mem_usage":3527085056.0,"absolute_mem_percent_usage":0.0261074124,"mem_info_per_process":{"7077":{"rss":3655856128,"vms":12017172480,"shared":565444608,"text":2322432,"lib":0,"data":10289369088,"dirty":0,"uss":50388992,"pss":1791051776,"swap":0},"7262":{"rss":3270692864,"vms":12017172480,"shared":180260864,"text":2322432,"lib":0,"data":10289369088,"dirty":0,"uss":37158912,"pss":1648485376,"swap":0}},"nvidia_draw_absolute":164.87,"nvidia_estimated_attributable_power_draw":164.87,"average_gpu_estimated_utilization_absolute":0.99,"per_gpu_average_estimated_utilization_absolute":{"(0, 7077)":{"sm":99,"mem":71,"enc":0,"dec":0}},"average_gpu_estimated_utilization_relative":1.0,"per_gpu_performance_state":{"0":"P2"},"per_gpu_power_draw":{"0":164.87},"cpu_count_adjusted_average_load":[0.1459375,0.154375,0.1565625],"realtime_carbon_intensity":337.461173778,"disk_write_speed":46.5960432154,"process_ids":[7077,7262]}
{"timestamp":1572411827.8886229992,"rapl_power_draw_absolute":88.2496558139,"rapl_estimated_attributable_power_draw":19.6164769634,"cpu_time_seconds":{"7077":{"user":57.75,"system":15.46,"children_user":0.08,"children_system":0.15},"7262":{"user":0.79,"system":1.3,"children_user":0.04,"children_system":1.18}},"average_relative_cpu_utilization":0.2312895686,"absolute_cpu_utilization":1.0037950105,"relative_mem_usage":0.1462617806,"absolute_mem_usage":3527097344.0,"absolute_mem_percent_usage":0.0261075033,"mem_info_per_process":{"7077":{"rss":3655856128,"vms":12017172480,"shared":565444608,"text":2322432,"lib":0,"data":10289369088,"dirty":0,"uss":50393088,"pss":1791053824,"swap":0},"7262":{"rss":3270692864,"vms":12017172480,"shared":180260864,"text":2322432,"lib":0,"data":10289369088,"dirty":0,"uss":37163008,"pss":1648487424,"swap":0}},"nvidia_draw_absolute":165.8,"nvidia_estimated_attributable_power_draw":165.8,"average_gpu_estimated_utilization_absolute":0.985,"per_gpu_average_estimated_utilization_absolute":{"(0, 7077)":{"sm":98.5,"mem":70.5,"enc":0.0,"dec":0.0}},"average_gpu_estimated_utilization_relative":1.0,"per_gpu_performance_state":{"0":"P2"},"per_gpu_power_draw":{"0":165.8},"cpu_count_adjusted_average_load":[0.1440625,0.1540625,0.1565625],"realtime_carbon_intensity":337.461173778,"disk_write_speed":30.0254775702,"process_ids":[7077,7262]}
{"timestamp":1572411835.8850009441,"rapl_power_draw_absolute":88.3904199344,"rapl_estimated_attributable_power_draw":19.6725338449,"cpu_time_seconds":{"7077":{"user":64.22,"system":16.98,"children_user":0.08,"children_system":0.15},"7262":{"user":0.89,"system":1.49,"children_user":0.04,"children_system":1.35}},"average_relative_cpu_utilization":0.2315542847,"absolute_cpu_utilization":1.0037903751,"relative_mem_usage":0.1462314632,"absolute_mem_usage":3527043072.0,"absolute_mem_percent_usage":0.0261071016,"mem_info_per_process":{"7077":{"rss":3655856128,"vms":12017172480,"shared":565444608,"text":2322432,"lib":0,"data":10289369088,"dirty":0,"uss":50413568,"pss":1790948352,"swap":0},"7262":{"rss":3270692864,"vms":12017172480,"shared":180260864,"text":2322432,"lib":0,"data":10289369088,"dirty":0,"uss":37183488,"pss":1648497664,"swap":0}},"nvidia_draw_absolute":166.18,"nvidia_estimated_attributable_power_draw":166.18,"average_gpu_estimated_utilization_absolute":0.99,"per_gpu_average_estimated_utilization_absolute":{"(0, 7077)":{"sm":99.0,"mem":70.5,"enc":0.0,"dec":0.0}},"average_gpu_estimated_utilization_relative":1.0,"per_gpu_performance_state":{"0":"P2"},"per_gpu_power_draw":{"0":166.18},"cpu_count_adjusted_average_load":[0.1434375,0.1534375,0.15625],"realtime_carbon_intensity":337.461173778,"disk_write_speed":19.2621841476,"process_ids":[7077,7262]}
{"timestamp":1572411843.8743000031,"rapl_power_draw_absolute":88.3003105337,"rapl_estimated_attributable_power_draw":19.695812939,"cpu_time_seconds":{"7077":{"user":70.63,"system":18.56,"children_user":0.08,"children_system":0.15},"7262":{"user":0.95,"system":1.67,"children_user":0.05,"children_system":1.51}},"average_relative_cpu_utilization":0.2320078514,"absolute_cpu_utilization":0.9987941489,"relative_mem_usage":0.146260279,"absolute_mem_usage":3527158784.0,"absolute_mem_percent_usage":0.0261079581,"mem_info_per_process":{"7077":{"rss":3655856128,"vms":12017172480,"shared":565444608,"text":2322432,"lib":0,"data":10289369088,"dirty":0,"uss":50413568,"pss":1791064064,"swap":0},"7262":{"rss":3270692864,"vms":12017172480,"shared":180260864,"text":2322432,"lib":0,"data":10289369088,"dirty":0,"uss":37183488,"pss":1648497664,"swap":0}},"nvidia_draw_absolute":167.33,"nvidia_estimated_attributable_power_draw":167.33,"average_gpu_estimated_utilization_absolute":0.99,"per_gpu_average_estimated_utilization_absolute":{"(0, 7077)":{"sm":99,"mem":71,"enc":0,"dec":0}},"average_gpu_estimated_utilization_relative":1.0,"per_gpu_performance_state":{"0":"P2"},"per_gpu_power_draw":{"0":167.33},"cpu_count_adjusted_average_load":[0.1453125,0.1534375,0.15625],"realtime_carbon_intensity":337.461173778,"disk_write_speed":40.1099426918,"process_ids":[7077,7262]}
{"timestamp":1572411851.8879859447,"rapl_power_draw_absolute":88.5126448276,"rapl_estimated_attributable_power_draw":19.8919395436,"cpu_time_seconds":{"7077":{"user":77.07,"system":20.14,"children_user":0.08,"children_system":0.15},"7262":{"user":1.08,"system":1.86,"children_user":0.05,"children_system":1.68}},"average_relative_cpu_utilization":0.2339774405,"absolute_cpu_utilization":1.0037951711,"relative_mem_usage":0.1462654093,"absolute_mem_usage":3527171072.0,"absolute_mem_percent_usage":0.026108049,"mem_info_per_process":{"7077":{"rss":3655856128,"vms":12017172480,"shared":565444608,"text":2322432,"lib":0,"data":10289369088,"dirty":0,"uss":50417664,"pss":1791066112,"swap":0},"7262":{"rss":3270692864,"vms":12017172480,"shared":180260864,"text":2322432,"lib":0,"data":10289369088,"dirty":0,"uss":37187584,"pss":1648499712,"swap":0}},"nvidia_draw_absolute":166.88,"nvidia_estimated_attributable_power_draw":166.88,"average_gpu_estimated_utilization_absolute":0.9866666667,"per_gpu_average_estimated_utilization_absolute":{"(0, 7077)":{"sm":98.6666666667,"mem":70.3333333333,"enc":0.0,"dec":0.0}},"average_gpu_estimated_utilization_relative":1.0,"per_gpu_performance_state":{"0":"P2"},"per_gpu_power_draw":{"0":166.88},"cpu_count_adjusted_average_load":[0.14375,0.153125,0.15625],"realtime_carbon_intensity":337.461173778,"disk_write_speed":37.030745033,"process_ids":[7077,7262]}
{"timestamp":1572411859.8973178864,"rapl_power_draw_absolute":88.9260263364,"rapl_estimated_attributable_power_draw":19.685236123,"cpu_time_seconds":{"7077":{"user":83.43,"system":21.78,"children_user":0.08,"children_system":0.15},"7262":{"user":1.2,"system":2.05,"children_user":0.06,"children_system":1.86}},"average_relative_cpu_utilization":0.2301361823,"absolute_cpu_utilization":0.9988023024,"relative_mem_usage":0.146264296,"absolute_mem_usage":3527191552.0,"absolute_mem_percent_usage":0.0261082006,"mem_info_per_process":{"7077":{"rss":3655856128,"vms":12017172480,"shared":565444608,"text":2322432,"lib":0,"data":10289369088,"dirty":0,"uss":50421760,"pss":1791068160,"swap":0},"7262":{"rss":3270696960,"vms":12017172480,"shared":180260864,"text":2322432,"lib":0,"data":10289369088,"dirty":0,"uss":37195776,"pss":1648505856,"swap":0}},"nvidia_draw_absolute":167.93,"nvidia_estimated_attributable_power_draw":167.93,"average_gpu_estimated_utilization_absolute":0.985,"per_gpu_average_estimated_utilization_absolute":{"(0, 7077)":{"sm":98.5,"mem":70.5,"enc":0.0,"dec":0.0}},"average_gpu_estimated_utilization_relative":1.0,"per_gpu_performance_state":{"0":"P2"},"per_gpu_power_draw":{"0":167.93},"cpu_count_adjusted_average_load":[0.145625,0.153125,0.15625],"realtime_carbon_intensity":337.461173778,"disk_write_speed":27.2109777651,"process_ids":[7077,7262]}
{"timestamp":1572411867.8739449978,"rapl_power_draw_absolute":88.7030983416,"rapl_estimated_attributable_power_draw":19.4137433124,"cpu_time_seconds":{"7077":{"user":89.85,"system":23.35,"children_user":0.08,"children_system":0.15},"7262":{"user":1.28,"system":2.23,"children_user":0.06,"children_system":2.02}},"average_relative_cpu_utilization":0.2276201301,"absolute_cpu_utilization":1.0037702634,"relative_mem_usage":0.1462664949,"absolute_mem_usage":3527203840.0,"absolute_mem_percent_usage":0.0261082916,"mem_info_per_process":{"7077":{"rss":3655856128,"vms":12017172480,"shared":565444608,"text":2322432,"lib":0,"data":10289369088,"dirty":0,"uss":50425856,"pss":1791070208,"swap":0},"7262":{"rss":3270696960,"vms":12017172480,"shared":180260864,"text":2322432,"lib":0,"data":10289369088,"dirty":0,"uss":37199872,"pss":1648507904,"swap":0}},"nvidia_draw_absolute":168.94,"nvidia_estimated_attributable_power_draw":168.94,"average_gpu_estimated_utilization_absolute":0.985,"per_gpu_average_estimated_utilization_absolute":{"(0, 7077)":{"sm":98.5,"mem":70.5,"enc":0.0,"dec":0.0}},"average_gpu_estimated_utilization_relative":1.0,"per_gpu_performance_state":{"0":"P2"},"per_gpu_power_draw":{"0":168.94},"cpu_count_adjusted_average_load":[0.1465625,0.153125,0.15625],"realtime_carbon_intensity":337.461173778,"disk_write_speed":44.1626348252,"process_ids":[7077,7262]}
{"timestamp":1572411875.8500349522,"rapl_power_draw_absolute":88.8710666089,"rapl_estimated_attributable_power_draw":19.3009541817,"cpu_time_seconds":{"7077":{"user":96.2,"system":24.97,"children_user":0.08,"children_system":0.15},"7262":{"user":1.42,"system":2.42,"children_user":0.06,"children_system":2.19}},"average_relative_cpu_utilization":0.2254615438,"absolute_cpu_utilization":0.9987467161,"relative_mem_usage":0.1462741725,"absolute_mem_usage":3527228416.0,"absolute_mem_percent_usage":0.0261084735,"mem_info_per_process":{"7077":{"rss":3655856128,"vms":12017172480,"shared":565444608,"text":2322432,"lib":0,"data":10289369088,"dirty":0,"uss":50434048,"pss":1791074304,"swap":0},"7262":{"rss":3270696960,"vms":12017172480,"shared":180260864,"text":2322432,"lib":0,"data":10289369088,"dirty":0,"uss":37208064,"pss":1648512000,"swap":0}},"nvidia_draw_absolute":169.27,"nvidia_estimated_attributable_power_draw":169.27,"average_gpu_estimated_utilization_absolute":0.99,"per_gpu_average_estimated_utilization_absolute":{"(0, 7077)":{"sm":99,"mem":71,"enc":0,"dec":0}},"average_gpu_estimated_utilization_relative":1.0,"per_gpu_performance_state":{"0":"P2"},"per_gpu_power_draw":{"0":169.27},"cpu_count_adjusted_average_load":[0.145625,0.1528125,0.1559375],"realtime_carbon_intensity":337.461173778,"disk_write_speed":29.6415288662,"process_ids":[7077,7262]}
{"timestamp":1572411883.8327729702,"rapl_power_draw_absolute":85.4795413004,"rapl_estimated_attributable_power_draw":23.1680515647,"cpu_time_seconds":{"7077":{"user":102.65,"system":26.5,"children_user":0.08,"children_system":0.15},"7262":{"user":1.51,"system":2.6,"children_user":0.08,"children_system":2.35}},"average_relative_cpu_utilization":0.2828697676,"absolute_cpu_utilization":0.998791213,"relative_mem_usage":0.1757744934,"absolute_mem_usage":3635495936.0,"absolute_mem_percent_usage":0.0269098675,"mem_info_per_process":{"7077":{"rss":3655856128,"vms":12017172480,"shared":565444608,"text":2322432,"lib":0,"data":10289369088,"dirty":0,"uss":83832832,"pss":1864174592,"swap":0},"7262":{"rss":3270696960,"vms":12017172480,"shared":180260864,"text":2322432,"lib":0,"data":10289369088,"dirty":0,"uss":37453824,"pss":1650034688,"swap":0}},"nvidia_draw_absolute":169.05,"nvidia_estimated_attributable_power_draw":169.05,"average_gpu_estimated_utilization_absolute":0.99,"per_gpu_average_estimated_utilization_absolute":{"(0, 7077)":{"sm":99,"mem":71,"enc":0,"dec":0}},"average_gpu_estimated_utilization_relative":1.0,"per_gpu_performance_state":{"0":"P2"},"per_gpu_power_draw":{"0":169.05},"cpu_count_adjusted_average_load":[0.1421875,0.151875,0.155625],"realtime_carbon_intensity":337.461173778,"disk_write_speed":19.1670948423,"process_ids":[7077,7262]}
