{"timestamp":1573520752.0924940109,"rapl_power_draw_absolute":59.477996891,"rapl_estimated_attributable_power_draw":12.9320415362,"cpu_time_seconds":{"15705":{"user":8.67,"system":2.89,"children_user":0.15,"children_system":0.14},"15781":{"user":0.02,"system":0.02,"children_user":0.0,"children_system":0.02}},"average_relative_cpu_utilization":0.2313991135,"absolute_cpu_utilization":0.9787038463,"relative_mem_usage":0.0679443141,"absolute_mem_usage":5298498560.0,"absolute_mem_percent_usage":0.0392193032,"mem_info_per_process":{"15705":{"rss":4515061760,"vms":11216150528,"shared":113778688,"text":2322432,"lib":0,"data":9834778624,"dirty":0,"uss":648257536,"pss":2579485696,"swap":0},"15781":{"rss":3931873280,"vms":10741596160,"shared":4538368,"text":2322432,"lib":0,"data":9360224256,"dirty":0,"uss":70344704,"pss":2000410624,"swap":0}},"nvidia_draw_absolute":35.89,"nvidia_estimated_attributable_power_draw":35.89,"average_gpu_estimated_utilization_absolute":0.0366666667,"per_gpu_average_estimated_utilization_absolute":{"(0, 0)":{"sm":0.0,"mem":0.0,"enc":0.0,"dec":0.0},"(0, 15705)":{"sm":3.6666666667,"mem":0.0,"enc":0.0,"dec":0.0}},"average_gpu_estimated_utilization_relative":1.0,"per_gpu_performance_state":{"0":"P2"},"per_gpu_power_draw":{"0":35.89},"cpu_count_adjusted_average_load":[0.1178125,0.1309375,0.1359375],"cpu_freq":[{"current":1899.937,"min":1200.0,"max":3200.0},{"current":2388.562,"min":1200.0,"max":3200.0},{"current":2179.875,"min":1200.0,"max":3200.0},{"current":1254.281,"min":1200.0,"max":3200.0},{"current":1265.531,"min":1200.0,"max":3200.0},{"current":1249.593,"min":1200.0,"max":3200.0},{"current":1494.843,"min":1200.0,"max":3200.0},{"current":1348.5,"min":1200.0,"max":3200.0},{"current":1212.0,"min":1200.0,"max":3200.0},{"current":1463.625,"min":1200.0,"max":3200.0},{"current":3159.843,"min":1200.0,"max":3200.0},{"current":1845.468,"min":1200.0,"max":3200.0},{"current":1200.187,"min":1200.0,"max":3200.0},{"current":1240.406,"min":1200.0,"max":3200.0},{"current":1200.093,"min":1200.0,"max":3200.0},{"current":1200.0,"min":1200.0,"max":3200.0},{"current":2391.562,"min":1200.0,"max":3200.0},{"current":2399.906,"min":1200.0,"max":3200.0},{"current":2400.0,"min":1200.0,"max":3200.0},{"current":1298.906,"min":1200.0,"max":3200.0},{"current":1208.156,"min":1200.0,"max":3200.0},{"current":1230.937,"min":1200.0,"max":3200.0},{"current":1371.562,"min":1200.0,"max":3200.0},{"current":1599.187,"min":1200.0,"max":3200.0},{"current":1200.656,"min":1200.0,"max":3200.0},{"current":1373.343,"min":1200.0,"max":3200.0},{"current":2610.468,"min":1200.0,"max":3200.0},{"current":1308.937,"min":1200.0,"max":3200.0},{"current":1765.218,"min":1200.0,"max":3200.0},{"current":1209.187,"min":1200.0,"max":3200.0},{"current":1247.156,"min":1200.0,"max":3200.0},{"current":1200.281,"min":1200.0,"max":3200.0}],"realtime_carbon_intensity":389.3518686997,"disk_write_speed":13.3140733586,"process_ids":[15705,15781]}
{"timestamp":1573520760.1816670895,"rapl_power_draw_absolute":66.3260178975,"rapl_estimated_attributable_power_draw":14.9265500781,"cpu_time_seconds":{"15705":{"user":15.14,"system":4.34,"children_user":0.15,"children_system":0.14},"15781":{"user":0.18,"system":0.13,"children_user":0.02,"children_system":0.19}},"average_relative_cpu_utilization":0.2315463922,"absolute_cpu_utilization":1.0036022236,"relative_mem_usage":0.1520966378,"absolute_mem_usage":12308898816.0,"absolute_mem_percent_usage":0.0911100437,"mem_info_per_process":{"15705":{"rss":7096446976,"vms":15983472640,"shared":568037376,"text":2322432,"lib":0,"data":14386970624,"dirty":0,"uss":3840225280,"pss":5465627648,"swap":0},"15781":{"rss":3939176448,"vms":10741596160,"shared":11825152,"text":2322432,"lib":0,"data":9360224256,"dirty":0,"uss":689688576,"pss":2313357312,"swap":0}},"nvidia_draw_absolute":50.94,"nvidia_estimated_attributable_power_draw":50.94,"average_gpu_estimated_utilization_absolute":0.265,"per_gpu_average_estimated_utilization_absolute":{"(0, 15705)":{"sm":26.5,"mem":7.5,"enc":0.0,"dec":0.0}},"average_gpu_estimated_utilization_relative":1.0,"per_gpu_performance_state":{"0":"P2"},"per_gpu_power_draw":{"0":50.94},"cpu_count_adjusted_average_load":[0.1184375,0.1309375,0.1359375],"cpu_freq":[{"current":2296.031,"min":1200.0,"max":3200.0},{"current":1216.218,"min":1200.0,"max":3200.0},{"current":1397.625,"min":1200.0,"max":3200.0},{"current":1518.187,"min":1200.0,"max":3200.0},{"current":1232.812,"min":1200.0,"max":3200.0},{"current":1201.593,"min":1200.0,"max":3200.0},{"current":2399.906,"min":1200.0,"max":3200.0},{"current":2399.906,"min":1200.0,"max":3200.0},{"current":3169.406,"min":1200.0,"max":3200.0},{"current":1275.0,"min":1200.0,"max":3200.0},{"current":1218.75,"min":1200.0,"max":3200.0},{"current":1285.031,"min":1200.0,"max":3200.0},{"current":1200.0,"min":1200.0,"max":3200.0},{"current":1201.406,"min":1200.0,"max":3200.0},{"current":1200.093,"min":1200.0,"max":3200.0},{"current":1351.312,"min":1200.0,"max":3200.0},{"current":2183.718,"min":1200.0,"max":3200.0},{"current":1228.5,"min":1200.0,"max":3200.0},{"current":1999.781,"min":1200.0,"max":3200.0},{"current":1201.312,"min":1200.0,"max":3200.0},{"current":1399.968,"min":1200.0,"max":3200.0},{"current":1264.218,"min":1200.0,"max":3200.0},{"current":1774.875,"min":1200.0,"max":3200.0},{"current":2400.0,"min":1200.0,"max":3200.0},{"current":3176.156,"min":1200.0,"max":3200.0},{"current":1252.781,"min":1200.0,"max":3200.0},{"current":1390.031,"min":1200.0,"max":3200.0},{"current":1398.937,"min":1200.0,"max":3200.0},{"current":1201.312,"min":1200.0,"max":3200.0},{"current":1203.093,"min":1200.0,"max":3200.0},{"current":1277.062,"min":1200.0,"max":3200.0},{"current":1200.187,"min":1200.0,"max":3200.0}],"realtime_carbon_intensity":389.3518686997,"disk_write_speed":14.108910608,"process_ids":[15705,15781]}
{"timestamp":1573520768.2309029102,"rapl_power_draw_absolute":65.2352809782,"rapl_estimated_attributable_power_draw":15.1703198435,"cpu_time_seconds":{"15705":{"user":23.03,"system":4.5,"children_user":0.15,"children_system":0.14},"15781":{"user":0.31,"system":0.29,"children_user":0.04,"children_system":0.36}},"average_relative_cpu_utilization":0.2392625137,"absolute_cpu_utilization":1.0035953409,"relative_mem_usage":0.1521777719,"absolute_mem_usage":12316800000.0,"absolute_mem_percent_usage":0.091168528,"mem_info_per_process":{"15705":{"rss":7096446976,"vms":15983472640,"shared":568037376,"text":2322432,"lib":0,"data":14386970624,"dirty":0,"uss":3842859008,"pss":5466944512,"swap":0},"15781":{"rss":3939176448,"vms":10741596160,"shared":11825152,"text":2322432,"lib":0,"data":9360224256,"dirty":0,"uss":692322304,"pss":2314674176,"swap":0}},"nvidia_draw_absolute":46.03,"nvidia_estimated_attributable_power_draw":46.03,"average_gpu_estimated_utilization_absolute":0.28,"per_gpu_average_estimated_utilization_absolute":{"(0, 15705)":{"sm":28,"mem":8,"enc":0,"dec":0}},"average_gpu_estimated_utilization_relative":1.0,"per_gpu_performance_state":{"0":"P2"},"per_gpu_power_draw":{"0":46.03},"cpu_count_adjusted_average_load":[0.1146875,0.1296875,0.1353125],"cpu_freq":[{"current":1475.156,"min":1200.0,"max":3200.0},{"current":1267.593,"min":1200.0,"max":3200.0},{"current":2399.906,"min":1200.0,"max":3200.0},{"current":2399.906,"min":1200.0,"max":3200.0},{"current":1219.406,"min":1200.0,"max":3200.0},{"current":1228.5,"min":1200.0,"max":3200.0},{"current":1299.937,"min":1200.0,"max":3200.0},{"current":2399.906,"min":1200.0,"max":3200.0},{"current":3147.281,"min":1200.0,"max":3200.0},{"current":1200.093,"min":1200.0,"max":3200.0},{"current":1200.0,"min":1200.0,"max":3200.0},{"current":1687.125,"min":1200.0,"max":3200.0},{"current":1200.75,"min":1200.0,"max":3200.0},{"current":1200.187,"min":1200.0,"max":3200.0},{"current":1200.093,"min":1200.0,"max":3200.0},{"current":1209.0,"min":1200.0,"max":3200.0},{"current":1499.906,"min":1200.0,"max":3200.0},{"current":1699.031,"min":1200.0,"max":3200.0},{"current":2400.0,"min":1200.0,"max":3200.0},{"current":2400.093,"min":1200.0,"max":3200.0},{"current":1200.0,"min":1200.0,"max":3200.0},{"current":1206.468,"min":1200.0,"max":3200.0},{"current":1348.125,"min":1200.0,"max":3200.0},{"current":2400.0,"min":1200.0,"max":3200.0},{"current":3172.406,"min":1200.0,"max":3200.0},{"current":1300.5,"min":1200.0,"max":3200.0},{"current":1386.375,"min":1200.0,"max":3200.0},{"current":1297.5,"min":1200.0,"max":3200.0},{"current":1208.812,"min":1200.0,"max":3200.0},{"current":1203.093,"min":1200.0,"max":3200.0},{"current":1257.281,"min":1200.0,"max":3200.0},{"current":1201.781,"min":1200.0,"max":3200.0}],"realtime_carbon_intensity":389.3518686997,"disk_write_speed":17.3205421626,"process_ids":[15705,15781]}
{"timestamp":1573520776.2879259586,"rapl_power_draw_absolute":65.9102027914,"rapl_estimated_attributable_power_draw":15.670572495,"cpu_time_seconds":{"15705":{"user":30.89,"system":4.69,"children_user":0.15,"children_system":0.14},"15781":{"user":0.45,"system":0.46,"children_user":0.05,"children_system":0.54}},"average_relative_cpu_utilization":0.2447781122,"absolute_cpu_utilization":0.9986024426,"relative_mem_usage":0.1522065396,"absolute_mem_usage":12320498688.0,"absolute_mem_percent_usage":0.0911959055,"mem_info_per_process":{"15705":{"rss":7096446976,"vms":15983472640,"shared":568037376,"text":2322432,"lib":0,"data":14386970624,"dirty":0,"uss":3844091904,"pss":5467560960,"swap":0},"15781":{"rss":3939176448,"vms":10741596160,"shared":11825152,"text":2322432,"lib":0,"data":9360224256,"dirty":0,"uss":693555200,"pss":2315290624,"swap":0}},"nvidia_draw_absolute":48.27,"nvidia_estimated_attributable_power_draw":48.27,"average_gpu_estimated_utilization_absolute":0.29,"per_gpu_average_estimated_utilization_absolute":{"(0, 15705)":{"sm":29,"mem":8,"enc":0,"dec":0}},"average_gpu_estimated_utilization_relative":1.0,"per_gpu_performance_state":{"0":"P2"},"per_gpu_power_draw":{"0":48.27},"cpu_count_adjusted_average_load":[0.115625,0.1296875,0.1353125],"cpu_freq":[{"current":1668.562,"min":1200.0,"max":3200.0},{"current":2400.0,"min":1200.0,"max":3200.0},{"current":1212.843,"min":1200.0,"max":3200.0},{"current":2084.718,"min":1200.0,"max":3200.0},{"current":1217.343,"min":1200.0,"max":3200.0},{"current":1201.406,"min":1200.0,"max":3200.0},{"current":2099.906,"min":1200.0,"max":3200.0},{"current":1419.75,"min":1200.0,"max":3200.0},{"current":3148.593,"min":1200.0,"max":3200.0},{"current":1296.75,"min":1200.0,"max":3200.0},{"current":1200.468,"min":1200.0,"max":3200.0},{"current":1843.687,"min":1200.0,"max":3200.0},{"current":1270.687,"min":1200.0,"max":3200.0},{"current":1202.343,"min":1200.0,"max":3200.0},{"current":1200.093,"min":1200.0,"max":3200.0},{"current":1200.093,"min":1200.0,"max":3200.0},{"current":2327.156,"min":1200.0,"max":3200.0},{"current":2400.0,"min":1200.0,"max":3200.0},{"current":2400.0,"min":1200.0,"max":3200.0},{"current":2400.0,"min":1200.0,"max":3200.0},{"current":1200.0,"min":1200.0,"max":3200.0},{"current":1215.656,"min":1200.0,"max":3200.0},{"current":2400.0,"min":1200.0,"max":3200.0},{"current":2199.562,"min":1200.0,"max":3200.0},{"current":3180.187,"min":1200.0,"max":3200.0},{"current":1274.437,"min":1200.0,"max":3200.0},{"current":1267.312,"min":1200.0,"max":3200.0},{"current":1554.093,"min":1200.0,"max":3200.0},{"current":1203.093,"min":1200.0,"max":3200.0},{"current":1242.0,"min":1200.0,"max":3200.0},{"current":1245.375,"min":1200.0,"max":3200.0},{"current":1300.312,"min":1200.0,"max":3200.0}],"realtime_carbon_intensity":389.3518686997,"disk_write_speed":14.4296029681,"process_ids":[15705,15781]}
{"timestamp":1573520784.3975319862,"rapl_power_draw_absolute":65.5516021545,"rapl_estimated_attributable_power_draw":15.4743123193,"cpu_time_seconds":{"15705":{"user":38.82,"system":4.88,"children_user":0.15,"children_system":0.14},"15781":{"user":0.59,"system":0.63,"children_user":0.06,"children_system":0.7}},"average_relative_cpu_utilization":0.2429882338,"absolute_cpu_utilization":0.998584214,"relative_mem_usage":0.1523222925,"absolute_mem_usage":12331471872.0,"absolute_mem_percent_usage":0.0912771286,"mem_info_per_process":{"15705":{"rss":7096446976,"vms":15983472640,"shared":568037376,"text":2322432,"lib":0,"data":14386970624,"dirty":0,"uss":3847684096,"pss":5469357056,"swap":0},"15781":{"rss":3939176448,"vms":10741596160,"shared":11825152,"text":2322432,"lib":0,"data":9360224256,"dirty":0,"uss":697278464,"pss":2317152256,"swap":0}},"nvidia_draw_absolute":45.77,"nvidia_estimated_attributable_power_draw":45.77,"average_gpu_estimated_utilization_absolute":0.29,"per_gpu_average_estimated_utilization_absolute":{"(0, 15705)":{"sm":29.0,"mem":7.5,"enc":0.0,"dec":0.0}},"average_gpu_estimated_utilization_relative":1.0,"per_gpu_performance_state":{"0":"P2"},"per_gpu_power_draw":{"0":45.77},"cpu_count_adjusted_average_load":[0.119375,0.13,0.1353125],"cpu_freq":[{"current":2399.906,"min":1200.0,"max":3200.0},{"current":1295.437,"min":1200.0,"max":3200.0},{"current":1220.25,"min":1200.0,"max":3200.0},{"current":2272.593,"min":1200.0,"max":3200.0},{"current":1222.781,"min":1200.0,"max":3200.0},{"current":1204.781,"min":1200.0,"max":3200.0},{"current":2400.0,"min":1200.0,"max":3200.0},{"current":1432.031,"min":1200.0,"max":3200.0},{"current":3199.968,"min":1200.0,"max":3200.0},{"current":1771.031,"min":1200.0,"max":3200.0},{"current":1210.312,"min":1200.0,"max":3200.0},{"current":1204.593,"min":1200.0,"max":3200.0},{"current":1260.468,"min":1200.0,"max":3200.0},{"current":1200.093,"min":1200.0,"max":3200.0},{"current":1200.093,"min":1200.0,"max":3200.0},{"current":1245.0,"min":1200.0,"max":3200.0},{"current":2400.0,"min":1200.0,"max":3200.0},{"current":1304.906,"min":1200.0,"max":3200.0},{"current":1429.687,"min":1200.0,"max":3200.0},{"current":2400.0,"min":1200.0,"max":3200.0},{"current":1203.468,"min":1200.0,"max":3200.0},{"current":1213.687,"min":1200.0,"max":3200.0},{"current":2399.906,"min":1200.0,"max":3200.0},{"current":1399.968,"min":1200.0,"max":3200.0},{"current":3172.875,"min":1200.0,"max":3200.0},{"current":1747.687,"min":1200.0,"max":3200.0},{"current":1205.812,"min":1200.0,"max":3200.0},{"current":1258.875,"min":1200.0,"max":3200.0},{"current":1305.562,"min":1200.0,"max":3200.0},{"current":1242.0,"min":1200.0,"max":3200.0},{"current":1245.375,"min":1200.0,"max":3200.0},{"current":1231.218,"min":1200.0,"max":3200.0}],"realtime_carbon_intensity":389.3518686997,"disk_write_speed":19.1782219958,"process_ids":[15705,15781]}
{"timestamp":1573520792.3968129158,"rapl_power_draw_absolute":65.3559088364,"rapl_estimated_attributable_power_draw":15.5723694333,"cpu_time_seconds":{"15705":{"user":46.66,"system":5.04,"children_user":0.15,"children_system":0.14},"15781":{"user":0.74,"system":0.8,"children_user":0.07,"children_system":0.87}},"average_relative_cpu_utilization":0.24539955,"absolute_cpu_utilization":1.003610512,"relative_mem_usage":0.1523839339,"absolute_mem_usage":12337751040.0,"absolute_mem_percent_usage":0.0913236068,"mem_info_per_process":{"15705":{"rss":7096446976,"vms":15983472640,"shared":568037376,"text":2322432,"lib":0,"data":14386970624,"dirty":0,"uss":3849842688,"pss":5470436352,"swap":0},"15781":{"rss":3939176448,"vms":10741596160,"shared":11825152,"text":2322432,"lib":0,"data":9360224256,"dirty":0,"uss":699305984,"pss":2318166016,"swap":0}},"nvidia_draw_absolute":45.19,"nvidia_estimated_attributable_power_draw":45.19,"average_gpu_estimated_utilization_absolute":0.285,"per_gpu_average_estimated_utilization_absolute":{"(0, 15705)":{"sm":28.5,"mem":7.5,"enc":0.0,"dec":0.0}},"average_gpu_estimated_utilization_relative":1.0,"per_gpu_performance_state":{"0":"P2"},"per_gpu_power_draw":{"0":45.19},"cpu_count_adjusted_average_load":[0.126875,0.13125,0.135625],"cpu_freq":[{"current":2078.437,"min":1200.0,"max":3200.0},{"current":1599.562,"min":1200.0,"max":3200.0},{"current":2087.906,"min":1200.0,"max":3200.0},{"current":2398.031,"min":1200.0,"max":3200.0},{"current":1237.781,"min":1200.0,"max":3200.0},{"current":1287.0,"min":1200.0,"max":3200.0},{"current":1397.343,"min":1200.0,"max":3200.0},{"current":2400.0,"min":1200.0,"max":3200.0},{"current":3170.812,"min":1200.0,"max":3200.0},{"current":1275.75,"min":1200.0,"max":3200.0},{"current":1395.75,"min":1200.0,"max":3200.0},{"current":1258.031,"min":1200.0,"max":3200.0},{"current":1200.093,"min":1200.0,"max":3200.0},{"current":1200.187,"min":1200.0,"max":3200.0},{"current":1200.093,"min":1200.0,"max":3200.0},{"current":1257.843,"min":1200.0,"max":3200.0},{"current":2400.093,"min":1200.0,"max":3200.0},{"current":1584.937,"min":1200.0,"max":3200.0},{"current":2400.0,"min":1200.0,"max":3200.0},{"current":2399.906,"min":1200.0,"max":3200.0},{"current":1200.281,"min":1200.0,"max":3200.0},{"current":1295.437,"min":1200.0,"max":3200.0},{"current":1526.25,"min":1200.0,"max":3200.0},{"current":2400.093,"min":1200.0,"max":3200.0},{"current":3167.625,"min":1200.0,"max":3200.0},{"current":1590.468,"min":1200.0,"max":3200.0},{"current":1215.0,"min":1200.0,"max":3200.0},{"current":1292.625,"min":1200.0,"max":3200.0},{"current":1380.375,"min":1200.0,"max":3200.0},{"current":1202.625,"min":1200.0,"max":3200.0},{"current":1476.562,"min":1200.0,"max":3200.0},{"current":1201.312,"min":1200.0,"max":3200.0}],"realtime_carbon_intensity":389.3518686997,"disk_write_speed":19.9633983295,"process_ids":[15705,15781]}
{"timestamp":1573520800.4203720093,"rapl_power_draw_absolute":66.5785077202,"rapl_estimated_attributable_power_draw":15.6467286981,"cpu_time_seconds":{"15705":{"user":54.48,"system":5.24,"children_user":0.15,"children_system":0.14},"15781":{"user":0.88,"system":0.96,"children_user":0.08,"children_system":1.04}},"average_relative_cpu_utilization":0.2426562419,"absolute_cpu_utilization":0.9935793341,"relative_mem_usage":0.152550154,"absolute_mem_usage":12352742400.0,"absolute_mem_percent_usage":0.0914345724,"mem_info_per_process":{"15705":{"rss":7096446976,"vms":15983472640,"shared":568037376,"text":2322432,"lib":0,"data":14386970624,"dirty":0,"uss":3854839808,"pss":5472934912,"swap":0},"15781":{"rss":3939176448,"vms":10741596160,"shared":11825152,"text":2322432,"lib":0,"data":9360224256,"dirty":0,"uss":704303104,"pss":2320664576,"swap":0}},"nvidia_draw_absolute":46.44,"nvidia_estimated_attributable_power_draw":46.44,"average_gpu_estimated_utilization_absolute":0.29,"per_gpu_average_estimated_utilization_absolute":{"(0, 15705)":{"sm":29.0,"mem":7.5,"enc":0.0,"dec":0.0}},"average_gpu_estimated_utilization_relative":1.0,"per_gpu_performance_state":{"0":"P2"},"per_gpu_power_draw":{"0":46.44},"cpu_count_adjusted_average_load":[0.126875,0.13125,0.135625],"cpu_freq":[{"current":2387.531,"min":1200.0,"max":3200.0},{"current":2399.906,"min":1200.0,"max":3200.0},{"current":2399.906,"min":1200.0,"max":3200.0},{"current":1694.906,"min":1200.0,"max":3200.0},{"current":1378.687,"min":1200.0,"max":3200.0},{"current":1200.468,"min":1200.0,"max":3200.0},{"current":1897.5,"min":1200.0,"max":3200.0},{"current":1350.281,"min":1200.0,"max":3200.0},{"current":3127.406,"min":1200.0,"max":3200.0},{"current":1200.375,"min":1200.0,"max":3200.0},{"current":1415.625,"min":1200.0,"max":3200.0},{"current":1296.562,"min":1200.0,"max":3200.0},{"current":1275.656,"min":1200.0,"max":3200.0},{"current":1223.062,"min":1200.0,"max":3200.0},{"current":1234.593,"min":1200.0,"max":3200.0},{"current":1200.0,"min":1200.0,"max":3200.0},{"current":1899.468,"min":1200.0,"max":3200.0},{"current":2400.0,"min":1200.0,"max":3200.0},{"current":2400.0,"min":1200.0,"max":3200.0},{"current":1350.843,"min":1200.0,"max":3200.0},{"current":1393.125,"min":1200.0,"max":3200.0},{"current":1248.75,"min":1200.0,"max":3200.0},{"current":1604.437,"min":1200.0,"max":3200.0},{"current":2199.75,"min":1200.0,"max":3200.0},{"current":3185.343,"min":1200.0,"max":3200.0},{"current":1377.562,"min":1200.0,"max":3200.0},{"current":1572.375,"min":1200.0,"max":3200.0},{"current":1202.25,"min":1200.0,"max":3200.0},{"current":1257.562,"min":1200.0,"max":3200.0},{"current":1249.5,"min":1200.0,"max":3200.0},{"current":1342.125,"min":1200.0,"max":3200.0},{"current":1200.562,"min":1200.0,"max":3200.0}],"realtime_carbon_intensity":389.3518686997,"disk_write_speed":9.5740299179,"process_ids":[15705,15781]}
{"timestamp":1573520808.4484341145,"rapl_power_draw_absolute":65.7004340199,"rapl_estimated_attributable_power_draw":15.7507028914,"cpu_time_seconds":{"15705":{"user":62.32,"system":5.43,"children_user":0.15,"children_system":0.14},"15781":{"user":0.99,"system":1.11,"children_user":0.1,"children_system":1.2}},"average_relative_cpu_utilization":0.246892096,"absolute_cpu_utilization":0.9986324207,"relative_mem_usage":0.1527064127,"absolute_mem_usage":12367193088.0,"absolute_mem_percent_usage":0.0915415359,"mem_info_per_process":{"15705":{"rss":7096446976,"vms":15983472640,"shared":568037376,"text":2322432,"lib":0,"data":14386970624,"dirty":0,"uss":3859591168,"pss":5475310592,"swap":0},"15781":{"rss":3939176448,"vms":10741596160,"shared":11825152,"text":2322432,"lib":0,"data":9360224256,"dirty":0,"uss":709185536,"pss":2323105792,"swap":0}},"nvidia_draw_absolute":46.14,"nvidia_estimated_attributable_power_draw":46.14,"average_gpu_estimated_utilization_absolute":0.29,"per_gpu_average_estimated_utilization_absolute":{"(0, 15705)":{"sm":29.0,"mem":7.5,"enc":0.0,"dec":0.0}},"average_gpu_estimated_utilization_relative":1.0,"per_gpu_performance_state":{"0":"P2"},"per_gpu_power_draw":{"0":46.14},"cpu_count_adjusted_average_load":[0.124375,0.130625,0.1353125],"cpu_freq":[{"current":1825.406,"min":1200.0,"max":3200.0},{"current":1557.75,"min":1200.0,"max":3200.0},{"current":2399.906,"min":1200.0,"max":3200.0},{"current":1715.718,"min":1200.0,"max":3200.0},{"current":1246.687,"min":1200.0,"max":3200.0},{"current":1202.156,"min":1200.0,"max":3200.0},{"current":1763.531,"min":1200.0,"max":3200.0},{"current":2400.0,"min":1200.0,"max":3200.0},{"current":3199.968,"min":1200.0,"max":3200.0},{"current":1399.875,"min":1200.0,"max":3200.0},{"current":1200.093,"min":1200.0,"max":3200.0},{"current":1594.406,"min":1200.0,"max":3200.0},{"current":1200.0,"min":1200.0,"max":3200.0},{"current":1200.281,"min":1200.0,"max":3200.0},{"current":1250.343,"min":1200.0,"max":3200.0},{"current":1228.875,"min":1200.0,"max":3200.0},{"current":1804.125,"min":1200.0,"max":3200.0},{"current":1998.281,"min":1200.0,"max":3200.0},{"current":2399.906,"min":1200.0,"max":3200.0},{"current":1786.781,"min":1200.0,"max":3200.0},{"current":1272.656,"min":1200.0,"max":3200.0},{"current":1204.781,"min":1200.0,"max":3200.0},{"current":1748.718,"min":1200.0,"max":3200.0},{"current":2399.906,"min":1200.0,"max":3200.0},{"current":3184.781,"min":1200.0,"max":3200.0},{"current":1203.75,"min":1200.0,"max":3200.0},{"current":1276.5,"min":1200.0,"max":3200.0},{"current":1600.312,"min":1200.0,"max":3200.0},{"current":1221.281,"min":1200.0,"max":3200.0},{"current":1212.375,"min":1200.0,"max":3200.0},{"current":1252.406,"min":1200.0,"max":3200.0},{"current":1228.031,"min":1200.0,"max":3200.0}],"realtime_carbon_intensity":389.3518686997,"disk_write_speed":19.8831463913,"process_ids":[15705,15781]}
{"timestamp":1573520816.433259964,"rapl_power_draw_absolute":68.4826908164,"rapl_estimated_attributable_power_draw":15.8720168365,"cpu_time_seconds":{"15705":{"user":70.08,"system":5.66,"children_user":0.15,"children_system":0.14},"15781":{"user":1.14,"system":1.28,"children_user":0.12,"children_system":1.38}},"average_relative_cpu_utilization":0.2400240458,"absolute_cpu_utilization":0.9936259088,"relative_mem_usage":0.1527415327,"absolute_mem_usage":12371395584.0,"absolute_mem_percent_usage":0.0915726426,"mem_info_per_process":{"15705":{"rss":7096446976,"vms":15983472640,"shared":568037376,"text":2322432,"lib":0,"data":14386970624,"dirty":0,"uss":3861057536,"pss":5476043776,"swap":0},"15781":{"rss":3939176448,"vms":10741596160,"shared":11825152,"text":2322432,"lib":0,"data":9360224256,"dirty":0,"uss":710520832,"pss":2323773440,"swap":0}},"nvidia_draw_absolute":47.49,"nvidia_estimated_attributable_power_draw":47.49,"average_gpu_estimated_utilization_absolute":0.29,"per_gpu_average_estimated_utilization_absolute":{"(0, 15705)":{"sm":29,"mem":7,"enc":0,"dec":0}},"average_gpu_estimated_utilization_relative":1.0,"per_gpu_performance_state":{"0":"P2"},"per_gpu_power_draw":{"0":47.49},"cpu_count_adjusted_average_load":[0.121875,0.13,0.1353125],"cpu_freq":[{"current":1301.812,"min":1200.0,"max":3200.0},{"current":2400.0,"min":1200.0,"max":3200.0},{"current":1500.0,"min":1200.0,"max":3200.0},{"current":1700.156,"min":1200.0,"max":3200.0},{"current":1321.687,"min":1200.0,"max":3200.0},{"current":1218.656,"min":1200.0,"max":3200.0},{"current":2399.906,"min":1200.0,"max":3200.0},{"current":2399.906,"min":1200.0,"max":3200.0},{"current":3182.718,"min":1200.0,"max":3200.0},{"current":1200.656,"min":1200.0,"max":3200.0},{"current":1296.937,"min":1200.0,"max":3200.0},{"current":1534.218,"min":1200.0,"max":3200.0},{"current":1252.218,"min":1200.0,"max":3200.0},{"current":1200.187,"min":1200.0,"max":3200.0},{"current":1275.0,"min":1200.0,"max":3200.0},{"current":1200.093,"min":1200.0,"max":3200.0},{"current":1396.593,"min":1200.0,"max":3200.0},{"current":2399.906,"min":1200.0,"max":3200.0},{"current":1498.875,"min":1200.0,"max":3200.0},{"current":1204.687,"min":1200.0,"max":3200.0},{"current":1218.468,"min":1200.0,"max":3200.0},{"current":1204.781,"min":1200.0,"max":3200.0},{"current":2400.0,"min":1200.0,"max":3200.0},{"current":2399.906,"min":1200.0,"max":3200.0},{"current":3164.437,"min":1200.0,"max":3200.0},{"current":1565.531,"min":1200.0,"max":3200.0},{"current":1301.062,"min":1200.0,"max":3200.0},{"current":1472.062,"min":1200.0,"max":3200.0},{"current":1274.531,"min":1200.0,"max":3200.0},{"current":1396.875,"min":1200.0,"max":3200.0},{"current":1217.437,"min":1200.0,"max":3200.0},{"current":1201.218,"min":1200.0,"max":3200.0}],"realtime_carbon_intensity":389.3518686997,"disk_write_speed":15.3163991177,"process_ids":[15705,15781]}
{"timestamp":1573520824.5765280724,"rapl_power_draw_absolute":65.477711983,"rapl_estimated_attributable_power_draw":14.8588816918,"cpu_time_seconds":{"15705":{"user":78.05,"system":5.84,"children_user":0.15,"children_system":0.14},"15781":{"user":1.3,"system":1.44,"children_user":0.14,"children_system":1.54}},"average_relative_cpu_utilization":0.23307734,"absolute_cpu_utilization":0.9986088322,"relative_mem_usage":0.1527444217,"absolute_mem_usage":12372489216.0,"absolute_mem_percent_usage":0.0915807376,"mem_info_per_process":{"15705":{"rss":7096446976,"vms":15983472640,"shared":568037376,"text":2322432,"lib":0,"data":14386970624,"dirty":0,"uss":3861422080,"pss":5476226048,"swap":0},"15781":{"rss":3939176448,"vms":10741596160,"shared":11825152,"text":2322432,"lib":0,"data":9360224256,"dirty":0,"uss":710885376,"pss":2323955712,"swap":0}},"nvidia_draw_absolute":46.62,"nvidia_estimated_attributable_power_draw":46.62,"average_gpu_estimated_utilization_absolute":0.29,"per_gpu_average_estimated_utilization_absolute":{"(0, 15705)":{"sm":29.0,"mem":7.5,"enc":0.0,"dec":0.0}},"average_gpu_estimated_utilization_relative":1.0,"per_gpu_performance_state":{"0":"P2"},"per_gpu_power_draw":{"0":46.62},"cpu_count_adjusted_average_load":[0.1225,0.1296875,0.135],"cpu_freq":[{"current":1841.25,"min":1200.0,"max":3200.0},{"current":1202.25,"min":1200.0,"max":3200.0},{"current":1399.593,"min":1200.0,"max":3200.0},{"current":2400.0,"min":1200.0,"max":3200.0},{"current":1200.843,"min":1200.0,"max":3200.0},{"current":1201.593,"min":1200.0,"max":3200.0},{"current":2200.875,"min":1200.0,"max":3200.0},{"current":2366.906,"min":1200.0,"max":3200.0},{"current":3162.281,"min":1200.0,"max":3200.0},{"current":1298.906,"min":1200.0,"max":3200.0},{"current":1400.437,"min":1200.0,"max":3200.0},{"current":1506.843,"min":1200.0,"max":3200.0},{"current":1200.187,"min":1200.0,"max":3200.0},{"current":1316.625,"min":1200.0,"max":3200.0},{"current":1272.281,"min":1200.0,"max":3200.0},{"current":1200.093,"min":1200.0,"max":3200.0},{"current":2094.281,"min":1200.0,"max":3200.0},{"current":1469.906,"min":1200.0,"max":3200.0},{"current":1252.406,"min":1200.0,"max":3200.0},{"current":2399.906,"min":1200.0,"max":3200.0},{"current":1200.187,"min":1200.0,"max":3200.0},{"current":1213.687,"min":1200.0,"max":3200.0},{"current":2388.562,"min":1200.0,"max":3200.0},{"current":2400.0,"min":1200.0,"max":3200.0},{"current":3157.218,"min":1200.0,"max":3200.0},{"current":1216.593,"min":1200.0,"max":3200.0},{"current":1601.062,"min":1200.0,"max":3200.0},{"current":1453.031,"min":1200.0,"max":3200.0},{"current":1218.187,"min":1200.0,"max":3200.0},{"current":1233.562,"min":1200.0,"max":3200.0},{"current":1200.562,"min":1200.0,"max":3200.0},{"current":1335.843,"min":1200.0,"max":3200.0}],"realtime_carbon_intensity":389.3518686997,"disk_write_speed":13.6364083083,"process_ids":[15705,15781]}
{"timestamp":1573520832.571764946,"rapl_power_draw_absolute":65.1564558149,"rapl_estimated_attributable_power_draw":15.311614371,"cpu_time_seconds":{"15705":{"user":85.85,"system":6.04,"children_user":0.15,"children_system":0.14},"15781":{"user":1.44,"system":1.59,"children_user":0.16,"children_system":1.7}},"average_relative_cpu_utilization":0.2418529053,"absolute_cpu_utilization":1.0036012678,"relative_mem_usage":0.1528283211,"absolute_mem_usage":12380808192.0,"absolute_mem_percent_usage":0.0916423144,"mem_info_per_process":{"15705":{"rss":7096446976,"vms":15983472640,"shared":568037376,"text":2322432,"lib":0,"data":14386970624,"dirty":0,"uss":3864195072,"pss":5477612544,"swap":0},"15781":{"rss":3939176448,"vms":10741596160,"shared":11825152,"text":2322432,"lib":0,"data":9360224256,"dirty":0,"uss":713658368,"pss":2325342208,"swap":0}},"nvidia_draw_absolute":46.82,"nvidia_estimated_attributable_power_draw":46.82,"average_gpu_estimated_utilization_absolute":0.29,"per_gpu_average_estimated_utilization_absolute":{"(0, 15705)":{"sm":29.0,"mem":7.5,"enc":0.0,"dec":0.0}},"average_gpu_estimated_utilization_relative":1.0,"per_gpu_performance_state":{"0":"P2"},"per_gpu_power_draw":{"0":46.82},"cpu_count_adjusted_average_load":[0.1303125,0.13125,0.1353125],"cpu_freq":[{"current":2399.906,"min":1200.0,"max":3200.0},{"current":1595.718,"min":1200.0,"max":3200.0},{"current":2399.906,"min":1200.0,"max":3200.0},{"current":1935.187,"min":1200.0,"max":3200.0},{"current":1219.593,"min":1200.0,"max":3200.0},{"current":1207.5,"min":1200.0,"max":3200.0},{"current":1357.968,"min":1200.0,"max":3200.0},{"current":1395.937,"min":1200.0,"max":3200.0},{"current":3143.906,"min":1200.0,"max":3200.0},{"current":1394.812,"min":1200.0,"max":3200.0},{"current":1243.875,"min":1200.0,"max":3200.0},{"current":1386.468,"min":1200.0,"max":3200.0},{"current":1200.093,"min":1200.0,"max":3200.0},{"current":1200.281,"min":1200.0,"max":3200.0},{"current":1200.0,"min":1200.0,"max":3200.0},{"current":1259.25,"min":1200.0,"max":3200.0},{"current":2263.968,"min":1200.0,"max":3200.0},{"current":2400.0,"min":1200.0,"max":3200.0},{"current":2400.0,"min":1200.0,"max":3200.0},{"current":1221.656,"min":1200.0,"max":3200.0},{"current":1375.406,"min":1200.0,"max":3200.0},{"current":1213.687,"min":1200.0,"max":3200.0},{"current":1395.468,"min":1200.0,"max":3200.0},{"current":1500.0,"min":1200.0,"max":3200.0},{"current":3165.281,"min":1200.0,"max":3200.0},{"current":1300.5,"min":1200.0,"max":3200.0},{"current":1373.531,"min":1200.0,"max":3200.0},{"current":1229.812,"min":1200.0,"max":3200.0},{"current":1202.437,"min":1200.0,"max":3200.0},{"current":1234.406,"min":1200.0,"max":3200.0},{"current":1233.562,"min":1200.0,"max":3200.0},{"current":1222.406,"min":1200.0,"max":3200.0}],"realtime_carbon_intensity":389.3518686997,"disk_write_speed":25.2035207121,"process_ids":[15705,15781]}
{"timestamp":1573520840.5904109478,"rapl_power_draw_absolute":66.2087585199,"rapl_estimated_attributable_power_draw":15.3392545004,"cpu_time_seconds":{"15705":{"user":93.67,"system":6.24,"children_user":0.15,"children_system":0.14},"15781":{"user":1.59,"system":1.76,"children_user":0.18,"children_system":1.86}},"average_relative_cpu_utilization":0.2383540526,"absolute_cpu_utilization":0.998610164,"relative_mem_usage":0.152823108,"absolute_mem_usage":12381262848.0,"absolute_mem_percent_usage":0.0916456797,"mem_info_per_process":{"15705":{"rss":7096446976,"vms":15983472640,"shared":568037376,"text":2322432,"lib":0,"data":14386970624,"dirty":0,"uss":3864346624,"pss":5477688320,"swap":0},"15781":{"rss":3939176448,"vms":10741596160,"shared":11825152,"text":2322432,"lib":0,"data":9360224256,"dirty":0,"uss":713809920,"pss":2325417984,"swap":0}},"nvidia_draw_absolute":48.45,"nvidia_estimated_attributable_power_draw":48.45,"average_gpu_estimated_utilization_absolute":0.2866666667,"per_gpu_average_estimated_utilization_absolute":{"(0, 15705)":{"sm":28.6666666667,"mem":7.3333333333,"enc":0.0,"dec":0.0}},"average_gpu_estimated_utilization_relative":1.0,"per_gpu_performance_state":{"0":"P2"},"per_gpu_power_draw":{"0":48.45},"cpu_count_adjusted_average_load":[0.1275,0.130625,0.1353125],"cpu_freq":[{"current":1249.687,"min":1200.0,"max":3200.0},{"current":2400.0,"min":1200.0,"max":3200.0},{"current":1800.0,"min":1200.0,"max":3200.0},{"current":1299.937,"min":1200.0,"max":3200.0},{"current":1266.75,"min":1200.0,"max":3200.0},{"current":1226.062,"min":1200.0,"max":3200.0},{"current":1796.25,"min":1200.0,"max":3200.0},{"current":2399.906,"min":1200.0,"max":3200.0},{"current":3149.437,"min":1200.0,"max":3200.0},{"current":1500.093,"min":1200.0,"max":3200.0},{"current":1247.062,"min":1200.0,"max":3200.0},{"current":1295.718,"min":1200.0,"max":3200.0},{"current":1200.0,"min":1200.0,"max":3200.0},{"current":1200.0,"min":1200.0,"max":3200.0},{"current":1322.156,"min":1200.0,"max":3200.0},{"current":1200.093,"min":1200.0,"max":3200.0},{"current":1875.468,"min":1200.0,"max":3200.0},{"current":2400.0,"min":1200.0,"max":3200.0},{"current":1883.437,"min":1200.0,"max":3200.0},{"current":1329.937,"min":1200.0,"max":3200.0},{"current":1200.0,"min":1200.0,"max":3200.0},{"current":1286.25,"min":1200.0,"max":3200.0},{"current":1794.187,"min":1200.0,"max":3200.0},{"current":2400.0,"min":1200.0,"max":3200.0},{"current":3178.125,"min":1200.0,"max":3200.0},{"current":1401.187,"min":1200.0,"max":3200.0},{"current":1384.312,"min":1200.0,"max":3200.0},{"current":1230.0,"min":1200.0,"max":3200.0},{"current":1400.812,"min":1200.0,"max":3200.0},{"current":1261.031,"min":1200.0,"max":3200.0},{"current":1267.125,"min":1200.0,"max":3200.0},{"current":1201.218,"min":1200.0,"max":3200.0}],"realtime_carbon_intensity":389.3518686997,"disk_write_speed":17.4104776304,"process_ids":[15705,15781]}
{"timestamp":1573520848.5904350281,"rapl_power_draw_absolute":65.9022436497,"rapl_estimated_attributable_power_draw":15.8111939787,"cpu_time_seconds":{"15705":{"user":101.53,"system":6.39,"children_user":0.15,"children_system":0.14},"15781":{"user":1.74,"system":1.93,"children_user":0.2,"children_system":2.02}},"average_relative_cpu_utilization":0.2472101744,"absolute_cpu_utilization":1.0036203221,"relative_mem_usage":0.152814107,"absolute_mem_usage":12381631488.0,"absolute_mem_percent_usage":0.0916484084,"mem_info_per_process":{"15705":{"rss":7096446976,"vms":15983472640,"shared":568037376,"text":2322432,"lib":0,"data":14386970624,"dirty":0,"uss":3864469504,"pss":5477749760,"swap":0},"15781":{"rss":3939176448,"vms":10741596160,"shared":11825152,"text":2322432,"lib":0,"data":9360224256,"dirty":0,"uss":713932800,"pss":2325479424,"swap":0}},"nvidia_draw_absolute":47.31,"nvidia_estimated_attributable_power_draw":47.31,"average_gpu_estimated_utilization_absolute":0.29,"per_gpu_average_estimated_utilization_absolute":{"(0, 15705)":{"sm":29,"mem":8,"enc":0,"dec":0}},"average_gpu_estimated_utilization_relative":1.0,"per_gpu_performance_state":{"0":"P2"},"per_gpu_power_draw":{"0":47.31},"cpu_count_adjusted_average_load":[0.1315625,0.13125,0.1353125],"cpu_freq":[{"current":1349.062,"min":1200.0,"max":3200.0},{"current":1897.968,"min":1200.0,"max":3200.0},{"current":2399.906,"min":1200.0,"max":3200.0},{"current":1571.343,"min":1200.0,"max":3200.0},{"current":1200.937,"min":1200.0,"max":3200.0},{"current":1201.312,"min":1200.0,"max":3200.0},{"current":2397.093,"min":1200.0,"max":3200.0},{"current":1898.718,"min":1200.0,"max":3200.0},{"current":3080.062,"min":1200.0,"max":3200.0},{"current":1200.0,"min":1200.0,"max":3200.0},{"current":1498.031,"min":1200.0,"max":3200.0},{"current":1299.937,"min":1200.0,"max":3200.0},{"current":1215.0,"min":1200.0,"max":3200.0},{"current":1200.187,"min":1200.0,"max":3200.0},{"current":1212.656,"min":1200.0,"max":3200.0},{"current":1316.531,"min":1200.0,"max":3200.0},{"current":1302.093,"min":1200.0,"max":3200.0},{"current":1950.937,"min":1200.0,"max":3200.0},{"current":2400.0,"min":1200.0,"max":3200.0},{"current":2133.0,"min":1200.0,"max":3200.0},{"current":1200.0,"min":1200.0,"max":3200.0},{"current":1503.562,"min":1200.0,"max":3200.0},{"current":1899.75,"min":1200.0,"max":3200.0},{"current":1333.593,"min":1200.0,"max":3200.0},{"current":3177.843,"min":1200.0,"max":3200.0},{"current":1378.968,"min":1200.0,"max":3200.0},{"current":1448.062,"min":1200.0,"max":3200.0},{"current":1200.375,"min":1200.0,"max":3200.0},{"current":1200.375,"min":1200.0,"max":3200.0},{"current":1269.75,"min":1200.0,"max":3200.0},{"current":1275.75,"min":1200.0,"max":3200.0},{"current":1362.468,"min":1200.0,"max":3200.0}],"realtime_carbon_intensity":390.7339814246,"disk_write_speed":10.4114150597,"process_ids":[15705,15781]}
{"timestamp":1573520856.8422739506,"rapl_power_draw_absolute":65.3205912385,"rapl_estimated_attributable_power_draw":15.3525649444,"cpu_time_seconds":{"15705":{"user":109.55,"system":6.62,"children_user":0.15,"children_system":0.14},"15781":{"user":1.86,"system":2.1,"children_user":0.22,"children_system":2.18}},"average_relative_cpu_utilization":0.2418518445,"absolute_cpu_utilization":1.0036002878,"relative_mem_usage":0.1529148672,"absolute_mem_usage":12389286912.0,"absolute_mem_percent_usage":0.0917050736,"mem_info_per_process":{"15705":{"rss":7096446976,"vms":15983472640,"shared":568037376,"text":2322432,"lib":0,"data":14386970624,"dirty":0,"uss":3867021312,"pss":5479025664,"swap":0},"15781":{"rss":3939176448,"vms":10741596160,"shared":11825152,"text":2322432,"lib":0,"data":9360224256,"dirty":0,"uss":716484608,"pss":2326755328,"swap":0}},"nvidia_draw_absolute":46.14,"nvidia_estimated_attributable_power_draw":46.14,"average_gpu_estimated_utilization_absolute":0.29,"per_gpu_average_estimated_utilization_absolute":{"(0, 15705)":{"sm":29.0,"mem":7.5,"enc":0.0,"dec":0.0}},"average_gpu_estimated_utilization_relative":1.0,"per_gpu_performance_state":{"0":"P2"},"per_gpu_power_draw":{"0":46.14},"cpu_count_adjusted_average_load":[0.1259375,0.13,0.135],"cpu_freq":[{"current":2400.0,"min":1200.0,"max":3200.0},{"current":2399.906,"min":1200.0,"max":3200.0},{"current":2399.906,"min":1200.0,"max":3200.0},{"current":1450.218,"min":1200.0,"max":3200.0},{"current":1288.781,"min":1200.0,"max":3200.0},{"current":1272.937,"min":1200.0,"max":3200.0},{"current":1398.093,"min":1200.0,"max":3200.0},{"current":2399.906,"min":1200.0,"max":3200.0},{"current":3125.906,"min":1200.0,"max":3200.0},{"current":1200.281,"min":1200.0,"max":3200.0},{"current":1232.343,"min":1200.0,"max":3200.0},{"current":1297.875,"min":1200.0,"max":3200.0},{"current":1277.718,"min":1200.0,"max":3200.0},{"current":1200.093,"min":1200.0,"max":3200.0},{"current":1200.093,"min":1200.0,"max":3200.0},{"current":1200.093,"min":1200.0,"max":3200.0},{"current":2010.375,"min":1200.0,"max":3200.0},{"current":2400.0,"min":1200.0,"max":3200.0},{"current":2400.0,"min":1200.0,"max":3200.0},{"current":1687.406,"min":1200.0,"max":3200.0},{"current":1290.093,"min":1200.0,"max":3200.0},{"current":1281.656,"min":1200.0,"max":3200.0},{"current":1896.187,"min":1200.0,"max":3200.0},{"current":2400.187,"min":1200.0,"max":3200.0},{"current":3101.343,"min":1200.0,"max":3200.0},{"current":1396.031,"min":1200.0,"max":3200.0},{"current":1396.593,"min":1200.0,"max":3200.0},{"current":1285.593,"min":1200.0,"max":3200.0},{"current":1236.187,"min":1200.0,"max":3200.0},{"current":1215.562,"min":1200.0,"max":3200.0},{"current":1260.187,"min":1200.0,"max":3200.0},{"current":1201.687,"min":1200.0,"max":3200.0}],"realtime_carbon_intensity":390.7339814246,"disk_write_speed":16.0178285462,"process_ids":[15705,15781]}
{"timestamp":1573520864.9463100433,"rapl_power_draw_absolute":65.8772107578,"rapl_estimated_attributable_power_draw":15.7567563383,"cpu_time_seconds":{"15705":{"user":117.46,"system":6.82,"children_user":0.15,"children_system":0.14},"15781":{"user":2.0,"system":2.27,"children_user":0.24,"children_system":2.35}},"average_relative_cpu_utilization":0.2462865715,"absolute_cpu_utilization":0.9986445507,"relative_mem_usage":0.1528961211,"absolute_mem_usage":12389618688.0,"absolute_mem_percent_usage":0.0917075294,"mem_info_per_process":{"15705":{"rss":7096446976,"vms":15983472640,"shared":568037376,"text":2322432,"lib":0,"data":14386970624,"dirty":0,"uss":3867131904,"pss":5479080960,"swap":0},"15781":{"rss":3939176448,"vms":10741596160,"shared":11825152,"text":2322432,"lib":0,"data":9360224256,"dirty":0,"uss":716595200,"pss":2326810624,"swap":0}},"nvidia_draw_absolute":46.53,"nvidia_estimated_attributable_power_draw":46.53,"average_gpu_estimated_utilization_absolute":0.29,"per_gpu_average_estimated_utilization_absolute":{"(0, 15705)":{"sm":29,"mem":7,"enc":0,"dec":0}},"average_gpu_estimated_utilization_relative":1.0,"per_gpu_performance_state":{"0":"P2"},"per_gpu_power_draw":{"0":46.53},"cpu_count_adjusted_average_load":[0.128125,0.130625,0.135],"cpu_freq":[{"current":2399.906,"min":1200.0,"max":3200.0},{"current":1201.218,"min":1200.0,"max":3200.0},{"current":1288.312,"min":1200.0,"max":3200.0},{"current":1678.406,"min":1200.0,"max":3200.0},{"current":1225.5,"min":1200.0,"max":3200.0},{"current":1283.906,"min":1200.0,"max":3200.0},{"current":2392.5,"min":1200.0,"max":3200.0},{"current":2399.906,"min":1200.0,"max":3200.0},{"current":3199.968,"min":1200.0,"max":3200.0},{"current":1400.156,"min":1200.0,"max":3200.0},{"current":1299.937,"min":1200.0,"max":3200.0},{"current":1204.031,"min":1200.0,"max":3200.0},{"current":1200.0,"min":1200.0,"max":3200.0},{"current":1200.093,"min":1200.0,"max":3200.0},{"current":1200.187,"min":1200.0,"max":3200.0},{"current":1200.093,"min":1200.0,"max":3200.0},{"current":1397.062,"min":1200.0,"max":3200.0},{"current":1199.906,"min":1200.0,"max":3200.0},{"current":1697.062,"min":1200.0,"max":3200.0},{"current":1651.968,"min":1200.0,"max":3200.0},{"current":1224.656,"min":1200.0,"max":3200.0},{"current":1210.312,"min":1200.0,"max":3200.0},{"current":2400.0,"min":1200.0,"max":3200.0},{"current":2400.0,"min":1200.0,"max":3200.0},{"current":3087.187,"min":1200.0,"max":3200.0},{"current":1491.75,"min":1200.0,"max":3200.0},{"current":1201.218,"min":1200.0,"max":3200.0},{"current":1573.781,"min":1200.0,"max":3200.0},{"current":1200.656,"min":1200.0,"max":3200.0},{"current":1311.562,"min":1200.0,"max":3200.0},{"current":1233.843,"min":1200.0,"max":3200.0},{"current":1200.75,"min":1200.0,"max":3200.0}],"realtime_carbon_intensity":390.7339814246,"disk_write_speed":16.3510495126,"process_ids":[15705,15781]}
{"timestamp":1573520872.980150938,"rapl_power_draw_absolute":65.3401572361,"rapl_estimated_attributable_power_draw":15.0519318998,"cpu_time_seconds":{"15705":{"user":125.35,"system":6.96,"children_user":0.15,"children_system":0.14},"15781":{"user":2.13,"system":2.44,"children_user":0.26,"children_system":2.5}},"average_relative_cpu_utilization":0.2369479254,"absolute_cpu_utilization":0.9986046455,"relative_mem_usage":0.152918908,"absolute_mem_usage":12389876736.0,"absolute_mem_percent_usage":0.0917094394,"mem_info_per_process":{"15705":{"rss":7096446976,"vms":15983472640,"shared":568037376,"text":2322432,"lib":0,"data":14386970624,"dirty":0,"uss":3867217920,"pss":5479123968,"swap":0},"15781":{"rss":3939176448,"vms":10741596160,"shared":11825152,"text":2322432,"lib":0,"data":9360224256,"dirty":0,"uss":716681216,"pss":2326853632,"swap":0}},"nvidia_draw_absolute":46.72,"nvidia_estimated_attributable_power_draw":46.72,"average_gpu_estimated_utilization_absolute":0.285,"per_gpu_average_estimated_utilization_absolute":{"(0, 15705)":{"sm":28.5,"mem":7.0,"enc":0.0,"dec":0.0}},"average_gpu_estimated_utilization_relative":1.0,"per_gpu_performance_state":{"0":"P2"},"per_gpu_power_draw":{"0":46.72},"cpu_count_adjusted_average_load":[0.1275,0.1303125,0.135],"cpu_freq":[{"current":2399.906,"min":1200.0,"max":3200.0},{"current":1828.875,"min":1200.0,"max":3200.0},{"current":2399.906,"min":1200.0,"max":3200.0},{"current":2266.218,"min":1200.0,"max":3200.0},{"current":1200.656,"min":1200.0,"max":3200.0},{"current":1200.937,"min":1200.0,"max":3200.0},{"current":2399.906,"min":1200.0,"max":3200.0},{"current":1699.968,"min":1200.0,"max":3200.0},{"current":3185.718,"min":1200.0,"max":3200.0},{"current":1418.718,"min":1200.0,"max":3200.0},{"current":1200.187,"min":1200.0,"max":3200.0},{"current":1297.875,"min":1200.0,"max":3200.0},{"current":1200.093,"min":1200.0,"max":3200.0},{"current":1200.187,"min":1200.0,"max":3200.0},{"current":1200.093,"min":1200.0,"max":3200.0},{"current":1200.093,"min":1200.0,"max":3200.0},{"current":1200.0,"min":1200.0,"max":3200.0},{"current":1885.312,"min":1200.0,"max":3200.0},{"current":2284.218,"min":1200.0,"max":3200.0},{"current":1296.562,"min":1200.0,"max":3200.0},{"current":1200.0,"min":1200.0,"max":3200.0},{"current":1201.593,"min":1200.0,"max":3200.0},{"current":2399.906,"min":1200.0,"max":3200.0},{"current":1530.656,"min":1200.0,"max":3200.0},{"current":3144.562,"min":1200.0,"max":3200.0},{"current":1300.593,"min":1200.0,"max":3200.0},{"current":1388.437,"min":1200.0,"max":3200.0},{"current":1200.093,"min":1200.0,"max":3200.0},{"current":1200.375,"min":1200.0,"max":3200.0},{"current":1202.062,"min":1200.0,"max":3200.0},{"current":1255.593,"min":1200.0,"max":3200.0},{"current":1200.75,"min":1200.0,"max":3200.0}],"realtime_carbon_intensity":390.7339814246,"disk_write_speed":19.0490343103,"process_ids":[15705,15781]}
{"timestamp":1573520881.0203499794,"rapl_power_draw_absolute":67.9448754787,"rapl_estimated_attributable_power_draw":15.6202422547,"cpu_time_seconds":{"15705":{"user":133.2,"system":7.16,"children_user":0.15,"children_system":0.14},"15781":{"user":2.27,"system":2.62,"children_user":0.27,"children_system":2.68}},"average_relative_cpu_utilization":0.2372293481,"absolute_cpu_utilization":0.9986072738,"relative_mem_usage":0.152880329,"absolute_mem_usage":12390061056.0,"absolute_mem_percent_usage":0.0917108038,"mem_info_per_process":{"15705":{"rss":7096446976,"vms":15983472640,"shared":568037376,"text":2322432,"lib":0,"data":14386970624,"dirty":0,"uss":3867279360,"pss":5479154688,"swap":0},"15781":{"rss":3939176448,"vms":10741596160,"shared":11825152,"text":2322432,"lib":0,"data":9360224256,"dirty":0,"uss":716742656,"pss":2326884352,"swap":0}},"nvidia_draw_absolute":49.03,"nvidia_estimated_attributable_power_draw":49.03,"average_gpu_estimated_utilization_absolute":0.29,"per_gpu_average_estimated_utilization_absolute":{"(0, 15705)":{"sm":29.0,"mem":7.5,"enc":0.0,"dec":0.0}},"average_gpu_estimated_utilization_relative":1.0,"per_gpu_performance_state":{"0":"P2"},"per_gpu_power_draw":{"0":49.03},"cpu_count_adjusted_average_load":[0.13,0.130625,0.135],"cpu_freq":[{"current":1528.781,"min":1200.0,"max":3200.0},{"current":2399.906,"min":1200.0,"max":3200.0},{"current":1485.093,"min":1200.0,"max":3200.0},{"current":1253.812,"min":1200.0,"max":3200.0},{"current":1209.468,"min":1200.0,"max":3200.0},{"current":1233.468,"min":1200.0,"max":3200.0},{"current":1511.906,"min":1200.0,"max":3200.0},{"current":1285.593,"min":1200.0,"max":3200.0},{"current":3132.937,"min":1200.0,"max":3200.0},{"current":1384.875,"min":1200.0,"max":3200.0},{"current":1453.968,"min":1200.0,"max":3200.0},{"current":1362.937,"min":1200.0,"max":3200.0},{"current":1254.937,"min":1200.0,"max":3200.0},{"current":1200.093,"min":1200.0,"max":3200.0},{"current":1218.281,"min":1200.0,"max":3200.0},{"current":1200.281,"min":1200.0,"max":3200.0},{"current":1799.906,"min":1200.0,"max":3200.0},{"current":2400.0,"min":1200.0,"max":3200.0},{"current":2399.906,"min":1200.0,"max":3200.0},{"current":2299.968,"min":1200.0,"max":3200.0},{"current":1200.0,"min":1200.0,"max":3200.0},{"current":1389.937,"min":1200.0,"max":3200.0},{"current":1995.75,"min":1200.0,"max":3200.0},{"current":2320.031,"min":1200.0,"max":3200.0},{"current":3161.718,"min":1200.0,"max":3200.0},{"current":1369.218,"min":1200.0,"max":3200.0},{"current":1376.718,"min":1200.0,"max":3200.0},{"current":1427.437,"min":1200.0,"max":3200.0},{"current":1215.187,"min":1200.0,"max":3200.0},{"current":1393.218,"min":1200.0,"max":3200.0},{"current":1547.625,"min":1200.0,"max":3200.0},{"current":1200.187,"min":1200.0,"max":3200.0}],"realtime_carbon_intensity":390.7339814246,"disk_write_speed":13.2144910485,"process_ids":[15705,15781]}
{"timestamp":1573520889.0402059555,"rapl_power_draw_absolute":65.319921383,"rapl_estimated_attributable_power_draw":15.3312613729,"cpu_time_seconds":{"15705":{"user":141.01,"system":7.37,"children_user":0.15,"children_system":0.14},"15781":{"user":2.39,"system":2.78,"children_user":0.3,"children_system":2.84}},"average_relative_cpu_utilization":0.2415231671,"absolute_cpu_utilization":0.9986096551,"relative_mem_usage":0.1528644206,"absolute_mem_usage":12390196224.0,"absolute_mem_percent_usage":0.0917118043,"mem_info_per_process":{"15705":{"rss":7096451072,"vms":15983472640,"shared":568037376,"text":2322432,"lib":0,"data":14386970624,"dirty":0,"uss":3867324416,"pss":5479177216,"swap":0},"15781":{"rss":3939176448,"vms":10741596160,"shared":11825152,"text":2322432,"lib":0,"data":9360224256,"dirty":0,"uss":716787712,"pss":2326906880,"swap":0}},"nvidia_draw_absolute":45.47,"nvidia_estimated_attributable_power_draw":45.47,"average_gpu_estimated_utilization_absolute":0.29,"per_gpu_average_estimated_utilization_absolute":{"(0, 15705)":{"sm":29.0,"mem":7.5,"enc":0.0,"dec":0.0}},"average_gpu_estimated_utilization_relative":1.0,"per_gpu_performance_state":{"0":"P2"},"per_gpu_power_draw":{"0":45.47},"cpu_count_adjusted_average_load":[0.13375,0.1315625,0.1353125],"cpu_freq":[{"current":1266.281,"min":1200.0,"max":3200.0},{"current":1354.781,"min":1200.0,"max":3200.0},{"current":2400.0,"min":1200.0,"max":3200.0},{"current":2348.906,"min":1200.0,"max":3200.0},{"current":1201.5,"min":1200.0,"max":3200.0},{"current":1200.187,"min":1200.0,"max":3200.0},{"current":2399.906,"min":1200.0,"max":3200.0},{"current":1375.312,"min":1200.0,"max":3200.0},{"current":3013.781,"min":1200.0,"max":3200.0},{"current":1381.781,"min":1200.0,"max":3200.0},{"current":1207.781,"min":1200.0,"max":3200.0},{"current":1335.093,"min":1200.0,"max":3200.0},{"current":1200.187,"min":1200.0,"max":3200.0},{"current":1200.093,"min":1200.0,"max":3200.0},{"current":1259.062,"min":1200.0,"max":3200.0},{"current":1254.562,"min":1200.0,"max":3200.0},{"current":1485.187,"min":1200.0,"max":3200.0},{"current":1996.875,"min":1200.0,"max":3200.0},{"current":2400.0,"min":1200.0,"max":3200.0},{"current":2400.0,"min":1200.0,"max":3200.0},{"current":1206.843,"min":1200.0,"max":3200.0},{"current":1202.062,"min":1200.0,"max":3200.0},{"current":2399.906,"min":1200.0,"max":3200.0},{"current":1289.437,"min":1200.0,"max":3200.0},{"current":3170.437,"min":1200.0,"max":3200.0},{"current":1351.687,"min":1200.0,"max":3200.0},{"current":1203.0,"min":1200.0,"max":3200.0},{"current":1399.968,"min":1200.0,"max":3200.0},{"current":1200.187,"min":1200.0,"max":3200.0},{"current":1246.687,"min":1200.0,"max":3200.0},{"current":1293.468,"min":1200.0,"max":3200.0},{"current":1224.375,"min":1200.0,"max":3200.0}],"realtime_carbon_intensity":390.7339814246,"disk_write_speed":17.2369759441,"process_ids":[15705,15781]}
{"timestamp":1573520897.0604119301,"rapl_power_draw_absolute":66.3514485075,"rapl_estimated_attributable_power_draw":15.2881324838,"cpu_time_seconds":{"15705":{"user":148.8,"system":7.61,"children_user":0.15,"children_system":0.14},"15781":{"user":2.52,"system":2.93,"children_user":0.32,"children_system":3.0}},"average_relative_cpu_utilization":0.237567721,"absolute_cpu_utilization":1.0036218772,"relative_mem_usage":0.1528516956,"absolute_mem_usage":12390374400.0,"absolute_mem_percent_usage":0.0917131231,"mem_info_per_process":{"15705":{"rss":7096451072,"vms":15983472640,"shared":568037376,"text":2322432,"lib":0,"data":14386970624,"dirty":0,"uss":3867381760,"pss":5479205888,"swap":0},"15781":{"rss":3939176448,"vms":10741596160,"shared":11825152,"text":2322432,"lib":0,"data":9360224256,"dirty":0,"uss":716849152,"pss":2326937600,"swap":0}},"nvidia_draw_absolute":49.22,"nvidia_estimated_attributable_power_draw":49.22,"average_gpu_estimated_utilization_absolute":0.29,"per_gpu_average_estimated_utilization_absolute":{"(0, 15705)":{"sm":29.0,"mem":7.5,"enc":0.0,"dec":0.0}},"average_gpu_estimated_utilization_relative":1.0,"per_gpu_performance_state":{"0":"P2"},"per_gpu_power_draw":{"0":49.22},"cpu_count_adjusted_average_load":[0.134375,0.131875,0.1353125],"cpu_freq":[{"current":1695.562,"min":1200.0,"max":3200.0},{"current":1935.656,"min":1200.0,"max":3200.0},{"current":2399.906,"min":1200.0,"max":3200.0},{"current":1236.0,"min":1200.0,"max":3200.0},{"current":1237.125,"min":1200.0,"max":3200.0},{"current":1241.062,"min":1200.0,"max":3200.0},{"current":1699.968,"min":1200.0,"max":3200.0},{"current":2400.0,"min":1200.0,"max":3200.0},{"current":3160.968,"min":1200.0,"max":3200.0},{"current":1297.406,"min":1200.0,"max":3200.0},{"current":1543.125,"min":1200.0,"max":3200.0},{"current":1200.281,"min":1200.0,"max":3200.0},{"current":1500.093,"min":1200.0,"max":3200.0},{"current":1200.093,"min":1200.0,"max":3200.0},{"current":1200.093,"min":1200.0,"max":3200.0},{"current":1281.281,"min":1200.0,"max":3200.0},{"current":1708.968,"min":1200.0,"max":3200.0},{"current":2399.906,"min":1200.0,"max":3200.0},{"current":2399.906,"min":1200.0,"max":3200.0},{"current":1280.343,"min":1200.0,"max":3200.0},{"current":1200.0,"min":1200.0,"max":3200.0},{"current":1200.0,"min":1200.0,"max":3200.0},{"current":1597.031,"min":1200.0,"max":3200.0},{"current":1982.343,"min":1200.0,"max":3200.0},{"current":3122.25,"min":1200.0,"max":3200.0},{"current":1638.093,"min":1200.0,"max":3200.0},{"current":1496.25,"min":1200.0,"max":3200.0},{"current":1399.406,"min":1200.0,"max":3200.0},{"current":1462.125,"min":1200.0,"max":3200.0},{"current":1201.968,"min":1200.0,"max":3200.0},{"current":1391.156,"min":1200.0,"max":3200.0},{"current":1200.468,"min":1200.0,"max":3200.0}],"realtime_carbon_intensity":390.7339814246,"disk_write_speed":11.9884468788,"process_ids":[15705,15781]}
{"timestamp":1573520905.056540966,"rapl_power_draw_absolute":65.3279451969,"rapl_estimated_attributable_power_draw":15.264433342,"cpu_time_seconds":{"15705":{"user":156.58,"system":7.82,"children_user":0.15,"children_system":0.14},"15781":{"user":2.64,"system":3.08,"children_user":0.34,"children_system":3.17}},"average_relative_cpu_utilization":0.2403604312,"absolute_cpu_utilization":0.9986043947,"relative_mem_usage":0.152836415,"absolute_mem_usage":12390528000.0,"absolute_mem_percent_usage":0.0917142601,"mem_info_per_process":{"15705":{"rss":7096451072,"vms":15983472640,"shared":568037376,"text":2322432,"lib":0,"data":14386970624,"dirty":0,"uss":3867435008,"pss":5479232512,"swap":0},"15781":{"rss":3939176448,"vms":10741596160,"shared":11825152,"text":2322432,"lib":0,"data":9360224256,"dirty":0,"uss":716898304,"pss":2326962176,"swap":0}},"nvidia_draw_absolute":46.26,"nvidia_estimated_attributable_power_draw":46.26,"average_gpu_estimated_utilization_absolute":0.29,"per_gpu_average_estimated_utilization_absolute":{"(0, 15705)":{"sm":29,"mem":7,"enc":0,"dec":0}},"average_gpu_estimated_utilization_relative":1.0,"per_gpu_performance_state":{"0":"P2"},"per_gpu_power_draw":{"0":46.26},"cpu_count_adjusted_average_load":[0.13375,0.131875,0.1353125],"cpu_freq":[{"current":1422.093,"min":1200.0,"max":3200.0},{"current":1398.0,"min":1200.0,"max":3200.0},{"current":1201.687,"min":1200.0,"max":3200.0},{"current":2004.187,"min":1200.0,"max":3200.0},{"current":1294.406,"min":1200.0,"max":3200.0},{"current":1201.218,"min":1200.0,"max":3200.0},{"current":2321.906,"min":1200.0,"max":3200.0},{"current":2400.0,"min":1200.0,"max":3200.0},{"current":3134.906,"min":1200.0,"max":3200.0},{"current":1399.593,"min":1200.0,"max":3200.0},{"current":1400.343,"min":1200.0,"max":3200.0},{"current":1700.062,"min":1200.0,"max":3200.0},{"current":1200.0,"min":1200.0,"max":3200.0},{"current":1213.312,"min":1200.0,"max":3200.0},{"current":1200.093,"min":1200.0,"max":3200.0},{"current":1243.406,"min":1200.0,"max":3200.0},{"current":1210.968,"min":1200.0,"max":3200.0},{"current":1499.906,"min":1200.0,"max":3200.0},{"current":2399.906,"min":1200.0,"max":3200.0},{"current":2400.0,"min":1200.0,"max":3200.0},{"current":1596.843,"min":1200.0,"max":3200.0},{"current":1377.937,"min":1200.0,"max":3200.0},{"current":2400.0,"min":1200.0,"max":3200.0},{"current":2400.0,"min":1200.0,"max":3200.0},{"current":3169.687,"min":1200.0,"max":3200.0},{"current":1246.218,"min":1200.0,"max":3200.0},{"current":1374.468,"min":1200.0,"max":3200.0},{"current":1378.125,"min":1200.0,"max":3200.0},{"current":1289.25,"min":1200.0,"max":3200.0},{"current":1202.625,"min":1200.0,"max":3200.0},{"current":1236.562,"min":1200.0,"max":3200.0},{"current":1207.5,"min":1200.0,"max":3200.0}],"realtime_carbon_intensity":390.7339814246,"disk_write_speed":3.5020970146,"process_ids":[15705,15781]}
{"timestamp":1573520913.1272339821,"rapl_power_draw_absolute":65.7045352,"rapl_estimated_attributable_power_draw":15.3749720074,"cpu_time_seconds":{"15705":{"user":164.44,"system":8.04,"children_user":0.15,"children_system":0.14},"15781":{"user":2.73,"system":3.22,"children_user":0.35,"children_system":3.34}},"average_relative_cpu_utilization":0.2406980488,"absolute_cpu_utilization":1.0035996101,"relative_mem_usage":0.1528228878,"absolute_mem_usage":12390626304.0,"absolute_mem_percent_usage":0.0917149877,"mem_info_per_process":{"15705":{"rss":7096451072,"vms":15983472640,"shared":568037376,"text":2322432,"lib":0,"data":14386970624,"dirty":0,"uss":3867467776,"pss":5479248896,"swap":0},"15781":{"rss":3939176448,"vms":10741596160,"shared":11825152,"text":2322432,"lib":0,"data":9360224256,"dirty":0,"uss":716931072,"pss":2326978560,"swap":0}},"nvidia_draw_absolute":46.09,"nvidia_estimated_attributable_power_draw":46.09,"average_gpu_estimated_utilization_absolute":0.29,"per_gpu_average_estimated_utilization_absolute":{"(0, 15705)":{"sm":29.0,"mem":7.5,"enc":0.0,"dec":0.0}},"average_gpu_estimated_utilization_relative":1.0,"per_gpu_performance_state":{"0":"P2"},"per_gpu_power_draw":{"0":46.09},"cpu_count_adjusted_average_load":[0.1325,0.1315625,0.1353125],"cpu_freq":[{"current":2399.906,"min":1200.0,"max":3200.0},{"current":2196.375,"min":1200.0,"max":3200.0},{"current":2400.0,"min":1200.0,"max":3200.0},{"current":1504.406,"min":1200.0,"max":3200.0},{"current":1395.843,"min":1200.0,"max":3200.0},{"current":1273.218,"min":1200.0,"max":3200.0},{"current":1299.937,"min":1200.0,"max":3200.0},{"current":2399.906,"min":1200.0,"max":3200.0},{"current":3082.125,"min":1200.0,"max":3200.0},{"current":1232.437,"min":1200.0,"max":3200.0},{"current":1223.156,"min":1200.0,"max":3200.0},{"current":1328.531,"min":1200.0,"max":3200.0},{"current":1200.093,"min":1200.0,"max":3200.0},{"current":1200.093,"min":1200.0,"max":3200.0},{"current":1200.0,"min":1200.0,"max":3200.0},{"current":1277.812,"min":1200.0,"max":3200.0},{"current":2400.0,"min":1200.0,"max":3200.0},{"current":2054.437,"min":1200.0,"max":3200.0},{"current":2400.0,"min":1200.0,"max":3200.0},{"current":1695.0,"min":1200.0,"max":3200.0},{"current":1286.625,"min":1200.0,"max":3200.0},{"current":1209.562,"min":1200.0,"max":3200.0},{"current":1399.968,"min":1200.0,"max":3200.0},{"current":1496.718,"min":1200.0,"max":3200.0},{"current":3132.843,"min":1200.0,"max":3200.0},{"current":1392.375,"min":1200.0,"max":3200.0},{"current":1224.562,"min":1200.0,"max":3200.0},{"current":1335.0,"min":1200.0,"max":3200.0},{"current":1247.343,"min":1200.0,"max":3200.0},{"current":1269.937,"min":1200.0,"max":3200.0},{"current":1265.062,"min":1200.0,"max":3200.0},{"current":1300.5,"min":1200.0,"max":3200.0}],"realtime_carbon_intensity":390.7339814246,"disk_write_speed":12.9298702923,"process_ids":[15705,15781]}
