{"timestamp":1572291765.1635489464,"rapl_power_draw_absolute":81.0773291068,"rapl_estimated_attributable_power_draw":18.8047362372,"cpu_time_seconds":{"13801":{"user":0.04,"system":0.02,"children_user":0.0,"children_system":0.0},"13826":{"user":0.0,"system":0.02,"children_user":0.0,"children_system":0.01},"13764":{"user":51.48,"system":4.96,"children_user":0.12,"children_system":0.1}},"average_relative_cpu_utilization":0.2426749202,"absolute_cpu_utilization":0.993236221,"relative_mem_usage":0.1277309207,"absolute_mem_usage":2485204992.0,"absolute_mem_percent_usage":0.0183954015,"mem_info_per_process":{"13801":{"rss":11300864,"vms":28168192,"shared":5746688,"text":2322432,"lib":0,"data":5283840,"dirty":0,"uss":5582848,"pss":5940224,"swap":0},"13826":{"rss":1301938176,"vms":3524014080,"shared":8474624,"text":2322432,"lib":0,"data":1900843008,"dirty":0,"uss":123482112,"pss":709279744,"swap":0},"13764":{"rss":1745432576,"vms":8618442752,"shared":146403328,"text":2322432,"lib":0,"data":6886895616,"dirty":0,"uss":513548288,"pss":1127371776,"swap":0}},"nvidia_draw_absolute":37.13,"nvidia_estimated_attributable_power_draw":37.13,"average_gpu_estimated_utilization_absolute":0.0275,"per_gpu_average_estimated_utilization_absolute":{"(0, 13764)":{"sm":2.75,"mem":0.0,"enc":0.0,"dec":0.0}},"average_gpu_estimated_utilization_relative":1.0,"per_gpu_performance_state":{"0":"P2"},"per_gpu_power_draw":{"0":37.13},"cpu_count_adjusted_average_load":[0.156875,0.14875,0.14625],"realtime_carbon_intensity":212.4018981566,"disk_write_speed":40.5766128995,"process_ids":[13801,13826,13764]}
{"timestamp":1572291773.3407740593,"rapl_power_draw_absolute":82.7526730592,"rapl_estimated_attributable_power_draw":21.2926697045,"cpu_time_seconds":{"13801":{"user":0.04,"system":0.02,"children_user":0.0,"children_system":0.0},"13826":{"user":0.25,"system":0.16,"children_user":0.01,"children_system":0.2},"13764":{"user":58.28,"system":6.31,"children_user":0.12,"children_system":0.1}},"average_relative_cpu_utilization":0.2438804389,"absolute_cpu_utilization":0.9984105388,"relative_mem_usage":0.401243233,"absolute_mem_usage":8977629184.0,"absolute_mem_percent_usage":0.066452101,"mem_info_per_process":{"13801":{"rss":11300864,"vms":28168192,"shared":5746688,"text":2322432,"lib":0,"data":5283840,"dirty":0,"uss":5582848,"pss":5939200,"swap":0},"13826":{"rss":1308356608,"vms":3524014080,"shared":14880768,"text":2322432,"lib":0,"data":1900843008,"dirty":0,"uss":697786368,"pss":997417984,"swap":0},"13764":{"rss":4437651456,"vms":13383004160,"shared":579973120,"text":2322432,"lib":0,"data":11551076352,"dirty":0,"uss":3433041920,"pss":3837860864,"swap":0}},"nvidia_draw_absolute":35.67,"nvidia_estimated_attributable_power_draw":0.0,"average_gpu_estimated_utilization_absolute":0.0,"per_gpu_average_estimated_utilization_absolute":{"(0, 13764)":{"sm":0,"mem":0,"enc":0,"dec":0}},"average_gpu_estimated_utilization_relative":0.0,"per_gpu_performance_state":{"0":"P2"},"per_gpu_power_draw":{"0":35.67},"cpu_count_adjusted_average_load":[0.156875,0.1490625,0.14625],"realtime_carbon_intensity":212.4018981566,"disk_write_speed":39.703147245,"process_ids":[13801,13826,13764]}
{"timestamp":1572291781.2991929054,"rapl_power_draw_absolute":82.8874754533,"rapl_estimated_attributable_power_draw":21.4624322687,"cpu_time_seconds":{"13801":{"user":0.04,"system":0.02,"children_user":0.0,"children_system":0.0},"13826":{"user":0.43,"system":0.35,"children_user":0.02,"children_system":0.37},"13764":{"user":66.24,"system":6.32,"children_user":0.12,"children_system":0.1}},"average_relative_cpu_utilization":0.2457226849,"absolute_cpu_utilization":1.0084094234,"relative_mem_usage":0.401648974,"absolute_mem_usage":8988729344.0,"absolute_mem_percent_usage":0.066534264,"mem_info_per_process":{"13801":{"rss":11300864,"vms":28168192,"shared":5746688,"text":2322432,"lib":0,"data":5283840,"dirty":0,"uss":5582848,"pss":5939200,"swap":0},"13826":{"rss":1308356608,"vms":3524014080,"shared":14880768,"text":2322432,"lib":0,"data":1900843008,"dirty":0,"uss":701652992,"pss":999351296,"swap":0},"13764":{"rss":4437401600,"vms":13382742016,"shared":579973120,"text":2322432,"lib":0,"data":11550814208,"dirty":0,"uss":3436658688,"pss":3839544320,"swap":0}},"nvidia_draw_absolute":41.32,"nvidia_estimated_attributable_power_draw":0.0,"average_gpu_estimated_utilization_absolute":0.0,"per_gpu_average_estimated_utilization_absolute":{"(0, 13764)":{"sm":0,"mem":0,"enc":0,"dec":0}},"average_gpu_estimated_utilization_relative":0.0,"per_gpu_performance_state":{"0":"P2"},"per_gpu_power_draw":{"0":41.32},"cpu_count_adjusted_average_load":[0.154375,0.14875,0.14625],"realtime_carbon_intensity":212.4018981566,"disk_write_speed":45.9794410205,"process_ids":[13801,13826,13764]}
{"timestamp":1572291789.270966053,"rapl_power_draw_absolute":79.3925899636,"rapl_estimated_attributable_power_draw":20.4111194853,"cpu_time_seconds":{"13801":{"user":0.04,"system":0.02,"children_user":0.0,"children_system":0.0},"13826":{"user":0.64,"system":0.52,"children_user":0.06,"children_system":0.52},"13764":{"user":74.11,"system":6.41,"children_user":0.12,"children_system":0.1}},"average_relative_cpu_utilization":0.2429958855,"absolute_cpu_utilization":0.9984414747,"relative_mem_usage":0.4020643474,"absolute_mem_usage":8999181312.0,"absolute_mem_percent_usage":0.0666116291,"mem_info_per_process":{"13801":{"rss":11300864,"vms":28168192,"shared":5746688,"text":2322432,"lib":0,"data":5283840,"dirty":0,"uss":5582848,"pss":5939200,"swap":0},"13826":{"rss":1308356608,"vms":3524014080,"shared":14880768,"text":2322432,"lib":0,"data":1900843008,"dirty":0,"uss":704180224,"pss":1000614912,"swap":0},"13764":{"rss":4446703616,"vms":13718286336,"shared":589238272,"text":2322432,"lib":0,"data":11886358528,"dirty":0,"uss":3439325184,"pss":3843538944,"swap":0}},"nvidia_draw_absolute":35.66,"nvidia_estimated_attributable_power_draw":35.66,"average_gpu_estimated_utilization_absolute":0.2666666667,"per_gpu_average_estimated_utilization_absolute":{"(0, 13764)":{"sm":26.6666666667,"mem":5.0,"enc":0.0,"dec":0.0}},"average_gpu_estimated_utilization_relative":1.0,"per_gpu_performance_state":{"0":"P2"},"per_gpu_power_draw":{"0":35.66},"cpu_count_adjusted_average_load":[0.1496875,0.1478125,0.1459375],"realtime_carbon_intensity":212.4018981566,"disk_write_speed":39.6624679255,"process_ids":[13801,13826,13764]}
{"timestamp":1572291797.229352951,"rapl_power_draw_absolute":79.5153584298,"rapl_estimated_attributable_power_draw":20.6183749592,"cpu_time_seconds":{"13801":{"user":0.04,"system":0.02,"children_user":0.0,"children_system":0.0},"13826":{"user":0.86,"system":0.68,"children_user":0.07,"children_system":0.69},"13764":{"user":81.89,"system":6.6,"children_user":0.12,"children_system":0.1}},"average_relative_cpu_utilization":0.2454021999,"absolute_cpu_utilization":1.0034449018,"relative_mem_usage":0.4023208454,"absolute_mem_usage":9005970432.0,"absolute_mem_percent_usage":0.0666618819,"mem_info_per_process":{"13801":{"rss":11300864,"vms":28168192,"shared":5746688,"text":2322432,"lib":0,"data":5283840,"dirty":0,"uss":5582848,"pss":5939200,"swap":0},"13826":{"rss":1308356608,"vms":3524014080,"shared":14880768,"text":2322432,"lib":0,"data":1900843008,"dirty":0,"uss":706494464,"pss":1001772032,"swap":0},"13764":{"rss":4446703616,"vms":13718286336,"shared":589238272,"text":2322432,"lib":0,"data":11886358528,"dirty":0,"uss":3441537024,"pss":3844644864,"swap":0}},"nvidia_draw_absolute":43.19,"nvidia_estimated_attributable_power_draw":43.19,"average_gpu_estimated_utilization_absolute":0.315,"per_gpu_average_estimated_utilization_absolute":{"(0, 13764)":{"sm":31.5,"mem":6.0,"enc":0.0,"dec":0.0}},"average_gpu_estimated_utilization_relative":1.0,"per_gpu_performance_state":{"0":"P2"},"per_gpu_power_draw":{"0":43.19},"cpu_count_adjusted_average_load":[0.1528125,0.1484375,0.14625],"realtime_carbon_intensity":212.4018981566,"disk_write_speed":40.3781002022,"process_ids":[13801,13826,13764]}
{"timestamp":1572291805.2003040314,"rapl_power_draw_absolute":79.3759789704,"rapl_estimated_attributable_power_draw":20.6520568716,"cpu_time_seconds":{"13801":{"user":0.04,"system":0.02,"children_user":0.0,"children_system":0.0},"13826":{"user":1.03,"system":0.87,"children_user":0.07,"children_system":0.87},"13764":{"user":89.64,"system":6.82,"children_user":0.12,"children_system":0.1}},"average_relative_cpu_utilization":0.2463040942,"absolute_cpu_utilization":1.0034318402,"relative_mem_usage":0.402462497,"absolute_mem_usage":9009583104.0,"absolute_mem_percent_usage":0.0666886228,"mem_info_per_process":{"13801":{"rss":11300864,"vms":28168192,"shared":5746688,"text":2322432,"lib":0,"data":5283840,"dirty":0,"uss":5582848,"pss":5939200,"swap":0},"13826":{"rss":1308356608,"vms":3524014080,"shared":14880768,"text":2322432,"lib":0,"data":1900843008,"dirty":0,"uss":707698688,"pss":1002374144,"swap":0},"13764":{"rss":4446703616,"vms":13718286336,"shared":589238272,"text":2322432,"lib":0,"data":11886358528,"dirty":0,"uss":3442741248,"pss":3845246976,"swap":0}},"nvidia_draw_absolute":42.48,"nvidia_estimated_attributable_power_draw":42.48,"average_gpu_estimated_utilization_absolute":0.315,"per_gpu_average_estimated_utilization_absolute":{"(0, 13764)":{"sm":31.5,"mem":6.0,"enc":0.0,"dec":0.0}},"average_gpu_estimated_utilization_relative":1.0,"per_gpu_performance_state":{"0":"P2"},"per_gpu_power_draw":{"0":42.48},"cpu_count_adjusted_average_load":[0.1509375,0.1484375,0.14625],"realtime_carbon_intensity":212.4018981566,"disk_write_speed":41.8674791685,"process_ids":[13801,13826,13764]}
{"timestamp":1572291813.1414020061,"rapl_power_draw_absolute":79.5179006571,"rapl_estimated_attributable_power_draw":20.6092538803,"cpu_time_seconds":{"13801":{"user":0.04,"system":0.02,"children_user":0.0,"children_system":0.0},"13826":{"user":1.23,"system":1.03,"children_user":0.08,"children_system":1.04},"13764":{"user":97.4,"system":7.01,"children_user":0.12,"children_system":0.1}},"average_relative_cpu_utilization":0.2454016665,"absolute_cpu_utilization":1.0034436473,"relative_mem_usage":0.4025051284,"absolute_mem_usage":9011856384.0,"absolute_mem_percent_usage":0.0667054495,"mem_info_per_process":{"13801":{"rss":11300864,"vms":28168192,"shared":5746688,"text":2322432,"lib":0,"data":5283840,"dirty":0,"uss":5582848,"pss":5939200,"swap":0},"13826":{"rss":1308356608,"vms":3524014080,"shared":14880768,"text":2322432,"lib":0,"data":1900843008,"dirty":0,"uss":708456448,"pss":1002753024,"swap":0},"13764":{"rss":4446703616,"vms":13718286336,"shared":589238272,"text":2322432,"lib":0,"data":11886358528,"dirty":0,"uss":3443499008,"pss":3845625856,"swap":0}},"nvidia_draw_absolute":43.27,"nvidia_estimated_attributable_power_draw":43.27,"average_gpu_estimated_utilization_absolute":0.3166666667,"per_gpu_average_estimated_utilization_absolute":{"(0, 13764)":{"sm":31.6666666667,"mem":5.6666666667,"enc":0.0,"dec":0.0}},"average_gpu_estimated_utilization_relative":1.0,"per_gpu_performance_state":{"0":"P2"},"per_gpu_power_draw":{"0":43.27},"cpu_count_adjusted_average_load":[0.14875,0.1478125,0.1459375],"realtime_carbon_intensity":212.4018981566,"disk_write_speed":35.9263007458,"process_ids":[13801,13826,13764]}
{"timestamp":1572291821.1483850479,"rapl_power_draw_absolute":79.5068563603,"rapl_estimated_attributable_power_draw":20.5746769634,"cpu_time_seconds":{"13801":{"user":0.04,"system":0.02,"children_user":0.0,"children_system":0.0},"13826":{"user":1.43,"system":1.22,"children_user":0.08,"children_system":1.2},"13764":{"user":105.2,"system":7.22,"children_user":0.12,"children_system":0.1}},"average_relative_cpu_utilization":0.2447741331,"absolute_cpu_utilization":0.9984193453,"relative_mem_usage":0.4025807399,"absolute_mem_usage":9013545984.0,"absolute_mem_percent_usage":0.0667179559,"mem_info_per_process":{"13801":{"rss":11300864,"vms":28168192,"shared":5746688,"text":2322432,"lib":0,"data":5283840,"dirty":0,"uss":5582848,"pss":5939200,"swap":0},"13826":{"rss":1308356608,"vms":3524014080,"shared":14880768,"text":2322432,"lib":0,"data":1900843008,"dirty":0,"uss":709009408,"pss":1003029504,"swap":0},"13764":{"rss":4446703616,"vms":13718286336,"shared":589238272,"text":2322432,"lib":0,"data":11886358528,"dirty":0,"uss":3444072448,"pss":3845912576,"swap":0}},"nvidia_draw_absolute":43.75,"nvidia_estimated_attributable_power_draw":43.75,"average_gpu_estimated_utilization_absolute":0.3175,"per_gpu_average_estimated_utilization_absolute":{"(0, 13764)":{"sm":31.75,"mem":5.75,"enc":0.0,"dec":0.0}},"average_gpu_estimated_utilization_relative":1.0,"per_gpu_performance_state":{"0":"P2"},"per_gpu_power_draw":{"0":43.75},"cpu_count_adjusted_average_load":[0.145,0.1471875,0.145625],"realtime_carbon_intensity":212.4018981566,"disk_write_speed":35.6956979334,"process_ids":[13801,13826,13764]}
{"timestamp":1572291829.1088581085,"rapl_power_draw_absolute":79.6783602936,"rapl_estimated_attributable_power_draw":20.5442587431,"cpu_time_seconds":{"13801":{"user":0.04,"system":0.02,"children_user":0.0,"children_system":0.0},"13826":{"user":1.63,"system":1.38,"children_user":0.1,"children_system":1.37},"13764":{"user":112.86,"system":7.51,"children_user":0.12,"children_system":0.1}},"average_relative_cpu_utilization":0.2444782035,"absolute_cpu_utilization":0.9984399075,"relative_mem_usage":0.4026286904,"absolute_mem_usage":9014866944.0,"absolute_mem_percent_usage":0.0667277336,"mem_info_per_process":{"13801":{"rss":11300864,"vms":28168192,"shared":5746688,"text":2322432,"lib":0,"data":5283840,"dirty":0,"uss":5582848,"pss":5939200,"swap":0},"13826":{"rss":1308356608,"vms":3524014080,"shared":14880768,"text":2322432,"lib":0,"data":1900843008,"dirty":0,"uss":709459968,"pss":1003254784,"swap":0},"13764":{"rss":4446703616,"vms":13718286336,"shared":589238272,"text":2322432,"lib":0,"data":11886358528,"dirty":0,"uss":3444502528,"pss":3846127616,"swap":0}},"nvidia_draw_absolute":46.38,"nvidia_estimated_attributable_power_draw":46.38,"average_gpu_estimated_utilization_absolute":0.375,"per_gpu_average_estimated_utilization_absolute":{"(0, 13764)":{"sm":37.5,"mem":7.0,"enc":0.0,"dec":0.0}},"average_gpu_estimated_utilization_relative":1.0,"per_gpu_performance_state":{"0":"P2"},"per_gpu_power_draw":{"0":46.38},"cpu_count_adjusted_average_load":[0.144375,0.146875,0.145625],"realtime_carbon_intensity":212.4018981566,"disk_write_speed":41.7362468341,"process_ids":[13801,13826,13764]}
{"timestamp":1572291837.0751030445,"rapl_power_draw_absolute":79.5326878191,"rapl_estimated_attributable_power_draw":20.621318348,"cpu_time_seconds":{"13801":{"user":0.04,"system":0.02,"children_user":0.0,"children_system":0.0},"13826":{"user":1.83,"system":1.56,"children_user":0.12,"children_system":1.53},"13764":{"user":120.51,"system":7.83,"children_user":0.12,"children_system":0.1}},"average_relative_cpu_utilization":0.2453813162,"absolute_cpu_utilization":0.9984503765,"relative_mem_usage":0.402646793,"absolute_mem_usage":9015923712.0,"absolute_mem_percent_usage":0.0667355557,"mem_info_per_process":{"13801":{"rss":11300864,"vms":28168192,"shared":5746688,"text":2322432,"lib":0,"data":5283840,"dirty":0,"uss":5582848,"pss":5939200,"swap":0},"13826":{"rss":1308356608,"vms":3524014080,"shared":14880768,"text":2322432,"lib":0,"data":1900843008,"dirty":0,"uss":709812224,"pss":1003430912,"swap":0},"13764":{"rss":4446703616,"vms":13718286336,"shared":589238272,"text":2322432,"lib":0,"data":11886358528,"dirty":0,"uss":3444854784,"pss":3846303744,"swap":0}},"nvidia_draw_absolute":45.63,"nvidia_estimated_attributable_power_draw":45.63,"average_gpu_estimated_utilization_absolute":0.37,"per_gpu_average_estimated_utilization_absolute":{"(0, 13764)":{"sm":37,"mem":7,"enc":0,"dec":0}},"average_gpu_estimated_utilization_relative":1.0,"per_gpu_performance_state":{"0":"P2"},"per_gpu_power_draw":{"0":45.63},"cpu_count_adjusted_average_load":[0.1453125,0.1471875,0.145625],"realtime_carbon_intensity":212.4018981566,"disk_write_speed":38.1333470315,"process_ids":[13801,13826,13764]}
{"timestamp":1572291845.0503230095,"rapl_power_draw_absolute":79.4535845254,"rapl_estimated_attributable_power_draw":20.4934595344,"cpu_time_seconds":{"13801":{"user":0.04,"system":0.02,"children_user":0.0,"children_system":0.0},"13826":{"user":2.03,"system":1.74,"children_user":0.13,"children_system":1.7},"13764":{"user":128.15,"system":8.17,"children_user":0.12,"children_system":0.1}},"average_relative_cpu_utilization":0.243882906,"absolute_cpu_utilization":0.9984305361,"relative_mem_usage":0.4026964981,"absolute_mem_usage":9016777728.0,"absolute_mem_percent_usage":0.0667418771,"mem_info_per_process":{"13801":{"rss":11300864,"vms":28168192,"shared":5746688,"text":2322432,"lib":0,"data":5283840,"dirty":0,"uss":5582848,"pss":5939200,"swap":0},"13826":{"rss":1308356608,"vms":3524014080,"shared":14880768,"text":2322432,"lib":0,"data":1900843008,"dirty":0,"uss":710090752,"pss":1003570176,"swap":0},"13764":{"rss":4446703616,"vms":13718286336,"shared":589238272,"text":2322432,"lib":0,"data":11886358528,"dirty":0,"uss":3445145600,"pss":3846449152,"swap":0}},"nvidia_draw_absolute":45.14,"nvidia_estimated_attributable_power_draw":45.14,"average_gpu_estimated_utilization_absolute":0.37,"per_gpu_average_estimated_utilization_absolute":{"(0, 13764)":{"sm":37,"mem":7,"enc":0,"dec":0}},"average_gpu_estimated_utilization_relative":1.0,"per_gpu_performance_state":{"0":"P2"},"per_gpu_power_draw":{"0":45.14},"cpu_count_adjusted_average_load":[0.1421875,0.14625,0.145625],"realtime_carbon_intensity":212.4018981566,"disk_write_speed":45.9037120679,"process_ids":[13801,13826,13764]}
{"timestamp":1572291852.998994112,"rapl_power_draw_absolute":79.5659147243,"rapl_estimated_attributable_power_draw":20.5308591991,"cpu_time_seconds":{"13801":{"user":0.04,"system":0.02,"children_user":0.0,"children_system":0.0},"13826":{"user":2.2,"system":1.9,"children_user":0.16,"children_system":1.86},"13764":{"user":135.86,"system":8.41,"children_user":0.12,"children_system":0.1}},"average_relative_cpu_utilization":0.2441789256,"absolute_cpu_utilization":0.9984127483,"relative_mem_usage":0.4027014804,"absolute_mem_usage":9017478144.0,"absolute_mem_percent_usage":0.0667470616,"mem_info_per_process":{"13801":{"rss":11300864,"vms":28168192,"shared":5746688,"text":2322432,"lib":0,"data":5283840,"dirty":0,"uss":5582848,"pss":5939200,"swap":0},"13826":{"rss":1308356608,"vms":3524014080,"shared":14880768,"text":2322432,"lib":0,"data":1900843008,"dirty":0,"uss":710328320,"pss":1003688960,"swap":0},"13764":{"rss":4446703616,"vms":13718286336,"shared":589238272,"text":2322432,"lib":0,"data":11886358528,"dirty":0,"uss":3445374976,"pss":3846563840,"swap":0}},"nvidia_draw_absolute":45.04,"nvidia_estimated_attributable_power_draw":45.04,"average_gpu_estimated_utilization_absolute":0.375,"per_gpu_average_estimated_utilization_absolute":{"(0, 13764)":{"sm":37.5,"mem":7.0,"enc":0.0,"dec":0.0}},"average_gpu_estimated_utilization_relative":1.0,"per_gpu_performance_state":{"0":"P2"},"per_gpu_power_draw":{"0":45.04},"cpu_count_adjusted_average_load":[0.1409375,0.1459375,0.1453125],"realtime_carbon_intensity":212.4018981566,"disk_write_speed":44.1344093696,"process_ids":[13801,13826,13764]}
{"timestamp":1572291860.9695980549,"rapl_power_draw_absolute":79.6387670446,"rapl_estimated_attributable_power_draw":20.7836020684,"cpu_time_seconds":{"13801":{"user":0.04,"system":0.02,"children_user":0.0,"children_system":0.0},"13826":{"user":2.4,"system":2.09,"children_user":0.17,"children_system":2.02},"13764":{"user":143.49,"system":8.76,"children_user":0.12,"children_system":0.1}},"average_relative_cpu_utilization":0.2472296379,"absolute_cpu_utilization":1.0084200096,"relative_mem_usage":0.4027356136,"absolute_mem_usage":9017938944.0,"absolute_mem_percent_usage":0.0667504724,"mem_info_per_process":{"13801":{"rss":11300864,"vms":28168192,"shared":5746688,"text":2322432,"lib":0,"data":5283840,"dirty":0,"uss":5582848,"pss":5939200,"swap":0},"13826":{"rss":1308356608,"vms":3524014080,"shared":14880768,"text":2322432,"lib":0,"data":1900843008,"dirty":0,"uss":710475776,"pss":1003762688,"swap":0},"13764":{"rss":4446703616,"vms":13718286336,"shared":589238272,"text":2322432,"lib":0,"data":11886358528,"dirty":0,"uss":3445534720,"pss":3846643712,"swap":0}},"nvidia_draw_absolute":49.9,"nvidia_estimated_attributable_power_draw":49.9,"average_gpu_estimated_utilization_absolute":0.365,"per_gpu_average_estimated_utilization_absolute":{"(0, 13764)":{"sm":36.5,"mem":7.0,"enc":0.0,"dec":0.0}},"average_gpu_estimated_utilization_relative":1.0,"per_gpu_performance_state":{"0":"P2"},"per_gpu_power_draw":{"0":49.9},"cpu_count_adjusted_average_load":[0.1434375,0.14625,0.145625],"realtime_carbon_intensity":212.4018981566,"disk_write_speed":40.5642234136,"process_ids":[13801,13826,13764]}
{"timestamp":1572291868.9423890114,"rapl_power_draw_absolute":79.6953260622,"rapl_estimated_attributable_power_draw":20.6885798507,"cpu_time_seconds":{"13801":{"user":0.04,"system":0.02,"children_user":0.0,"children_system":0.0},"13826":{"user":2.62,"system":2.25,"children_user":0.18,"children_system":2.19},"13764":{"user":151.14,"system":9.08,"children_user":0.12,"children_system":0.1}},"average_relative_cpu_utilization":0.2457018279,"absolute_cpu_utilization":1.0034174862,"relative_mem_usage":0.40274896,"absolute_mem_usage":9018381312.0,"absolute_mem_percent_usage":0.0667537468,"mem_info_per_process":{"13801":{"rss":11300864,"vms":28168192,"shared":5746688,"text":2322432,"lib":0,"data":5283840,"dirty":0,"uss":5582848,"pss":5939200,"swap":0},"13826":{"rss":1308356608,"vms":3524014080,"shared":14880768,"text":2322432,"lib":0,"data":1900843008,"dirty":0,"uss":710631424,"pss":1003840512,"swap":0},"13764":{"rss":4446703616,"vms":13718286336,"shared":589238272,"text":2322432,"lib":0,"data":11886358528,"dirty":0,"uss":3445673984,"pss":3846713344,"swap":0}},"nvidia_draw_absolute":49.62,"nvidia_estimated_attributable_power_draw":49.62,"average_gpu_estimated_utilization_absolute":0.365,"per_gpu_average_estimated_utilization_absolute":{"(0, 13764)":{"sm":36.5,"mem":7.0,"enc":0.0,"dec":0.0}},"average_gpu_estimated_utilization_relative":1.0,"per_gpu_performance_state":{"0":"P2"},"per_gpu_power_draw":{"0":49.62},"cpu_count_adjusted_average_load":[0.141875,0.1459375,0.1453125],"realtime_carbon_intensity":212.4018981566,"disk_write_speed":43.240794518,"process_ids":[13801,13826,13764]}
{"timestamp":1572291876.8939220905,"rapl_power_draw_absolute":79.5081017428,"rapl_estimated_attributable_power_draw":20.454631703,"cpu_time_seconds":{"13801":{"user":0.04,"system":0.02,"children_user":0.0,"children_system":0.0},"13826":{"user":2.82,"system":2.42,"children_user":0.2,"children_system":2.34},"13764":{"user":158.81,"system":9.36,"children_user":0.12,"children_system":0.1}},"average_relative_cpu_utilization":0.2441787781,"absolute_cpu_utilization":0.9984121467,"relative_mem_usage":0.4027703261,"absolute_mem_usage":9018737664.0,"absolute_mem_percent_usage":0.0667563845,"mem_info_per_process":{"13801":{"rss":11300864,"vms":28168192,"shared":5746688,"text":2322432,"lib":0,"data":5283840,"dirty":0,"uss":5582848,"pss":5939200,"swap":0},"13826":{"rss":1308356608,"vms":3524014080,"shared":14880768,"text":2322432,"lib":0,"data":1900843008,"dirty":0,"uss":710750208,"pss":1003899904,"swap":0},"13764":{"rss":4446703616,"vms":13718286336,"shared":589238272,"text":2322432,"lib":0,"data":11886358528,"dirty":0,"uss":3445792768,"pss":3846772736,"swap":0}},"nvidia_draw_absolute":45.14,"nvidia_estimated_attributable_power_draw":45.14,"average_gpu_estimated_utilization_absolute":0.365,"per_gpu_average_estimated_utilization_absolute":{"(0, 13764)":{"sm":36.5,"mem":7.0,"enc":0.0,"dec":0.0}},"average_gpu_estimated_utilization_relative":1.0,"per_gpu_performance_state":{"0":"P2"},"per_gpu_power_draw":{"0":45.14},"cpu_count_adjusted_average_load":[0.1484375,0.1471875,0.1459375],"realtime_carbon_intensity":212.4018981566,"disk_write_speed":37.3241385641,"process_ids":[13801,13826,13764]}
{"timestamp":1572291884.8573610783,"rapl_power_draw_absolute":79.4850030127,"rapl_estimated_attributable_power_draw":20.6987457651,"cpu_time_seconds":{"13801":{"user":0.04,"system":0.02,"children_user":0.0,"children_system":0.0},"13826":{"user":3.04,"system":2.59,"children_user":0.23,"children_system":2.5},"13764":{"user":166.5,"system":9.64,"children_user":0.12,"children_system":0.1}},"average_relative_cpu_utilization":0.2466061592,"absolute_cpu_utilization":1.0034194972,"relative_mem_usage":0.4027968434,"absolute_mem_usage":9018940416.0,"absolute_mem_percent_usage":0.0667578853,"mem_info_per_process":{"13801":{"rss":11300864,"vms":28168192,"shared":5746688,"text":2322432,"lib":0,"data":5283840,"dirty":0,"uss":5582848,"pss":5939200,"swap":0},"13826":{"rss":1308356608,"vms":3524014080,"shared":14880768,"text":2322432,"lib":0,"data":1900843008,"dirty":0,"uss":710815744,"pss":1003932672,"swap":0},"13764":{"rss":4446703616,"vms":13718286336,"shared":589238272,"text":2322432,"lib":0,"data":11886358528,"dirty":0,"uss":3445862400,"pss":3846807552,"swap":0}},"nvidia_draw_absolute":45.32,"nvidia_estimated_attributable_power_draw":45.32,"average_gpu_estimated_utilization_absolute":0.365,"per_gpu_average_estimated_utilization_absolute":{"(0, 13764)":{"sm":36.5,"mem":7.0,"enc":0.0,"dec":0.0}},"average_gpu_estimated_utilization_relative":1.0,"per_gpu_performance_state":{"0":"P2"},"per_gpu_power_draw":{"0":45.32},"cpu_count_adjusted_average_load":[0.1471875,0.1471875,0.145625],"realtime_carbon_intensity":212.4018981566,"disk_write_speed":41.7065637833,"process_ids":[13801,13826,13764]}
{"timestamp":1572291892.839099884,"rapl_power_draw_absolute":79.5532172253,"rapl_estimated_attributable_power_draw":20.6172626804,"cpu_time_seconds":{"13801":{"user":0.04,"system":0.02,"children_user":0.0,"children_system":0.0},"13826":{"user":3.22,"system":2.78,"children_user":0.24,"children_system":2.67},"13764":{"user":174.17,"system":9.96,"children_user":0.12,"children_system":0.1}},"average_relative_cpu_utilization":0.2453793594,"absolute_cpu_utilization":0.9984307497,"relative_mem_usage":0.4028144,"absolute_mem_usage":9019290624.0,"absolute_mem_percent_usage":0.0667604775,"mem_info_per_process":{"13801":{"rss":11300864,"vms":28168192,"shared":5746688,"text":2322432,"lib":0,"data":5283840,"dirty":0,"uss":5582848,"pss":5939200,"swap":0},"13826":{"rss":1308356608,"vms":3524014080,"shared":14880768,"text":2322432,"lib":0,"data":1900843008,"dirty":0,"uss":710934528,"pss":1003992064,"swap":0},"13764":{"rss":4446703616,"vms":13718286336,"shared":589238272,"text":2322432,"lib":0,"data":11886358528,"dirty":0,"uss":3445977088,"pss":3846864896,"swap":0}},"nvidia_draw_absolute":45.62,"nvidia_estimated_attributable_power_draw":45.62,"average_gpu_estimated_utilization_absolute":0.37,"per_gpu_average_estimated_utilization_absolute":{"(0, 13764)":{"sm":37,"mem":7,"enc":0,"dec":0}},"average_gpu_estimated_utilization_relative":1.0,"per_gpu_performance_state":{"0":"P2"},"per_gpu_power_draw":{"0":45.62},"cpu_count_adjusted_average_load":[0.145625,0.1465625,0.145625],"realtime_carbon_intensity":212.4018981566,"disk_write_speed":41.2864066285,"process_ids":[13801,13826,13764]}
{"timestamp":1572291900.8470718861,"rapl_power_draw_absolute":79.4141337163,"rapl_estimated_attributable_power_draw":20.0666889985,"cpu_time_seconds":{"13801":{"user":0.04,"system":0.02,"children_user":0.0,"children_system":0.0},"13826":{"user":3.46,"system":2.95,"children_user":0.25,"children_system":2.84},"13764":{"user":181.87,"system":10.26,"children_user":0.12,"children_system":0.1}},"average_relative_cpu_utilization":0.2383602002,"absolute_cpu_utilization":0.9984556927,"relative_mem_usage":0.402589341,"absolute_mem_usage":9019460608.0,"absolute_mem_percent_usage":0.0667617357,"mem_info_per_process":{"13801":{"rss":11300864,"vms":28168192,"shared":5746688,"text":2322432,"lib":0,"data":5283840,"dirty":0,"uss":5582848,"pss":5936128,"swap":0},"13826":{"rss":1308356608,"vms":3524014080,"shared":14880768,"text":2322432,"lib":0,"data":1900843008,"dirty":0,"uss":710995968,"pss":1004021760,"swap":0},"13764":{"rss":4446703616,"vms":13718286336,"shared":589238272,"text":2322432,"lib":0,"data":11886358528,"dirty":0,"uss":3446038528,"pss":3846885376,"swap":0}},"nvidia_draw_absolute":48.36,"nvidia_estimated_attributable_power_draw":48.36,"average_gpu_estimated_utilization_absolute":0.36,"per_gpu_average_estimated_utilization_absolute":{"(0, 13764)":{"sm":36,"mem":7,"enc":0,"dec":0}},"average_gpu_estimated_utilization_relative":1.0,"per_gpu_performance_state":{"0":"P2"},"per_gpu_power_draw":{"0":48.36},"cpu_count_adjusted_average_load":[0.1421875,0.1459375,0.1453125],"realtime_carbon_intensity":212.4018981566,"disk_write_speed":41.4494949424,"process_ids":[13801,13826,13764]}
{"timestamp":1572291908.7934939861,"rapl_power_draw_absolute":79.6705524145,"rapl_estimated_attributable_power_draw":20.6804017899,"cpu_time_seconds":{"13801":{"user":0.04,"system":0.02,"children_user":0.0,"children_system":0.0},"13826":{"user":3.64,"system":3.11,"children_user":0.27,"children_system":2.99},"13764":{"user":189.49,"system":10.6,"children_user":0.12,"children_system":0.1}},"average_relative_cpu_utilization":0.2457017428,"absolute_cpu_utilization":1.0034369235,"relative_mem_usage":0.4025944293,"absolute_mem_usage":9019681792.0,"absolute_mem_percent_usage":0.0667633729,"mem_info_per_process":{"13801":{"rss":11300864,"vms":28168192,"shared":5746688,"text":2322432,"lib":0,"data":5283840,"dirty":0,"uss":5582848,"pss":5936128,"swap":0},"13826":{"rss":1308356608,"vms":3524014080,"shared":14880768,"text":2322432,"lib":0,"data":1900843008,"dirty":0,"uss":711069696,"pss":1004058624,"swap":0},"13764":{"rss":4446703616,"vms":13718286336,"shared":589238272,"text":2322432,"lib":0,"data":11886358528,"dirty":0,"uss":3446112256,"pss":3846922240,"swap":0}},"nvidia_draw_absolute":47.48,"nvidia_estimated_attributable_power_draw":47.48,"average_gpu_estimated_utilization_absolute":0.365,"per_gpu_average_estimated_utilization_absolute":{"(0, 13764)":{"sm":36.5,"mem":7.0,"enc":0.0,"dec":0.0}},"average_gpu_estimated_utilization_relative":1.0,"per_gpu_performance_state":{"0":"P2"},"per_gpu_power_draw":{"0":47.48},"cpu_count_adjusted_average_load":[0.1409375,0.145625,0.1453125],"realtime_carbon_intensity":212.4018981566,"disk_write_speed":37.0105085351,"process_ids":[13801,13826,13764]}
{"timestamp":1572291916.8087069988,"rapl_power_draw_absolute":79.6005962887,"rapl_estimated_attributable_power_draw":20.5323560807,"cpu_time_seconds":{"13801":{"user":0.04,"system":0.02,"children_user":0.0,"children_system":0.0},"13826":{"user":3.86,"system":3.28,"children_user":0.28,"children_system":3.16},"13764":{"user":197.18,"system":10.92,"children_user":0.12,"children_system":0.1}},"average_relative_cpu_utilization":0.2441832964,"absolute_cpu_utilization":0.9986804371,"relative_mem_usage":0.4026082838,"absolute_mem_usage":9019878400.0,"absolute_mem_percent_usage":0.0667648282,"mem_info_per_process":{"13801":{"rss":11300864,"vms":28168192,"shared":5746688,"text":2322432,"lib":0,"data":5283840,"dirty":0,"uss":5582848,"pss":5936128,"swap":0},"13826":{"rss":1308356608,"vms":3524014080,"shared":14880768,"text":2322432,"lib":0,"data":1900843008,"dirty":0,"uss":711135232,"pss":1004091392,"swap":0},"13764":{"rss":4446703616,"vms":13718286336,"shared":589238272,"text":2322432,"lib":0,"data":11886358528,"dirty":0,"uss":3446177792,"pss":3846955008,"swap":0}},"nvidia_draw_absolute":45.14,"nvidia_estimated_attributable_power_draw":45.14,"average_gpu_estimated_utilization_absolute":0.37,"per_gpu_average_estimated_utilization_absolute":{"(0, 13764)":{"sm":37,"mem":7,"enc":0,"dec":0}},"average_gpu_estimated_utilization_relative":1.0,"per_gpu_performance_state":{"0":"P2"},"per_gpu_power_draw":{"0":45.14},"cpu_count_adjusted_average_load":[0.143125,0.1459375,0.1453125],"realtime_carbon_intensity":212.4018981566,"disk_write_speed":41.9739862753,"process_ids":[13801,13826,13764]}
{"timestamp":1572291924.8159821033,"rapl_power_draw_absolute":79.4685635823,"rapl_estimated_attributable_power_draw":20.5881643418,"cpu_time_seconds":{"13801":{"user":0.04,"system":0.02,"children_user":0.0,"children_system":0.0},"13826":{"user":4.07,"system":3.44,"children_user":0.31,"children_system":3.32},"13764":{"user":204.86,"system":11.26,"children_user":0.12,"children_system":0.1}},"average_relative_cpu_utilization":0.2457012223,"absolute_cpu_utilization":1.0034217465,"relative_mem_usage":0.402605223,"absolute_mem_usage":9020025856.0,"absolute_mem_percent_usage":0.0667659197,"mem_info_per_process":{"13801":{"rss":11300864,"vms":28168192,"shared":5746688,"text":2322432,"lib":0,"data":5283840,"dirty":0,"uss":5582848,"pss":5936128,"swap":0},"13826":{"rss":1308356608,"vms":3524014080,"shared":14880768,"text":2322432,"lib":0,"data":1900843008,"dirty":0,"uss":711184384,"pss":1004115968,"swap":0},"13764":{"rss":4446703616,"vms":13718286336,"shared":589238272,"text":2322432,"lib":0,"data":11886358528,"dirty":0,"uss":3446226944,"pss":3846979584,"swap":0}},"nvidia_draw_absolute":45.61,"nvidia_estimated_attributable_power_draw":45.61,"average_gpu_estimated_utilization_absolute":0.37,"per_gpu_average_estimated_utilization_absolute":{"(0, 13764)":{"sm":37,"mem":7,"enc":0,"dec":0}},"average_gpu_estimated_utilization_relative":1.0,"per_gpu_performance_state":{"0":"P2"},"per_gpu_power_draw":{"0":45.61},"cpu_count_adjusted_average_load":[0.1403125,0.1453125,0.145],"realtime_carbon_intensity":212.4018981566,"disk_write_speed":34.516238491,"process_ids":[13801,13826,13764]}
{"timestamp":1572291932.7915289402,"rapl_power_draw_absolute":79.6208814404,"rapl_estimated_attributable_power_draw":20.781227286,"cpu_time_seconds":{"13801":{"user":0.04,"system":0.02,"children_user":0.0,"children_system":0.0},"13826":{"user":4.28,"system":3.6,"children_user":0.32,"children_system":3.49},"13764":{"user":212.48,"system":11.62,"children_user":0.12,"children_system":0.1}},"average_relative_cpu_utilization":0.2472261159,"absolute_cpu_utilization":1.0084346552,"relative_mem_usage":0.4026391835,"absolute_mem_usage":9020689408.0,"absolute_mem_percent_usage":0.0667708313,"mem_info_per_process":{"13801":{"rss":11300864,"vms":28168192,"shared":5746688,"text":2322432,"lib":0,"data":5283840,"dirty":0,"uss":5582848,"pss":5936128,"swap":0},"13826":{"rss":1308356608,"vms":3524014080,"shared":14880768,"text":2322432,"lib":0,"data":1900843008,"dirty":0,"uss":711401472,"pss":1004224512,"swap":0},"13764":{"rss":4446703616,"vms":13718286336,"shared":589238272,"text":2322432,"lib":0,"data":11886358528,"dirty":0,"uss":3446452224,"pss":3847092224,"swap":0}},"nvidia_draw_absolute":47.95,"nvidia_estimated_attributable_power_draw":47.95,"average_gpu_estimated_utilization_absolute":0.37,"per_gpu_average_estimated_utilization_absolute":{"(0, 13764)":{"sm":37,"mem":7,"enc":0,"dec":0}},"average_gpu_estimated_utilization_relative":1.0,"per_gpu_performance_state":{"0":"P2"},"per_gpu_power_draw":{"0":47.95},"cpu_count_adjusted_average_load":[0.1390625,0.145,0.145],"realtime_carbon_intensity":212.4018981566,"disk_write_speed":35.0497802468,"process_ids":[13801,13826,13764]}
{"timestamp":1572291940.757917881,"rapl_power_draw_absolute":79.6017949745,"rapl_estimated_attributable_power_draw":20.6604026463,"cpu_time_seconds":{"13801":{"user":0.04,"system":0.02,"children_user":0.0,"children_system":0.0},"13826":{"user":4.45,"system":3.76,"children_user":0.34,"children_system":3.65},"13764":{"user":220.16,"system":11.9,"children_user":0.12,"children_system":0.1}},"average_relative_cpu_utilization":0.2456832653,"absolute_cpu_utilization":0.998436166,"relative_mem_usage":0.4026329236,"absolute_mem_usage":9020824576.0,"absolute_mem_percent_usage":0.0667718318,"mem_info_per_process":{"13801":{"rss":11300864,"vms":28168192,"shared":5746688,"text":2322432,"lib":0,"data":5283840,"dirty":0,"uss":5582848,"pss":5936128,"swap":0},"13826":{"rss":1308356608,"vms":3524014080,"shared":14880768,"text":2322432,"lib":0,"data":1900843008,"dirty":0,"uss":711450624,"pss":1004249088,"swap":0},"13764":{"rss":4446703616,"vms":13718286336,"shared":589238272,"text":2322432,"lib":0,"data":11886358528,"dirty":0,"uss":3446493184,"pss":3847112704,"swap":0}},"nvidia_draw_absolute":45.99,"nvidia_estimated_attributable_power_draw":45.99,"average_gpu_estimated_utilization_absolute":0.365,"per_gpu_average_estimated_utilization_absolute":{"(0, 13764)":{"sm":36.5,"mem":7.0,"enc":0.0,"dec":0.0}},"average_gpu_estimated_utilization_relative":1.0,"per_gpu_performance_state":{"0":"P2"},"per_gpu_power_draw":{"0":45.99},"cpu_count_adjusted_average_load":[0.1390625,0.1446875,0.145],"realtime_carbon_intensity":212.4018981566,"disk_write_speed":35.0784422048,"process_ids":[13801,13826,13764]}
{"timestamp":1572291948.7237761021,"rapl_power_draw_absolute":79.4733450028,"rapl_estimated_attributable_power_draw":20.7428832123,"cpu_time_seconds":{"13801":{"user":0.04,"system":0.02,"children_user":0.0,"children_system":0.0},"13826":{"user":4.64,"system":3.93,"children_user":0.36,"children_system":3.81},"13764":{"user":227.84,"system":12.19,"children_user":0.12,"children_system":0.1}},"average_relative_cpu_utilization":0.2472132209,"absolute_cpu_utilization":1.0034274156,"relative_mem_usage":0.40262542,"absolute_mem_usage":9020935168.0,"absolute_mem_percent_usage":0.0667726504,"mem_info_per_process":{"13801":{"rss":11300864,"vms":28168192,"shared":5746688,"text":2322432,"lib":0,"data":5283840,"dirty":0,"uss":5582848,"pss":5936128,"swap":0},"13826":{"rss":1308356608,"vms":3524014080,"shared":14880768,"text":2322432,"lib":0,"data":1900843008,"dirty":0,"uss":711487488,"pss":1004267520,"swap":0},"13764":{"rss":4446703616,"vms":13718286336,"shared":589238272,"text":2322432,"lib":0,"data":11886358528,"dirty":0,"uss":3446530048,"pss":3847131136,"swap":0}},"nvidia_draw_absolute":46.2,"nvidia_estimated_attributable_power_draw":46.2,"average_gpu_estimated_utilization_absolute":0.37,"per_gpu_average_estimated_utilization_absolute":{"(0, 13764)":{"sm":37,"mem":7,"enc":0,"dec":0}},"average_gpu_estimated_utilization_relative":1.0,"per_gpu_performance_state":{"0":"P2"},"per_gpu_power_draw":{"0":46.2},"cpu_count_adjusted_average_load":[0.138125,0.144375,0.145],"realtime_carbon_intensity":212.4018981566,"disk_write_speed":36.5734762156,"process_ids":[13801,13826,13764]}
