{"timestamp":1572411198.8944020271,"rapl_power_draw_absolute":77.6560777772,"rapl_estimated_attributable_power_draw":18.071225108,"cpu_time_seconds":{"21904":{"user":10.89,"system":2.62,"children_user":0.15,"children_system":0.33},"21986":{"user":0.01,"system":0.06,"children_user":0.0,"children_system":0.06}},"average_relative_cpu_utilization":0.2317431824,"absolute_cpu_utilization":0.9987085268,"relative_mem_usage":0.2422107228,"absolute_mem_usage":3887584256.0,"absolute_mem_percent_usage":0.0287757643,"mem_info_per_process":{"21904":{"rss":3658641408,"vms":11470516224,"shared":573288448,"text":2322432,"lib":0,"data":9716121600,"dirty":0,"uss":176050176,"pss":1904750592,"swap":0},"21986":{"rss":3259351040,"vms":11470516224,"shared":173846528,"text":2322432,"lib":0,"data":9716121600,"dirty":0,"uss":120434688,"pss":1686348800,"swap":0}},"nvidia_draw_absolute":42.69,"nvidia_estimated_attributable_power_draw":42.69,"average_gpu_estimated_utilization_absolute":0.2933333333,"per_gpu_average_estimated_utilization_absolute":{"(0, 21904)":{"sm":29.3333333333,"mem":1.6666666667,"enc":0.0,"dec":0.0}},"average_gpu_estimated_utilization_relative":1.0,"per_gpu_performance_state":{"0":"P2"},"per_gpu_power_draw":{"0":42.69},"cpu_count_adjusted_average_load":[0.1465625,0.156875,0.1590625],"realtime_carbon_intensity":337.277384728,"disk_write_speed":35.6586640277,"process_ids":[21904,21986]}
{"timestamp":1572411207.4518830776,"rapl_power_draw_absolute":78.2030482268,"rapl_estimated_attributable_power_draw":18.387024221,"cpu_time_seconds":{"21904":{"user":19.45,"system":2.62,"children_user":0.15,"children_system":0.33},"21986":{"user":0.2,"system":0.49,"children_user":0.01,"children_system":0.38}},"average_relative_cpu_utilization":0.2341798774,"absolute_cpu_utilization":0.9986540246,"relative_mem_usage":0.2445245738,"absolute_mem_usage":3927185408.0,"absolute_mem_percent_usage":0.0290688907,"mem_info_per_process":{"21904":{"rss":3658641408,"vms":11470516224,"shared":573288448,"text":2322432,"lib":0,"data":9716121600,"dirty":0,"uss":190242816,"pss":1911686144,"swap":0},"21986":{"rss":3265806336,"vms":11470516224,"shared":180285440,"text":2322432,"lib":0,"data":9716121600,"dirty":0,"uss":131874816,"pss":1693381632,"swap":0}},"nvidia_draw_absolute":43.31,"nvidia_estimated_attributable_power_draw":43.31,"average_gpu_estimated_utilization_absolute":0.295,"per_gpu_average_estimated_utilization_absolute":{"(0, 21904)":{"sm":29.5,"mem":1.5,"enc":0.0,"dec":0.0}},"average_gpu_estimated_utilization_relative":1.0,"per_gpu_performance_state":{"0":"P2"},"per_gpu_power_draw":{"0":43.31},"cpu_count_adjusted_average_load":[0.150625,0.1571875,0.1590625],"realtime_carbon_intensity":337.277384728,"disk_write_speed":37.7500075792,"process_ids":[21904,21986]}
{"timestamp":1572411215.9030721188,"rapl_power_draw_absolute":78.1336125385,"rapl_estimated_attributable_power_draw":18.6525061304,"cpu_time_seconds":{"21904":{"user":27.91,"system":2.62,"children_user":0.15,"children_system":0.33},"21986":{"user":0.38,"system":0.97,"children_user":0.02,"children_system":0.72}},"average_relative_cpu_utilization":0.2381371088,"absolute_cpu_utilization":1.0036594896,"relative_mem_usage":0.2445576237,"absolute_mem_usage":3928008704.0,"absolute_mem_percent_usage":0.0290749847,"mem_info_per_process":{"21904":{"rss":3658641408,"vms":11470516224,"shared":573288448,"text":2322432,"lib":0,"data":9716121600,"dirty":0,"uss":190517248,"pss":1911823360,"swap":0},"21986":{"rss":3265806336,"vms":11470516224,"shared":180285440,"text":2322432,"lib":0,"data":9716121600,"dirty":0,"uss":132149248,"pss":1693518848,"swap":0}},"nvidia_draw_absolute":43.61,"nvidia_estimated_attributable_power_draw":43.61,"average_gpu_estimated_utilization_absolute":0.29,"per_gpu_average_estimated_utilization_absolute":{"(0, 21904)":{"sm":29,"mem":2,"enc":0,"dec":0}},"average_gpu_estimated_utilization_relative":1.0,"per_gpu_performance_state":{"0":"P2"},"per_gpu_power_draw":{"0":43.61},"cpu_count_adjusted_average_load":[0.15375,0.1578125,0.159375],"realtime_carbon_intensity":337.277384728,"disk_write_speed":28.7362974656,"process_ids":[21904,21986]}
{"timestamp":1572411224.264770031,"rapl_power_draw_absolute":78.0416015987,"rapl_estimated_attributable_power_draw":18.5450601824,"cpu_time_seconds":{"21904":{"user":36.27,"system":2.62,"children_user":0.15,"children_system":0.33},"21986":{"user":0.55,"system":1.32,"children_user":0.04,"children_system":1.05}},"average_relative_cpu_utilization":0.2369512935,"absolute_cpu_utilization":0.9986242884,"relative_mem_usage":0.2445700976,"absolute_mem_usage":3928008704.0,"absolute_mem_percent_usage":0.0290749847,"mem_info_per_process":{"21904":{"rss":3658641408,"vms":11470516224,"shared":573288448,"text":2322432,"lib":0,"data":9716121600,"dirty":0,"uss":190521344,"pss":1911825408,"swap":0},"21986":{"rss":3265806336,"vms":11470516224,"shared":180285440,"text":2322432,"lib":0,"data":9716121600,"dirty":0,"uss":132153344,"pss":1693508608,"swap":0}},"nvidia_draw_absolute":43.38,"nvidia_estimated_attributable_power_draw":43.38,"average_gpu_estimated_utilization_absolute":0.29,"per_gpu_average_estimated_utilization_absolute":{"(0, 21904)":{"sm":29,"mem":1,"enc":0,"dec":0}},"average_gpu_estimated_utilization_relative":1.0,"per_gpu_performance_state":{"0":"P2"},"per_gpu_power_draw":{"0":43.38},"cpu_count_adjusted_average_load":[0.1540625,0.1575,0.159375],"realtime_carbon_intensity":337.277384728,"disk_write_speed":25.0623742307,"process_ids":[21904,21986]}
{"timestamp":1572411232.6887280941,"rapl_power_draw_absolute":78.4207471031,"rapl_estimated_attributable_power_draw":18.3267240796,"cpu_time_seconds":{"21904":{"user":44.7,"system":2.62,"children_user":0.15,"children_system":0.33},"21986":{"user":0.72,"system":1.78,"children_user":0.05,"children_system":1.36}},"average_relative_cpu_utilization":0.2326172588,"absolute_cpu_utilization":1.0035596876,"relative_mem_usage":0.2446213821,"absolute_mem_usage":3928057856.0,"absolute_mem_percent_usage":0.0290753485,"mem_info_per_process":{"21904":{"rss":3658641408,"vms":11470516224,"shared":573288448,"text":2322432,"lib":0,"data":9716121600,"dirty":0,"uss":190533632,"pss":1911831552,"swap":0},"21986":{"rss":3265806336,"vms":11470516224,"shared":180285440,"text":2322432,"lib":0,"data":9716121600,"dirty":0,"uss":132165632,"pss":1693527040,"swap":0}},"nvidia_draw_absolute":43.2,"nvidia_estimated_attributable_power_draw":43.2,"average_gpu_estimated_utilization_absolute":0.2933333333,"per_gpu_average_estimated_utilization_absolute":{"(0, 21904)":{"sm":29.3333333333,"mem":1.3333333333,"enc":0.0,"dec":0.0}},"average_gpu_estimated_utilization_relative":1.0,"per_gpu_performance_state":{"0":"P2"},"per_gpu_power_draw":{"0":43.2},"cpu_count_adjusted_average_load":[0.156875,0.158125,0.159375],"realtime_carbon_intensity":337.277384728,"disk_write_speed":27.9199340423,"process_ids":[21904,21986]}
{"timestamp":1572411240.984607935,"rapl_power_draw_absolute":78.5729856167,"rapl_estimated_attributable_power_draw":17.8840936478,"cpu_time_seconds":{"21904":{"user":52.98,"system":2.63,"children_user":0.15,"children_system":0.33},"21986":{"user":0.88,"system":2.13,"children_user":0.07,"children_system":1.68}},"average_relative_cpu_utilization":0.2259710624,"absolute_cpu_utilization":0.9991891724,"relative_mem_usage":0.2445896753,"absolute_mem_usage":3928094720.0,"absolute_mem_percent_usage":0.0290756214,"mem_info_per_process":{"21904":{"rss":3658641408,"vms":11470516224,"shared":573288448,"text":2322432,"lib":0,"data":9716121600,"dirty":0,"uss":190545920,"pss":1911837696,"swap":0},"21986":{"rss":3265806336,"vms":11470516224,"shared":180285440,"text":2322432,"lib":0,"data":9716121600,"dirty":0,"uss":132177920,"pss":1693533184,"swap":0}},"nvidia_draw_absolute":42.04,"nvidia_estimated_attributable_power_draw":42.04,"average_gpu_estimated_utilization_absolute":0.2933333333,"per_gpu_average_estimated_utilization_absolute":{"(0, 21904)":{"sm":29.3333333333,"mem":1.6666666667,"enc":0.0,"dec":0.0}},"average_gpu_estimated_utilization_relative":1.0,"per_gpu_performance_state":{"0":"P2"},"per_gpu_power_draw":{"0":42.04},"cpu_count_adjusted_average_load":[0.1540625,0.1575,0.1590625],"realtime_carbon_intensity":337.277384728,"disk_write_speed":1.5383992418,"process_ids":[21904,21986]}
{"timestamp":1572411250.5940620899,"rapl_power_draw_absolute":77.2539581342,"rapl_estimated_attributable_power_draw":17.8251748601,"cpu_time_seconds":{"21904":{"user":62.6,"system":2.63,"children_user":0.15,"children_system":0.33},"21986":{"user":0.96,"system":2.56,"children_user":0.1,"children_system":2.02}},"average_relative_cpu_utilization":0.229340995,"absolute_cpu_utilization":0.9985747061,"relative_mem_usage":0.2445336186,"absolute_mem_usage":3928102912.0,"absolute_mem_percent_usage":0.029075682,"mem_info_per_process":{"21904":{"rss":3658641408,"vms":11470516224,"shared":573288448,"text":2322432,"lib":0,"data":9716121600,"dirty":0,"uss":190550016,"pss":1911839744,"swap":0},"21986":{"rss":3265806336,"vms":11470516224,"shared":180285440,"text":2322432,"lib":0,"data":9716121600,"dirty":0,"uss":132182016,"pss":1693531136,"swap":0}},"nvidia_draw_absolute":43.35,"nvidia_estimated_attributable_power_draw":43.35,"average_gpu_estimated_utilization_absolute":0.29,"per_gpu_average_estimated_utilization_absolute":{"(0, 21904)":{"sm":29.0,"mem":1.5,"enc":0.0,"dec":0.0}},"average_gpu_estimated_utilization_relative":1.0,"per_gpu_performance_state":{"0":"P2"},"per_gpu_power_draw":{"0":43.35},"cpu_count_adjusted_average_load":[0.1496875,0.1565625,0.15875],"realtime_carbon_intensity":337.277384728,"disk_write_speed":18.3290005039,"process_ids":[21904,21986]}
{"timestamp":1572411259.0675001144,"rapl_power_draw_absolute":77.7546633922,"rapl_estimated_attributable_power_draw":17.6441486735,"cpu_time_seconds":{"21904":{"user":71.07,"system":2.64,"children_user":0.15,"children_system":0.33},"21986":{"user":1.09,"system":3.02,"children_user":0.1,"children_system":2.36}},"average_relative_cpu_utilization":0.2252135733,"absolute_cpu_utilization":0.9985958227,"relative_mem_usage":0.244504883,"absolute_mem_usage":3928107008.0,"absolute_mem_percent_usage":0.0290757123,"mem_info_per_process":{"21904":{"rss":3658641408,"vms":11470516224,"shared":573288448,"text":2322432,"lib":0,"data":9716121600,"dirty":0,"uss":190550016,"pss":1911839744,"swap":0},"21986":{"rss":3265806336,"vms":11470516224,"shared":180285440,"text":2322432,"lib":0,"data":9716121600,"dirty":0,"uss":132182016,"pss":1693535232,"swap":0}},"nvidia_draw_absolute":43.32,"nvidia_estimated_attributable_power_draw":43.32,"average_gpu_estimated_utilization_absolute":0.295,"per_gpu_average_estimated_utilization_absolute":{"(0, 21904)":{"sm":29.5,"mem":2.0,"enc":0.0,"dec":0.0}},"average_gpu_estimated_utilization_relative":1.0,"per_gpu_performance_state":{"0":"P2"},"per_gpu_power_draw":{"0":43.32},"cpu_count_adjusted_average_load":[0.1503125,0.1565625,0.15875],"realtime_carbon_intensity":337.277384728,"disk_write_speed":20.4616800388,"process_ids":[21904,21986]}
{"timestamp":1572411267.4899809361,"rapl_power_draw_absolute":78.0625885295,"rapl_estimated_attributable_power_draw":17.6875296584,"cpu_time_seconds":{"21904":{"user":79.5,"system":2.64,"children_user":0.15,"children_system":0.33},"21986":{"user":1.24,"system":3.46,"children_user":0.11,"children_system":2.69}},"average_relative_cpu_utilization":0.2248165953,"absolute_cpu_utilization":1.0036068886,"relative_mem_usage":0.2445622043,"absolute_mem_usage":3928029184.0,"absolute_mem_percent_usage":0.0290751363,"mem_info_per_process":{"21904":{"rss":3658641408,"vms":11470516224,"shared":573288448,"text":2322432,"lib":0,"data":9716121600,"dirty":0,"uss":190558208,"pss":1911741440,"swap":0},"21986":{"rss":3265806336,"vms":11470516224,"shared":180285440,"text":2322432,"lib":0,"data":9716121600,"dirty":0,"uss":132190208,"pss":1693539328,"swap":0}},"nvidia_draw_absolute":43.81,"nvidia_estimated_attributable_power_draw":43.81,"average_gpu_estimated_utilization_absolute":0.295,"per_gpu_average_estimated_utilization_absolute":{"(0, 21904)":{"sm":29.5,"mem":2.0,"enc":0.0,"dec":0.0}},"average_gpu_estimated_utilization_relative":1.0,"per_gpu_performance_state":{"0":"P2"},"per_gpu_power_draw":{"0":43.81},"cpu_count_adjusted_average_load":[0.155625,0.1575,0.1590625],"realtime_carbon_intensity":337.277384728,"disk_write_speed":21.495932823,"process_ids":[21904,21986]}
{"timestamp":1572411275.8975179195,"rapl_power_draw_absolute":77.0618295382,"rapl_estimated_attributable_power_draw":17.3525067779,"cpu_time_seconds":{"21904":{"user":87.9,"system":2.64,"children_user":0.15,"children_system":0.33},"21986":{"user":1.38,"system":3.91,"children_user":0.13,"children_system":3.0}},"average_relative_cpu_utilization":0.2231957411,"absolute_cpu_utilization":0.9985956945,"relative_mem_usage":0.2445726976,"absolute_mem_usage":3928132608.0,"absolute_mem_percent_usage":0.0290759018,"mem_info_per_process":{"21904":{"rss":3658641408,"vms":11470516224,"shared":573288448,"text":2322432,"lib":0,"data":9716121600,"dirty":0,"uss":190562304,"pss":1911834624,"swap":0},"21986":{"rss":3265806336,"vms":11470516224,"shared":180285440,"text":2322432,"lib":0,"data":9716121600,"dirty":0,"uss":132194304,"pss":1693541376,"swap":0}},"nvidia_draw_absolute":44.03,"nvidia_estimated_attributable_power_draw":44.03,"average_gpu_estimated_utilization_absolute":0.285,"per_gpu_average_estimated_utilization_absolute":{"(0, 21904)":{"sm":28.5,"mem":1.25,"enc":0.0,"dec":0.0}},"average_gpu_estimated_utilization_relative":1.0,"per_gpu_performance_state":{"0":"P2"},"per_gpu_power_draw":{"0":44.03},"cpu_count_adjusted_average_load":[0.153125,0.156875,0.15875],"realtime_carbon_intensity":337.277384728,"disk_write_speed":11.6806517372,"process_ids":[21904,21986]}
{"timestamp":1572411284.3462569714,"rapl_power_draw_absolute":77.8454502895,"rapl_estimated_attributable_power_draw":17.4225489972,"cpu_time_seconds":{"21904":{"user":96.33,"system":2.66,"children_user":0.15,"children_system":0.33},"21986":{"user":1.46,"system":4.37,"children_user":0.15,"children_system":3.31}},"average_relative_cpu_utilization":0.2217120493,"absolute_cpu_utilization":0.9986041198,"relative_mem_usage":0.2445401758,"absolute_mem_usage":3928156160.0,"absolute_mem_percent_usage":0.0290760761,"mem_info_per_process":{"21904":{"rss":3658641408,"vms":11470516224,"shared":573288448,"text":2322432,"lib":0,"data":9716121600,"dirty":0,"uss":190566400,"pss":1911847936,"swap":0},"21986":{"rss":3265806336,"vms":11470516224,"shared":180285440,"text":2322432,"lib":0,"data":9716121600,"dirty":0,"uss":132198400,"pss":1693543424,"swap":0}},"nvidia_draw_absolute":44.29,"nvidia_estimated_attributable_power_draw":44.29,"average_gpu_estimated_utilization_absolute":0.29,"per_gpu_average_estimated_utilization_absolute":{"(0, 21904)":{"sm":29.0,"mem":1.3333333333,"enc":0.0,"dec":0.0}},"average_gpu_estimated_utilization_relative":1.0,"per_gpu_performance_state":{"0":"P2"},"per_gpu_power_draw":{"0":44.29},"cpu_count_adjusted_average_load":[0.15375,0.156875,0.15875],"realtime_carbon_intensity":337.277384728,"disk_write_speed":15.5909845985,"process_ids":[21904,21986]}
{"timestamp":1572411292.8545820713,"rapl_power_draw_absolute":78.4128015587,"rapl_estimated_attributable_power_draw":17.7506974582,"cpu_time_seconds":{"21904":{"user":104.83,"system":2.68,"children_user":0.15,"children_system":0.33},"21986":{"user":1.57,"system":4.85,"children_user":0.17,"children_system":3.63}},"average_relative_cpu_utilization":0.2245768754,"absolute_cpu_utilization":1.0037343101,"relative_mem_usage":0.2445194469,"absolute_mem_usage":3928180736.0,"absolute_mem_percent_usage":0.0290762581,"mem_info_per_process":{"21904":{"rss":3658641408,"vms":11470516224,"shared":573288448,"text":2322432,"lib":0,"data":9716121600,"dirty":0,"uss":190574592,"pss":1911852032,"swap":0},"21986":{"rss":3265806336,"vms":11470516224,"shared":180285440,"text":2322432,"lib":0,"data":9716121600,"dirty":0,"uss":132206592,"pss":1693547520,"swap":0}},"nvidia_draw_absolute":43.35,"nvidia_estimated_attributable_power_draw":43.35,"average_gpu_estimated_utilization_absolute":0.288,"per_gpu_average_estimated_utilization_absolute":{"(0, 21904)":{"sm":28.8,"mem":1.2,"enc":0.0,"dec":0.0}},"average_gpu_estimated_utilization_relative":1.0,"per_gpu_performance_state":{"0":"P2"},"per_gpu_power_draw":{"0":43.35},"cpu_count_adjusted_average_load":[0.15375,0.156875,0.15875],"realtime_carbon_intensity":337.277384728,"disk_write_speed":24.8711317,"process_ids":[21904,21986]}
{"timestamp":1572411301.3031289577,"rapl_power_draw_absolute":78.0512006669,"rapl_estimated_attributable_power_draw":17.9049076033,"cpu_time_seconds":{"21904":{"user":113.28,"system":2.68,"children_user":0.15,"children_system":0.33},"21986":{"user":1.74,"system":5.3,"children_user":0.18,"children_system":3.96}},"average_relative_cpu_utilization":0.2278749595,"absolute_cpu_utilization":1.0036142214,"relative_mem_usage":0.2445808365,"absolute_mem_usage":3928201216.0,"absolute_mem_percent_usage":0.0290764097,"mem_info_per_process":{"21904":{"rss":3658641408,"vms":11470516224,"shared":573288448,"text":2322432,"lib":0,"data":9716121600,"dirty":0,"uss":190578688,"pss":1911854080,"swap":0},"21986":{"rss":3265810432,"vms":11470516224,"shared":180285440,"text":2322432,"lib":0,"data":9716121600,"dirty":0,"uss":132214784,"pss":1693553664,"swap":0}},"nvidia_draw_absolute":43.28,"nvidia_estimated_attributable_power_draw":43.28,"average_gpu_estimated_utilization_absolute":0.2966666667,"per_gpu_average_estimated_utilization_absolute":{"(0, 21904)":{"sm":29.6666666667,"mem":1.6666666667,"enc":0.0,"dec":0.0}},"average_gpu_estimated_utilization_relative":1.0,"per_gpu_performance_state":{"0":"P2"},"per_gpu_power_draw":{"0":43.28},"cpu_count_adjusted_average_load":[0.156875,0.1571875,0.1590625],"realtime_carbon_intensity":337.277384728,"disk_write_speed":21.3309168615,"process_ids":[21904,21986]}
{"timestamp":1572411309.7576379776,"rapl_power_draw_absolute":78.0676174946,"rapl_estimated_attributable_power_draw":17.9988811532,"cpu_time_seconds":{"21904":{"user":121.73,"system":2.68,"children_user":0.15,"children_system":0.33},"21986":{"user":1.87,"system":5.79,"children_user":0.18,"children_system":4.29}},"average_relative_cpu_utilization":0.2291707808,"absolute_cpu_utilization":1.0035773956,"relative_mem_usage":0.2445704203,"absolute_mem_usage":3928201216.0,"absolute_mem_percent_usage":0.0290764097,"mem_info_per_process":{"21904":{"rss":3658641408,"vms":11470516224,"shared":573288448,"text":2322432,"lib":0,"data":9716121600,"dirty":0,"uss":190578688,"pss":1911854080,"swap":0},"21986":{"rss":3265810432,"vms":11470516224,"shared":180285440,"text":2322432,"lib":0,"data":9716121600,"dirty":0,"uss":132214784,"pss":1693553664,"swap":0}},"nvidia_draw_absolute":44.03,"nvidia_estimated_attributable_power_draw":44.03,"average_gpu_estimated_utilization_absolute":0.2933333333,"per_gpu_average_estimated_utilization_absolute":{"(0, 21904)":{"sm":29.3333333333,"mem":1.3333333333,"enc":0.0,"dec":0.0}},"average_gpu_estimated_utilization_relative":1.0,"per_gpu_performance_state":{"0":"P2"},"per_gpu_power_draw":{"0":44.03},"cpu_count_adjusted_average_load":[0.151875,0.15625,0.15875],"realtime_carbon_intensity":337.277384728,"disk_write_speed":32.183679853,"process_ids":[21904,21986]}
{"timestamp":1572411318.2605359554,"rapl_power_draw_absolute":77.9191178854,"rapl_estimated_attributable_power_draw":18.0385754962,"cpu_time_seconds":{"21904":{"user":130.24,"system":2.69,"children_user":0.15,"children_system":0.33},"21986":{"user":2.06,"system":6.3,"children_user":0.2,"children_system":4.61}},"average_relative_cpu_utilization":0.2302238377,"absolute_cpu_utilization":1.0036064667,"relative_mem_usage":0.2445500604,"absolute_mem_usage":3928225792.0,"absolute_mem_percent_usage":0.0290765916,"mem_info_per_process":{"21904":{"rss":3658641408,"vms":11470516224,"shared":573288448,"text":2322432,"lib":0,"data":9716121600,"dirty":0,"uss":190586880,"pss":1911858176,"swap":0},"21986":{"rss":3265810432,"vms":11470516224,"shared":180285440,"text":2322432,"lib":0,"data":9716121600,"dirty":0,"uss":132222976,"pss":1693557760,"swap":0}},"nvidia_draw_absolute":43.66,"nvidia_estimated_attributable_power_draw":43.66,"average_gpu_estimated_utilization_absolute":0.2966666667,"per_gpu_average_estimated_utilization_absolute":{"(0, 21904)":{"sm":29.6666666667,"mem":1.3333333333,"enc":0.0,"dec":0.0}},"average_gpu_estimated_utilization_relative":1.0,"per_gpu_performance_state":{"0":"P2"},"per_gpu_power_draw":{"0":43.66},"cpu_count_adjusted_average_load":[0.1496875,0.155625,0.1584375],"realtime_carbon_intensity":337.277384728,"disk_write_speed":30.8036713926,"process_ids":[21904,21986]}
{"timestamp":1572411326.7647330761,"rapl_power_draw_absolute":78.2212244088,"rapl_estimated_attributable_power_draw":18.0301945056,"cpu_time_seconds":{"21904":{"user":138.73,"system":2.7,"children_user":0.15,"children_system":0.33},"21986":{"user":2.23,"system":6.77,"children_user":0.22,"children_system":4.94}},"average_relative_cpu_utilization":0.2290776774,"absolute_cpu_utilization":0.998597591,"relative_mem_usage":0.2445343014,"absolute_mem_usage":3928238080.0,"absolute_mem_percent_usage":0.0290766825,"mem_info_per_process":{"21904":{"rss":3658641408,"vms":11470516224,"shared":573288448,"text":2322432,"lib":0,"data":9716121600,"dirty":0,"uss":190590976,"pss":1911860224,"swap":0},"21986":{"rss":3265810432,"vms":11470516224,"shared":180285440,"text":2322432,"lib":0,"data":9716121600,"dirty":0,"uss":132227072,"pss":1693559808,"swap":0}},"nvidia_draw_absolute":43.85,"nvidia_estimated_attributable_power_draw":43.85,"average_gpu_estimated_utilization_absolute":0.294,"per_gpu_average_estimated_utilization_absolute":{"(0, 21904)":{"sm":29.4,"mem":1.4,"enc":0.0,"dec":0.0}},"average_gpu_estimated_utilization_relative":1.0,"per_gpu_performance_state":{"0":"P2"},"per_gpu_power_draw":{"0":43.85},"cpu_count_adjusted_average_load":[0.1528125,0.15625,0.15875],"realtime_carbon_intensity":337.277384728,"disk_write_speed":26.7672756894,"process_ids":[21904,21986]}
{"timestamp":1572411335.1995151043,"rapl_power_draw_absolute":78.1096188056,"rapl_estimated_attributable_power_draw":18.2485057271,"cpu_time_seconds":{"21904":{"user":147.16,"system":2.71,"children_user":0.15,"children_system":0.33},"21986":{"user":2.37,"system":7.23,"children_user":0.24,"children_system":5.26}},"average_relative_cpu_utilization":0.2325361114,"absolute_cpu_utilization":0.9986029701,"relative_mem_usage":0.244457311,"absolute_mem_usage":3928274944.0,"absolute_mem_percent_usage":0.0290769554,"mem_info_per_process":{"21904":{"rss":3658641408,"vms":11470516224,"shared":573288448,"text":2322432,"lib":0,"data":9716121600,"dirty":0,"uss":190603264,"pss":1911866368,"swap":0},"21986":{"rss":3265810432,"vms":11470516224,"shared":180285440,"text":2322432,"lib":0,"data":9716121600,"dirty":0,"uss":132239360,"pss":1693565952,"swap":0}},"nvidia_draw_absolute":43.84,"nvidia_estimated_attributable_power_draw":43.84,"average_gpu_estimated_utilization_absolute":0.295,"per_gpu_average_estimated_utilization_absolute":{"(0, 21904)":{"sm":29.5,"mem":1.0,"enc":0.0,"dec":0.0}},"average_gpu_estimated_utilization_relative":1.0,"per_gpu_performance_state":{"0":"P2"},"per_gpu_power_draw":{"0":43.84},"cpu_count_adjusted_average_load":[0.1553125,0.156875,0.15875],"realtime_carbon_intensity":337.277384728,"disk_write_speed":36.394073867,"process_ids":[21904,21986]}
{"timestamp":1572411343.646310091,"rapl_power_draw_absolute":77.5422072111,"rapl_estimated_attributable_power_draw":18.2122118068,"cpu_time_seconds":{"21904":{"user":155.6,"system":2.72,"children_user":0.15,"children_system":0.33},"21986":{"user":2.54,"system":7.71,"children_user":0.25,"children_system":5.59}},"average_relative_cpu_utilization":0.2338986714,"absolute_cpu_utilization":0.9985863834,"relative_mem_usage":0.2445347424,"absolute_mem_usage":3928287232.0,"absolute_mem_percent_usage":0.0290770463,"mem_info_per_process":{"21904":{"rss":3658641408,"vms":11470516224,"shared":573288448,"text":2322432,"lib":0,"data":9716121600,"dirty":0,"uss":190607360,"pss":1911868416,"swap":0},"21986":{"rss":3265810432,"vms":11470516224,"shared":180285440,"text":2322432,"lib":0,"data":9716121600,"dirty":0,"uss":132243456,"pss":1693568000,"swap":0}},"nvidia_draw_absolute":43.59,"nvidia_estimated_attributable_power_draw":43.59,"average_gpu_estimated_utilization_absolute":0.2966666667,"per_gpu_average_estimated_utilization_absolute":{"(0, 21904)":{"sm":29.6666666667,"mem":1.3333333333,"enc":0.0,"dec":0.0}},"average_gpu_estimated_utilization_relative":1.0,"per_gpu_performance_state":{"0":"P2"},"per_gpu_power_draw":{"0":43.59},"cpu_count_adjusted_average_load":[0.155625,0.156875,0.15875],"realtime_carbon_intensity":337.277384728,"disk_write_speed":20.5935102777,"process_ids":[21904,21986]}
{"timestamp":1572411352.1888918877,"rapl_power_draw_absolute":77.6708501788,"rapl_estimated_attributable_power_draw":18.0814215778,"cpu_time_seconds":{"21904":{"user":164.14,"system":2.72,"children_user":0.15,"children_system":0.33},"21986":{"user":2.7,"system":8.15,"children_user":0.27,"children_system":5.91}},"average_relative_cpu_utilization":0.2316453246,"absolute_cpu_utilization":0.9936165421,"relative_mem_usage":0.2445375481,"absolute_mem_usage":3928287232.0,"absolute_mem_percent_usage":0.0290770463,"mem_info_per_process":{"21904":{"rss":3658641408,"vms":11470516224,"shared":573288448,"text":2322432,"lib":0,"data":9716121600,"dirty":0,"uss":190607360,"pss":1911868416,"swap":0},"21986":{"rss":3265810432,"vms":11470516224,"shared":180285440,"text":2322432,"lib":0,"data":9716121600,"dirty":0,"uss":132243456,"pss":1693568000,"swap":0}},"nvidia_draw_absolute":44.01,"nvidia_estimated_attributable_power_draw":44.01,"average_gpu_estimated_utilization_absolute":0.295,"per_gpu_average_estimated_utilization_absolute":{"(0, 21904)":{"sm":29.5,"mem":1.25,"enc":0.0,"dec":0.0}},"average_gpu_estimated_utilization_relative":1.0,"per_gpu_performance_state":{"0":"P2"},"per_gpu_power_draw":{"0":44.01},"cpu_count_adjusted_average_load":[0.1621875,0.158125,0.1590625],"realtime_carbon_intensity":337.277384728,"disk_write_speed":7.0115436348,"process_ids":[21904,21986]}
{"timestamp":1572411360.8143310547,"rapl_power_draw_absolute":77.8555290018,"rapl_estimated_attributable_power_draw":18.0693810948,"cpu_time_seconds":{"21904":{"user":172.68,"system":2.78,"children_user":0.15,"children_system":0.33},"21986":{"user":2.8,"system":8.6,"children_user":0.3,"children_system":6.22}},"average_relative_cpu_utilization":0.2308434653,"absolute_cpu_utilization":0.9936382938,"relative_mem_usage":0.2445160555,"absolute_mem_usage":3928299520.0,"absolute_mem_percent_usage":0.0290771373,"mem_info_per_process":{"21904":{"rss":3658641408,"vms":11470516224,"shared":573288448,"text":2322432,"lib":0,"data":9716121600,"dirty":0,"uss":190611456,"pss":1911870464,"swap":0},"21986":{"rss":3265810432,"vms":11470516224,"shared":180285440,"text":2322432,"lib":0,"data":9716121600,"dirty":0,"uss":132247552,"pss":1693570048,"swap":0}},"nvidia_draw_absolute":43.27,"nvidia_estimated_attributable_power_draw":43.27,"average_gpu_estimated_utilization_absolute":0.2833333333,"per_gpu_average_estimated_utilization_absolute":{"(0, 21904)":{"sm":28.3333333333,"mem":1.3333333333,"enc":0.0,"dec":0.0}},"average_gpu_estimated_utilization_relative":1.0,"per_gpu_performance_state":{"0":"P2"},"per_gpu_power_draw":{"0":43.27},"cpu_count_adjusted_average_load":[0.1659375,0.1590625,0.159375],"realtime_carbon_intensity":337.277384728,"disk_write_speed":6.4153688493,"process_ids":[21904,21986]}
{"timestamp":1572411369.4644789696,"rapl_power_draw_absolute":76.8636041599,"rapl_estimated_attributable_power_draw":18.3686544954,"cpu_time_seconds":{"21904":{"user":181.23,"system":2.82,"children_user":0.15,"children_system":0.33},"21986":{"user":2.89,"system":9.1,"children_user":0.31,"children_system":6.54}},"average_relative_cpu_utilization":0.2384126085,"absolute_cpu_utilization":1.0036046952,"relative_mem_usage":0.2444334749,"absolute_mem_usage":3928204288.0,"absolute_mem_percent_usage":0.0290764324,"mem_info_per_process":{"21904":{"rss":3658641408,"vms":11470516224,"shared":573288448,"text":2322432,"lib":0,"data":9716121600,"dirty":0,"uss":190615552,"pss":1911872512,"swap":0},"21986":{"rss":3265810432,"vms":11470516224,"shared":180285440,"text":2322432,"lib":0,"data":9716121600,"dirty":0,"uss":132251648,"pss":1693464576,"swap":0}},"nvidia_draw_absolute":42.45,"nvidia_estimated_attributable_power_draw":42.45,"average_gpu_estimated_utilization_absolute":0.29,"per_gpu_average_estimated_utilization_absolute":{"(0, 21904)":{"sm":29.0,"mem":1.5,"enc":0.0,"dec":0.0}},"average_gpu_estimated_utilization_relative":1.0,"per_gpu_performance_state":{"0":"P2"},"per_gpu_power_draw":{"0":42.45},"cpu_count_adjusted_average_load":[0.1646875,0.1590625,0.159375],"realtime_carbon_intensity":337.277384728,"disk_write_speed":30.7812421595,"process_ids":[21904,21986]}
{"timestamp":1572411377.8886799812,"rapl_power_draw_absolute":77.8088917785,"rapl_estimated_attributable_power_draw":18.3107893189,"cpu_time_seconds":{"21904":{"user":189.65,"system":2.82,"children_user":0.15,"children_system":0.33},"21986":{"user":3.05,"system":9.54,"children_user":0.32,"children_system":6.86}},"average_relative_cpu_utilization":0.2344445475,"absolute_cpu_utilization":0.9986253714,"relative_mem_usage":0.2445131521,"absolute_mem_usage":3928318976.0,"absolute_mem_percent_usage":0.0290772813,"mem_info_per_process":{"21904":{"rss":3658641408,"vms":11470516224,"shared":573288448,"text":2322432,"lib":0,"data":9716121600,"dirty":0,"uss":190619648,"pss":1911870464,"swap":0},"21986":{"rss":3265810432,"vms":11470516224,"shared":180285440,"text":2322432,"lib":0,"data":9716121600,"dirty":0,"uss":132255744,"pss":1693573120,"swap":0}},"nvidia_draw_absolute":43.47,"nvidia_estimated_attributable_power_draw":43.47,"average_gpu_estimated_utilization_absolute":0.2933333333,"per_gpu_average_estimated_utilization_absolute":{"(0, 21904)":{"sm":29.3333333333,"mem":1.6666666667,"enc":0.0,"dec":0.0}},"average_gpu_estimated_utilization_relative":1.0,"per_gpu_performance_state":{"0":"P2"},"per_gpu_power_draw":{"0":43.47},"cpu_count_adjusted_average_load":[0.1665625,0.1596875,0.1596875],"realtime_carbon_intensity":337.277384728,"disk_write_speed":9.9310088785,"process_ids":[21904,21986]}
{"timestamp":1572411386.3564219475,"rapl_power_draw_absolute":77.980643124,"rapl_estimated_attributable_power_draw":18.4749071676,"cpu_time_seconds":{"21904":{"user":198.11,"system":2.83,"children_user":0.15,"children_system":0.33},"21986":{"user":3.15,"system":10.01,"children_user":0.34,"children_system":7.18}},"average_relative_cpu_utilization":0.23618666,"absolute_cpu_utilization":1.0037479879,"relative_mem_usage":0.2444863316,"absolute_mem_usage":3928260608.0,"absolute_mem_percent_usage":0.0290768493,"mem_info_per_process":{"21904":{"rss":3658641408,"vms":11470516224,"shared":573288448,"text":2322432,"lib":0,"data":9716121600,"dirty":0,"uss":190631936,"pss":1911781376,"swap":0},"21986":{"rss":3265810432,"vms":11470516224,"shared":180285440,"text":2322432,"lib":0,"data":9716121600,"dirty":0,"uss":132268032,"pss":1693579264,"swap":0}},"nvidia_draw_absolute":43.45,"nvidia_estimated_attributable_power_draw":43.45,"average_gpu_estimated_utilization_absolute":0.2933333333,"per_gpu_average_estimated_utilization_absolute":{"(0, 21904)":{"sm":29.3333333333,"mem":1.3333333333,"enc":0.0,"dec":0.0}},"average_gpu_estimated_utilization_relative":1.0,"per_gpu_performance_state":{"0":"P2"},"per_gpu_power_draw":{"0":43.45},"cpu_count_adjusted_average_load":[0.1625,0.1590625,0.159375],"realtime_carbon_intensity":337.277384728,"disk_write_speed":24.7837012681,"process_ids":[21904,21986]}
{"timestamp":1572411394.7994039059,"rapl_power_draw_absolute":77.9282987787,"rapl_estimated_attributable_power_draw":18.2632926525,"cpu_time_seconds":{"21904":{"user":206.55,"system":2.84,"children_user":0.15,"children_system":0.33},"21986":{"user":3.32,"system":10.48,"children_user":0.36,"children_system":7.51}},"average_relative_cpu_utilization":0.2333478184,"absolute_cpu_utilization":0.9986078199,"relative_mem_usage":0.2447053315,"absolute_mem_usage":3928385536.0,"absolute_mem_percent_usage":0.029077774,"mem_info_per_process":{"21904":{"rss":3658641408,"vms":11470516224,"shared":573288448,"text":2322432,"lib":0,"data":9716121600,"dirty":0,"uss":190636032,"pss":1911892992,"swap":0},"21986":{"rss":3265810432,"vms":11470516224,"shared":180285440,"text":2322432,"lib":0,"data":9716121600,"dirty":0,"uss":132272128,"pss":1693584384,"swap":0}},"nvidia_draw_absolute":43.1,"nvidia_estimated_attributable_power_draw":43.1,"average_gpu_estimated_utilization_absolute":0.2933333333,"per_gpu_average_estimated_utilization_absolute":{"(0, 21904)":{"sm":29.3333333333,"mem":1.3333333333,"enc":0.0,"dec":0.0}},"average_gpu_estimated_utilization_relative":1.0,"per_gpu_performance_state":{"0":"P2"},"per_gpu_power_draw":{"0":43.1},"cpu_count_adjusted_average_load":[0.161875,0.15875,0.159375],"realtime_carbon_intensity":337.277384728,"disk_write_speed":17.8230571509,"process_ids":[21904,21986]}
{"timestamp":1572411403.2878499031,"rapl_power_draw_absolute":77.6616901805,"rapl_estimated_attributable_power_draw":18.2078210129,"cpu_time_seconds":{"21904":{"user":215.04,"system":2.85,"children_user":0.15,"children_system":0.33},"21986":{"user":3.46,"system":10.99,"children_user":0.36,"children_system":7.82}},"average_relative_cpu_utilization":0.233426863,"absolute_cpu_utilization":1.0036084511,"relative_mem_usage":0.2447048945,"absolute_mem_usage":3928385536.0,"absolute_mem_percent_usage":0.029077774,"mem_info_per_process":{"21904":{"rss":3658641408,"vms":11470516224,"shared":573288448,"text":2322432,"lib":0,"data":9716121600,"dirty":0,"uss":190636032,"pss":1911892992,"swap":0},"21986":{"rss":3265810432,"vms":11470516224,"shared":180285440,"text":2322432,"lib":0,"data":9716121600,"dirty":0,"uss":132272128,"pss":1693584384,"swap":0}},"nvidia_draw_absolute":44.01,"nvidia_estimated_attributable_power_draw":44.01,"average_gpu_estimated_utilization_absolute":0.29,"per_gpu_average_estimated_utilization_absolute":{"(0, 21904)":{"sm":29.0,"mem":1.5,"enc":0.0,"dec":0.0}},"average_gpu_estimated_utilization_relative":1.0,"per_gpu_performance_state":{"0":"P2"},"per_gpu_power_draw":{"0":44.01},"cpu_count_adjusted_average_load":[0.1690625,0.1603125,0.1596875],"realtime_carbon_intensity":337.277384728,"disk_write_speed":25.4476904495,"process_ids":[21904,21986]}
{"timestamp":1572411411.6945619583,"rapl_power_draw_absolute":77.6109099792,"rapl_estimated_attributable_power_draw":18.2524681863,"cpu_time_seconds":{"21904":{"user":223.44,"system":2.86,"children_user":0.15,"children_system":0.33},"21986":{"user":3.62,"system":11.44,"children_user":0.37,"children_system":8.15}},"average_relative_cpu_utilization":0.2342462443,"absolute_cpu_utilization":1.0035813444,"relative_mem_usage":0.2446946717,"absolute_mem_usage":3928397824.0,"absolute_mem_percent_usage":0.0290778649,"mem_info_per_process":{"21904":{"rss":3658649600,"vms":11470516224,"shared":573288448,"text":2322432,"lib":0,"data":9716121600,"dirty":0,"uss":190640128,"pss":1911895040,"swap":0},"21986":{"rss":3265810432,"vms":11470516224,"shared":180285440,"text":2322432,"lib":0,"data":9716121600,"dirty":0,"uss":132276224,"pss":1693586432,"swap":0}},"nvidia_draw_absolute":43.84,"nvidia_estimated_attributable_power_draw":43.84,"average_gpu_estimated_utilization_absolute":0.29,"per_gpu_average_estimated_utilization_absolute":{"(0, 21904)":{"sm":29,"mem":1,"enc":0,"dec":0}},"average_gpu_estimated_utilization_relative":1.0,"per_gpu_performance_state":{"0":"P2"},"per_gpu_power_draw":{"0":43.84},"cpu_count_adjusted_average_load":[0.164375,0.1596875,0.1596875],"realtime_carbon_intensity":337.277384728,"disk_write_speed":9.4658565528,"process_ids":[21904,21986]}
{"timestamp":1572411420.1338379383,"rapl_power_draw_absolute":77.7384929383,"rapl_estimated_attributable_power_draw":18.2632041254,"cpu_time_seconds":{"21904":{"user":231.88,"system":2.86,"children_user":0.15,"children_system":0.33},"21986":{"user":3.7,"system":11.9,"children_user":0.38,"children_system":8.48}},"average_relative_cpu_utilization":0.2339734153,"absolute_cpu_utilization":1.0036279183,"relative_mem_usage":0.244716711,"absolute_mem_usage":3928302592.0,"absolute_mem_percent_usage":0.02907716,"mem_info_per_process":{"21904":{"rss":3658649600,"vms":11470516224,"shared":573288448,"text":2322432,"lib":0,"data":9716121600,"dirty":0,"uss":190644224,"pss":1911789568,"swap":0},"21986":{"rss":3265810432,"vms":11470516224,"shared":180285440,"text":2322432,"lib":0,"data":9716121600,"dirty":0,"uss":132280320,"pss":1693588480,"swap":0}},"nvidia_draw_absolute":43.53,"nvidia_estimated_attributable_power_draw":43.53,"average_gpu_estimated_utilization_absolute":0.2966666667,"per_gpu_average_estimated_utilization_absolute":{"(0, 21904)":{"sm":29.6666666667,"mem":1.3333333333,"enc":0.0,"dec":0.0}},"average_gpu_estimated_utilization_relative":1.0,"per_gpu_performance_state":{"0":"P2"},"per_gpu_power_draw":{"0":43.53},"cpu_count_adjusted_average_load":[0.1659375,0.16,0.1596875],"realtime_carbon_intensity":337.277384728,"disk_write_speed":39.4368294862,"process_ids":[21904,21986]}
{"timestamp":1572411428.6131160259,"rapl_power_draw_absolute":77.9095268984,"rapl_estimated_attributable_power_draw":17.8969539252,"cpu_time_seconds":{"21904":{"user":240.35,"system":2.87,"children_user":0.15,"children_system":0.33},"21986":{"user":3.88,"system":12.41,"children_user":0.4,"children_system":8.78}},"average_relative_cpu_utilization":0.2282336386,"absolute_cpu_utilization":1.0085974062,"relative_mem_usage":0.2447494847,"absolute_mem_usage":3928435712.0,"absolute_mem_percent_usage":0.0290781454,"mem_info_per_process":{"21904":{"rss":3658649600,"vms":11470516224,"shared":573288448,"text":2322432,"lib":0,"data":9716121600,"dirty":0,"uss":190652416,"pss":1911902208,"swap":0},"21986":{"rss":3265810432,"vms":11470516224,"shared":180285440,"text":2322432,"lib":0,"data":9716121600,"dirty":0,"uss":132288512,"pss":1693592576,"swap":0}},"nvidia_draw_absolute":43.71,"nvidia_estimated_attributable_power_draw":43.71,"average_gpu_estimated_utilization_absolute":0.2933333333,"per_gpu_average_estimated_utilization_absolute":{"(0, 21904)":{"sm":29.3333333333,"mem":1.3333333333,"enc":0.0,"dec":0.0}},"average_gpu_estimated_utilization_relative":1.0,"per_gpu_performance_state":{"0":"P2"},"per_gpu_power_draw":{"0":43.71},"cpu_count_adjusted_average_load":[0.1775,0.1625,0.160625],"realtime_carbon_intensity":337.277384728,"disk_write_speed":37.534848604,"process_ids":[21904,21986]}
{"timestamp":1572411437.095361948,"rapl_power_draw_absolute":77.9130444102,"rapl_estimated_attributable_power_draw":17.764360435,"cpu_time_seconds":{"21904":{"user":248.83,"system":2.88,"children_user":0.15,"children_system":0.33},"21986":{"user":4.05,"system":12.95,"children_user":0.4,"children_system":9.11}},"average_relative_cpu_utilization":0.2263316794,"absolute_cpu_utilization":1.0035769988,"relative_mem_usage":0.2447638043,"absolute_mem_usage":3928448000.0,"absolute_mem_percent_usage":0.0290782363,"mem_info_per_process":{"21904":{"rss":3658649600,"vms":11470516224,"shared":573288448,"text":2322432,"lib":0,"data":9716121600,"dirty":0,"uss":190656512,"pss":1911904256,"swap":0},"21986":{"rss":3265810432,"vms":11470516224,"shared":180285440,"text":2322432,"lib":0,"data":9716121600,"dirty":0,"uss":132292608,"pss":1693594624,"swap":0}},"nvidia_draw_absolute":43.93,"nvidia_estimated_attributable_power_draw":43.93,"average_gpu_estimated_utilization_absolute":0.29,"per_gpu_average_estimated_utilization_absolute":{"(0, 21904)":{"sm":29,"mem":2,"enc":0,"dec":0}},"average_gpu_estimated_utilization_relative":1.0,"per_gpu_performance_state":{"0":"P2"},"per_gpu_power_draw":{"0":43.93},"cpu_count_adjusted_average_load":[0.171875,0.161875,0.1603125],"realtime_carbon_intensity":337.277384728,"disk_write_speed":40.4834571472,"process_ids":[21904,21986]}
{"timestamp":1572411445.5793011189,"rapl_power_draw_absolute":77.5683443875,"rapl_estimated_attributable_power_draw":17.5429430839,"cpu_time_seconds":{"21904":{"user":257.3,"system":2.89,"children_user":0.15,"children_system":0.33},"21986":{"user":4.22,"system":13.48,"children_user":0.41,"children_system":9.44}},"average_relative_cpu_utilization":0.2242017664,"absolute_cpu_utilization":0.9986313341,"relative_mem_usage":0.2447751269,"absolute_mem_usage":3928460288.0,"absolute_mem_percent_usage":0.0290783273,"mem_info_per_process":{"21904":{"rss":3658649600,"vms":11470516224,"shared":573288448,"text":2322432,"lib":0,"data":9716121600,"dirty":0,"uss":190660608,"pss":1911906304,"swap":0},"21986":{"rss":3265810432,"vms":11470516224,"shared":180285440,"text":2322432,"lib":0,"data":9716121600,"dirty":0,"uss":132296704,"pss":1693596672,"swap":0}},"nvidia_draw_absolute":44.23,"nvidia_estimated_attributable_power_draw":44.23,"average_gpu_estimated_utilization_absolute":0.2933333333,"per_gpu_average_estimated_utilization_absolute":{"(0, 21904)":{"sm":29.3333333333,"mem":1.3333333333,"enc":0.0,"dec":0.0}},"average_gpu_estimated_utilization_relative":1.0,"per_gpu_performance_state":{"0":"P2"},"per_gpu_power_draw":{"0":44.23},"cpu_count_adjusted_average_load":[0.1721875,0.1621875,0.1603125],"realtime_carbon_intensity":337.461173778,"disk_write_speed":28.4498209749,"process_ids":[21904,21986]}
{"timestamp":1572411454.0907430649,"rapl_power_draw_absolute":77.8212747259,"rapl_estimated_attributable_power_draw":17.5653163051,"cpu_time_seconds":{"21904":{"user":265.8,"system":2.9,"children_user":0.15,"children_system":0.33},"21986":{"user":4.38,"system":13.98,"children_user":0.42,"children_system":9.75}},"average_relative_cpu_utilization":0.2237086945,"absolute_cpu_utilization":0.9997383557,"relative_mem_usage":0.2447511568,"absolute_mem_usage":3928472576.0,"absolute_mem_percent_usage":0.0290784182,"mem_info_per_process":{"21904":{"rss":3658649600,"vms":11470516224,"shared":573288448,"text":2322432,"lib":0,"data":9716121600,"dirty":0,"uss":190664704,"pss":1911908352,"swap":0},"21986":{"rss":3265810432,"vms":11470516224,"shared":180285440,"text":2322432,"lib":0,"data":9716121600,"dirty":0,"uss":132300800,"pss":1693598720,"swap":0}},"nvidia_draw_absolute":43.34,"nvidia_estimated_attributable_power_draw":43.34,"average_gpu_estimated_utilization_absolute":0.29,"per_gpu_average_estimated_utilization_absolute":{"(0, 21904)":{"sm":29.0,"mem":1.5,"enc":0.0,"dec":0.0}},"average_gpu_estimated_utilization_relative":1.0,"per_gpu_performance_state":{"0":"P2"},"per_gpu_power_draw":{"0":43.34},"cpu_count_adjusted_average_load":[0.1759375,0.163125,0.160625],"realtime_carbon_intensity":337.461173778,"disk_write_speed":24.842972375,"process_ids":[21904,21986]}
{"timestamp":1572411462.5428850651,"rapl_power_draw_absolute":77.3946841257,"rapl_estimated_attributable_power_draw":17.4143532104,"cpu_time_seconds":{"21904":{"user":274.26,"system":2.9,"children_user":0.15,"children_system":0.33},"21986":{"user":4.54,"system":14.47,"children_user":0.43,"children_system":10.07}},"average_relative_cpu_utilization":0.2229478177,"absolute_cpu_utilization":0.9986123837,"relative_mem_usage":0.2447271916,"absolute_mem_usage":3928484864.0,"absolute_mem_percent_usage":0.0290785092,"mem_info_per_process":{"21904":{"rss":3658649600,"vms":11470516224,"shared":573288448,"text":2322432,"lib":0,"data":9716121600,"dirty":0,"uss":190668800,"pss":1911910400,"swap":0},"21986":{"rss":3265810432,"vms":11470516224,"shared":180285440,"text":2322432,"lib":0,"data":9716121600,"dirty":0,"uss":132304896,"pss":1693600768,"swap":0}},"nvidia_draw_absolute":43.51,"nvidia_estimated_attributable_power_draw":43.51,"average_gpu_estimated_utilization_absolute":0.2833333333,"per_gpu_average_estimated_utilization_absolute":{"(0, 21904)":{"sm":28.3333333333,"mem":1.3333333333,"enc":0.0,"dec":0.0}},"average_gpu_estimated_utilization_relative":1.0,"per_gpu_performance_state":{"0":"P2"},"per_gpu_power_draw":{"0":43.51},"cpu_count_adjusted_average_load":[0.1753125,0.1634375,0.1609375],"realtime_carbon_intensity":337.461173778,"disk_write_speed":34.9210881868,"process_ids":[21904,21986]}
{"timestamp":1572411470.9348480701,"rapl_power_draw_absolute":77.9244545687,"rapl_estimated_attributable_power_draw":17.6736176812,"cpu_time_seconds":{"21904":{"user":282.65,"system":2.9,"children_user":0.15,"children_system":0.33},"21986":{"user":4.7,"system":14.94,"children_user":0.44,"children_system":10.37}},"average_relative_cpu_utilization":0.2249671898,"absolute_cpu_utilization":0.9987459878,"relative_mem_usage":0.2447256003,"absolute_mem_usage":3928509440.0,"absolute_mem_percent_usage":0.0290786911,"mem_info_per_process":{"21904":{"rss":3658649600,"vms":11470516224,"shared":573288448,"text":2322432,"lib":0,"data":9716121600,"dirty":0,"uss":190676992,"pss":1911914496,"swap":0},"21986":{"rss":3265810432,"vms":11470516224,"shared":180285440,"text":2322432,"lib":0,"data":9716121600,"dirty":0,"uss":132313088,"pss":1693604864,"swap":0}},"nvidia_draw_absolute":44.07,"nvidia_estimated_attributable_power_draw":44.07,"average_gpu_estimated_utilization_absolute":0.295,"per_gpu_average_estimated_utilization_absolute":{"(0, 21904)":{"sm":29.5,"mem":2.0,"enc":0.0,"dec":0.0}},"average_gpu_estimated_utilization_relative":1.0,"per_gpu_performance_state":{"0":"P2"},"per_gpu_power_draw":{"0":44.07},"cpu_count_adjusted_average_load":[0.1725,0.163125,0.1609375],"realtime_carbon_intensity":337.461173778,"disk_write_speed":18.549942988,"process_ids":[21904,21986]}
{"timestamp":1572411479.5242021084,"rapl_power_draw_absolute":78.162026246,"rapl_estimated_attributable_power_draw":17.301987636,"cpu_time_seconds":{"21904":{"user":291.24,"system":2.91,"children_user":0.15,"children_system":0.33},"21986":{"user":4.85,"system":15.43,"children_user":0.46,"children_system":10.69}},"average_relative_cpu_utilization":0.2190392137,"absolute_cpu_utilization":0.9993314447,"relative_mem_usage":0.2447067869,"absolute_mem_usage":3928542208.0,"absolute_mem_percent_usage":0.0290789337,"mem_info_per_process":{"21904":{"rss":3658649600,"vms":11470516224,"shared":573288448,"text":2322432,"lib":0,"data":9716121600,"dirty":0,"uss":190689280,"pss":1911916544,"swap":0},"21986":{"rss":3265810432,"vms":11470516224,"shared":180285440,"text":2322432,"lib":0,"data":9716121600,"dirty":0,"uss":132325376,"pss":1693611008,"swap":0}},"nvidia_draw_absolute":43.45,"nvidia_estimated_attributable_power_draw":43.45,"average_gpu_estimated_utilization_absolute":0.2933333333,"per_gpu_average_estimated_utilization_absolute":{"(0, 21904)":{"sm":29.3333333333,"mem":1.3333333333,"enc":0.0,"dec":0.0}},"average_gpu_estimated_utilization_relative":1.0,"per_gpu_performance_state":{"0":"P2"},"per_gpu_power_draw":{"0":43.45},"cpu_count_adjusted_average_load":[0.1703125,0.163125,0.160625],"realtime_carbon_intensity":337.461173778,"disk_write_speed":32.3955847643,"process_ids":[21904,21986]}
{"timestamp":1572411487.9690859318,"rapl_power_draw_absolute":78.1141033031,"rapl_estimated_attributable_power_draw":17.608258107,"cpu_time_seconds":{"21904":{"user":299.69,"system":2.91,"children_user":0.15,"children_system":0.33},"21986":{"user":5.0,"system":15.9,"children_user":0.48,"children_system":11.0}},"average_relative_cpu_utilization":0.2234483521,"absolute_cpu_utilization":0.9986321997,"relative_mem_usage":0.2447118033,"absolute_mem_usage":3928558592.0,"absolute_mem_percent_usage":0.0290790549,"mem_info_per_process":{"21904":{"rss":3658649600,"vms":11470516224,"shared":573288448,"text":2322432,"lib":0,"data":9716121600,"dirty":0,"uss":190693376,"pss":1911922688,"swap":0},"21986":{"rss":3265810432,"vms":11470516224,"shared":180285440,"text":2322432,"lib":0,"data":9716121600,"dirty":0,"uss":132329472,"pss":1693613056,"swap":0}},"nvidia_draw_absolute":43.49,"nvidia_estimated_attributable_power_draw":43.49,"average_gpu_estimated_utilization_absolute":0.295,"per_gpu_average_estimated_utilization_absolute":{"(0, 21904)":{"sm":29.5,"mem":2.0,"enc":0.0,"dec":0.0}},"average_gpu_estimated_utilization_relative":1.0,"per_gpu_performance_state":{"0":"P2"},"per_gpu_power_draw":{"0":43.49},"cpu_count_adjusted_average_load":[0.1690625,0.1628125,0.160625],"realtime_carbon_intensity":337.461173778,"disk_write_speed":21.9142719806,"process_ids":[21904,21986]}
{"timestamp":1572411496.3854990005,"rapl_power_draw_absolute":78.2124323605,"rapl_estimated_attributable_power_draw":17.6814280198,"cpu_time_seconds":{"21904":{"user":308.1,"system":2.92,"children_user":0.15,"children_system":0.33},"21986":{"user":5.14,"system":16.36,"children_user":0.51,"children_system":11.32}},"average_relative_cpu_utilization":0.2241971073,"absolute_cpu_utilization":0.9986059309,"relative_mem_usage":0.2447108648,"absolute_mem_usage":3928462336.0,"absolute_mem_percent_usage":0.0290783425,"mem_info_per_process":{"21904":{"rss":3658649600,"vms":11470516224,"shared":573288448,"text":2322432,"lib":0,"data":9716121600,"dirty":0,"uss":190697472,"pss":1911816192,"swap":0},"21986":{"rss":3265810432,"vms":11470516224,"shared":180285440,"text":2322432,"lib":0,"data":9716121600,"dirty":0,"uss":132333568,"pss":1693615104,"swap":0}},"nvidia_draw_absolute":43.97,"nvidia_estimated_attributable_power_draw":43.97,"average_gpu_estimated_utilization_absolute":0.2933333333,"per_gpu_average_estimated_utilization_absolute":{"(0, 21904)":{"sm":29.3333333333,"mem":1.3333333333,"enc":0.0,"dec":0.0}},"average_gpu_estimated_utilization_relative":1.0,"per_gpu_performance_state":{"0":"P2"},"per_gpu_power_draw":{"0":43.97},"cpu_count_adjusted_average_load":[0.165,0.1621875,0.160625],"realtime_carbon_intensity":337.461173778,"disk_write_speed":25.7339423475,"process_ids":[21904,21986]}
{"timestamp":1572411504.8024311066,"rapl_power_draw_absolute":78.5224665404,"rapl_estimated_attributable_power_draw":17.5656485753,"cpu_time_seconds":{"21904":{"user":316.51,"system":2.93,"children_user":0.15,"children_system":0.33},"21986":{"user":5.31,"system":16.79,"children_user":0.52,"children_system":11.63}},"average_relative_cpu_utilization":0.2215995514,"absolute_cpu_utilization":1.0036267477,"relative_mem_usage":0.2447487408,"absolute_mem_usage":3928583168.0,"absolute_mem_percent_usage":0.0290792368,"mem_info_per_process":{"21904":{"rss":3658649600,"vms":11470516224,"shared":573288448,"text":2322432,"lib":0,"data":9716121600,"dirty":0,"uss":190701568,"pss":1911926784,"swap":0},"21986":{"rss":3265810432,"vms":11470516224,"shared":180285440,"text":2322432,"lib":0,"data":9716121600,"dirty":0,"uss":132337664,"pss":1693617152,"swap":0}},"nvidia_draw_absolute":43.85,"nvidia_estimated_attributable_power_draw":43.85,"average_gpu_estimated_utilization_absolute":0.2933333333,"per_gpu_average_estimated_utilization_absolute":{"(0, 21904)":{"sm":29.3333333333,"mem":1.6666666667,"enc":0.0,"dec":0.0}},"average_gpu_estimated_utilization_relative":1.0,"per_gpu_performance_state":{"0":"P2"},"per_gpu_power_draw":{"0":43.85},"cpu_count_adjusted_average_load":[0.16125,0.1615625,0.1603125],"realtime_carbon_intensity":337.461173778,"disk_write_speed":39.1560860008,"process_ids":[21904,21986]}
{"timestamp":1572411513.3070600033,"rapl_power_draw_absolute":76.3826761268,"rapl_estimated_attributable_power_draw":17.2854130471,"cpu_time_seconds":{"21904":{"user":325.01,"system":2.94,"children_user":0.15,"children_system":0.33},"21986":{"user":5.5,"system":17.33,"children_user":0.54,"children_system":11.95}},"average_relative_cpu_utilization":0.224446488,"absolute_cpu_utilization":0.9985801705,"relative_mem_usage":0.2447626226,"absolute_mem_usage":3928595456.0,"absolute_mem_percent_usage":0.0290793278,"mem_info_per_process":{"21904":{"rss":3658649600,"vms":11470516224,"shared":573288448,"text":2322432,"lib":0,"data":9716121600,"dirty":0,"uss":190705664,"pss":1911928832,"swap":0},"21986":{"rss":3265810432,"vms":11470516224,"shared":180285440,"text":2322432,"lib":0,"data":9716121600,"dirty":0,"uss":132341760,"pss":1693619200,"swap":0}},"nvidia_draw_absolute":44.22,"nvidia_estimated_attributable_power_draw":44.22,"average_gpu_estimated_utilization_absolute":0.2933333333,"per_gpu_average_estimated_utilization_absolute":{"(0, 21904)":{"sm":29.3333333333,"mem":1.3333333333,"enc":0.0,"dec":0.0}},"average_gpu_estimated_utilization_relative":1.0,"per_gpu_performance_state":{"0":"P2"},"per_gpu_power_draw":{"0":44.22},"cpu_count_adjusted_average_load":[0.1609375,0.16125,0.1603125],"realtime_carbon_intensity":337.461173778,"disk_write_speed":33.2450109056,"process_ids":[21904,21986]}
{"timestamp":1572411521.7506380081,"rapl_power_draw_absolute":78.0468730294,"rapl_estimated_attributable_power_draw":18.2324506908,"cpu_time_seconds":{"21904":{"user":333.44,"system":2.95,"children_user":0.15,"children_system":0.33},"21986":{"user":5.67,"system":17.8,"children_user":0.55,"children_system":12.28}},"average_relative_cpu_utilization":0.2325365293,"absolute_cpu_utilization":0.9985790579,"relative_mem_usage":0.2447380938,"absolute_mem_usage":3928607744.0,"absolute_mem_percent_usage":0.0290794188,"mem_info_per_process":{"21904":{"rss":3658649600,"vms":11470516224,"shared":573288448,"text":2322432,"lib":0,"data":9716121600,"dirty":0,"uss":190709760,"pss":1911930880,"swap":0},"21986":{"rss":3265810432,"vms":11470516224,"shared":180285440,"text":2322432,"lib":0,"data":9716121600,"dirty":0,"uss":132345856,"pss":1693621248,"swap":0}},"nvidia_draw_absolute":43.75,"nvidia_estimated_attributable_power_draw":43.75,"average_gpu_estimated_utilization_absolute":0.2733333333,"per_gpu_average_estimated_utilization_absolute":{"(0, 21904)":{"sm":27.3333333333,"mem":1.0,"enc":0.0,"dec":0.0}},"average_gpu_estimated_utilization_relative":1.0,"per_gpu_performance_state":{"0":"P2"},"per_gpu_power_draw":{"0":43.75},"cpu_count_adjusted_average_load":[0.1675,0.1628125,0.160625],"realtime_carbon_intensity":337.461173778,"disk_write_speed":24.1497582187,"process_ids":[21904,21986]}
{"timestamp":1572411530.1677811146,"rapl_power_draw_absolute":71.8366143155,"rapl_estimated_attributable_power_draw":22.3537475818,"cpu_time_seconds":{"21904":{"user":341.85,"system":2.95,"children_user":0.15,"children_system":0.33},"21986":{"user":5.83,"system":18.26,"children_user":0.57,"children_system":12.57}},"average_relative_cpu_utilization":0.3111195217,"absolute_cpu_utilization":1.0035957151,"relative_mem_usage":0.3116998665,"absolute_mem_usage":3938630656.0,"absolute_mem_percent_usage":0.029153608,"mem_info_per_process":{"21904":{"rss":3658649600,"vms":11470516224,"shared":573288448,"text":2322432,"lib":0,"data":9716121600,"dirty":0,"uss":191676416,"pss":1919531008,"swap":0},"21986":{"rss":3265810432,"vms":11470516224,"shared":180285440,"text":2322432,"lib":0,"data":9716121600,"dirty":0,"uss":132423680,"pss":1694999552,"swap":0}},"nvidia_draw_absolute":44.53,"nvidia_estimated_attributable_power_draw":44.53,"average_gpu_estimated_utilization_absolute":0.295,"per_gpu_average_estimated_utilization_absolute":{"(0, 21904)":{"sm":29.5,"mem":1.25,"enc":0.0,"dec":0.0}},"average_gpu_estimated_utilization_relative":1.0,"per_gpu_performance_state":{"0":"P2"},"per_gpu_power_draw":{"0":44.53},"cpu_count_adjusted_average_load":[0.15625,0.160625,0.16],"realtime_carbon_intensity":337.461173778,"disk_write_speed":34.684100873,"process_ids":[21904,21986]}
{"timestamp":1572411538.5863790512,"rapl_power_draw_absolute":74.0448548681,"rapl_estimated_attributable_power_draw":21.060257681,"cpu_time_seconds":{"21904":{"user":350.27,"system":2.96,"children_user":0.15,"children_system":0.33},"21986":{"user":6.02,"system":18.71,"children_user":0.58,"children_system":12.89}},"average_relative_cpu_utilization":0.2816612017,"absolute_cpu_utilization":0.9986262388,"relative_mem_usage":0.3114677049,"absolute_mem_usage":3938607104.0,"absolute_mem_percent_usage":0.0291534337,"mem_info_per_process":{"21904":{"rss":3658649600,"vms":11470516224,"shared":573288448,"text":2322432,"lib":0,"data":9716121600,"dirty":0,"uss":191680512,"pss":1919501312,"swap":0},"21986":{"rss":3265810432,"vms":11470516224,"shared":180285440,"text":2322432,"lib":0,"data":9716121600,"dirty":0,"uss":132427776,"pss":1694997504,"swap":0}},"nvidia_draw_absolute":44.02,"nvidia_estimated_attributable_power_draw":44.02,"average_gpu_estimated_utilization_absolute":0.3,"per_gpu_average_estimated_utilization_absolute":{"(0, 21904)":{"sm":30.0,"mem":1.3333333333,"enc":0.0,"dec":0.0}},"average_gpu_estimated_utilization_relative":1.0,"per_gpu_performance_state":{"0":"P2"},"per_gpu_power_draw":{"0":44.02},"cpu_count_adjusted_average_load":[0.15625,0.1603125,0.16],"realtime_carbon_intensity":337.461173778,"disk_write_speed":34.5851778997,"process_ids":[21904,21986]}
{"timestamp":1572411547.0569109917,"rapl_power_draw_absolute":73.0088628386,"rapl_estimated_attributable_power_draw":19.5937266405,"cpu_time_seconds":{"21904":{"user":358.73,"system":2.97,"children_user":0.15,"children_system":0.33},"21986":{"user":6.2,"system":19.24,"children_user":0.6,"children_system":13.19}},"average_relative_cpu_utilization":0.2641080309,"absolute_cpu_utilization":1.0045318361,"relative_mem_usage":0.3088983691,"absolute_mem_usage":3918735360.0,"absolute_mem_percent_usage":0.0290063437,"mem_info_per_process":{"21904":{"rss":3658649600,"vms":11470516224,"shared":573288448,"text":2322432,"lib":0,"data":9716121600,"dirty":0,"uss":187711488,"pss":1904088064,"swap":0},"21986":{"rss":3265810432,"vms":11470516224,"shared":180285440,"text":2322432,"lib":0,"data":9716121600,"dirty":0,"uss":132435968,"pss":1694499840,"swap":0}},"nvidia_draw_absolute":44.49,"nvidia_estimated_attributable_power_draw":44.49,"average_gpu_estimated_utilization_absolute":0.27,"per_gpu_average_estimated_utilization_absolute":{"(0, 21904)":{"sm":27.0,"mem":1.5,"enc":0.0,"dec":0.0}},"average_gpu_estimated_utilization_relative":1.0,"per_gpu_performance_state":{"0":"P2"},"per_gpu_power_draw":{"0":44.49},"cpu_count_adjusted_average_load":[0.15375,0.1596875,0.1596875],"realtime_carbon_intensity":337.461173778,"disk_write_speed":30.5467698845,"process_ids":[21904,21986]}
{"timestamp":1572411555.6996400356,"rapl_power_draw_absolute":77.3142833207,"rapl_estimated_attributable_power_draw":18.4421797058,"cpu_time_seconds":{"21904":{"user":367.2,"system":3.06,"children_user":0.15,"children_system":0.33},"21986":{"user":6.39,"system":19.76,"children_user":0.62,"children_system":13.54}},"average_relative_cpu_utilization":0.2383664544,"absolute_cpu_utilization":0.9986537013,"relative_mem_usage":0.2400727524,"absolute_mem_usage":3843337216.0,"absolute_mem_percent_usage":0.0284482493,"mem_info_per_process":{"21904":{"rss":3658649600,"vms":11470516224,"shared":573288448,"text":2322432,"lib":0,"data":9716121600,"dirty":0,"uss":161689600,"pss":1854907392,"swap":0},"21986":{"rss":3265810432,"vms":11470516224,"shared":180285440,"text":2322432,"lib":0,"data":9716121600,"dirty":0,"uss":132440064,"pss":1694300160,"swap":0}},"nvidia_draw_absolute":43.2,"nvidia_estimated_attributable_power_draw":43.2,"average_gpu_estimated_utilization_absolute":0.285,"per_gpu_average_estimated_utilization_absolute":{"(0, 21904)":{"sm":28.5,"mem":1.0,"enc":0.0,"dec":0.0}},"average_gpu_estimated_utilization_relative":1.0,"per_gpu_performance_state":{"0":"P2"},"per_gpu_power_draw":{"0":43.2},"cpu_count_adjusted_average_load":[0.1490625,0.1584375,0.159375],"realtime_carbon_intensity":337.461173778,"disk_write_speed":24.3806907406,"process_ids":[21904,21986]}
{"timestamp":1572411564.1694769859,"rapl_power_draw_absolute":76.7361876255,"rapl_estimated_attributable_power_draw":17.4849922926,"cpu_time_seconds":{"21904":{"user":375.5,"system":3.14,"children_user":0.15,"children_system":0.33},"21986":{"user":6.54,"system":20.26,"children_user":0.63,"children_system":13.85}},"average_relative_cpu_utilization":0.2267507682,"absolute_cpu_utilization":0.998711713,"relative_mem_usage":0.2391699788,"absolute_mem_usage":3837188096.0,"absolute_mem_percent_usage":0.0284027337,"mem_info_per_process":{"21904":{"rss":3658649600,"vms":11470516224,"shared":573288448,"text":2322432,"lib":0,"data":9716121600,"dirty":0,"uss":159723520,"pss":1851025408,"swap":0},"21986":{"rss":3265810432,"vms":11470516224,"shared":180285440,"text":2322432,"lib":0,"data":9716121600,"dirty":0,"uss":132444160,"pss":1693995008,"swap":0}},"nvidia_draw_absolute":43.04,"nvidia_estimated_attributable_power_draw":43.04,"average_gpu_estimated_utilization_absolute":0.28,"per_gpu_average_estimated_utilization_absolute":{"(0, 21904)":{"sm":28.0,"mem":1.5,"enc":0.0,"dec":0.0}},"average_gpu_estimated_utilization_relative":1.0,"per_gpu_performance_state":{"0":"P2"},"per_gpu_power_draw":{"0":43.04},"cpu_count_adjusted_average_load":[0.1546875,0.1596875,0.1596875],"realtime_carbon_intensity":337.461173778,"disk_write_speed":27.0511251137,"process_ids":[21904,21986]}
{"timestamp":1572411572.653496027,"rapl_power_draw_absolute":76.9401661259,"rapl_estimated_attributable_power_draw":17.7549983477,"cpu_time_seconds":{"21904":{"user":383.98,"system":3.15,"children_user":0.15,"children_system":0.33},"21986":{"user":6.68,"system":20.72,"children_user":0.64,"children_system":14.18}},"average_relative_cpu_utilization":0.2299578105,"absolute_cpu_utilization":1.0042654062,"relative_mem_usage":0.2389600162,"absolute_mem_usage":3836708864.0,"absolute_mem_percent_usage":0.0283991864,"mem_info_per_process":{"21904":{"rss":3658649600,"vms":11470516224,"shared":573288448,"text":2322432,"lib":0,"data":9716121600,"dirty":0,"uss":159727616,"pss":1850897408,"swap":0},"21986":{"rss":3265810432,"vms":11470516224,"shared":180285440,"text":2322432,"lib":0,"data":9716121600,"dirty":0,"uss":132399104,"pss":1693684736,"swap":0}},"nvidia_draw_absolute":43.27,"nvidia_estimated_attributable_power_draw":43.27,"average_gpu_estimated_utilization_absolute":0.275,"per_gpu_average_estimated_utilization_absolute":{"(0, 21904)":{"sm":27.5,"mem":1.0,"enc":0.0,"dec":0.0}},"average_gpu_estimated_utilization_relative":1.0,"per_gpu_performance_state":{"0":"P2"},"per_gpu_power_draw":{"0":43.27},"cpu_count_adjusted_average_load":[0.1625,0.1609375,0.16],"realtime_carbon_intensity":337.461173778,"disk_write_speed":15.6104358286,"process_ids":[21904,21986]}
{"timestamp":1572411581.2745890617,"rapl_power_draw_absolute":76.5003537191,"rapl_estimated_attributable_power_draw":17.6153781877,"cpu_time_seconds":{"21904":{"user":392.61,"system":3.15,"children_user":0.15,"children_system":0.33},"21986":{"user":6.82,"system":21.24,"children_user":0.66,"children_system":14.52}},"average_relative_cpu_utilization":0.2294326255,"absolute_cpu_utilization":1.0035965188,"relative_mem_usage":0.2388014505,"absolute_mem_usage":3836603392.0,"absolute_mem_percent_usage":0.0283984057,"mem_info_per_process":{"21904":{"rss":3658649600,"vms":11470516224,"shared":573288448,"text":2322432,"lib":0,"data":9716121600,"dirty":0,"uss":159727616,"pss":1850897408,"swap":0},"21986":{"rss":3265810432,"vms":11470516224,"shared":180285440,"text":2322432,"lib":0,"data":9716121600,"dirty":0,"uss":132399104,"pss":1693579264,"swap":0}},"nvidia_draw_absolute":42.97,"nvidia_estimated_attributable_power_draw":42.97,"average_gpu_estimated_utilization_absolute":0.275,"per_gpu_average_estimated_utilization_absolute":{"(0, 21904)":{"sm":27.5,"mem":1.0,"enc":0.0,"dec":0.0}},"average_gpu_estimated_utilization_relative":1.0,"per_gpu_performance_state":{"0":"P2"},"per_gpu_power_draw":{"0":42.97},"cpu_count_adjusted_average_load":[0.16125,0.1609375,0.16],"realtime_carbon_intensity":337.461173778,"disk_write_speed":29.2125171508,"process_ids":[21904,21986]}
{"timestamp":1572411589.708012104,"rapl_power_draw_absolute":66.3399678965,"rapl_estimated_attributable_power_draw":20.1262552182,"cpu_time_seconds":{"21904":{"user":401.04,"system":3.16,"children_user":0.15,"children_system":0.33},"21986":{"user":6.98,"system":21.68,"children_user":0.67,"children_system":14.84}},"average_relative_cpu_utilization":0.3029923567,"absolute_cpu_utilization":0.9985586664,"relative_mem_usage":0.3102371768,"absolute_mem_usage":3924490240.0,"absolute_mem_percent_usage":0.0290489411,"mem_info_per_process":{"21904":{"rss":3658649600,"vms":11470516224,"shared":573288448,"text":2322432,"lib":0,"data":9716121600,"dirty":0,"uss":181915648,"pss":1914754048,"swap":0},"21986":{"rss":3265810432,"vms":11470516224,"shared":180285440,"text":2322432,"lib":0,"data":9716121600,"dirty":0,"uss":132620288,"pss":1695200256,"swap":0}},"nvidia_draw_absolute":43.35,"nvidia_estimated_attributable_power_draw":43.35,"average_gpu_estimated_utilization_absolute":0.275,"per_gpu_average_estimated_utilization_absolute":{"(0, 21904)":{"sm":27.5,"mem":1.0,"enc":0.0,"dec":0.0}},"average_gpu_estimated_utilization_relative":1.0,"per_gpu_performance_state":{"0":"P2"},"per_gpu_power_draw":{"0":43.35},"cpu_count_adjusted_average_load":[0.1509375,0.15875,0.159375],"realtime_carbon_intensity":337.461173778,"disk_write_speed":31.144284804,"process_ids":[21904,21986]}
{"timestamp":1572411598.1392319202,"rapl_power_draw_absolute":66.9259758772,"rapl_estimated_attributable_power_draw":18.6152085229,"cpu_time_seconds":{"21904":{"user":409.46,"system":3.17,"children_user":0.15,"children_system":0.33},"21986":{"user":7.17,"system":22.14,"children_user":0.68,"children_system":15.17}},"average_relative_cpu_utilization":0.2760836995,"absolute_cpu_utilization":1.0036158268,"relative_mem_usage":0.3093328577,"absolute_mem_usage":3924477952.0,"absolute_mem_percent_usage":0.0290488502,"mem_info_per_process":{"21904":{"rss":3658649600,"vms":11470516224,"shared":573288448,"text":2322432,"lib":0,"data":9716121600,"dirty":0,"uss":181919744,"pss":1914735616,"swap":0},"21986":{"rss":3265810432,"vms":11470516224,"shared":180285440,"text":2322432,"lib":0,"data":9716121600,"dirty":0,"uss":132624384,"pss":1695198208,"swap":0}},"nvidia_draw_absolute":43.36,"nvidia_estimated_attributable_power_draw":43.36,"average_gpu_estimated_utilization_absolute":0.27,"per_gpu_average_estimated_utilization_absolute":{"(0, 21904)":{"sm":27.0,"mem":1.25,"enc":0.0,"dec":0.0}},"average_gpu_estimated_utilization_relative":1.0,"per_gpu_performance_state":{"0":"P2"},"per_gpu_power_draw":{"0":43.36},"cpu_count_adjusted_average_load":[0.15375,0.1590625,0.159375],"realtime_carbon_intensity":337.461173778,"disk_write_speed":30.7365651776,"process_ids":[21904,21986]}
{"timestamp":1572411606.6123480797,"rapl_power_draw_absolute":76.9464190643,"rapl_estimated_attributable_power_draw":18.1202868897,"cpu_time_seconds":{"21904":{"user":417.92,"system":3.19,"children_user":0.15,"children_system":0.33},"21986":{"user":7.37,"system":22.61,"children_user":0.7,"children_system":15.52}},"average_relative_cpu_utilization":0.2348017827,"absolute_cpu_utilization":1.0035788244,"relative_mem_usage":0.242510934,"absolute_mem_usage":3830580224.0,"absolute_mem_percent_usage":0.0283538224,"mem_info_per_process":{"21904":{"rss":3658649600,"vms":11470516224,"shared":573288448,"text":2322432,"lib":0,"data":9716121600,"dirty":0,"uss":154832896,"pss":1848710144,"swap":0},"21986":{"rss":3265810432,"vms":11470516224,"shared":180285440,"text":2322432,"lib":0,"data":9716121600,"dirty":0,"uss":132624384,"pss":1694412800,"swap":0}},"nvidia_draw_absolute":44.24,"nvidia_estimated_attributable_power_draw":44.24,"average_gpu_estimated_utilization_absolute":0.2875,"per_gpu_average_estimated_utilization_absolute":{"(0, 21904)":{"sm":28.75,"mem":1.0,"enc":0.0,"dec":0.0}},"average_gpu_estimated_utilization_relative":1.0,"per_gpu_performance_state":{"0":"P2"},"per_gpu_power_draw":{"0":44.24},"cpu_count_adjusted_average_load":[0.151875,0.1584375,0.159375],"realtime_carbon_intensity":337.461173778,"disk_write_speed":34.7883997307,"process_ids":[21904,21986]}
{"timestamp":1572411615.1006710529,"rapl_power_draw_absolute":73.4087123773,"rapl_estimated_attributable_power_draw":21.4147465605,"cpu_time_seconds":{"21904":{"user":426.4,"system":3.2,"children_user":0.15,"children_system":0.33},"21986":{"user":7.54,"system":23.13,"children_user":0.71,"children_system":15.84}},"average_relative_cpu_utilization":0.2902526486,"absolute_cpu_utilization":0.9985831032,"relative_mem_usage":0.3060917939,"absolute_mem_usage":3878694912.0,"absolute_mem_percent_usage":0.0287099657,"mem_info_per_process":{"21904":{"rss":3658649600,"vms":11470516224,"shared":573288448,"text":2322432,"lib":0,"data":9716121600,"dirty":0,"uss":149958656,"pss":1898851328,"swap":0},"21986":{"rss":3265810432,"vms":11470516224,"shared":180285440,"text":2322432,"lib":0,"data":9716121600,"dirty":0,"uss":133951488,"pss":1695933440,"swap":0}},"nvidia_draw_absolute":44.67,"nvidia_estimated_attributable_power_draw":44.67,"average_gpu_estimated_utilization_absolute":0.305,"per_gpu_average_estimated_utilization_absolute":{"(0, 21904)":{"sm":30.5,"mem":1.5,"enc":0.0,"dec":0.0}},"average_gpu_estimated_utilization_relative":1.0,"per_gpu_performance_state":{"0":"P2"},"per_gpu_power_draw":{"0":44.67},"cpu_count_adjusted_average_load":[0.1478125,0.1575,0.15875],"realtime_carbon_intensity":337.461173778,"disk_write_speed":26.8745050298,"process_ids":[21904,21986]}
{"timestamp":1572411623.5589179993,"rapl_power_draw_absolute":73.835707812,"rapl_estimated_attributable_power_draw":19.6093392052,"cpu_time_seconds":{"21904":{"user":434.86,"system":3.2,"children_user":0.15,"children_system":0.33},"21986":{"user":7.71,"system":23.61,"children_user":0.72,"children_system":16.17}},"average_relative_cpu_utilization":0.2617618384,"absolute_cpu_utilization":0.9985945113,"relative_mem_usage":0.3032460615,"absolute_mem_usage":3875602432.0,"absolute_mem_percent_usage":0.0286870753,"mem_info_per_process":{"21904":{"rss":3658649600,"vms":11470516224,"shared":573288448,"text":2322432,"lib":0,"data":9716121600,"dirty":0,"uss":149958656,"pss":1898352640,"swap":0},"21986":{"rss":3265810432,"vms":11470516224,"shared":180285440,"text":2322432,"lib":0,"data":9716121600,"dirty":0,"uss":132386816,"pss":1694904320,"swap":0}},"nvidia_draw_absolute":43.91,"nvidia_estimated_attributable_power_draw":43.91,"average_gpu_estimated_utilization_absolute":0.285,"per_gpu_average_estimated_utilization_absolute":{"(0, 21904)":{"sm":28.5,"mem":1.5,"enc":0.0,"dec":0.0}},"average_gpu_estimated_utilization_relative":1.0,"per_gpu_performance_state":{"0":"P2"},"per_gpu_power_draw":{"0":43.91},"cpu_count_adjusted_average_load":[0.1484375,0.1575,0.15875],"realtime_carbon_intensity":337.461173778,"disk_write_speed":30.4143020206,"process_ids":[21904,21986]}
{"timestamp":1572411632.1175301075,"rapl_power_draw_absolute":77.8070401767,"rapl_estimated_attributable_power_draw":17.8460118935,"cpu_time_seconds":{"21904":{"user":443.41,"system":3.21,"children_user":0.15,"children_system":0.33},"21986":{"user":7.87,"system":24.12,"children_user":0.73,"children_system":16.49}},"average_relative_cpu_utilization":0.2269981917,"absolute_cpu_utilization":0.998601343,"relative_mem_usage":0.2514116128,"absolute_mem_usage":3826083840.0,"absolute_mem_percent_usage":0.0283205404,"mem_info_per_process":{"21904":{"rss":3658649600,"vms":11470516224,"shared":573288448,"text":2322432,"lib":0,"data":9716121600,"dirty":0,"uss":149659648,"pss":1849819136,"swap":0},"21986":{"rss":3265810432,"vms":11470516224,"shared":180285440,"text":2322432,"lib":0,"data":9716121600,"dirty":0,"uss":132386816,"pss":1694218240,"swap":0}},"nvidia_draw_absolute":43.45,"nvidia_estimated_attributable_power_draw":43.45,"average_gpu_estimated_utilization_absolute":0.2825,"per_gpu_average_estimated_utilization_absolute":{"(0, 21904)":{"sm":28.25,"mem":1.25,"enc":0.0,"dec":0.0}},"average_gpu_estimated_utilization_relative":1.0,"per_gpu_performance_state":{"0":"P2"},"per_gpu_power_draw":{"0":43.45},"cpu_count_adjusted_average_load":[0.1446875,0.15625,0.1584375],"realtime_carbon_intensity":337.461173778,"disk_write_speed":26.9632191519,"process_ids":[21904,21986]}
{"timestamp":1572411640.6451931,"rapl_power_draw_absolute":77.7156078722,"rapl_estimated_attributable_power_draw":17.5985393804,"cpu_time_seconds":{"21904":{"user":451.93,"system":3.22,"children_user":0.15,"children_system":0.33},"21986":{"user":8.01,"system":24.67,"children_user":0.74,"children_system":16.85}},"average_relative_cpu_utilization":0.2254484164,"absolute_cpu_utilization":0.9985285868,"relative_mem_usage":0.2366682306,"absolute_mem_usage":3807962112.0,"absolute_mem_percent_usage":0.028186404,"mem_info_per_process":{"21904":{"rss":3658649600,"vms":11470516224,"shared":573288448,"text":2322432,"lib":0,"data":9716121600,"dirty":0,"uss":143757312,"pss":1837898752,"swap":0},"21986":{"rss":3265810432,"vms":11470516224,"shared":180285440,"text":2322432,"lib":0,"data":9716121600,"dirty":0,"uss":132386816,"pss":1693919232,"swap":0}},"nvidia_draw_absolute":44.14,"nvidia_estimated_attributable_power_draw":44.14,"average_gpu_estimated_utilization_absolute":0.295,"per_gpu_average_estimated_utilization_absolute":{"(0, 21904)":{"sm":29.5,"mem":1.0,"enc":0.0,"dec":0.0}},"average_gpu_estimated_utilization_relative":1.0,"per_gpu_performance_state":{"0":"P2"},"per_gpu_power_draw":{"0":44.14},"cpu_count_adjusted_average_load":[0.146875,0.15625,0.1584375],"realtime_carbon_intensity":337.461173778,"disk_write_speed":34.719031771,"process_ids":[21904,21986]}
{"timestamp":1572411649.0812981129,"rapl_power_draw_absolute":77.4519283025,"rapl_estimated_attributable_power_draw":17.2997154614,"cpu_time_seconds":{"21904":{"user":460.36,"system":3.24,"children_user":0.15,"children_system":0.33},"21986":{"user":8.18,"system":25.12,"children_user":0.76,"children_system":17.17}},"average_relative_cpu_utilization":0.2220801811,"absolute_cpu_utilization":1.0035991136,"relative_mem_usage":0.236449982,"absolute_mem_usage":3807554560.0,"absolute_mem_percent_usage":0.0281833873,"mem_info_per_process":{"21904":{"rss":3658649600,"vms":11470516224,"shared":573288448,"text":2322432,"lib":0,"data":9716121600,"dirty":0,"uss":143761408,"pss":1837774848,"swap":0},"21986":{"rss":3265810432,"vms":11470516224,"shared":180285440,"text":2322432,"lib":0,"data":9716121600,"dirty":0,"uss":132390912,"pss":1693627392,"swap":0}},"nvidia_draw_absolute":43.74,"nvidia_estimated_attributable_power_draw":43.74,"average_gpu_estimated_utilization_absolute":0.2775,"per_gpu_average_estimated_utilization_absolute":{"(0, 21904)":{"sm":27.75,"mem":1.5,"enc":0.0,"dec":0.0}},"average_gpu_estimated_utilization_relative":1.0,"per_gpu_performance_state":{"0":"P2"},"per_gpu_power_draw":{"0":43.74},"cpu_count_adjusted_average_load":[0.1475,0.15625,0.1584375],"realtime_carbon_intensity":337.461173778,"disk_write_speed":27.3309167546,"process_ids":[21904,21986]}
{"timestamp":1572411657.5013320446,"rapl_power_draw_absolute":77.5543668264,"rapl_estimated_attributable_power_draw":17.5789788245,"cpu_time_seconds":{"21904":{"user":468.78,"system":3.24,"children_user":0.15,"children_system":0.33},"21986":{"user":8.34,"system":25.59,"children_user":0.78,"children_system":17.49}},"average_relative_cpu_utilization":0.2257062854,"absolute_cpu_utilization":0.9985839874,"relative_mem_usage":0.2364366308,"absolute_mem_usage":3807554560.0,"absolute_mem_percent_usage":0.0281833873,"mem_info_per_process":{"21904":{"rss":3658649600,"vms":11470516224,"shared":573288448,"text":2322432,"lib":0,"data":9716121600,"dirty":0,"uss":143761408,"pss":1837774848,"swap":0},"21986":{"rss":3265810432,"vms":11470516224,"shared":180285440,"text":2322432,"lib":0,"data":9716121600,"dirty":0,"uss":132390912,"pss":1693627392,"swap":0}},"nvidia_draw_absolute":43.64,"nvidia_estimated_attributable_power_draw":43.64,"average_gpu_estimated_utilization_absolute":0.2866666667,"per_gpu_average_estimated_utilization_absolute":{"(0, 21904)":{"sm":28.6666666667,"mem":1.3333333333,"enc":0.0,"dec":0.0}},"average_gpu_estimated_utilization_relative":1.0,"per_gpu_performance_state":{"0":"P2"},"per_gpu_power_draw":{"0":43.64},"cpu_count_adjusted_average_load":[0.1578125,0.158125,0.1590625],"realtime_carbon_intensity":337.461173778,"disk_write_speed":31.1481010291,"process_ids":[21904,21986]}
{"timestamp":1572411666.0652139187,"rapl_power_draw_absolute":67.1185083836,"rapl_estimated_attributable_power_draw":20.5163296614,"cpu_time_seconds":{"21904":{"user":477.34,"system":3.25,"children_user":0.15,"children_system":0.33},"21986":{"user":8.53,"system":26.12,"children_user":0.78,"children_system":17.82}},"average_relative_cpu_utilization":0.305442427,"absolute_cpu_utilization":1.0036019996,"relative_mem_usage":0.3092403855,"absolute_mem_usage":3917214720.0,"absolute_mem_percent_usage":0.028995088,"mem_info_per_process":{"21904":{"rss":3658649600,"vms":11470516224,"shared":573288448,"text":2322432,"lib":0,"data":9716121600,"dirty":0,"uss":177053696,"pss":1912334336,"swap":0},"21986":{"rss":3265810432,"vms":11470516224,"shared":180285440,"text":2322432,"lib":0,"data":9716121600,"dirty":0,"uss":132628480,"pss":1695198208,"swap":0}},"nvidia_draw_absolute":44.41,"nvidia_estimated_attributable_power_draw":44.41,"average_gpu_estimated_utilization_absolute":0.295,"per_gpu_average_estimated_utilization_absolute":{"(0, 21904)":{"sm":29.5,"mem":2.0,"enc":0.0,"dec":0.0}},"average_gpu_estimated_utilization_relative":1.0,"per_gpu_performance_state":{"0":"P2"},"per_gpu_power_draw":{"0":44.41},"cpu_count_adjusted_average_load":[0.1553125,0.1578125,0.15875],"realtime_carbon_intensity":337.461173778,"disk_write_speed":27.4120239854,"process_ids":[21904,21986]}
{"timestamp":1572411674.5137760639,"rapl_power_draw_absolute":68.4203660821,"rapl_estimated_attributable_power_draw":17.7221187835,"cpu_time_seconds":{"21904":{"user":485.78,"system":3.26,"children_user":0.15,"children_system":0.33},"21986":{"user":8.68,"system":26.6,"children_user":0.79,"children_system":18.14}},"average_relative_cpu_utilization":0.2553889716,"absolute_cpu_utilization":1.0036288573,"relative_mem_usage":0.3077301907,"absolute_mem_usage":3917203456.0,"absolute_mem_percent_usage":0.0289950046,"mem_info_per_process":{"21904":{"rss":3658649600,"vms":11470516224,"shared":573288448,"text":2322432,"lib":0,"data":9716121600,"dirty":0,"uss":177061888,"pss":1912318976,"swap":0},"21986":{"rss":3265810432,"vms":11470516224,"shared":180285440,"text":2322432,"lib":0,"data":9716121600,"dirty":0,"uss":132628480,"pss":1695194112,"swap":0}},"nvidia_draw_absolute":44.0,"nvidia_estimated_attributable_power_draw":44.0,"average_gpu_estimated_utilization_absolute":0.2933333333,"per_gpu_average_estimated_utilization_absolute":{"(0, 21904)":{"sm":29.3333333333,"mem":1.6666666667,"enc":0.0,"dec":0.0}},"average_gpu_estimated_utilization_relative":1.0,"per_gpu_performance_state":{"0":"P2"},"per_gpu_power_draw":{"0":44.0},"cpu_count_adjusted_average_load":[0.155625,0.1575,0.15875],"realtime_carbon_intensity":337.461173778,"disk_write_speed":27.0400261558,"process_ids":[21904,21986]}
