{"timestamp":1572416011.3156540394,"rapl_power_draw_absolute":86.9944670211,"rapl_estimated_attributable_power_draw":19.5184978456,"cpu_time_seconds":{"32188":{"user":9.94,"system":2.8,"children_user":0.08,"children_system":0.15},"32262":{"user":0.01,"system":0.02,"children_user":0.0,"children_system":0.04}},"average_relative_cpu_utilization":0.2335549258,"absolute_cpu_utilization":0.9937579685,"relative_mem_usage":0.150861751,"absolute_mem_usage":3677815808.0,"absolute_mem_percent_usage":0.0272231183,"mem_info_per_process":{"32188":{"rss":3658899456,"vms":11438088192,"shared":573554688,"text":2322432,"lib":0,"data":9683693568,"dirty":0,"uss":114311168,"pss":1793203200,"swap":0},"32262":{"rss":3259457536,"vms":11438088192,"shared":173965312,"text":2322432,"lib":0,"data":9683693568,"dirty":0,"uss":96309248,"pss":1673992192,"swap":0}},"nvidia_draw_absolute":41.94,"nvidia_estimated_attributable_power_draw":41.94,"average_gpu_estimated_utilization_absolute":0.245,"per_gpu_average_estimated_utilization_absolute":{"(0, 32188)":{"sm":24.5,"mem":1.5,"enc":0.0,"dec":0.0}},"average_gpu_estimated_utilization_relative":1.0,"per_gpu_performance_state":{"0":"P2"},"per_gpu_power_draw":{"0":41.94},"cpu_count_adjusted_average_load":[0.1425,0.15375,0.15875],"realtime_carbon_intensity":339.3663136256,"disk_write_speed":30.7873002416,"process_ids":[32188,32262]}
{"timestamp":1572416019.3495650291,"rapl_power_draw_absolute":87.1516242641,"rapl_estimated_attributable_power_draw":19.4563617008,"cpu_time_seconds":{"32188":{"user":17.97,"system":2.81,"children_user":0.08,"children_system":0.15},"32262":{"user":0.1,"system":0.22,"children_user":0.0,"children_system":0.2}},"average_relative_cpu_utilization":0.2320097827,"absolute_cpu_utilization":0.9987911647,"relative_mem_usage":0.1520497234,"absolute_mem_usage":3708610560.0,"absolute_mem_percent_usage":0.0274510605,"mem_info_per_process":{"32188":{"rss":3658899456,"vms":11438088192,"shared":573554688,"text":2322432,"lib":0,"data":9683693568,"dirty":0,"uss":124473344,"pss":1798178816,"swap":0},"32262":{"rss":3266596864,"vms":11438088192,"shared":180998144,"text":2322432,"lib":0,"data":9683693568,"dirty":0,"uss":105996288,"pss":1679962112,"swap":0}},"nvidia_draw_absolute":41.85,"nvidia_estimated_attributable_power_draw":41.85,"average_gpu_estimated_utilization_absolute":0.245,"per_gpu_average_estimated_utilization_absolute":{"(0, 32188)":{"sm":24.5,"mem":1.5,"enc":0.0,"dec":0.0}},"average_gpu_estimated_utilization_relative":1.0,"per_gpu_performance_state":{"0":"P2"},"per_gpu_power_draw":{"0":41.85},"cpu_count_adjusted_average_load":[0.141875,0.1534375,0.1584375],"realtime_carbon_intensity":339.3663136256,"disk_write_speed":36.8003074367,"process_ids":[32188,32262]}
{"timestamp":1572416027.3461449146,"rapl_power_draw_absolute":87.8079430378,"rapl_estimated_attributable_power_draw":19.2097479976,"cpu_time_seconds":{"32188":{"user":25.96,"system":2.82,"children_user":0.08,"children_system":0.15},"32262":{"user":0.22,"system":0.4,"children_user":0.01,"children_system":0.36}},"average_relative_cpu_utilization":0.2270048485,"absolute_cpu_utilization":0.9987904939,"relative_mem_usage":0.1521012183,"absolute_mem_usage":3709765632.0,"absolute_mem_percent_usage":0.0274596103,"mem_info_per_process":{"32188":{"rss":3658899456,"vms":11438088192,"shared":573554688,"text":2322432,"lib":0,"data":9683693568,"dirty":0,"uss":125120512,"pss":1798502400,"swap":0},"32262":{"rss":3266596864,"vms":11438088192,"shared":180998144,"text":2322432,"lib":0,"data":9683693568,"dirty":0,"uss":106119168,"pss":1680023552,"swap":0}},"nvidia_draw_absolute":42.05,"nvidia_estimated_attributable_power_draw":42.05,"average_gpu_estimated_utilization_absolute":0.245,"per_gpu_average_estimated_utilization_absolute":{"(0, 32188)":{"sm":24.5,"mem":1.5,"enc":0.0,"dec":0.0}},"average_gpu_estimated_utilization_relative":1.0,"per_gpu_performance_state":{"0":"P2"},"per_gpu_power_draw":{"0":42.05},"cpu_count_adjusted_average_load":[0.14625,0.1540625,0.1584375],"realtime_carbon_intensity":339.3663136256,"disk_write_speed":31.7663517117,"process_ids":[32188,32262]}
{"timestamp":1572416035.300976038,"rapl_power_draw_absolute":87.6298355885,"rapl_estimated_attributable_power_draw":18.9899358189,"cpu_time_seconds":{"32188":{"user":33.9,"system":2.83,"children_user":0.08,"children_system":0.15},"32262":{"user":0.32,"system":0.58,"children_user":0.02,"children_system":0.53}},"average_relative_cpu_utilization":0.2247113703,"absolute_cpu_utilization":0.998790427,"relative_mem_usage":0.1521029232,"absolute_mem_usage":3709999104.0,"absolute_mem_percent_usage":0.0274613384,"mem_info_per_process":{"32188":{"rss":3658899456,"vms":11438088192,"shared":573554688,"text":2322432,"lib":0,"data":9683693568,"dirty":0,"uss":125198336,"pss":1798541312,"swap":0},"32262":{"rss":3266596864,"vms":11438088192,"shared":180998144,"text":2322432,"lib":0,"data":9683693568,"dirty":0,"uss":106196992,"pss":1680062464,"swap":0}},"nvidia_draw_absolute":42.24,"nvidia_estimated_attributable_power_draw":42.24,"average_gpu_estimated_utilization_absolute":0.25,"per_gpu_average_estimated_utilization_absolute":{"(0, 32188)":{"sm":25.0,"mem":1.5,"enc":0.0,"dec":0.0}},"average_gpu_estimated_utilization_relative":1.0,"per_gpu_performance_state":{"0":"P2"},"per_gpu_power_draw":{"0":42.24},"cpu_count_adjusted_average_load":[0.1446875,0.1534375,0.1584375],"realtime_carbon_intensity":339.3663136256,"disk_write_speed":22.9375600247,"process_ids":[32188,32262]}
{"timestamp":1572416043.3176519871,"rapl_power_draw_absolute":87.5471859575,"rapl_estimated_attributable_power_draw":19.2680522902,"cpu_time_seconds":{"32188":{"user":41.92,"system":2.84,"children_user":0.08,"children_system":0.15},"32262":{"user":0.41,"system":0.76,"children_user":0.03,"children_system":0.69}},"average_relative_cpu_utilization":0.2284014591,"absolute_cpu_utilization":1.0037948144,"relative_mem_usage":0.1521233945,"absolute_mem_usage":3709998080.0,"absolute_mem_percent_usage":0.0274613309,"mem_info_per_process":{"32188":{"rss":3658899456,"vms":11438088192,"shared":573554688,"text":2322432,"lib":0,"data":9683693568,"dirty":0,"uss":125202432,"pss":1798530048,"swap":0},"32262":{"rss":3266596864,"vms":11438088192,"shared":180998144,"text":2322432,"lib":0,"data":9683693568,"dirty":0,"uss":106201088,"pss":1680064512,"swap":0}},"nvidia_draw_absolute":41.75,"nvidia_estimated_attributable_power_draw":41.75,"average_gpu_estimated_utilization_absolute":0.25,"per_gpu_average_estimated_utilization_absolute":{"(0, 32188)":{"sm":25.0,"mem":1.5,"enc":0.0,"dec":0.0}},"average_gpu_estimated_utilization_relative":1.0,"per_gpu_performance_state":{"0":"P2"},"per_gpu_power_draw":{"0":41.75},"cpu_count_adjusted_average_load":[0.1415625,0.1525,0.158125],"realtime_carbon_intensity":339.3663136256,"disk_write_speed":36.9807833218,"process_ids":[32188,32262]}
{"timestamp":1572416051.2866079807,"rapl_power_draw_absolute":87.2836009467,"rapl_estimated_attributable_power_draw":19.5362024065,"cpu_time_seconds":{"32188":{"user":49.88,"system":2.84,"children_user":0.08,"children_system":0.15},"32262":{"user":0.53,"system":0.94,"children_user":0.03,"children_system":0.86}},"average_relative_cpu_utilization":0.2325458586,"absolute_cpu_utilization":0.9987648039,"relative_mem_usage":0.152115486,"absolute_mem_usage":3710022656.0,"absolute_mem_percent_usage":0.0274615128,"mem_info_per_process":{"32188":{"rss":3658899456,"vms":11438088192,"shared":573554688,"text":2322432,"lib":0,"data":9683693568,"dirty":0,"uss":125206528,"pss":1798545408,"swap":0},"32262":{"rss":3266596864,"vms":11438088192,"shared":180998144,"text":2322432,"lib":0,"data":9683693568,"dirty":0,"uss":106205184,"pss":1680065536,"swap":0}},"nvidia_draw_absolute":42.15,"nvidia_estimated_attributable_power_draw":42.15,"average_gpu_estimated_utilization_absolute":0.25,"per_gpu_average_estimated_utilization_absolute":{"(0, 32188)":{"sm":25,"mem":2,"enc":0,"dec":0}},"average_gpu_estimated_utilization_relative":1.0,"per_gpu_performance_state":{"0":"P2"},"per_gpu_power_draw":{"0":42.15},"cpu_count_adjusted_average_load":[0.1428125,0.1525,0.158125],"realtime_carbon_intensity":339.3663136256,"disk_write_speed":22.7566358538,"process_ids":[32188,32262]}
{"timestamp":1572416059.2708959579,"rapl_power_draw_absolute":87.1464250019,"rapl_estimated_attributable_power_draw":19.5680856272,"cpu_time_seconds":{"32188":{"user":57.86,"system":2.85,"children_user":0.08,"children_system":0.15},"32262":{"user":0.6,"system":1.14,"children_user":0.05,"children_system":1.02}},"average_relative_cpu_utilization":0.2329008031,"absolute_cpu_utilization":1.0037972571,"relative_mem_usage":0.1521144408,"absolute_mem_usage":3710048256.0,"absolute_mem_percent_usage":0.0274617023,"mem_info_per_process":{"32188":{"rss":3658899456,"vms":11438088192,"shared":573554688,"text":2322432,"lib":0,"data":9683693568,"dirty":0,"uss":125214720,"pss":1798549504,"swap":0},"32262":{"rss":3266596864,"vms":11438088192,"shared":180998144,"text":2322432,"lib":0,"data":9683693568,"dirty":0,"uss":106213376,"pss":1680070656,"swap":0}},"nvidia_draw_absolute":42.04,"nvidia_estimated_attributable_power_draw":42.04,"average_gpu_estimated_utilization_absolute":0.245,"per_gpu_average_estimated_utilization_absolute":{"(0, 32188)":{"sm":24.5,"mem":1.5,"enc":0.0,"dec":0.0}},"average_gpu_estimated_utilization_relative":1.0,"per_gpu_performance_state":{"0":"P2"},"per_gpu_power_draw":{"0":42.04},"cpu_count_adjusted_average_load":[0.1446875,0.1528125,0.158125],"realtime_carbon_intensity":339.3663136256,"disk_write_speed":28.4935775213,"process_ids":[32188,32262]}
{"timestamp":1572416067.2523210049,"rapl_power_draw_absolute":87.4578222114,"rapl_estimated_attributable_power_draw":19.5142272977,"cpu_time_seconds":{"32188":{"user":65.83,"system":2.86,"children_user":0.08,"children_system":0.15},"32262":{"user":0.69,"system":1.32,"children_user":0.05,"children_system":1.19}},"average_relative_cpu_utilization":0.2315518974,"absolute_cpu_utilization":1.0037428454,"relative_mem_usage":0.1521057997,"absolute_mem_usage":3710060544.0,"absolute_mem_percent_usage":0.0274617932,"mem_info_per_process":{"32188":{"rss":3658899456,"vms":11438088192,"shared":573554688,"text":2322432,"lib":0,"data":9683693568,"dirty":0,"uss":125218816,"pss":1798551552,"swap":0},"32262":{"rss":3266596864,"vms":11438088192,"shared":180998144,"text":2322432,"lib":0,"data":9683693568,"dirty":0,"uss":106217472,"pss":1680072704,"swap":0}},"nvidia_draw_absolute":41.74,"nvidia_estimated_attributable_power_draw":41.74,"average_gpu_estimated_utilization_absolute":0.25,"per_gpu_average_estimated_utilization_absolute":{"(0, 32188)":{"sm":25.0,"mem":1.5,"enc":0.0,"dec":0.0}},"average_gpu_estimated_utilization_relative":1.0,"per_gpu_performance_state":{"0":"P2"},"per_gpu_power_draw":{"0":41.74},"cpu_count_adjusted_average_load":[0.1440625,0.1521875,0.1578125],"realtime_carbon_intensity":339.3663136256,"disk_write_speed":26.7606396093,"process_ids":[32188,32262]}
{"timestamp":1572416075.230535984,"rapl_power_draw_absolute":87.3082947485,"rapl_estimated_attributable_power_draw":19.3914877408,"cpu_time_seconds":{"32188":{"user":73.79,"system":2.88,"children_user":0.08,"children_system":0.15},"32262":{"user":0.79,"system":1.49,"children_user":0.05,"children_system":1.37}},"average_relative_cpu_utilization":0.2306697812,"absolute_cpu_utilization":0.9987805529,"relative_mem_usage":0.1521013598,"absolute_mem_usage":3710097408.0,"absolute_mem_percent_usage":0.0274620661,"mem_info_per_process":{"32188":{"rss":3658899456,"vms":11438088192,"shared":573554688,"text":2322432,"lib":0,"data":9683693568,"dirty":0,"uss":125231104,"pss":1798557696,"swap":0},"32262":{"rss":3266596864,"vms":11438088192,"shared":180998144,"text":2322432,"lib":0,"data":9683693568,"dirty":0,"uss":106229760,"pss":1680078848,"swap":0}},"nvidia_draw_absolute":42.05,"nvidia_estimated_attributable_power_draw":42.05,"average_gpu_estimated_utilization_absolute":0.245,"per_gpu_average_estimated_utilization_absolute":{"(0, 32188)":{"sm":24.5,"mem":1.5,"enc":0.0,"dec":0.0}},"average_gpu_estimated_utilization_relative":1.0,"per_gpu_performance_state":{"0":"P2"},"per_gpu_power_draw":{"0":42.05},"cpu_count_adjusted_average_load":[0.1425,0.151875,0.1575],"realtime_carbon_intensity":339.3663136256,"disk_write_speed":32.3047051004,"process_ids":[32188,32262]}
{"timestamp":1572416083.3037450314,"rapl_power_draw_absolute":87.4080961349,"rapl_estimated_attributable_power_draw":19.3915492858,"cpu_time_seconds":{"32188":{"user":81.86,"system":2.89,"children_user":0.08,"children_system":0.15},"32262":{"user":0.91,"system":1.67,"children_user":0.06,"children_system":1.54}},"average_relative_cpu_utilization":0.2301410087,"absolute_cpu_utilization":0.9987970922,"relative_mem_usage":0.1521052095,"absolute_mem_usage":3710109696.0,"absolute_mem_percent_usage":0.027462157,"mem_info_per_process":{"32188":{"rss":3658899456,"vms":11438088192,"shared":573554688,"text":2322432,"lib":0,"data":9683693568,"dirty":0,"uss":125235200,"pss":1798559744,"swap":0},"32262":{"rss":3266596864,"vms":11438088192,"shared":180998144,"text":2322432,"lib":0,"data":9683693568,"dirty":0,"uss":106233856,"pss":1680080896,"swap":0}},"nvidia_draw_absolute":42.03,"nvidia_estimated_attributable_power_draw":42.03,"average_gpu_estimated_utilization_absolute":0.25,"per_gpu_average_estimated_utilization_absolute":{"(0, 32188)":{"sm":25,"mem":2,"enc":0,"dec":0}},"average_gpu_estimated_utilization_relative":1.0,"per_gpu_performance_state":{"0":"P2"},"per_gpu_power_draw":{"0":42.03},"cpu_count_adjusted_average_load":[0.14,0.1509375,0.1571875],"realtime_carbon_intensity":339.3663136256,"disk_write_speed":33.9475688098,"process_ids":[32188,32262]}
{"timestamp":1572416091.3019459248,"rapl_power_draw_absolute":87.2861208856,"rapl_estimated_attributable_power_draw":19.3750860967,"cpu_time_seconds":{"32188":{"user":89.84,"system":2.9,"children_user":0.08,"children_system":0.15},"32262":{"user":1.02,"system":1.86,"children_user":0.06,"children_system":1.71}},"average_relative_cpu_utilization":0.2309352549,"absolute_cpu_utilization":0.9987832899,"relative_mem_usage":0.1520962957,"absolute_mem_usage":3710109696.0,"absolute_mem_percent_usage":0.027462157,"mem_info_per_process":{"32188":{"rss":3658899456,"vms":11438088192,"shared":573554688,"text":2322432,"lib":0,"data":9683693568,"dirty":0,"uss":125235200,"pss":1798559744,"swap":0},"32262":{"rss":3266596864,"vms":11438088192,"shared":180998144,"text":2322432,"lib":0,"data":9683693568,"dirty":0,"uss":106233856,"pss":1680080896,"swap":0}},"nvidia_draw_absolute":41.65,"nvidia_estimated_attributable_power_draw":41.65,"average_gpu_estimated_utilization_absolute":0.25,"per_gpu_average_estimated_utilization_absolute":{"(0, 32188)":{"sm":25,"mem":2,"enc":0,"dec":0}},"average_gpu_estimated_utilization_relative":1.0,"per_gpu_performance_state":{"0":"P2"},"per_gpu_power_draw":{"0":41.65},"cpu_count_adjusted_average_load":[0.15125,0.153125,0.1578125],"realtime_carbon_intensity":339.3663136256,"disk_write_speed":36.0946438536,"process_ids":[32188,32262]}
{"timestamp":1572416099.2847299576,"rapl_power_draw_absolute":87.5924761949,"rapl_estimated_attributable_power_draw":19.2318531287,"cpu_time_seconds":{"32188":{"user":97.8,"system":2.93,"children_user":0.08,"children_system":0.15},"32262":{"user":1.12,"system":2.05,"children_user":0.08,"children_system":1.88}},"average_relative_cpu_utilization":0.2277823046,"absolute_cpu_utilization":0.9988013716,"relative_mem_usage":0.1520443936,"absolute_mem_usage":3710106624.0,"absolute_mem_percent_usage":0.0274621343,"mem_info_per_process":{"32188":{"rss":3658899456,"vms":11438088192,"shared":573554688,"text":2322432,"lib":0,"data":9683693568,"dirty":0,"uss":125239296,"pss":1798549504,"swap":0},"32262":{"rss":3266596864,"vms":11438088192,"shared":180998144,"text":2322432,"lib":0,"data":9683693568,"dirty":0,"uss":106237952,"pss":1680079872,"swap":0}},"nvidia_draw_absolute":42.13,"nvidia_estimated_attributable_power_draw":42.13,"average_gpu_estimated_utilization_absolute":0.25,"per_gpu_average_estimated_utilization_absolute":{"(0, 32188)":{"sm":25.0,"mem":1.5,"enc":0.0,"dec":0.0}},"average_gpu_estimated_utilization_relative":1.0,"per_gpu_performance_state":{"0":"P2"},"per_gpu_power_draw":{"0":42.13},"cpu_count_adjusted_average_load":[0.149375,0.1528125,0.1578125],"realtime_carbon_intensity":339.3663136256,"disk_write_speed":43.4207262615,"process_ids":[32188,32262]}
{"timestamp":1572416107.2600860596,"rapl_power_draw_absolute":87.3818128385,"rapl_estimated_attributable_power_draw":19.1794709604,"cpu_time_seconds":{"32188":{"user":105.76,"system":2.94,"children_user":0.08,"children_system":0.15},"32262":{"user":1.25,"system":2.24,"children_user":0.08,"children_system":2.05}},"average_relative_cpu_utilization":0.2279484626,"absolute_cpu_utilization":0.9938057931,"relative_mem_usage":0.152040271,"absolute_mem_usage":3710131200.0,"absolute_mem_percent_usage":0.0274623162,"mem_info_per_process":{"32188":{"rss":3658899456,"vms":11438088192,"shared":573554688,"text":2322432,"lib":0,"data":9683693568,"dirty":0,"uss":125247488,"pss":1798553600,"swap":0},"32262":{"rss":3266596864,"vms":11438088192,"shared":180998144,"text":2322432,"lib":0,"data":9683693568,"dirty":0,"uss":106246144,"pss":1680083968,"swap":0}},"nvidia_draw_absolute":41.55,"nvidia_estimated_attributable_power_draw":41.55,"average_gpu_estimated_utilization_absolute":0.245,"per_gpu_average_estimated_utilization_absolute":{"(0, 32188)":{"sm":24.5,"mem":1.5,"enc":0.0,"dec":0.0}},"average_gpu_estimated_utilization_relative":1.0,"per_gpu_performance_state":{"0":"P2"},"per_gpu_power_draw":{"0":41.55},"cpu_count_adjusted_average_load":[0.145625,0.151875,0.1575],"realtime_carbon_intensity":339.3663136256,"disk_write_speed":49.9604538186,"process_ids":[32188,32262]}
{"timestamp":1572416115.2179129124,"rapl_power_draw_absolute":86.7839673669,"rapl_estimated_attributable_power_draw":19.4716582382,"cpu_time_seconds":{"32188":{"user":113.72,"system":2.94,"children_user":0.08,"children_system":0.15},"32262":{"user":1.38,"system":2.44,"children_user":0.1,"children_system":2.21}},"average_relative_cpu_utilization":0.2328190578,"absolute_cpu_utilization":0.9987653594,"relative_mem_usage":0.1520451131,"absolute_mem_usage":3710143488.0,"absolute_mem_percent_usage":0.0274624072,"mem_info_per_process":{"32188":{"rss":3658899456,"vms":11438088192,"shared":573554688,"text":2322432,"lib":0,"data":9683693568,"dirty":0,"uss":125251584,"pss":1798555648,"swap":0},"32262":{"rss":3266596864,"vms":11438088192,"shared":180998144,"text":2322432,"lib":0,"data":9683693568,"dirty":0,"uss":106250240,"pss":1680086016,"swap":0}},"nvidia_draw_absolute":42.04,"nvidia_estimated_attributable_power_draw":42.04,"average_gpu_estimated_utilization_absolute":0.25,"per_gpu_average_estimated_utilization_absolute":{"(0, 32188)":{"sm":25,"mem":2,"enc":0,"dec":0}},"average_gpu_estimated_utilization_relative":1.0,"per_gpu_performance_state":{"0":"P2"},"per_gpu_power_draw":{"0":42.04},"cpu_count_adjusted_average_load":[0.1465625,0.151875,0.1575],"realtime_carbon_intensity":339.3663136256,"disk_write_speed":26.8384416952,"process_ids":[32188,32262]}
{"timestamp":1572416123.1910300255,"rapl_power_draw_absolute":86.9219975151,"rapl_estimated_attributable_power_draw":19.4465486107,"cpu_time_seconds":{"32188":{"user":121.68,"system":2.96,"children_user":0.08,"children_system":0.15},"32262":{"user":1.48,"system":2.62,"children_user":0.11,"children_system":2.38}},"average_relative_cpu_utilization":0.2322788325,"absolute_cpu_utilization":0.9987960776,"relative_mem_usage":0.1520415451,"absolute_mem_usage":3710180352.0,"absolute_mem_percent_usage":0.02746268,"mem_info_per_process":{"32188":{"rss":3658899456,"vms":11438088192,"shared":573554688,"text":2322432,"lib":0,"data":9683693568,"dirty":0,"uss":125263872,"pss":1798561792,"swap":0},"32262":{"rss":3266596864,"vms":11438088192,"shared":180998144,"text":2322432,"lib":0,"data":9683693568,"dirty":0,"uss":106262528,"pss":1680092160,"swap":0}},"nvidia_draw_absolute":41.75,"nvidia_estimated_attributable_power_draw":41.75,"average_gpu_estimated_utilization_absolute":0.245,"per_gpu_average_estimated_utilization_absolute":{"(0, 32188)":{"sm":24.5,"mem":1.5,"enc":0.0,"dec":0.0}},"average_gpu_estimated_utilization_relative":1.0,"per_gpu_performance_state":{"0":"P2"},"per_gpu_power_draw":{"0":41.75},"cpu_count_adjusted_average_load":[0.143125,0.1509375,0.156875],"realtime_carbon_intensity":339.3663136256,"disk_write_speed":25.6306978244,"process_ids":[32188,32262]}
{"timestamp":1572416131.1539070606,"rapl_power_draw_absolute":86.7573390098,"rapl_estimated_attributable_power_draw":19.7209054268,"cpu_time_seconds":{"32188":{"user":129.64,"system":2.97,"children_user":0.08,"children_system":0.15},"32262":{"user":1.56,"system":2.8,"children_user":0.12,"children_system":2.54}},"average_relative_cpu_utilization":0.2361832252,"absolute_cpu_utilization":1.0037856247,"relative_mem_usage":0.1520409326,"absolute_mem_usage":3710180352.0,"absolute_mem_percent_usage":0.02746268,"mem_info_per_process":{"32188":{"rss":3658899456,"vms":11438088192,"shared":573554688,"text":2322432,"lib":0,"data":9683693568,"dirty":0,"uss":125263872,"pss":1798561792,"swap":0},"32262":{"rss":3266596864,"vms":11438088192,"shared":180998144,"text":2322432,"lib":0,"data":9683693568,"dirty":0,"uss":106262528,"pss":1680092160,"swap":0}},"nvidia_draw_absolute":41.75,"nvidia_estimated_attributable_power_draw":41.75,"average_gpu_estimated_utilization_absolute":0.25,"per_gpu_average_estimated_utilization_absolute":{"(0, 32188)":{"sm":25.0,"mem":1.5,"enc":0.0,"dec":0.0}},"average_gpu_estimated_utilization_relative":1.0,"per_gpu_performance_state":{"0":"P2"},"per_gpu_power_draw":{"0":41.75},"cpu_count_adjusted_average_load":[0.144375,0.1509375,0.156875],"realtime_carbon_intensity":339.3663136256,"disk_write_speed":24.3376077208,"process_ids":[32188,32262]}
{"timestamp":1572416139.1463150978,"rapl_power_draw_absolute":86.0173500365,"rapl_estimated_attributable_power_draw":19.8930078699,"cpu_time_seconds":{"32188":{"user":137.62,"system":2.97,"children_user":0.08,"children_system":0.15},"32262":{"user":1.65,"system":2.99,"children_user":0.13,"children_system":2.7}},"average_relative_cpu_utilization":0.2409552047,"absolute_cpu_utilization":0.9987667232,"relative_mem_usage":0.1520273593,"absolute_mem_usage":3710191616.0,"absolute_mem_percent_usage":0.0274627634,"mem_info_per_process":{"32188":{"rss":3658899456,"vms":11438088192,"shared":573554688,"text":2322432,"lib":0,"data":9683693568,"dirty":0,"uss":125267968,"pss":1798562816,"swap":0},"32262":{"rss":3266596864,"vms":11438088192,"shared":180998144,"text":2322432,"lib":0,"data":9683693568,"dirty":0,"uss":106266624,"pss":1680094208,"swap":0}},"nvidia_draw_absolute":41.66,"nvidia_estimated_attributable_power_draw":41.66,"average_gpu_estimated_utilization_absolute":0.245,"per_gpu_average_estimated_utilization_absolute":{"(0, 32188)":{"sm":24.5,"mem":2.0,"enc":0.0,"dec":0.0}},"average_gpu_estimated_utilization_relative":1.0,"per_gpu_performance_state":{"0":"P2"},"per_gpu_power_draw":{"0":41.66},"cpu_count_adjusted_average_load":[0.14375,0.150625,0.156875],"realtime_carbon_intensity":339.3663136256,"disk_write_speed":29.7587122237,"process_ids":[32188,32262]}
{"timestamp":1572416147.1105000973,"rapl_power_draw_absolute":86.1055631042,"rapl_estimated_attributable_power_draw":19.9176068043,"cpu_time_seconds":{"32188":{"user":145.58,"system":2.98,"children_user":0.08,"children_system":0.15},"32262":{"user":1.75,"system":3.17,"children_user":0.14,"children_system":2.87}},"average_relative_cpu_utilization":0.2403738387,"absolute_cpu_utilization":0.9987819781,"relative_mem_usage":0.1519827479,"absolute_mem_usage":3710202880.0,"absolute_mem_percent_usage":0.0274628468,"mem_info_per_process":{"32188":{"rss":3658899456,"vms":11438088192,"shared":573554688,"text":2322432,"lib":0,"data":9683693568,"dirty":0,"uss":125272064,"pss":1798564864,"swap":0},"32262":{"rss":3266596864,"vms":11438088192,"shared":180998144,"text":2322432,"lib":0,"data":9683693568,"dirty":0,"uss":106270720,"pss":1680095232,"swap":0}},"nvidia_draw_absolute":41.56,"nvidia_estimated_attributable_power_draw":41.56,"average_gpu_estimated_utilization_absolute":0.245,"per_gpu_average_estimated_utilization_absolute":{"(0, 32188)":{"sm":24.5,"mem":1.0,"enc":0.0,"dec":0.0}},"average_gpu_estimated_utilization_relative":1.0,"per_gpu_performance_state":{"0":"P2"},"per_gpu_power_draw":{"0":41.56},"cpu_count_adjusted_average_load":[0.140625,0.1496875,0.15625],"realtime_carbon_intensity":339.3663136256,"disk_write_speed":18.2575847932,"process_ids":[32188,32262]}
{"timestamp":1572416155.118033886,"rapl_power_draw_absolute":86.1945464072,"rapl_estimated_attributable_power_draw":19.8531293278,"cpu_time_seconds":{"32188":{"user":153.57,"system":3.0,"children_user":0.08,"children_system":0.15},"32262":{"user":1.82,"system":3.35,"children_user":0.16,"children_system":3.02}},"average_relative_cpu_utilization":0.2400875474,"absolute_cpu_utilization":0.9987999036,"relative_mem_usage":0.1519982216,"absolute_mem_usage":3710215168.0,"absolute_mem_percent_usage":0.0274629377,"mem_info_per_process":{"32188":{"rss":3658899456,"vms":11438088192,"shared":573554688,"text":2322432,"lib":0,"data":9683693568,"dirty":0,"uss":125276160,"pss":1798566912,"swap":0},"32262":{"rss":3266596864,"vms":11438088192,"shared":180998144,"text":2322432,"lib":0,"data":9683693568,"dirty":0,"uss":106274816,"pss":1680097280,"swap":0}},"nvidia_draw_absolute":41.95,"nvidia_estimated_attributable_power_draw":41.95,"average_gpu_estimated_utilization_absolute":0.245,"per_gpu_average_estimated_utilization_absolute":{"(0, 32188)":{"sm":24.5,"mem":1.5,"enc":0.0,"dec":0.0}},"average_gpu_estimated_utilization_relative":1.0,"per_gpu_performance_state":{"0":"P2"},"per_gpu_power_draw":{"0":41.95},"cpu_count_adjusted_average_load":[0.146875,0.1509375,0.156875],"realtime_carbon_intensity":339.3663136256,"disk_write_speed":18.6050655953,"process_ids":[32188,32262]}
{"timestamp":1572416163.1645970345,"rapl_power_draw_absolute":85.6232314634,"rapl_estimated_attributable_power_draw":21.8933554496,"cpu_time_seconds":{"32188":{"user":161.62,"system":3.0,"children_user":0.08,"children_system":0.15},"32262":{"user":1.92,"system":3.53,"children_user":0.18,"children_system":3.18}},"average_relative_cpu_utilization":0.265516029,"absolute_cpu_utilization":1.0038085033,"relative_mem_usage":0.1788392283,"absolute_mem_usage":3743909888.0,"absolute_mem_percent_usage":0.0277123454,"mem_info_per_process":{"32188":{"rss":3658899456,"vms":11438088192,"shared":573554688,"text":2322432,"lib":0,"data":9683693568,"dirty":0,"uss":125865984,"pss":1831004160,"swap":0},"32262":{"rss":3266596864,"vms":11438088192,"shared":180998144,"text":2322432,"lib":0,"data":9683693568,"dirty":0,"uss":106278912,"pss":1680760832,"swap":0}},"nvidia_draw_absolute":42.24,"nvidia_estimated_attributable_power_draw":42.24,"average_gpu_estimated_utilization_absolute":0.24,"per_gpu_average_estimated_utilization_absolute":{"(0, 32188)":{"sm":24.0,"mem":1.3333333333,"enc":0.0,"dec":0.0}},"average_gpu_estimated_utilization_relative":1.0,"per_gpu_performance_state":{"0":"P2"},"per_gpu_power_draw":{"0":42.24},"cpu_count_adjusted_average_load":[0.14625,0.150625,0.1565625],"realtime_carbon_intensity":339.3663136256,"disk_write_speed":33.020372155,"process_ids":[32188,32262]}
