{"timestamp":1573520949.3380720615,"rapl_power_draw_absolute":63.133021746,"rapl_estimated_attributable_power_draw":13.8764422273,"cpu_time_seconds":{"16481":{"user":0.01,"system":0.03,"children_user":0.0,"children_system":0.02},"16354":{"user":8.56,"system":2.65,"children_user":1.13,"children_system":0.2}},"average_relative_cpu_utilization":0.2353349017,"absolute_cpu_utilization":1.0035715407,"relative_mem_usage":0.0686919362,"absolute_mem_usage":5368963072.0,"absolute_mem_percent_usage":0.0397408791,"mem_info_per_process":{"16481":{"rss":3925524480,"vms":10740543488,"shared":4313088,"text":2322432,"lib":0,"data":9359171584,"dirty":0,"uss":73474048,"pss":1998895104,"swap":0},"16354":{"rss":4542545920,"vms":11248390144,"shared":113852416,"text":2322432,"lib":0,"data":9867018240,"dirty":0,"uss":685023232,"pss":2611570688,"swap":0}},"nvidia_draw_absolute":35.7,"nvidia_estimated_attributable_power_draw":35.7,"average_gpu_estimated_utilization_absolute":0.028,"per_gpu_average_estimated_utilization_absolute":{"(0, 16354)":{"sm":2.8,"mem":0.0,"enc":0.0,"dec":0.0}},"average_gpu_estimated_utilization_relative":1.0,"per_gpu_performance_state":{"0":"P2"},"per_gpu_power_draw":{"0":35.7},"cpu_count_adjusted_average_load":[0.135625,0.1321875,0.1353125],"cpu_freq":[{"current":2399.906,"min":1200.0,"max":3200.0},{"current":2391.562,"min":1200.0,"max":3200.0},{"current":1202.437,"min":1200.0,"max":3200.0},{"current":2399.906,"min":1200.0,"max":3200.0},{"current":1274.437,"min":1200.0,"max":3200.0},{"current":1201.312,"min":1200.0,"max":3200.0},{"current":1896.562,"min":1200.0,"max":3200.0},{"current":1209.093,"min":1200.0,"max":3200.0},{"current":1200.0,"min":1200.0,"max":3200.0},{"current":3194.531,"min":1200.0,"max":3200.0},{"current":1355.812,"min":1200.0,"max":3200.0},{"current":1298.343,"min":1200.0,"max":3200.0},{"current":1200.0,"min":1200.0,"max":3200.0},{"current":1859.625,"min":1200.0,"max":3200.0},{"current":1200.093,"min":1200.0,"max":3200.0},{"current":1200.093,"min":1200.0,"max":3200.0},{"current":1699.968,"min":1200.0,"max":3200.0},{"current":2400.0,"min":1200.0,"max":3200.0},{"current":1325.25,"min":1200.0,"max":3200.0},{"current":1781.718,"min":1200.0,"max":3200.0},{"current":1210.218,"min":1200.0,"max":3200.0},{"current":1202.062,"min":1200.0,"max":3200.0},{"current":2181.562,"min":1200.0,"max":3200.0},{"current":1957.5,"min":1200.0,"max":3200.0},{"current":1387.406,"min":1200.0,"max":3200.0},{"current":3139.875,"min":1200.0,"max":3200.0},{"current":1214.531,"min":1200.0,"max":3200.0},{"current":1287.0,"min":1200.0,"max":3200.0},{"current":1284.937,"min":1200.0,"max":3200.0},{"current":1882.125,"min":1200.0,"max":3200.0},{"current":1252.593,"min":1200.0,"max":3200.0},{"current":1200.468,"min":1200.0,"max":3200.0}],"realtime_carbon_intensity":390.7339814246,"disk_write_speed":0.4514199108,"process_ids":[16481,16354]}
{"timestamp":1573520959.9465150833,"rapl_power_draw_absolute":66.0583361174,"rapl_estimated_attributable_power_draw":15.5076714189,"cpu_time_seconds":{"16481":{"user":0.11,"system":0.14,"children_user":0.02,"children_system":0.22},"16354":{"user":16.35,"system":4.17,"children_user":1.13,"children_system":0.2}},"average_relative_cpu_utilization":0.2420770492,"absolute_cpu_utilization":0.9936296477,"relative_mem_usage":0.1515993831,"absolute_mem_usage":12288877568.0,"absolute_mem_percent_usage":0.0909618471,"mem_info_per_process":{"16481":{"rss":3932622848,"vms":10740543488,"shared":11395072,"text":2322432,"lib":0,"data":9359171584,"dirty":0,"uss":684494848,"pss":2307582976,"swap":0},"16354":{"rss":7091290112,"vms":15983693824,"shared":567312384,"text":2322432,"lib":0,"data":14387191808,"dirty":0,"uss":3836010496,"pss":5460789248,"swap":0}},"nvidia_draw_absolute":49.04,"nvidia_estimated_attributable_power_draw":49.04,"average_gpu_estimated_utilization_absolute":0.35,"per_gpu_average_estimated_utilization_absolute":{"(0, 16354)":{"sm":35.0,"mem":9.5,"enc":0.0,"dec":0.0}},"average_gpu_estimated_utilization_relative":1.0,"per_gpu_performance_state":{"0":"P2"},"per_gpu_power_draw":{"0":49.04},"cpu_count_adjusted_average_load":[0.14875,0.1353125,0.13625],"cpu_freq":[{"current":2399.906,"min":1200.0,"max":3200.0},{"current":1200.375,"min":1200.0,"max":3200.0},{"current":1698.281,"min":1200.0,"max":3200.0},{"current":2376.75,"min":1200.0,"max":3200.0},{"current":1343.343,"min":1200.0,"max":3200.0},{"current":1259.625,"min":1200.0,"max":3200.0},{"current":2399.906,"min":1200.0,"max":3200.0},{"current":1277.437,"min":1200.0,"max":3200.0},{"current":1465.218,"min":1200.0,"max":3200.0},{"current":3119.531,"min":1200.0,"max":3200.0},{"current":1603.5,"min":1200.0,"max":3200.0},{"current":1497.75,"min":1200.0,"max":3200.0},{"current":1200.187,"min":1200.0,"max":3200.0},{"current":1200.187,"min":1200.0,"max":3200.0},{"current":1343.062,"min":1200.0,"max":3200.0},{"current":1244.343,"min":1200.0,"max":3200.0},{"current":2399.062,"min":1200.0,"max":3200.0},{"current":1246.5,"min":1200.0,"max":3200.0},{"current":1327.875,"min":1200.0,"max":3200.0},{"current":2400.0,"min":1200.0,"max":3200.0},{"current":1272.937,"min":1200.0,"max":3200.0},{"current":1620.843,"min":1200.0,"max":3200.0},{"current":1399.968,"min":1200.0,"max":3200.0},{"current":2399.906,"min":1200.0,"max":3200.0},{"current":1780.968,"min":1200.0,"max":3200.0},{"current":3154.125,"min":1200.0,"max":3200.0},{"current":1601.625,"min":1200.0,"max":3200.0},{"current":1465.781,"min":1200.0,"max":3200.0},{"current":1287.187,"min":1200.0,"max":3200.0},{"current":1247.718,"min":1200.0,"max":3200.0},{"current":1227.843,"min":1200.0,"max":3200.0},{"current":1307.25,"min":1200.0,"max":3200.0}],"realtime_carbon_intensity":390.7339814246,"disk_write_speed":15.7619790485,"process_ids":[16481,16354]}
{"timestamp":1573520967.9462931156,"rapl_power_draw_absolute":66.1886578062,"rapl_estimated_attributable_power_draw":15.2260881943,"cpu_time_seconds":{"16481":{"user":0.23,"system":0.32,"children_user":0.03,"children_system":0.39},"16354":{"user":24.04,"system":4.48,"children_user":1.13,"children_system":0.2}},"average_relative_cpu_utilization":0.2366675039,"absolute_cpu_utilization":0.9986046641,"relative_mem_usage":0.15167892,"absolute_mem_usage":12296557568.0,"absolute_mem_percent_usage":0.0910186942,"mem_info_per_process":{"16481":{"rss":3932622848,"vms":10740543488,"shared":11395072,"text":2322432,"lib":0,"data":9359171584,"dirty":0,"uss":687104000,"pss":2308887552,"swap":0},"16354":{"rss":7091290112,"vms":15983693824,"shared":567312384,"text":2322432,"lib":0,"data":14387191808,"dirty":0,"uss":3838521344,"pss":5462044672,"swap":0}},"nvidia_draw_absolute":49.9,"nvidia_estimated_attributable_power_draw":49.9,"average_gpu_estimated_utilization_absolute":0.345,"per_gpu_average_estimated_utilization_absolute":{"(0, 16354)":{"sm":34.5,"mem":9.5,"enc":0.0,"dec":0.0}},"average_gpu_estimated_utilization_relative":1.0,"per_gpu_performance_state":{"0":"P2"},"per_gpu_power_draw":{"0":49.9},"cpu_count_adjusted_average_load":[0.1471875,0.1353125,0.13625],"cpu_freq":[{"current":2400.0,"min":1200.0,"max":3200.0},{"current":1590.375,"min":1200.0,"max":3200.0},{"current":2400.0,"min":1200.0,"max":3200.0},{"current":2399.906,"min":1200.0,"max":3200.0},{"current":1510.593,"min":1200.0,"max":3200.0},{"current":1200.656,"min":1200.0,"max":3200.0},{"current":1440.0,"min":1200.0,"max":3200.0},{"current":1999.218,"min":1200.0,"max":3200.0},{"current":1295.718,"min":1200.0,"max":3200.0},{"current":2896.593,"min":1200.0,"max":3200.0},{"current":1397.531,"min":1200.0,"max":3200.0},{"current":1467.656,"min":1200.0,"max":3200.0},{"current":1200.093,"min":1200.0,"max":3200.0},{"current":1337.343,"min":1200.0,"max":3200.0},{"current":1217.156,"min":1200.0,"max":3200.0},{"current":1227.187,"min":1200.0,"max":3200.0},{"current":2015.812,"min":1200.0,"max":3200.0},{"current":1395.375,"min":1200.0,"max":3200.0},{"current":2400.0,"min":1200.0,"max":3200.0},{"current":2400.0,"min":1200.0,"max":3200.0},{"current":1597.5,"min":1200.0,"max":3200.0},{"current":1234.687,"min":1200.0,"max":3200.0},{"current":1898.812,"min":1200.0,"max":3200.0},{"current":1200.0,"min":1200.0,"max":3200.0},{"current":1384.031,"min":1200.0,"max":3200.0},{"current":3104.437,"min":1200.0,"max":3200.0},{"current":1342.5,"min":1200.0,"max":3200.0},{"current":1282.218,"min":1200.0,"max":3200.0},{"current":1223.156,"min":1200.0,"max":3200.0},{"current":1201.687,"min":1200.0,"max":3200.0},{"current":1203.0,"min":1200.0,"max":3200.0},{"current":1296.375,"min":1200.0,"max":3200.0}],"realtime_carbon_intensity":390.7339814246,"disk_write_speed":14.8932761412,"process_ids":[16481,16354]}
{"timestamp":1573520976.0072190762,"rapl_power_draw_absolute":65.9272410255,"rapl_estimated_attributable_power_draw":15.5979985676,"cpu_time_seconds":{"16481":{"user":0.37,"system":0.48,"children_user":0.05,"children_system":0.55},"16354":{"user":31.88,"system":4.71,"children_user":1.13,"children_system":0.2}},"average_relative_cpu_utilization":0.2435858452,"absolute_cpu_utilization":0.9986097962,"relative_mem_usage":0.1517045753,"absolute_mem_usage":12300157952.0,"absolute_mem_percent_usage":0.0910453441,"mem_info_per_process":{"16481":{"rss":3932622848,"vms":10740543488,"shared":11395072,"text":2322432,"lib":0,"data":9359171584,"dirty":0,"uss":688304128,"pss":2309487616,"swap":0},"16354":{"rss":7091290112,"vms":15983693824,"shared":567312384,"text":2322432,"lib":0,"data":14387191808,"dirty":0,"uss":3839721472,"pss":5462644736,"swap":0}},"nvidia_draw_absolute":50.03,"nvidia_estimated_attributable_power_draw":50.03,"average_gpu_estimated_utilization_absolute":0.35,"per_gpu_average_estimated_utilization_absolute":{"(0, 16354)":{"sm":35.0,"mem":9.5,"enc":0.0,"dec":0.0}},"average_gpu_estimated_utilization_relative":1.0,"per_gpu_performance_state":{"0":"P2"},"per_gpu_power_draw":{"0":50.03},"cpu_count_adjusted_average_load":[0.145625,0.135,0.13625],"cpu_freq":[{"current":2399.906,"min":1200.0,"max":3200.0},{"current":2099.156,"min":1200.0,"max":3200.0},{"current":1567.312,"min":1200.0,"max":3200.0},{"current":1795.031,"min":1200.0,"max":3200.0},{"current":1288.218,"min":1200.0,"max":3200.0},{"current":1201.781,"min":1200.0,"max":3200.0},{"current":2399.906,"min":1200.0,"max":3200.0},{"current":1511.718,"min":1200.0,"max":3200.0},{"current":1599.937,"min":1200.0,"max":3200.0},{"current":3021.843,"min":1200.0,"max":3200.0},{"current":1451.531,"min":1200.0,"max":3200.0},{"current":1390.5,"min":1200.0,"max":3200.0},{"current":1200.187,"min":1200.0,"max":3200.0},{"current":1200.093,"min":1200.0,"max":3200.0},{"current":1200.093,"min":1200.0,"max":3200.0},{"current":1686.187,"min":1200.0,"max":3200.0},{"current":2400.0,"min":1200.0,"max":3200.0},{"current":2400.0,"min":1200.0,"max":3200.0},{"current":1401.468,"min":1200.0,"max":3200.0},{"current":1365.0,"min":1200.0,"max":3200.0},{"current":1215.468,"min":1200.0,"max":3200.0},{"current":1202.062,"min":1200.0,"max":3200.0},{"current":1478.906,"min":1200.0,"max":3200.0},{"current":2399.156,"min":1200.0,"max":3200.0},{"current":1580.25,"min":1200.0,"max":3200.0},{"current":3092.812,"min":1200.0,"max":3200.0},{"current":1658.062,"min":1200.0,"max":3200.0},{"current":1598.25,"min":1200.0,"max":3200.0},{"current":1223.156,"min":1200.0,"max":3200.0},{"current":1200.468,"min":1200.0,"max":3200.0},{"current":1203.0,"min":1200.0,"max":3200.0},{"current":1633.593,"min":1200.0,"max":3200.0}],"realtime_carbon_intensity":390.7339814246,"disk_write_speed":23.4895289974,"process_ids":[16481,16354]}
{"timestamp":1573520984.0236868858,"rapl_power_draw_absolute":66.4875894015,"rapl_estimated_attributable_power_draw":15.4021304099,"cpu_time_seconds":{"16481":{"user":0.48,"system":0.66,"children_user":0.06,"children_system":0.73},"16354":{"user":39.64,"system":4.97,"children_user":1.13,"children_system":0.2}},"average_relative_cpu_utilization":0.2389388767,"absolute_cpu_utilization":0.9986419222,"relative_mem_usage":0.1517169285,"absolute_mem_usage":12302234624.0,"absolute_mem_percent_usage":0.0910607155,"mem_info_per_process":{"16481":{"rss":3932622848,"vms":10740543488,"shared":11395072,"text":2322432,"lib":0,"data":9359171584,"dirty":0,"uss":688992256,"pss":2309831680,"swap":0},"16354":{"rss":7091290112,"vms":15983693824,"shared":567312384,"text":2322432,"lib":0,"data":14387191808,"dirty":0,"uss":3840417792,"pss":5462992896,"swap":0}},"nvidia_draw_absolute":49.58,"nvidia_estimated_attributable_power_draw":49.58,"average_gpu_estimated_utilization_absolute":0.35,"per_gpu_average_estimated_utilization_absolute":{"(0, 16354)":{"sm":35.0,"mem":9.5,"enc":0.0,"dec":0.0}},"average_gpu_estimated_utilization_relative":1.0,"per_gpu_performance_state":{"0":"P2"},"per_gpu_power_draw":{"0":49.58},"cpu_count_adjusted_average_load":[0.1425,0.1346875,0.13625],"cpu_freq":[{"current":2399.906,"min":1200.0,"max":3200.0},{"current":1495.781,"min":1200.0,"max":3200.0},{"current":2399.906,"min":1200.0,"max":3200.0},{"current":2012.718,"min":1200.0,"max":3200.0},{"current":1248.937,"min":1200.0,"max":3200.0},{"current":1200.375,"min":1200.0,"max":3200.0},{"current":1267.687,"min":1200.0,"max":3200.0},{"current":2399.906,"min":1200.0,"max":3200.0},{"current":1297.593,"min":1200.0,"max":3200.0},{"current":2989.593,"min":1200.0,"max":3200.0},{"current":1300.312,"min":1200.0,"max":3200.0},{"current":1395.937,"min":1200.0,"max":3200.0},{"current":1202.062,"min":1200.0,"max":3200.0},{"current":1200.093,"min":1200.0,"max":3200.0},{"current":1200.093,"min":1200.0,"max":3200.0},{"current":1231.031,"min":1200.0,"max":3200.0},{"current":2399.906,"min":1200.0,"max":3200.0},{"current":1200.0,"min":1200.0,"max":3200.0},{"current":2348.531,"min":1200.0,"max":3200.0},{"current":1899.937,"min":1200.0,"max":3200.0},{"current":1299.656,"min":1200.0,"max":3200.0},{"current":1212.281,"min":1200.0,"max":3200.0},{"current":1299.375,"min":1200.0,"max":3200.0},{"current":1539.375,"min":1200.0,"max":3200.0},{"current":1231.593,"min":1200.0,"max":3200.0},{"current":3140.812,"min":1200.0,"max":3200.0},{"current":1387.312,"min":1200.0,"max":3200.0},{"current":1200.656,"min":1200.0,"max":3200.0},{"current":1229.343,"min":1200.0,"max":3200.0},{"current":1217.25,"min":1200.0,"max":3200.0},{"current":1204.875,"min":1200.0,"max":3200.0},{"current":1200.75,"min":1200.0,"max":3200.0}],"realtime_carbon_intensity":390.7339814246,"disk_write_speed":15.7865247463,"process_ids":[16481,16354]}
{"timestamp":1573520992.0423359871,"rapl_power_draw_absolute":65.5138445778,"rapl_estimated_attributable_power_draw":15.4292678132,"cpu_time_seconds":{"16481":{"user":0.61,"system":0.84,"children_user":0.06,"children_system":0.91},"16354":{"user":47.42,"system":5.22,"children_user":1.13,"children_system":0.2}},"average_relative_cpu_utilization":0.2424491641,"absolute_cpu_utilization":1.0036532539,"relative_mem_usage":0.151725511,"absolute_mem_usage":12303973376.0,"absolute_mem_percent_usage":0.0910735857,"mem_info_per_process":{"16481":{"rss":3932622848,"vms":10740543488,"shared":11395072,"text":2322432,"lib":0,"data":9359171584,"dirty":0,"uss":689573888,"pss":2310122496,"swap":0},"16354":{"rss":7091290112,"vms":15983693824,"shared":567312384,"text":2322432,"lib":0,"data":14387191808,"dirty":0,"uss":3840995328,"pss":5463281664,"swap":0}},"nvidia_draw_absolute":49.03,"nvidia_estimated_attributable_power_draw":49.03,"average_gpu_estimated_utilization_absolute":0.35,"per_gpu_average_estimated_utilization_absolute":{"(0, 16354)":{"sm":35,"mem":10,"enc":0,"dec":0}},"average_gpu_estimated_utilization_relative":1.0,"per_gpu_performance_state":{"0":"P2"},"per_gpu_power_draw":{"0":49.03},"cpu_count_adjusted_average_load":[0.1421875,0.135,0.13625],"cpu_freq":[{"current":1319.718,"min":1200.0,"max":3200.0},{"current":1258.125,"min":1200.0,"max":3200.0},{"current":2399.906,"min":1200.0,"max":3200.0},{"current":1899.937,"min":1200.0,"max":3200.0},{"current":1228.781,"min":1200.0,"max":3200.0},{"current":1200.656,"min":1200.0,"max":3200.0},{"current":1696.968,"min":1200.0,"max":3200.0},{"current":1822.968,"min":1200.0,"max":3200.0},{"current":1200.0,"min":1200.0,"max":3200.0},{"current":2888.906,"min":1200.0,"max":3200.0},{"current":1218.093,"min":1200.0,"max":3200.0},{"current":1868.625,"min":1200.0,"max":3200.0},{"current":1200.093,"min":1200.0,"max":3200.0},{"current":1290.656,"min":1200.0,"max":3200.0},{"current":1253.531,"min":1200.0,"max":3200.0},{"current":1265.812,"min":1200.0,"max":3200.0},{"current":1299.937,"min":1200.0,"max":3200.0},{"current":1292.156,"min":1200.0,"max":3200.0},{"current":2241.562,"min":1200.0,"max":3200.0},{"current":1799.437,"min":1200.0,"max":3200.0},{"current":1296.375,"min":1200.0,"max":3200.0},{"current":1212.281,"min":1200.0,"max":3200.0},{"current":2392.593,"min":1200.0,"max":3200.0},{"current":2381.437,"min":1200.0,"max":3200.0},{"current":1301.343,"min":1200.0,"max":3200.0},{"current":3124.968,"min":1200.0,"max":3200.0},{"current":1449.375,"min":1200.0,"max":3200.0},{"current":2286.656,"min":1200.0,"max":3200.0},{"current":1377.937,"min":1200.0,"max":3200.0},{"current":1200.0,"min":1200.0,"max":3200.0},{"current":1204.875,"min":1200.0,"max":3200.0},{"current":1215.468,"min":1200.0,"max":3200.0}],"realtime_carbon_intensity":390.7339814246,"disk_write_speed":12.8469011362,"process_ids":[16481,16354]}
{"timestamp":1573521000.0917289257,"rapl_power_draw_absolute":65.8973655209,"rapl_estimated_attributable_power_draw":15.5187955096,"cpu_time_seconds":{"16481":{"user":0.74,"system":1.0,"children_user":0.09,"children_system":1.06},"16354":{"user":55.22,"system":5.47,"children_user":1.13,"children_system":0.2}},"average_relative_cpu_utilization":0.2424008338,"absolute_cpu_utilization":0.9986971551,"relative_mem_usage":0.1517127696,"absolute_mem_usage":12305228800.0,"absolute_mem_percent_usage":0.0910828783,"mem_info_per_process":{"16481":{"rss":3932622848,"vms":10740543488,"shared":11395072,"text":2322432,"lib":0,"data":9359171584,"dirty":0,"uss":689999872,"pss":2310332416,"swap":0},"16354":{"rss":7091290112,"vms":15983693824,"shared":567312384,"text":2322432,"lib":0,"data":14387191808,"dirty":0,"uss":3841413120,"pss":5463483392,"swap":0}},"nvidia_draw_absolute":46.9,"nvidia_estimated_attributable_power_draw":46.9,"average_gpu_estimated_utilization_absolute":0.35,"per_gpu_average_estimated_utilization_absolute":{"(0, 16354)":{"sm":35.0,"mem":9.5,"enc":0.0,"dec":0.0}},"average_gpu_estimated_utilization_relative":1.0,"per_gpu_performance_state":{"0":"P2"},"per_gpu_power_draw":{"0":46.9},"cpu_count_adjusted_average_load":[0.1359375,0.13375,0.135625],"cpu_freq":[{"current":2399.906,"min":1200.0,"max":3200.0},{"current":2329.781,"min":1200.0,"max":3200.0},{"current":2399.906,"min":1200.0,"max":3200.0},{"current":1256.062,"min":1200.0,"max":3200.0},{"current":1281.375,"min":1200.0,"max":3200.0},{"current":1201.687,"min":1200.0,"max":3200.0},{"current":1384.406,"min":1200.0,"max":3200.0},{"current":2044.781,"min":1200.0,"max":3200.0},{"current":1365.562,"min":1200.0,"max":3200.0},{"current":2910.656,"min":1200.0,"max":3200.0},{"current":2000.437,"min":1200.0,"max":3200.0},{"current":1298.718,"min":1200.0,"max":3200.0},{"current":1200.093,"min":1200.0,"max":3200.0},{"current":1200.093,"min":1200.0,"max":3200.0},{"current":1200.093,"min":1200.0,"max":3200.0},{"current":1200.093,"min":1200.0,"max":3200.0},{"current":2296.593,"min":1200.0,"max":3200.0},{"current":2400.0,"min":1200.0,"max":3200.0},{"current":2399.906,"min":1200.0,"max":3200.0},{"current":1314.937,"min":1200.0,"max":3200.0},{"current":1200.0,"min":1200.0,"max":3200.0},{"current":1887.093,"min":1200.0,"max":3200.0},{"current":1300.031,"min":1200.0,"max":3200.0},{"current":1698.656,"min":1200.0,"max":3200.0},{"current":1233.0,"min":1200.0,"max":3200.0},{"current":3111.75,"min":1200.0,"max":3200.0},{"current":1898.062,"min":1200.0,"max":3200.0},{"current":1381.781,"min":1200.0,"max":3200.0},{"current":1216.218,"min":1200.0,"max":3200.0},{"current":1206.375,"min":1200.0,"max":3200.0},{"current":1202.343,"min":1200.0,"max":3200.0},{"current":1208.343,"min":1200.0,"max":3200.0}],"realtime_carbon_intensity":390.7339814246,"disk_write_speed":18.4067347792,"process_ids":[16481,16354]}
{"timestamp":1573521008.1301329136,"rapl_power_draw_absolute":66.0256190353,"rapl_estimated_attributable_power_draw":15.3019737834,"cpu_time_seconds":{"16481":{"user":0.88,"system":1.15,"children_user":0.09,"children_system":1.23},"16354":{"user":62.99,"system":5.74,"children_user":1.13,"children_system":0.2}},"average_relative_cpu_utilization":0.2383615294,"absolute_cpu_utilization":0.9986273032,"relative_mem_usage":0.151719567,"absolute_mem_usage":12306068480.0,"absolute_mem_percent_usage":0.0910890936,"mem_info_per_process":{"16481":{"rss":3932622848,"vms":10740543488,"shared":11395072,"text":2322432,"lib":0,"data":9359171584,"dirty":0,"uss":690274304,"pss":2310472704,"swap":0},"16354":{"rss":7091290112,"vms":15983693824,"shared":567312384,"text":2322432,"lib":0,"data":14387191808,"dirty":0,"uss":3841691648,"pss":5463629824,"swap":0}},"nvidia_draw_absolute":50.92,"nvidia_estimated_attributable_power_draw":50.92,"average_gpu_estimated_utilization_absolute":0.35,"per_gpu_average_estimated_utilization_absolute":{"(0, 16354)":{"sm":35,"mem":10,"enc":0,"dec":0}},"average_gpu_estimated_utilization_relative":1.0,"per_gpu_performance_state":{"0":"P2"},"per_gpu_power_draw":{"0":50.92},"cpu_count_adjusted_average_load":[0.1315625,0.1328125,0.135625],"cpu_freq":[{"current":2400.0,"min":1200.0,"max":3200.0},{"current":1543.687,"min":1200.0,"max":3200.0},{"current":1799.718,"min":1200.0,"max":3200.0},{"current":2199.562,"min":1200.0,"max":3200.0},{"current":1499.812,"min":1200.0,"max":3200.0},{"current":1201.218,"min":1200.0,"max":3200.0},{"current":1208.062,"min":1200.0,"max":3200.0},{"current":1800.0,"min":1200.0,"max":3200.0},{"current":1264.593,"min":1200.0,"max":3200.0},{"current":2651.812,"min":1200.0,"max":3200.0},{"current":1200.093,"min":1200.0,"max":3200.0},{"current":1298.718,"min":1200.0,"max":3200.0},{"current":1200.093,"min":1200.0,"max":3200.0},{"current":1200.187,"min":1200.0,"max":3200.0},{"current":1199.906,"min":1200.0,"max":3200.0},{"current":1200.0,"min":1200.0,"max":3200.0},{"current":2400.0,"min":1200.0,"max":3200.0},{"current":1689.937,"min":1200.0,"max":3200.0},{"current":1474.5,"min":1200.0,"max":3200.0},{"current":2151.281,"min":1200.0,"max":3200.0},{"current":1527.656,"min":1200.0,"max":3200.0},{"current":1202.25,"min":1200.0,"max":3200.0},{"current":1299.937,"min":1200.0,"max":3200.0},{"current":1859.718,"min":1200.0,"max":3200.0},{"current":1241.531,"min":1200.0,"max":3200.0},{"current":3128.718,"min":1200.0,"max":3200.0},{"current":1517.343,"min":1200.0,"max":3200.0},{"current":1345.593,"min":1200.0,"max":3200.0},{"current":1230.562,"min":1200.0,"max":3200.0},{"current":1206.375,"min":1200.0,"max":3200.0},{"current":1202.343,"min":1200.0,"max":3200.0},{"current":1219.593,"min":1200.0,"max":3200.0}],"realtime_carbon_intensity":390.7339814246,"disk_write_speed":17.3077246847,"process_ids":[16481,16354]}
{"timestamp":1573521016.1920769215,"rapl_power_draw_absolute":66.3020475774,"rapl_estimated_attributable_power_draw":15.3554397629,"cpu_time_seconds":{"16481":{"user":1.02,"system":1.31,"children_user":0.12,"children_system":1.4},"16354":{"user":70.77,"system":6.03,"children_user":1.13,"children_system":0.2}},"average_relative_cpu_utilization":0.238132441,"absolute_cpu_utilization":1.0036056603,"relative_mem_usage":0.1517183008,"absolute_mem_usage":12306842624.0,"absolute_mem_percent_usage":0.0910948238,"mem_info_per_process":{"16481":{"rss":3932622848,"vms":10740543488,"shared":11395072,"text":2322432,"lib":0,"data":9359171584,"dirty":0,"uss":690532352,"pss":2310601728,"swap":0},"16354":{"rss":7091290112,"vms":15983693824,"shared":567312384,"text":2322432,"lib":0,"data":14387191808,"dirty":0,"uss":3841949696,"pss":5463758848,"swap":0}},"nvidia_draw_absolute":51.79,"nvidia_estimated_attributable_power_draw":51.79,"average_gpu_estimated_utilization_absolute":0.35,"per_gpu_average_estimated_utilization_absolute":{"(0, 16354)":{"sm":35,"mem":10,"enc":0,"dec":0}},"average_gpu_estimated_utilization_relative":1.0,"per_gpu_performance_state":{"0":"P2"},"per_gpu_power_draw":{"0":51.79},"cpu_count_adjusted_average_load":[0.1309375,0.1328125,0.1353125],"cpu_freq":[{"current":2400.0,"min":1200.0,"max":3200.0},{"current":2178.468,"min":1200.0,"max":3200.0},{"current":1544.437,"min":1200.0,"max":3200.0},{"current":1277.906,"min":1200.0,"max":3200.0},{"current":1271.062,"min":1200.0,"max":3200.0},{"current":1253.531,"min":1200.0,"max":3200.0},{"current":2399.906,"min":1200.0,"max":3200.0},{"current":1858.968,"min":1200.0,"max":3200.0},{"current":1200.0,"min":1200.0,"max":3200.0},{"current":3173.531,"min":1200.0,"max":3200.0},{"current":1299.75,"min":1200.0,"max":3200.0},{"current":1300.406,"min":1200.0,"max":3200.0},{"current":1234.218,"min":1200.0,"max":3200.0},{"current":1200.093,"min":1200.0,"max":3200.0},{"current":1199.906,"min":1200.0,"max":3200.0},{"current":1200.0,"min":1200.0,"max":3200.0},{"current":2337.093,"min":1200.0,"max":3200.0},{"current":1496.625,"min":1200.0,"max":3200.0},{"current":1596.0,"min":1200.0,"max":3200.0},{"current":1397.812,"min":1200.0,"max":3200.0},{"current":1216.875,"min":1200.0,"max":3200.0},{"current":1295.25,"min":1200.0,"max":3200.0},{"current":2029.125,"min":1200.0,"max":3200.0},{"current":2288.437,"min":1200.0,"max":3200.0},{"current":1483.406,"min":1200.0,"max":3200.0},{"current":3151.218,"min":1200.0,"max":3200.0},{"current":1300.687,"min":1200.0,"max":3200.0},{"current":1246.875,"min":1200.0,"max":3200.0},{"current":1217.625,"min":1200.0,"max":3200.0},{"current":1203.843,"min":1200.0,"max":3200.0},{"current":1202.531,"min":1200.0,"max":3200.0},{"current":1300.031,"min":1200.0,"max":3200.0}],"realtime_carbon_intensity":390.7339814246,"disk_write_speed":14.9636313609,"process_ids":[16481,16354]}
{"timestamp":1573521024.2640399933,"rapl_power_draw_absolute":66.5186635868,"rapl_estimated_attributable_power_draw":15.7425190228,"cpu_time_seconds":{"16481":{"user":1.17,"system":1.46,"children_user":0.14,"children_system":1.56},"16354":{"user":78.52,"system":6.35,"children_user":1.13,"children_system":0.2}},"average_relative_cpu_utilization":0.2435859134,"absolute_cpu_utilization":0.9986202019,"relative_mem_usage":0.1517113335,"absolute_mem_usage":12307358720.0,"absolute_mem_percent_usage":0.0910986439,"mem_info_per_process":{"16481":{"rss":3932622848,"vms":10740543488,"shared":11395072,"text":2322432,"lib":0,"data":9359171584,"dirty":0,"uss":690704384,"pss":2310687744,"swap":0},"16354":{"rss":7091290112,"vms":15983693824,"shared":567312384,"text":2322432,"lib":0,"data":14387191808,"dirty":0,"uss":3842121728,"pss":5463844864,"swap":0}},"nvidia_draw_absolute":50.37,"nvidia_estimated_attributable_power_draw":50.37,"average_gpu_estimated_utilization_absolute":0.35,"per_gpu_average_estimated_utilization_absolute":{"(0, 16354)":{"sm":35.0,"mem":9.5,"enc":0.0,"dec":0.0}},"average_gpu_estimated_utilization_relative":1.0,"per_gpu_performance_state":{"0":"P2"},"per_gpu_power_draw":{"0":50.37},"cpu_count_adjusted_average_load":[0.1321875,0.133125,0.135625],"cpu_freq":[{"current":1469.906,"min":1200.0,"max":3200.0},{"current":2400.0,"min":1200.0,"max":3200.0},{"current":1495.218,"min":1200.0,"max":3200.0},{"current":1999.593,"min":1200.0,"max":3200.0},{"current":1199.718,"min":1200.0,"max":3200.0},{"current":1201.406,"min":1200.0,"max":3200.0},{"current":1203.281,"min":1200.0,"max":3200.0},{"current":1811.437,"min":1200.0,"max":3200.0},{"current":1297.218,"min":1200.0,"max":3200.0},{"current":3163.968,"min":1200.0,"max":3200.0},{"current":1520.25,"min":1200.0,"max":3200.0},{"current":1533.562,"min":1200.0,"max":3200.0},{"current":1282.218,"min":1200.0,"max":3200.0},{"current":1265.906,"min":1200.0,"max":3200.0},{"current":1200.093,"min":1200.0,"max":3200.0},{"current":1236.75,"min":1200.0,"max":3200.0},{"current":1399.968,"min":1200.0,"max":3200.0},{"current":2400.0,"min":1200.0,"max":3200.0},{"current":2022.656,"min":1200.0,"max":3200.0},{"current":1635.187,"min":1200.0,"max":3200.0},{"current":1232.718,"min":1200.0,"max":3200.0},{"current":1201.875,"min":1200.0,"max":3200.0},{"current":1397.625,"min":1200.0,"max":3200.0},{"current":2400.0,"min":1200.0,"max":3200.0},{"current":1366.406,"min":1200.0,"max":3200.0},{"current":3123.937,"min":1200.0,"max":3200.0},{"current":1605.375,"min":1200.0,"max":3200.0},{"current":1320.281,"min":1200.0,"max":3200.0},{"current":1210.125,"min":1200.0,"max":3200.0},{"current":1364.531,"min":1200.0,"max":3200.0},{"current":1202.531,"min":1200.0,"max":3200.0},{"current":1205.156,"min":1200.0,"max":3200.0}],"realtime_carbon_intensity":390.7339814246,"disk_write_speed":20.7999394089,"process_ids":[16481,16354]}
{"timestamp":1573521032.2898509502,"rapl_power_draw_absolute":67.1461601093,"rapl_estimated_attributable_power_draw":15.707801795,"cpu_time_seconds":{"16481":{"user":1.33,"system":1.64,"children_user":0.15,"children_system":1.73},"16354":{"user":86.22,"system":6.68,"children_user":1.13,"children_system":0.2}},"average_relative_cpu_utilization":0.2412355026,"absolute_cpu_utilization":0.9986008563,"relative_mem_usage":0.1517048654,"absolute_mem_usage":12307874816.0,"absolute_mem_percent_usage":0.0911024641,"mem_info_per_process":{"16481":{"rss":3932622848,"vms":10740543488,"shared":11395072,"text":2322432,"lib":0,"data":9359171584,"dirty":0,"uss":690876416,"pss":2310773760,"swap":0},"16354":{"rss":7091290112,"vms":15983693824,"shared":567312384,"text":2322432,"lib":0,"data":14387191808,"dirty":0,"uss":3842293760,"pss":5463930880,"swap":0}},"nvidia_draw_absolute":50.59,"nvidia_estimated_attributable_power_draw":50.59,"average_gpu_estimated_utilization_absolute":0.3466666667,"per_gpu_average_estimated_utilization_absolute":{"(0, 16354)":{"sm":34.6666666667,"mem":9.3333333333,"enc":0.0,"dec":0.0}},"average_gpu_estimated_utilization_relative":1.0,"per_gpu_performance_state":{"0":"P2"},"per_gpu_power_draw":{"0":50.59},"cpu_count_adjusted_average_load":[0.12875,0.1321875,0.1353125],"cpu_freq":[{"current":2400.0,"min":1200.0,"max":3200.0},{"current":2399.906,"min":1200.0,"max":3200.0},{"current":1199.906,"min":1200.0,"max":3200.0},{"current":1297.218,"min":1200.0,"max":3200.0},{"current":1265.343,"min":1200.0,"max":3200.0},{"current":1201.968,"min":1200.0,"max":3200.0},{"current":1397.343,"min":1200.0,"max":3200.0},{"current":1297.031,"min":1200.0,"max":3200.0},{"current":1816.687,"min":1200.0,"max":3200.0},{"current":3171.656,"min":1200.0,"max":3200.0},{"current":2399.906,"min":1200.0,"max":3200.0},{"current":1424.718,"min":1200.0,"max":3200.0},{"current":1200.093,"min":1200.0,"max":3200.0},{"current":1223.156,"min":1200.0,"max":3200.0},{"current":1200.0,"min":1200.0,"max":3200.0},{"current":1200.093,"min":1200.0,"max":3200.0},{"current":2399.906,"min":1200.0,"max":3200.0},{"current":2399.906,"min":1200.0,"max":3200.0},{"current":1200.0,"min":1200.0,"max":3200.0},{"current":1746.843,"min":1200.0,"max":3200.0},{"current":1200.0,"min":1200.0,"max":3200.0},{"current":1255.125,"min":1200.0,"max":3200.0},{"current":2396.718,"min":1200.0,"max":3200.0},{"current":1267.406,"min":1200.0,"max":3200.0},{"current":1566.093,"min":1200.0,"max":3200.0},{"current":3190.031,"min":1200.0,"max":3200.0},{"current":2380.5,"min":1200.0,"max":3200.0},{"current":1300.875,"min":1200.0,"max":3200.0},{"current":1213.031,"min":1200.0,"max":3200.0},{"current":1205.437,"min":1200.0,"max":3200.0},{"current":1201.312,"min":1200.0,"max":3200.0},{"current":1200.281,"min":1200.0,"max":3200.0}],"realtime_carbon_intensity":390.7339814246,"disk_write_speed":9.5085518623,"process_ids":[16481,16354]}
{"timestamp":1573521040.3219599724,"rapl_power_draw_absolute":66.1508105458,"rapl_estimated_attributable_power_draw":15.1747440315,"cpu_time_seconds":{"16481":{"user":1.42,"system":1.79,"children_user":0.16,"children_system":1.91},"16354":{"user":94.0,"system":6.93,"children_user":1.13,"children_system":0.2}},"average_relative_cpu_utilization":0.2357646251,"absolute_cpu_utilization":0.9936312557,"relative_mem_usage":0.1516943422,"absolute_mem_usage":12308261888.0,"absolute_mem_percent_usage":0.0911053291,"mem_info_per_process":{"16481":{"rss":3932622848,"vms":10740543488,"shared":11395072,"text":2322432,"lib":0,"data":9359171584,"dirty":0,"uss":691003392,"pss":2310837248,"swap":0},"16354":{"rss":7091290112,"vms":15983693824,"shared":567312384,"text":2322432,"lib":0,"data":14387191808,"dirty":0,"uss":3842424832,"pss":5463996416,"swap":0}},"nvidia_draw_absolute":49.69,"nvidia_estimated_attributable_power_draw":49.69,"average_gpu_estimated_utilization_absolute":0.35,"per_gpu_average_estimated_utilization_absolute":{"(0, 16354)":{"sm":35.0,"mem":9.5,"enc":0.0,"dec":0.0}},"average_gpu_estimated_utilization_relative":1.0,"per_gpu_performance_state":{"0":"P2"},"per_gpu_power_draw":{"0":49.69},"cpu_count_adjusted_average_load":[0.1209375,0.130625,0.1346875],"cpu_freq":[{"current":2384.812,"min":1200.0,"max":3200.0},{"current":1352.062,"min":1200.0,"max":3200.0},{"current":1384.312,"min":1200.0,"max":3200.0},{"current":1299.281,"min":1200.0,"max":3200.0},{"current":1314.843,"min":1200.0,"max":3200.0},{"current":1227.187,"min":1200.0,"max":3200.0},{"current":2399.906,"min":1200.0,"max":3200.0},{"current":2399.906,"min":1200.0,"max":3200.0},{"current":1358.718,"min":1200.0,"max":3200.0},{"current":3177.562,"min":1200.0,"max":3200.0},{"current":1295.718,"min":1200.0,"max":3200.0},{"current":1553.718,"min":1200.0,"max":3200.0},{"current":1201.875,"min":1200.0,"max":3200.0},{"current":1249.406,"min":1200.0,"max":3200.0},{"current":1200.093,"min":1200.0,"max":3200.0},{"current":1200.093,"min":1200.0,"max":3200.0},{"current":2400.0,"min":1200.0,"max":3200.0},{"current":1295.718,"min":1200.0,"max":3200.0},{"current":1397.437,"min":1200.0,"max":3200.0},{"current":1203.562,"min":1200.0,"max":3200.0},{"current":1217.156,"min":1200.0,"max":3200.0},{"current":1272.0,"min":1200.0,"max":3200.0},{"current":2400.0,"min":1200.0,"max":3200.0},{"current":2400.0,"min":1200.0,"max":3200.0},{"current":1364.343,"min":1200.0,"max":3200.0},{"current":3112.218,"min":1200.0,"max":3200.0},{"current":2301.281,"min":1200.0,"max":3200.0},{"current":1383.281,"min":1200.0,"max":3200.0},{"current":1205.625,"min":1200.0,"max":3200.0},{"current":1320.843,"min":1200.0,"max":3200.0},{"current":1201.312,"min":1200.0,"max":3200.0},{"current":1201.781,"min":1200.0,"max":3200.0}],"realtime_carbon_intensity":390.7339814246,"disk_write_speed":18.5480502963,"process_ids":[16481,16354]}
{"timestamp":1573521048.386879921,"rapl_power_draw_absolute":67.5205051471,"rapl_estimated_attributable_power_draw":16.1885019163,"cpu_time_seconds":{"16481":{"user":1.58,"system":1.93,"children_user":0.17,"children_system":2.08},"16354":{"user":101.81,"system":7.2,"children_user":1.13,"children_system":0.2}},"average_relative_cpu_utilization":0.2478218169,"absolute_cpu_utilization":1.0035977714,"relative_mem_usage":0.1516864764,"absolute_mem_usage":12308661248.0,"absolute_mem_percent_usage":0.0911082852,"mem_info_per_process":{"16481":{"rss":3932622848,"vms":10740543488,"shared":11395072,"text":2322432,"lib":0,"data":9359171584,"dirty":0,"uss":691138560,"pss":2310904832,"swap":0},"16354":{"rss":7091290112,"vms":15983693824,"shared":567312384,"text":2322432,"lib":0,"data":14387191808,"dirty":0,"uss":3842555904,"pss":5464061952,"swap":0}},"nvidia_draw_absolute":51.62,"nvidia_estimated_attributable_power_draw":51.62,"average_gpu_estimated_utilization_absolute":0.35,"per_gpu_average_estimated_utilization_absolute":{"(0, 16354)":{"sm":35.0,"mem":9.5,"enc":0.0,"dec":0.0}},"average_gpu_estimated_utilization_relative":1.0,"per_gpu_performance_state":{"0":"P2"},"per_gpu_power_draw":{"0":51.62},"cpu_count_adjusted_average_load":[0.1240625,0.1309375,0.1346875],"cpu_freq":[{"current":1245.562,"min":1200.0,"max":3200.0},{"current":1971.937,"min":1200.0,"max":3200.0},{"current":2399.906,"min":1200.0,"max":3200.0},{"current":1296.187,"min":1200.0,"max":3200.0},{"current":1400.437,"min":1200.0,"max":3200.0},{"current":1201.5,"min":1200.0,"max":3200.0},{"current":1207.781,"min":1200.0,"max":3200.0},{"current":2397.562,"min":1200.0,"max":3200.0},{"current":1308.281,"min":1200.0,"max":3200.0},{"current":3038.062,"min":1200.0,"max":3200.0},{"current":1274.062,"min":1200.0,"max":3200.0},{"current":2377.218,"min":1200.0,"max":3200.0},{"current":1211.343,"min":1200.0,"max":3200.0},{"current":1277.25,"min":1200.0,"max":3200.0},{"current":1273.406,"min":1200.0,"max":3200.0},{"current":1200.093,"min":1200.0,"max":3200.0},{"current":1335.843,"min":1200.0,"max":3200.0},{"current":1898.812,"min":1200.0,"max":3200.0},{"current":2341.125,"min":1200.0,"max":3200.0},{"current":2363.531,"min":1200.0,"max":3200.0},{"current":1298.718,"min":1200.0,"max":3200.0},{"current":1238.718,"min":1200.0,"max":3200.0},{"current":1397.625,"min":1200.0,"max":3200.0},{"current":2317.593,"min":1200.0,"max":3200.0},{"current":1299.937,"min":1200.0,"max":3200.0},{"current":3149.156,"min":1200.0,"max":3200.0},{"current":1255.593,"min":1200.0,"max":3200.0},{"current":2376.0,"min":1200.0,"max":3200.0},{"current":1208.156,"min":1200.0,"max":3200.0},{"current":1219.968,"min":1200.0,"max":3200.0},{"current":1205.25,"min":1200.0,"max":3200.0},{"current":1200.187,"min":1200.0,"max":3200.0}],"realtime_carbon_intensity":390.7339814246,"disk_write_speed":7.3361442104,"process_ids":[16481,16354]}
{"timestamp":1573521056.575150013,"rapl_power_draw_absolute":66.3437101776,"rapl_estimated_attributable_power_draw":15.0777959024,"cpu_time_seconds":{"16481":{"user":1.68,"system":2.08,"children_user":0.19,"children_system":2.24},"16354":{"user":109.68,"system":7.51,"children_user":1.13,"children_system":0.2}},"average_relative_cpu_utilization":0.2340979519,"absolute_cpu_utilization":0.9936300488,"relative_mem_usage":0.1516769403,"absolute_mem_usage":12308968448.0,"absolute_mem_percent_usage":0.0911105591,"mem_info_per_process":{"16481":{"rss":3932622848,"vms":10740543488,"shared":11395072,"text":2322432,"lib":0,"data":9359171584,"dirty":0,"uss":691240960,"pss":2310956032,"swap":0},"16354":{"rss":7091294208,"vms":15983693824,"shared":567312384,"text":2322432,"lib":0,"data":14387191808,"dirty":0,"uss":3842658304,"pss":5464113152,"swap":0}},"nvidia_draw_absolute":48.38,"nvidia_estimated_attributable_power_draw":48.38,"average_gpu_estimated_utilization_absolute":0.35,"per_gpu_average_estimated_utilization_absolute":{"(0, 16354)":{"sm":35.0,"mem":9.5,"enc":0.0,"dec":0.0}},"average_gpu_estimated_utilization_relative":1.0,"per_gpu_performance_state":{"0":"P2"},"per_gpu_power_draw":{"0":48.38},"cpu_count_adjusted_average_load":[0.1215625,0.1303125,0.134375],"cpu_freq":[{"current":1201.125,"min":1200.0,"max":3200.0},{"current":2399.906,"min":1200.0,"max":3200.0},{"current":2399.906,"min":1200.0,"max":3200.0},{"current":2399.906,"min":1200.0,"max":3200.0},{"current":1215.093,"min":1200.0,"max":3200.0},{"current":1243.218,"min":1200.0,"max":3200.0},{"current":1897.687,"min":1200.0,"max":3200.0},{"current":1698.656,"min":1200.0,"max":3200.0},{"current":1545.75,"min":1200.0,"max":3200.0},{"current":3177.562,"min":1200.0,"max":3200.0},{"current":1701.093,"min":1200.0,"max":3200.0},{"current":1299.562,"min":1200.0,"max":3200.0},{"current":1200.281,"min":1200.0,"max":3200.0},{"current":1200.093,"min":1200.0,"max":3200.0},{"current":1200.0,"min":1200.0,"max":3200.0},{"current":1200.937,"min":1200.0,"max":3200.0},{"current":1395.281,"min":1200.0,"max":3200.0},{"current":2400.0,"min":1200.0,"max":3200.0},{"current":2399.906,"min":1200.0,"max":3200.0},{"current":1298.812,"min":1200.0,"max":3200.0},{"current":1385.625,"min":1200.0,"max":3200.0},{"current":1238.718,"min":1200.0,"max":3200.0},{"current":1515.468,"min":1200.0,"max":3200.0},{"current":1495.781,"min":1200.0,"max":3200.0},{"current":1547.625,"min":1200.0,"max":3200.0},{"current":3103.218,"min":1200.0,"max":3200.0},{"current":1562.531,"min":1200.0,"max":3200.0},{"current":1243.125,"min":1200.0,"max":3200.0},{"current":1208.156,"min":1200.0,"max":3200.0},{"current":1219.968,"min":1200.0,"max":3200.0},{"current":1205.25,"min":1200.0,"max":3200.0},{"current":1200.093,"min":1200.0,"max":3200.0}],"realtime_carbon_intensity":390.7339814246,"disk_write_speed":9.7571588022,"process_ids":[16481,16354]}
{"timestamp":1573521064.6434469223,"rapl_power_draw_absolute":65.4095299064,"rapl_estimated_attributable_power_draw":15.5091529053,"cpu_time_seconds":{"16481":{"user":1.79,"system":2.24,"children_user":0.2,"children_system":2.42},"16354":{"user":117.52,"system":7.75,"children_user":1.13,"children_system":0.2}},"average_relative_cpu_utilization":0.2441809317,"absolute_cpu_utilization":0.9986097684,"relative_mem_usage":0.1516677411,"absolute_mem_usage":12309287936.0,"absolute_mem_percent_usage":0.0911129239,"mem_info_per_process":{"16481":{"rss":3932622848,"vms":10740543488,"shared":11395072,"text":2322432,"lib":0,"data":9359171584,"dirty":0,"uss":691347456,"pss":2311009280,"swap":0},"16354":{"rss":7091294208,"vms":15983693824,"shared":567312384,"text":2322432,"lib":0,"data":14387191808,"dirty":0,"uss":3842764800,"pss":5464166400,"swap":0}},"nvidia_draw_absolute":49.4,"nvidia_estimated_attributable_power_draw":49.4,"average_gpu_estimated_utilization_absolute":0.35,"per_gpu_average_estimated_utilization_absolute":{"(0, 16354)":{"sm":35.0,"mem":9.5,"enc":0.0,"dec":0.0}},"average_gpu_estimated_utilization_relative":1.0,"per_gpu_performance_state":{"0":"P2"},"per_gpu_power_draw":{"0":49.4},"cpu_count_adjusted_average_load":[0.119375,0.1296875,0.1340625],"cpu_freq":[{"current":2197.125,"min":1200.0,"max":3200.0},{"current":1200.0,"min":1200.0,"max":3200.0},{"current":1297.968,"min":1200.0,"max":3200.0},{"current":1498.312,"min":1200.0,"max":3200.0},{"current":1293.937,"min":1200.0,"max":3200.0},{"current":1201.031,"min":1200.0,"max":3200.0},{"current":2399.906,"min":1200.0,"max":3200.0},{"current":1898.156,"min":1200.0,"max":3200.0},{"current":1422.562,"min":1200.0,"max":3200.0},{"current":3176.906,"min":1200.0,"max":3200.0},{"current":1296.562,"min":1200.0,"max":3200.0},{"current":1200.093,"min":1200.0,"max":3200.0},{"current":1239.562,"min":1200.0,"max":3200.0},{"current":1220.531,"min":1200.0,"max":3200.0},{"current":1398.0,"min":1200.0,"max":3200.0},{"current":1200.187,"min":1200.0,"max":3200.0},{"current":2399.906,"min":1200.0,"max":3200.0},{"current":1599.937,"min":1200.0,"max":3200.0},{"current":1450.5,"min":1200.0,"max":3200.0},{"current":1495.5,"min":1200.0,"max":3200.0},{"current":1200.0,"min":1200.0,"max":3200.0},{"current":1236.0,"min":1200.0,"max":3200.0},{"current":2400.0,"min":1200.0,"max":3200.0},{"current":1897.687,"min":1200.0,"max":3200.0},{"current":1433.531,"min":1200.0,"max":3200.0},{"current":3164.718,"min":1200.0,"max":3200.0},{"current":1801.593,"min":1200.0,"max":3200.0},{"current":1300.687,"min":1200.0,"max":3200.0},{"current":1295.25,"min":1200.0,"max":3200.0},{"current":1216.968,"min":1200.0,"max":3200.0},{"current":1600.687,"min":1200.0,"max":3200.0},{"current":1200.375,"min":1200.0,"max":3200.0}],"realtime_carbon_intensity":390.7339814246,"disk_write_speed":19.9634648428,"process_ids":[16481,16354]}
{"timestamp":1573521072.7442619801,"rapl_power_draw_absolute":65.3334349506,"rapl_estimated_attributable_power_draw":15.3821513722,"cpu_time_seconds":{"16481":{"user":1.94,"system":2.42,"children_user":0.22,"children_system":2.59},"16354":{"user":125.32,"system":8.05,"children_user":1.13,"children_system":0.2}},"average_relative_cpu_utilization":0.2424044913,"absolute_cpu_utilization":0.9993043039,"relative_mem_usage":0.1516598909,"absolute_mem_usage":12309435392.0,"absolute_mem_percent_usage":0.0911140154,"mem_info_per_process":{"16481":{"rss":3932622848,"vms":10740543488,"shared":11395072,"text":2322432,"lib":0,"data":9359171584,"dirty":0,"uss":691396608,"pss":2311033856,"swap":0},"16354":{"rss":7091294208,"vms":15983693824,"shared":567312384,"text":2322432,"lib":0,"data":14387191808,"dirty":0,"uss":3842813952,"pss":5464190976,"swap":0}},"nvidia_draw_absolute":49.77,"nvidia_estimated_attributable_power_draw":49.77,"average_gpu_estimated_utilization_absolute":0.35,"per_gpu_average_estimated_utilization_absolute":{"(0, 16354)":{"sm":35.0,"mem":9.5,"enc":0.0,"dec":0.0}},"average_gpu_estimated_utilization_relative":1.0,"per_gpu_performance_state":{"0":"P2"},"per_gpu_power_draw":{"0":49.77},"cpu_count_adjusted_average_load":[0.1253125,0.130625,0.134375],"cpu_freq":[{"current":1495.968,"min":1200.0,"max":3200.0},{"current":1619.718,"min":1200.0,"max":3200.0},{"current":1926.75,"min":1200.0,"max":3200.0},{"current":1825.5,"min":1200.0,"max":3200.0},{"current":1329.468,"min":1200.0,"max":3200.0},{"current":1249.125,"min":1200.0,"max":3200.0},{"current":1200.0,"min":1200.0,"max":3200.0},{"current":1200.093,"min":1200.0,"max":3200.0},{"current":1202.156,"min":1200.0,"max":3200.0},{"current":3199.968,"min":1200.0,"max":3200.0},{"current":1252.312,"min":1200.0,"max":3200.0},{"current":1464.843,"min":1200.0,"max":3200.0},{"current":1236.093,"min":1200.0,"max":3200.0},{"current":1491.468,"min":1200.0,"max":3200.0},{"current":1263.375,"min":1200.0,"max":3200.0},{"current":1201.312,"min":1200.0,"max":3200.0},{"current":1600.125,"min":1200.0,"max":3200.0},{"current":1695.937,"min":1200.0,"max":3200.0},{"current":2400.0,"min":1200.0,"max":3200.0},{"current":1535.625,"min":1200.0,"max":3200.0},{"current":1381.312,"min":1200.0,"max":3200.0},{"current":1210.781,"min":1200.0,"max":3200.0},{"current":1797.375,"min":1200.0,"max":3200.0},{"current":1214.718,"min":1200.0,"max":3200.0},{"current":1320.187,"min":1200.0,"max":3200.0},{"current":3176.437,"min":1200.0,"max":3200.0},{"current":1200.562,"min":1200.0,"max":3200.0},{"current":1500.0,"min":1200.0,"max":3200.0},{"current":1256.718,"min":1200.0,"max":3200.0},{"current":1348.406,"min":1200.0,"max":3200.0},{"current":1201.781,"min":1200.0,"max":3200.0},{"current":1201.125,"min":1200.0,"max":3200.0}],"realtime_carbon_intensity":390.7339814246,"disk_write_speed":0.4973486149,"process_ids":[16481,16354]}
{"timestamp":1573521084.4245679379,"rapl_power_draw_absolute":67.0787997669,"rapl_estimated_attributable_power_draw":16.4321807489,"cpu_time_seconds":{"16481":{"user":2.01,"system":2.57,"children_user":0.22,"children_system":2.76},"16354":{"user":136.58,"system":8.48,"children_user":1.13,"children_system":0.2}},"average_relative_cpu_utilization":0.2540879177,"absolute_cpu_utilization":1.0036047605,"relative_mem_usage":0.1516524492,"absolute_mem_usage":12309681152.0,"absolute_mem_percent_usage":0.0911158345,"mem_info_per_process":{"16481":{"rss":3932622848,"vms":10740543488,"shared":11395072,"text":2322432,"lib":0,"data":9359171584,"dirty":0,"uss":691478528,"pss":2311074816,"swap":0},"16354":{"rss":7091294208,"vms":15983693824,"shared":567312384,"text":2322432,"lib":0,"data":14387191808,"dirty":0,"uss":3842895872,"pss":5464231936,"swap":0}},"nvidia_draw_absolute":48.83,"nvidia_estimated_attributable_power_draw":48.83,"average_gpu_estimated_utilization_absolute":0.35,"per_gpu_average_estimated_utilization_absolute":{"(0, 16354)":{"sm":35.0,"mem":9.5,"enc":0.0,"dec":0.0}},"average_gpu_estimated_utilization_relative":1.0,"per_gpu_performance_state":{"0":"P2"},"per_gpu_power_draw":{"0":48.83},"cpu_count_adjusted_average_load":[0.1296875,0.13125,0.1346875],"cpu_freq":[{"current":2141.062,"min":1200.0,"max":3200.0},{"current":2400.0,"min":1200.0,"max":3200.0},{"current":1660.5,"min":1200.0,"max":3200.0},{"current":1383.562,"min":1200.0,"max":3200.0},{"current":1240.5,"min":1200.0,"max":3200.0},{"current":1457.437,"min":1200.0,"max":3200.0},{"current":1773.468,"min":1200.0,"max":3200.0},{"current":2398.312,"min":1200.0,"max":3200.0},{"current":1693.218,"min":1200.0,"max":3200.0},{"current":3181.875,"min":1200.0,"max":3200.0},{"current":1444.593,"min":1200.0,"max":3200.0},{"current":1200.0,"min":1200.0,"max":3200.0},{"current":1272.281,"min":1200.0,"max":3200.0},{"current":1224.937,"min":1200.0,"max":3200.0},{"current":1200.093,"min":1200.0,"max":3200.0},{"current":1200.093,"min":1200.0,"max":3200.0},{"current":1903.687,"min":1200.0,"max":3200.0},{"current":2400.0,"min":1200.0,"max":3200.0},{"current":2397.281,"min":1200.0,"max":3200.0},{"current":1230.562,"min":1200.0,"max":3200.0},{"current":1227.187,"min":1200.0,"max":3200.0},{"current":1412.25,"min":1200.0,"max":3200.0},{"current":2400.0,"min":1200.0,"max":3200.0},{"current":1649.718,"min":1200.0,"max":3200.0},{"current":1897.5,"min":1200.0,"max":3200.0},{"current":3087.187,"min":1200.0,"max":3200.0},{"current":1493.437,"min":1200.0,"max":3200.0},{"current":1366.875,"min":1200.0,"max":3200.0},{"current":1233.0,"min":1200.0,"max":3200.0},{"current":1238.437,"min":1200.0,"max":3200.0},{"current":1241.625,"min":1200.0,"max":3200.0},{"current":1200.281,"min":1200.0,"max":3200.0}],"realtime_carbon_intensity":390.7339814246,"disk_write_speed":14.1674038967,"process_ids":[16481,16354]}
