{"timestamp":1572415633.2865641117,"rapl_power_draw_absolute":85.7024748405,"rapl_estimated_attributable_power_draw":19.9279606471,"cpu_time_seconds":{"30269":{"user":0.01,"system":0.02,"children_user":0.0,"children_system":0.03},"30191":{"user":9.98,"system":2.78,"children_user":0.07,"children_system":0.16}},"average_relative_cpu_utilization":0.2427454194,"absolute_cpu_utilization":1.0037400538,"relative_mem_usage":0.1495415222,"absolute_mem_usage":3642177536.0,"absolute_mem_percent_usage":0.0269593246,"mem_info_per_process":{"30269":{"rss":3266469888,"vms":11436531712,"shared":173928448,"text":2322432,"lib":0,"data":9682137088,"dirty":0,"uss":80527360,"pss":1669620736,"swap":0},"30191":{"rss":3666169856,"vms":11436531712,"shared":573767680,"text":2322432,"lib":0,"data":9682137088,"dirty":0,"uss":100540416,"pss":1791489024,"swap":0}},"nvidia_draw_absolute":46.82,"nvidia_estimated_attributable_power_draw":46.82,"average_gpu_estimated_utilization_absolute":0.285,"per_gpu_average_estimated_utilization_absolute":{"(0, 30191)":{"sm":28.5,"mem":3.0,"enc":0.0,"dec":0.0}},"average_gpu_estimated_utilization_relative":1.0,"per_gpu_performance_state":{"0":"P2"},"per_gpu_power_draw":{"0":46.82},"cpu_count_adjusted_average_load":[0.1715625,0.1653125,0.1628125],"realtime_carbon_intensity":339.5983864533,"disk_write_speed":43.9764720909,"process_ids":[30269,30191]}
{"timestamp":1572415641.3002510071,"rapl_power_draw_absolute":85.7061183551,"rapl_estimated_attributable_power_draw":19.8741187276,"cpu_time_seconds":{"30269":{"user":0.13,"system":0.23,"children_user":0.01,"children_system":0.19},"30191":{"user":17.98,"system":2.79,"children_user":0.07,"children_system":0.16}},"average_relative_cpu_utilization":0.2421604435,"absolute_cpu_utilization":1.0037446081,"relative_mem_usage":0.1507414249,"absolute_mem_usage":3672601600.0,"absolute_mem_percent_usage":0.0271845229,"mem_info_per_process":{"30269":{"rss":3273076736,"vms":11436531712,"shared":180523008,"text":2322432,"lib":0,"data":9682137088,"dirty":0,"uss":90714112,"pss":1675777024,"swap":0},"30191":{"rss":3666169856,"vms":11436531712,"shared":573767680,"text":2322432,"lib":0,"data":9682137088,"dirty":0,"uss":109989888,"pss":1796120576,"swap":0}},"nvidia_draw_absolute":46.91,"nvidia_estimated_attributable_power_draw":46.91,"average_gpu_estimated_utilization_absolute":0.2866666667,"per_gpu_average_estimated_utilization_absolute":{"(0, 30191)":{"sm":28.6666666667,"mem":2.6666666667,"enc":0.0,"dec":0.0}},"average_gpu_estimated_utilization_relative":1.0,"per_gpu_performance_state":{"0":"P2"},"per_gpu_power_draw":{"0":46.91},"cpu_count_adjusted_average_load":[0.164375,0.1640625,0.1625],"realtime_carbon_intensity":339.5983864533,"disk_write_speed":39.3848002967,"process_ids":[30269,30191]}
{"timestamp":1572415649.2621350288,"rapl_power_draw_absolute":85.879304658,"rapl_estimated_attributable_power_draw":19.8481273935,"cpu_time_seconds":{"30269":{"user":0.24,"system":0.41,"children_user":0.01,"children_system":0.36},"30191":{"user":25.92,"system":2.81,"children_user":0.07,"children_system":0.16}},"average_relative_cpu_utilization":0.2409989641,"absolute_cpu_utilization":1.0037274144,"relative_mem_usage":0.1507963548,"absolute_mem_usage":3673799680.0,"absolute_mem_percent_usage":0.027193391,"mem_info_per_process":{"30269":{"rss":3273080832,"vms":11436531712,"shared":180523008,"text":2322432,"lib":0,"data":9682137088,"dirty":0,"uss":91365376,"pss":1676104704,"swap":0},"30191":{"rss":3666190336,"vms":11436531712,"shared":573767680,"text":2322432,"lib":0,"data":9682137088,"dirty":0,"uss":110129152,"pss":1796200448,"swap":0}},"nvidia_draw_absolute":47.71,"nvidia_estimated_attributable_power_draw":47.71,"average_gpu_estimated_utilization_absolute":0.29,"per_gpu_average_estimated_utilization_absolute":{"(0, 30191)":{"sm":29,"mem":3,"enc":0,"dec":0}},"average_gpu_estimated_utilization_relative":1.0,"per_gpu_performance_state":{"0":"P2"},"per_gpu_power_draw":{"0":47.71},"cpu_count_adjusted_average_load":[0.16625,0.164375,0.1625],"realtime_carbon_intensity":339.5983864533,"disk_write_speed":39.040241857,"process_ids":[30269,30191]}
{"timestamp":1572415657.3302800655,"rapl_power_draw_absolute":85.8094458957,"rapl_estimated_attributable_power_draw":19.8574384817,"cpu_time_seconds":{"30269":{"user":0.35,"system":0.61,"children_user":0.01,"children_system":0.54},"30191":{"user":33.97,"system":2.83,"children_user":0.07,"children_system":0.16}},"average_relative_cpu_utilization":0.2412882391,"absolute_cpu_utilization":1.0037540268,"relative_mem_usage":0.1508072003,"absolute_mem_usage":3674057728.0,"absolute_mem_percent_usage":0.0271953011,"mem_info_per_process":{"30269":{"rss":3273080832,"vms":11436531712,"shared":180523008,"text":2322432,"lib":0,"data":9682137088,"dirty":0,"uss":91451392,"pss":1676147712,"swap":0},"30191":{"rss":3666190336,"vms":11436531712,"shared":573767680,"text":2322432,"lib":0,"data":9682137088,"dirty":0,"uss":110215168,"pss":1796243456,"swap":0}},"nvidia_draw_absolute":46.81,"nvidia_estimated_attributable_power_draw":46.81,"average_gpu_estimated_utilization_absolute":0.29,"per_gpu_average_estimated_utilization_absolute":{"(0, 30191)":{"sm":29.0,"mem":2.5,"enc":0.0,"dec":0.0}},"average_gpu_estimated_utilization_relative":1.0,"per_gpu_performance_state":{"0":"P2"},"per_gpu_power_draw":{"0":46.81},"cpu_count_adjusted_average_load":[0.1621875,0.16375,0.1621875],"realtime_carbon_intensity":339.5983864533,"disk_write_speed":33.0921387153,"process_ids":[30269,30191]}
{"timestamp":1572415665.3187839985,"rapl_power_draw_absolute":85.8021632685,"rapl_estimated_attributable_power_draw":19.7128395418,"cpu_time_seconds":{"30269":{"user":0.46,"system":0.8,"children_user":0.02,"children_system":0.71},"30191":{"user":41.95,"system":2.84,"children_user":0.07,"children_system":0.16}},"average_relative_cpu_utilization":0.2397975415,"absolute_cpu_utilization":0.9987603427,"relative_mem_usage":0.1508008592,"absolute_mem_usage":3674070016.0,"absolute_mem_percent_usage":0.0271953921,"mem_info_per_process":{"30269":{"rss":3273080832,"vms":11436531712,"shared":180523008,"text":2322432,"lib":0,"data":9682137088,"dirty":0,"uss":91455488,"pss":1676149760,"swap":0},"30191":{"rss":3666190336,"vms":11436531712,"shared":573767680,"text":2322432,"lib":0,"data":9682137088,"dirty":0,"uss":110219264,"pss":1796245504,"swap":0}},"nvidia_draw_absolute":46.72,"nvidia_estimated_attributable_power_draw":46.72,"average_gpu_estimated_utilization_absolute":0.285,"per_gpu_average_estimated_utilization_absolute":{"(0, 30191)":{"sm":28.5,"mem":3.0,"enc":0.0,"dec":0.0}},"average_gpu_estimated_utilization_relative":1.0,"per_gpu_performance_state":{"0":"P2"},"per_gpu_power_draw":{"0":46.72},"cpu_count_adjusted_average_load":[0.1665625,0.1646875,0.1625],"realtime_carbon_intensity":339.5983864533,"disk_write_speed":27.883673544,"process_ids":[30269,30191]}
{"timestamp":1572415673.2754130363,"rapl_power_draw_absolute":85.8700242261,"rapl_estimated_attributable_power_draw":19.7151579291,"cpu_time_seconds":{"30269":{"user":0.55,"system":0.98,"children_user":0.02,"children_system":0.87},"30191":{"user":49.9,"system":2.84,"children_user":0.07,"children_system":0.16}},"average_relative_cpu_utilization":0.2395123614,"absolute_cpu_utilization":0.9987503187,"relative_mem_usage":0.1507958369,"absolute_mem_usage":3674082304.0,"absolute_mem_percent_usage":0.027195483,"mem_info_per_process":{"30269":{"rss":3273080832,"vms":11436531712,"shared":180523008,"text":2322432,"lib":0,"data":9682137088,"dirty":0,"uss":91459584,"pss":1676151808,"swap":0},"30191":{"rss":3666190336,"vms":11436531712,"shared":573767680,"text":2322432,"lib":0,"data":9682137088,"dirty":0,"uss":110223360,"pss":1796247552,"swap":0}},"nvidia_draw_absolute":47.11,"nvidia_estimated_attributable_power_draw":47.11,"average_gpu_estimated_utilization_absolute":0.285,"per_gpu_average_estimated_utilization_absolute":{"(0, 30191)":{"sm":28.5,"mem":3.0,"enc":0.0,"dec":0.0}},"average_gpu_estimated_utilization_relative":1.0,"per_gpu_performance_state":{"0":"P2"},"per_gpu_power_draw":{"0":47.11},"cpu_count_adjusted_average_load":[0.1725,0.1659375,0.163125],"realtime_carbon_intensity":339.5983864533,"disk_write_speed":37.6913736967,"process_ids":[30269,30191]}
{"timestamp":1572415681.2331581116,"rapl_power_draw_absolute":86.2445946283,"rapl_estimated_attributable_power_draw":19.6429863232,"cpu_time_seconds":{"30269":{"user":0.66,"system":1.17,"children_user":0.04,"children_system":1.03},"30191":{"user":57.84,"system":2.87,"children_user":0.07,"children_system":0.16}},"average_relative_cpu_utilization":0.2372985566,"absolute_cpu_utilization":1.0037221993,"relative_mem_usage":0.1507993581,"absolute_mem_usage":3674094592.0,"absolute_mem_percent_usage":0.027195574,"mem_info_per_process":{"30269":{"rss":3273080832,"vms":11436531712,"shared":180523008,"text":2322432,"lib":0,"data":9682137088,"dirty":0,"uss":91463680,"pss":1676153856,"swap":0},"30191":{"rss":3666190336,"vms":11436531712,"shared":573767680,"text":2322432,"lib":0,"data":9682137088,"dirty":0,"uss":110227456,"pss":1796249600,"swap":0}},"nvidia_draw_absolute":47.31,"nvidia_estimated_attributable_power_draw":47.31,"average_gpu_estimated_utilization_absolute":0.29,"per_gpu_average_estimated_utilization_absolute":{"(0, 30191)":{"sm":29,"mem":3,"enc":0,"dec":0}},"average_gpu_estimated_utilization_relative":1.0,"per_gpu_performance_state":{"0":"P2"},"per_gpu_power_draw":{"0":47.31},"cpu_count_adjusted_average_load":[0.1678125,0.165,0.1628125],"realtime_carbon_intensity":339.5983864533,"disk_write_speed":25.1190638964,"process_ids":[30269,30191]}
{"timestamp":1572415689.201157093,"rapl_power_draw_absolute":85.8902016752,"rapl_estimated_attributable_power_draw":19.8716213851,"cpu_time_seconds":{"30269":{"user":0.74,"system":1.36,"children_user":0.05,"children_system":1.19},"30191":{"user":65.8,"system":2.88,"children_user":0.07,"children_system":0.16}},"average_relative_cpu_utilization":0.2418688454,"absolute_cpu_utilization":1.0037615204,"relative_mem_usage":0.1508044005,"absolute_mem_usage":3674106880.0,"absolute_mem_percent_usage":0.0271956649,"mem_info_per_process":{"30269":{"rss":3273080832,"vms":11436531712,"shared":180523008,"text":2322432,"lib":0,"data":9682137088,"dirty":0,"uss":91467776,"pss":1676155904,"swap":0},"30191":{"rss":3666190336,"vms":11436531712,"shared":573767680,"text":2322432,"lib":0,"data":9682137088,"dirty":0,"uss":110231552,"pss":1796251648,"swap":0}},"nvidia_draw_absolute":47.41,"nvidia_estimated_attributable_power_draw":47.41,"average_gpu_estimated_utilization_absolute":0.29,"per_gpu_average_estimated_utilization_absolute":{"(0, 30191)":{"sm":29,"mem":3,"enc":0,"dec":0}},"average_gpu_estimated_utilization_relative":1.0,"per_gpu_performance_state":{"0":"P2"},"per_gpu_power_draw":{"0":47.41},"cpu_count_adjusted_average_load":[0.166875,0.165,0.1628125],"realtime_carbon_intensity":339.5983864533,"disk_write_speed":35.2667008602,"process_ids":[30269,30191]}
{"timestamp":1572415697.1697719097,"rapl_power_draw_absolute":86.1286774631,"rapl_estimated_attributable_power_draw":19.7926547054,"cpu_time_seconds":{"30269":{"user":0.84,"system":1.55,"children_user":0.06,"children_system":1.36},"30191":{"user":73.76,"system":2.89,"children_user":0.07,"children_system":0.16}},"average_relative_cpu_utilization":0.2395122844,"absolute_cpu_utilization":0.9987634809,"relative_mem_usage":0.1507935928,"absolute_mem_usage":3674143744.0,"absolute_mem_percent_usage":0.0271959378,"mem_info_per_process":{"30269":{"rss":3273080832,"vms":11436531712,"shared":180523008,"text":2322432,"lib":0,"data":9682137088,"dirty":0,"uss":91480064,"pss":1676162048,"swap":0},"30191":{"rss":3666190336,"vms":11436531712,"shared":573767680,"text":2322432,"lib":0,"data":9682137088,"dirty":0,"uss":110243840,"pss":1796257792,"swap":0}},"nvidia_draw_absolute":47.3,"nvidia_estimated_attributable_power_draw":47.3,"average_gpu_estimated_utilization_absolute":0.29,"per_gpu_average_estimated_utilization_absolute":{"(0, 30191)":{"sm":29,"mem":3,"enc":0,"dec":0}},"average_gpu_estimated_utilization_relative":1.0,"per_gpu_performance_state":{"0":"P2"},"per_gpu_power_draw":{"0":47.3},"cpu_count_adjusted_average_load":[0.1603125,0.1634375,0.1621875],"realtime_carbon_intensity":339.5983864533,"disk_write_speed":30.5503684452,"process_ids":[30269,30191]}
{"timestamp":1572415705.1468598843,"rapl_power_draw_absolute":86.5573527863,"rapl_estimated_attributable_power_draw":19.366799897,"cpu_time_seconds":{"30269":{"user":0.92,"system":1.74,"children_user":0.07,"children_system":1.53},"30191":{"user":81.73,"system":2.9,"children_user":0.07,"children_system":0.16}},"average_relative_cpu_utilization":0.2328209756,"absolute_cpu_utilization":0.99877627,"relative_mem_usage":0.1507910552,"absolute_mem_usage":3674156032.0,"absolute_mem_percent_usage":0.0271960287,"mem_info_per_process":{"30269":{"rss":3273080832,"vms":11436531712,"shared":180523008,"text":2322432,"lib":0,"data":9682137088,"dirty":0,"uss":91484160,"pss":1676164096,"swap":0},"30191":{"rss":3666190336,"vms":11436531712,"shared":573767680,"text":2322432,"lib":0,"data":9682137088,"dirty":0,"uss":110247936,"pss":1796259840,"swap":0}},"nvidia_draw_absolute":47.01,"nvidia_estimated_attributable_power_draw":47.01,"average_gpu_estimated_utilization_absolute":0.29,"per_gpu_average_estimated_utilization_absolute":{"(0, 30191)":{"sm":29.0,"mem":2.5,"enc":0.0,"dec":0.0}},"average_gpu_estimated_utilization_relative":1.0,"per_gpu_performance_state":{"0":"P2"},"per_gpu_power_draw":{"0":47.01},"cpu_count_adjusted_average_load":[0.1625,0.1640625,0.1625],"realtime_carbon_intensity":339.5983864533,"disk_write_speed":40.4627953385,"process_ids":[30269,30191]}
{"timestamp":1572415713.1231679916,"rapl_power_draw_absolute":86.8159628681,"rapl_estimated_attributable_power_draw":19.2301896236,"cpu_time_seconds":{"30269":{"user":1.05,"system":1.92,"children_user":0.08,"children_system":1.7},"30191":{"user":89.7,"system":2.91,"children_user":0.07,"children_system":0.16}},"average_relative_cpu_utilization":0.2304941283,"absolute_cpu_utilization":1.0037581405,"relative_mem_usage":0.150798911,"absolute_mem_usage":3674168320.0,"absolute_mem_percent_usage":0.0271961197,"mem_info_per_process":{"30269":{"rss":3273080832,"vms":11436531712,"shared":180523008,"text":2322432,"lib":0,"data":9682137088,"dirty":0,"uss":91488256,"pss":1676166144,"swap":0},"30191":{"rss":3666190336,"vms":11436531712,"shared":573767680,"text":2322432,"lib":0,"data":9682137088,"dirty":0,"uss":110252032,"pss":1796261888,"swap":0}},"nvidia_draw_absolute":47.4,"nvidia_estimated_attributable_power_draw":47.4,"average_gpu_estimated_utilization_absolute":0.29,"per_gpu_average_estimated_utilization_absolute":{"(0, 30191)":{"sm":29.0,"mem":2.5,"enc":0.0,"dec":0.0}},"average_gpu_estimated_utilization_relative":1.0,"per_gpu_performance_state":{"0":"P2"},"per_gpu_power_draw":{"0":47.4},"cpu_count_adjusted_average_load":[0.1640625,0.164375,0.1625],"realtime_carbon_intensity":339.5983864533,"disk_write_speed":29.6846604983,"process_ids":[30269,30191]}
{"timestamp":1572415721.0871469975,"rapl_power_draw_absolute":86.6683239533,"rapl_estimated_attributable_power_draw":19.0798968944,"cpu_time_seconds":{"30269":{"user":1.14,"system":2.12,"children_user":0.08,"children_system":1.87},"30191":{"user":97.64,"system":2.93,"children_user":0.07,"children_system":0.16}},"average_relative_cpu_utilization":0.2290843514,"absolute_cpu_utilization":0.9987578827,"relative_mem_usage":0.1507888192,"absolute_mem_usage":3674180608.0,"absolute_mem_percent_usage":0.0271962107,"mem_info_per_process":{"30269":{"rss":3273080832,"vms":11436531712,"shared":180523008,"text":2322432,"lib":0,"data":9682137088,"dirty":0,"uss":91492352,"pss":1676168192,"swap":0},"30191":{"rss":3666190336,"vms":11436531712,"shared":573767680,"text":2322432,"lib":0,"data":9682137088,"dirty":0,"uss":110256128,"pss":1796263936,"swap":0}},"nvidia_draw_absolute":46.73,"nvidia_estimated_attributable_power_draw":46.73,"average_gpu_estimated_utilization_absolute":0.29,"per_gpu_average_estimated_utilization_absolute":{"(0, 30191)":{"sm":29.0,"mem":2.5,"enc":0.0,"dec":0.0}},"average_gpu_estimated_utilization_relative":1.0,"per_gpu_performance_state":{"0":"P2"},"per_gpu_power_draw":{"0":46.73},"cpu_count_adjusted_average_load":[0.1659375,0.1646875,0.1628125],"realtime_carbon_intensity":339.5983864533,"disk_write_speed":32.8710240736,"process_ids":[30269,30191]}
{"timestamp":1572415729.0602960587,"rapl_power_draw_absolute":86.6657228871,"rapl_estimated_attributable_power_draw":19.0931017245,"cpu_time_seconds":{"30269":{"user":1.25,"system":2.3,"children_user":0.1,"children_system":2.03},"30191":{"user":105.6,"system":2.94,"children_user":0.07,"children_system":0.16}},"average_relative_cpu_utilization":0.2288266745,"absolute_cpu_utilization":0.9987576356,"relative_mem_usage":0.1507933032,"absolute_mem_usage":3674192896.0,"absolute_mem_percent_usage":0.0271963016,"mem_info_per_process":{"30269":{"rss":3273080832,"vms":11436531712,"shared":180523008,"text":2322432,"lib":0,"data":9682137088,"dirty":0,"uss":91496448,"pss":1676170240,"swap":0},"30191":{"rss":3666190336,"vms":11436531712,"shared":573767680,"text":2322432,"lib":0,"data":9682137088,"dirty":0,"uss":110260224,"pss":1796265984,"swap":0}},"nvidia_draw_absolute":47.2,"nvidia_estimated_attributable_power_draw":47.2,"average_gpu_estimated_utilization_absolute":0.29,"per_gpu_average_estimated_utilization_absolute":{"(0, 30191)":{"sm":29.0,"mem":2.5,"enc":0.0,"dec":0.0}},"average_gpu_estimated_utilization_relative":1.0,"per_gpu_performance_state":{"0":"P2"},"per_gpu_power_draw":{"0":47.2},"cpu_count_adjusted_average_load":[0.164375,0.164375,0.1625],"realtime_carbon_intensity":339.5983864533,"disk_write_speed":28.0720926633,"process_ids":[30269,30191]}
{"timestamp":1572415737.0890650749,"rapl_power_draw_absolute":86.699484488,"rapl_estimated_attributable_power_draw":19.1420474469,"cpu_time_seconds":{"30269":{"user":1.34,"system":2.48,"children_user":0.11,"children_system":2.2},"30191":{"user":113.62,"system":2.95,"children_user":0.07,"children_system":0.16}},"average_relative_cpu_utilization":0.2293499953,"absolute_cpu_utilization":0.9991472508,"relative_mem_usage":0.150801362,"absolute_mem_usage":3674205184.0,"absolute_mem_percent_usage":0.0271963926,"mem_info_per_process":{"30269":{"rss":3273080832,"vms":11436531712,"shared":180523008,"text":2322432,"lib":0,"data":9682137088,"dirty":0,"uss":91500544,"pss":1676172288,"swap":0},"30191":{"rss":3666190336,"vms":11436531712,"shared":573767680,"text":2322432,"lib":0,"data":9682137088,"dirty":0,"uss":110264320,"pss":1796268032,"swap":0}},"nvidia_draw_absolute":46.83,"nvidia_estimated_attributable_power_draw":46.83,"average_gpu_estimated_utilization_absolute":0.29,"per_gpu_average_estimated_utilization_absolute":{"(0, 30191)":{"sm":29.0,"mem":2.5,"enc":0.0,"dec":0.0}},"average_gpu_estimated_utilization_relative":1.0,"per_gpu_performance_state":{"0":"P2"},"per_gpu_power_draw":{"0":46.83},"cpu_count_adjusted_average_load":[0.173125,0.16625,0.163125],"realtime_carbon_intensity":339.5983864533,"disk_write_speed":32.2958366492,"process_ids":[30269,30191]}
{"timestamp":1572415745.0728499889,"rapl_power_draw_absolute":86.8098144417,"rapl_estimated_attributable_power_draw":19.1436348032,"cpu_time_seconds":{"30269":{"user":1.45,"system":2.67,"children_user":0.11,"children_system":2.37},"30191":{"user":121.58,"system":2.98,"children_user":0.07,"children_system":0.16}},"average_relative_cpu_utilization":0.229087039,"absolute_cpu_utilization":0.9987699302,"relative_mem_usage":0.1508063003,"absolute_mem_usage":3674229760.0,"absolute_mem_percent_usage":0.0271965745,"mem_info_per_process":{"30269":{"rss":3273080832,"vms":11436531712,"shared":180523008,"text":2322432,"lib":0,"data":9682137088,"dirty":0,"uss":91508736,"pss":1676176384,"swap":0},"30191":{"rss":3666190336,"vms":11436531712,"shared":573767680,"text":2322432,"lib":0,"data":9682137088,"dirty":0,"uss":110272512,"pss":1796272128,"swap":0}},"nvidia_draw_absolute":46.42,"nvidia_estimated_attributable_power_draw":46.42,"average_gpu_estimated_utilization_absolute":0.2933333333,"per_gpu_average_estimated_utilization_absolute":{"(0, 30191)":{"sm":29.3333333333,"mem":2.6666666667,"enc":0.0,"dec":0.0}},"average_gpu_estimated_utilization_relative":1.0,"per_gpu_performance_state":{"0":"P2"},"per_gpu_power_draw":{"0":46.42},"cpu_count_adjusted_average_load":[0.169375,0.165625,0.163125],"realtime_carbon_intensity":339.5983864533,"disk_write_speed":47.3289569822,"process_ids":[30269,30191]}
{"timestamp":1572415753.0330600739,"rapl_power_draw_absolute":86.672896063,"rapl_estimated_attributable_power_draw":19.1999740313,"cpu_time_seconds":{"30269":{"user":1.58,"system":2.86,"children_user":0.12,"children_system":2.54},"30191":{"user":129.52,"system":3.0,"children_user":0.07,"children_system":0.16}},"average_relative_cpu_utilization":0.2301444857,"absolute_cpu_utilization":0.9987543617,"relative_mem_usage":0.1508006187,"absolute_mem_usage":3674242048.0,"absolute_mem_percent_usage":0.0271966654,"mem_info_per_process":{"30269":{"rss":3273080832,"vms":11436531712,"shared":180523008,"text":2322432,"lib":0,"data":9682137088,"dirty":0,"uss":91512832,"pss":1676178432,"swap":0},"30191":{"rss":3666190336,"vms":11436531712,"shared":573767680,"text":2322432,"lib":0,"data":9682137088,"dirty":0,"uss":110276608,"pss":1796274176,"swap":0}},"nvidia_draw_absolute":46.62,"nvidia_estimated_attributable_power_draw":46.62,"average_gpu_estimated_utilization_absolute":0.29,"per_gpu_average_estimated_utilization_absolute":{"(0, 30191)":{"sm":29,"mem":2,"enc":0,"dec":0}},"average_gpu_estimated_utilization_relative":1.0,"per_gpu_performance_state":{"0":"P2"},"per_gpu_power_draw":{"0":46.62},"cpu_count_adjusted_average_load":[0.1646875,0.1646875,0.1628125],"realtime_carbon_intensity":339.5983864533,"disk_write_speed":32.5410501028,"process_ids":[30269,30191]}
{"timestamp":1572415761.0230579376,"rapl_power_draw_absolute":86.6501929088,"rapl_estimated_attributable_power_draw":19.2355599379,"cpu_time_seconds":{"30269":{"user":1.68,"system":3.05,"children_user":0.12,"children_system":2.72},"30191":{"user":137.5,"system":3.01,"children_user":0.07,"children_system":0.16}},"average_relative_cpu_utilization":0.230672674,"absolute_cpu_utilization":0.9987733398,"relative_mem_usage":0.1508127855,"absolute_mem_usage":3674254336.0,"absolute_mem_percent_usage":0.0271967564,"mem_info_per_process":{"30269":{"rss":3273080832,"vms":11436531712,"shared":180523008,"text":2322432,"lib":0,"data":9682137088,"dirty":0,"uss":91516928,"pss":1676180480,"swap":0},"30191":{"rss":3666190336,"vms":11436531712,"shared":573767680,"text":2322432,"lib":0,"data":9682137088,"dirty":0,"uss":110280704,"pss":1796276224,"swap":0}},"nvidia_draw_absolute":47.31,"nvidia_estimated_attributable_power_draw":47.31,"average_gpu_estimated_utilization_absolute":0.29,"per_gpu_average_estimated_utilization_absolute":{"(0, 30191)":{"sm":29.0,"mem":2.5,"enc":0.0,"dec":0.0}},"average_gpu_estimated_utilization_relative":1.0,"per_gpu_performance_state":{"0":"P2"},"per_gpu_power_draw":{"0":47.31},"cpu_count_adjusted_average_load":[0.1615625,0.1640625,0.1625],"realtime_carbon_intensity":339.5983864533,"disk_write_speed":29.6397693438,"process_ids":[30269,30191]}
{"timestamp":1572415769.009237051,"rapl_power_draw_absolute":86.8386898305,"rapl_estimated_attributable_power_draw":19.1839845305,"cpu_time_seconds":{"30269":{"user":1.77,"system":3.24,"children_user":0.12,"children_system":2.89},"30191":{"user":145.48,"system":3.02,"children_user":0.07,"children_system":0.16}},"average_relative_cpu_utilization":0.2294441266,"absolute_cpu_utilization":1.0037719889,"relative_mem_usage":0.1508021851,"absolute_mem_usage":3674266624.0,"absolute_mem_percent_usage":0.0271968473,"mem_info_per_process":{"30269":{"rss":3273080832,"vms":11436531712,"shared":180523008,"text":2322432,"lib":0,"data":9682137088,"dirty":0,"uss":91521024,"pss":1676182528,"swap":0},"30191":{"rss":3666190336,"vms":11436531712,"shared":573767680,"text":2322432,"lib":0,"data":9682137088,"dirty":0,"uss":110284800,"pss":1796278272,"swap":0}},"nvidia_draw_absolute":47.4,"nvidia_estimated_attributable_power_draw":47.4,"average_gpu_estimated_utilization_absolute":0.29,"per_gpu_average_estimated_utilization_absolute":{"(0, 30191)":{"sm":29.0,"mem":2.5,"enc":0.0,"dec":0.0}},"average_gpu_estimated_utilization_relative":1.0,"per_gpu_performance_state":{"0":"P2"},"per_gpu_power_draw":{"0":47.4},"cpu_count_adjusted_average_load":[0.1609375,0.16375,0.1625],"realtime_carbon_intensity":339.5983864533,"disk_write_speed":15.9237658457,"process_ids":[30269,30191]}
{"timestamp":1572415776.9696331024,"rapl_power_draw_absolute":86.768326201,"rapl_estimated_attributable_power_draw":19.1192268987,"cpu_time_seconds":{"30269":{"user":1.83,"system":3.43,"children_user":0.13,"children_system":3.06},"30191":{"user":153.43,"system":3.03,"children_user":0.07,"children_system":0.16}},"average_relative_cpu_utilization":0.2290873058,"absolute_cpu_utilization":0.9987739641,"relative_mem_usage":0.1506666437,"absolute_mem_usage":3674213376.0,"absolute_mem_percent_usage":0.0271964532,"mem_info_per_process":{"30269":{"rss":3273080832,"vms":11436531712,"shared":180523008,"text":2322432,"lib":0,"data":9682137088,"dirty":0,"uss":91525120,"pss":1676184576,"swap":0},"30191":{"rss":3666190336,"vms":11436531712,"shared":573767680,"text":2322432,"lib":0,"data":9682137088,"dirty":0,"uss":110288896,"pss":1796214784,"swap":0}},"nvidia_draw_absolute":46.92,"nvidia_estimated_attributable_power_draw":46.92,"average_gpu_estimated_utilization_absolute":0.29,"per_gpu_average_estimated_utilization_absolute":{"(0, 30191)":{"sm":29,"mem":2,"enc":0,"dec":0}},"average_gpu_estimated_utilization_relative":1.0,"per_gpu_performance_state":{"0":"P2"},"per_gpu_power_draw":{"0":46.92},"cpu_count_adjusted_average_load":[0.16,0.1634375,0.1625],"realtime_carbon_intensity":339.5983864533,"disk_write_speed":22.8258129587,"process_ids":[30269,30191]}
{"timestamp":1572415784.9564080238,"rapl_power_draw_absolute":86.6022813404,"rapl_estimated_attributable_power_draw":19.1451487207,"cpu_time_seconds":{"30269":{"user":1.9,"system":3.63,"children_user":0.14,"children_system":3.23},"30191":{"user":161.41,"system":3.04,"children_user":0.07,"children_system":0.16}},"average_relative_cpu_utilization":0.2296090265,"absolute_cpu_utilization":0.998743513,"relative_mem_usage":0.1506521171,"absolute_mem_usage":3674225664.0,"absolute_mem_percent_usage":0.0271965442,"mem_info_per_process":{"30269":{"rss":3273080832,"vms":11436531712,"shared":180523008,"text":2322432,"lib":0,"data":9682137088,"dirty":0,"uss":91529216,"pss":1676186624,"swap":0},"30191":{"rss":3666190336,"vms":11436531712,"shared":573767680,"text":2322432,"lib":0,"data":9682137088,"dirty":0,"uss":110292992,"pss":1796216832,"swap":0}},"nvidia_draw_absolute":47.0,"nvidia_estimated_attributable_power_draw":47.0,"average_gpu_estimated_utilization_absolute":0.29,"per_gpu_average_estimated_utilization_absolute":{"(0, 30191)":{"sm":29,"mem":2,"enc":0,"dec":0}},"average_gpu_estimated_utilization_relative":1.0,"per_gpu_performance_state":{"0":"P2"},"per_gpu_power_draw":{"0":47.0},"cpu_count_adjusted_average_load":[0.1571875,0.1628125,0.1621875],"realtime_carbon_intensity":339.5983864533,"disk_write_speed":16.6139013497,"process_ids":[30269,30191]}
