{"timestamp":1573519918.4264080524,"rapl_power_draw_absolute":62.0780307827,"rapl_estimated_attributable_power_draw":13.756747321,"cpu_time_seconds":{"12849":{"user":8.92,"system":2.72,"children_user":1.09,"children_system":0.19},"12927":{"user":0.0,"system":0.03,"children_user":0.0,"children_system":0.02}},"average_relative_cpu_utilization":0.2359008899,"absolute_cpu_utilization":1.0035806612,"relative_mem_usage":0.0695269266,"absolute_mem_usage":5364225024.0,"absolute_mem_percent_usage":0.0397058083,"mem_info_per_process":{"12849":{"rss":4544225280,"vms":11250229248,"shared":113516544,"text":2322432,"lib":0,"data":9868857344,"dirty":0,"uss":682196992,"pss":2610841600,"swap":0},"12927":{"rss":3927891968,"vms":10742644736,"shared":4534272,"text":2322432,"lib":0,"data":9361272832,"dirty":0,"uss":71958528,"pss":1999227904,"swap":0}},"nvidia_draw_absolute":37.42,"nvidia_estimated_attributable_power_draw":37.42,"average_gpu_estimated_utilization_absolute":0.028,"per_gpu_average_estimated_utilization_absolute":{"(0, 12849)":{"sm":2.8,"mem":0.0,"enc":0.0,"dec":0.0}},"average_gpu_estimated_utilization_relative":1.0,"per_gpu_performance_state":{"0":"P2"},"per_gpu_power_draw":{"0":37.42},"cpu_count_adjusted_average_load":[0.12875,0.1378125,0.140625],"cpu_freq":[{"current":2395.593,"min":1200.0,"max":3200.0},{"current":1793.531,"min":1200.0,"max":3200.0},{"current":2296.781,"min":1200.0,"max":3200.0},{"current":1983.843,"min":1200.0,"max":3200.0},{"current":1234.593,"min":1200.0,"max":3200.0},{"current":1200.281,"min":1200.0,"max":3200.0},{"current":1490.625,"min":1200.0,"max":3200.0},{"current":2384.812,"min":1200.0,"max":3200.0},{"current":1512.468,"min":1200.0,"max":3200.0},{"current":3165.187,"min":1200.0,"max":3200.0},{"current":1295.906,"min":1200.0,"max":3200.0},{"current":1967.812,"min":1200.0,"max":3200.0},{"current":1200.093,"min":1200.0,"max":3200.0},{"current":1200.937,"min":1200.0,"max":3200.0},{"current":1478.156,"min":1200.0,"max":3200.0},{"current":1200.093,"min":1200.0,"max":3200.0},{"current":2400.0,"min":1200.0,"max":3200.0},{"current":1213.031,"min":1200.0,"max":3200.0},{"current":2399.906,"min":1200.0,"max":3200.0},{"current":1750.031,"min":1200.0,"max":3200.0},{"current":1200.0,"min":1200.0,"max":3200.0},{"current":1269.656,"min":1200.0,"max":3200.0},{"current":1504.031,"min":1200.0,"max":3200.0},{"current":2384.718,"min":1200.0,"max":3200.0},{"current":1397.343,"min":1200.0,"max":3200.0},{"current":2614.968,"min":1200.0,"max":3200.0},{"current":1303.218,"min":1200.0,"max":3200.0},{"current":1969.125,"min":1200.0,"max":3200.0},{"current":1274.718,"min":1200.0,"max":3200.0},{"current":1312.312,"min":1200.0,"max":3200.0},{"current":1290.281,"min":1200.0,"max":3200.0},{"current":1238.625,"min":1200.0,"max":3200.0}],"realtime_carbon_intensity":387.2968980798,"disk_write_speed":39.2892845634,"process_ids":[12849,12927]}
{"timestamp":1573519926.554459095,"rapl_power_draw_absolute":67.0344516062,"rapl_estimated_attributable_power_draw":15.9148204706,"cpu_time_seconds":{"12849":{"user":15.52,"system":4.08,"children_user":1.09,"children_system":0.19},"12927":{"user":0.23,"system":0.2,"children_user":0.01,"children_system":0.2}},"average_relative_cpu_utilization":0.2453757768,"absolute_cpu_utilization":0.9986065382,"relative_mem_usage":0.1526542838,"absolute_mem_usage":12247541760.0,"absolute_mem_percent_usage":0.0906558809,"mem_info_per_process":{"12849":{"rss":7094677504,"vms":15985020928,"shared":566521856,"text":2322432,"lib":0,"data":14388518912,"dirty":0,"uss":3821694976,"pss":5455207424,"swap":0},"12927":{"rss":3934945280,"vms":10742644736,"shared":11571200,"text":2322432,"lib":0,"data":9361272832,"dirty":0,"uss":669409280,"pss":2301230080,"swap":0}},"nvidia_draw_absolute":56.12,"nvidia_estimated_attributable_power_draw":56.12,"average_gpu_estimated_utilization_absolute":0.32,"per_gpu_average_estimated_utilization_absolute":{"(0, 12849)":{"sm":32,"mem":9,"enc":0,"dec":0}},"average_gpu_estimated_utilization_relative":1.0,"per_gpu_performance_state":{"0":"P2"},"per_gpu_power_draw":{"0":56.12},"cpu_count_adjusted_average_load":[0.125625,0.136875,0.1403125],"cpu_freq":[{"current":1682.437,"min":1200.0,"max":3200.0},{"current":2399.906,"min":1200.0,"max":3200.0},{"current":1696.312,"min":1200.0,"max":3200.0},{"current":2399.906,"min":1200.0,"max":3200.0},{"current":1201.031,"min":1200.0,"max":3200.0},{"current":1201.218,"min":1200.0,"max":3200.0},{"current":1799.906,"min":1200.0,"max":3200.0},{"current":1795.875,"min":1200.0,"max":3200.0},{"current":1260.562,"min":1200.0,"max":3200.0},{"current":1876.031,"min":1200.0,"max":3200.0},{"current":3175.312,"min":1200.0,"max":3200.0},{"current":1299.093,"min":1200.0,"max":3200.0},{"current":1223.625,"min":1200.0,"max":3200.0},{"current":1227.937,"min":1200.0,"max":3200.0},{"current":1289.062,"min":1200.0,"max":3200.0},{"current":1254.093,"min":1200.0,"max":3200.0},{"current":1562.062,"min":1200.0,"max":3200.0},{"current":1228.031,"min":1200.0,"max":3200.0},{"current":1703.906,"min":1200.0,"max":3200.0},{"current":2400.0,"min":1200.0,"max":3200.0},{"current":1299.281,"min":1200.0,"max":3200.0},{"current":1218.093,"min":1200.0,"max":3200.0},{"current":1715.25,"min":1200.0,"max":3200.0},{"current":2400.093,"min":1200.0,"max":3200.0},{"current":1273.5,"min":1200.0,"max":3200.0},{"current":1863.562,"min":1200.0,"max":3200.0},{"current":3199.968,"min":1200.0,"max":3200.0},{"current":1212.375,"min":1200.0,"max":3200.0},{"current":1212.937,"min":1200.0,"max":3200.0},{"current":1215.281,"min":1200.0,"max":3200.0},{"current":1242.937,"min":1200.0,"max":3200.0},{"current":1209.093,"min":1200.0,"max":3200.0}],"realtime_carbon_intensity":387.2968980798,"disk_write_speed":24.6611649662,"process_ids":[12849,12927]}
{"timestamp":1573519934.6123321056,"rapl_power_draw_absolute":69.1287367053,"rapl_estimated_attributable_power_draw":16.3103405952,"cpu_time_seconds":{"12849":{"user":23.32,"system":4.34,"children_user":1.09,"children_system":0.19},"12927":{"user":0.38,"system":0.38,"children_user":0.04,"children_system":0.35}},"average_relative_cpu_utilization":0.2438531087,"absolute_cpu_utilization":0.9936649927,"relative_mem_usage":0.1527331714,"absolute_mem_usage":12255332352.0,"absolute_mem_percent_usage":0.0907135466,"mem_info_per_process":{"12849":{"rss":7094677504,"vms":15985020928,"shared":566521856,"text":2322432,"lib":0,"data":14388518912,"dirty":0,"uss":3824279552,"pss":5456499712,"swap":0},"12927":{"rss":3934945280,"vms":10742644736,"shared":11571200,"text":2322432,"lib":0,"data":9361272832,"dirty":0,"uss":672018432,"pss":2302534656,"swap":0}},"nvidia_draw_absolute":56.79,"nvidia_estimated_attributable_power_draw":56.79,"average_gpu_estimated_utilization_absolute":0.325,"per_gpu_average_estimated_utilization_absolute":{"(0, 12849)":{"sm":32.5,"mem":9.0,"enc":0.0,"dec":0.0}},"average_gpu_estimated_utilization_relative":1.0,"per_gpu_performance_state":{"0":"P2"},"per_gpu_power_draw":{"0":56.79},"cpu_count_adjusted_average_load":[0.128125,0.1371875,0.140625],"cpu_freq":[{"current":2099.156,"min":1200.0,"max":3200.0},{"current":2399.906,"min":1200.0,"max":3200.0},{"current":2399.906,"min":1200.0,"max":3200.0},{"current":2399.906,"min":1200.0,"max":3200.0},{"current":1466.437,"min":1200.0,"max":3200.0},{"current":1200.468,"min":1200.0,"max":3200.0},{"current":2396.343,"min":1200.0,"max":3200.0},{"current":1662.468,"min":1200.0,"max":3200.0},{"current":1293.937,"min":1200.0,"max":3200.0},{"current":1232.812,"min":1200.0,"max":3200.0},{"current":3163.968,"min":1200.0,"max":3200.0},{"current":1296.187,"min":1200.0,"max":3200.0},{"current":1400.25,"min":1200.0,"max":3200.0},{"current":1350.656,"min":1200.0,"max":3200.0},{"current":1355.343,"min":1200.0,"max":3200.0},{"current":1200.187,"min":1200.0,"max":3200.0},{"current":2134.687,"min":1200.0,"max":3200.0},{"current":2079.843,"min":1200.0,"max":3200.0},{"current":2394.281,"min":1200.0,"max":3200.0},{"current":2399.906,"min":1200.0,"max":3200.0},{"current":1354.312,"min":1200.0,"max":3200.0},{"current":1291.125,"min":1200.0,"max":3200.0},{"current":2207.062,"min":1200.0,"max":3200.0},{"current":1599.187,"min":1200.0,"max":3200.0},{"current":1473.843,"min":1200.0,"max":3200.0},{"current":1381.406,"min":1200.0,"max":3200.0},{"current":3199.968,"min":1200.0,"max":3200.0},{"current":1400.531,"min":1200.0,"max":3200.0},{"current":1367.812,"min":1200.0,"max":3200.0},{"current":1330.031,"min":1200.0,"max":3200.0},{"current":1374.187,"min":1200.0,"max":3200.0},{"current":1266.375,"min":1200.0,"max":3200.0}],"realtime_carbon_intensity":387.2968980798,"disk_write_speed":31.7516225018,"process_ids":[12849,12927]}
{"timestamp":1573519942.6296238899,"rapl_power_draw_absolute":66.4458716154,"rapl_estimated_attributable_power_draw":15.7285245725,"cpu_time_seconds":{"12849":{"user":31.1,"system":4.59,"children_user":1.09,"children_system":0.19},"12927":{"user":0.56,"system":0.56,"children_user":0.06,"children_system":0.52}},"average_relative_cpu_utilization":0.2435784548,"absolute_cpu_utilization":0.9985784171,"relative_mem_usage":0.1527686129,"absolute_mem_usage":12259375104.0,"absolute_mem_percent_usage":0.0907434709,"mem_info_per_process":{"12849":{"rss":7094677504,"vms":15985020928,"shared":566521856,"text":2322432,"lib":0,"data":14388518912,"dirty":0,"uss":3825639424,"pss":5457179648,"swap":0},"12927":{"rss":3934945280,"vms":10742644736,"shared":11571200,"text":2322432,"lib":0,"data":9361272832,"dirty":0,"uss":673353728,"pss":2303202304,"swap":0}},"nvidia_draw_absolute":49.88,"nvidia_estimated_attributable_power_draw":49.88,"average_gpu_estimated_utilization_absolute":0.345,"per_gpu_average_estimated_utilization_absolute":{"(0, 12849)":{"sm":34.5,"mem":9.0,"enc":0.0,"dec":0.0}},"average_gpu_estimated_utilization_relative":1.0,"per_gpu_performance_state":{"0":"P2"},"per_gpu_power_draw":{"0":49.88},"cpu_count_adjusted_average_load":[0.1275,0.136875,0.1403125],"cpu_freq":[{"current":1795.687,"min":1200.0,"max":3200.0},{"current":1204.125,"min":1200.0,"max":3200.0},{"current":2195.718,"min":1200.0,"max":3200.0},{"current":2166.937,"min":1200.0,"max":3200.0},{"current":1233.187,"min":1200.0,"max":3200.0},{"current":1225.687,"min":1200.0,"max":3200.0},{"current":1725.75,"min":1200.0,"max":3200.0},{"current":1395.375,"min":1200.0,"max":3200.0},{"current":1377.562,"min":1200.0,"max":3200.0},{"current":1238.156,"min":1200.0,"max":3200.0},{"current":3136.218,"min":1200.0,"max":3200.0},{"current":1299.937,"min":1200.0,"max":3200.0},{"current":1247.25,"min":1200.0,"max":3200.0},{"current":1256.812,"min":1200.0,"max":3200.0},{"current":1204.031,"min":1200.0,"max":3200.0},{"current":1200.187,"min":1200.0,"max":3200.0},{"current":1647.562,"min":1200.0,"max":3200.0},{"current":1220.906,"min":1200.0,"max":3200.0},{"current":2399.906,"min":1200.0,"max":3200.0},{"current":2400.0,"min":1200.0,"max":3200.0},{"current":1213.781,"min":1200.0,"max":3200.0},{"current":1227.843,"min":1200.0,"max":3200.0},{"current":1699.968,"min":1200.0,"max":3200.0},{"current":1226.156,"min":1200.0,"max":3200.0},{"current":1341.937,"min":1200.0,"max":3200.0},{"current":1201.687,"min":1200.0,"max":3200.0},{"current":3020.531,"min":1200.0,"max":3200.0},{"current":1256.906,"min":1200.0,"max":3200.0},{"current":1205.625,"min":1200.0,"max":3200.0},{"current":1289.625,"min":1200.0,"max":3200.0},{"current":1203.937,"min":1200.0,"max":3200.0},{"current":1277.718,"min":1200.0,"max":3200.0}],"realtime_carbon_intensity":387.2968980798,"disk_write_speed":35.9113668276,"process_ids":[12849,12927]}
{"timestamp":1573519950.6195991039,"rapl_power_draw_absolute":66.0292333436,"rapl_estimated_attributable_power_draw":15.6295466166,"cpu_time_seconds":{"12849":{"user":38.83,"system":4.85,"children_user":1.09,"children_system":0.19},"12927":{"user":0.75,"system":0.73,"children_user":0.07,"children_system":0.68}},"average_relative_cpu_utilization":0.2436237882,"absolute_cpu_utilization":1.0036958239,"relative_mem_usage":0.1527858127,"absolute_mem_usage":12261648384.0,"absolute_mem_percent_usage":0.0907602976,"mem_info_per_process":{"12849":{"rss":7094677504,"vms":15985020928,"shared":566521856,"text":2322432,"lib":0,"data":14388518912,"dirty":0,"uss":3826397184,"pss":5457558528,"swap":0},"12927":{"rss":3934945280,"vms":10742644736,"shared":11571200,"text":2322432,"lib":0,"data":9361272832,"dirty":0,"uss":674111488,"pss":2303581184,"swap":0}},"nvidia_draw_absolute":49.4,"nvidia_estimated_attributable_power_draw":49.4,"average_gpu_estimated_utilization_absolute":0.35,"per_gpu_average_estimated_utilization_absolute":{"(0, 12849)":{"sm":35,"mem":9,"enc":0,"dec":0}},"average_gpu_estimated_utilization_relative":1.0,"per_gpu_performance_state":{"0":"P2"},"per_gpu_power_draw":{"0":49.4},"cpu_count_adjusted_average_load":[0.1271875,0.1365625,0.1403125],"cpu_freq":[{"current":2399.906,"min":1200.0,"max":3200.0},{"current":1299.937,"min":1200.0,"max":3200.0},{"current":1200.0,"min":1200.0,"max":3200.0},{"current":1473.0,"min":1200.0,"max":3200.0},{"current":1275.187,"min":1200.0,"max":3200.0},{"current":1200.656,"min":1200.0,"max":3200.0},{"current":1776.937,"min":1200.0,"max":3200.0},{"current":2399.906,"min":1200.0,"max":3200.0},{"current":1268.718,"min":1200.0,"max":3200.0},{"current":1223.062,"min":1200.0,"max":3200.0},{"current":3066.843,"min":1200.0,"max":3200.0},{"current":1294.406,"min":1200.0,"max":3200.0},{"current":1254.093,"min":1200.0,"max":3200.0},{"current":1278.093,"min":1200.0,"max":3200.0},{"current":1200.0,"min":1200.0,"max":3200.0},{"current":1200.093,"min":1200.0,"max":3200.0},{"current":2399.906,"min":1200.0,"max":3200.0},{"current":1200.0,"min":1200.0,"max":3200.0},{"current":1496.437,"min":1200.0,"max":3200.0},{"current":1995.656,"min":1200.0,"max":3200.0},{"current":1200.0,"min":1200.0,"max":3200.0},{"current":1227.843,"min":1200.0,"max":3200.0},{"current":1528.031,"min":1200.0,"max":3200.0},{"current":2400.0,"min":1200.0,"max":3200.0},{"current":1497.0,"min":1200.0,"max":3200.0},{"current":1390.218,"min":1200.0,"max":3200.0},{"current":3199.781,"min":1200.0,"max":3200.0},{"current":1258.406,"min":1200.0,"max":3200.0},{"current":1288.5,"min":1200.0,"max":3200.0},{"current":1238.906,"min":1200.0,"max":3200.0},{"current":1200.75,"min":1200.0,"max":3200.0},{"current":1203.375,"min":1200.0,"max":3200.0}],"realtime_carbon_intensity":387.2968980798,"disk_write_speed":42.9804112998,"process_ids":[12849,12927]}
{"timestamp":1573519958.6778159142,"rapl_power_draw_absolute":68.3481644577,"rapl_estimated_attributable_power_draw":15.5770891937,"cpu_time_seconds":{"12849":{"user":46.62,"system":5.12,"children_user":1.09,"children_system":0.19},"12927":{"user":0.96,"system":0.91,"children_user":0.08,"children_system":0.86}},"average_relative_cpu_utilization":0.2349945625,"absolute_cpu_utilization":0.9986090124,"relative_mem_usage":0.1527907153,"absolute_mem_usage":12263307264.0,"absolute_mem_percent_usage":0.0907725766,"mem_info_per_process":{"12849":{"rss":7094677504,"vms":15985020928,"shared":566521856,"text":2322432,"lib":0,"data":14388518912,"dirty":0,"uss":3826950144,"pss":5457835008,"swap":0},"12927":{"rss":3934945280,"vms":10742644736,"shared":11571200,"text":2322432,"lib":0,"data":9361272832,"dirty":0,"uss":674664448,"pss":2303857664,"swap":0}},"nvidia_draw_absolute":49.52,"nvidia_estimated_attributable_power_draw":49.52,"average_gpu_estimated_utilization_absolute":0.35,"per_gpu_average_estimated_utilization_absolute":{"(0, 12849)":{"sm":35,"mem":9,"enc":0,"dec":0}},"average_gpu_estimated_utilization_relative":1.0,"per_gpu_performance_state":{"0":"P2"},"per_gpu_power_draw":{"0":49.52},"cpu_count_adjusted_average_load":[0.126875,0.13625,0.14],"cpu_freq":[{"current":1792.968,"min":1200.0,"max":3200.0},{"current":1396.593,"min":1200.0,"max":3200.0},{"current":1212.937,"min":1200.0,"max":3200.0},{"current":2257.406,"min":1200.0,"max":3200.0},{"current":1258.5,"min":1200.0,"max":3200.0},{"current":1200.843,"min":1200.0,"max":3200.0},{"current":2098.687,"min":1200.0,"max":3200.0},{"current":2096.906,"min":1200.0,"max":3200.0},{"current":1257.75,"min":1200.0,"max":3200.0},{"current":1400.062,"min":1200.0,"max":3200.0},{"current":3119.812,"min":1200.0,"max":3200.0},{"current":1201.5,"min":1200.0,"max":3200.0},{"current":1300.125,"min":1200.0,"max":3200.0},{"current":1271.812,"min":1200.0,"max":3200.0},{"current":1200.093,"min":1200.0,"max":3200.0},{"current":1200.0,"min":1200.0,"max":3200.0},{"current":1737.562,"min":1200.0,"max":3200.0},{"current":2399.906,"min":1200.0,"max":3200.0},{"current":1298.062,"min":1200.0,"max":3200.0},{"current":2068.781,"min":1200.0,"max":3200.0},{"current":1215.468,"min":1200.0,"max":3200.0},{"current":1207.593,"min":1200.0,"max":3200.0},{"current":1695.281,"min":1200.0,"max":3200.0},{"current":1696.218,"min":1200.0,"max":3200.0},{"current":1241.437,"min":1200.0,"max":3200.0},{"current":1763.437,"min":1200.0,"max":3200.0},{"current":3190.968,"min":1200.0,"max":3200.0},{"current":1295.25,"min":1200.0,"max":3200.0},{"current":1206.093,"min":1200.0,"max":3200.0},{"current":1238.906,"min":1200.0,"max":3200.0},{"current":1200.75,"min":1200.0,"max":3200.0},{"current":1203.375,"min":1200.0,"max":3200.0}],"realtime_carbon_intensity":387.2968980798,"disk_write_speed":33.3512795471,"process_ids":[12849,12927]}
{"timestamp":1573519966.6765770912,"rapl_power_draw_absolute":66.0295153188,"rapl_estimated_attributable_power_draw":15.2355466253,"cpu_time_seconds":{"12849":{"user":54.34,"system":5.4,"children_user":1.09,"children_system":0.19},"12927":{"user":1.14,"system":1.1,"children_user":0.1,"children_system":1.03}},"average_relative_cpu_utilization":0.2372228595,"absolute_cpu_utilization":0.9985868682,"relative_mem_usage":0.1527927531,"absolute_mem_usage":12264572928.0,"absolute_mem_percent_usage":0.090781945,"mem_info_per_process":{"12849":{"rss":7094677504,"vms":15985020928,"shared":566521856,"text":2322432,"lib":0,"data":14388518912,"dirty":0,"uss":3827372032,"pss":5458045952,"swap":0},"12927":{"rss":3934945280,"vms":10742644736,"shared":11571200,"text":2322432,"lib":0,"data":9361272832,"dirty":0,"uss":675086336,"pss":2304068608,"swap":0}},"nvidia_draw_absolute":50.81,"nvidia_estimated_attributable_power_draw":50.81,"average_gpu_estimated_utilization_absolute":0.35,"per_gpu_average_estimated_utilization_absolute":{"(0, 12849)":{"sm":35,"mem":9,"enc":0,"dec":0}},"average_gpu_estimated_utilization_relative":1.0,"per_gpu_performance_state":{"0":"P2"},"per_gpu_power_draw":{"0":50.81},"cpu_count_adjusted_average_load":[0.1365625,0.1378125,0.140625],"cpu_freq":[{"current":1756.968,"min":1200.0,"max":3200.0},{"current":1729.031,"min":1200.0,"max":3200.0},{"current":1512.093,"min":1200.0,"max":3200.0},{"current":2399.906,"min":1200.0,"max":3200.0},{"current":1352.625,"min":1200.0,"max":3200.0},{"current":1211.625,"min":1200.0,"max":3200.0},{"current":2400.0,"min":1200.0,"max":3200.0},{"current":1199.906,"min":1200.0,"max":3200.0},{"current":1213.781,"min":1200.0,"max":3200.0},{"current":1830.562,"min":1200.0,"max":3200.0},{"current":3158.437,"min":1200.0,"max":3200.0},{"current":2058.375,"min":1200.0,"max":3200.0},{"current":1200.281,"min":1200.0,"max":3200.0},{"current":1200.093,"min":1200.0,"max":3200.0},{"current":1200.093,"min":1200.0,"max":3200.0},{"current":1200.093,"min":1200.0,"max":3200.0},{"current":1800.0,"min":1200.0,"max":3200.0},{"current":1998.187,"min":1200.0,"max":3200.0},{"current":2399.906,"min":1200.0,"max":3200.0},{"current":2399.906,"min":1200.0,"max":3200.0},{"current":1335.468,"min":1200.0,"max":3200.0},{"current":1388.812,"min":1200.0,"max":3200.0},{"current":1413.843,"min":1200.0,"max":3200.0},{"current":1298.25,"min":1200.0,"max":3200.0},{"current":1260.281,"min":1200.0,"max":3200.0},{"current":1500.562,"min":1200.0,"max":3200.0},{"current":3190.968,"min":1200.0,"max":3200.0},{"current":2097.468,"min":1200.0,"max":3200.0},{"current":1337.437,"min":1200.0,"max":3200.0},{"current":1224.75,"min":1200.0,"max":3200.0},{"current":1287.281,"min":1200.0,"max":3200.0},{"current":1205.25,"min":1200.0,"max":3200.0}],"realtime_carbon_intensity":387.2968980798,"disk_write_speed":43.3168333703,"process_ids":[12849,12927]}
{"timestamp":1573519974.665555954,"rapl_power_draw_absolute":65.6578868634,"rapl_estimated_attributable_power_draw":15.292771543,"cpu_time_seconds":{"12849":{"user":62.06,"system":5.68,"children_user":1.09,"children_system":0.19},"12927":{"user":1.34,"system":1.28,"children_user":0.1,"children_system":1.2}},"average_relative_cpu_utilization":0.2395451532,"absolute_cpu_utilization":1.0036110478,"relative_mem_usage":0.152791223,"absolute_mem_usage":12265736192.0,"absolute_mem_percent_usage":0.0907905554,"mem_info_per_process":{"12849":{"rss":7094743040,"vms":15985020928,"shared":566587392,"text":2322432,"lib":0,"data":14388518912,"dirty":0,"uss":3827781632,"pss":5458283520,"swap":0},"12927":{"rss":3934945280,"vms":10742644736,"shared":11571200,"text":2322432,"lib":0,"data":9361272832,"dirty":0,"uss":675430400,"pss":2304240640,"swap":0}},"nvidia_draw_absolute":51.44,"nvidia_estimated_attributable_power_draw":51.44,"average_gpu_estimated_utilization_absolute":0.35,"per_gpu_average_estimated_utilization_absolute":{"(0, 12849)":{"sm":35,"mem":9,"enc":0,"dec":0}},"average_gpu_estimated_utilization_relative":1.0,"per_gpu_performance_state":{"0":"P2"},"per_gpu_power_draw":{"0":51.44},"cpu_count_adjusted_average_load":[0.133125,0.1371875,0.1403125],"cpu_freq":[{"current":1284.843,"min":1200.0,"max":3200.0},{"current":1897.593,"min":1200.0,"max":3200.0},{"current":1210.125,"min":1200.0,"max":3200.0},{"current":2400.0,"min":1200.0,"max":3200.0},{"current":1279.218,"min":1200.0,"max":3200.0},{"current":1200.937,"min":1200.0,"max":3200.0},{"current":1298.437,"min":1200.0,"max":3200.0},{"current":2257.593,"min":1200.0,"max":3200.0},{"current":1388.906,"min":1200.0,"max":3200.0},{"current":1600.218,"min":1200.0,"max":3200.0},{"current":3163.593,"min":1200.0,"max":3200.0},{"current":2055.843,"min":1200.0,"max":3200.0},{"current":1219.125,"min":1200.0,"max":3200.0},{"current":1200.187,"min":1200.0,"max":3200.0},{"current":1216.312,"min":1200.0,"max":3200.0},{"current":1200.0,"min":1200.0,"max":3200.0},{"current":1394.343,"min":1200.0,"max":3200.0},{"current":2400.0,"min":1200.0,"max":3200.0},{"current":1279.312,"min":1200.0,"max":3200.0},{"current":2399.906,"min":1200.0,"max":3200.0},{"current":1295.718,"min":1200.0,"max":3200.0},{"current":1200.468,"min":1200.0,"max":3200.0},{"current":2395.5,"min":1200.0,"max":3200.0},{"current":2395.687,"min":1200.0,"max":3200.0},{"current":1241.437,"min":1200.0,"max":3200.0},{"current":1475.625,"min":1200.0,"max":3200.0},{"current":3152.062,"min":1200.0,"max":3200.0},{"current":2379.281,"min":1200.0,"max":3200.0},{"current":1310.156,"min":1200.0,"max":3200.0},{"current":1206.937,"min":1200.0,"max":3200.0},{"current":1378.406,"min":1200.0,"max":3200.0},{"current":1205.25,"min":1200.0,"max":3200.0}],"realtime_carbon_intensity":387.2968980798,"disk_write_speed":33.1885149567,"process_ids":[12849,12927]}
{"timestamp":1573519982.6657419205,"rapl_power_draw_absolute":67.4183780566,"rapl_estimated_attributable_power_draw":15.5991965672,"cpu_time_seconds":{"12849":{"user":69.79,"system":5.95,"children_user":1.09,"children_system":0.19},"12927":{"user":1.49,"system":1.46,"children_user":0.12,"children_system":1.37}},"average_relative_cpu_utilization":0.238642376,"absolute_cpu_utilization":0.998613344,"relative_mem_usage":0.1527887497,"absolute_mem_usage":12266485760.0,"absolute_mem_percent_usage":0.0907961037,"mem_info_per_process":{"12849":{"rss":7094743040,"vms":15985020928,"shared":566587392,"text":2322432,"lib":0,"data":14388518912,"dirty":0,"uss":3828031488,"pss":5458408448,"swap":0},"12927":{"rss":3934945280,"vms":10742644736,"shared":11571200,"text":2322432,"lib":0,"data":9361272832,"dirty":0,"uss":675680256,"pss":2304365568,"swap":0}},"nvidia_draw_absolute":50.32,"nvidia_estimated_attributable_power_draw":50.32,"average_gpu_estimated_utilization_absolute":0.35,"per_gpu_average_estimated_utilization_absolute":{"(0, 12849)":{"sm":35,"mem":9,"enc":0,"dec":0}},"average_gpu_estimated_utilization_relative":1.0,"per_gpu_performance_state":{"0":"P2"},"per_gpu_power_draw":{"0":50.32},"cpu_count_adjusted_average_load":[0.131875,0.136875,0.14],"cpu_freq":[{"current":2399.906,"min":1200.0,"max":3200.0},{"current":2681.718,"min":1200.0,"max":3200.0},{"current":1295.062,"min":1200.0,"max":3200.0},{"current":1199.906,"min":1200.0,"max":3200.0},{"current":1372.968,"min":1200.0,"max":3200.0},{"current":1797.656,"min":1200.0,"max":3200.0},{"current":1897.781,"min":1200.0,"max":3200.0},{"current":1399.406,"min":1200.0,"max":3200.0},{"current":1220.531,"min":1200.0,"max":3200.0},{"current":1597.218,"min":1200.0,"max":3200.0},{"current":3175.125,"min":1200.0,"max":3200.0},{"current":1204.218,"min":1200.0,"max":3200.0},{"current":1200.0,"min":1200.0,"max":3200.0},{"current":1264.781,"min":1200.0,"max":3200.0},{"current":1254.0,"min":1200.0,"max":3200.0},{"current":1200.187,"min":1200.0,"max":3200.0},{"current":2399.906,"min":1200.0,"max":3200.0},{"current":2399.906,"min":1200.0,"max":3200.0},{"current":2399.906,"min":1200.0,"max":3200.0},{"current":1985.906,"min":1200.0,"max":3200.0},{"current":1297.312,"min":1200.0,"max":3200.0},{"current":1701.187,"min":1200.0,"max":3200.0},{"current":1399.968,"min":1200.0,"max":3200.0},{"current":1222.125,"min":1200.0,"max":3200.0},{"current":1261.031,"min":1200.0,"max":3200.0},{"current":1230.281,"min":1200.0,"max":3200.0},{"current":3152.062,"min":1200.0,"max":3200.0},{"current":1265.343,"min":1200.0,"max":3200.0},{"current":1200.562,"min":1200.0,"max":3200.0},{"current":1289.625,"min":1200.0,"max":3200.0},{"current":1240.781,"min":1200.0,"max":3200.0},{"current":1225.031,"min":1200.0,"max":3200.0}],"realtime_carbon_intensity":387.2968980798,"disk_write_speed":37.8370436771,"process_ids":[12849,12927]}
{"timestamp":1573519990.6782960892,"rapl_power_draw_absolute":66.2510494214,"rapl_estimated_attributable_power_draw":15.5362030188,"cpu_time_seconds":{"12849":{"user":77.59,"system":6.16,"children_user":1.09,"children_system":0.19},"12927":{"user":1.72,"system":1.64,"children_user":0.13,"children_system":1.54}},"average_relative_cpu_utilization":0.2412329844,"absolute_cpu_utilization":0.9986179153,"relative_mem_usage":0.1527842148,"absolute_mem_usage":12267186176.0,"absolute_mem_percent_usage":0.0908012881,"mem_info_per_process":{"12849":{"rss":7094747136,"vms":15985020928,"shared":566587392,"text":2322432,"lib":0,"data":14388518912,"dirty":0,"uss":3828264960,"pss":5458525184,"swap":0},"12927":{"rss":3934945280,"vms":10742644736,"shared":11571200,"text":2322432,"lib":0,"data":9361272832,"dirty":0,"uss":675913728,"pss":2304482304,"swap":0}},"nvidia_draw_absolute":50.77,"nvidia_estimated_attributable_power_draw":50.77,"average_gpu_estimated_utilization_absolute":0.35,"per_gpu_average_estimated_utilization_absolute":{"(0, 12849)":{"sm":35,"mem":9,"enc":0,"dec":0}},"average_gpu_estimated_utilization_relative":1.0,"per_gpu_performance_state":{"0":"P2"},"per_gpu_power_draw":{"0":50.77},"cpu_count_adjusted_average_load":[0.13125,0.1365625,0.14],"cpu_freq":[{"current":2400.0,"min":1200.0,"max":3200.0},{"current":2400.0,"min":1200.0,"max":3200.0},{"current":1799.531,"min":1200.0,"max":3200.0},{"current":2399.906,"min":1200.0,"max":3200.0},{"current":1209.093,"min":1200.0,"max":3200.0},{"current":1251.093,"min":1200.0,"max":3200.0},{"current":1204.125,"min":1200.0,"max":3200.0},{"current":1299.937,"min":1200.0,"max":3200.0},{"current":1245.843,"min":1200.0,"max":3200.0},{"current":1288.687,"min":1200.0,"max":3200.0},{"current":3045.0,"min":1200.0,"max":3200.0},{"current":1299.375,"min":1200.0,"max":3200.0},{"current":1201.781,"min":1200.0,"max":3200.0},{"current":1200.093,"min":1200.0,"max":3200.0},{"current":1200.093,"min":1200.0,"max":3200.0},{"current":1281.937,"min":1200.0,"max":3200.0},{"current":2398.125,"min":1200.0,"max":3200.0},{"current":2400.0,"min":1200.0,"max":3200.0},{"current":1331.718,"min":1200.0,"max":3200.0},{"current":2400.0,"min":1200.0,"max":3200.0},{"current":1293.843,"min":1200.0,"max":3200.0},{"current":1244.718,"min":1200.0,"max":3200.0},{"current":1999.968,"min":1200.0,"max":3200.0},{"current":1200.75,"min":1200.0,"max":3200.0},{"current":1432.875,"min":1200.0,"max":3200.0},{"current":1397.25,"min":1200.0,"max":3200.0},{"current":3181.5,"min":1200.0,"max":3200.0},{"current":1476.093,"min":1200.0,"max":3200.0},{"current":1274.812,"min":1200.0,"max":3200.0},{"current":1292.25,"min":1200.0,"max":3200.0},{"current":1234.5,"min":1200.0,"max":3200.0},{"current":1256.343,"min":1200.0,"max":3200.0}],"realtime_carbon_intensity":387.2968980798,"disk_write_speed":47.283671603,"process_ids":[12849,12927]}
{"timestamp":1573519998.685115099,"rapl_power_draw_absolute":66.9869475819,"rapl_estimated_attributable_power_draw":15.535958179,"cpu_time_seconds":{"12849":{"user":85.37,"system":6.39,"children_user":1.09,"children_system":0.19},"12927":{"user":1.98,"system":1.81,"children_user":0.16,"children_system":1.7}},"average_relative_cpu_utilization":0.2389242989,"absolute_cpu_utilization":0.9985762477,"relative_mem_usage":0.1527761688,"absolute_mem_usage":12267671552.0,"absolute_mem_percent_usage":0.0908048809,"mem_info_per_process":{"12849":{"rss":7094747136,"vms":15985020928,"shared":566587392,"text":2322432,"lib":0,"data":14388518912,"dirty":0,"uss":3828424704,"pss":5458605056,"swap":0},"12927":{"rss":3934945280,"vms":10742644736,"shared":11571200,"text":2322432,"lib":0,"data":9361272832,"dirty":0,"uss":676077568,"pss":2304564224,"swap":0}},"nvidia_draw_absolute":50.47,"nvidia_estimated_attributable_power_draw":50.47,"average_gpu_estimated_utilization_absolute":0.35,"per_gpu_average_estimated_utilization_absolute":{"(0, 12849)":{"sm":35,"mem":9,"enc":0,"dec":0}},"average_gpu_estimated_utilization_relative":1.0,"per_gpu_performance_state":{"0":"P2"},"per_gpu_power_draw":{"0":50.47},"cpu_count_adjusted_average_load":[0.14,0.138125,0.140625],"cpu_freq":[{"current":1447.031,"min":1200.0,"max":3200.0},{"current":1867.406,"min":1200.0,"max":3200.0},{"current":2141.812,"min":1200.0,"max":3200.0},{"current":1257.562,"min":1200.0,"max":3200.0},{"current":1391.812,"min":1200.0,"max":3200.0},{"current":1225.875,"min":1200.0,"max":3200.0},{"current":1669.218,"min":1200.0,"max":3200.0},{"current":2400.0,"min":1200.0,"max":3200.0},{"current":1299.937,"min":1200.0,"max":3200.0},{"current":1325.062,"min":1200.0,"max":3200.0},{"current":3168.937,"min":1200.0,"max":3200.0},{"current":1864.406,"min":1200.0,"max":3200.0},{"current":1200.093,"min":1200.0,"max":3200.0},{"current":1242.0,"min":1200.0,"max":3200.0},{"current":1245.093,"min":1200.0,"max":3200.0},{"current":1200.093,"min":1200.0,"max":3200.0},{"current":1697.25,"min":1200.0,"max":3200.0},{"current":1866.656,"min":1200.0,"max":3200.0},{"current":1226.812,"min":1200.0,"max":3200.0},{"current":1420.968,"min":1200.0,"max":3200.0},{"current":1200.0,"min":1200.0,"max":3200.0},{"current":1297.312,"min":1200.0,"max":3200.0},{"current":2399.906,"min":1200.0,"max":3200.0},{"current":2400.0,"min":1200.0,"max":3200.0},{"current":1311.843,"min":1200.0,"max":3200.0},{"current":1230.281,"min":1200.0,"max":3200.0},{"current":3181.5,"min":1200.0,"max":3200.0},{"current":1580.906,"min":1200.0,"max":3200.0},{"current":1242.75,"min":1200.0,"max":3200.0},{"current":1248.0,"min":1200.0,"max":3200.0},{"current":1200.468,"min":1200.0,"max":3200.0},{"current":1243.875,"min":1200.0,"max":3200.0}],"realtime_carbon_intensity":387.2968980798,"disk_write_speed":43.7587911483,"process_ids":[12849,12927]}
{"timestamp":1573520006.6892108917,"rapl_power_draw_absolute":65.7765605991,"rapl_estimated_attributable_power_draw":15.482366186,"cpu_time_seconds":{"12849":{"user":93.15,"system":6.62,"children_user":1.09,"children_system":0.19},"12927":{"user":2.2,"system":1.97,"children_user":0.18,"children_system":1.86}},"average_relative_cpu_utilization":0.2421853765,"absolute_cpu_utilization":1.0085860086,"relative_mem_usage":0.1527738241,"absolute_mem_usage":12268242944.0,"absolute_mem_percent_usage":0.0908091103,"mem_info_per_process":{"12849":{"rss":7094747136,"vms":15985020928,"shared":566587392,"text":2322432,"lib":0,"data":14388518912,"dirty":0,"uss":3828617216,"pss":5458701312,"swap":0},"12927":{"rss":3934945280,"vms":10742644736,"shared":11571200,"text":2322432,"lib":0,"data":9361272832,"dirty":0,"uss":676265984,"pss":2304658432,"swap":0}},"nvidia_draw_absolute":50.55,"nvidia_estimated_attributable_power_draw":50.55,"average_gpu_estimated_utilization_absolute":0.35,"per_gpu_average_estimated_utilization_absolute":{"(0, 12849)":{"sm":35,"mem":9,"enc":0,"dec":0}},"average_gpu_estimated_utilization_relative":1.0,"per_gpu_performance_state":{"0":"P2"},"per_gpu_power_draw":{"0":50.55},"cpu_count_adjusted_average_load":[0.14,0.1384375,0.140625],"cpu_freq":[{"current":1811.718,"min":1200.0,"max":3200.0},{"current":2400.0,"min":1200.0,"max":3200.0},{"current":1221.468,"min":1200.0,"max":3200.0},{"current":2386.593,"min":1200.0,"max":3200.0},{"current":1253.062,"min":1200.0,"max":3200.0},{"current":1200.281,"min":1200.0,"max":3200.0},{"current":1668.656,"min":1200.0,"max":3200.0},{"current":1599.937,"min":1200.0,"max":3200.0},{"current":1200.0,"min":1200.0,"max":3200.0},{"current":1899.937,"min":1200.0,"max":3200.0},{"current":3191.156,"min":1200.0,"max":3200.0},{"current":1600.218,"min":1200.0,"max":3200.0},{"current":1200.187,"min":1200.0,"max":3200.0},{"current":1200.093,"min":1200.0,"max":3200.0},{"current":1200.093,"min":1200.0,"max":3200.0},{"current":1200.093,"min":1200.0,"max":3200.0},{"current":2399.906,"min":1200.0,"max":3200.0},{"current":2399.906,"min":1200.0,"max":3200.0},{"current":1290.0,"min":1200.0,"max":3200.0},{"current":2194.031,"min":1200.0,"max":3200.0},{"current":1286.812,"min":1200.0,"max":3200.0},{"current":1204.875,"min":1200.0,"max":3200.0},{"current":1697.531,"min":1200.0,"max":3200.0},{"current":1527.375,"min":1200.0,"max":3200.0},{"current":1249.031,"min":1200.0,"max":3200.0},{"current":1905.0,"min":1200.0,"max":3200.0},{"current":3189.656,"min":1200.0,"max":3200.0},{"current":1799.437,"min":1200.0,"max":3200.0},{"current":1244.625,"min":1200.0,"max":3200.0},{"current":1227.187,"min":1200.0,"max":3200.0},{"current":1204.031,"min":1200.0,"max":3200.0},{"current":1243.875,"min":1200.0,"max":3200.0}],"realtime_carbon_intensity":387.2968980798,"disk_write_speed":43.819719059,"process_ids":[12849,12927]}
{"timestamp":1573520014.6827991009,"rapl_power_draw_absolute":66.0959966933,"rapl_estimated_attributable_power_draw":15.4494429991,"cpu_time_seconds":{"12849":{"user":100.89,"system":6.88,"children_user":1.09,"children_system":0.19},"12927":{"user":2.38,"system":2.15,"children_user":0.18,"children_system":2.04}},"average_relative_cpu_utilization":0.2404123017,"absolute_cpu_utilization":1.0036086359,"relative_mem_usage":0.1527658071,"absolute_mem_usage":12268611584.0,"absolute_mem_percent_usage":0.090811839,"mem_info_per_process":{"12849":{"rss":7094747136,"vms":15985020928,"shared":566587392,"text":2322432,"lib":0,"data":14388518912,"dirty":0,"uss":3828740096,"pss":5458762752,"swap":0},"12927":{"rss":3934945280,"vms":10742644736,"shared":11571200,"text":2322432,"lib":0,"data":9361272832,"dirty":0,"uss":676388864,"pss":2304719872,"swap":0}},"nvidia_draw_absolute":51.54,"nvidia_estimated_attributable_power_draw":51.54,"average_gpu_estimated_utilization_absolute":0.35,"per_gpu_average_estimated_utilization_absolute":{"(0, 12849)":{"sm":35,"mem":9,"enc":0,"dec":0}},"average_gpu_estimated_utilization_relative":1.0,"per_gpu_performance_state":{"0":"P2"},"per_gpu_power_draw":{"0":51.54},"cpu_count_adjusted_average_load":[0.13625,0.1375,0.1403125],"cpu_freq":[{"current":2400.0,"min":1200.0,"max":3200.0},{"current":2399.906,"min":1200.0,"max":3200.0},{"current":1384.687,"min":1200.0,"max":3200.0},{"current":1693.781,"min":1200.0,"max":3200.0},{"current":1329.0,"min":1200.0,"max":3200.0},{"current":1200.562,"min":1200.0,"max":3200.0},{"current":1399.968,"min":1200.0,"max":3200.0},{"current":1392.281,"min":1200.0,"max":3200.0},{"current":1316.437,"min":1200.0,"max":3200.0},{"current":1900.5,"min":1200.0,"max":3200.0},{"current":3155.812,"min":1200.0,"max":3200.0},{"current":1201.593,"min":1200.0,"max":3200.0},{"current":1278.281,"min":1200.0,"max":3200.0},{"current":1200.093,"min":1200.0,"max":3200.0},{"current":1200.093,"min":1200.0,"max":3200.0},{"current":1200.093,"min":1200.0,"max":3200.0},{"current":2400.0,"min":1200.0,"max":3200.0},{"current":2399.906,"min":1200.0,"max":3200.0},{"current":1594.781,"min":1200.0,"max":3200.0},{"current":1996.406,"min":1200.0,"max":3200.0},{"current":1200.0,"min":1200.0,"max":3200.0},{"current":1204.875,"min":1200.0,"max":3200.0},{"current":1399.968,"min":1200.0,"max":3200.0},{"current":1373.343,"min":1200.0,"max":3200.0},{"current":1332.468,"min":1200.0,"max":3200.0},{"current":2064.562,"min":1200.0,"max":3200.0},{"current":3200.343,"min":1200.0,"max":3200.0},{"current":1199.906,"min":1200.0,"max":3200.0},{"current":1300.5,"min":1200.0,"max":3200.0},{"current":1230.468,"min":1200.0,"max":3200.0},{"current":1203.843,"min":1200.0,"max":3200.0},{"current":1213.968,"min":1200.0,"max":3200.0}],"realtime_carbon_intensity":387.2968980798,"disk_write_speed":36.5461372662,"process_ids":[12849,12927]}
{"timestamp":1573520022.686412096,"rapl_power_draw_absolute":67.684204071,"rapl_estimated_attributable_power_draw":16.0485976849,"cpu_time_seconds":{"12849":{"user":108.64,"system":7.14,"children_user":1.09,"children_system":0.19},"12927":{"user":2.6,"system":2.33,"children_user":0.2,"children_system":2.2}},"average_relative_cpu_utilization":0.2450743946,"absolute_cpu_utilization":0.998614921,"relative_mem_usage":0.1527532043,"absolute_mem_usage":12268906496.0,"absolute_mem_percent_usage":0.0908140219,"mem_info_per_process":{"12849":{"rss":7094747136,"vms":15985020928,"shared":566587392,"text":2322432,"lib":0,"data":14388518912,"dirty":0,"uss":3828838400,"pss":5458811904,"swap":0},"12927":{"rss":3934945280,"vms":10742644736,"shared":11571200,"text":2322432,"lib":0,"data":9361272832,"dirty":0,"uss":676487168,"pss":2304769024,"swap":0}},"nvidia_draw_absolute":50.49,"nvidia_estimated_attributable_power_draw":50.49,"average_gpu_estimated_utilization_absolute":0.35,"per_gpu_average_estimated_utilization_absolute":{"(0, 12849)":{"sm":35,"mem":9,"enc":0,"dec":0}},"average_gpu_estimated_utilization_relative":1.0,"per_gpu_performance_state":{"0":"P2"},"per_gpu_power_draw":{"0":50.49},"cpu_count_adjusted_average_load":[0.131875,0.1365625,0.14],"cpu_freq":[{"current":1297.218,"min":1200.0,"max":3200.0},{"current":2274.281,"min":1200.0,"max":3200.0},{"current":1997.812,"min":1200.0,"max":3200.0},{"current":2400.0,"min":1200.0,"max":3200.0},{"current":1245.375,"min":1200.0,"max":3200.0},{"current":1230.562,"min":1200.0,"max":3200.0},{"current":2365.218,"min":1200.0,"max":3200.0},{"current":1229.062,"min":1200.0,"max":3200.0},{"current":1204.968,"min":1200.0,"max":3200.0},{"current":1296.468,"min":1200.0,"max":3200.0},{"current":3137.812,"min":1200.0,"max":3200.0},{"current":1676.437,"min":1200.0,"max":3200.0},{"current":1221.187,"min":1200.0,"max":3200.0},{"current":1242.093,"min":1200.0,"max":3200.0},{"current":1200.093,"min":1200.0,"max":3200.0},{"current":1200.0,"min":1200.0,"max":3200.0},{"current":1200.0,"min":1200.0,"max":3200.0},{"current":2400.0,"min":1200.0,"max":3200.0},{"current":1600.593,"min":1200.0,"max":3200.0},{"current":2400.0,"min":1200.0,"max":3200.0},{"current":1220.25,"min":1200.0,"max":3200.0},{"current":1208.437,"min":1200.0,"max":3200.0},{"current":2399.437,"min":1200.0,"max":3200.0},{"current":1238.906,"min":1200.0,"max":3200.0},{"current":1233.093,"min":1200.0,"max":3200.0},{"current":1277.812,"min":1200.0,"max":3200.0},{"current":3197.718,"min":1200.0,"max":3200.0},{"current":2064.468,"min":1200.0,"max":3200.0},{"current":1270.312,"min":1200.0,"max":3200.0},{"current":1278.75,"min":1200.0,"max":3200.0},{"current":1240.312,"min":1200.0,"max":3200.0},{"current":1212.281,"min":1200.0,"max":3200.0}],"realtime_carbon_intensity":387.2968980798,"disk_write_speed":31.904582243,"process_ids":[12849,12927]}
{"timestamp":1573520030.6855709553,"rapl_power_draw_absolute":65.835086248,"rapl_estimated_attributable_power_draw":15.4376737466,"cpu_time_seconds":{"12849":{"user":116.36,"system":7.42,"children_user":1.09,"children_system":0.19},"12927":{"user":2.78,"system":2.5,"children_user":0.22,"children_system":2.37}},"average_relative_cpu_utilization":0.2412297999,"absolute_cpu_utilization":0.9986042517,"relative_mem_usage":0.1527424056,"absolute_mem_usage":12269225984.0,"absolute_mem_percent_usage":0.0908163867,"mem_info_per_process":{"12849":{"rss":7094747136,"vms":15985020928,"shared":566587392,"text":2322432,"lib":0,"data":14388518912,"dirty":0,"uss":3828944896,"pss":5458865152,"swap":0},"12927":{"rss":3934945280,"vms":10742644736,"shared":11571200,"text":2322432,"lib":0,"data":9361272832,"dirty":0,"uss":676593664,"pss":2304822272,"swap":0}},"nvidia_draw_absolute":51.53,"nvidia_estimated_attributable_power_draw":51.53,"average_gpu_estimated_utilization_absolute":0.35,"per_gpu_average_estimated_utilization_absolute":{"(0, 12849)":{"sm":35,"mem":9,"enc":0,"dec":0}},"average_gpu_estimated_utilization_relative":1.0,"per_gpu_performance_state":{"0":"P2"},"per_gpu_power_draw":{"0":51.53},"cpu_count_adjusted_average_load":[0.1340625,0.136875,0.14],"cpu_freq":[{"current":2399.906,"min":1200.0,"max":3200.0},{"current":1398.75,"min":1200.0,"max":3200.0},{"current":2400.0,"min":1200.0,"max":3200.0},{"current":2399.906,"min":1200.0,"max":3200.0},{"current":1264.218,"min":1200.0,"max":3200.0},{"current":1250.25,"min":1200.0,"max":3200.0},{"current":2399.906,"min":1200.0,"max":3200.0},{"current":1201.593,"min":1200.0,"max":3200.0},{"current":1338.187,"min":1200.0,"max":3200.0},{"current":1499.906,"min":1200.0,"max":3200.0},{"current":2973.281,"min":1200.0,"max":3200.0},{"current":1870.968,"min":1200.0,"max":3200.0},{"current":1200.093,"min":1200.0,"max":3200.0},{"current":1279.687,"min":1200.0,"max":3200.0},{"current":1246.875,"min":1200.0,"max":3200.0},{"current":1200.0,"min":1200.0,"max":3200.0},{"current":1433.25,"min":1200.0,"max":3200.0},{"current":1299.937,"min":1200.0,"max":3200.0},{"current":2400.0,"min":1200.0,"max":3200.0},{"current":1783.687,"min":1200.0,"max":3200.0},{"current":1271.437,"min":1200.0,"max":3200.0},{"current":1208.437,"min":1200.0,"max":3200.0},{"current":2400.0,"min":1200.0,"max":3200.0},{"current":1200.0,"min":1200.0,"max":3200.0},{"current":1262.437,"min":1200.0,"max":3200.0},{"current":1493.156,"min":1200.0,"max":3200.0},{"current":3197.718,"min":1200.0,"max":3200.0},{"current":1717.687,"min":1200.0,"max":3200.0},{"current":1340.906,"min":1200.0,"max":3200.0},{"current":1317.843,"min":1200.0,"max":3200.0},{"current":1203.656,"min":1200.0,"max":3200.0},{"current":1204.312,"min":1200.0,"max":3200.0}],"realtime_carbon_intensity":387.2968980798,"disk_write_speed":33.2964588711,"process_ids":[12849,12927]}
{"timestamp":1573520038.7055330276,"rapl_power_draw_absolute":68.4027621423,"rapl_estimated_attributable_power_draw":15.8232938149,"cpu_time_seconds":{"12849":{"user":124.18,"system":7.62,"children_user":1.09,"children_system":0.19},"12927":{"user":2.96,"system":2.68,"children_user":0.23,"children_system":2.55}},"average_relative_cpu_utilization":0.2392055773,"absolute_cpu_utilization":0.9985714725,"relative_mem_usage":0.1527345276,"absolute_mem_usage":12269484032.0,"absolute_mem_percent_usage":0.0908182968,"mem_info_per_process":{"12849":{"rss":7094747136,"vms":15985020928,"shared":566587392,"text":2322432,"lib":0,"data":14388518912,"dirty":0,"uss":3829030912,"pss":5458908160,"swap":0},"12927":{"rss":3934945280,"vms":10742644736,"shared":11571200,"text":2322432,"lib":0,"data":9361272832,"dirty":0,"uss":676679680,"pss":2304865280,"swap":0}},"nvidia_draw_absolute":49.7,"nvidia_estimated_attributable_power_draw":49.7,"average_gpu_estimated_utilization_absolute":0.345,"per_gpu_average_estimated_utilization_absolute":{"(0, 12849)":{"sm":34.5,"mem":9.0,"enc":0.0,"dec":0.0}},"average_gpu_estimated_utilization_relative":1.0,"per_gpu_performance_state":{"0":"P2"},"per_gpu_power_draw":{"0":49.7},"cpu_count_adjusted_average_load":[0.1396875,0.138125,0.1403125],"cpu_freq":[{"current":1201.312,"min":1200.0,"max":3200.0},{"current":1296.656,"min":1200.0,"max":3200.0},{"current":2399.906,"min":1200.0,"max":3200.0},{"current":2400.0,"min":1200.0,"max":3200.0},{"current":1200.093,"min":1200.0,"max":3200.0},{"current":1282.968,"min":1200.0,"max":3200.0},{"current":1337.062,"min":1200.0,"max":3200.0},{"current":2399.906,"min":1200.0,"max":3200.0},{"current":1524.468,"min":1200.0,"max":3200.0},{"current":1273.593,"min":1200.0,"max":3200.0},{"current":3132.937,"min":1200.0,"max":3200.0},{"current":1389.375,"min":1200.0,"max":3200.0},{"current":1225.593,"min":1200.0,"max":3200.0},{"current":1203.656,"min":1200.0,"max":3200.0},{"current":1538.906,"min":1200.0,"max":3200.0},{"current":1200.093,"min":1200.0,"max":3200.0},{"current":1321.5,"min":1200.0,"max":3200.0},{"current":1395.562,"min":1200.0,"max":3200.0},{"current":2399.906,"min":1200.0,"max":3200.0},{"current":2400.0,"min":1200.0,"max":3200.0},{"current":1201.406,"min":1200.0,"max":3200.0},{"current":1295.906,"min":1200.0,"max":3200.0},{"current":1199.906,"min":1200.0,"max":3200.0},{"current":2399.906,"min":1200.0,"max":3200.0},{"current":1918.875,"min":1200.0,"max":3200.0},{"current":1219.125,"min":1200.0,"max":3200.0},{"current":3187.312,"min":1200.0,"max":3200.0},{"current":1358.625,"min":1200.0,"max":3200.0},{"current":1232.531,"min":1200.0,"max":3200.0},{"current":1254.656,"min":1200.0,"max":3200.0},{"current":1329.937,"min":1200.0,"max":3200.0},{"current":1334.531,"min":1200.0,"max":3200.0}],"realtime_carbon_intensity":387.2968980798,"disk_write_speed":31.8358379594,"process_ids":[12849,12927]}
{"timestamp":1573520046.7119109631,"rapl_power_draw_absolute":66.4218920535,"rapl_estimated_attributable_power_draw":15.9111364031,"cpu_time_seconds":{"12849":{"user":131.9,"system":7.91,"children_user":1.09,"children_system":0.19},"12927":{"user":3.14,"system":2.86,"children_user":0.24,"children_system":2.73}},"average_relative_cpu_utilization":0.2465870118,"absolute_cpu_utilization":0.9986142579,"relative_mem_usage":0.1527301655,"absolute_mem_usage":12269729792.0,"absolute_mem_percent_usage":0.0908201159,"mem_info_per_process":{"12849":{"rss":7094747136,"vms":15985020928,"shared":566587392,"text":2322432,"lib":0,"data":14388518912,"dirty":0,"uss":3829112832,"pss":5458949120,"swap":0},"12927":{"rss":3934945280,"vms":10742644736,"shared":11571200,"text":2322432,"lib":0,"data":9361272832,"dirty":0,"uss":676761600,"pss":2304906240,"swap":0}},"nvidia_draw_absolute":50.76,"nvidia_estimated_attributable_power_draw":50.76,"average_gpu_estimated_utilization_absolute":0.35,"per_gpu_average_estimated_utilization_absolute":{"(0, 12849)":{"sm":35,"mem":9,"enc":0,"dec":0}},"average_gpu_estimated_utilization_relative":1.0,"per_gpu_performance_state":{"0":"P2"},"per_gpu_power_draw":{"0":50.76},"cpu_count_adjusted_average_load":[0.141875,0.13875,0.140625],"cpu_freq":[{"current":1396.781,"min":1200.0,"max":3200.0},{"current":1433.906,"min":1200.0,"max":3200.0},{"current":1497.75,"min":1200.0,"max":3200.0},{"current":2399.906,"min":1200.0,"max":3200.0},{"current":1307.343,"min":1200.0,"max":3200.0},{"current":1201.5,"min":1200.0,"max":3200.0},{"current":1903.687,"min":1200.0,"max":3200.0},{"current":1397.062,"min":1200.0,"max":3200.0},{"current":1208.906,"min":1200.0,"max":3200.0},{"current":1697.062,"min":1200.0,"max":3200.0},{"current":3163.5,"min":1200.0,"max":3200.0},{"current":1931.718,"min":1200.0,"max":3200.0},{"current":1258.5,"min":1200.0,"max":3200.0},{"current":1200.093,"min":1200.0,"max":3200.0},{"current":1200.093,"min":1200.0,"max":3200.0},{"current":1200.187,"min":1200.0,"max":3200.0},{"current":1212.468,"min":1200.0,"max":3200.0},{"current":1998.0,"min":1200.0,"max":3200.0},{"current":2014.781,"min":1200.0,"max":3200.0},{"current":2399.906,"min":1200.0,"max":3200.0},{"current":1599.656,"min":1200.0,"max":3200.0},{"current":1217.062,"min":1200.0,"max":3200.0},{"current":1397.812,"min":1200.0,"max":3200.0},{"current":1233.562,"min":1200.0,"max":3200.0},{"current":1300.781,"min":1200.0,"max":3200.0},{"current":1400.812,"min":1200.0,"max":3200.0},{"current":3187.312,"min":1200.0,"max":3200.0},{"current":1898.062,"min":1200.0,"max":3200.0},{"current":1279.218,"min":1200.0,"max":3200.0},{"current":1293.375,"min":1200.0,"max":3200.0},{"current":1202.625,"min":1200.0,"max":3200.0},{"current":1212.843,"min":1200.0,"max":3200.0}],"realtime_carbon_intensity":387.2968980798,"disk_write_speed":29.1559295878,"process_ids":[12849,12927]}
