{"timestamp":1572411476.9754090309,"rapl_power_draw_absolute":88.9130890047,"rapl_estimated_attributable_power_draw":19.3350947584,"cpu_time_seconds":{"5600":{"user":9.65,"system":3.17,"children_user":1.04,"children_system":0.24},"5674":{"user":0.0,"system":0.04,"children_user":0.0,"children_system":0.06}},"average_relative_cpu_utilization":0.2249589991,"absolute_cpu_utilization":0.9987484199,"relative_mem_usage":0.1539735557,"absolute_mem_usage":3722140672.0,"absolute_mem_percent_usage":0.0275512101,"mem_info_per_process":{"5600":{"rss":3646181376,"vms":11644375040,"shared":564506624,"text":2322432,"lib":0,"data":9916571648,"dirty":0,"uss":127434752,"pss":1828953088,"swap":0},"5674":{"rss":3255803904,"vms":11644375040,"shared":173973504,"text":2322432,"lib":0,"data":9916571648,"dirty":0,"uss":94224384,"pss":1671528448,"swap":0}},"nvidia_draw_absolute":130.9,"nvidia_estimated_attributable_power_draw":130.9,"average_gpu_estimated_utilization_absolute":0.98,"per_gpu_average_estimated_utilization_absolute":{"(0, 5600)":{"sm":98,"mem":54,"enc":0,"dec":0}},"average_gpu_estimated_utilization_relative":1.0,"per_gpu_performance_state":{"0":"P2"},"per_gpu_power_draw":{"0":130.9},"cpu_count_adjusted_average_load":[0.173125,0.1659375,0.16],"realtime_carbon_intensity":337.461173778,"disk_write_speed":37.5534374708,"process_ids":[5600,5674]}
{"timestamp":1572411485.1384420395,"rapl_power_draw_absolute":89.0965060935,"rapl_estimated_attributable_power_draw":19.180016108,"cpu_time_seconds":{"5600":{"user":17.79,"system":3.19,"children_user":1.04,"children_system":0.24},"5674":{"user":0.15,"system":0.3,"children_user":0.01,"children_system":0.24}},"average_relative_cpu_utilization":0.2224588258,"absolute_cpu_utilization":0.9987544119,"relative_mem_usage":0.1551912829,"absolute_mem_usage":3753308160.0,"absolute_mem_percent_usage":0.0277819112,"mem_info_per_process":{"5600":{"rss":3646181376,"vms":11644375040,"shared":564506624,"text":2322432,"lib":0,"data":9916571648,"dirty":0,"uss":137560064,"pss":1833812992,"swap":0},"5674":{"rss":3262824448,"vms":11644375040,"shared":180981760,"text":2322432,"lib":0,"data":9916571648,"dirty":0,"uss":104058880,"pss":1677876224,"swap":0}},"nvidia_draw_absolute":133.68,"nvidia_estimated_attributable_power_draw":133.68,"average_gpu_estimated_utilization_absolute":0.99,"per_gpu_average_estimated_utilization_absolute":{"(0, 5600)":{"sm":99,"mem":55,"enc":0,"dec":0}},"average_gpu_estimated_utilization_relative":1.0,"per_gpu_performance_state":{"0":"P2"},"per_gpu_power_draw":{"0":133.68},"cpu_count_adjusted_average_load":[0.165625,0.164375,0.1596875],"realtime_carbon_intensity":337.461173778,"disk_write_speed":23.7000025427,"process_ids":[5600,5674]}
{"timestamp":1572411493.2407259941,"rapl_power_draw_absolute":88.9289918034,"rapl_estimated_attributable_power_draw":19.1793889376,"cpu_time_seconds":{"5600":{"user":25.83,"system":3.25,"children_user":1.04,"children_system":0.24},"5674":{"user":0.25,"system":0.57,"children_user":0.02,"children_system":0.44}},"average_relative_cpu_utilization":0.2232046433,"absolute_cpu_utilization":0.9987836169,"relative_mem_usage":0.1552720206,"absolute_mem_usage":3755180032.0,"absolute_mem_percent_usage":0.0277957668,"mem_info_per_process":{"5600":{"rss":3646312448,"vms":11644375040,"shared":564506624,"text":2322432,"lib":0,"data":9916571648,"dirty":0,"uss":138444800,"pss":1834320896,"swap":0},"5674":{"rss":3262824448,"vms":11644375040,"shared":180981760,"text":2322432,"lib":0,"data":9916571648,"dirty":0,"uss":104378368,"pss":1678035968,"swap":0}},"nvidia_draw_absolute":134.54,"nvidia_estimated_attributable_power_draw":134.54,"average_gpu_estimated_utilization_absolute":0.99,"per_gpu_average_estimated_utilization_absolute":{"(0, 5600)":{"sm":99,"mem":55,"enc":0,"dec":0}},"average_gpu_estimated_utilization_relative":1.0,"per_gpu_performance_state":{"0":"P2"},"per_gpu_power_draw":{"0":134.54},"cpu_count_adjusted_average_load":[0.1665625,0.1646875,0.1596875],"realtime_carbon_intensity":337.461173778,"disk_write_speed":25.5568037797,"process_ids":[5600,5674]}
{"timestamp":1572411501.3702120781,"rapl_power_draw_absolute":88.8636288104,"rapl_estimated_attributable_power_draw":19.0215948096,"cpu_time_seconds":{"5600":{"user":33.88,"system":3.34,"children_user":1.04,"children_system":0.24},"5674":{"user":0.35,"system":0.84,"children_user":0.03,"children_system":0.65}},"average_relative_cpu_utilization":0.2212278465,"absolute_cpu_utilization":0.9987820431,"relative_mem_usage":0.1552786185,"absolute_mem_usage":3755700224.0,"absolute_mem_percent_usage":0.0277996172,"mem_info_per_process":{"5600":{"rss":3646439424,"vms":11644375040,"shared":564506624,"text":2322432,"lib":0,"data":9916571648,"dirty":0,"uss":138747904,"pss":1834535936,"swap":0},"5674":{"rss":3262824448,"vms":11644375040,"shared":180981760,"text":2322432,"lib":0,"data":9916571648,"dirty":0,"uss":104382464,"pss":1678033920,"swap":0}},"nvidia_draw_absolute":135.59,"nvidia_estimated_attributable_power_draw":135.59,"average_gpu_estimated_utilization_absolute":0.99,"per_gpu_average_estimated_utilization_absolute":{"(0, 5600)":{"sm":99,"mem":55,"enc":0,"dec":0}},"average_gpu_estimated_utilization_relative":1.0,"per_gpu_performance_state":{"0":"P2"},"per_gpu_power_draw":{"0":135.59},"cpu_count_adjusted_average_load":[0.163125,0.1640625,0.1596875],"realtime_carbon_intensity":337.461173778,"disk_write_speed":48.9264262408,"process_ids":[5600,5674]}
{"timestamp":1572411509.4859440327,"rapl_power_draw_absolute":88.9767638713,"rapl_estimated_attributable_power_draw":18.979493816,"cpu_time_seconds":{"5600":{"user":41.91,"system":3.42,"children_user":1.04,"children_system":0.24},"5674":{"user":0.49,"system":1.13,"children_user":0.03,"children_system":0.86}},"average_relative_cpu_utilization":0.220254614,"absolute_cpu_utilization":0.9995877208,"relative_mem_usage":0.15531057,"absolute_mem_usage":3755913216.0,"absolute_mem_percent_usage":0.0278011938,"mem_info_per_process":{"5600":{"rss":3646521344,"vms":11644375040,"shared":564506624,"text":2322432,"lib":0,"data":9916571648,"dirty":0,"uss":138850304,"pss":1834636288,"swap":0},"5674":{"rss":3262824448,"vms":11644375040,"shared":180981760,"text":2322432,"lib":0,"data":9916571648,"dirty":0,"uss":104386560,"pss":1678040064,"swap":0}},"nvidia_draw_absolute":136.46,"nvidia_estimated_attributable_power_draw":136.46,"average_gpu_estimated_utilization_absolute":0.99,"per_gpu_average_estimated_utilization_absolute":{"(0, 5600)":{"sm":99,"mem":55,"enc":0,"dec":0}},"average_gpu_estimated_utilization_relative":1.0,"per_gpu_performance_state":{"0":"P2"},"per_gpu_power_draw":{"0":136.46},"cpu_count_adjusted_average_load":[0.1596875,0.163125,0.159375],"realtime_carbon_intensity":337.461173778,"disk_write_speed":30.2264244364,"process_ids":[5600,5674]}
{"timestamp":1572411517.6464860439,"rapl_power_draw_absolute":89.1106837374,"rapl_estimated_attributable_power_draw":19.3004741416,"cpu_time_seconds":{"5600":{"user":49.99,"system":3.51,"children_user":1.04,"children_system":0.24},"5674":{"user":0.61,"system":1.4,"children_user":0.05,"children_system":1.04}},"average_relative_cpu_utilization":0.223937561,"absolute_cpu_utilization":1.0087683164,"relative_mem_usage":0.155310894,"absolute_mem_usage":3755925504.0,"absolute_mem_percent_usage":0.0278012847,"mem_info_per_process":{"5600":{"rss":3646541824,"vms":11644375040,"shared":564506624,"text":2322432,"lib":0,"data":9916571648,"dirty":0,"uss":138854400,"pss":1834638336,"swap":0},"5674":{"rss":3262824448,"vms":11644375040,"shared":180981760,"text":2322432,"lib":0,"data":9916571648,"dirty":0,"uss":104390656,"pss":1678042112,"swap":0}},"nvidia_draw_absolute":136.7,"nvidia_estimated_attributable_power_draw":136.7,"average_gpu_estimated_utilization_absolute":0.99,"per_gpu_average_estimated_utilization_absolute":{"(0, 5600)":{"sm":99,"mem":55,"enc":0,"dec":0}},"average_gpu_estimated_utilization_relative":1.0,"per_gpu_performance_state":{"0":"P2"},"per_gpu_power_draw":{"0":136.7},"cpu_count_adjusted_average_load":[0.156875,0.1625,0.1590625],"realtime_carbon_intensity":337.461173778,"disk_write_speed":25.4648280938,"process_ids":[5600,5674]}
