{"timestamp":1572412128.9414150715,"rapl_power_draw_absolute":75.7746681176,"rapl_estimated_attributable_power_draw":16.8080595751,"cpu_time_seconds":{"26451":{"user":0.01,"system":0.03,"children_user":0.0,"children_system":0.05},"26380":{"user":11.4,"system":3.06,"children_user":0.13,"children_system":0.27}},"average_relative_cpu_utilization":0.2220930734,"absolute_cpu_utilization":0.9936425412,"relative_mem_usage":0.2186889692,"absolute_mem_usage":3473863680.0,"absolute_mem_percent_usage":0.0257134189,"mem_info_per_process":{"26451":{"rss":3257757696,"vms":11983380480,"shared":173875200,"text":2322432,"lib":0,"data":10255577088,"dirty":0,"uss":18403328,"pss":1634536448,"swap":0},"26380":{"rss":3649908736,"vms":11983380480,"shared":566185984,"text":2322432,"lib":0,"data":10255577088,"dirty":0,"uss":37801984,"pss":1783121920,"swap":0}},"nvidia_draw_absolute":154.14,"nvidia_estimated_attributable_power_draw":154.14,"average_gpu_estimated_utilization_absolute":0.985,"per_gpu_average_estimated_utilization_absolute":{"(0, 26380)":{"sm":98.5,"mem":69.0,"enc":0.0,"dec":0.0}},"average_gpu_estimated_utilization_relative":1.0,"per_gpu_performance_state":{"0":"P2"},"per_gpu_power_draw":{"0":154.14},"cpu_count_adjusted_average_load":[0.17875,0.1725,0.1659375],"realtime_carbon_intensity":336.704610597,"disk_write_speed":27.1504606126,"process_ids":[26451,26380]}
{"timestamp":1572412137.2544159889,"rapl_power_draw_absolute":78.2612054315,"rapl_estimated_attributable_power_draw":17.7486305228,"cpu_time_seconds":{"26451":{"user":0.18,"system":0.36,"children_user":0.02,"children_system":0.3},"26380":{"user":18.23,"system":4.56,"children_user":0.13,"children_system":0.27}},"average_relative_cpu_utilization":0.2273686236,"absolute_cpu_utilization":1.0035926976,"relative_mem_usage":0.2207554322,"absolute_mem_usage":3507457024.0,"absolute_mem_percent_usage":0.0259620757,"mem_info_per_process":{"26451":{"rss":3264409600,"vms":11983380480,"shared":180514816,"text":2322432,"lib":0,"data":10255577088,"dirty":0,"uss":30781440,"pss":1641990144,"swap":0},"26380":{"rss":3649908736,"vms":11983380480,"shared":566185984,"text":2322432,"lib":0,"data":10255577088,"dirty":0,"uss":47022080,"pss":1787663360,"swap":0}},"nvidia_draw_absolute":156.58,"nvidia_estimated_attributable_power_draw":156.58,"average_gpu_estimated_utilization_absolute":0.99,"per_gpu_average_estimated_utilization_absolute":{"(0, 26380)":{"sm":99,"mem":69,"enc":0,"dec":0}},"average_gpu_estimated_utilization_relative":1.0,"per_gpu_performance_state":{"0":"P2"},"per_gpu_power_draw":{"0":156.58},"cpu_count_adjusted_average_load":[0.1846875,0.1740625,0.1665625],"realtime_carbon_intensity":336.704610597,"disk_write_speed":27.441667317,"process_ids":[26451,26380]}
{"timestamp":1572412145.509057045,"rapl_power_draw_absolute":77.6037057744,"rapl_estimated_attributable_power_draw":17.295305978,"cpu_time_seconds":{"26451":{"user":0.33,"system":0.68,"children_user":0.04,"children_system":0.58},"26380":{"user":24.82,"system":6.23,"children_user":0.13,"children_system":0.27}},"average_relative_cpu_utilization":0.2230742412,"absolute_cpu_utilization":1.0036125431,"relative_mem_usage":0.2207474837,"absolute_mem_usage":3508216832.0,"absolute_mem_percent_usage":0.0259676998,"mem_info_per_process":{"26451":{"rss":3264409600,"vms":11983380480,"shared":180514816,"text":2322432,"lib":0,"data":10255577088,"dirty":0,"uss":31195136,"pss":1642201088,"swap":0},"26380":{"rss":3649908736,"vms":11983380480,"shared":566185984,"text":2322432,"lib":0,"data":10255577088,"dirty":0,"uss":47112192,"pss":1787708416,"swap":0}},"nvidia_draw_absolute":156.75,"nvidia_estimated_attributable_power_draw":156.75,"average_gpu_estimated_utilization_absolute":0.99,"per_gpu_average_estimated_utilization_absolute":{"(0, 26380)":{"sm":99,"mem":69,"enc":0,"dec":0}},"average_gpu_estimated_utilization_relative":1.0,"per_gpu_performance_state":{"0":"P2"},"per_gpu_power_draw":{"0":156.75},"cpu_count_adjusted_average_load":[0.180625,0.1734375,0.16625],"realtime_carbon_intensity":336.704610597,"disk_write_speed":34.9723995992,"process_ids":[26451,26380]}
{"timestamp":1572412153.782255888,"rapl_power_draw_absolute":77.4980660142,"rapl_estimated_attributable_power_draw":17.3759067616,"cpu_time_seconds":{"26451":{"user":0.48,"system":0.99,"children_user":0.05,"children_system":0.87},"26380":{"user":31.47,"system":7.85,"children_user":0.13,"children_system":0.27}},"average_relative_cpu_utilization":0.2245647042,"absolute_cpu_utilization":1.0035558966,"relative_mem_usage":0.2206814724,"absolute_mem_usage":3508219904.0,"absolute_mem_percent_usage":0.0259677225,"mem_info_per_process":{"26451":{"rss":3264409600,"vms":11983380480,"shared":180514816,"text":2322432,"lib":0,"data":10255577088,"dirty":0,"uss":31199232,"pss":1642305536,"swap":0},"26380":{"rss":3649908736,"vms":11983380480,"shared":566185984,"text":2322432,"lib":0,"data":10255577088,"dirty":0,"uss":47116288,"pss":1787598848,"swap":0}},"nvidia_draw_absolute":160.59,"nvidia_estimated_attributable_power_draw":160.59,"average_gpu_estimated_utilization_absolute":0.985,"per_gpu_average_estimated_utilization_absolute":{"(0, 26380)":{"sm":98.5,"mem":69.0,"enc":0.0,"dec":0.0}},"average_gpu_estimated_utilization_relative":1.0,"per_gpu_performance_state":{"0":"P2"},"per_gpu_power_draw":{"0":160.59},"cpu_count_adjusted_average_load":[0.17625,0.1725,0.16625],"realtime_carbon_intensity":336.704610597,"disk_write_speed":39.1746461088,"process_ids":[26451,26380]}
{"timestamp":1572412162.0674600601,"rapl_power_draw_absolute":76.1534702647,"rapl_estimated_attributable_power_draw":18.309528749,"cpu_time_seconds":{"26451":{"user":0.68,"system":1.33,"children_user":0.08,"children_system":1.15},"26380":{"user":37.94,"system":9.67,"children_user":0.13,"children_system":0.27}},"average_relative_cpu_utilization":0.2356178239,"absolute_cpu_utilization":1.0035357174,"relative_mem_usage":0.2877226552,"absolute_mem_usage":3588913152.0,"absolute_mem_percent_usage":0.0265650111,"mem_info_per_process":{"26451":{"rss":3264409600,"vms":11983380480,"shared":180514816,"text":2322432,"lib":0,"data":10255577088,"dirty":0,"uss":31436800,"pss":1643727872,"swap":0},"26380":{"rss":3649908736,"vms":11983380480,"shared":566185984,"text":2322432,"lib":0,"data":10255577088,"dirty":0,"uss":63139840,"pss":1850608640,"swap":0}},"nvidia_draw_absolute":160.24,"nvidia_estimated_attributable_power_draw":160.24,"average_gpu_estimated_utilization_absolute":0.99,"per_gpu_average_estimated_utilization_absolute":{"(0, 26380)":{"sm":99.0,"mem":68.5,"enc":0.0,"dec":0.0}},"average_gpu_estimated_utilization_relative":1.0,"per_gpu_performance_state":{"0":"P2"},"per_gpu_power_draw":{"0":160.24},"cpu_count_adjusted_average_load":[0.175625,0.1725,0.16625],"realtime_carbon_intensity":336.704610597,"disk_write_speed":23.7650972836,"process_ids":[26451,26380]}
{"timestamp":1572412170.3518369198,"rapl_power_draw_absolute":72.4138358489,"rapl_estimated_attributable_power_draw":18.6424342965,"cpu_time_seconds":{"26451":{"user":0.82,"system":1.65,"children_user":0.09,"children_system":1.42},"26380":{"user":44.53,"system":11.36,"children_user":0.13,"children_system":0.27}},"average_relative_cpu_utilization":0.254415116,"absolute_cpu_utilization":1.0035964087,"relative_mem_usage":0.2863187494,"absolute_mem_usage":3588896768.0,"absolute_mem_percent_usage":0.0265648899,"mem_info_per_process":{"26451":{"rss":3264409600,"vms":11983380480,"shared":180514816,"text":2322432,"lib":0,"data":10255577088,"dirty":0,"uss":31440896,"pss":1643497472,"swap":0},"26380":{"rss":3649908736,"vms":11983380480,"shared":566185984,"text":2322432,"lib":0,"data":10255577088,"dirty":0,"uss":63143936,"pss":1850814464,"swap":0}},"nvidia_draw_absolute":161.78,"nvidia_estimated_attributable_power_draw":161.78,"average_gpu_estimated_utilization_absolute":0.99,"per_gpu_average_estimated_utilization_absolute":{"(0, 26380)":{"sm":99,"mem":69,"enc":0,"dec":0}},"average_gpu_estimated_utilization_relative":1.0,"per_gpu_performance_state":{"0":"P2"},"per_gpu_power_draw":{"0":161.78},"cpu_count_adjusted_average_load":[0.1725,0.1721875,0.1659375],"realtime_carbon_intensity":336.704610597,"disk_write_speed":23.5680404797,"process_ids":[26451,26380]}
{"timestamp":1572412178.6755120754,"rapl_power_draw_absolute":75.2799943945,"rapl_estimated_attributable_power_draw":14.8812724675,"cpu_time_seconds":{"26451":{"user":1.0,"system":1.99,"children_user":0.11,"children_system":1.72},"26380":{"user":51.39,"system":12.82,"children_user":0.13,"children_system":0.27}},"average_relative_cpu_utilization":0.1922984045,"absolute_cpu_utilization":0.9987229197,"relative_mem_usage":0.2505555036,"absolute_mem_usage":3536977920.0,"absolute_mem_percent_usage":0.0261805883,"mem_info_per_process":{"26451":{"rss":3264409600,"vms":11983380480,"shared":180514816,"text":2322432,"lib":0,"data":10255577088,"dirty":0,"uss":31444992,"pss":1642847232,"swap":0},"26380":{"rss":3649908736,"vms":11983380480,"shared":566185984,"text":2322432,"lib":0,"data":10255577088,"dirty":0,"uss":51507200,"pss":1811178496,"swap":0}},"nvidia_draw_absolute":158.86,"nvidia_estimated_attributable_power_draw":158.86,"average_gpu_estimated_utilization_absolute":0.985,"per_gpu_average_estimated_utilization_absolute":{"(0, 26380)":{"sm":98.5,"mem":68.5,"enc":0.0,"dec":0.0}},"average_gpu_estimated_utilization_relative":1.0,"per_gpu_performance_state":{"0":"P2"},"per_gpu_power_draw":{"0":158.86},"cpu_count_adjusted_average_load":[0.17125,0.171875,0.1659375],"realtime_carbon_intensity":336.704610597,"disk_write_speed":31.325205104,"process_ids":[26451,26380]}
{"timestamp":1572412186.9241979122,"rapl_power_draw_absolute":75.3628033864,"rapl_estimated_attributable_power_draw":17.2273833141,"cpu_time_seconds":{"26451":{"user":1.19,"system":2.3,"children_user":0.13,"children_system":1.99},"26380":{"user":58.02,"system":14.44,"children_user":0.13,"children_system":0.27}},"average_relative_cpu_utilization":0.2293598241,"absolute_cpu_utilization":0.9985952915,"relative_mem_usage":0.2211216455,"absolute_mem_usage":3493447680.0,"absolute_mem_percent_usage":0.025858379,"mem_info_per_process":{"26451":{"rss":3264409600,"vms":11983380480,"shared":180514816,"text":2322432,"lib":0,"data":10255577088,"dirty":0,"uss":31449088,"pss":1642604544,"swap":0},"26380":{"rss":3649908736,"vms":11983380480,"shared":566185984,"text":2322432,"lib":0,"data":10255577088,"dirty":0,"uss":39804928,"pss":1779589120,"swap":0}},"nvidia_draw_absolute":164.07,"nvidia_estimated_attributable_power_draw":164.07,"average_gpu_estimated_utilization_absolute":0.985,"per_gpu_average_estimated_utilization_absolute":{"(0, 26380)":{"sm":98.5,"mem":69.0,"enc":0.0,"dec":0.0}},"average_gpu_estimated_utilization_relative":1.0,"per_gpu_performance_state":{"0":"P2"},"per_gpu_power_draw":{"0":164.07},"cpu_count_adjusted_average_load":[0.1665625,0.170625,0.165625],"realtime_carbon_intensity":336.704610597,"disk_write_speed":32.6567778581,"process_ids":[26451,26380]}
{"timestamp":1572412195.2382819653,"rapl_power_draw_absolute":77.5911171645,"rapl_estimated_attributable_power_draw":17.1723175339,"cpu_time_seconds":{"26451":{"user":1.39,"system":2.64,"children_user":0.14,"children_system":2.31},"26380":{"user":64.75,"system":16.04,"children_user":0.13,"children_system":0.27}},"average_relative_cpu_utilization":0.221349756,"absolute_cpu_utilization":1.0036119681,"relative_mem_usage":0.220994943,"absolute_mem_usage":3492625408.0,"absolute_mem_percent_usage":0.0258522926,"mem_info_per_process":{"26451":{"rss":3264409600,"vms":11983380480,"shared":180514816,"text":2322432,"lib":0,"data":10255577088,"dirty":0,"uss":31182848,"pss":1642203136,"swap":0},"26380":{"rss":3649908736,"vms":11983380480,"shared":566185984,"text":2322432,"lib":0,"data":10255577088,"dirty":0,"uss":39809024,"pss":1779430400,"swap":0}},"nvidia_draw_absolute":164.79,"nvidia_estimated_attributable_power_draw":164.79,"average_gpu_estimated_utilization_absolute":0.99,"per_gpu_average_estimated_utilization_absolute":{"(0, 26380)":{"sm":99,"mem":69,"enc":0,"dec":0}},"average_gpu_estimated_utilization_relative":1.0,"per_gpu_performance_state":{"0":"P2"},"per_gpu_power_draw":{"0":164.79},"cpu_count_adjusted_average_load":[0.17,0.17125,0.1659375],"realtime_carbon_intensity":336.704610597,"disk_write_speed":29.9910905602,"process_ids":[26451,26380]}
{"timestamp":1572412203.5359261036,"rapl_power_draw_absolute":77.9842686466,"rapl_estimated_attributable_power_draw":17.1462519031,"cpu_time_seconds":{"26451":{"user":1.57,"system":2.94,"children_user":0.15,"children_system":2.59},"26380":{"user":71.48,"system":17.6,"children_user":0.13,"children_system":0.27}},"average_relative_cpu_utilization":0.2197651416,"absolute_cpu_utilization":0.9986182162,"relative_mem_usage":0.2209270948,"absolute_mem_usage":3492633600.0,"absolute_mem_percent_usage":0.0258523532,"mem_info_per_process":{"26451":{"rss":3264409600,"vms":11983380480,"shared":180514816,"text":2322432,"lib":0,"data":10255577088,"dirty":0,"uss":31186944,"pss":1642201088,"swap":0},"26380":{"rss":3649908736,"vms":11983380480,"shared":566185984,"text":2322432,"lib":0,"data":10255577088,"dirty":0,"uss":39813120,"pss":1779432448,"swap":0}},"nvidia_draw_absolute":165.68,"nvidia_estimated_attributable_power_draw":165.68,"average_gpu_estimated_utilization_absolute":0.99,"per_gpu_average_estimated_utilization_absolute":{"(0, 26380)":{"sm":99,"mem":69,"enc":0,"dec":0}},"average_gpu_estimated_utilization_relative":1.0,"per_gpu_performance_state":{"0":"P2"},"per_gpu_power_draw":{"0":165.68},"cpu_count_adjusted_average_load":[0.17125,0.1715625,0.1659375],"realtime_carbon_intensity":336.704610597,"disk_write_speed":23.5265636262,"process_ids":[26451,26380]}
{"timestamp":1572412211.8408670425,"rapl_power_draw_absolute":77.7215745548,"rapl_estimated_attributable_power_draw":17.2442223457,"cpu_time_seconds":{"26451":{"user":1.74,"system":3.28,"children_user":0.17,"children_system":2.88},"26380":{"user":78.18,"system":19.21,"children_user":0.13,"children_system":0.27}},"average_relative_cpu_utilization":0.2219649424,"absolute_cpu_utilization":0.9985049661,"relative_mem_usage":0.2209203708,"absolute_mem_usage":3492637696.0,"absolute_mem_percent_usage":0.0258523835,"mem_info_per_process":{"26451":{"rss":3264409600,"vms":11983380480,"shared":180514816,"text":2322432,"lib":0,"data":10255577088,"dirty":0,"uss":31186944,"pss":1642205184,"swap":0},"26380":{"rss":3649908736,"vms":11983380480,"shared":566185984,"text":2322432,"lib":0,"data":10255577088,"dirty":0,"uss":39813120,"pss":1779432448,"swap":0}},"nvidia_draw_absolute":165.5,"nvidia_estimated_attributable_power_draw":165.5,"average_gpu_estimated_utilization_absolute":0.985,"per_gpu_average_estimated_utilization_absolute":{"(0, 26380)":{"sm":98.5,"mem":69.0,"enc":0.0,"dec":0.0}},"average_gpu_estimated_utilization_relative":1.0,"per_gpu_performance_state":{"0":"P2"},"per_gpu_power_draw":{"0":165.5},"cpu_count_adjusted_average_load":[0.17625,0.1725,0.1665625],"realtime_carbon_intensity":336.704610597,"disk_write_speed":29.9396966559,"process_ids":[26451,26380]}
{"timestamp":1572412220.0945470333,"rapl_power_draw_absolute":77.9896297012,"rapl_estimated_attributable_power_draw":17.225578217,"cpu_time_seconds":{"26451":{"user":1.89,"system":3.58,"children_user":0.19,"children_system":3.16},"26380":{"user":84.89,"system":20.76,"children_user":0.13,"children_system":0.27}},"average_relative_cpu_utilization":0.2208666105,"absolute_cpu_utilization":1.0035784398,"relative_mem_usage":0.2209061528,"absolute_mem_usage":3492649984.0,"absolute_mem_percent_usage":0.0258524745,"mem_info_per_process":{"26451":{"rss":3264409600,"vms":11983380480,"shared":180514816,"text":2322432,"lib":0,"data":10255577088,"dirty":0,"uss":31191040,"pss":1642207232,"swap":0},"26380":{"rss":3649908736,"vms":11983380480,"shared":566185984,"text":2322432,"lib":0,"data":10255577088,"dirty":0,"uss":39817216,"pss":1779434496,"swap":0}},"nvidia_draw_absolute":167.94,"nvidia_estimated_attributable_power_draw":167.94,"average_gpu_estimated_utilization_absolute":0.985,"per_gpu_average_estimated_utilization_absolute":{"(0, 26380)":{"sm":98.5,"mem":69.0,"enc":0.0,"dec":0.0}},"average_gpu_estimated_utilization_relative":1.0,"per_gpu_performance_state":{"0":"P2"},"per_gpu_power_draw":{"0":167.94},"cpu_count_adjusted_average_load":[0.173125,0.1721875,0.16625],"realtime_carbon_intensity":336.704610597,"disk_write_speed":15.1353280459,"process_ids":[26451,26380]}
{"timestamp":1572412228.3865859509,"rapl_power_draw_absolute":77.0057073242,"rapl_estimated_attributable_power_draw":16.940750682,"cpu_time_seconds":{"26451":{"user":2.02,"system":3.9,"children_user":0.2,"children_system":3.45},"26380":{"user":91.54,"system":22.4,"children_user":0.13,"children_system":0.27}},"average_relative_cpu_utilization":0.2199014038,"absolute_cpu_utilization":1.0035990241,"relative_mem_usage":0.2209289989,"absolute_mem_usage":3492674560.0,"absolute_mem_percent_usage":0.0258526564,"mem_info_per_process":{"26451":{"rss":3264409600,"vms":11983380480,"shared":180514816,"text":2322432,"lib":0,"data":10255577088,"dirty":0,"uss":31199232,"pss":1642211328,"swap":0},"26380":{"rss":3649908736,"vms":11983380480,"shared":566185984,"text":2322432,"lib":0,"data":10255577088,"dirty":0,"uss":39825408,"pss":1779438592,"swap":0}},"nvidia_draw_absolute":167.31,"nvidia_estimated_attributable_power_draw":167.31,"average_gpu_estimated_utilization_absolute":0.99,"per_gpu_average_estimated_utilization_absolute":{"(0, 26380)":{"sm":99,"mem":69,"enc":0,"dec":0}},"average_gpu_estimated_utilization_relative":1.0,"per_gpu_performance_state":{"0":"P2"},"per_gpu_power_draw":{"0":167.31},"cpu_count_adjusted_average_load":[0.1690625,0.17125,0.16625],"realtime_carbon_intensity":336.704610597,"disk_write_speed":33.1770875162,"process_ids":[26451,26380]}
{"timestamp":1572412236.6370630264,"rapl_power_draw_absolute":77.0742563196,"rapl_estimated_attributable_power_draw":16.9051706104,"cpu_time_seconds":{"26451":{"user":2.16,"system":4.22,"children_user":0.22,"children_system":3.73},"26380":{"user":98.09,"system":24.11,"children_user":0.13,"children_system":0.27}},"average_relative_cpu_utilization":0.2191823982,"absolute_cpu_utilization":1.0036374841,"relative_mem_usage":0.2209106953,"absolute_mem_usage":3492668416.0,"absolute_mem_percent_usage":0.0258526109,"mem_info_per_process":{"26451":{"rss":3264409600,"vms":11983380480,"shared":180514816,"text":2322432,"lib":0,"data":10255577088,"dirty":0,"uss":31199232,"pss":1642205184,"swap":0},"26380":{"rss":3649908736,"vms":11983380480,"shared":566185984,"text":2322432,"lib":0,"data":10255577088,"dirty":0,"uss":39825408,"pss":1779438592,"swap":0}},"nvidia_draw_absolute":167.22,"nvidia_estimated_attributable_power_draw":167.22,"average_gpu_estimated_utilization_absolute":0.99,"per_gpu_average_estimated_utilization_absolute":{"(0, 26380)":{"sm":99,"mem":69,"enc":0,"dec":0}},"average_gpu_estimated_utilization_relative":1.0,"per_gpu_performance_state":{"0":"P2"},"per_gpu_power_draw":{"0":167.22},"cpu_count_adjusted_average_load":[0.174375,0.1721875,0.1665625],"realtime_carbon_intensity":336.704610597,"disk_write_speed":27.9957833601,"process_ids":[26451,26380]}
{"timestamp":1572412244.9641399384,"rapl_power_draw_absolute":77.4348338786,"rapl_estimated_attributable_power_draw":17.1206963446,"cpu_time_seconds":{"26451":{"user":2.31,"system":4.58,"children_user":0.24,"children_system":4.0},"26380":{"user":104.74,"system":25.79,"children_user":0.13,"children_system":0.27}},"average_relative_cpu_utilization":0.2211139162,"absolute_cpu_utilization":1.0036217465,"relative_mem_usage":0.2209371635,"absolute_mem_usage":3492695040.0,"absolute_mem_percent_usage":0.025852808,"mem_info_per_process":{"26451":{"rss":3264409600,"vms":11983380480,"shared":180514816,"text":2322432,"lib":0,"data":10255577088,"dirty":0,"uss":31207424,"pss":1642211328,"swap":0},"26380":{"rss":3649908736,"vms":11983380480,"shared":566185984,"text":2322432,"lib":0,"data":10255577088,"dirty":0,"uss":39833600,"pss":1779442688,"swap":0}},"nvidia_draw_absolute":169.74,"nvidia_estimated_attributable_power_draw":169.74,"average_gpu_estimated_utilization_absolute":0.985,"per_gpu_average_estimated_utilization_absolute":{"(0, 26380)":{"sm":98.5,"mem":69.0,"enc":0.0,"dec":0.0}},"average_gpu_estimated_utilization_relative":1.0,"per_gpu_performance_state":{"0":"P2"},"per_gpu_power_draw":{"0":169.74},"cpu_count_adjusted_average_load":[0.171875,0.171875,0.1665625],"realtime_carbon_intensity":336.704610597,"disk_write_speed":0.8221766972,"process_ids":[26451,26380]}
{"timestamp":1572412255.3745529652,"rapl_power_draw_absolute":70.4877457837,"rapl_estimated_attributable_power_draw":20.5075513384,"cpu_time_seconds":{"26451":{"user":2.39,"system":4.86,"children_user":0.27,"children_system":4.28},"26380":{"user":113.16,"system":27.78,"children_user":0.13,"children_system":0.27}},"average_relative_cpu_utilization":0.2915269036,"absolute_cpu_utilization":0.9986029775,"relative_mem_usage":0.2855262976,"absolute_mem_usage":3553872896.0,"absolute_mem_percent_usage":0.0263056444,"mem_info_per_process":{"26451":{"rss":3264409600,"vms":11983380480,"shared":180514816,"text":2322432,"lib":0,"data":10255577088,"dirty":0,"uss":31211520,"pss":1643542528,"swap":0},"26380":{"rss":3649908736,"vms":11983380480,"shared":566185984,"text":2322432,"lib":0,"data":10255577088,"dirty":0,"uss":39903232,"pss":1839215616,"swap":0}},"nvidia_draw_absolute":169.88,"nvidia_estimated_attributable_power_draw":169.88,"average_gpu_estimated_utilization_absolute":0.99,"per_gpu_average_estimated_utilization_absolute":{"(0, 26380)":{"sm":99,"mem":69,"enc":0,"dec":0}},"average_gpu_estimated_utilization_relative":1.0,"per_gpu_performance_state":{"0":"P2"},"per_gpu_power_draw":{"0":169.88},"cpu_count_adjusted_average_load":[0.1621875,0.1696875,0.1659375],"realtime_carbon_intensity":336.704610597,"disk_write_speed":27.1358686837,"process_ids":[26451,26380]}
{"timestamp":1572412263.6463589668,"rapl_power_draw_absolute":71.633254934,"rapl_estimated_attributable_power_draw":19.7914349522,"cpu_time_seconds":{"26451":{"user":2.58,"system":5.16,"children_user":0.28,"children_system":4.56},"26380":{"user":119.76,"system":29.45,"children_user":0.13,"children_system":0.27}},"average_relative_cpu_utilization":0.2756078412,"absolute_cpu_utilization":0.9936370444,"relative_mem_usage":0.2827597524,"absolute_mem_usage":3553585152.0,"absolute_mem_percent_usage":0.0263035145,"mem_info_per_process":{"26451":{"rss":3264409600,"vms":11983380480,"shared":180514816,"text":2322432,"lib":0,"data":10255577088,"dirty":0,"uss":31227904,"pss":1643535360,"swap":0},"26380":{"rss":3649908736,"vms":11983380480,"shared":566185984,"text":2322432,"lib":0,"data":10255577088,"dirty":0,"uss":39919616,"pss":1838902272,"swap":0}},"nvidia_draw_absolute":169.4,"nvidia_estimated_attributable_power_draw":169.4,"average_gpu_estimated_utilization_absolute":0.99,"per_gpu_average_estimated_utilization_absolute":{"(0, 26380)":{"sm":99,"mem":69,"enc":0,"dec":0}},"average_gpu_estimated_utilization_relative":1.0,"per_gpu_performance_state":{"0":"P2"},"per_gpu_power_draw":{"0":169.4},"cpu_count_adjusted_average_load":[0.159375,0.1690625,0.165625],"realtime_carbon_intensity":336.704610597,"disk_write_speed":43.8074658334,"process_ids":[26451,26380]}
