{"timestamp":1572416149.7008850574,"rapl_power_draw_absolute":76.8268280034,"rapl_estimated_attributable_power_draw":17.6080498893,"cpu_time_seconds":{"11646":{"user":0.0,"system":0.04,"children_user":0.0,"children_system":0.07},"11574":{"user":10.82,"system":2.49,"children_user":0.1,"children_system":0.26}},"average_relative_cpu_utilization":0.2293562764,"absolute_cpu_utilization":0.9986073908,"relative_mem_usage":0.2275883717,"absolute_mem_usage":3667632128.0,"absolute_mem_percent_usage":0.0271476863,"mem_info_per_process":{"11646":{"rss":3256066048,"vms":11435474944,"shared":173707264,"text":2322432,"lib":0,"data":9681080320,"dirty":0,"uss":86769664,"pss":1667869696,"swap":0},"11574":{"rss":3654287360,"vms":11435474944,"shared":572088320,"text":2322432,"lib":0,"data":9681080320,"dirty":0,"uss":99917824,"pss":1813074944,"swap":0}},"nvidia_draw_absolute":47.1,"nvidia_estimated_attributable_power_draw":47.1,"average_gpu_estimated_utilization_absolute":0.2133333333,"per_gpu_average_estimated_utilization_absolute":{"(0, 11574)":{"sm":21.3333333333,"mem":0.3333333333,"enc":0.0,"dec":0.0}},"average_gpu_estimated_utilization_relative":1.0,"per_gpu_performance_state":{"0":"P2"},"per_gpu_power_draw":{"0":47.1},"cpu_count_adjusted_average_load":[0.1465625,0.145,0.1496875],"realtime_carbon_intensity":339.3663136256,"disk_write_speed":35.6500866964,"process_ids":[11646,11574]}
{"timestamp":1572416158.0308148861,"rapl_power_draw_absolute":78.0172888609,"rapl_estimated_attributable_power_draw":17.8744704688,"cpu_time_seconds":{"11646":{"user":0.2,"system":0.38,"children_user":0.0,"children_system":0.36},"11574":{"user":19.12,"system":2.52,"children_user":0.1,"children_system":0.26}},"average_relative_cpu_utilization":0.2290787465,"absolute_cpu_utilization":0.9985840672,"relative_mem_usage":0.2294102621,"absolute_mem_usage":3698840576.0,"absolute_mem_percent_usage":0.0273786901,"mem_info_per_process":{"11646":{"rss":3262693376,"vms":11435474944,"shared":180318208,"text":2322432,"lib":0,"data":9681080320,"dirty":0,"uss":97148928,"pss":1674349568,"swap":0},"11574":{"rss":3654287360,"vms":11435474944,"shared":572088320,"text":2322432,"lib":0,"data":9681080320,"dirty":0,"uss":109600768,"pss":1817741312,"swap":0}},"nvidia_draw_absolute":46.64,"nvidia_estimated_attributable_power_draw":46.64,"average_gpu_estimated_utilization_absolute":0.215,"per_gpu_average_estimated_utilization_absolute":{"(0, 11574)":{"sm":21.5,"mem":0.5,"enc":0.0,"dec":0.0}},"average_gpu_estimated_utilization_relative":1.0,"per_gpu_performance_state":{"0":"P2"},"per_gpu_power_draw":{"0":46.64},"cpu_count_adjusted_average_load":[0.1525,0.14625,0.15],"realtime_carbon_intensity":339.3663136256,"disk_write_speed":29.1809743262,"process_ids":[11646,11574]}
{"timestamp":1572416166.3206000328,"rapl_power_draw_absolute":77.9333125587,"rapl_estimated_attributable_power_draw":17.727082728,"cpu_time_seconds":{"11646":{"user":0.36,"system":0.73,"children_user":0.01,"children_system":0.65},"11574":{"user":27.4,"system":2.53,"children_user":0.1,"children_system":0.26}},"average_relative_cpu_utilization":0.2272550686,"absolute_cpu_utilization":0.9986150288,"relative_mem_usage":0.2296137775,"absolute_mem_usage":3700189184.0,"absolute_mem_percent_usage":0.0273886725,"mem_info_per_process":{"11646":{"rss":3262693376,"vms":11435474944,"shared":180318208,"text":2322432,"lib":0,"data":9681080320,"dirty":0,"uss":97857536,"pss":1674706944,"swap":0},"11574":{"rss":3654287360,"vms":11435474944,"shared":572088320,"text":2322432,"lib":0,"data":9681080320,"dirty":0,"uss":109780992,"pss":1817843712,"swap":0}},"nvidia_draw_absolute":47.19,"nvidia_estimated_attributable_power_draw":47.19,"average_gpu_estimated_utilization_absolute":0.21,"per_gpu_average_estimated_utilization_absolute":{"(0, 11574)":{"sm":21,"mem":1,"enc":0,"dec":0}},"average_gpu_estimated_utilization_relative":1.0,"per_gpu_performance_state":{"0":"P2"},"per_gpu_power_draw":{"0":47.19},"cpu_count_adjusted_average_load":[0.1625,0.14875,0.1509375],"realtime_carbon_intensity":339.3663136256,"disk_write_speed":19.1576716483,"process_ids":[11646,11574]}
{"timestamp":1572416174.5769350529,"rapl_power_draw_absolute":77.6963840673,"rapl_estimated_attributable_power_draw":17.6926798612,"cpu_time_seconds":{"11646":{"user":0.5,"system":1.05,"children_user":0.01,"children_system":0.93},"11574":{"user":35.64,"system":2.55,"children_user":0.1,"children_system":0.26}},"average_relative_cpu_utilization":0.2275258805,"absolute_cpu_utilization":0.998636565,"relative_mem_usage":0.2295790612,"absolute_mem_usage":3700201472.0,"absolute_mem_percent_usage":0.0273887634,"mem_info_per_process":{"11646":{"rss":3262693376,"vms":11435474944,"shared":180318208,"text":2322432,"lib":0,"data":9681080320,"dirty":0,"uss":97861632,"pss":1674708992,"swap":0},"11574":{"rss":3654287360,"vms":11435474944,"shared":572088320,"text":2322432,"lib":0,"data":9681080320,"dirty":0,"uss":109785088,"pss":1817845760,"swap":0}},"nvidia_draw_absolute":46.76,"nvidia_estimated_attributable_power_draw":46.76,"average_gpu_estimated_utilization_absolute":0.21,"per_gpu_average_estimated_utilization_absolute":{"(0, 11574)":{"sm":21,"mem":1,"enc":0,"dec":0}},"average_gpu_estimated_utilization_relative":1.0,"per_gpu_performance_state":{"0":"P2"},"per_gpu_power_draw":{"0":46.76},"cpu_count_adjusted_average_load":[0.1615625,0.1490625,0.1509375],"realtime_carbon_intensity":339.3663136256,"disk_write_speed":22.6977296249,"process_ids":[11646,11574]}
{"timestamp":1572416182.8749380112,"rapl_power_draw_absolute":77.8576630848,"rapl_estimated_attributable_power_draw":17.5758149729,"cpu_time_seconds":{"11646":{"user":0.64,"system":1.4,"children_user":0.03,"children_system":1.19},"11574":{"user":43.93,"system":2.56,"children_user":0.1,"children_system":0.26}},"average_relative_cpu_utilization":0.2253624015,"absolute_cpu_utilization":0.9936613736,"relative_mem_usage":0.2296472314,"absolute_mem_usage":3700213760.0,"absolute_mem_percent_usage":0.0273888544,"mem_info_per_process":{"11646":{"rss":3262693376,"vms":11435474944,"shared":180318208,"text":2322432,"lib":0,"data":9681080320,"dirty":0,"uss":97865728,"pss":1674711040,"swap":0},"11574":{"rss":3654287360,"vms":11435474944,"shared":572088320,"text":2322432,"lib":0,"data":9681080320,"dirty":0,"uss":109789184,"pss":1817847808,"swap":0}},"nvidia_draw_absolute":47.37,"nvidia_estimated_attributable_power_draw":47.37,"average_gpu_estimated_utilization_absolute":0.2133333333,"per_gpu_average_estimated_utilization_absolute":{"(0, 11574)":{"sm":21.3333333333,"mem":0.6666666667,"enc":0.0,"dec":0.0}},"average_gpu_estimated_utilization_relative":1.0,"per_gpu_performance_state":{"0":"P2"},"per_gpu_power_draw":{"0":47.37},"cpu_count_adjusted_average_load":[0.16625,0.15,0.15125],"realtime_carbon_intensity":339.3663136256,"disk_write_speed":27.2908916581,"process_ids":[11646,11574]}
{"timestamp":1572416191.1666750908,"rapl_power_draw_absolute":77.9139192532,"rapl_estimated_attributable_power_draw":17.723026961,"cpu_time_seconds":{"11646":{"user":0.8,"system":1.77,"children_user":0.04,"children_system":1.47},"11574":{"user":52.22,"system":2.57,"children_user":0.1,"children_system":0.26}},"average_relative_cpu_utilization":0.2272548954,"absolute_cpu_utilization":0.998562108,"relative_mem_usage":0.2296385954,"absolute_mem_usage":3700226048.0,"absolute_mem_percent_usage":0.0273889453,"mem_info_per_process":{"11646":{"rss":3262693376,"vms":11435474944,"shared":180318208,"text":2322432,"lib":0,"data":9681080320,"dirty":0,"uss":97869824,"pss":1674713088,"swap":0},"11574":{"rss":3654287360,"vms":11435474944,"shared":572088320,"text":2322432,"lib":0,"data":9681080320,"dirty":0,"uss":109793280,"pss":1817849856,"swap":0}},"nvidia_draw_absolute":47.06,"nvidia_estimated_attributable_power_draw":47.06,"average_gpu_estimated_utilization_absolute":0.215,"per_gpu_average_estimated_utilization_absolute":{"(0, 11574)":{"sm":21.5,"mem":1.0,"enc":0.0,"dec":0.0}},"average_gpu_estimated_utilization_relative":1.0,"per_gpu_performance_state":{"0":"P2"},"per_gpu_power_draw":{"0":47.06},"cpu_count_adjusted_average_load":[0.176875,0.1528125,0.1521875],"realtime_carbon_intensity":339.3663136256,"disk_write_speed":27.8022432032,"process_ids":[11646,11574]}
{"timestamp":1572416199.4324569702,"rapl_power_draw_absolute":78.1480964962,"rapl_estimated_attributable_power_draw":17.813627144,"cpu_time_seconds":{"11646":{"user":0.93,"system":2.11,"children_user":0.05,"children_system":1.75},"11574":{"user":60.48,"system":2.58,"children_user":0.1,"children_system":0.26}},"average_relative_cpu_utilization":0.2277753147,"absolute_cpu_utilization":0.9985896375,"relative_mem_usage":0.2296191622,"absolute_mem_usage":3700238336.0,"absolute_mem_percent_usage":0.0273890363,"mem_info_per_process":{"11646":{"rss":3262693376,"vms":11435474944,"shared":180318208,"text":2322432,"lib":0,"data":9681080320,"dirty":0,"uss":97873920,"pss":1674715136,"swap":0},"11574":{"rss":3654287360,"vms":11435474944,"shared":572088320,"text":2322432,"lib":0,"data":9681080320,"dirty":0,"uss":109797376,"pss":1817851904,"swap":0}},"nvidia_draw_absolute":46.58,"nvidia_estimated_attributable_power_draw":46.58,"average_gpu_estimated_utilization_absolute":0.215,"per_gpu_average_estimated_utilization_absolute":{"(0, 11574)":{"sm":21.5,"mem":1.0,"enc":0.0,"dec":0.0}},"average_gpu_estimated_utilization_relative":1.0,"per_gpu_performance_state":{"0":"P2"},"per_gpu_power_draw":{"0":46.58},"cpu_count_adjusted_average_load":[0.17375,0.153125,0.1521875],"realtime_carbon_intensity":339.3663136256,"disk_write_speed":31.3425857254,"process_ids":[11646,11574]}
{"timestamp":1572416207.661192894,"rapl_power_draw_absolute":77.5750957224,"rapl_estimated_attributable_power_draw":17.5920248816,"cpu_time_seconds":{"11646":{"user":1.09,"system":2.43,"children_user":0.06,"children_system":2.02},"11574":{"user":68.71,"system":2.58,"children_user":0.1,"children_system":0.26}},"average_relative_cpu_utilization":0.2264827966,"absolute_cpu_utilization":0.9985629716,"relative_mem_usage":0.2296167731,"absolute_mem_usage":3700250624.0,"absolute_mem_percent_usage":0.0273891272,"mem_info_per_process":{"11646":{"rss":3262693376,"vms":11435474944,"shared":180318208,"text":2322432,"lib":0,"data":9681080320,"dirty":0,"uss":97878016,"pss":1674717184,"swap":0},"11574":{"rss":3654287360,"vms":11435474944,"shared":572088320,"text":2322432,"lib":0,"data":9681080320,"dirty":0,"uss":109801472,"pss":1817853952,"swap":0}},"nvidia_draw_absolute":47.17,"nvidia_estimated_attributable_power_draw":47.17,"average_gpu_estimated_utilization_absolute":0.2133333333,"per_gpu_average_estimated_utilization_absolute":{"(0, 11574)":{"sm":21.3333333333,"mem":0.6666666667,"enc":0.0,"dec":0.0}},"average_gpu_estimated_utilization_relative":1.0,"per_gpu_performance_state":{"0":"P2"},"per_gpu_power_draw":{"0":47.17},"cpu_count_adjusted_average_load":[0.1721875,0.153125,0.1521875],"realtime_carbon_intensity":339.3663136256,"disk_write_speed":36.5534963106,"process_ids":[11646,11574]}
{"timestamp":1572416215.9311430454,"rapl_power_draw_absolute":77.7177240138,"rapl_estimated_attributable_power_draw":17.7525023296,"cpu_time_seconds":{"11646":{"user":1.3,"system":2.76,"children_user":0.09,"children_system":2.3},"11574":{"user":76.96,"system":2.6,"children_user":0.1,"children_system":0.26}},"average_relative_cpu_utilization":0.2283049538,"absolute_cpu_utilization":0.9986556834,"relative_mem_usage":0.2296038795,"absolute_mem_usage":3700262912.0,"absolute_mem_percent_usage":0.0273892182,"mem_info_per_process":{"11646":{"rss":3262693376,"vms":11435474944,"shared":180318208,"text":2322432,"lib":0,"data":9681080320,"dirty":0,"uss":97882112,"pss":1674719232,"swap":0},"11574":{"rss":3654287360,"vms":11435474944,"shared":572088320,"text":2322432,"lib":0,"data":9681080320,"dirty":0,"uss":109805568,"pss":1817856000,"swap":0}},"nvidia_draw_absolute":46.55,"nvidia_estimated_attributable_power_draw":46.55,"average_gpu_estimated_utilization_absolute":0.215,"per_gpu_average_estimated_utilization_absolute":{"(0, 11574)":{"sm":21.5,"mem":1.0,"enc":0.0,"dec":0.0}},"average_gpu_estimated_utilization_relative":1.0,"per_gpu_performance_state":{"0":"P2"},"per_gpu_power_draw":{"0":46.55},"cpu_count_adjusted_average_load":[0.17,0.153125,0.1521875],"realtime_carbon_intensity":339.3663136256,"disk_write_speed":33.9455162965,"process_ids":[11646,11574]}
{"timestamp":1572416224.2165279388,"rapl_power_draw_absolute":77.8987748109,"rapl_estimated_attributable_power_draw":17.5207477046,"cpu_time_seconds":{"11646":{"user":1.49,"system":3.12,"children_user":0.1,"children_system":2.59},"11574":{"user":85.22,"system":2.63,"children_user":0.1,"children_system":0.26}},"average_relative_cpu_utilization":0.2244517373,"absolute_cpu_utilization":0.9985700944,"relative_mem_usage":0.2296337654,"absolute_mem_usage":3700275200.0,"absolute_mem_percent_usage":0.0273893092,"mem_info_per_process":{"11646":{"rss":3262693376,"vms":11435474944,"shared":180318208,"text":2322432,"lib":0,"data":9681080320,"dirty":0,"uss":97886208,"pss":1674721280,"swap":0},"11574":{"rss":3654287360,"vms":11435474944,"shared":572088320,"text":2322432,"lib":0,"data":9681080320,"dirty":0,"uss":109809664,"pss":1817858048,"swap":0}},"nvidia_draw_absolute":47.05,"nvidia_estimated_attributable_power_draw":47.05,"average_gpu_estimated_utilization_absolute":0.215,"per_gpu_average_estimated_utilization_absolute":{"(0, 11574)":{"sm":21.5,"mem":1.0,"enc":0.0,"dec":0.0}},"average_gpu_estimated_utilization_relative":1.0,"per_gpu_performance_state":{"0":"P2"},"per_gpu_power_draw":{"0":47.05},"cpu_count_adjusted_average_load":[0.168125,0.1534375,0.1525],"realtime_carbon_intensity":339.3663136256,"disk_write_speed":24.5375752484,"process_ids":[11646,11574]}
{"timestamp":1572416232.5094571114,"rapl_power_draw_absolute":68.4156203737,"rapl_estimated_attributable_power_draw":20.9032103248,"cpu_time_seconds":{"11646":{"user":1.66,"system":3.44,"children_user":0.12,"children_system":2.86},"11574":{"user":93.51,"system":2.64,"children_user":0.1,"children_system":0.26}},"average_relative_cpu_utilization":0.3059257943,"absolute_cpu_utilization":1.0036300446,"relative_mem_usage":0.2994146822,"absolute_mem_usage":3797373952.0,"absolute_mem_percent_usage":0.0281080308,"mem_info_per_process":{"11646":{"rss":3262693376,"vms":11435474944,"shared":180318208,"text":2322432,"lib":0,"data":9681080320,"dirty":0,"uss":98037760,"pss":1676119040,"swap":0},"11574":{"rss":3654287360,"vms":11435474944,"shared":572088320,"text":2322432,"lib":0,"data":9681080320,"dirty":0,"uss":134496256,"pss":1888720896,"swap":0}},"nvidia_draw_absolute":47.73,"nvidia_estimated_attributable_power_draw":47.73,"average_gpu_estimated_utilization_absolute":0.225,"per_gpu_average_estimated_utilization_absolute":{"(0, 11574)":{"sm":22.5,"mem":1.0,"enc":0.0,"dec":0.0}},"average_gpu_estimated_utilization_relative":1.0,"per_gpu_performance_state":{"0":"P2"},"per_gpu_power_draw":{"0":47.73},"cpu_count_adjusted_average_load":[0.1621875,0.1521875,0.1521875],"realtime_carbon_intensity":339.3663136256,"disk_write_speed":27.6387975104,"process_ids":[11646,11574]}
{"timestamp":1572416240.7700150013,"rapl_power_draw_absolute":68.6221409057,"rapl_estimated_attributable_power_draw":19.0883953842,"cpu_time_seconds":{"11646":{"user":1.82,"system":3.78,"children_user":0.13,"children_system":3.14},"11574":{"user":101.76,"system":2.65,"children_user":0.1,"children_system":0.26}},"average_relative_cpu_utilization":0.2766041684,"absolute_cpu_utilization":0.9985837868,"relative_mem_usage":0.2989204261,"absolute_mem_usage":3797353472.0,"absolute_mem_percent_usage":0.0281078792,"mem_info_per_process":{"11646":{"rss":3262693376,"vms":11435474944,"shared":180318208,"text":2322432,"lib":0,"data":9681080320,"dirty":0,"uss":98041856,"pss":1676118016,"swap":0},"11574":{"rss":3654287360,"vms":11435474944,"shared":572088320,"text":2322432,"lib":0,"data":9681080320,"dirty":0,"uss":134488064,"pss":1888705536,"swap":0}},"nvidia_draw_absolute":46.97,"nvidia_estimated_attributable_power_draw":46.97,"average_gpu_estimated_utilization_absolute":0.2175,"per_gpu_average_estimated_utilization_absolute":{"(0, 11574)":{"sm":21.75,"mem":0.75,"enc":0.0,"dec":0.0}},"average_gpu_estimated_utilization_relative":1.0,"per_gpu_performance_state":{"0":"P2"},"per_gpu_power_draw":{"0":46.97},"cpu_count_adjusted_average_load":[0.15625,0.15125,0.151875],"realtime_carbon_intensity":339.3663136256,"disk_write_speed":31.0921368596,"process_ids":[11646,11574]}
{"timestamp":1572416249.0951180458,"rapl_power_draw_absolute":69.3036916306,"rapl_estimated_attributable_power_draw":19.0075940951,"cpu_time_seconds":{"11646":{"user":1.98,"system":4.19,"children_user":0.14,"children_system":3.44},"11574":{"user":110.07,"system":2.67,"children_user":0.1,"children_system":0.26}},"average_relative_cpu_utilization":0.2723308844,"absolute_cpu_utilization":1.0035023241,"relative_mem_usage":0.29673439,"absolute_mem_usage":3777401856.0,"absolute_mem_percent_usage":0.027960198,"mem_info_per_process":{"11646":{"rss":3262693376,"vms":11435474944,"shared":180318208,"text":2322432,"lib":0,"data":9681080320,"dirty":0,"uss":98045952,"pss":1675560960,"swap":0},"11574":{"rss":3654287360,"vms":11435474944,"shared":572088320,"text":2322432,"lib":0,"data":9681080320,"dirty":0,"uss":131428352,"pss":1872366592,"swap":0}},"nvidia_draw_absolute":47.27,"nvidia_estimated_attributable_power_draw":47.27,"average_gpu_estimated_utilization_absolute":0.22,"per_gpu_average_estimated_utilization_absolute":{"(0, 11574)":{"sm":22,"mem":1,"enc":0,"dec":0}},"average_gpu_estimated_utilization_relative":1.0,"per_gpu_performance_state":{"0":"P2"},"per_gpu_power_draw":{"0":47.27},"cpu_count_adjusted_average_load":[0.1490625,0.15,0.15125],"realtime_carbon_intensity":336.7645075741,"disk_write_speed":27.0410796049,"process_ids":[11646,11574]}
{"timestamp":1572416257.516258955,"rapl_power_draw_absolute":78.5467351716,"rapl_estimated_attributable_power_draw":14.9642143326,"cpu_time_seconds":{"11646":{"user":2.14,"system":4.56,"children_user":0.16,"children_system":3.7},"11574":{"user":118.47,"system":2.7,"children_user":0.1,"children_system":0.26}},"average_relative_cpu_utilization":0.1826282017,"absolute_cpu_utilization":1.0085705328,"relative_mem_usage":0.271271852,"absolute_mem_usage":3756447744.0,"absolute_mem_percent_usage":0.0278050964,"mem_info_per_process":{"11646":{"rss":3262693376,"vms":11435474944,"shared":180318208,"text":2322432,"lib":0,"data":9681080320,"dirty":0,"uss":98054144,"pss":1675405312,"swap":0},"11574":{"rss":3654287360,"vms":11435474944,"shared":572088320,"text":2322432,"lib":0,"data":9681080320,"dirty":0,"uss":125857792,"pss":1857130496,"swap":0}},"nvidia_draw_absolute":47.38,"nvidia_estimated_attributable_power_draw":47.38,"average_gpu_estimated_utilization_absolute":0.225,"per_gpu_average_estimated_utilization_absolute":{"(0, 11574)":{"sm":22.5,"mem":1.0,"enc":0.0,"dec":0.0}},"average_gpu_estimated_utilization_relative":1.0,"per_gpu_performance_state":{"0":"P2"},"per_gpu_power_draw":{"0":47.38},"cpu_count_adjusted_average_load":[0.1496875,0.15,0.15125],"realtime_carbon_intensity":336.7645075741,"disk_write_speed":29.3216598149,"process_ids":[11646,11574]}
{"timestamp":1572416265.8236451149,"rapl_power_draw_absolute":72.6893323115,"rapl_estimated_attributable_power_draw":16.586725731,"cpu_time_seconds":{"11646":{"user":2.32,"system":4.89,"children_user":0.17,"children_system":4.01},"11574":{"user":126.76,"system":2.72,"children_user":0.1,"children_system":0.26}},"average_relative_cpu_utilization":0.2280334839,"absolute_cpu_utilization":0.9986115274,"relative_mem_usage":0.2298738387,"absolute_mem_usage":3700539392.0,"absolute_mem_percent_usage":0.0273912647,"mem_info_per_process":{"11646":{"rss":3262693376,"vms":11435474944,"shared":180318208,"text":2322432,"lib":0,"data":9681080320,"dirty":0,"uss":98091008,"pss":1675138048,"swap":0},"11574":{"rss":3654287360,"vms":11435474944,"shared":572088320,"text":2322432,"lib":0,"data":9681080320,"dirty":0,"uss":109932544,"pss":1817377792,"swap":0}},"nvidia_draw_absolute":46.73,"nvidia_estimated_attributable_power_draw":46.73,"average_gpu_estimated_utilization_absolute":0.22,"per_gpu_average_estimated_utilization_absolute":{"(0, 11574)":{"sm":22,"mem":1,"enc":0,"dec":0}},"average_gpu_estimated_utilization_relative":1.0,"per_gpu_performance_state":{"0":"P2"},"per_gpu_power_draw":{"0":46.73},"cpu_count_adjusted_average_load":[0.1459375,0.149375,0.1509375],"realtime_carbon_intensity":336.7645075741,"disk_write_speed":37.1839451431,"process_ids":[11646,11574]}
{"timestamp":1572416274.1126959324,"rapl_power_draw_absolute":78.2806103854,"rapl_estimated_attributable_power_draw":17.4287522357,"cpu_time_seconds":{"11646":{"user":2.51,"system":5.26,"children_user":0.19,"children_system":4.3},"11574":{"user":135.03,"system":2.74,"children_user":0.1,"children_system":0.26}},"average_relative_cpu_utilization":0.221958401,"absolute_cpu_utilization":0.9985666546,"relative_mem_usage":0.2296443687,"absolute_mem_usage":3699820544.0,"absolute_mem_percent_usage":0.0273859438,"mem_info_per_process":{"11646":{"rss":3262693376,"vms":11435474944,"shared":180318208,"text":2322432,"lib":0,"data":9681080320,"dirty":0,"uss":97959936,"pss":1674720256,"swap":0},"11574":{"rss":3654287360,"vms":11435474944,"shared":572088320,"text":2322432,"lib":0,"data":9681080320,"dirty":0,"uss":109932544,"pss":1817207808,"swap":0}},"nvidia_draw_absolute":47.7,"nvidia_estimated_attributable_power_draw":47.7,"average_gpu_estimated_utilization_absolute":0.22,"per_gpu_average_estimated_utilization_absolute":{"(0, 11574)":{"sm":22.0,"mem":1.5,"enc":0.0,"dec":0.0}},"average_gpu_estimated_utilization_relative":1.0,"per_gpu_performance_state":{"0":"P2"},"per_gpu_power_draw":{"0":47.7},"cpu_count_adjusted_average_load":[0.1521875,0.150625,0.15125],"realtime_carbon_intensity":336.7645075741,"disk_write_speed":29.8336577605,"process_ids":[11646,11574]}
{"timestamp":1572416282.4045469761,"rapl_power_draw_absolute":78.1015123593,"rapl_estimated_attributable_power_draw":17.477100887,"cpu_time_seconds":{"11646":{"user":2.68,"system":5.62,"children_user":0.21,"children_system":4.58},"11574":{"user":143.32,"system":2.75,"children_user":0.1,"children_system":0.26}},"average_relative_cpu_utilization":0.2231948034,"absolute_cpu_utilization":0.9986246506,"relative_mem_usage":0.229615593,"absolute_mem_usage":3699832832.0,"absolute_mem_percent_usage":0.0273860348,"mem_info_per_process":{"11646":{"rss":3262693376,"vms":11435474944,"shared":180318208,"text":2322432,"lib":0,"data":9681080320,"dirty":0,"uss":97964032,"pss":1674722304,"swap":0},"11574":{"rss":3654287360,"vms":11435474944,"shared":572088320,"text":2322432,"lib":0,"data":9681080320,"dirty":0,"uss":109936640,"pss":1817209856,"swap":0}},"nvidia_draw_absolute":47.31,"nvidia_estimated_attributable_power_draw":47.31,"average_gpu_estimated_utilization_absolute":0.22,"per_gpu_average_estimated_utilization_absolute":{"(0, 11574)":{"sm":22,"mem":1,"enc":0,"dec":0}},"average_gpu_estimated_utilization_relative":1.0,"per_gpu_performance_state":{"0":"P2"},"per_gpu_power_draw":{"0":47.31},"cpu_count_adjusted_average_load":[0.15,0.15,0.15125],"realtime_carbon_intensity":336.7645075741,"disk_write_speed":27.6466442808,"process_ids":[11646,11574]}
{"timestamp":1572416290.6644489765,"rapl_power_draw_absolute":76.9251249987,"rapl_estimated_attributable_power_draw":17.3302638949,"cpu_time_seconds":{"11646":{"user":2.84,"system":5.97,"children_user":0.22,"children_system":4.87},"11574":{"user":151.58,"system":2.75,"children_user":0.1,"children_system":0.26}},"average_relative_cpu_utilization":0.2248269628,"absolute_cpu_utilization":1.0036273993,"relative_mem_usage":0.2296577466,"absolute_mem_usage":3699845120.0,"absolute_mem_percent_usage":0.0273861257,"mem_info_per_process":{"11646":{"rss":3262693376,"vms":11435474944,"shared":180318208,"text":2322432,"lib":0,"data":9681080320,"dirty":0,"uss":97968128,"pss":1674724352,"swap":0},"11574":{"rss":3654287360,"vms":11435474944,"shared":572088320,"text":2322432,"lib":0,"data":9681080320,"dirty":0,"uss":109940736,"pss":1817211904,"swap":0}},"nvidia_draw_absolute":46.73,"nvidia_estimated_attributable_power_draw":46.73,"average_gpu_estimated_utilization_absolute":0.22,"per_gpu_average_estimated_utilization_absolute":{"(0, 11574)":{"sm":22.0,"mem":1.5,"enc":0.0,"dec":0.0}},"average_gpu_estimated_utilization_relative":1.0,"per_gpu_performance_state":{"0":"P2"},"per_gpu_power_draw":{"0":46.73},"cpu_count_adjusted_average_load":[0.1459375,0.149375,0.1509375],"realtime_carbon_intensity":336.7645075741,"disk_write_speed":36.9862412764,"process_ids":[11646,11574]}
{"timestamp":1572416298.9713799953,"rapl_power_draw_absolute":78.4671021369,"rapl_estimated_attributable_power_draw":17.6671237328,"cpu_time_seconds":{"11646":{"user":3.03,"system":6.34,"children_user":0.24,"children_system":5.16},"11574":{"user":159.88,"system":2.76,"children_user":0.1,"children_system":0.26}},"average_relative_cpu_utilization":0.2247048331,"absolute_cpu_utilization":0.9986046195,"relative_mem_usage":0.2296789478,"absolute_mem_usage":3699857408.0,"absolute_mem_percent_usage":0.0273862167,"mem_info_per_process":{"11646":{"rss":3262693376,"vms":11435474944,"shared":180318208,"text":2322432,"lib":0,"data":9681080320,"dirty":0,"uss":97972224,"pss":1674726400,"swap":0},"11574":{"rss":3654287360,"vms":11435474944,"shared":572088320,"text":2322432,"lib":0,"data":9681080320,"dirty":0,"uss":109944832,"pss":1817213952,"swap":0}},"nvidia_draw_absolute":47.41,"nvidia_estimated_attributable_power_draw":47.41,"average_gpu_estimated_utilization_absolute":0.225,"per_gpu_average_estimated_utilization_absolute":{"(0, 11574)":{"sm":22.5,"mem":1.5,"enc":0.0,"dec":0.0}},"average_gpu_estimated_utilization_relative":1.0,"per_gpu_performance_state":{"0":"P2"},"per_gpu_power_draw":{"0":47.41},"cpu_count_adjusted_average_load":[0.1478125,0.149375,0.1509375],"realtime_carbon_intensity":336.7645075741,"disk_write_speed":31.4102284593,"process_ids":[11646,11574]}
{"timestamp":1572416307.2277779579,"rapl_power_draw_absolute":78.3895729601,"rapl_estimated_attributable_power_draw":17.5963020612,"cpu_time_seconds":{"11646":{"user":3.2,"system":6.68,"children_user":0.24,"children_system":5.46},"11574":{"user":168.11,"system":2.79,"children_user":0.1,"children_system":0.26}},"average_relative_cpu_utilization":0.2239527755,"absolute_cpu_utilization":0.9986378913,"relative_mem_usage":0.2296828643,"absolute_mem_usage":3699869696.0,"absolute_mem_percent_usage":0.0273863076,"mem_info_per_process":{"11646":{"rss":3262693376,"vms":11435474944,"shared":180318208,"text":2322432,"lib":0,"data":9681080320,"dirty":0,"uss":97976320,"pss":1674728448,"swap":0},"11574":{"rss":3654287360,"vms":11435474944,"shared":572088320,"text":2322432,"lib":0,"data":9681080320,"dirty":0,"uss":109948928,"pss":1817216000,"swap":0}},"nvidia_draw_absolute":47.5,"nvidia_estimated_attributable_power_draw":47.5,"average_gpu_estimated_utilization_absolute":0.225,"per_gpu_average_estimated_utilization_absolute":{"(0, 11574)":{"sm":22.5,"mem":2.0,"enc":0.0,"dec":0.0}},"average_gpu_estimated_utilization_relative":1.0,"per_gpu_performance_state":{"0":"P2"},"per_gpu_power_draw":{"0":47.5},"cpu_count_adjusted_average_load":[0.1459375,0.1490625,0.1509375],"realtime_carbon_intensity":336.7645075741,"disk_write_speed":3.5817434841,"process_ids":[11646,11574]}
