{"timestamp":1572412218.4229249954,"rapl_power_draw_absolute":88.8590824211,"rapl_estimated_attributable_power_draw":19.2845048326,"cpu_time_seconds":{"9766":{"user":13.91,"system":4.84,"children_user":1.02,"children_system":0.27},"9975":{"user":0.01,"system":0.04,"children_user":0.0,"children_system":0.04}},"average_relative_cpu_utilization":0.2252173013,"absolute_cpu_utilization":0.9987685051,"relative_mem_usage":0.1468535448,"absolute_mem_usage":3516998656.0,"absolute_mem_percent_usage":0.026032753,"mem_info_per_process":{"9766":{"rss":3651878912,"vms":12014088192,"shared":565272576,"text":2322432,"lib":0,"data":10286284800,"dirty":0,"uss":58257408,"pss":1789863936,"swap":0},"9975":{"rss":3260641280,"vms":12014088192,"shared":174026752,"text":2322432,"lib":0,"data":10286284800,"dirty":0,"uss":28086272,"pss":1640791040,"swap":0}},"nvidia_draw_absolute":167.26,"nvidia_estimated_attributable_power_draw":167.26,"average_gpu_estimated_utilization_absolute":0.99,"per_gpu_average_estimated_utilization_absolute":{"(0, 9766)":{"sm":99,"mem":64,"enc":0,"dec":0}},"average_gpu_estimated_utilization_relative":1.0,"per_gpu_performance_state":{"0":"P2"},"per_gpu_power_draw":{"0":167.26},"cpu_count_adjusted_average_load":[0.179375,0.1690625,0.161875],"realtime_carbon_intensity":336.704610597,"disk_write_speed":25.7334600134,"process_ids":[9766,9975]}
{"timestamp":1572412226.6991391182,"rapl_power_draw_absolute":88.9871312201,"rapl_estimated_attributable_power_draw":19.6385118817,"cpu_time_seconds":{"9766":{"user":20.46,"system":6.57,"children_user":1.02,"children_system":0.27},"9975":{"user":0.12,"system":0.31,"children_user":0.01,"children_system":0.24}},"average_relative_cpu_utilization":0.229085214,"absolute_cpu_utilization":0.9987738136,"relative_mem_usage":0.1480445521,"absolute_mem_usage":3546788864.0,"absolute_mem_percent_usage":0.0262532595,"mem_info_per_process":{"9766":{"rss":3651878912,"vms":12014088192,"shared":565272576,"text":2322432,"lib":0,"data":10286284800,"dirty":0,"uss":68014080,"pss":1794539520,"swap":0},"9975":{"rss":3267596288,"vms":12014088192,"shared":180969472,"text":2322432,"lib":0,"data":10286284800,"dirty":0,"uss":37404672,"pss":1646830592,"swap":0}},"nvidia_draw_absolute":167.74,"nvidia_estimated_attributable_power_draw":167.74,"average_gpu_estimated_utilization_absolute":0.99,"per_gpu_average_estimated_utilization_absolute":{"(0, 9766)":{"sm":99,"mem":64,"enc":0,"dec":0}},"average_gpu_estimated_utilization_relative":1.0,"per_gpu_performance_state":{"0":"P2"},"per_gpu_power_draw":{"0":167.74},"cpu_count_adjusted_average_load":[0.18,0.169375,0.1621875],"realtime_carbon_intensity":336.704610597,"disk_write_speed":33.5576693281,"process_ids":[9766,9975]}
{"timestamp":1572412234.9006659985,"rapl_power_draw_absolute":81.8515687764,"rapl_estimated_attributable_power_draw":22.4402261247,"cpu_time_seconds":{"9766":{"user":27.15,"system":8.08,"children_user":1.02,"children_system":0.27},"9975":{"user":0.25,"system":0.56,"children_user":0.01,"children_system":0.44}},"average_relative_cpu_utilization":0.2867307879,"absolute_cpu_utilization":0.9937652044,"relative_mem_usage":0.1750353515,"absolute_mem_usage":3608903680.0,"absolute_mem_percent_usage":0.0267130322,"mem_info_per_process":{"9766":{"rss":3651878912,"vms":12014088192,"shared":565272576,"text":2322432,"lib":0,"data":10286284800,"dirty":0,"uss":68796416,"pss":1854423040,"swap":0},"9975":{"rss":3267596288,"vms":12014088192,"shared":180969472,"text":2322432,"lib":0,"data":10286284800,"dirty":0,"uss":37507072,"pss":1648177152,"swap":0}},"nvidia_draw_absolute":168.39,"nvidia_estimated_attributable_power_draw":168.39,"average_gpu_estimated_utilization_absolute":0.985,"per_gpu_average_estimated_utilization_absolute":{"(0, 9766)":{"sm":98.5,"mem":64.0,"enc":0.0,"dec":0.0}},"average_gpu_estimated_utilization_relative":1.0,"per_gpu_performance_state":{"0":"P2"},"per_gpu_power_draw":{"0":168.39},"cpu_count_adjusted_average_load":[0.1740625,0.1684375,0.161875],"realtime_carbon_intensity":336.704610597,"disk_write_speed":33.8399126271,"process_ids":[9766,9975]}
{"timestamp":1572412243.0962679386,"rapl_power_draw_absolute":90.6940892341,"rapl_estimated_attributable_power_draw":16.5482096824,"cpu_time_seconds":{"9766":{"user":33.74,"system":9.69,"children_user":1.02,"children_system":0.27},"9975":{"user":0.37,"system":0.82,"children_user":0.02,"children_system":0.64}},"average_relative_cpu_utilization":0.1846645271,"absolute_cpu_utilization":0.9987926326,"relative_mem_usage":0.1642137452,"absolute_mem_usage":3581637632.0,"absolute_mem_percent_usage":0.0265112094,"mem_info_per_process":{"9766":{"rss":3651878912,"vms":12014088192,"shared":565272576,"text":2322432,"lib":0,"data":10286284800,"dirty":0,"uss":65011712,"pss":1831600128,"swap":0},"9975":{"rss":3267719168,"vms":12014088192,"shared":181092352,"text":2322432,"lib":0,"data":10286284800,"dirty":0,"uss":37515264,"pss":1647510528,"swap":0}},"nvidia_draw_absolute":172.89,"nvidia_estimated_attributable_power_draw":172.89,"average_gpu_estimated_utilization_absolute":0.985,"per_gpu_average_estimated_utilization_absolute":{"(0, 9766)":{"sm":98.5,"mem":64.0,"enc":0.0,"dec":0.0}},"average_gpu_estimated_utilization_relative":1.0,"per_gpu_performance_state":{"0":"P2"},"per_gpu_power_draw":{"0":172.89},"cpu_count_adjusted_average_load":[0.175,0.16875,0.161875],"realtime_carbon_intensity":336.704610597,"disk_write_speed":27.875797533,"process_ids":[9766,9975]}
{"timestamp":1572412251.257117033,"rapl_power_draw_absolute":88.7533336061,"rapl_estimated_attributable_power_draw":19.7786309638,"cpu_time_seconds":{"9766":{"user":40.34,"system":11.26,"children_user":1.02,"children_system":0.27},"9975":{"user":0.46,"system":1.1,"children_user":0.02,"children_system":0.84}},"average_relative_cpu_utilization":0.2283977025,"absolute_cpu_utilization":1.0037443728,"relative_mem_usage":0.1762845824,"absolute_mem_usage":3627206656.0,"absolute_mem_percent_usage":0.0268485104,"mem_info_per_process":{"9766":{"rss":3651878912,"vms":12014088192,"shared":565272576,"text":2322432,"lib":0,"data":10286284800,"dirty":0,"uss":79392768,"pss":1860247552,"swap":0},"9975":{"rss":3267719168,"vms":12014088192,"shared":181092352,"text":2322432,"lib":0,"data":10286284800,"dirty":0,"uss":38379520,"pss":1649186816,"swap":0}},"nvidia_draw_absolute":174.66,"nvidia_estimated_attributable_power_draw":174.66,"average_gpu_estimated_utilization_absolute":0.985,"per_gpu_average_estimated_utilization_absolute":{"(0, 9766)":{"sm":98.5,"mem":64.0,"enc":0.0,"dec":0.0}},"average_gpu_estimated_utilization_relative":1.0,"per_gpu_performance_state":{"0":"P2"},"per_gpu_power_draw":{"0":174.66},"cpu_count_adjusted_average_load":[0.176875,0.169375,0.1621875],"realtime_carbon_intensity":336.704610597,"disk_write_speed":20.945024544,"process_ids":[9766,9975]}
{"timestamp":1572412260.7405910492,"rapl_power_draw_absolute":87.0675668393,"rapl_estimated_attributable_power_draw":19.3124700464,"cpu_time_seconds":{"9766":{"user":47.76,"system":13.31,"children_user":1.02,"children_system":0.27},"9975":{"user":0.54,"system":1.37,"children_user":0.04,"children_system":1.04}},"average_relative_cpu_utilization":0.2274203056,"absolute_cpu_utilization":0.9938042678,"relative_mem_usage":0.1759738346,"absolute_mem_usage":3625021440.0,"absolute_mem_percent_usage":0.0268323355,"mem_info_per_process":{"9766":{"rss":3651878912,"vms":12014088192,"shared":565272576,"text":2322432,"lib":0,"data":10286284800,"dirty":0,"uss":79396864,"pss":1859801088,"swap":0},"9975":{"rss":3267719168,"vms":12014088192,"shared":181092352,"text":2322432,"lib":0,"data":10286284800,"dirty":0,"uss":37515264,"pss":1648308224,"swap":0}},"nvidia_draw_absolute":171.8,"nvidia_estimated_attributable_power_draw":171.8,"average_gpu_estimated_utilization_absolute":0.985,"per_gpu_average_estimated_utilization_absolute":{"(0, 9766)":{"sm":98.5,"mem":64.5,"enc":0.0,"dec":0.0}},"average_gpu_estimated_utilization_relative":1.0,"per_gpu_performance_state":{"0":"P2"},"per_gpu_power_draw":{"0":171.8},"cpu_count_adjusted_average_load":[0.1765625,0.1696875,0.1625],"realtime_carbon_intensity":336.704610597,"disk_write_speed":27.4536632621,"process_ids":[9766,9975]}
{"timestamp":1572412270.7187929153,"rapl_power_draw_absolute":85.3380290756,"rapl_estimated_attributable_power_draw":21.918456881,"cpu_time_seconds":{"9766":{"user":55.7,"system":15.35,"children_user":1.02,"children_system":0.27},"9975":{"user":0.64,"system":1.66,"children_user":0.04,"children_system":1.25}},"average_relative_cpu_utilization":0.267822605,"absolute_cpu_utilization":0.9937834554,"relative_mem_usage":0.1695393871,"absolute_mem_usage":3601348608.0,"absolute_mem_percent_usage":0.0266571097,"mem_info_per_process":{"9766":{"rss":3651878912,"vms":12014088192,"shared":565272576,"text":2322432,"lib":0,"data":10286284800,"dirty":0,"uss":74719232,"pss":1841649664,"swap":0},"9975":{"rss":3267719168,"vms":12014088192,"shared":181092352,"text":2322432,"lib":0,"data":10286284800,"dirty":0,"uss":37482496,"pss":1647497216,"swap":0}},"nvidia_draw_absolute":173.02,"nvidia_estimated_attributable_power_draw":173.02,"average_gpu_estimated_utilization_absolute":0.99,"per_gpu_average_estimated_utilization_absolute":{"(0, 9766)":{"sm":99,"mem":64,"enc":0,"dec":0}},"average_gpu_estimated_utilization_relative":1.0,"per_gpu_performance_state":{"0":"P2"},"per_gpu_power_draw":{"0":173.02},"cpu_count_adjusted_average_load":[0.1659375,0.1675,0.161875],"realtime_carbon_intensity":336.704610597,"disk_write_speed":17.9567937939,"process_ids":[9766,9975]}
{"timestamp":1572412278.8024659157,"rapl_power_draw_absolute":84.5743784765,"rapl_estimated_attributable_power_draw":23.357031652,"cpu_time_seconds":{"9766":{"user":62.28,"system":16.87,"children_user":1.02,"children_system":0.27},"9975":{"user":0.71,"system":1.93,"children_user":0.04,"children_system":1.45}},"average_relative_cpu_utilization":0.28919898,"absolute_cpu_utilization":1.0037617744,"relative_mem_usage":0.1695674319,"absolute_mem_usage":3601399808.0,"absolute_mem_percent_usage":0.0266574886,"mem_info_per_process":{"9766":{"rss":3651878912,"vms":12014088192,"shared":565272576,"text":2322432,"lib":0,"data":10286284800,"dirty":0,"uss":74731520,"pss":1841670144,"swap":0},"9975":{"rss":3267719168,"vms":12014088192,"shared":181092352,"text":2322432,"lib":0,"data":10286284800,"dirty":0,"uss":37494784,"pss":1647503360,"swap":0}},"nvidia_draw_absolute":176.62,"nvidia_estimated_attributable_power_draw":176.62,"average_gpu_estimated_utilization_absolute":0.98,"per_gpu_average_estimated_utilization_absolute":{"(0, 9766)":{"sm":98,"mem":64,"enc":0,"dec":0}},"average_gpu_estimated_utilization_relative":1.0,"per_gpu_performance_state":{"0":"P2"},"per_gpu_power_draw":{"0":176.62},"cpu_count_adjusted_average_load":[0.155,0.165,0.1609375],"realtime_carbon_intensity":336.704610597,"disk_write_speed":14.9773169371,"process_ids":[9766,9975]}
{"timestamp":1572412286.9133210182,"rapl_power_draw_absolute":82.2843027814,"rapl_estimated_attributable_power_draw":23.5902264299,"cpu_time_seconds":{"9766":{"user":68.59,"system":18.66,"children_user":1.02,"children_system":0.27},"9975":{"user":0.79,"system":2.19,"children_user":0.06,"children_system":1.62}},"average_relative_cpu_utilization":0.3013327959,"absolute_cpu_utilization":1.0037670376,"relative_mem_usage":0.169568828,"absolute_mem_usage":3601412096.0,"absolute_mem_percent_usage":0.0266575796,"mem_info_per_process":{"9766":{"rss":3651878912,"vms":12014088192,"shared":565272576,"text":2322432,"lib":0,"data":10286284800,"dirty":0,"uss":74735616,"pss":1841672192,"swap":0},"9975":{"rss":3267719168,"vms":12014088192,"shared":181092352,"text":2322432,"lib":0,"data":10286284800,"dirty":0,"uss":37498880,"pss":1647505408,"swap":0}},"nvidia_draw_absolute":176.35,"nvidia_estimated_attributable_power_draw":176.35,"average_gpu_estimated_utilization_absolute":0.98,"per_gpu_average_estimated_utilization_absolute":{"(0, 9766)":{"sm":98,"mem":64,"enc":0,"dec":0}},"average_gpu_estimated_utilization_relative":1.0,"per_gpu_performance_state":{"0":"P2"},"per_gpu_power_draw":{"0":176.35},"cpu_count_adjusted_average_load":[0.15,0.1640625,0.160625],"realtime_carbon_intensity":336.704610597,"disk_write_speed":41.4108514011,"process_ids":[9766,9975]}
{"timestamp":1572412294.9917089939,"rapl_power_draw_absolute":82.8899593179,"rapl_estimated_attributable_power_draw":23.9164225872,"cpu_time_seconds":{"9766":{"user":75.05,"system":20.28,"children_user":1.02,"children_system":0.27},"9975":{"user":0.92,"system":2.46,"children_user":0.07,"children_system":1.82}},"average_relative_cpu_utilization":0.3034850993,"absolute_cpu_utilization":0.998789641,"relative_mem_usage":0.1695829792,"absolute_mem_usage":3601424384.0,"absolute_mem_percent_usage":0.0266576706,"mem_info_per_process":{"9766":{"rss":3651878912,"vms":12014088192,"shared":565272576,"text":2322432,"lib":0,"data":10286284800,"dirty":0,"uss":74739712,"pss":1841674240,"swap":0},"9975":{"rss":3267719168,"vms":12014088192,"shared":181092352,"text":2322432,"lib":0,"data":10286284800,"dirty":0,"uss":37502976,"pss":1647507456,"swap":0}},"nvidia_draw_absolute":178.21,"nvidia_estimated_attributable_power_draw":178.21,"average_gpu_estimated_utilization_absolute":0.985,"per_gpu_average_estimated_utilization_absolute":{"(0, 9766)":{"sm":98.5,"mem":64.5,"enc":0.0,"dec":0.0}},"average_gpu_estimated_utilization_relative":1.0,"per_gpu_performance_state":{"0":"P2"},"per_gpu_power_draw":{"0":178.21},"cpu_count_adjusted_average_load":[0.14625,0.1625,0.1603125],"realtime_carbon_intensity":336.704610597,"disk_write_speed":26.4105454617,"process_ids":[9766,9975]}
{"timestamp":1572412303.6908130646,"rapl_power_draw_absolute":88.7663292449,"rapl_estimated_attributable_power_draw":20.4403135708,"cpu_time_seconds":{"9766":{"user":81.99,"system":22.05,"children_user":1.02,"children_system":0.27},"9975":{"user":1.01,"system":2.74,"children_user":0.08,"children_system":2.01}},"average_relative_cpu_utilization":0.240423914,"absolute_cpu_utilization":1.0037791429,"relative_mem_usage":0.1523518484,"absolute_mem_usage":3550916608.0,"absolute_mem_percent_usage":0.026283813,"mem_info_per_process":{"9766":{"rss":3651878912,"vms":12014088192,"shared":565272576,"text":2322432,"lib":0,"data":10286284800,"dirty":0,"uss":57827328,"pss":1808076800,"swap":0},"9975":{"rss":3267719168,"vms":12014088192,"shared":181092352,"text":2322432,"lib":0,"data":10286284800,"dirty":0,"uss":37507072,"pss":1647505408,"swap":0}},"nvidia_draw_absolute":179.77,"nvidia_estimated_attributable_power_draw":179.77,"average_gpu_estimated_utilization_absolute":0.99,"per_gpu_average_estimated_utilization_absolute":{"(0, 9766)":{"sm":99,"mem":64,"enc":0,"dec":0}},"average_gpu_estimated_utilization_relative":1.0,"per_gpu_performance_state":{"0":"P2"},"per_gpu_power_draw":{"0":179.77},"cpu_count_adjusted_average_load":[0.1478125,0.1625,0.1603125],"realtime_carbon_intensity":336.704610597,"disk_write_speed":29.7986992965,"process_ids":[9766,9975]}
{"timestamp":1572412311.8719959259,"rapl_power_draw_absolute":88.9882969088,"rapl_estimated_attributable_power_draw":19.2539514873,"cpu_time_seconds":{"9766":{"user":88.52,"system":23.7,"children_user":1.02,"children_system":0.27},"9975":{"user":1.11,"system":3.09,"children_user":0.08,"children_system":2.22}},"average_relative_cpu_utilization":0.2245737991,"absolute_cpu_utilization":1.0037943065,"relative_mem_usage":0.1473022092,"absolute_mem_usage":3524681728.0,"absolute_mem_percent_usage":0.026089623,"mem_info_per_process":{"9766":{"rss":3651878912,"vms":12014088192,"shared":565272576,"text":2322432,"lib":0,"data":10286284800,"dirty":0,"uss":50499584,"pss":1789514752,"swap":0},"9975":{"rss":3267719168,"vms":12014088192,"shared":181092352,"text":2322432,"lib":0,"data":10286284800,"dirty":0,"uss":37511168,"pss":1647156224,"swap":0}},"nvidia_draw_absolute":179.3,"nvidia_estimated_attributable_power_draw":179.3,"average_gpu_estimated_utilization_absolute":0.985,"per_gpu_average_estimated_utilization_absolute":{"(0, 9766)":{"sm":98.5,"mem":64.0,"enc":0.0,"dec":0.0}},"average_gpu_estimated_utilization_relative":1.0,"per_gpu_performance_state":{"0":"P2"},"per_gpu_power_draw":{"0":179.3},"cpu_count_adjusted_average_load":[0.1459375,0.161875,0.16],"realtime_carbon_intensity":336.704610597,"disk_write_speed":34.8417333951,"process_ids":[9766,9975]}
{"timestamp":1572412320.0086948872,"rapl_power_draw_absolute":89.4318191798,"rapl_estimated_attributable_power_draw":19.2009405373,"cpu_time_seconds":{"9766":{"user":95.03,"system":25.33,"children_user":1.02,"children_system":0.27},"9975":{"user":1.23,"system":3.38,"children_user":0.1,"children_system":2.41}},"average_relative_cpu_utilization":0.2225825545,"absolute_cpu_utilization":1.0037933354,"relative_mem_usage":0.1472008244,"absolute_mem_usage":3524048896.0,"absolute_mem_percent_usage":0.0260849388,"mem_info_per_process":{"9766":{"rss":3651878912,"vms":12014088192,"shared":565272576,"text":2322432,"lib":0,"data":10286284800,"dirty":0,"uss":50503680,"pss":1789363200,"swap":0},"9975":{"rss":3267719168,"vms":12014088192,"shared":181092352,"text":2322432,"lib":0,"data":10286284800,"dirty":0,"uss":37380096,"pss":1646801920,"swap":0}},"nvidia_draw_absolute":179.43,"nvidia_estimated_attributable_power_draw":179.43,"average_gpu_estimated_utilization_absolute":0.985,"per_gpu_average_estimated_utilization_absolute":{"(0, 9766)":{"sm":98.5,"mem":64.0,"enc":0.0,"dec":0.0}},"average_gpu_estimated_utilization_relative":1.0,"per_gpu_performance_state":{"0":"P2"},"per_gpu_power_draw":{"0":179.43},"cpu_count_adjusted_average_load":[0.145,0.1609375,0.1596875],"realtime_carbon_intensity":336.704610597,"disk_write_speed":41.7067260635,"process_ids":[9766,9975]}
{"timestamp":1572412328.216135025,"rapl_power_draw_absolute":88.7566351103,"rapl_estimated_attributable_power_draw":19.1752389098,"cpu_time_seconds":{"9766":{"user":101.7,"system":26.87,"children_user":1.02,"children_system":0.27},"9975":{"user":1.37,"system":3.69,"children_user":0.1,"children_system":2.61}},"average_relative_cpu_utilization":0.2242108376,"absolute_cpu_utilization":0.9988026072,"relative_mem_usage":0.1472177035,"absolute_mem_usage":3524085760.0,"absolute_mem_percent_usage":0.0260852116,"mem_info_per_process":{"9766":{"rss":3651878912,"vms":12014088192,"shared":565272576,"text":2322432,"lib":0,"data":10286284800,"dirty":0,"uss":50515968,"pss":1789369344,"swap":0},"9975":{"rss":3267719168,"vms":12014088192,"shared":181092352,"text":2322432,"lib":0,"data":10286284800,"dirty":0,"uss":37392384,"pss":1646808064,"swap":0}},"nvidia_draw_absolute":180.16,"nvidia_estimated_attributable_power_draw":180.16,"average_gpu_estimated_utilization_absolute":0.99,"per_gpu_average_estimated_utilization_absolute":{"(0, 9766)":{"sm":99,"mem":64,"enc":0,"dec":0}},"average_gpu_estimated_utilization_relative":1.0,"per_gpu_performance_state":{"0":"P2"},"per_gpu_power_draw":{"0":180.16},"cpu_count_adjusted_average_load":[0.1459375,0.1609375,0.1596875],"realtime_carbon_intensity":336.704610597,"disk_write_speed":33.2802963262,"process_ids":[9766,9975]}
{"timestamp":1572412336.3408169746,"rapl_power_draw_absolute":89.0233981483,"rapl_estimated_attributable_power_draw":19.3616840253,"cpu_time_seconds":{"9766":{"user":108.16,"system":28.53,"children_user":1.02,"children_system":0.27},"9975":{"user":1.48,"system":3.97,"children_user":0.13,"children_system":2.79}},"average_relative_cpu_utilization":0.2257239327,"absolute_cpu_utilization":0.9987744528,"relative_mem_usage":0.1472324351,"absolute_mem_usage":3524110336.0,"absolute_mem_percent_usage":0.0260853935,"mem_info_per_process":{"9766":{"rss":3651878912,"vms":12014088192,"shared":565272576,"text":2322432,"lib":0,"data":10286284800,"dirty":0,"uss":50524160,"pss":1789373440,"swap":0},"9975":{"rss":3267719168,"vms":12014088192,"shared":181092352,"text":2322432,"lib":0,"data":10286284800,"dirty":0,"uss":37400576,"pss":1646812160,"swap":0}},"nvidia_draw_absolute":180.5,"nvidia_estimated_attributable_power_draw":180.5,"average_gpu_estimated_utilization_absolute":0.99,"per_gpu_average_estimated_utilization_absolute":{"(0, 9766)":{"sm":99,"mem":64,"enc":0,"dec":0}},"average_gpu_estimated_utilization_relative":1.0,"per_gpu_performance_state":{"0":"P2"},"per_gpu_power_draw":{"0":180.5},"cpu_count_adjusted_average_load":[0.1571875,0.1628125,0.1603125],"realtime_carbon_intensity":336.704610597,"disk_write_speed":45.9768269033,"process_ids":[9766,9975]}
{"timestamp":1572412344.4743340015,"rapl_power_draw_absolute":89.3789029869,"rapl_estimated_attributable_power_draw":19.5048677177,"cpu_time_seconds":{"9766":{"user":114.69,"system":30.14,"children_user":1.02,"children_system":0.27},"9975":{"user":1.6,"system":4.29,"children_user":0.13,"children_system":3.01}},"average_relative_cpu_utilization":0.2265990477,"absolute_cpu_utilization":1.0037995074,"relative_mem_usage":0.1472232993,"absolute_mem_usage":3524122624.0,"absolute_mem_percent_usage":0.0260854845,"mem_info_per_process":{"9766":{"rss":3651878912,"vms":12014088192,"shared":565272576,"text":2322432,"lib":0,"data":10286284800,"dirty":0,"uss":50528256,"pss":1789375488,"swap":0},"9975":{"rss":3267719168,"vms":12014088192,"shared":181092352,"text":2322432,"lib":0,"data":10286284800,"dirty":0,"uss":37404672,"pss":1646814208,"swap":0}},"nvidia_draw_absolute":182.1,"nvidia_estimated_attributable_power_draw":182.1,"average_gpu_estimated_utilization_absolute":0.99,"per_gpu_average_estimated_utilization_absolute":{"(0, 9766)":{"sm":99,"mem":64,"enc":0,"dec":0}},"average_gpu_estimated_utilization_relative":1.0,"per_gpu_performance_state":{"0":"P2"},"per_gpu_power_draw":{"0":182.1},"cpu_count_adjusted_average_load":[0.1546875,0.1621875,0.1603125],"realtime_carbon_intensity":335.5704697987,"disk_write_speed":33.4335990397,"process_ids":[9766,9975]}
{"timestamp":1572412352.652256012,"rapl_power_draw_absolute":89.2491826429,"rapl_estimated_attributable_power_draw":19.1425268844,"cpu_time_seconds":{"9766":{"user":121.31,"system":31.7,"children_user":1.02,"children_system":0.27},"9975":{"user":1.72,"system":4.57,"children_user":0.14,"children_system":3.22}},"average_relative_cpu_utilization":0.2224631203,"absolute_cpu_utilization":0.9987896912,"relative_mem_usage":0.1472134846,"absolute_mem_usage":3524134912.0,"absolute_mem_percent_usage":0.0260855754,"mem_info_per_process":{"9766":{"rss":3651878912,"vms":12014088192,"shared":565272576,"text":2322432,"lib":0,"data":10286284800,"dirty":0,"uss":50532352,"pss":1789377536,"swap":0},"9975":{"rss":3267719168,"vms":12014088192,"shared":181092352,"text":2322432,"lib":0,"data":10286284800,"dirty":0,"uss":37408768,"pss":1646816256,"swap":0}},"nvidia_draw_absolute":180.48,"nvidia_estimated_attributable_power_draw":180.48,"average_gpu_estimated_utilization_absolute":0.99,"per_gpu_average_estimated_utilization_absolute":{"(0, 9766)":{"sm":99,"mem":64,"enc":0,"dec":0}},"average_gpu_estimated_utilization_relative":1.0,"per_gpu_performance_state":{"0":"P2"},"per_gpu_power_draw":{"0":180.48},"cpu_count_adjusted_average_load":[0.1546875,0.1621875,0.16],"realtime_carbon_intensity":335.5704697987,"disk_write_speed":27.3866334969,"process_ids":[9766,9975]}
{"timestamp":1572412360.7692329884,"rapl_power_draw_absolute":88.8247505964,"rapl_estimated_attributable_power_draw":19.2412280092,"cpu_time_seconds":{"9766":{"user":127.88,"system":33.25,"children_user":1.02,"children_system":0.27},"9975":{"user":1.82,"system":4.84,"children_user":0.15,"children_system":3.42}},"average_relative_cpu_utilization":0.2248224891,"absolute_cpu_utilization":1.0037431759,"relative_mem_usage":0.1472125874,"absolute_mem_usage":3524147200.0,"absolute_mem_percent_usage":0.0260856664,"mem_info_per_process":{"9766":{"rss":3651878912,"vms":12014088192,"shared":565272576,"text":2322432,"lib":0,"data":10286284800,"dirty":0,"uss":50536448,"pss":1789379584,"swap":0},"9975":{"rss":3267719168,"vms":12014088192,"shared":181092352,"text":2322432,"lib":0,"data":10286284800,"dirty":0,"uss":37412864,"pss":1646818304,"swap":0}},"nvidia_draw_absolute":180.35,"nvidia_estimated_attributable_power_draw":180.35,"average_gpu_estimated_utilization_absolute":0.985,"per_gpu_average_estimated_utilization_absolute":{"(0, 9766)":{"sm":98.5,"mem":64.0,"enc":0.0,"dec":0.0}},"average_gpu_estimated_utilization_relative":1.0,"per_gpu_performance_state":{"0":"P2"},"per_gpu_power_draw":{"0":180.35},"cpu_count_adjusted_average_load":[0.1525,0.16125,0.16],"realtime_carbon_intensity":335.5704697987,"disk_write_speed":35.8336087788,"process_ids":[9766,9975]}
{"timestamp":1572412368.8637449741,"rapl_power_draw_absolute":88.8934931912,"rapl_estimated_attributable_power_draw":19.2120353286,"cpu_time_seconds":{"9766":{"user":134.41,"system":34.81,"children_user":1.02,"children_system":0.27},"9975":{"user":1.93,"system":5.11,"children_user":0.16,"children_system":3.62}},"average_relative_cpu_utilization":0.2242078546,"absolute_cpu_utilization":0.9987964084,"relative_mem_usage":0.1472064765,"absolute_mem_usage":3524159488.0,"absolute_mem_percent_usage":0.0260857574,"mem_info_per_process":{"9766":{"rss":3651878912,"vms":12014088192,"shared":565272576,"text":2322432,"lib":0,"data":10286284800,"dirty":0,"uss":50540544,"pss":1789381632,"swap":0},"9975":{"rss":3267719168,"vms":12014088192,"shared":181092352,"text":2322432,"lib":0,"data":10286284800,"dirty":0,"uss":37416960,"pss":1646820352,"swap":0}},"nvidia_draw_absolute":181.68,"nvidia_estimated_attributable_power_draw":181.68,"average_gpu_estimated_utilization_absolute":0.98,"per_gpu_average_estimated_utilization_absolute":{"(0, 9766)":{"sm":98,"mem":64,"enc":0,"dec":0}},"average_gpu_estimated_utilization_relative":1.0,"per_gpu_performance_state":{"0":"P2"},"per_gpu_power_draw":{"0":181.68},"cpu_count_adjusted_average_load":[0.160625,0.1628125,0.1603125],"realtime_carbon_intensity":335.5704697987,"disk_write_speed":31.8327271209,"process_ids":[9766,9975]}
{"timestamp":1572412376.9758360386,"rapl_power_draw_absolute":89.2557431645,"rapl_estimated_attributable_power_draw":19.2852040586,"cpu_time_seconds":{"9766":{"user":140.92,"system":36.41,"children_user":1.02,"children_system":0.27},"9975":{"user":2.05,"system":5.37,"children_user":0.17,"children_system":3.82}},"average_relative_cpu_utilization":0.2242039184,"absolute_cpu_utilization":0.9987808038,"relative_mem_usage":0.1472120019,"absolute_mem_usage":3524171776.0,"absolute_mem_percent_usage":0.0260858483,"mem_info_per_process":{"9766":{"rss":3651878912,"vms":12014088192,"shared":565272576,"text":2322432,"lib":0,"data":10286284800,"dirty":0,"uss":50544640,"pss":1789383680,"swap":0},"9975":{"rss":3267719168,"vms":12014088192,"shared":181092352,"text":2322432,"lib":0,"data":10286284800,"dirty":0,"uss":37421056,"pss":1646822400,"swap":0}},"nvidia_draw_absolute":181.56,"nvidia_estimated_attributable_power_draw":181.56,"average_gpu_estimated_utilization_absolute":0.985,"per_gpu_average_estimated_utilization_absolute":{"(0, 9766)":{"sm":98.5,"mem":64.0,"enc":0.0,"dec":0.0}},"average_gpu_estimated_utilization_relative":1.0,"per_gpu_performance_state":{"0":"P2"},"per_gpu_power_draw":{"0":181.56},"cpu_count_adjusted_average_load":[0.1578125,0.1621875,0.1603125],"realtime_carbon_intensity":335.5704697987,"disk_write_speed":29.8430993946,"process_ids":[9766,9975]}
{"timestamp":1572412385.1146039963,"rapl_power_draw_absolute":89.295222864,"rapl_estimated_attributable_power_draw":19.2810627653,"cpu_time_seconds":{"9766":{"user":147.41,"system":38.07,"children_user":1.02,"children_system":0.27},"9975":{"user":2.16,"system":5.64,"children_user":0.18,"children_system":4.03}},"average_relative_cpu_utilization":0.2242082116,"absolute_cpu_utilization":0.9987554059,"relative_mem_usage":0.1472196533,"absolute_mem_usage":3524196352.0,"absolute_mem_percent_usage":0.0260860302,"mem_info_per_process":{"9766":{"rss":3651878912,"vms":12014088192,"shared":565272576,"text":2322432,"lib":0,"data":10286284800,"dirty":0,"uss":50552832,"pss":1789387776,"swap":0},"9975":{"rss":3267719168,"vms":12014088192,"shared":181092352,"text":2322432,"lib":0,"data":10286284800,"dirty":0,"uss":37429248,"pss":1646826496,"swap":0}},"nvidia_draw_absolute":180.13,"nvidia_estimated_attributable_power_draw":180.13,"average_gpu_estimated_utilization_absolute":0.99,"per_gpu_average_estimated_utilization_absolute":{"(0, 9766)":{"sm":99,"mem":64,"enc":0,"dec":0}},"average_gpu_estimated_utilization_relative":1.0,"per_gpu_performance_state":{"0":"P2"},"per_gpu_power_draw":{"0":180.13},"cpu_count_adjusted_average_load":[0.1528125,0.1609375,0.1596875],"realtime_carbon_intensity":335.5704697987,"disk_write_speed":52.963114457,"process_ids":[9766,9975]}
{"timestamp":1572412393.2122330666,"rapl_power_draw_absolute":89.5084468175,"rapl_estimated_attributable_power_draw":19.5722722269,"cpu_time_seconds":{"9766":{"user":154.01,"system":39.57,"children_user":1.02,"children_system":0.27},"9975":{"user":2.31,"system":5.92,"children_user":0.18,"children_system":4.24}},"average_relative_cpu_utilization":0.2271113146,"absolute_cpu_utilization":1.0037755686,"relative_mem_usage":0.1472222574,"absolute_mem_usage":3524208640.0,"absolute_mem_percent_usage":0.0260861212,"mem_info_per_process":{"9766":{"rss":3651878912,"vms":12014088192,"shared":565272576,"text":2322432,"lib":0,"data":10286284800,"dirty":0,"uss":50556928,"pss":1789389824,"swap":0},"9975":{"rss":3267719168,"vms":12014088192,"shared":181092352,"text":2322432,"lib":0,"data":10286284800,"dirty":0,"uss":37433344,"pss":1646828544,"swap":0}},"nvidia_draw_absolute":182.48,"nvidia_estimated_attributable_power_draw":182.48,"average_gpu_estimated_utilization_absolute":0.99,"per_gpu_average_estimated_utilization_absolute":{"(0, 9766)":{"sm":99,"mem":64,"enc":0,"dec":0}},"average_gpu_estimated_utilization_relative":1.0,"per_gpu_performance_state":{"0":"P2"},"per_gpu_power_draw":{"0":182.48},"cpu_count_adjusted_average_load":[0.158125,0.161875,0.16],"realtime_carbon_intensity":335.5704697987,"disk_write_speed":29.1291474543,"process_ids":[9766,9975]}
