{"timestamp":1572410850.3951261044,"rapl_power_draw_absolute":88.3631591997,"rapl_estimated_attributable_power_draw":19.7679680367,"cpu_time_seconds":{"2618":{"user":0.0,"system":0.04,"children_user":0.0,"children_system":0.05},"2555":{"user":9.03,"system":2.72,"children_user":1.0,"children_system":0.28}},"average_relative_cpu_utilization":0.2328993401,"absolute_cpu_utilization":1.0037681925,"relative_mem_usage":0.1530574587,"absolute_mem_usage":3696467968.0,"absolute_mem_percent_usage":0.0273611812,"mem_info_per_process":{"2618":{"rss":3258839040,"vms":11436568576,"shared":174018560,"text":2322432,"lib":0,"data":9682173952,"dirty":0,"uss":92803072,"pss":1672251392,"swap":0},"2555":{"rss":3658493952,"vms":11436568576,"shared":573825024,"text":2322432,"lib":0,"data":9682173952,"dirty":0,"uss":111443968,"pss":1819969536,"swap":0}},"nvidia_draw_absolute":40.19,"nvidia_estimated_attributable_power_draw":40.19,"average_gpu_estimated_utilization_absolute":0.16,"per_gpu_average_estimated_utilization_absolute":{"(0, 2555)":{"sm":16,"mem":0,"enc":0,"dec":0}},"average_gpu_estimated_utilization_relative":1.0,"per_gpu_performance_state":{"0":"P2"},"per_gpu_power_draw":{"0":40.19},"cpu_count_adjusted_average_load":[0.1378125,0.1503125,0.1503125],"realtime_carbon_intensity":339.8608709639,"disk_write_speed":33.091800838,"process_ids":[2618,2555]}
{"timestamp":1572410858.5916180611,"rapl_power_draw_absolute":88.4752637746,"rapl_estimated_attributable_power_draw":19.8630068147,"cpu_time_seconds":{"2618":{"user":0.12,"system":0.32,"children_user":0.0,"children_system":0.26},"2555":{"user":17.22,"system":2.73,"children_user":1.0,"children_system":0.28}},"average_relative_cpu_utilization":0.2331698903,"absolute_cpu_utilization":1.0037760037,"relative_mem_usage":0.1543604875,"absolute_mem_usage":3729448960.0,"absolute_mem_percent_usage":0.0276053059,"mem_info_per_process":{"2618":{"rss":3265814528,"vms":11436568576,"shared":180858880,"text":2322432,"lib":0,"data":9682173952,"dirty":0,"uss":104038400,"pss":1679259648,"swap":0},"2555":{"rss":3658641408,"vms":11436568576,"shared":573825024,"text":2322432,"lib":0,"data":9682173952,"dirty":0,"uss":121331712,"pss":1824819200,"swap":0}},"nvidia_draw_absolute":40.57,"nvidia_estimated_attributable_power_draw":40.57,"average_gpu_estimated_utilization_absolute":0.16,"per_gpu_average_estimated_utilization_absolute":{"(0, 2555)":{"sm":16,"mem":0,"enc":0,"dec":0}},"average_gpu_estimated_utilization_relative":1.0,"per_gpu_performance_state":{"0":"P2"},"per_gpu_power_draw":{"0":40.57},"cpu_count_adjusted_average_load":[0.15,0.1525,0.1509375],"realtime_carbon_intensity":339.8608709639,"disk_write_speed":37.5390743426,"process_ids":[2618,2555]}
{"timestamp":1572410866.6984920502,"rapl_power_draw_absolute":88.1957002618,"rapl_estimated_attributable_power_draw":19.7296118298,"cpu_time_seconds":{"2618":{"user":0.22,"system":0.62,"children_user":0.01,"children_system":0.45},"2555":{"user":25.32,"system":2.74,"children_user":1.0,"children_system":0.28}},"average_relative_cpu_utilization":0.2322779315,"absolute_cpu_utilization":0.9987780222,"relative_mem_usage":0.154380276,"absolute_mem_usage":3730436096.0,"absolute_mem_percent_usage":0.0276126126,"mem_info_per_process":{"2618":{"rss":3265814528,"vms":11436568576,"shared":180858880,"text":2322432,"lib":0,"data":9682173952,"dirty":0,"uss":104329216,"pss":1679405056,"swap":0},"2555":{"rss":3658878976,"vms":11436568576,"shared":573825024,"text":2322432,"lib":0,"data":9682173952,"dirty":0,"uss":121630720,"pss":1825071104,"swap":0}},"nvidia_draw_absolute":39.63,"nvidia_estimated_attributable_power_draw":39.63,"average_gpu_estimated_utilization_absolute":0.165,"per_gpu_average_estimated_utilization_absolute":{"(0, 2555)":{"sm":16.5,"mem":0.0,"enc":0.0,"dec":0.0}},"average_gpu_estimated_utilization_relative":1.0,"per_gpu_performance_state":{"0":"P2"},"per_gpu_power_draw":{"0":39.63},"cpu_count_adjusted_average_load":[0.150625,0.1525,0.1509375],"realtime_carbon_intensity":339.8608709639,"disk_write_speed":23.7368750759,"process_ids":[2618,2555]}
{"timestamp":1572410874.8586170673,"rapl_power_draw_absolute":88.1640424309,"rapl_estimated_attributable_power_draw":19.9162693508,"cpu_time_seconds":{"2618":{"user":0.3,"system":0.92,"children_user":0.02,"children_system":0.66},"2555":{"user":33.48,"system":2.74,"children_user":1.0,"children_system":0.28}},"average_relative_cpu_utilization":0.2344566171,"absolute_cpu_utilization":0.9987731317,"relative_mem_usage":0.1543976545,"absolute_mem_usage":3730565120.0,"absolute_mem_percent_usage":0.0276135677,"mem_info_per_process":{"2618":{"rss":3265941504,"vms":11436568576,"shared":180985856,"text":2322432,"lib":0,"data":9682173952,"dirty":0,"uss":104382464,"pss":1679470592,"swap":0},"2555":{"rss":3658878976,"vms":11436568576,"shared":573825024,"text":2322432,"lib":0,"data":9682173952,"dirty":0,"uss":121638912,"pss":1825073152,"swap":0}},"nvidia_draw_absolute":39.73,"nvidia_estimated_attributable_power_draw":39.73,"average_gpu_estimated_utilization_absolute":0.165,"per_gpu_average_estimated_utilization_absolute":{"(0, 2555)":{"sm":16.5,"mem":0.0,"enc":0.0,"dec":0.0}},"average_gpu_estimated_utilization_relative":1.0,"per_gpu_performance_state":{"0":"P2"},"per_gpu_power_draw":{"0":39.73},"cpu_count_adjusted_average_load":[0.15375,0.153125,0.15125],"realtime_carbon_intensity":339.8608709639,"disk_write_speed":27.2173597051,"process_ids":[2618,2555]}
{"timestamp":1572410883.0543088913,"rapl_power_draw_absolute":87.6310862984,"rapl_estimated_attributable_power_draw":20.1316552961,"cpu_time_seconds":{"2618":{"user":0.41,"system":1.21,"children_user":0.02,"children_system":0.86},"2555":{"user":41.67,"system":2.74,"children_user":1.0,"children_system":0.28}},"average_relative_cpu_utilization":0.2389401037,"absolute_cpu_utilization":0.9987797948,"relative_mem_usage":0.1543860045,"absolute_mem_usage":3730589696.0,"absolute_mem_percent_usage":0.0276137496,"mem_info_per_process":{"2618":{"rss":3265941504,"vms":11436568576,"shared":180985856,"text":2322432,"lib":0,"data":9682173952,"dirty":0,"uss":104390656,"pss":1679474688,"swap":0},"2555":{"rss":3658878976,"vms":11436568576,"shared":573825024,"text":2322432,"lib":0,"data":9682173952,"dirty":0,"uss":121647104,"pss":1825077248,"swap":0}},"nvidia_draw_absolute":39.63,"nvidia_estimated_attributable_power_draw":39.63,"average_gpu_estimated_utilization_absolute":0.165,"per_gpu_average_estimated_utilization_absolute":{"(0, 2555)":{"sm":16.5,"mem":0.0,"enc":0.0,"dec":0.0}},"average_gpu_estimated_utilization_relative":1.0,"per_gpu_performance_state":{"0":"P2"},"per_gpu_power_draw":{"0":39.63},"cpu_count_adjusted_average_load":[0.1540625,0.1534375,0.15125],"realtime_carbon_intensity":339.8608709639,"disk_write_speed":24.8163991731,"process_ids":[2618,2555]}
{"timestamp":1572410891.2745890617,"rapl_power_draw_absolute":87.9503246865,"rapl_estimated_attributable_power_draw":20.2436050163,"cpu_time_seconds":{"2618":{"user":0.5,"system":1.51,"children_user":0.03,"children_system":1.07},"2555":{"user":49.89,"system":2.74,"children_user":1.0,"children_system":0.28}},"average_relative_cpu_utilization":0.2392240446,"absolute_cpu_utilization":0.9987857055,"relative_mem_usage":0.1544052266,"absolute_mem_usage":3730601984.0,"absolute_mem_percent_usage":0.0276138405,"mem_info_per_process":{"2618":{"rss":3265941504,"vms":11436568576,"shared":180985856,"text":2322432,"lib":0,"data":9682173952,"dirty":0,"uss":104394752,"pss":1679476736,"swap":0},"2555":{"rss":3658878976,"vms":11436568576,"shared":573825024,"text":2322432,"lib":0,"data":9682173952,"dirty":0,"uss":121651200,"pss":1825079296,"swap":0}},"nvidia_draw_absolute":40.24,"nvidia_estimated_attributable_power_draw":40.24,"average_gpu_estimated_utilization_absolute":0.16,"per_gpu_average_estimated_utilization_absolute":{"(0, 2555)":{"sm":16,"mem":0,"enc":0,"dec":0}},"average_gpu_estimated_utilization_relative":1.0,"per_gpu_performance_state":{"0":"P2"},"per_gpu_power_draw":{"0":40.24},"cpu_count_adjusted_average_load":[0.151875,0.1528125,0.15125],"realtime_carbon_intensity":339.8608709639,"disk_write_speed":31.2107105103,"process_ids":[2618,2555]}
{"timestamp":1572410899.4053320885,"rapl_power_draw_absolute":88.0831589306,"rapl_estimated_attributable_power_draw":20.1588710587,"cpu_time_seconds":{"2618":{"user":0.62,"system":1.8,"children_user":0.04,"children_system":1.27},"2555":{"user":58.02,"system":2.75,"children_user":1.0,"children_system":0.28}},"average_relative_cpu_utilization":0.2381432004,"absolute_cpu_utilization":1.0037861719,"relative_mem_usage":0.1543901768,"absolute_mem_usage":3730601984.0,"absolute_mem_percent_usage":0.0276138405,"mem_info_per_process":{"2618":{"rss":3265941504,"vms":11436568576,"shared":180985856,"text":2322432,"lib":0,"data":9682173952,"dirty":0,"uss":104394752,"pss":1679476736,"swap":0},"2555":{"rss":3658878976,"vms":11436568576,"shared":573825024,"text":2322432,"lib":0,"data":9682173952,"dirty":0,"uss":121651200,"pss":1825079296,"swap":0}},"nvidia_draw_absolute":39.65,"nvidia_estimated_attributable_power_draw":39.65,"average_gpu_estimated_utilization_absolute":0.16,"per_gpu_average_estimated_utilization_absolute":{"(0, 2555)":{"sm":16,"mem":0,"enc":0,"dec":0}},"average_gpu_estimated_utilization_relative":1.0,"per_gpu_performance_state":{"0":"P2"},"per_gpu_power_draw":{"0":39.65},"cpu_count_adjusted_average_load":[0.1575,0.1540625,0.1515625],"realtime_carbon_intensity":339.8608709639,"disk_write_speed":34.3006849224,"process_ids":[2618,2555]}
{"timestamp":1572410907.5761389732,"rapl_power_draw_absolute":87.6778874341,"rapl_estimated_attributable_power_draw":20.0199098,"cpu_time_seconds":{"2618":{"user":0.74,"system":2.09,"children_user":0.04,"children_system":1.48},"2555":{"user":66.19,"system":2.75,"children_user":1.0,"children_system":0.28}},"average_relative_cpu_utilization":0.2372397497,"absolute_cpu_utilization":0.9987635497,"relative_mem_usage":0.154405709,"absolute_mem_usage":3730614272.0,"absolute_mem_percent_usage":0.0276139315,"mem_info_per_process":{"2618":{"rss":3265941504,"vms":11436568576,"shared":180985856,"text":2322432,"lib":0,"data":9682173952,"dirty":0,"uss":104398848,"pss":1679478784,"swap":0},"2555":{"rss":3658878976,"vms":11436568576,"shared":573825024,"text":2322432,"lib":0,"data":9682173952,"dirty":0,"uss":121655296,"pss":1825081344,"swap":0}},"nvidia_draw_absolute":39.28,"nvidia_estimated_attributable_power_draw":39.28,"average_gpu_estimated_utilization_absolute":0.16,"per_gpu_average_estimated_utilization_absolute":{"(0, 2555)":{"sm":16,"mem":0,"enc":0,"dec":0}},"average_gpu_estimated_utilization_relative":1.0,"per_gpu_performance_state":{"0":"P2"},"per_gpu_power_draw":{"0":39.28},"cpu_count_adjusted_average_load":[0.1621875,0.155,0.151875],"realtime_carbon_intensity":339.8608709639,"disk_write_speed":30.6974368967,"process_ids":[2618,2555]}
{"timestamp":1572410915.6816608906,"rapl_power_draw_absolute":87.7019800794,"rapl_estimated_attributable_power_draw":20.0192407336,"cpu_time_seconds":{"2618":{"user":0.85,"system":2.36,"children_user":0.06,"children_system":1.67},"2555":{"user":74.29,"system":2.76,"children_user":1.0,"children_system":0.28}},"average_relative_cpu_utilization":0.2372397373,"absolute_cpu_utilization":0.9987752964,"relative_mem_usage":0.1543769058,"absolute_mem_usage":3730626560.0,"absolute_mem_percent_usage":0.0276140225,"mem_info_per_process":{"2618":{"rss":3265941504,"vms":11436568576,"shared":180985856,"text":2322432,"lib":0,"data":9682173952,"dirty":0,"uss":104402944,"pss":1679480832,"swap":0},"2555":{"rss":3658878976,"vms":11436568576,"shared":573825024,"text":2322432,"lib":0,"data":9682173952,"dirty":0,"uss":121659392,"pss":1825083392,"swap":0}},"nvidia_draw_absolute":39.04,"nvidia_estimated_attributable_power_draw":39.04,"average_gpu_estimated_utilization_absolute":0.16,"per_gpu_average_estimated_utilization_absolute":{"(0, 2555)":{"sm":16,"mem":0,"enc":0,"dec":0}},"average_gpu_estimated_utilization_relative":1.0,"per_gpu_performance_state":{"0":"P2"},"per_gpu_power_draw":{"0":39.04},"cpu_count_adjusted_average_load":[0.1665625,0.15625,0.1521875],"realtime_carbon_intensity":339.8608709639,"disk_write_speed":18.0702378961,"process_ids":[2618,2555]}
{"timestamp":1572410923.9629919529,"rapl_power_draw_absolute":87.7860183235,"rapl_estimated_attributable_power_draw":20.1533407057,"cpu_time_seconds":{"2618":{"user":0.94,"system":2.62,"children_user":0.06,"children_system":1.88},"2555":{"user":82.56,"system":2.77,"children_user":1.0,"children_system":0.28}},"average_relative_cpu_utilization":0.2387091028,"absolute_cpu_utilization":1.0037855743,"relative_mem_usage":0.1543725213,"absolute_mem_usage":3730638848.0,"absolute_mem_percent_usage":0.0276141134,"mem_info_per_process":{"2618":{"rss":3265941504,"vms":11436568576,"shared":180985856,"text":2322432,"lib":0,"data":9682173952,"dirty":0,"uss":104407040,"pss":1679482880,"swap":0},"2555":{"rss":3658878976,"vms":11436568576,"shared":573825024,"text":2322432,"lib":0,"data":9682173952,"dirty":0,"uss":121663488,"pss":1825085440,"swap":0}},"nvidia_draw_absolute":39.13,"nvidia_estimated_attributable_power_draw":39.13,"average_gpu_estimated_utilization_absolute":0.16,"per_gpu_average_estimated_utilization_absolute":{"(0, 2555)":{"sm":16,"mem":0,"enc":0,"dec":0}},"average_gpu_estimated_utilization_relative":1.0,"per_gpu_performance_state":{"0":"P2"},"per_gpu_power_draw":{"0":39.13},"cpu_count_adjusted_average_load":[0.174375,0.158125,0.153125],"realtime_carbon_intensity":339.8608709639,"disk_write_speed":23.7513144669,"process_ids":[2618,2555]}
{"timestamp":1572410932.0842239857,"rapl_power_draw_absolute":81.5740125292,"rapl_estimated_attributable_power_draw":24.384176409,"cpu_time_seconds":{"2618":{"user":1.02,"system":2.92,"children_user":0.06,"children_system":2.09},"2555":{"user":90.68,"system":2.78,"children_user":1.0,"children_system":0.28}},"average_relative_cpu_utilization":0.31405239,"absolute_cpu_utilization":1.0037556009,"relative_mem_usage":0.1847477904,"absolute_mem_usage":3823455232.0,"absolute_mem_percent_usage":0.0283011384,"mem_info_per_process":{"2618":{"rss":3265941504,"vms":11436568576,"shared":180985856,"text":2322432,"lib":0,"data":9682173952,"dirty":0,"uss":104505344,"pss":1680971776,"swap":0},"2555":{"rss":3658878976,"vms":11436568576,"shared":573825024,"text":2322432,"lib":0,"data":9682173952,"dirty":0,"uss":142843904,"pss":1895134208,"swap":0}},"nvidia_draw_absolute":39.27,"nvidia_estimated_attributable_power_draw":39.27,"average_gpu_estimated_utilization_absolute":0.165,"per_gpu_average_estimated_utilization_absolute":{"(0, 2555)":{"sm":16.5,"mem":0.0,"enc":0.0,"dec":0.0}},"average_gpu_estimated_utilization_relative":1.0,"per_gpu_performance_state":{"0":"P2"},"per_gpu_power_draw":{"0":39.27},"cpu_count_adjusted_average_load":[0.168125,0.1571875,0.1528125],"realtime_carbon_intensity":339.8608709639,"disk_write_speed":11.9643434779,"process_ids":[2618,2555]}
{"timestamp":1572410940.176762104,"rapl_power_draw_absolute":83.2440213641,"rapl_estimated_attributable_power_draw":22.5163981837,"cpu_time_seconds":{"2618":{"user":1.09,"system":3.18,"children_user":0.08,"children_system":2.28},"2555":{"user":98.77,"system":2.78,"children_user":1.0,"children_system":0.28}},"average_relative_cpu_utilization":0.281897848,"absolute_cpu_utilization":1.0037698712,"relative_mem_usage":0.1838391934,"absolute_mem_usage":3823179776.0,"absolute_mem_percent_usage":0.0282990995,"mem_info_per_process":{"2618":{"rss":3265941504,"vms":11436568576,"shared":180985856,"text":2322432,"lib":0,"data":9682173952,"dirty":0,"uss":104509440,"pss":1680956416,"swap":0},"2555":{"rss":3658878976,"vms":11436568576,"shared":573825024,"text":2322432,"lib":0,"data":9682173952,"dirty":0,"uss":142848000,"pss":1894865920,"swap":0}},"nvidia_draw_absolute":39.19,"nvidia_estimated_attributable_power_draw":39.19,"average_gpu_estimated_utilization_absolute":0.16,"per_gpu_average_estimated_utilization_absolute":{"(0, 2555)":{"sm":16,"mem":0,"enc":0,"dec":0}},"average_gpu_estimated_utilization_relative":1.0,"per_gpu_performance_state":{"0":"P2"},"per_gpu_power_draw":{"0":39.19},"cpu_count_adjusted_average_load":[0.173125,0.15875,0.153125],"realtime_carbon_intensity":339.8608709639,"disk_write_speed":32.6250405507,"process_ids":[2618,2555]}
{"timestamp":1572410948.5174839497,"rapl_power_draw_absolute":87.6785227971,"rapl_estimated_attributable_power_draw":20.3302464918,"cpu_time_seconds":{"2618":{"user":1.21,"system":3.47,"children_user":0.08,"children_system":2.51},"2555":{"user":107.11,"system":2.78,"children_user":1.0,"children_system":0.28}},"average_relative_cpu_utilization":0.2400903986,"absolute_cpu_utilization":0.9987445237,"relative_mem_usage":0.1700873512,"absolute_mem_usage":3776123904.0,"absolute_mem_percent_usage":0.0279507929,"mem_info_per_process":{"2618":{"rss":3265941504,"vms":11436568576,"shared":180985856,"text":2322432,"lib":0,"data":9682173952,"dirty":0,"uss":104464384,"pss":1680197632,"swap":0},"2555":{"rss":3658878976,"vms":11436568576,"shared":573825024,"text":2322432,"lib":0,"data":9682173952,"dirty":0,"uss":135061504,"pss":1856400384,"swap":0}},"nvidia_draw_absolute":39.22,"nvidia_estimated_attributable_power_draw":39.22,"average_gpu_estimated_utilization_absolute":0.16,"per_gpu_average_estimated_utilization_absolute":{"(0, 2555)":{"sm":16,"mem":0,"enc":0,"dec":0}},"average_gpu_estimated_utilization_relative":1.0,"per_gpu_performance_state":{"0":"P2"},"per_gpu_power_draw":{"0":39.22},"cpu_count_adjusted_average_load":[0.183125,0.16125,0.1540625],"realtime_carbon_intensity":339.8608709639,"disk_write_speed":29.7009303351,"process_ids":[2618,2555]}
{"timestamp":1572410956.6524899006,"rapl_power_draw_absolute":88.0267618024,"rapl_estimated_attributable_power_draw":19.7744774282,"cpu_time_seconds":{"2618":{"user":1.31,"system":3.77,"children_user":0.08,"children_system":2.73},"2555":{"user":115.24,"system":2.78,"children_user":1.0,"children_system":0.28}},"average_relative_cpu_utilization":0.2336366731,"absolute_cpu_utilization":0.998760928,"relative_mem_usage":0.1550630167,"absolute_mem_usage":3742792704.0,"absolute_mem_percent_usage":0.027704076,"mem_info_per_process":{"2618":{"rss":3265941504,"vms":11436568576,"shared":180985856,"text":2322432,"lib":0,"data":9682173952,"dirty":0,"uss":104468480,"pss":1679877120,"swap":0},"2555":{"rss":3658878976,"vms":11436568576,"shared":573825024,"text":2322432,"lib":0,"data":9682173952,"dirty":0,"uss":126967808,"pss":1831479296,"swap":0}},"nvidia_draw_absolute":39.63,"nvidia_estimated_attributable_power_draw":39.63,"average_gpu_estimated_utilization_absolute":0.16,"per_gpu_average_estimated_utilization_absolute":{"(0, 2555)":{"sm":16,"mem":0,"enc":0,"dec":0}},"average_gpu_estimated_utilization_relative":1.0,"per_gpu_performance_state":{"0":"P2"},"per_gpu_power_draw":{"0":39.63},"cpu_count_adjusted_average_load":[0.18125,0.16125,0.1540625],"realtime_carbon_intensity":339.8608709639,"disk_write_speed":22.4543290422,"process_ids":[2618,2555]}
{"timestamp":1572410964.7709000111,"rapl_power_draw_absolute":88.1313335439,"rapl_estimated_attributable_power_draw":19.8696490188,"cpu_time_seconds":{"2618":{"user":1.4,"system":4.04,"children_user":0.1,"children_system":2.92},"2555":{"user":123.36,"system":2.78,"children_user":1.0,"children_system":0.28}},"average_relative_cpu_utilization":0.2341843832,"absolute_cpu_utilization":0.9987660246,"relative_mem_usage":0.1549730002,"absolute_mem_usage":3742350336.0,"absolute_mem_percent_usage":0.0277008016,"mem_info_per_process":{"2618":{"rss":3265941504,"vms":11436568576,"shared":180985856,"text":2322432,"lib":0,"data":9682173952,"dirty":0,"uss":104439808,"pss":1679595520,"swap":0},"2555":{"rss":3658878976,"vms":11436568576,"shared":573825024,"text":2322432,"lib":0,"data":9682173952,"dirty":0,"uss":126971904,"pss":1831343104,"swap":0}},"nvidia_draw_absolute":39.59,"nvidia_estimated_attributable_power_draw":39.59,"average_gpu_estimated_utilization_absolute":0.16,"per_gpu_average_estimated_utilization_absolute":{"(0, 2555)":{"sm":16,"mem":0,"enc":0,"dec":0}},"average_gpu_estimated_utilization_relative":1.0,"per_gpu_performance_state":{"0":"P2"},"per_gpu_power_draw":{"0":39.59},"cpu_count_adjusted_average_load":[0.1775,0.1609375,0.1540625],"realtime_carbon_intensity":339.8608709639,"disk_write_speed":35.4771911986,"process_ids":[2618,2555]}
{"timestamp":1572410972.9139370918,"rapl_power_draw_absolute":88.1252671579,"rapl_estimated_attributable_power_draw":19.9236991364,"cpu_time_seconds":{"2618":{"user":1.51,"system":4.32,"children_user":0.11,"children_system":3.12},"2555":{"user":131.51,"system":2.78,"children_user":1.0,"children_system":0.28}},"average_relative_cpu_utilization":0.2350792185,"absolute_cpu_utilization":1.0037684427,"relative_mem_usage":0.1549692431,"absolute_mem_usage":3742355456.0,"absolute_mem_percent_usage":0.0277008395,"mem_info_per_process":{"2618":{"rss":3265941504,"vms":11436568576,"shared":180985856,"text":2322432,"lib":0,"data":9682173952,"dirty":0,"uss":104443904,"pss":1679591424,"swap":0},"2555":{"rss":3658878976,"vms":11436568576,"shared":573825024,"text":2322432,"lib":0,"data":9682173952,"dirty":0,"uss":126976000,"pss":1831344128,"swap":0}},"nvidia_draw_absolute":39.39,"nvidia_estimated_attributable_power_draw":39.39,"average_gpu_estimated_utilization_absolute":0.16,"per_gpu_average_estimated_utilization_absolute":{"(0, 2555)":{"sm":16,"mem":0,"enc":0,"dec":0}},"average_gpu_estimated_utilization_relative":1.0,"per_gpu_performance_state":{"0":"P2"},"per_gpu_power_draw":{"0":39.39},"cpu_count_adjusted_average_load":[0.18375,0.1628125,0.155],"realtime_carbon_intensity":339.8608709639,"disk_write_speed":26.2334520445,"process_ids":[2618,2555]}
{"timestamp":1572410981.0957219601,"rapl_power_draw_absolute":88.1670870375,"rapl_estimated_attributable_power_draw":19.9747140136,"cpu_time_seconds":{"2618":{"user":1.6,"system":4.6,"children_user":0.11,"children_system":3.34},"2555":{"user":139.69,"system":2.79,"children_user":1.0,"children_system":0.28}},"average_relative_cpu_utilization":0.2356295981,"absolute_cpu_utilization":1.0037422105,"relative_mem_usage":0.1549687532,"absolute_mem_usage":3742367744.0,"absolute_mem_percent_usage":0.0277009305,"mem_info_per_process":{"2618":{"rss":3265941504,"vms":11436568576,"shared":180985856,"text":2322432,"lib":0,"data":9682173952,"dirty":0,"uss":104448000,"pss":1679593472,"swap":0},"2555":{"rss":3658878976,"vms":11436568576,"shared":573825024,"text":2322432,"lib":0,"data":9682173952,"dirty":0,"uss":126980096,"pss":1831346176,"swap":0}},"nvidia_draw_absolute":39.15,"nvidia_estimated_attributable_power_draw":39.15,"average_gpu_estimated_utilization_absolute":0.16,"per_gpu_average_estimated_utilization_absolute":{"(0, 2555)":{"sm":16,"mem":0,"enc":0,"dec":0}},"average_gpu_estimated_utilization_relative":1.0,"per_gpu_performance_state":{"0":"P2"},"per_gpu_power_draw":{"0":39.15},"cpu_count_adjusted_average_load":[0.1790625,0.1621875,0.1546875],"realtime_carbon_intensity":339.8608709639,"disk_write_speed":27.884322355,"process_ids":[2618,2555]}
{"timestamp":1572410989.2204220295,"rapl_power_draw_absolute":88.2261031503,"rapl_estimated_attributable_power_draw":19.8205337132,"cpu_time_seconds":{"2618":{"user":1.68,"system":4.92,"children_user":0.12,"children_system":3.54},"2555":{"user":147.81,"system":2.79,"children_user":1.0,"children_system":0.28}},"average_relative_cpu_utilization":0.2336367448,"absolute_cpu_utilization":0.9987676801,"relative_mem_usage":0.1549723111,"absolute_mem_usage":3742380032.0,"absolute_mem_percent_usage":0.0277010214,"mem_info_per_process":{"2618":{"rss":3265941504,"vms":11436568576,"shared":180985856,"text":2322432,"lib":0,"data":9682173952,"dirty":0,"uss":104452096,"pss":1679595520,"swap":0},"2555":{"rss":3658878976,"vms":11436568576,"shared":573825024,"text":2322432,"lib":0,"data":9682173952,"dirty":0,"uss":126984192,"pss":1831348224,"swap":0}},"nvidia_draw_absolute":39.24,"nvidia_estimated_attributable_power_draw":39.24,"average_gpu_estimated_utilization_absolute":0.16,"per_gpu_average_estimated_utilization_absolute":{"(0, 2555)":{"sm":16,"mem":0,"enc":0,"dec":0}},"average_gpu_estimated_utilization_relative":1.0,"per_gpu_performance_state":{"0":"P2"},"per_gpu_power_draw":{"0":39.24},"cpu_count_adjusted_average_load":[0.1778125,0.1625,0.155],"realtime_carbon_intensity":339.8608709639,"disk_write_speed":19.079761634,"process_ids":[2618,2555]}
{"timestamp":1572410997.3833229542,"rapl_power_draw_absolute":88.0046750867,"rapl_estimated_attributable_power_draw":19.7454070214,"cpu_time_seconds":{"2618":{"user":1.74,"system":5.21,"children_user":0.12,"children_system":3.75},"2555":{"user":155.97,"system":2.79,"children_user":1.0,"children_system":0.28}},"average_relative_cpu_utilization":0.2333638612,"absolute_cpu_utilization":0.9987714241,"relative_mem_usage":0.1549690086,"absolute_mem_usage":3742392320.0,"absolute_mem_percent_usage":0.0277011124,"mem_info_per_process":{"2618":{"rss":3265941504,"vms":11436568576,"shared":180985856,"text":2322432,"lib":0,"data":9682173952,"dirty":0,"uss":104456192,"pss":1679597568,"swap":0},"2555":{"rss":3658878976,"vms":11436568576,"shared":573825024,"text":2322432,"lib":0,"data":9682173952,"dirty":0,"uss":126988288,"pss":1831350272,"swap":0}},"nvidia_draw_absolute":39.72,"nvidia_estimated_attributable_power_draw":39.72,"average_gpu_estimated_utilization_absolute":0.16,"per_gpu_average_estimated_utilization_absolute":{"(0, 2555)":{"sm":16,"mem":0,"enc":0,"dec":0}},"average_gpu_estimated_utilization_relative":1.0,"per_gpu_performance_state":{"0":"P2"},"per_gpu_power_draw":{"0":39.72},"cpu_count_adjusted_average_load":[0.176875,0.1628125,0.155],"realtime_carbon_intensity":339.8608709639,"disk_write_speed":22.5152096825,"process_ids":[2618,2555]}
{"timestamp":1572411005.5935790539,"rapl_power_draw_absolute":88.136367651,"rapl_estimated_attributable_power_draw":19.6788955331,"cpu_time_seconds":{"2618":{"user":1.82,"system":5.48,"children_user":0.13,"children_system":3.96},"2555":{"user":164.18,"system":2.79,"children_user":1.0,"children_system":0.28}},"average_relative_cpu_utilization":0.2317399004,"absolute_cpu_utilization":0.9987686426,"relative_mem_usage":0.1549565602,"absolute_mem_usage":3742404608.0,"absolute_mem_percent_usage":0.0277012033,"mem_info_per_process":{"2618":{"rss":3265941504,"vms":11436568576,"shared":180985856,"text":2322432,"lib":0,"data":9682173952,"dirty":0,"uss":104460288,"pss":1679599616,"swap":0},"2555":{"rss":3658878976,"vms":11436568576,"shared":573825024,"text":2322432,"lib":0,"data":9682173952,"dirty":0,"uss":126992384,"pss":1831352320,"swap":0}},"nvidia_draw_absolute":39.23,"nvidia_estimated_attributable_power_draw":39.23,"average_gpu_estimated_utilization_absolute":0.16,"per_gpu_average_estimated_utilization_absolute":{"(0, 2555)":{"sm":16,"mem":0,"enc":0,"dec":0}},"average_gpu_estimated_utilization_relative":1.0,"per_gpu_performance_state":{"0":"P2"},"per_gpu_power_draw":{"0":39.23},"cpu_count_adjusted_average_load":[0.1828125,0.164375,0.155625],"realtime_carbon_intensity":339.8608709639,"disk_write_speed":26.3479180748,"process_ids":[2618,2555]}
{"timestamp":1572411013.7512629032,"rapl_power_draw_absolute":88.2876232486,"rapl_estimated_attributable_power_draw":19.7483993438,"cpu_time_seconds":{"2618":{"user":1.92,"system":5.76,"children_user":0.14,"children_system":4.16},"2555":{"user":172.34,"system":2.8,"children_user":1.0,"children_system":0.28}},"average_relative_cpu_utilization":0.2320963418,"absolute_cpu_utilization":1.0037544002,"relative_mem_usage":0.1549274567,"absolute_mem_usage":3742416896.0,"absolute_mem_percent_usage":0.0277012943,"mem_info_per_process":{"2618":{"rss":3265941504,"vms":11436568576,"shared":180985856,"text":2322432,"lib":0,"data":9682173952,"dirty":0,"uss":104464384,"pss":1679601664,"swap":0},"2555":{"rss":3658878976,"vms":11436568576,"shared":573825024,"text":2322432,"lib":0,"data":9682173952,"dirty":0,"uss":126996480,"pss":1831354368,"swap":0}},"nvidia_draw_absolute":39.42,"nvidia_estimated_attributable_power_draw":39.42,"average_gpu_estimated_utilization_absolute":0.16,"per_gpu_average_estimated_utilization_absolute":{"(0, 2555)":{"sm":16,"mem":0,"enc":0,"dec":0}},"average_gpu_estimated_utilization_relative":1.0,"per_gpu_performance_state":{"0":"P2"},"per_gpu_power_draw":{"0":39.42},"cpu_count_adjusted_average_load":[0.190625,0.1665625,0.1565625],"realtime_carbon_intensity":339.8608709639,"disk_write_speed":21.5578141529,"process_ids":[2618,2555]}
{"timestamp":1572411021.8577470779,"rapl_power_draw_absolute":88.0735341153,"rapl_estimated_attributable_power_draw":19.7309894291,"cpu_time_seconds":{"2618":{"user":2.0,"system":6.02,"children_user":0.14,"children_system":4.38},"2555":{"user":180.44,"system":2.8,"children_user":1.0,"children_system":0.28}},"average_relative_cpu_utilization":0.2325482361,"absolute_cpu_utilization":0.9987533436,"relative_mem_usage":0.1549552388,"absolute_mem_usage":3742429184.0,"absolute_mem_percent_usage":0.0277013852,"mem_info_per_process":{"2618":{"rss":3265941504,"vms":11436568576,"shared":180985856,"text":2322432,"lib":0,"data":9682173952,"dirty":0,"uss":104468480,"pss":1679603712,"swap":0},"2555":{"rss":3658878976,"vms":11436568576,"shared":573825024,"text":2322432,"lib":0,"data":9682173952,"dirty":0,"uss":127000576,"pss":1831356416,"swap":0}},"nvidia_draw_absolute":39.0,"nvidia_estimated_attributable_power_draw":39.0,"average_gpu_estimated_utilization_absolute":0.16,"per_gpu_average_estimated_utilization_absolute":{"(0, 2555)":{"sm":16,"mem":0,"enc":0,"dec":0}},"average_gpu_estimated_utilization_relative":1.0,"per_gpu_performance_state":{"0":"P2"},"per_gpu_power_draw":{"0":39.0},"cpu_count_adjusted_average_load":[0.1903125,0.166875,0.1565625],"realtime_carbon_intensity":339.8608709639,"disk_write_speed":27.8269730906,"process_ids":[2618,2555]}
{"timestamp":1572411029.9645049572,"rapl_power_draw_absolute":88.0191863778,"rapl_estimated_attributable_power_draw":19.8833082765,"cpu_time_seconds":{"2618":{"user":2.1,"system":6.3,"children_user":0.14,"children_system":4.59},"2555":{"user":188.54,"system":2.81,"children_user":1.0,"children_system":0.28}},"average_relative_cpu_utilization":0.2347338823,"absolute_cpu_utilization":0.9987599079,"relative_mem_usage":0.1549735936,"absolute_mem_usage":3742441472.0,"absolute_mem_percent_usage":0.0277014762,"mem_info_per_process":{"2618":{"rss":3265941504,"vms":11436568576,"shared":180985856,"text":2322432,"lib":0,"data":9682173952,"dirty":0,"uss":104472576,"pss":1679605760,"swap":0},"2555":{"rss":3658878976,"vms":11436568576,"shared":573825024,"text":2322432,"lib":0,"data":9682173952,"dirty":0,"uss":127004672,"pss":1831358464,"swap":0}},"nvidia_draw_absolute":38.83,"nvidia_estimated_attributable_power_draw":38.83,"average_gpu_estimated_utilization_absolute":0.16,"per_gpu_average_estimated_utilization_absolute":{"(0, 2555)":{"sm":16,"mem":0,"enc":0,"dec":0}},"average_gpu_estimated_utilization_relative":1.0,"per_gpu_performance_state":{"0":"P2"},"per_gpu_power_draw":{"0":38.83},"cpu_count_adjusted_average_load":[0.189375,0.1675,0.156875],"realtime_carbon_intensity":339.8608709639,"disk_write_speed":25.6501581791,"process_ids":[2618,2555]}
{"timestamp":1572411038.0637130737,"rapl_power_draw_absolute":88.3956198407,"rapl_estimated_attributable_power_draw":19.8353972084,"cpu_time_seconds":{"2618":{"user":2.19,"system":6.57,"children_user":0.15,"children_system":4.79},"2555":{"user":196.64,"system":2.82,"children_user":1.0,"children_system":0.28}},"average_relative_cpu_utilization":0.2334382996,"absolute_cpu_utilization":1.0037036565,"relative_mem_usage":0.1549618542,"absolute_mem_usage":3742453760.0,"absolute_mem_percent_usage":0.0277015672,"mem_info_per_process":{"2618":{"rss":3265941504,"vms":11436568576,"shared":180985856,"text":2322432,"lib":0,"data":9682173952,"dirty":0,"uss":104476672,"pss":1679607808,"swap":0},"2555":{"rss":3658878976,"vms":11436568576,"shared":573825024,"text":2322432,"lib":0,"data":9682173952,"dirty":0,"uss":127008768,"pss":1831360512,"swap":0}},"nvidia_draw_absolute":39.69,"nvidia_estimated_attributable_power_draw":39.69,"average_gpu_estimated_utilization_absolute":0.16,"per_gpu_average_estimated_utilization_absolute":{"(0, 2555)":{"sm":16,"mem":0,"enc":0,"dec":0}},"average_gpu_estimated_utilization_relative":1.0,"per_gpu_performance_state":{"0":"P2"},"per_gpu_power_draw":{"0":39.69},"cpu_count_adjusted_average_load":[0.1896875,0.1684375,0.1571875],"realtime_carbon_intensity":339.8608709639,"disk_write_speed":17.5047848787,"process_ids":[2618,2555]}
{"timestamp":1572411046.198307991,"rapl_power_draw_absolute":88.0471884724,"rapl_estimated_attributable_power_draw":20.035536451,"cpu_time_seconds":{"2618":{"user":2.27,"system":6.87,"children_user":0.16,"children_system":4.99},"2555":{"user":204.77,"system":2.82,"children_user":1.0,"children_system":0.28}},"average_relative_cpu_utilization":0.2367409062,"absolute_cpu_utilization":1.0037725192,"relative_mem_usage":0.1549642722,"absolute_mem_usage":3742453760.0,"absolute_mem_percent_usage":0.0277015672,"mem_info_per_process":{"2618":{"rss":3265941504,"vms":11436568576,"shared":180985856,"text":2322432,"lib":0,"data":9682173952,"dirty":0,"uss":104476672,"pss":1679607808,"swap":0},"2555":{"rss":3658878976,"vms":11436568576,"shared":573825024,"text":2322432,"lib":0,"data":9682173952,"dirty":0,"uss":127008768,"pss":1831360512,"swap":0}},"nvidia_draw_absolute":39.07,"nvidia_estimated_attributable_power_draw":39.07,"average_gpu_estimated_utilization_absolute":0.16,"per_gpu_average_estimated_utilization_absolute":{"(0, 2555)":{"sm":16,"mem":0,"enc":0,"dec":0}},"average_gpu_estimated_utilization_relative":1.0,"per_gpu_performance_state":{"0":"P2"},"per_gpu_power_draw":{"0":39.07},"cpu_count_adjusted_average_load":[0.194375,0.1696875,0.1578125],"realtime_carbon_intensity":339.8608709639,"disk_write_speed":30.2490434046,"process_ids":[2618,2555]}
{"timestamp":1572411054.359194994,"rapl_power_draw_absolute":87.9243787465,"rapl_estimated_attributable_power_draw":19.7020487814,"cpu_time_seconds":{"2618":{"user":2.36,"system":7.17,"children_user":0.18,"children_system":5.18},"2555":{"user":212.92,"system":2.83,"children_user":1.0,"children_system":0.28}},"average_relative_cpu_utilization":0.2325497648,"absolute_cpu_utilization":0.9987747278,"relative_mem_usage":0.1549690914,"absolute_mem_usage":3742466048.0,"absolute_mem_percent_usage":0.0277016581,"mem_info_per_process":{"2618":{"rss":3265941504,"vms":11436568576,"shared":180985856,"text":2322432,"lib":0,"data":9682173952,"dirty":0,"uss":104480768,"pss":1679609856,"swap":0},"2555":{"rss":3658878976,"vms":11436568576,"shared":573825024,"text":2322432,"lib":0,"data":9682173952,"dirty":0,"uss":127012864,"pss":1831362560,"swap":0}},"nvidia_draw_absolute":39.03,"nvidia_estimated_attributable_power_draw":39.03,"average_gpu_estimated_utilization_absolute":0.16,"per_gpu_average_estimated_utilization_absolute":{"(0, 2555)":{"sm":16,"mem":0,"enc":0,"dec":0}},"average_gpu_estimated_utilization_relative":1.0,"per_gpu_performance_state":{"0":"P2"},"per_gpu_power_draw":{"0":39.03},"cpu_count_adjusted_average_load":[0.1859375,0.16875,0.1575],"realtime_carbon_intensity":339.8608709639,"disk_write_speed":11.4759687448,"process_ids":[2618,2555]}
{"timestamp":1572411062.4890871048,"rapl_power_draw_absolute":88.1794976716,"rapl_estimated_attributable_power_draw":19.6621270059,"cpu_time_seconds":{"2618":{"user":2.42,"system":7.44,"children_user":0.2,"children_system":5.38},"2555":{"user":221.05,"system":2.83,"children_user":1.0,"children_system":0.28}},"average_relative_cpu_utilization":0.2312059633,"absolute_cpu_utilization":0.998773769,"relative_mem_usage":0.1549483393,"absolute_mem_usage":3742478336.0,"absolute_mem_percent_usage":0.0277017491,"mem_info_per_process":{"2618":{"rss":3265941504,"vms":11436568576,"shared":180985856,"text":2322432,"lib":0,"data":9682173952,"dirty":0,"uss":104484864,"pss":1679611904,"swap":0},"2555":{"rss":3658878976,"vms":11436568576,"shared":573825024,"text":2322432,"lib":0,"data":9682173952,"dirty":0,"uss":127016960,"pss":1831364608,"swap":0}},"nvidia_draw_absolute":39.04,"nvidia_estimated_attributable_power_draw":39.04,"average_gpu_estimated_utilization_absolute":0.16,"per_gpu_average_estimated_utilization_absolute":{"(0, 2555)":{"sm":16,"mem":0,"enc":0,"dec":0}},"average_gpu_estimated_utilization_relative":1.0,"per_gpu_performance_state":{"0":"P2"},"per_gpu_power_draw":{"0":39.04},"cpu_count_adjusted_average_load":[0.195625,0.17125,0.15875],"realtime_carbon_intensity":339.8608709639,"disk_write_speed":15.8621072402,"process_ids":[2618,2555]}
{"timestamp":1572411070.6097788811,"rapl_power_draw_absolute":88.1304018922,"rapl_estimated_attributable_power_draw":19.9112937865,"cpu_time_seconds":{"2618":{"user":2.48,"system":7.72,"children_user":0.2,"children_system":5.59},"2555":{"user":229.18,"system":2.83,"children_user":1.0,"children_system":0.28}},"average_relative_cpu_utilization":0.2348049057,"absolute_cpu_utilization":1.0037552144,"relative_mem_usage":0.1549717888,"absolute_mem_usage":3742498816.0,"absolute_mem_percent_usage":0.0277019007,"mem_info_per_process":{"2618":{"rss":3265941504,"vms":11436568576,"shared":180985856,"text":2322432,"lib":0,"data":9682173952,"dirty":0,"uss":104493056,"pss":1679611904,"swap":0},"2555":{"rss":3658878976,"vms":11436568576,"shared":573825024,"text":2322432,"lib":0,"data":9682173952,"dirty":0,"uss":127025152,"pss":1831368704,"swap":0}},"nvidia_draw_absolute":39.24,"nvidia_estimated_attributable_power_draw":39.24,"average_gpu_estimated_utilization_absolute":0.16,"per_gpu_average_estimated_utilization_absolute":{"(0, 2555)":{"sm":16,"mem":0,"enc":0,"dec":0}},"average_gpu_estimated_utilization_relative":1.0,"per_gpu_performance_state":{"0":"P2"},"per_gpu_power_draw":{"0":39.24},"cpu_count_adjusted_average_load":[0.19,0.170625,0.1584375],"realtime_carbon_intensity":339.8608709639,"disk_write_speed":26.5362827403,"process_ids":[2618,2555]}
{"timestamp":1572411078.7270300388,"rapl_power_draw_absolute":88.2111259428,"rapl_estimated_attributable_power_draw":19.6486234484,"cpu_time_seconds":{"2618":{"user":2.56,"system":7.99,"children_user":0.21,"children_system":5.8},"2555":{"user":237.29,"system":2.84,"children_user":1.0,"children_system":0.28}},"average_relative_cpu_utilization":0.2310265292,"absolute_cpu_utilization":1.0037639797,"relative_mem_usage":0.155002727,"absolute_mem_usage":3742515200.0,"absolute_mem_percent_usage":0.0277020219,"mem_info_per_process":{"2618":{"rss":3265941504,"vms":11436568576,"shared":180985856,"text":2322432,"lib":0,"data":9682173952,"dirty":0,"uss":104497152,"pss":1679618048,"swap":0},"2555":{"rss":3658878976,"vms":11436568576,"shared":573825024,"text":2322432,"lib":0,"data":9682173952,"dirty":0,"uss":127029248,"pss":1831370752,"swap":0}},"nvidia_draw_absolute":39.37,"nvidia_estimated_attributable_power_draw":39.37,"average_gpu_estimated_utilization_absolute":0.165,"per_gpu_average_estimated_utilization_absolute":{"(0, 2555)":{"sm":16.5,"mem":0.0,"enc":0.0,"dec":0.0}},"average_gpu_estimated_utilization_relative":1.0,"per_gpu_performance_state":{"0":"P2"},"per_gpu_power_draw":{"0":39.37},"cpu_count_adjusted_average_load":[0.18,0.1690625,0.158125],"realtime_carbon_intensity":339.8608709639,"disk_write_speed":30.5648973678,"process_ids":[2618,2555]}
{"timestamp":1572411086.8841500282,"rapl_power_draw_absolute":88.5478279745,"rapl_estimated_attributable_power_draw":19.5609814184,"cpu_time_seconds":{"2618":{"user":2.66,"system":8.29,"children_user":0.22,"children_system":6.0},"2555":{"user":245.44,"system":2.84,"children_user":1.0,"children_system":0.28}},"average_relative_cpu_utilization":0.2288252814,"absolute_cpu_utilization":0.9987488584,"relative_mem_usage":0.1549844015,"absolute_mem_usage":3742515200.0,"absolute_mem_percent_usage":0.0277020219,"mem_info_per_process":{"2618":{"rss":3265941504,"vms":11436568576,"shared":180985856,"text":2322432,"lib":0,"data":9682173952,"dirty":0,"uss":104497152,"pss":1679618048,"swap":0},"2555":{"rss":3658878976,"vms":11436568576,"shared":573825024,"text":2322432,"lib":0,"data":9682173952,"dirty":0,"uss":127029248,"pss":1831370752,"swap":0}},"nvidia_draw_absolute":39.22,"nvidia_estimated_attributable_power_draw":39.22,"average_gpu_estimated_utilization_absolute":0.165,"per_gpu_average_estimated_utilization_absolute":{"(0, 2555)":{"sm":16.5,"mem":0.0,"enc":0.0,"dec":0.0}},"average_gpu_estimated_utilization_relative":1.0,"per_gpu_performance_state":{"0":"P2"},"per_gpu_power_draw":{"0":39.22},"cpu_count_adjusted_average_load":[0.178125,0.16875,0.158125],"realtime_carbon_intensity":339.8608709639,"disk_write_speed":38.7995580094,"process_ids":[2618,2555]}
{"timestamp":1572411095.016299963,"rapl_power_draw_absolute":88.6576264454,"rapl_estimated_attributable_power_draw":19.5491449775,"cpu_time_seconds":{"2618":{"user":2.79,"system":8.56,"children_user":0.22,"children_system":6.21},"2555":{"user":253.58,"system":2.84,"children_user":1.0,"children_system":0.28}},"average_relative_cpu_utilization":0.2285650068,"absolute_cpu_utilization":0.9987643728,"relative_mem_usage":0.1549886961,"absolute_mem_usage":3742527488.0,"absolute_mem_percent_usage":0.0277021129,"mem_info_per_process":{"2618":{"rss":3265941504,"vms":11436568576,"shared":180985856,"text":2322432,"lib":0,"data":9682173952,"dirty":0,"uss":104501248,"pss":1679620096,"swap":0},"2555":{"rss":3658878976,"vms":11436568576,"shared":573825024,"text":2322432,"lib":0,"data":9682173952,"dirty":0,"uss":127033344,"pss":1831372800,"swap":0}},"nvidia_draw_absolute":39.16,"nvidia_estimated_attributable_power_draw":39.16,"average_gpu_estimated_utilization_absolute":0.16,"per_gpu_average_estimated_utilization_absolute":{"(0, 2555)":{"sm":16,"mem":0,"enc":0,"dec":0}},"average_gpu_estimated_utilization_relative":1.0,"per_gpu_performance_state":{"0":"P2"},"per_gpu_power_draw":{"0":39.16},"cpu_count_adjusted_average_load":[0.176875,0.1690625,0.158125],"realtime_carbon_intensity":339.8608709639,"disk_write_speed":24.5949952419,"process_ids":[2618,2555]}
{"timestamp":1572411103.1849019527,"rapl_power_draw_absolute":88.7208503945,"rapl_estimated_attributable_power_draw":19.5917268482,"cpu_time_seconds":{"2618":{"user":2.88,"system":8.84,"children_user":0.23,"children_system":6.41},"2555":{"user":261.75,"system":2.84,"children_user":1.0,"children_system":0.28}},"average_relative_cpu_utilization":0.2286587915,"absolute_cpu_utilization":1.0037464661,"relative_mem_usage":0.1549846043,"absolute_mem_usage":3742539776.0,"absolute_mem_percent_usage":0.0277022038,"mem_info_per_process":{"2618":{"rss":3265941504,"vms":11436568576,"shared":180985856,"text":2322432,"lib":0,"data":9682173952,"dirty":0,"uss":104505344,"pss":1679622144,"swap":0},"2555":{"rss":3658878976,"vms":11436568576,"shared":573825024,"text":2322432,"lib":0,"data":9682173952,"dirty":0,"uss":127037440,"pss":1831374848,"swap":0}},"nvidia_draw_absolute":38.81,"nvidia_estimated_attributable_power_draw":38.81,"average_gpu_estimated_utilization_absolute":0.16,"per_gpu_average_estimated_utilization_absolute":{"(0, 2555)":{"sm":16,"mem":0,"enc":0,"dec":0}},"average_gpu_estimated_utilization_relative":1.0,"per_gpu_performance_state":{"0":"P2"},"per_gpu_power_draw":{"0":38.81},"cpu_count_adjusted_average_load":[0.1859375,0.17125,0.1590625],"realtime_carbon_intensity":339.8608709639,"disk_write_speed":17.1845822504,"process_ids":[2618,2555]}
{"timestamp":1572411111.3087229729,"rapl_power_draw_absolute":88.6982190118,"rapl_estimated_attributable_power_draw":19.4680840828,"cpu_time_seconds":{"2618":{"user":2.95,"system":9.12,"children_user":0.24,"children_system":6.61},"2555":{"user":269.87,"system":2.84,"children_user":1.0,"children_system":0.28}},"average_relative_cpu_utilization":0.2277820278,"absolute_cpu_utilization":0.9987593338,"relative_mem_usage":0.1549931054,"absolute_mem_usage":3742552064.0,"absolute_mem_percent_usage":0.0277022948,"mem_info_per_process":{"2618":{"rss":3265941504,"vms":11436568576,"shared":180985856,"text":2322432,"lib":0,"data":9682173952,"dirty":0,"uss":104509440,"pss":1679624192,"swap":0},"2555":{"rss":3658878976,"vms":11436568576,"shared":573825024,"text":2322432,"lib":0,"data":9682173952,"dirty":0,"uss":127041536,"pss":1831376896,"swap":0}},"nvidia_draw_absolute":38.76,"nvidia_estimated_attributable_power_draw":38.76,"average_gpu_estimated_utilization_absolute":0.16,"per_gpu_average_estimated_utilization_absolute":{"(0, 2555)":{"sm":16,"mem":0,"enc":0,"dec":0}},"average_gpu_estimated_utilization_relative":1.0,"per_gpu_performance_state":{"0":"P2"},"per_gpu_power_draw":{"0":38.76},"cpu_count_adjusted_average_load":[0.1884375,0.171875,0.159375],"realtime_carbon_intensity":339.8608709639,"disk_write_speed":30.558645725,"process_ids":[2618,2555]}
{"timestamp":1572411119.4444758892,"rapl_power_draw_absolute":89.1224771084,"rapl_estimated_attributable_power_draw":19.5857263031,"cpu_time_seconds":{"2618":{"user":3.06,"system":9.42,"children_user":0.25,"children_system":6.82},"2555":{"user":278.01,"system":2.84,"children_user":1.0,"children_system":0.28}},"average_relative_cpu_utilization":0.2278833115,"absolute_cpu_utilization":1.0037691878,"relative_mem_usage":0.1549924574,"absolute_mem_usage":3742564352.0,"absolute_mem_percent_usage":0.0277023858,"mem_info_per_process":{"2618":{"rss":3265941504,"vms":11436568576,"shared":180985856,"text":2322432,"lib":0,"data":9682173952,"dirty":0,"uss":104513536,"pss":1679626240,"swap":0},"2555":{"rss":3658878976,"vms":11436568576,"shared":573825024,"text":2322432,"lib":0,"data":9682173952,"dirty":0,"uss":127045632,"pss":1831378944,"swap":0}},"nvidia_draw_absolute":39.01,"nvidia_estimated_attributable_power_draw":39.01,"average_gpu_estimated_utilization_absolute":0.16,"per_gpu_average_estimated_utilization_absolute":{"(0, 2555)":{"sm":16,"mem":0,"enc":0,"dec":0}},"average_gpu_estimated_utilization_relative":1.0,"per_gpu_performance_state":{"0":"P2"},"per_gpu_power_draw":{"0":39.01},"cpu_count_adjusted_average_load":[0.188125,0.1725,0.1596875],"realtime_carbon_intensity":339.8608709639,"disk_write_speed":9.6617214401,"process_ids":[2618,2555]}
{"timestamp":1572411127.562609911,"rapl_power_draw_absolute":89.1595559253,"rapl_estimated_attributable_power_draw":19.6469784902,"cpu_time_seconds":{"2618":{"user":3.12,"system":9.68,"children_user":0.26,"children_system":7.02},"2555":{"user":286.12,"system":2.84,"children_user":1.0,"children_system":0.28}},"average_relative_cpu_utilization":0.2283017595,"absolute_cpu_utilization":0.9987612717,"relative_mem_usage":0.1549825838,"absolute_mem_usage":3742613504.0,"absolute_mem_percent_usage":0.0277027496,"mem_info_per_process":{"2618":{"rss":3265941504,"vms":11436568576,"shared":180985856,"text":2322432,"lib":0,"data":9682173952,"dirty":0,"uss":104529920,"pss":1679634432,"swap":0},"2555":{"rss":3658878976,"vms":11436568576,"shared":573825024,"text":2322432,"lib":0,"data":9682173952,"dirty":0,"uss":127062016,"pss":1831387136,"swap":0}},"nvidia_draw_absolute":38.81,"nvidia_estimated_attributable_power_draw":38.81,"average_gpu_estimated_utilization_absolute":0.16,"per_gpu_average_estimated_utilization_absolute":{"(0, 2555)":{"sm":16,"mem":0,"enc":0,"dec":0}},"average_gpu_estimated_utilization_relative":1.0,"per_gpu_performance_state":{"0":"P2"},"per_gpu_power_draw":{"0":38.81},"cpu_count_adjusted_average_load":[0.1875,0.1728125,0.16],"realtime_carbon_intensity":339.8608709639,"disk_write_speed":31.2387502985,"process_ids":[2618,2555]}
{"timestamp":1572411135.6562120914,"rapl_power_draw_absolute":88.9994810542,"rapl_estimated_attributable_power_draw":19.5323042391,"cpu_time_seconds":{"2618":{"user":3.22,"system":9.95,"children_user":0.26,"children_system":7.23},"2555":{"user":294.21,"system":2.85,"children_user":1.0,"children_system":0.28}},"average_relative_cpu_utilization":0.2275250092,"absolute_cpu_utilization":0.9987371104,"relative_mem_usage":0.1549875091,"absolute_mem_usage":3742625792.0,"absolute_mem_percent_usage":0.0277028405,"mem_info_per_process":{"2618":{"rss":3265941504,"vms":11436568576,"shared":180985856,"text":2322432,"lib":0,"data":9682173952,"dirty":0,"uss":104534016,"pss":1679636480,"swap":0},"2555":{"rss":3658878976,"vms":11436568576,"shared":573825024,"text":2322432,"lib":0,"data":9682173952,"dirty":0,"uss":127066112,"pss":1831389184,"swap":0}},"nvidia_draw_absolute":39.05,"nvidia_estimated_attributable_power_draw":39.05,"average_gpu_estimated_utilization_absolute":0.16,"per_gpu_average_estimated_utilization_absolute":{"(0, 2555)":{"sm":16,"mem":0,"enc":0,"dec":0}},"average_gpu_estimated_utilization_relative":1.0,"per_gpu_performance_state":{"0":"P2"},"per_gpu_power_draw":{"0":39.05},"cpu_count_adjusted_average_load":[0.1825,0.1721875,0.1596875],"realtime_carbon_intensity":339.8608709639,"disk_write_speed":11.2182560273,"process_ids":[2618,2555]}
{"timestamp":1572411143.7853150368,"rapl_power_draw_absolute":89.2623797678,"rapl_estimated_attributable_power_draw":19.6700182495,"cpu_time_seconds":{"2618":{"user":3.26,"system":10.23,"children_user":0.27,"children_system":7.44},"2555":{"user":302.34,"system":2.85,"children_user":1.0,"children_system":0.28}},"average_relative_cpu_utilization":0.2285633604,"absolute_cpu_utilization":0.9987717419,"relative_mem_usage":0.1549946168,"absolute_mem_usage":3742638080.0,"absolute_mem_percent_usage":0.0277029315,"mem_info_per_process":{"2618":{"rss":3265941504,"vms":11436568576,"shared":180985856,"text":2322432,"lib":0,"data":9682173952,"dirty":0,"uss":104538112,"pss":1679638528,"swap":0},"2555":{"rss":3658878976,"vms":11436568576,"shared":573825024,"text":2322432,"lib":0,"data":9682173952,"dirty":0,"uss":127070208,"pss":1831391232,"swap":0}},"nvidia_draw_absolute":39.22,"nvidia_estimated_attributable_power_draw":39.22,"average_gpu_estimated_utilization_absolute":0.165,"per_gpu_average_estimated_utilization_absolute":{"(0, 2555)":{"sm":16.5,"mem":0.0,"enc":0.0,"dec":0.0}},"average_gpu_estimated_utilization_relative":1.0,"per_gpu_performance_state":{"0":"P2"},"per_gpu_power_draw":{"0":39.22},"cpu_count_adjusted_average_load":[0.17375,0.170625,0.159375],"realtime_carbon_intensity":337.277384728,"disk_write_speed":25.2976050627,"process_ids":[2618,2555]}
{"timestamp":1572411151.9655599594,"rapl_power_draw_absolute":89.1543519972,"rapl_estimated_attributable_power_draw":19.5276126933,"cpu_time_seconds":{"2618":{"user":3.38,"system":10.51,"children_user":0.28,"children_system":7.64},"2555":{"user":310.52,"system":2.86,"children_user":1.0,"children_system":0.28}},"average_relative_cpu_utilization":0.226853923,"absolute_cpu_utilization":1.0037681066,"relative_mem_usage":0.1549953693,"absolute_mem_usage":3742797824.0,"absolute_mem_percent_usage":0.0277041139,"mem_info_per_process":{"2618":{"rss":3265941504,"vms":11436568576,"shared":180985856,"text":2322432,"lib":0,"data":9682173952,"dirty":0,"uss":104542208,"pss":1679640576,"swap":0},"2555":{"rss":3658878976,"vms":11436568576,"shared":573825024,"text":2322432,"lib":0,"data":9682173952,"dirty":0,"uss":127172608,"pss":1831442432,"swap":0}},"nvidia_draw_absolute":39.07,"nvidia_estimated_attributable_power_draw":39.07,"average_gpu_estimated_utilization_absolute":0.155,"per_gpu_average_estimated_utilization_absolute":{"(0, 2555)":{"sm":15.5,"mem":0.0,"enc":0.0,"dec":0.0}},"average_gpu_estimated_utilization_relative":1.0,"per_gpu_performance_state":{"0":"P2"},"per_gpu_power_draw":{"0":39.07},"cpu_count_adjusted_average_load":[0.1721875,0.1703125,0.159375],"realtime_carbon_intensity":337.277384728,"disk_write_speed":23.8160719389,"process_ids":[2618,2555]}
{"timestamp":1572411160.0667309761,"rapl_power_draw_absolute":89.1917830161,"rapl_estimated_attributable_power_draw":19.6108259369,"cpu_time_seconds":{"2618":{"user":3.47,"system":10.78,"children_user":0.29,"children_system":7.84},"2555":{"user":318.6,"system":2.88,"children_user":1.0,"children_system":0.28}},"average_relative_cpu_utilization":0.2278810703,"absolute_cpu_utilization":1.0037414786,"relative_mem_usage":0.1550157983,"absolute_mem_usage":3742969856.0,"absolute_mem_percent_usage":0.0277053873,"mem_info_per_process":{"2618":{"rss":3265941504,"vms":11436568576,"shared":180985856,"text":2322432,"lib":0,"data":9682173952,"dirty":0,"uss":104648704,"pss":1679693824,"swap":0},"2555":{"rss":3658878976,"vms":11436568576,"shared":573825024,"text":2322432,"lib":0,"data":9682173952,"dirty":0,"uss":127180800,"pss":1831446528,"swap":0}},"nvidia_draw_absolute":38.98,"nvidia_estimated_attributable_power_draw":38.98,"average_gpu_estimated_utilization_absolute":0.16,"per_gpu_average_estimated_utilization_absolute":{"(0, 2555)":{"sm":16,"mem":0,"enc":0,"dec":0}},"average_gpu_estimated_utilization_relative":1.0,"per_gpu_performance_state":{"0":"P2"},"per_gpu_power_draw":{"0":38.98},"cpu_count_adjusted_average_load":[0.174375,0.1709375,0.1596875],"realtime_carbon_intensity":337.277384728,"disk_write_speed":22.6821558508,"process_ids":[2618,2555]}
{"timestamp":1572411168.2365341187,"rapl_power_draw_absolute":89.4024391583,"rapl_estimated_attributable_power_draw":19.5254754912,"cpu_time_seconds":{"2618":{"user":3.56,"system":11.05,"children_user":0.3,"children_system":8.04},"2555":{"user":326.77,"system":2.88,"children_user":1.0,"children_system":0.28}},"average_relative_cpu_utilization":0.2263416136,"absolute_cpu_utilization":1.0037579911,"relative_mem_usage":0.1550087512,"absolute_mem_usage":3742969856.0,"absolute_mem_percent_usage":0.0277053873,"mem_info_per_process":{"2618":{"rss":3265941504,"vms":11436568576,"shared":180985856,"text":2322432,"lib":0,"data":9682173952,"dirty":0,"uss":104648704,"pss":1679693824,"swap":0},"2555":{"rss":3658878976,"vms":11436568576,"shared":573825024,"text":2322432,"lib":0,"data":9682173952,"dirty":0,"uss":127180800,"pss":1831446528,"swap":0}},"nvidia_draw_absolute":38.78,"nvidia_estimated_attributable_power_draw":38.78,"average_gpu_estimated_utilization_absolute":0.16,"per_gpu_average_estimated_utilization_absolute":{"(0, 2555)":{"sm":16,"mem":0,"enc":0,"dec":0}},"average_gpu_estimated_utilization_relative":1.0,"per_gpu_performance_state":{"0":"P2"},"per_gpu_power_draw":{"0":38.78},"cpu_count_adjusted_average_load":[0.1765625,0.17125,0.16],"realtime_carbon_intensity":337.277384728,"disk_write_speed":30.618584349,"process_ids":[2618,2555]}
{"timestamp":1572411176.3396821022,"rapl_power_draw_absolute":89.0447071774,"rapl_estimated_attributable_power_draw":19.7470835481,"cpu_time_seconds":{"2618":{"user":3.66,"system":11.32,"children_user":0.31,"children_system":8.24},"2555":{"user":334.87,"system":2.88,"children_user":1.0,"children_system":0.28}},"average_relative_cpu_utilization":0.2301415782,"absolute_cpu_utilization":0.9987724386,"relative_mem_usage":0.1550024765,"absolute_mem_usage":3742982144.0,"absolute_mem_percent_usage":0.0277054782,"mem_info_per_process":{"2618":{"rss":3265941504,"vms":11436568576,"shared":180985856,"text":2322432,"lib":0,"data":9682173952,"dirty":0,"uss":104652800,"pss":1679695872,"swap":0},"2555":{"rss":3658878976,"vms":11436568576,"shared":573825024,"text":2322432,"lib":0,"data":9682173952,"dirty":0,"uss":127184896,"pss":1831448576,"swap":0}},"nvidia_draw_absolute":39.35,"nvidia_estimated_attributable_power_draw":39.35,"average_gpu_estimated_utilization_absolute":0.16,"per_gpu_average_estimated_utilization_absolute":{"(0, 2555)":{"sm":16,"mem":0,"enc":0,"dec":0}},"average_gpu_estimated_utilization_relative":1.0,"per_gpu_performance_state":{"0":"P2"},"per_gpu_power_draw":{"0":39.35},"cpu_count_adjusted_average_load":[0.1725,0.170625,0.1596875],"realtime_carbon_intensity":337.277384728,"disk_write_speed":22.5702955674,"process_ids":[2618,2555]}
{"timestamp":1572411184.5068650246,"rapl_power_draw_absolute":89.3759711178,"rapl_estimated_attributable_power_draw":19.7215469188,"cpu_time_seconds":{"2618":{"user":3.75,"system":11.58,"children_user":0.32,"children_system":8.45},"2555":{"user":343.03,"system":2.89,"children_user":1.0,"children_system":0.28}},"average_relative_cpu_utilization":0.2285634536,"absolute_cpu_utilization":0.998792248,"relative_mem_usage":0.1549853298,"absolute_mem_usage":3742884864.0,"absolute_mem_percent_usage":0.0277047582,"mem_info_per_process":{"2618":{"rss":3265941504,"vms":11436568576,"shared":180985856,"text":2322432,"lib":0,"data":9682173952,"dirty":0,"uss":104656896,"pss":1679697920,"swap":0},"2555":{"rss":3658878976,"vms":11436568576,"shared":573825024,"text":2322432,"lib":0,"data":9682173952,"dirty":0,"uss":127188992,"pss":1831341056,"swap":0}},"nvidia_draw_absolute":39.17,"nvidia_estimated_attributable_power_draw":39.17,"average_gpu_estimated_utilization_absolute":0.16,"per_gpu_average_estimated_utilization_absolute":{"(0, 2555)":{"sm":16,"mem":0,"enc":0,"dec":0}},"average_gpu_estimated_utilization_relative":1.0,"per_gpu_performance_state":{"0":"P2"},"per_gpu_power_draw":{"0":39.17},"cpu_count_adjusted_average_load":[0.1678125,0.1696875,0.159375],"realtime_carbon_intensity":337.277384728,"disk_write_speed":19.0459116695,"process_ids":[2618,2555]}
{"timestamp":1572411192.642220974,"rapl_power_draw_absolute":88.9294230014,"rapl_estimated_attributable_power_draw":19.4942047281,"cpu_time_seconds":{"2618":{"user":3.82,"system":11.87,"children_user":0.33,"children_system":8.65},"2555":{"user":351.16,"system":2.89,"children_user":1.0,"children_system":0.28}},"average_relative_cpu_utilization":0.2272647255,"absolute_cpu_utilization":0.9987912687,"relative_mem_usage":0.1550212433,"absolute_mem_usage":3743006720.0,"absolute_mem_percent_usage":0.0277056602,"mem_info_per_process":{"2618":{"rss":3265941504,"vms":11436568576,"shared":180985856,"text":2322432,"lib":0,"data":9682173952,"dirty":0,"uss":104660992,"pss":1679699968,"swap":0},"2555":{"rss":3658878976,"vms":11436568576,"shared":573825024,"text":2322432,"lib":0,"data":9682173952,"dirty":0,"uss":127193088,"pss":1831452672,"swap":0}},"nvidia_draw_absolute":39.15,"nvidia_estimated_attributable_power_draw":39.15,"average_gpu_estimated_utilization_absolute":0.16,"per_gpu_average_estimated_utilization_absolute":{"(0, 2555)":{"sm":16,"mem":0,"enc":0,"dec":0}},"average_gpu_estimated_utilization_relative":1.0,"per_gpu_performance_state":{"0":"P2"},"per_gpu_power_draw":{"0":39.15},"cpu_count_adjusted_average_load":[0.173125,0.170625,0.16],"realtime_carbon_intensity":337.277384728,"disk_write_speed":41.4322981419,"process_ids":[2618,2555]}
{"timestamp":1572411200.7413480282,"rapl_power_draw_absolute":89.2790918041,"rapl_estimated_attributable_power_draw":19.5036954127,"cpu_time_seconds":{"2618":{"user":3.96,"system":12.15,"children_user":0.34,"children_system":8.86},"2555":{"user":359.27,"system":2.89,"children_user":1.0,"children_system":0.28}},"average_relative_cpu_utilization":0.2265997421,"absolute_cpu_utilization":1.0037532668,"relative_mem_usage":0.1550184387,"absolute_mem_usage":3743019008.0,"absolute_mem_percent_usage":0.0277057511,"mem_info_per_process":{"2618":{"rss":3265941504,"vms":11436568576,"shared":180985856,"text":2322432,"lib":0,"data":9682173952,"dirty":0,"uss":104665088,"pss":1679702016,"swap":0},"2555":{"rss":3658878976,"vms":11436568576,"shared":573825024,"text":2322432,"lib":0,"data":9682173952,"dirty":0,"uss":127197184,"pss":1831454720,"swap":0}},"nvidia_draw_absolute":39.46,"nvidia_estimated_attributable_power_draw":39.46,"average_gpu_estimated_utilization_absolute":0.155,"per_gpu_average_estimated_utilization_absolute":{"(0, 2555)":{"sm":15.5,"mem":0.0,"enc":0.0,"dec":0.0}},"average_gpu_estimated_utilization_relative":1.0,"per_gpu_performance_state":{"0":"P2"},"per_gpu_power_draw":{"0":39.46},"cpu_count_adjusted_average_load":[0.171875,0.170625,0.16],"realtime_carbon_intensity":337.277384728,"disk_write_speed":26.5282145668,"process_ids":[2618,2555]}
{"timestamp":1572411208.8807339668,"rapl_power_draw_absolute":89.6472653802,"rapl_estimated_attributable_power_draw":19.2845939978,"cpu_time_seconds":{"2618":{"user":4.06,"system":12.41,"children_user":0.36,"children_system":9.05},"2555":{"user":367.4,"system":2.9,"children_user":1.0,"children_system":0.28}},"average_relative_cpu_utilization":0.2227065677,"absolute_cpu_utilization":0.9987609336,"relative_mem_usage":0.1550226556,"absolute_mem_usage":3743031296.0,"absolute_mem_percent_usage":0.0277058421,"mem_info_per_process":{"2618":{"rss":3265941504,"vms":11436568576,"shared":180985856,"text":2322432,"lib":0,"data":9682173952,"dirty":0,"uss":104669184,"pss":1679704064,"swap":0},"2555":{"rss":3658878976,"vms":11436568576,"shared":573825024,"text":2322432,"lib":0,"data":9682173952,"dirty":0,"uss":127201280,"pss":1831456768,"swap":0}},"nvidia_draw_absolute":38.85,"nvidia_estimated_attributable_power_draw":38.85,"average_gpu_estimated_utilization_absolute":0.16,"per_gpu_average_estimated_utilization_absolute":{"(0, 2555)":{"sm":16,"mem":0,"enc":0,"dec":0}},"average_gpu_estimated_utilization_relative":1.0,"per_gpu_performance_state":{"0":"P2"},"per_gpu_power_draw":{"0":38.85},"cpu_count_adjusted_average_load":[0.166875,0.169375,0.1596875],"realtime_carbon_intensity":337.277384728,"disk_write_speed":47.3248183418,"process_ids":[2618,2555]}
{"timestamp":1572411216.9848361015,"rapl_power_draw_absolute":89.6643587082,"rapl_estimated_attributable_power_draw":19.5545802256,"cpu_time_seconds":{"2618":{"user":4.2,"system":12.7,"children_user":0.36,"children_system":9.26},"2555":{"user":375.5,"system":2.9,"children_user":1.0,"children_system":0.28}},"average_relative_cpu_utilization":0.2259809866,"absolute_cpu_utilization":0.9987377682,"relative_mem_usage":0.1550243309,"absolute_mem_usage":3743055872.0,"absolute_mem_percent_usage":0.027706024,"mem_info_per_process":{"2618":{"rss":3265941504,"vms":11436568576,"shared":180985856,"text":2322432,"lib":0,"data":9682173952,"dirty":0,"uss":104677376,"pss":1679708160,"swap":0},"2555":{"rss":3658878976,"vms":11436568576,"shared":573825024,"text":2322432,"lib":0,"data":9682173952,"dirty":0,"uss":127209472,"pss":1831460864,"swap":0}},"nvidia_draw_absolute":38.86,"nvidia_estimated_attributable_power_draw":38.86,"average_gpu_estimated_utilization_absolute":0.16,"per_gpu_average_estimated_utilization_absolute":{"(0, 2555)":{"sm":16,"mem":0,"enc":0,"dec":0}},"average_gpu_estimated_utilization_relative":1.0,"per_gpu_performance_state":{"0":"P2"},"per_gpu_power_draw":{"0":38.86},"cpu_count_adjusted_average_load":[0.17125,0.1703125,0.16],"realtime_carbon_intensity":337.277384728,"disk_write_speed":17.3443771322,"process_ids":[2618,2555]}
{"timestamp":1572411225.090914011,"rapl_power_draw_absolute":89.2173158268,"rapl_estimated_attributable_power_draw":19.4844619967,"cpu_time_seconds":{"2618":{"user":4.28,"system":12.96,"children_user":0.37,"children_system":9.46},"2555":{"user":383.61,"system":2.9,"children_user":1.0,"children_system":0.28}},"average_relative_cpu_utilization":0.2263442193,"absolute_cpu_utilization":1.0037580173,"relative_mem_usage":0.1549979935,"absolute_mem_usage":3743068160.0,"absolute_mem_percent_usage":0.0277061149,"mem_info_per_process":{"2618":{"rss":3265941504,"vms":11436568576,"shared":180985856,"text":2322432,"lib":0,"data":9682173952,"dirty":0,"uss":104681472,"pss":1679710208,"swap":0},"2555":{"rss":3658878976,"vms":11436568576,"shared":573825024,"text":2322432,"lib":0,"data":9682173952,"dirty":0,"uss":127213568,"pss":1831462912,"swap":0}},"nvidia_draw_absolute":38.66,"nvidia_estimated_attributable_power_draw":38.66,"average_gpu_estimated_utilization_absolute":0.16,"per_gpu_average_estimated_utilization_absolute":{"(0, 2555)":{"sm":16,"mem":0,"enc":0,"dec":0}},"average_gpu_estimated_utilization_relative":1.0,"per_gpu_performance_state":{"0":"P2"},"per_gpu_power_draw":{"0":38.66},"cpu_count_adjusted_average_load":[0.175625,0.17125,0.1603125],"realtime_carbon_intensity":337.277384728,"disk_write_speed":25.1182423204,"process_ids":[2618,2555]}
{"timestamp":1572411233.2418460846,"rapl_power_draw_absolute":83.807471683,"rapl_estimated_attributable_power_draw":22.1506109081,"cpu_time_seconds":{"2618":{"user":4.37,"system":13.23,"children_user":0.38,"children_system":9.66},"2555":{"user":391.76,"system":2.91,"children_user":1.0,"children_system":0.28}},"average_relative_cpu_utilization":0.2747136919,"absolute_cpu_utilization":0.9987631019,"relative_mem_usage":0.1849060453,"absolute_mem_usage":3836906496.0,"absolute_mem_percent_usage":0.0284007044,"mem_info_per_process":{"2618":{"rss":3265941504,"vms":11436568576,"shared":180985856,"text":2322432,"lib":0,"data":9682173952,"dirty":0,"uss":104820736,"pss":1681152000,"swap":0},"2555":{"rss":3658878976,"vms":11436568576,"shared":573825024,"text":2322432,"lib":0,"data":9682173952,"dirty":0,"uss":151490560,"pss":1899443200,"swap":0}},"nvidia_draw_absolute":38.85,"nvidia_estimated_attributable_power_draw":38.85,"average_gpu_estimated_utilization_absolute":0.16,"per_gpu_average_estimated_utilization_absolute":{"(0, 2555)":{"sm":16,"mem":0,"enc":0,"dec":0}},"average_gpu_estimated_utilization_relative":1.0,"per_gpu_performance_state":{"0":"P2"},"per_gpu_power_draw":{"0":38.85},"cpu_count_adjusted_average_load":[0.1728125,0.1709375,0.1603125],"realtime_carbon_intensity":337.277384728,"disk_write_speed":35.2118500766,"process_ids":[2618,2555]}
{"timestamp":1572411242.6851611137,"rapl_power_draw_absolute":87.0038092682,"rapl_estimated_attributable_power_draw":21.6396339312,"cpu_time_seconds":{"2618":{"user":4.5,"system":13.49,"children_user":0.4,"children_system":9.85},"2555":{"user":400.65,"system":2.92,"children_user":1.0,"children_system":0.28}},"average_relative_cpu_utilization":0.2583426576,"absolute_cpu_utilization":1.0037402125,"relative_mem_usage":0.1737069472,"absolute_mem_usage":3612067840.0,"absolute_mem_percent_usage":0.0267364532,"mem_info_per_process":{"2618":{"rss":3265167360,"vms":11436568576,"shared":180211712,"text":2322432,"lib":0,"data":9682173952,"dirty":0,"uss":104820736,"pss":1680233472,"swap":0},"2555":{"rss":3321176064,"vms":11436568576,"shared":236122112,"text":2322432,"lib":0,"data":9682173952,"dirty":0,"uss":117563392,"pss":1709450240,"swap":0}},"nvidia_draw_absolute":39.29,"nvidia_estimated_attributable_power_draw":39.29,"average_gpu_estimated_utilization_absolute":0.155,"per_gpu_average_estimated_utilization_absolute":{"(0, 2555)":{"sm":15.5,"mem":0.0,"enc":0.0,"dec":0.0}},"average_gpu_estimated_utilization_relative":1.0,"per_gpu_performance_state":{"0":"P2"},"per_gpu_power_draw":{"0":39.29},"cpu_count_adjusted_average_load":[0.170625,0.1703125,0.1603125],"realtime_carbon_intensity":337.277384728,"disk_write_speed":19.7683380743,"process_ids":[2618,2555]}
{"timestamp":1572411251.2927188873,"rapl_power_draw_absolute":85.2542975883,"rapl_estimated_attributable_power_draw":21.870520522,"cpu_time_seconds":{"2618":{"user":4.6,"system":13.76,"children_user":0.41,"children_system":10.04},"2555":{"user":409.25,"system":2.93,"children_user":1.0,"children_system":0.28}},"average_relative_cpu_utilization":0.2691669362,"absolute_cpu_utilization":0.9987521972,"relative_mem_usage":0.1625242301,"absolute_mem_usage":3610432512.0,"absolute_mem_percent_usage":0.0267243485,"mem_info_per_process":{"2618":{"rss":3265167360,"vms":11436568576,"shared":180211712,"text":2322432,"lib":0,"data":9682173952,"dirty":0,"uss":104820736,"pss":1680205824,"swap":0},"2555":{"rss":3321176064,"vms":11436568576,"shared":236122112,"text":2322432,"lib":0,"data":9682173952,"dirty":0,"uss":117039104,"pss":1708366848,"swap":0}},"nvidia_draw_absolute":39.21,"nvidia_estimated_attributable_power_draw":39.21,"average_gpu_estimated_utilization_absolute":0.16,"per_gpu_average_estimated_utilization_absolute":{"(0, 2555)":{"sm":16,"mem":0,"enc":0,"dec":0}},"average_gpu_estimated_utilization_relative":1.0,"per_gpu_performance_state":{"0":"P2"},"per_gpu_power_draw":{"0":39.21},"cpu_count_adjusted_average_load":[0.166875,0.1696875,0.1603125],"realtime_carbon_intensity":337.277384728,"disk_write_speed":27.0570333235,"process_ids":[2618,2555]}
{"timestamp":1572411259.4046480656,"rapl_power_draw_absolute":86.4374273938,"rapl_estimated_attributable_power_draw":21.1595093089,"cpu_time_seconds":{"2618":{"user":4.71,"system":14.02,"children_user":0.42,"children_system":10.25},"2555":{"user":417.36,"system":2.93,"children_user":1.0,"children_system":0.28}},"average_relative_cpu_utilization":0.2573537653,"absolute_cpu_utilization":1.0037627894,"relative_mem_usage":0.1499875189,"absolute_mem_usage":3605539840.0,"absolute_mem_percent_usage":0.0266881331,"mem_info_per_process":{"2618":{"rss":3265163264,"vms":11436568576,"shared":180207616,"text":2322432,"lib":0,"data":9682173952,"dirty":0,"uss":104820736,"pss":1680203776,"swap":0},"2555":{"rss":3315920896,"vms":11436568576,"shared":230866944,"text":2322432,"lib":0,"data":9682173952,"dirty":0,"uss":116109312,"pss":1704406016,"swap":0}},"nvidia_draw_absolute":38.85,"nvidia_estimated_attributable_power_draw":38.85,"average_gpu_estimated_utilization_absolute":0.16,"per_gpu_average_estimated_utilization_absolute":{"(0, 2555)":{"sm":16,"mem":0,"enc":0,"dec":0}},"average_gpu_estimated_utilization_relative":1.0,"per_gpu_performance_state":{"0":"P2"},"per_gpu_power_draw":{"0":38.85},"cpu_count_adjusted_average_load":[0.1603125,0.168125,0.1596875],"realtime_carbon_intensity":337.277384728,"disk_write_speed":25.1878381706,"process_ids":[2618,2555]}
{"timestamp":1572411267.613877058,"rapl_power_draw_absolute":88.4155634245,"rapl_estimated_attributable_power_draw":19.3835962484,"cpu_time_seconds":{"2618":{"user":4.8,"system":14.29,"children_user":0.44,"children_system":10.44},"2555":{"user":425.56,"system":2.94,"children_user":1.0,"children_system":0.28}},"average_relative_cpu_utilization":0.2276809102,"absolute_cpu_utilization":0.9937856388,"relative_mem_usage":0.1490256738,"absolute_mem_usage":3604155392.0,"absolute_mem_percent_usage":0.0266778854,"mem_info_per_process":{"2618":{"rss":3265163264,"vms":11436568576,"shared":180207616,"text":2322432,"lib":0,"data":9682173952,"dirty":0,"uss":104669184,"pss":1679541248,"swap":0},"2555":{"rss":3315920896,"vms":11436568576,"shared":230866944,"text":2322432,"lib":0,"data":9682173952,"dirty":0,"uss":116060160,"pss":1703884800,"swap":0}},"nvidia_draw_absolute":39.52,"nvidia_estimated_attributable_power_draw":39.52,"average_gpu_estimated_utilization_absolute":0.16,"per_gpu_average_estimated_utilization_absolute":{"(0, 2555)":{"sm":16,"mem":0,"enc":0,"dec":0}},"average_gpu_estimated_utilization_relative":1.0,"per_gpu_performance_state":{"0":"P2"},"per_gpu_power_draw":{"0":39.52},"cpu_count_adjusted_average_load":[0.1571875,0.1671875,0.1596875],"realtime_carbon_intensity":337.277384728,"disk_write_speed":23.2351245598,"process_ids":[2618,2555]}
{"timestamp":1572411275.7425019741,"rapl_power_draw_absolute":88.6188539376,"rapl_estimated_attributable_power_draw":19.7166724024,"cpu_time_seconds":{"2618":{"user":4.9,"system":14.55,"children_user":0.45,"children_system":10.64},"2555":{"user":433.68,"system":2.96,"children_user":1.0,"children_system":0.28}},"average_relative_cpu_utilization":0.2320921137,"absolute_cpu_utilization":1.0037692998,"relative_mem_usage":0.1490401228,"absolute_mem_usage":3604163584.0,"absolute_mem_percent_usage":0.0266779461,"mem_info_per_process":{"2618":{"rss":3265163264,"vms":11436568576,"shared":180207616,"text":2322432,"lib":0,"data":9682173952,"dirty":0,"uss":104673280,"pss":1679541248,"swap":0},"2555":{"rss":3315920896,"vms":11436568576,"shared":230866944,"text":2322432,"lib":0,"data":9682173952,"dirty":0,"uss":116064256,"pss":1703884800,"swap":0}},"nvidia_draw_absolute":39.53,"nvidia_estimated_attributable_power_draw":39.53,"average_gpu_estimated_utilization_absolute":0.16,"per_gpu_average_estimated_utilization_absolute":{"(0, 2555)":{"sm":16,"mem":0,"enc":0,"dec":0}},"average_gpu_estimated_utilization_relative":1.0,"per_gpu_performance_state":{"0":"P2"},"per_gpu_power_draw":{"0":39.53},"cpu_count_adjusted_average_load":[0.1546875,0.1665625,0.159375],"realtime_carbon_intensity":337.277384728,"disk_write_speed":41.4527263391,"process_ids":[2618,2555]}
{"timestamp":1572411283.878246069,"rapl_power_draw_absolute":88.5085915009,"rapl_estimated_attributable_power_draw":19.6245258146,"cpu_time_seconds":{"2618":{"user":5.04,"system":14.82,"children_user":0.47,"children_system":10.84},"2555":{"user":441.82,"system":2.96,"children_user":1.0,"children_system":0.28}},"average_relative_cpu_utilization":0.2310264525,"absolute_cpu_utilization":1.0037805882,"relative_mem_usage":0.1490277036,"absolute_mem_usage":3604163584.0,"absolute_mem_percent_usage":0.0266779461,"mem_info_per_process":{"2618":{"rss":3265163264,"vms":11436568576,"shared":180207616,"text":2322432,"lib":0,"data":9682173952,"dirty":0,"uss":104673280,"pss":1679541248,"swap":0},"2555":{"rss":3315920896,"vms":11436568576,"shared":230866944,"text":2322432,"lib":0,"data":9682173952,"dirty":0,"uss":116064256,"pss":1703884800,"swap":0}},"nvidia_draw_absolute":39.39,"nvidia_estimated_attributable_power_draw":39.39,"average_gpu_estimated_utilization_absolute":0.16,"per_gpu_average_estimated_utilization_absolute":{"(0, 2555)":{"sm":16,"mem":0,"enc":0,"dec":0}},"average_gpu_estimated_utilization_relative":1.0,"per_gpu_performance_state":{"0":"P2"},"per_gpu_power_draw":{"0":39.39},"cpu_count_adjusted_average_load":[0.1525,0.165625,0.1590625],"realtime_carbon_intensity":337.277384728,"disk_write_speed":18.1426460563,"process_ids":[2618,2555]}
{"timestamp":1572411292.039083004,"rapl_power_draw_absolute":88.5884115276,"rapl_estimated_attributable_power_draw":19.4007443807,"cpu_time_seconds":{"2618":{"user":5.12,"system":15.08,"children_user":0.48,"children_system":11.04},"2555":{"user":449.98,"system":2.96,"children_user":1.0,"children_system":0.28}},"average_relative_cpu_utilization":0.2275263048,"absolute_cpu_utilization":0.9987643895,"relative_mem_usage":0.1490169522,"absolute_mem_usage":3604163584.0,"absolute_mem_percent_usage":0.0266779461,"mem_info_per_process":{"2618":{"rss":3265163264,"vms":11436568576,"shared":180207616,"text":2322432,"lib":0,"data":9682173952,"dirty":0,"uss":104673280,"pss":1679541248,"swap":0},"2555":{"rss":3315920896,"vms":11436568576,"shared":230866944,"text":2322432,"lib":0,"data":9682173952,"dirty":0,"uss":116064256,"pss":1703884800,"swap":0}},"nvidia_draw_absolute":38.83,"nvidia_estimated_attributable_power_draw":38.83,"average_gpu_estimated_utilization_absolute":0.16,"per_gpu_average_estimated_utilization_absolute":{"(0, 2555)":{"sm":16,"mem":0,"enc":0,"dec":0}},"average_gpu_estimated_utilization_relative":1.0,"per_gpu_performance_state":{"0":"P2"},"per_gpu_power_draw":{"0":38.83},"cpu_count_adjusted_average_load":[0.1578125,0.1665625,0.159375],"realtime_carbon_intensity":337.277384728,"disk_write_speed":12.5798892323,"process_ids":[2618,2555]}
{"timestamp":1572411300.176502943,"rapl_power_draw_absolute":88.6149327838,"rapl_estimated_attributable_power_draw":19.4880255458,"cpu_time_seconds":{"2618":{"user":5.17,"system":15.35,"children_user":0.49,"children_system":11.24},"2555":{"user":458.12,"system":2.96,"children_user":1.0,"children_system":0.28}},"average_relative_cpu_utilization":0.2285636206,"absolute_cpu_utilization":0.9987602182,"relative_mem_usage":0.1490402995,"absolute_mem_usage":3604163584.0,"absolute_mem_percent_usage":0.0266779461,"mem_info_per_process":{"2618":{"rss":3265163264,"vms":11436568576,"shared":180207616,"text":2322432,"lib":0,"data":9682173952,"dirty":0,"uss":104673280,"pss":1679541248,"swap":0},"2555":{"rss":3315920896,"vms":11436568576,"shared":230866944,"text":2322432,"lib":0,"data":9682173952,"dirty":0,"uss":116064256,"pss":1703884800,"swap":0}},"nvidia_draw_absolute":38.95,"nvidia_estimated_attributable_power_draw":38.95,"average_gpu_estimated_utilization_absolute":0.16,"per_gpu_average_estimated_utilization_absolute":{"(0, 2555)":{"sm":16,"mem":0,"enc":0,"dec":0}},"average_gpu_estimated_utilization_relative":1.0,"per_gpu_performance_state":{"0":"P2"},"per_gpu_power_draw":{"0":38.95},"cpu_count_adjusted_average_load":[0.1596875,0.166875,0.1596875],"realtime_carbon_intensity":337.277384728,"disk_write_speed":35.9114180728,"process_ids":[2618,2555]}
{"timestamp":1572411308.262321949,"rapl_power_draw_absolute":88.866614273,"rapl_estimated_attributable_power_draw":19.266554714,"cpu_time_seconds":{"2618":{"user":5.27,"system":15.63,"children_user":0.49,"children_system":11.45},"2555":{"user":466.2,"system":2.96,"children_user":1.0,"children_system":0.28}},"average_relative_cpu_utilization":0.2249581289,"absolute_cpu_utilization":0.9987425115,"relative_mem_usage":0.1490366644,"absolute_mem_usage":3604163584.0,"absolute_mem_percent_usage":0.0266779461,"mem_info_per_process":{"2618":{"rss":3265163264,"vms":11436568576,"shared":180207616,"text":2322432,"lib":0,"data":9682173952,"dirty":0,"uss":104673280,"pss":1679541248,"swap":0},"2555":{"rss":3315920896,"vms":11436568576,"shared":230866944,"text":2322432,"lib":0,"data":9682173952,"dirty":0,"uss":116064256,"pss":1703884800,"swap":0}},"nvidia_draw_absolute":38.98,"nvidia_estimated_attributable_power_draw":38.98,"average_gpu_estimated_utilization_absolute":0.16,"per_gpu_average_estimated_utilization_absolute":{"(0, 2555)":{"sm":16,"mem":0,"enc":0,"dec":0}},"average_gpu_estimated_utilization_relative":1.0,"per_gpu_performance_state":{"0":"P2"},"per_gpu_power_draw":{"0":38.98},"cpu_count_adjusted_average_load":[0.1615625,0.166875,0.1596875],"realtime_carbon_intensity":337.277384728,"disk_write_speed":40.1950161683,"process_ids":[2618,2555]}
{"timestamp":1572411316.3757851124,"rapl_power_draw_absolute":88.6715649194,"rapl_estimated_attributable_power_draw":19.4435092032,"cpu_time_seconds":{"2618":{"user":5.4,"system":15.9,"children_user":0.5,"children_system":11.66},"2555":{"user":474.3,"system":2.98,"children_user":1.0,"children_system":0.28}},"average_relative_cpu_utilization":0.2278820141,"absolute_cpu_utilization":1.0037718357,"relative_mem_usage":0.1490432531,"absolute_mem_usage":3604163584.0,"absolute_mem_percent_usage":0.0266779461,"mem_info_per_process":{"2618":{"rss":3265163264,"vms":11436568576,"shared":180207616,"text":2322432,"lib":0,"data":9682173952,"dirty":0,"uss":104673280,"pss":1679541248,"swap":0},"2555":{"rss":3315920896,"vms":11436568576,"shared":230866944,"text":2322432,"lib":0,"data":9682173952,"dirty":0,"uss":116064256,"pss":1703884800,"swap":0}},"nvidia_draw_absolute":38.75,"nvidia_estimated_attributable_power_draw":38.75,"average_gpu_estimated_utilization_absolute":0.16,"per_gpu_average_estimated_utilization_absolute":{"(0, 2555)":{"sm":16,"mem":0,"enc":0,"dec":0}},"average_gpu_estimated_utilization_relative":1.0,"per_gpu_performance_state":{"0":"P2"},"per_gpu_power_draw":{"0":38.75},"cpu_count_adjusted_average_load":[0.15875,0.16625,0.159375],"realtime_carbon_intensity":337.277384728,"disk_write_speed":30.2825101004,"process_ids":[2618,2555]}
{"timestamp":1572411324.5556130409,"rapl_power_draw_absolute":88.7955228521,"rapl_estimated_attributable_power_draw":19.46836656,"cpu_time_seconds":{"2618":{"user":5.49,"system":16.18,"children_user":0.5,"children_system":11.87},"2555":{"user":482.47,"system":2.98,"children_user":1.0,"children_system":0.28}},"average_relative_cpu_utilization":0.2277823195,"absolute_cpu_utilization":0.9987867925,"relative_mem_usage":0.1490383557,"absolute_mem_usage":3604163584.0,"absolute_mem_percent_usage":0.0266779461,"mem_info_per_process":{"2618":{"rss":3265163264,"vms":11436568576,"shared":180207616,"text":2322432,"lib":0,"data":9682173952,"dirty":0,"uss":104673280,"pss":1679541248,"swap":0},"2555":{"rss":3315920896,"vms":11436568576,"shared":230866944,"text":2322432,"lib":0,"data":9682173952,"dirty":0,"uss":116064256,"pss":1703884800,"swap":0}},"nvidia_draw_absolute":39.29,"nvidia_estimated_attributable_power_draw":39.29,"average_gpu_estimated_utilization_absolute":0.16,"per_gpu_average_estimated_utilization_absolute":{"(0, 2555)":{"sm":16,"mem":0,"enc":0,"dec":0}},"average_gpu_estimated_utilization_relative":1.0,"per_gpu_performance_state":{"0":"P2"},"per_gpu_power_draw":{"0":39.29},"cpu_count_adjusted_average_load":[0.160625,0.16625,0.1596875],"realtime_carbon_intensity":337.277384728,"disk_write_speed":29.5953705019,"process_ids":[2618,2555]}
{"timestamp":1572411332.7037959099,"rapl_power_draw_absolute":88.5945821866,"rapl_estimated_attributable_power_draw":19.4344333194,"cpu_time_seconds":{"2618":{"user":5.58,"system":16.46,"children_user":0.51,"children_system":12.08},"2555":{"user":490.62,"system":2.99,"children_user":1.0,"children_system":0.28}},"average_relative_cpu_utilization":0.2280422111,"absolute_cpu_utilization":0.9987855382,"relative_mem_usage":0.1490288427,"absolute_mem_usage":3604175872.0,"absolute_mem_percent_usage":0.026678037,"mem_info_per_process":{"2618":{"rss":3265163264,"vms":11436568576,"shared":180207616,"text":2322432,"lib":0,"data":9682173952,"dirty":0,"uss":104677376,"pss":1679543296,"swap":0},"2555":{"rss":3315920896,"vms":11436568576,"shared":230866944,"text":2322432,"lib":0,"data":9682173952,"dirty":0,"uss":116068352,"pss":1703886848,"swap":0}},"nvidia_draw_absolute":38.95,"nvidia_estimated_attributable_power_draw":38.95,"average_gpu_estimated_utilization_absolute":0.16,"per_gpu_average_estimated_utilization_absolute":{"(0, 2555)":{"sm":16,"mem":0,"enc":0,"dec":0}},"average_gpu_estimated_utilization_relative":1.0,"per_gpu_performance_state":{"0":"P2"},"per_gpu_power_draw":{"0":38.95},"cpu_count_adjusted_average_load":[0.1596875,0.1659375,0.1596875],"realtime_carbon_intensity":337.277384728,"disk_write_speed":29.8374661254,"process_ids":[2618,2555]}
{"timestamp":1572411340.9696381092,"rapl_power_draw_absolute":88.8354307141,"rapl_estimated_attributable_power_draw":19.3761443369,"cpu_time_seconds":{"2618":{"user":5.68,"system":16.77,"children_user":0.52,"children_system":12.28},"2555":{"user":498.88,"system":3.0,"children_user":1.0,"children_system":0.28}},"average_relative_cpu_utilization":0.2265984741,"absolute_cpu_utilization":1.0037728871,"relative_mem_usage":0.1490231386,"absolute_mem_usage":3604175872.0,"absolute_mem_percent_usage":0.026678037,"mem_info_per_process":{"2618":{"rss":3265163264,"vms":11436568576,"shared":180207616,"text":2322432,"lib":0,"data":9682173952,"dirty":0,"uss":104677376,"pss":1679543296,"swap":0},"2555":{"rss":3315920896,"vms":11436568576,"shared":230866944,"text":2322432,"lib":0,"data":9682173952,"dirty":0,"uss":116068352,"pss":1703886848,"swap":0}},"nvidia_draw_absolute":38.54,"nvidia_estimated_attributable_power_draw":38.54,"average_gpu_estimated_utilization_absolute":0.16,"per_gpu_average_estimated_utilization_absolute":{"(0, 2555)":{"sm":16,"mem":0,"enc":0,"dec":0}},"average_gpu_estimated_utilization_relative":1.0,"per_gpu_performance_state":{"0":"P2"},"per_gpu_power_draw":{"0":38.54},"cpu_count_adjusted_average_load":[0.156875,0.1653125,0.159375],"realtime_carbon_intensity":337.277384728,"disk_write_speed":32.831137842,"process_ids":[2618,2555]}
{"timestamp":1572411349.147012949,"rapl_power_draw_absolute":88.1673655596,"rapl_estimated_attributable_power_draw":19.5449001278,"cpu_time_seconds":{"2618":{"user":5.8,"system":17.06,"children_user":0.54,"children_system":12.46},"2555":{"user":507.04,"system":3.01,"children_user":1.0,"children_system":0.28}},"average_relative_cpu_utilization":0.2306724672,"absolute_cpu_utilization":0.9987744472,"relative_mem_usage":0.1490001402,"absolute_mem_usage":3604170752.0,"absolute_mem_percent_usage":0.0266779991,"mem_info_per_process":{"2618":{"rss":3265163264,"vms":11436568576,"shared":180207616,"text":2322432,"lib":0,"data":9682173952,"dirty":0,"uss":104677376,"pss":1679543296,"swap":0},"2555":{"rss":3315920896,"vms":11436568576,"shared":230866944,"text":2322432,"lib":0,"data":9682173952,"dirty":0,"uss":116068352,"pss":1703881728,"swap":0}},"nvidia_draw_absolute":39.35,"nvidia_estimated_attributable_power_draw":39.35,"average_gpu_estimated_utilization_absolute":0.16,"per_gpu_average_estimated_utilization_absolute":{"(0, 2555)":{"sm":16,"mem":0,"enc":0,"dec":0}},"average_gpu_estimated_utilization_relative":1.0,"per_gpu_performance_state":{"0":"P2"},"per_gpu_power_draw":{"0":39.35},"cpu_count_adjusted_average_load":[0.159375,0.165625,0.159375],"realtime_carbon_intensity":337.277384728,"disk_write_speed":11.1141542832,"process_ids":[2618,2555]}
