{"timestamp":1572412251.4151790142,"rapl_power_draw_absolute":88.948128433,"rapl_estimated_attributable_power_draw":19.6528723959,"cpu_time_seconds":{"10152":{"user":10.04,"system":3.38,"children_user":0.06,"children_system":0.16},"10223":{"user":0.0,"system":0.03,"children_user":0.0,"children_system":0.04}},"average_relative_cpu_utilization":0.2264875851,"absolute_cpu_utilization":0.9987722807,"relative_mem_usage":0.1743052207,"absolute_mem_usage":3587115008.0,"absolute_mem_percent_usage":0.0265517528,"mem_info_per_process":{"10152":{"rss":3645427712,"vms":12015669248,"shared":563924992,"text":2322432,"lib":0,"data":10287865856,"dirty":0,"uss":68571136,"pss":1851510784,"swap":0},"10223":{"rss":3255459840,"vms":12015669248,"shared":173727744,"text":2322432,"lib":0,"data":10287865856,"dirty":0,"uss":28053504,"pss":1638979584,"swap":0}},"nvidia_draw_absolute":173.38,"nvidia_estimated_attributable_power_draw":173.38,"average_gpu_estimated_utilization_absolute":0.985,"per_gpu_average_estimated_utilization_absolute":{"(0, 10152)":{"sm":98.5,"mem":64.0,"enc":0.0,"dec":0.0}},"average_gpu_estimated_utilization_relative":1.0,"per_gpu_performance_state":{"0":"P2"},"per_gpu_power_draw":{"0":173.38},"cpu_count_adjusted_average_load":[0.176875,0.169375,0.1621875],"realtime_carbon_intensity":336.704610597,"disk_write_speed":27.9119711983,"process_ids":[10152,10223]}
{"timestamp":1572412261.7554039955,"rapl_power_draw_absolute":87.8423906183,"rapl_estimated_attributable_power_draw":19.6446804606,"cpu_time_seconds":{"10152":{"user":18.31,"system":5.46,"children_user":0.06,"children_system":0.16},"10223":{"user":0.11,"system":0.22,"children_user":0.0,"children_system":0.2}},"average_relative_cpu_utilization":0.2294486752,"absolute_cpu_utilization":1.0037955315,"relative_mem_usage":0.1755281193,"absolute_mem_usage":3618134016.0,"absolute_mem_percent_usage":0.0267813549,"mem_info_per_process":{"10152":{"rss":3645427712,"vms":12015669248,"shared":563924992,"text":2322432,"lib":0,"data":10287865856,"dirty":0,"uss":78450688,"pss":1856272384,"swap":0},"10223":{"rss":3262328832,"vms":12015669248,"shared":180584448,"text":2322432,"lib":0,"data":10287865856,"dirty":0,"uss":37654528,"pss":1645756416,"swap":0}},"nvidia_draw_absolute":177.83,"nvidia_estimated_attributable_power_draw":177.83,"average_gpu_estimated_utilization_absolute":0.985,"per_gpu_average_estimated_utilization_absolute":{"(0, 10152)":{"sm":98.5,"mem":64.0,"enc":0.0,"dec":0.0}},"average_gpu_estimated_utilization_relative":1.0,"per_gpu_performance_state":{"0":"P2"},"per_gpu_power_draw":{"0":177.83},"cpu_count_adjusted_average_load":[0.1765625,0.1696875,0.1625],"realtime_carbon_intensity":336.704610597,"disk_write_speed":29.1454079505,"process_ids":[10152,10223]}
{"timestamp":1572412270.6808741093,"rapl_power_draw_absolute":85.3454919153,"rapl_estimated_attributable_power_draw":21.9942595996,"cpu_time_seconds":{"10152":{"user":25.44,"system":7.25,"children_user":0.06,"children_system":0.16},"10223":{"user":0.2,"system":0.42,"children_user":0.01,"children_system":0.36}},"average_relative_cpu_utilization":0.2688029014,"absolute_cpu_utilization":0.9987703687,"relative_mem_usage":0.1695236461,"absolute_mem_usage":3600601088.0,"absolute_mem_percent_usage":0.0266515765,"mem_info_per_process":{"10152":{"rss":3645427712,"vms":12015669248,"shared":563924992,"text":2322432,"lib":0,"data":10287865856,"dirty":0,"uss":77631488,"pss":1840207872,"swap":0},"10223":{"rss":3262328832,"vms":12015669248,"shared":180584448,"text":2322432,"lib":0,"data":10287865856,"dirty":0,"uss":37679104,"pss":1645082624,"swap":0}},"nvidia_draw_absolute":177.4,"nvidia_estimated_attributable_power_draw":177.4,"average_gpu_estimated_utilization_absolute":0.99,"per_gpu_average_estimated_utilization_absolute":{"(0, 10152)":{"sm":99,"mem":64,"enc":0,"dec":0}},"average_gpu_estimated_utilization_relative":1.0,"per_gpu_performance_state":{"0":"P2"},"per_gpu_power_draw":{"0":177.4},"cpu_count_adjusted_average_load":[0.1659375,0.1675,0.161875],"realtime_carbon_intensity":336.704610597,"disk_write_speed":17.7095988301,"process_ids":[10152,10223]}
{"timestamp":1572412278.6546180248,"rapl_power_draw_absolute":84.4791779869,"rapl_estimated_attributable_power_draw":23.4573332239,"cpu_time_seconds":{"10152":{"user":31.84,"system":8.82,"children_user":0.06,"children_system":0.16},"10223":{"user":0.27,"system":0.6,"children_user":0.02,"children_system":0.51}},"average_relative_cpu_utilization":0.290867896,"absolute_cpu_utilization":1.0037806405,"relative_mem_usage":0.1695458043,"absolute_mem_usage":3600613376.0,"absolute_mem_percent_usage":0.0266516675,"mem_info_per_process":{"10152":{"rss":3645427712,"vms":12015669248,"shared":563924992,"text":2322432,"lib":0,"data":10287865856,"dirty":0,"uss":77635584,"pss":1840209920,"swap":0},"10223":{"rss":3262328832,"vms":12015669248,"shared":180584448,"text":2322432,"lib":0,"data":10287865856,"dirty":0,"uss":37683200,"pss":1645084672,"swap":0}},"nvidia_draw_absolute":179.17,"nvidia_estimated_attributable_power_draw":179.17,"average_gpu_estimated_utilization_absolute":0.99,"per_gpu_average_estimated_utilization_absolute":{"(0, 10152)":{"sm":99,"mem":64,"enc":0,"dec":0}},"average_gpu_estimated_utilization_relative":1.0,"per_gpu_performance_state":{"0":"P2"},"per_gpu_power_draw":{"0":179.17},"cpu_count_adjusted_average_load":[0.155,0.165,0.1609375],"realtime_carbon_intensity":336.704610597,"disk_write_speed":22.7510914109,"process_ids":[10152,10223]}
{"timestamp":1572412286.6929380894,"rapl_power_draw_absolute":82.2749729676,"rapl_estimated_attributable_power_draw":23.5778908848,"cpu_time_seconds":{"10152":{"user":38.12,"system":10.58,"children_user":0.06,"children_system":0.16},"10223":{"user":0.36,"system":0.77,"children_user":0.03,"children_system":0.67}},"average_relative_cpu_utilization":0.3011871194,"absolute_cpu_utilization":0.9987739965,"relative_mem_usage":0.1695555951,"absolute_mem_usage":3600637952.0,"absolute_mem_percent_usage":0.0266518494,"mem_info_per_process":{"10152":{"rss":3645427712,"vms":12015669248,"shared":563924992,"text":2322432,"lib":0,"data":10287865856,"dirty":0,"uss":77643776,"pss":1840214016,"swap":0},"10223":{"rss":3262328832,"vms":12015669248,"shared":180584448,"text":2322432,"lib":0,"data":10287865856,"dirty":0,"uss":37691392,"pss":1645088768,"swap":0}},"nvidia_draw_absolute":180.41,"nvidia_estimated_attributable_power_draw":180.41,"average_gpu_estimated_utilization_absolute":0.99,"per_gpu_average_estimated_utilization_absolute":{"(0, 10152)":{"sm":99,"mem":64,"enc":0,"dec":0}},"average_gpu_estimated_utilization_relative":1.0,"per_gpu_performance_state":{"0":"P2"},"per_gpu_power_draw":{"0":180.41},"cpu_count_adjusted_average_load":[0.15,0.1640625,0.160625],"realtime_carbon_intensity":336.704610597,"disk_write_speed":47.1276510777,"process_ids":[10152,10223]}
{"timestamp":1572412294.6514759064,"rapl_power_draw_absolute":82.8196270682,"rapl_estimated_attributable_power_draw":23.9979262436,"cpu_time_seconds":{"10152":{"user":44.5,"system":12.17,"children_user":0.06,"children_system":0.16},"10223":{"user":0.5,"system":0.95,"children_user":0.04,"children_system":0.82}},"average_relative_cpu_utilization":0.3048577177,"absolute_cpu_utilization":0.9987692149,"relative_mem_usage":0.1695669669,"absolute_mem_usage":3600650240.0,"absolute_mem_percent_usage":0.0266519404,"mem_info_per_process":{"10152":{"rss":3645427712,"vms":12015669248,"shared":563924992,"text":2322432,"lib":0,"data":10287865856,"dirty":0,"uss":77647872,"pss":1840216064,"swap":0},"10223":{"rss":3262328832,"vms":12015669248,"shared":180584448,"text":2322432,"lib":0,"data":10287865856,"dirty":0,"uss":37695488,"pss":1645090816,"swap":0}},"nvidia_draw_absolute":180.32,"nvidia_estimated_attributable_power_draw":180.32,"average_gpu_estimated_utilization_absolute":0.985,"per_gpu_average_estimated_utilization_absolute":{"(0, 10152)":{"sm":98.5,"mem":64.0,"enc":0.0,"dec":0.0}},"average_gpu_estimated_utilization_relative":1.0,"per_gpu_performance_state":{"0":"P2"},"per_gpu_power_draw":{"0":180.32},"cpu_count_adjusted_average_load":[0.14625,0.1625,0.1603125],"realtime_carbon_intensity":336.704610597,"disk_write_speed":26.3973904819,"process_ids":[10152,10223]}
{"timestamp":1572412303.6665010452,"rapl_power_draw_absolute":88.695819566,"rapl_estimated_attributable_power_draw":20.2958441733,"cpu_time_seconds":{"10152":{"user":51.76,"system":13.93,"children_user":0.06,"children_system":0.16},"10223":{"user":0.59,"system":1.14,"children_user":0.04,"children_system":1.0}},"average_relative_cpu_utilization":0.2386407137,"absolute_cpu_utilization":0.9987220781,"relative_mem_usage":0.1533476349,"absolute_mem_usage":3568873472.0,"absolute_mem_percent_usage":0.0264167294,"mem_info_per_process":{"10152":{"rss":3645427712,"vms":12015669248,"shared":563924992,"text":2322432,"lib":0,"data":10287865856,"dirty":0,"uss":73195520,"pss":1812892672,"swap":0},"10223":{"rss":3262328832,"vms":12015669248,"shared":180584448,"text":2322432,"lib":0,"data":10287865856,"dirty":0,"uss":37699584,"pss":1645085696,"swap":0}},"nvidia_draw_absolute":182.55,"nvidia_estimated_attributable_power_draw":182.55,"average_gpu_estimated_utilization_absolute":0.99,"per_gpu_average_estimated_utilization_absolute":{"(0, 10152)":{"sm":99,"mem":64,"enc":0,"dec":0}},"average_gpu_estimated_utilization_relative":1.0,"per_gpu_performance_state":{"0":"P2"},"per_gpu_power_draw":{"0":182.55},"cpu_count_adjusted_average_load":[0.1478125,0.1625,0.1603125],"realtime_carbon_intensity":336.704610597,"disk_write_speed":26.5499966994,"process_ids":[10152,10223]}
{"timestamp":1572412311.681071043,"rapl_power_draw_absolute":88.7880142662,"rapl_estimated_attributable_power_draw":19.1737361758,"cpu_time_seconds":{"10152":{"user":58.26,"system":15.44,"children_user":0.06,"children_system":0.16},"10223":{"user":0.68,"system":1.32,"children_user":0.06,"children_system":1.16}},"average_relative_cpu_utilization":0.2239545511,"absolute_cpu_utilization":0.9988080109,"relative_mem_usage":0.1483889,"absolute_mem_usage":3550095360.0,"absolute_mem_percent_usage":0.0262777342,"mem_info_per_process":{"10152":{"rss":3645427712,"vms":12015669248,"shared":563924992,"text":2322432,"lib":0,"data":10287865856,"dirty":0,"uss":70811648,"pss":1796792320,"swap":0},"10223":{"rss":3262328832,"vms":12015669248,"shared":180584448,"text":2322432,"lib":0,"data":10287865856,"dirty":0,"uss":37703680,"pss":1644787712,"swap":0}},"nvidia_draw_absolute":181.52,"nvidia_estimated_attributable_power_draw":181.52,"average_gpu_estimated_utilization_absolute":0.99,"per_gpu_average_estimated_utilization_absolute":{"(0, 10152)":{"sm":99,"mem":64,"enc":0,"dec":0}},"average_gpu_estimated_utilization_relative":1.0,"per_gpu_performance_state":{"0":"P2"},"per_gpu_power_draw":{"0":181.52},"cpu_count_adjusted_average_load":[0.1459375,0.161875,0.16],"realtime_carbon_intensity":336.704610597,"disk_write_speed":22.7655702491,"process_ids":[10152,10223]}
{"timestamp":1572412319.6717329025,"rapl_power_draw_absolute":89.0852279248,"rapl_estimated_attributable_power_draw":19.2647651613,"cpu_time_seconds":{"10152":{"user":64.64,"system":17.05,"children_user":0.06,"children_system":0.16},"10223":{"user":0.76,"system":1.51,"children_user":0.07,"children_system":1.32}},"average_relative_cpu_utilization":0.2242080571,"absolute_cpu_utilization":0.9987952786,"relative_mem_usage":0.1482563456,"absolute_mem_usage":3549593600.0,"absolute_mem_percent_usage":0.0262740201,"mem_info_per_process":{"10152":{"rss":3645427712,"vms":12015669248,"shared":563924992,"text":2322432,"lib":0,"data":10287865856,"dirty":0,"uss":70823936,"pss":1796674560,"swap":0},"10223":{"rss":3262328832,"vms":12015669248,"shared":180584448,"text":2322432,"lib":0,"data":10287865856,"dirty":0,"uss":37617664,"pss":1644477440,"swap":0}},"nvidia_draw_absolute":180.64,"nvidia_estimated_attributable_power_draw":180.64,"average_gpu_estimated_utilization_absolute":0.99,"per_gpu_average_estimated_utilization_absolute":{"(0, 10152)":{"sm":99,"mem":64,"enc":0,"dec":0}},"average_gpu_estimated_utilization_relative":1.0,"per_gpu_performance_state":{"0":"P2"},"per_gpu_power_draw":{"0":180.64},"cpu_count_adjusted_average_load":[0.145,0.1609375,0.1596875],"realtime_carbon_intensity":336.704610597,"disk_write_speed":27.9345178177,"process_ids":[10152,10223]}
{"timestamp":1572412327.671036005,"rapl_power_draw_absolute":88.6408608482,"rapl_estimated_attributable_power_draw":19.3750368558,"cpu_time_seconds":{"10152":{"user":70.99,"system":18.7,"children_user":0.06,"children_system":0.16},"10223":{"user":0.86,"system":1.69,"children_user":0.07,"children_system":1.48}},"average_relative_cpu_utilization":0.2270014751,"absolute_cpu_utilization":0.9988017785,"relative_mem_usage":0.1483019449,"absolute_mem_usage":3549608960.0,"absolute_mem_percent_usage":0.0262741338,"mem_info_per_process":{"10152":{"rss":3645427712,"vms":12015669248,"shared":563924992,"text":2322432,"lib":0,"data":10287865856,"dirty":0,"uss":70828032,"pss":1796678656,"swap":0},"10223":{"rss":3262328832,"vms":12015669248,"shared":180584448,"text":2322432,"lib":0,"data":10287865856,"dirty":0,"uss":37621760,"pss":1644480512,"swap":0}},"nvidia_draw_absolute":183.62,"nvidia_estimated_attributable_power_draw":183.62,"average_gpu_estimated_utilization_absolute":0.99,"per_gpu_average_estimated_utilization_absolute":{"(0, 10152)":{"sm":99,"mem":64,"enc":0,"dec":0}},"average_gpu_estimated_utilization_relative":1.0,"per_gpu_performance_state":{"0":"P2"},"per_gpu_power_draw":{"0":183.62},"cpu_count_adjusted_average_load":[0.1459375,0.1609375,0.1596875],"realtime_carbon_intensity":336.704610597,"disk_write_speed":33.7879744796,"process_ids":[10152,10223]}
{"timestamp":1572412335.6597459316,"rapl_power_draw_absolute":88.8118239246,"rapl_estimated_attributable_power_draw":19.4565470079,"cpu_time_seconds":{"10152":{"user":77.39,"system":20.3,"children_user":0.06,"children_system":0.16},"10223":{"user":0.98,"system":1.86,"children_user":0.08,"children_system":1.66}},"average_relative_cpu_utilization":0.2273643311,"absolute_cpu_utilization":1.0038003571,"relative_mem_usage":0.148317865,"absolute_mem_usage":3549621248.0,"absolute_mem_percent_usage":0.0262742248,"mem_info_per_process":{"10152":{"rss":3645427712,"vms":12015669248,"shared":563924992,"text":2322432,"lib":0,"data":10287865856,"dirty":0,"uss":70832128,"pss":1796680704,"swap":0},"10223":{"rss":3262328832,"vms":12015669248,"shared":180584448,"text":2322432,"lib":0,"data":10287865856,"dirty":0,"uss":37625856,"pss":1644482560,"swap":0}},"nvidia_draw_absolute":182.59,"nvidia_estimated_attributable_power_draw":182.59,"average_gpu_estimated_utilization_absolute":0.99,"per_gpu_average_estimated_utilization_absolute":{"(0, 10152)":{"sm":99,"mem":64,"enc":0,"dec":0}},"average_gpu_estimated_utilization_relative":1.0,"per_gpu_performance_state":{"0":"P2"},"per_gpu_power_draw":{"0":182.59},"cpu_count_adjusted_average_load":[0.1571875,0.1628125,0.1603125],"realtime_carbon_intensity":336.704610597,"disk_write_speed":23.0850104161,"process_ids":[10152,10223]}
{"timestamp":1572412343.6483469009,"rapl_power_draw_absolute":89.0311083122,"rapl_estimated_attributable_power_draw":19.8477222839,"cpu_time_seconds":{"10152":{"user":83.73,"system":21.95,"children_user":0.06,"children_system":0.16},"10223":{"user":1.08,"system":2.03,"children_user":0.08,"children_system":1.83}},"average_relative_cpu_utilization":0.2316400731,"absolute_cpu_utilization":1.0087869943,"relative_mem_usage":0.1483219451,"absolute_mem_usage":3549534208.0,"absolute_mem_percent_usage":0.0262735805,"mem_info_per_process":{"10152":{"rss":3645427712,"vms":12015669248,"shared":563924992,"text":2322432,"lib":0,"data":10287865856,"dirty":0,"uss":70836224,"pss":1796682752,"swap":0},"10223":{"rss":3262328832,"vms":12015669248,"shared":180584448,"text":2322432,"lib":0,"data":10287865856,"dirty":0,"uss":37629952,"pss":1644385280,"swap":0}},"nvidia_draw_absolute":183.18,"nvidia_estimated_attributable_power_draw":183.18,"average_gpu_estimated_utilization_absolute":0.99,"per_gpu_average_estimated_utilization_absolute":{"(0, 10152)":{"sm":99,"mem":64,"enc":0,"dec":0}},"average_gpu_estimated_utilization_relative":1.0,"per_gpu_performance_state":{"0":"P2"},"per_gpu_power_draw":{"0":183.18},"cpu_count_adjusted_average_load":[0.1546875,0.1621875,0.1603125],"realtime_carbon_intensity":335.5704697987,"disk_write_speed":15.6133678066,"process_ids":[10152,10223]}
{"timestamp":1572412351.771433115,"rapl_power_draw_absolute":88.8230665399,"rapl_estimated_attributable_power_draw":19.5699726548,"cpu_time_seconds":{"10152":{"user":90.31,"system":23.49,"children_user":0.06,"children_system":0.16},"10223":{"user":1.18,"system":2.2,"children_user":0.09,"children_system":2.0}},"average_relative_cpu_utilization":0.2288215542,"absolute_cpu_utilization":0.998804131,"relative_mem_usage":0.1483207454,"absolute_mem_usage":3549701120.0,"absolute_mem_percent_usage":0.026274816,"mem_info_per_process":{"10152":{"rss":3645427712,"vms":12015669248,"shared":563924992,"text":2322432,"lib":0,"data":10287865856,"dirty":0,"uss":70844416,"pss":1796686848,"swap":0},"10223":{"rss":3262328832,"vms":12015669248,"shared":180584448,"text":2322432,"lib":0,"data":10287865856,"dirty":0,"uss":37666816,"pss":1644503040,"swap":0}},"nvidia_draw_absolute":183.59,"nvidia_estimated_attributable_power_draw":183.59,"average_gpu_estimated_utilization_absolute":0.99,"per_gpu_average_estimated_utilization_absolute":{"(0, 10152)":{"sm":99,"mem":64,"enc":0,"dec":0}},"average_gpu_estimated_utilization_relative":1.0,"per_gpu_performance_state":{"0":"P2"},"per_gpu_power_draw":{"0":183.59},"cpu_count_adjusted_average_load":[0.1546875,0.1621875,0.16],"realtime_carbon_intensity":335.5704697987,"disk_write_speed":22.1376288222,"process_ids":[10152,10223]}
{"timestamp":1572412359.7826759815,"rapl_power_draw_absolute":88.4539913114,"rapl_estimated_attributable_power_draw":19.4055623209,"cpu_time_seconds":{"10152":{"user":96.7,"system":25.11,"children_user":0.06,"children_system":0.16},"10223":{"user":1.27,"system":2.37,"children_user":0.1,"children_system":2.16}},"average_relative_cpu_utilization":0.2277673669,"absolute_cpu_utilization":0.998704622,"relative_mem_usage":0.1483198379,"absolute_mem_usage":3549768704.0,"absolute_mem_percent_usage":0.0262753163,"mem_info_per_process":{"10152":{"rss":3645427712,"vms":12015669248,"shared":563924992,"text":2322432,"lib":0,"data":10287865856,"dirty":0,"uss":70881280,"pss":1796705280,"swap":0},"10223":{"rss":3262328832,"vms":12015669248,"shared":180584448,"text":2322432,"lib":0,"data":10287865856,"dirty":0,"uss":37675008,"pss":1644507136,"swap":0}},"nvidia_draw_absolute":182.26,"nvidia_estimated_attributable_power_draw":182.26,"average_gpu_estimated_utilization_absolute":0.99,"per_gpu_average_estimated_utilization_absolute":{"(0, 10152)":{"sm":99,"mem":64,"enc":0,"dec":0}},"average_gpu_estimated_utilization_relative":1.0,"per_gpu_performance_state":{"0":"P2"},"per_gpu_power_draw":{"0":182.26},"cpu_count_adjusted_average_load":[0.1525,0.16125,0.16],"realtime_carbon_intensity":335.5704697987,"disk_write_speed":22.5899228952,"process_ids":[10152,10223]}
{"timestamp":1572412367.8312408924,"rapl_power_draw_absolute":88.6886615171,"rapl_estimated_attributable_power_draw":19.5897656271,"cpu_time_seconds":{"10152":{"user":103.0,"system":26.86,"children_user":0.06,"children_system":0.16},"10223":{"user":1.36,"system":2.55,"children_user":0.12,"children_system":2.32}},"average_relative_cpu_utilization":0.2293460049,"absolute_cpu_utilization":0.998798025,"relative_mem_usage":0.1483105087,"absolute_mem_usage":3549793280.0,"absolute_mem_percent_usage":0.0262754982,"mem_info_per_process":{"10152":{"rss":3645427712,"vms":12015669248,"shared":563924992,"text":2322432,"lib":0,"data":10287865856,"dirty":0,"uss":70889472,"pss":1796709376,"swap":0},"10223":{"rss":3262328832,"vms":12015669248,"shared":180584448,"text":2322432,"lib":0,"data":10287865856,"dirty":0,"uss":37683200,"pss":1644511232,"swap":0}},"nvidia_draw_absolute":184.4,"nvidia_estimated_attributable_power_draw":184.4,"average_gpu_estimated_utilization_absolute":0.99,"per_gpu_average_estimated_utilization_absolute":{"(0, 10152)":{"sm":99.0,"mem":64.5,"enc":0.0,"dec":0.0}},"average_gpu_estimated_utilization_relative":1.0,"per_gpu_performance_state":{"0":"P2"},"per_gpu_power_draw":{"0":184.4},"cpu_count_adjusted_average_load":[0.1528125,0.16125,0.16],"realtime_carbon_intensity":335.5704697987,"disk_write_speed":22.9587740881,"process_ids":[10152,10223]}
{"timestamp":1572412375.8291840553,"rapl_power_draw_absolute":88.734974131,"rapl_estimated_attributable_power_draw":19.7848080281,"cpu_time_seconds":{"10152":{"user":109.4,"system":28.46,"children_user":0.06,"children_system":0.16},"10223":{"user":1.44,"system":2.72,"children_user":0.13,"children_system":2.48}},"average_relative_cpu_utilization":0.2317353493,"absolute_cpu_utilization":0.9987948717,"relative_mem_usage":0.1483148547,"absolute_mem_usage":3549805568.0,"absolute_mem_percent_usage":0.0262755891,"mem_info_per_process":{"10152":{"rss":3645427712,"vms":12015669248,"shared":563924992,"text":2322432,"lib":0,"data":10287865856,"dirty":0,"uss":70893568,"pss":1796711424,"swap":0},"10223":{"rss":3262328832,"vms":12015669248,"shared":180584448,"text":2322432,"lib":0,"data":10287865856,"dirty":0,"uss":37687296,"pss":1644513280,"swap":0}},"nvidia_draw_absolute":182.64,"nvidia_estimated_attributable_power_draw":182.64,"average_gpu_estimated_utilization_absolute":0.985,"per_gpu_average_estimated_utilization_absolute":{"(0, 10152)":{"sm":98.5,"mem":64.0,"enc":0.0,"dec":0.0}},"average_gpu_estimated_utilization_relative":1.0,"per_gpu_performance_state":{"0":"P2"},"per_gpu_power_draw":{"0":182.64},"cpu_count_adjusted_average_load":[0.1578125,0.1621875,0.1603125],"realtime_carbon_intensity":335.5704697987,"disk_write_speed":26.0116139224,"process_ids":[10152,10223]}
{"timestamp":1572412383.8227279186,"rapl_power_draw_absolute":88.9658029325,"rapl_estimated_attributable_power_draw":19.6673754821,"cpu_time_seconds":{"10152":{"user":115.64,"system":30.22,"children_user":0.06,"children_system":0.16},"10223":{"user":1.53,"system":2.91,"children_user":0.14,"children_system":2.64}},"average_relative_cpu_utilization":0.2296067605,"absolute_cpu_utilization":0.9987654709,"relative_mem_usage":0.1483287456,"absolute_mem_usage":3549817856.0,"absolute_mem_percent_usage":0.0262756801,"mem_info_per_process":{"10152":{"rss":3645427712,"vms":12015669248,"shared":563924992,"text":2322432,"lib":0,"data":10287865856,"dirty":0,"uss":70897664,"pss":1796713472,"swap":0},"10223":{"rss":3262328832,"vms":12015669248,"shared":180584448,"text":2322432,"lib":0,"data":10287865856,"dirty":0,"uss":37691392,"pss":1644515328,"swap":0}},"nvidia_draw_absolute":182.58,"nvidia_estimated_attributable_power_draw":182.58,"average_gpu_estimated_utilization_absolute":0.99,"per_gpu_average_estimated_utilization_absolute":{"(0, 10152)":{"sm":99,"mem":64,"enc":0,"dec":0}},"average_gpu_estimated_utilization_relative":1.0,"per_gpu_performance_state":{"0":"P2"},"per_gpu_power_draw":{"0":182.58},"cpu_count_adjusted_average_load":[0.1528125,0.1609375,0.1596875],"realtime_carbon_intensity":335.5704697987,"disk_write_speed":27.9470151271,"process_ids":[10152,10223]}
{"timestamp":1572412391.7920498848,"rapl_power_draw_absolute":89.2451739687,"rapl_estimated_attributable_power_draw":19.5561030769,"cpu_time_seconds":{"10152":{"user":121.92,"system":31.91,"children_user":0.06,"children_system":0.16},"10223":{"user":1.63,"system":3.08,"children_user":0.14,"children_system":2.81}},"average_relative_cpu_utilization":0.227364986,"absolute_cpu_utilization":1.0038007138,"relative_mem_usage":0.1483395414,"absolute_mem_usage":3549830144.0,"absolute_mem_percent_usage":0.026275771,"mem_info_per_process":{"10152":{"rss":3645427712,"vms":12015669248,"shared":563924992,"text":2322432,"lib":0,"data":10287865856,"dirty":0,"uss":70901760,"pss":1796715520,"swap":0},"10223":{"rss":3262328832,"vms":12015669248,"shared":180584448,"text":2322432,"lib":0,"data":10287865856,"dirty":0,"uss":37695488,"pss":1644517376,"swap":0}},"nvidia_draw_absolute":182.1,"nvidia_estimated_attributable_power_draw":182.1,"average_gpu_estimated_utilization_absolute":0.99,"per_gpu_average_estimated_utilization_absolute":{"(0, 10152)":{"sm":99,"mem":64,"enc":0,"dec":0}},"average_gpu_estimated_utilization_relative":1.0,"per_gpu_performance_state":{"0":"P2"},"per_gpu_power_draw":{"0":182.1},"cpu_count_adjusted_average_load":[0.158125,0.161875,0.16],"realtime_carbon_intensity":335.5704697987,"disk_write_speed":32.4677775041,"process_ids":[10152,10223]}
{"timestamp":1572412399.7945508957,"rapl_power_draw_absolute":88.937551708,"rapl_estimated_attributable_power_draw":20.2398581078,"cpu_time_seconds":{"10152":{"user":128.33,"system":33.5,"children_user":0.06,"children_system":0.16},"10223":{"user":1.74,"system":3.26,"children_user":0.15,"children_system":2.98}},"average_relative_cpu_utilization":0.2336307902,"absolute_cpu_utilization":0.9987808967,"relative_mem_usage":0.1761898713,"absolute_mem_usage":3624482816.0,"absolute_mem_percent_usage":0.0268283486,"mem_info_per_process":{"10152":{"rss":3645427712,"vms":12015669248,"shared":563924992,"text":2322432,"lib":0,"data":10287865856,"dirty":0,"uss":82481152,"pss":1858320384,"swap":0},"10223":{"rss":3262328832,"vms":12015669248,"shared":180584448,"text":2322432,"lib":0,"data":10287865856,"dirty":0,"uss":37814272,"pss":1645867008,"swap":0}},"nvidia_draw_absolute":184.94,"nvidia_estimated_attributable_power_draw":184.94,"average_gpu_estimated_utilization_absolute":0.99,"per_gpu_average_estimated_utilization_absolute":{"(0, 10152)":{"sm":99,"mem":64,"enc":0,"dec":0}},"average_gpu_estimated_utilization_relative":1.0,"per_gpu_performance_state":{"0":"P2"},"per_gpu_power_draw":{"0":184.94},"cpu_count_adjusted_average_load":[0.1571875,0.1615625,0.16],"realtime_carbon_intensity":335.5704697987,"disk_write_speed":29.2001113896,"process_ids":[10152,10223]}
{"timestamp":1572412407.7791440487,"rapl_power_draw_absolute":81.9691555833,"rapl_estimated_attributable_power_draw":22.9310925718,"cpu_time_seconds":{"10152":{"user":134.71,"system":35.11,"children_user":0.06,"children_system":0.16},"10223":{"user":1.84,"system":3.45,"children_user":0.15,"children_system":3.15}},"average_relative_cpu_utilization":0.2928078241,"absolute_cpu_utilization":0.9987917035,"relative_mem_usage":0.1759811045,"absolute_mem_usage":3624482816.0,"absolute_mem_percent_usage":0.0268283486,"mem_info_per_process":{"10152":{"rss":3645427712,"vms":12015669248,"shared":563924992,"text":2322432,"lib":0,"data":10287865856,"dirty":0,"uss":82485248,"pss":1858314240,"swap":0},"10223":{"rss":3262328832,"vms":12015669248,"shared":180584448,"text":2322432,"lib":0,"data":10287865856,"dirty":0,"uss":37818368,"pss":1645864960,"swap":0}},"nvidia_draw_absolute":185.74,"nvidia_estimated_attributable_power_draw":185.74,"average_gpu_estimated_utilization_absolute":0.99,"per_gpu_average_estimated_utilization_absolute":{"(0, 10152)":{"sm":99,"mem":64,"enc":0,"dec":0}},"average_gpu_estimated_utilization_relative":1.0,"per_gpu_performance_state":{"0":"P2"},"per_gpu_power_draw":{"0":185.74},"cpu_count_adjusted_average_load":[0.1621875,0.1625,0.1603125],"realtime_carbon_intensity":335.5704697987,"disk_write_speed":36.2558871568,"process_ids":[10152,10223]}
{"timestamp":1572412417.0005419254,"rapl_power_draw_absolute":90.9348375955,"rapl_estimated_attributable_power_draw":17.6915565613,"cpu_time_seconds":{"10152":{"user":142.24,"system":36.8,"children_user":0.06,"children_system":0.16},"10223":{"user":1.95,"system":3.65,"children_user":0.16,"children_system":3.31}},"average_relative_cpu_utilization":0.1976227079,"absolute_cpu_utilization":0.9987827362,"relative_mem_usage":0.169435575,"absolute_mem_usage":3599362048.0,"absolute_mem_percent_usage":0.0266424052,"mem_info_per_process":{"10152":{"rss":3645427712,"vms":12015669248,"shared":563924992,"text":2322432,"lib":0,"data":10287865856,"dirty":0,"uss":77185024,"pss":1839250432,"swap":0},"10223":{"rss":3262328832,"vms":12015669248,"shared":180584448,"text":2322432,"lib":0,"data":10287865856,"dirty":0,"uss":37801984,"pss":1645124608,"swap":0}},"nvidia_draw_absolute":183.35,"nvidia_estimated_attributable_power_draw":183.35,"average_gpu_estimated_utilization_absolute":0.99,"per_gpu_average_estimated_utilization_absolute":{"(0, 10152)":{"sm":99,"mem":64,"enc":0,"dec":0}},"average_gpu_estimated_utilization_relative":1.0,"per_gpu_performance_state":{"0":"P2"},"per_gpu_power_draw":{"0":183.35},"cpu_count_adjusted_average_load":[0.1640625,0.1628125,0.160625],"realtime_carbon_intensity":335.5704697987,"disk_write_speed":41.8591622121,"process_ids":[10152,10223]}
{"timestamp":1572412425.762223959,"rapl_power_draw_absolute":87.8590897092,"rapl_estimated_attributable_power_draw":20.4430608492,"cpu_time_seconds":{"10152":{"user":149.23,"system":38.58,"children_user":0.06,"children_system":0.16},"10223":{"user":2.06,"system":3.84,"children_user":0.18,"children_system":3.47}},"average_relative_cpu_utilization":0.2433293398,"absolute_cpu_utilization":1.003778493,"relative_mem_usage":0.147106393,"absolute_mem_usage":3518542848.0,"absolute_mem_percent_usage":0.0260441831,"mem_info_per_process":{"10152":{"rss":3645427712,"vms":12015669248,"shared":563924992,"text":2322432,"lib":0,"data":10287865856,"dirty":0,"uss":50012160,"pss":1785877504,"swap":0},"10223":{"rss":3262328832,"vms":12015669248,"shared":180584448,"text":2322432,"lib":0,"data":10287865856,"dirty":0,"uss":37810176,"pss":1644843008,"swap":0}},"nvidia_draw_absolute":185.12,"nvidia_estimated_attributable_power_draw":185.12,"average_gpu_estimated_utilization_absolute":0.99,"per_gpu_average_estimated_utilization_absolute":{"(0, 10152)":{"sm":99,"mem":64,"enc":0,"dec":0}},"average_gpu_estimated_utilization_relative":1.0,"per_gpu_performance_state":{"0":"P2"},"per_gpu_power_draw":{"0":185.12},"cpu_count_adjusted_average_load":[0.165625,0.163125,0.160625],"realtime_carbon_intensity":335.5704697987,"disk_write_speed":35.2756771017,"process_ids":[10152,10223]}
