{"timestamp":1572412310.9208478928,"rapl_power_draw_absolute":88.3761742927,"rapl_estimated_attributable_power_draw":19.6534592734,"cpu_time_seconds":{"10659":{"user":0.0,"system":0.04,"children_user":0.0,"children_system":0.04},"10468":{"user":14.56,"system":4.57,"children_user":0.08,"children_system":0.18}},"average_relative_cpu_utilization":0.2315577715,"absolute_cpu_utilization":1.0037581853,"relative_mem_usage":0.1453770623,"absolute_mem_usage":3477569536.0,"absolute_mem_percent_usage":0.0257408995,"mem_info_per_process":{"10659":{"rss":3255762944,"vms":12083286016,"shared":173985792,"text":2322432,"lib":0,"data":10355482624,"dirty":0,"uss":20705280,"pss":1634694144,"swap":0},"10468":{"rss":3648245760,"vms":12083286016,"shared":566476800,"text":2322432,"lib":0,"data":10355482624,"dirty":0,"uss":39772160,"pss":1782397952,"swap":0}},"nvidia_draw_absolute":186.51,"nvidia_estimated_attributable_power_draw":186.51,"average_gpu_estimated_utilization_absolute":0.985,"per_gpu_average_estimated_utilization_absolute":{"(0, 10468)":{"sm":98.5,"mem":61.0,"enc":0.0,"dec":0.0}},"average_gpu_estimated_utilization_relative":1.0,"per_gpu_performance_state":{"0":"P2"},"per_gpu_power_draw":{"0":186.51},"cpu_count_adjusted_average_load":[0.1459375,0.161875,0.16],"realtime_carbon_intensity":335.5704697987,"disk_write_speed":34.9109923148,"process_ids":[10659,10468]}
{"timestamp":1572412319.0883278847,"rapl_power_draw_absolute":88.5574767617,"rapl_estimated_attributable_power_draw":19.6214578165,"cpu_time_seconds":{"10659":{"user":0.14,"system":0.3,"children_user":0.0,"children_system":0.23},"10468":{"user":20.98,"system":6.32,"children_user":0.08,"children_system":0.18}},"average_relative_cpu_utilization":0.2304051574,"absolute_cpu_utilization":0.9987738545,"relative_mem_usage":0.1465706804,"absolute_mem_usage":3507504128.0,"absolute_mem_percent_usage":0.0259624747,"mem_info_per_process":{"10659":{"rss":3262808064,"vms":12083286016,"shared":181018624,"text":2322432,"lib":0,"data":10355482624,"dirty":0,"uss":30650368,"pss":1641032704,"swap":0},"10468":{"rss":3648245760,"vms":12083286016,"shared":566476800,"text":2322432,"lib":0,"data":10355482624,"dirty":0,"uss":49008640,"pss":1786812416,"swap":0}},"nvidia_draw_absolute":187.02,"nvidia_estimated_attributable_power_draw":187.02,"average_gpu_estimated_utilization_absolute":0.99,"per_gpu_average_estimated_utilization_absolute":{"(0, 10468)":{"sm":99.0,"mem":61.5,"enc":0.0,"dec":0.0}},"average_gpu_estimated_utilization_relative":1.0,"per_gpu_performance_state":{"0":"P2"},"per_gpu_power_draw":{"0":187.02},"cpu_count_adjusted_average_load":[0.145,0.1609375,0.1596875],"realtime_carbon_intensity":335.5704697987,"disk_write_speed":22.0820637915,"process_ids":[10659,10468]}
{"timestamp":1572412327.2873330116,"rapl_power_draw_absolute":88.4463003433,"rapl_estimated_attributable_power_draw":19.5334637701,"cpu_time_seconds":{"10659":{"user":0.21,"system":0.61,"children_user":0.01,"children_system":0.42},"10468":{"user":27.55,"system":7.94,"children_user":0.08,"children_system":0.18}},"average_relative_cpu_utilization":0.2297840519,"absolute_cpu_utilization":0.9937717526,"relative_mem_usage":0.1466050735,"absolute_mem_usage":3508634624.0,"absolute_mem_percent_usage":0.0259708426,"mem_info_per_process":{"10659":{"rss":3262808064,"vms":12083286016,"shared":181018624,"text":2322432,"lib":0,"data":10355482624,"dirty":0,"uss":31272960,"pss":1641344000,"swap":0},"10468":{"rss":3648245760,"vms":12083286016,"shared":566476800,"text":2322432,"lib":0,"data":10355482624,"dirty":0,"uss":49139712,"pss":1786877952,"swap":0}},"nvidia_draw_absolute":189.66,"nvidia_estimated_attributable_power_draw":189.66,"average_gpu_estimated_utilization_absolute":0.99,"per_gpu_average_estimated_utilization_absolute":{"(0, 10468)":{"sm":99,"mem":61,"enc":0,"dec":0}},"average_gpu_estimated_utilization_relative":1.0,"per_gpu_performance_state":{"0":"P2"},"per_gpu_power_draw":{"0":189.66},"cpu_count_adjusted_average_load":[0.1459375,0.1609375,0.1596875],"realtime_carbon_intensity":335.5704697987,"disk_write_speed":33.6485487619,"process_ids":[10659,10468]}
{"timestamp":1572412335.4395830631,"rapl_power_draw_absolute":88.5466970694,"rapl_estimated_attributable_power_draw":19.5597100326,"cpu_time_seconds":{"10659":{"user":0.35,"system":0.86,"children_user":0.02,"children_system":0.62},"10468":{"user":33.98,"system":9.67,"children_user":0.08,"children_system":0.18}},"average_relative_cpu_utilization":0.2296124391,"absolute_cpu_utilization":0.998767093,"relative_mem_usage":0.1466199907,"absolute_mem_usage":3508646912.0,"absolute_mem_percent_usage":0.0259709336,"mem_info_per_process":{"10659":{"rss":3262808064,"vms":12083286016,"shared":181018624,"text":2322432,"lib":0,"data":10355482624,"dirty":0,"uss":31277056,"pss":1641346048,"swap":0},"10468":{"rss":3648245760,"vms":12083286016,"shared":566476800,"text":2322432,"lib":0,"data":10355482624,"dirty":0,"uss":49143808,"pss":1786880000,"swap":0}},"nvidia_draw_absolute":187.22,"nvidia_estimated_attributable_power_draw":187.22,"average_gpu_estimated_utilization_absolute":0.99,"per_gpu_average_estimated_utilization_absolute":{"(0, 10468)":{"sm":99,"mem":61,"enc":0,"dec":0}},"average_gpu_estimated_utilization_relative":1.0,"per_gpu_performance_state":{"0":"P2"},"per_gpu_power_draw":{"0":187.22},"cpu_count_adjusted_average_load":[0.1571875,0.1628125,0.1603125],"realtime_carbon_intensity":335.5704697987,"disk_write_speed":24.8184007534,"process_ids":[10659,10468]}
{"timestamp":1572412343.53855896,"rapl_power_draw_absolute":88.9452233756,"rapl_estimated_attributable_power_draw":19.7786679473,"cpu_time_seconds":{"10659":{"user":0.44,"system":1.12,"children_user":0.02,"children_system":0.82},"10468":{"user":40.26,"system":11.49,"children_user":0.08,"children_system":0.18}},"average_relative_cpu_utilization":0.2312053908,"absolute_cpu_utilization":0.998784258,"relative_mem_usage":0.1466176182,"absolute_mem_usage":3508659200.0,"absolute_mem_percent_usage":0.0259710245,"mem_info_per_process":{"10659":{"rss":3262808064,"vms":12083286016,"shared":181018624,"text":2322432,"lib":0,"data":10355482624,"dirty":0,"uss":31281152,"pss":1641348096,"swap":0},"10468":{"rss":3648245760,"vms":12083286016,"shared":566476800,"text":2322432,"lib":0,"data":10355482624,"dirty":0,"uss":49147904,"pss":1786882048,"swap":0}},"nvidia_draw_absolute":189.38,"nvidia_estimated_attributable_power_draw":189.38,"average_gpu_estimated_utilization_absolute":0.99,"per_gpu_average_estimated_utilization_absolute":{"(0, 10468)":{"sm":99,"mem":61,"enc":0,"dec":0}},"average_gpu_estimated_utilization_relative":1.0,"per_gpu_performance_state":{"0":"P2"},"per_gpu_power_draw":{"0":189.38},"cpu_count_adjusted_average_load":[0.1546875,0.1621875,0.1603125],"realtime_carbon_intensity":335.5704697987,"disk_write_speed":14.8726566409,"process_ids":[10659,10468]}
{"timestamp":1572412351.7961490154,"rapl_power_draw_absolute":88.8543062153,"rapl_estimated_attributable_power_draw":19.4976970292,"cpu_time_seconds":{"10659":{"user":0.5,"system":1.39,"children_user":0.02,"children_system":1.01},"10468":{"user":46.91,"system":13.1,"children_user":0.08,"children_system":0.18}},"average_relative_cpu_utilization":0.22804382,"absolute_cpu_utilization":0.9987641851,"relative_mem_usage":0.1465899167,"absolute_mem_usage":3508666368.0,"absolute_mem_percent_usage":0.0259710776,"mem_info_per_process":{"10659":{"rss":3262808064,"vms":12083286016,"shared":181018624,"text":2322432,"lib":0,"data":10355482624,"dirty":0,"uss":31285248,"pss":1641350144,"swap":0},"10468":{"rss":3648245760,"vms":12083286016,"shared":566476800,"text":2322432,"lib":0,"data":10355482624,"dirty":0,"uss":49152000,"pss":1786878976,"swap":0}},"nvidia_draw_absolute":191.38,"nvidia_estimated_attributable_power_draw":191.38,"average_gpu_estimated_utilization_absolute":0.9833333333,"per_gpu_average_estimated_utilization_absolute":{"(0, 10468)":{"sm":98.3333333333,"mem":61.3333333333,"enc":0.0,"dec":0.0}},"average_gpu_estimated_utilization_relative":1.0,"per_gpu_performance_state":{"0":"P2"},"per_gpu_power_draw":{"0":191.38},"cpu_count_adjusted_average_load":[0.1546875,0.1621875,0.16],"realtime_carbon_intensity":335.5704697987,"disk_write_speed":23.6232161723,"process_ids":[10659,10468]}
{"timestamp":1572412359.9094259739,"rapl_power_draw_absolute":88.5270784239,"rapl_estimated_attributable_power_draw":19.425246419,"cpu_time_seconds":{"10659":{"user":0.59,"system":1.67,"children_user":0.05,"children_system":1.18},"10468":{"user":53.4,"system":14.72,"children_user":0.08,"children_system":0.18}},"average_relative_cpu_utilization":0.2280422569,"absolute_cpu_utilization":0.9993676577,"relative_mem_usage":0.1465871055,"absolute_mem_usage":3508690944.0,"absolute_mem_percent_usage":0.0259712595,"mem_info_per_process":{"10659":{"rss":3262812160,"vms":12083286016,"shared":181018624,"text":2322432,"lib":0,"data":10355482624,"dirty":0,"uss":31293440,"pss":1641356288,"swap":0},"10468":{"rss":3648245760,"vms":12083286016,"shared":566476800,"text":2322432,"lib":0,"data":10355482624,"dirty":0,"uss":49156096,"pss":1786885120,"swap":0}},"nvidia_draw_absolute":195.51,"nvidia_estimated_attributable_power_draw":195.51,"average_gpu_estimated_utilization_absolute":0.98,"per_gpu_average_estimated_utilization_absolute":{"(0, 10468)":{"sm":98,"mem":61,"enc":0,"dec":0}},"average_gpu_estimated_utilization_relative":1.0,"per_gpu_performance_state":{"0":"P2"},"per_gpu_power_draw":{"0":195.51},"cpu_count_adjusted_average_load":[0.1525,0.16125,0.16],"realtime_carbon_intensity":335.5704697987,"disk_write_speed":19.3297559635,"process_ids":[10659,10468]}
{"timestamp":1572412368.0391149521,"rapl_power_draw_absolute":88.8022549649,"rapl_estimated_attributable_power_draw":19.4533373248,"cpu_time_seconds":{"10659":{"user":0.68,"system":1.91,"children_user":0.05,"children_system":1.38},"10468":{"user":59.94,"system":16.32,"children_user":0.08,"children_system":0.18}},"average_relative_cpu_utilization":0.2275250512,"absolute_cpu_utilization":0.9987830075,"relative_mem_usage":0.1465782127,"absolute_mem_usage":3508703232.0,"absolute_mem_percent_usage":0.0259713505,"mem_info_per_process":{"10659":{"rss":3262812160,"vms":12083286016,"shared":181018624,"text":2322432,"lib":0,"data":10355482624,"dirty":0,"uss":31297536,"pss":1641358336,"swap":0},"10468":{"rss":3648245760,"vms":12083286016,"shared":566476800,"text":2322432,"lib":0,"data":10355482624,"dirty":0,"uss":49160192,"pss":1786887168,"swap":0}},"nvidia_draw_absolute":193.86,"nvidia_estimated_attributable_power_draw":193.86,"average_gpu_estimated_utilization_absolute":0.985,"per_gpu_average_estimated_utilization_absolute":{"(0, 10468)":{"sm":98.5,"mem":61.0,"enc":0.0,"dec":0.0}},"average_gpu_estimated_utilization_relative":1.0,"per_gpu_performance_state":{"0":"P2"},"per_gpu_power_draw":{"0":193.86},"cpu_count_adjusted_average_load":[0.1528125,0.16125,0.16],"realtime_carbon_intensity":335.5704697987,"disk_write_speed":20.137919957,"process_ids":[10659,10468]}
{"timestamp":1572412376.199862957,"rapl_power_draw_absolute":88.8853112106,"rapl_estimated_attributable_power_draw":19.6288704883,"cpu_time_seconds":{"10659":{"user":0.78,"system":2.18,"children_user":0.05,"children_system":1.58},"10468":{"user":66.28,"system":18.14,"children_user":0.08,"children_system":0.18}},"average_relative_cpu_utilization":0.2296145885,"absolute_cpu_utilization":0.9987551848,"relative_mem_usage":0.1465811339,"absolute_mem_usage":3508715520.0,"absolute_mem_percent_usage":0.0259714414,"mem_info_per_process":{"10659":{"rss":3262812160,"vms":12083286016,"shared":181018624,"text":2322432,"lib":0,"data":10355482624,"dirty":0,"uss":31301632,"pss":1641360384,"swap":0},"10468":{"rss":3648245760,"vms":12083286016,"shared":566476800,"text":2322432,"lib":0,"data":10355482624,"dirty":0,"uss":49164288,"pss":1786889216,"swap":0}},"nvidia_draw_absolute":194.62,"nvidia_estimated_attributable_power_draw":194.62,"average_gpu_estimated_utilization_absolute":0.99,"per_gpu_average_estimated_utilization_absolute":{"(0, 10468)":{"sm":99,"mem":61,"enc":0,"dec":0}},"average_gpu_estimated_utilization_relative":1.0,"per_gpu_performance_state":{"0":"P2"},"per_gpu_power_draw":{"0":194.62},"cpu_count_adjusted_average_load":[0.1578125,0.1621875,0.1603125],"realtime_carbon_intensity":335.5704697987,"disk_write_speed":27.3733561257,"process_ids":[10659,10468]}
{"timestamp":1572412384.3232409954,"rapl_power_draw_absolute":89.0985592984,"rapl_estimated_attributable_power_draw":19.8064999162,"cpu_time_seconds":{"10659":{"user":0.88,"system":2.45,"children_user":0.05,"children_system":1.77},"10468":{"user":72.68,"system":19.87,"children_user":0.08,"children_system":0.18}},"average_relative_cpu_utilization":0.2312937091,"absolute_cpu_utilization":1.0037685771,"relative_mem_usage":0.1465912043,"absolute_mem_usage":3508727808.0,"absolute_mem_percent_usage":0.0259715324,"mem_info_per_process":{"10659":{"rss":3262812160,"vms":12083286016,"shared":181018624,"text":2322432,"lib":0,"data":10355482624,"dirty":0,"uss":31305728,"pss":1641362432,"swap":0},"10468":{"rss":3648245760,"vms":12083286016,"shared":566476800,"text":2322432,"lib":0,"data":10355482624,"dirty":0,"uss":49168384,"pss":1786891264,"swap":0}},"nvidia_draw_absolute":197.67,"nvidia_estimated_attributable_power_draw":197.67,"average_gpu_estimated_utilization_absolute":0.99,"per_gpu_average_estimated_utilization_absolute":{"(0, 10468)":{"sm":99,"mem":61,"enc":0,"dec":0}},"average_gpu_estimated_utilization_relative":1.0,"per_gpu_performance_state":{"0":"P2"},"per_gpu_power_draw":{"0":197.67},"cpu_count_adjusted_average_load":[0.1528125,0.1609375,0.1596875],"realtime_carbon_intensity":335.5704697987,"disk_write_speed":28.7502876791,"process_ids":[10659,10468]}
{"timestamp":1572412392.4454500675,"rapl_power_draw_absolute":89.0806698202,"rapl_estimated_attributable_power_draw":19.5772553274,"cpu_time_seconds":{"10659":{"user":0.97,"system":2.73,"children_user":0.06,"children_system":1.96},"10468":{"user":79.02,"system":21.65,"children_user":0.08,"children_system":0.18}},"average_relative_cpu_utilization":0.2283996994,"absolute_cpu_utilization":1.0037484361,"relative_mem_usage":0.146594728,"absolute_mem_usage":3508740096.0,"absolute_mem_percent_usage":0.0259716233,"mem_info_per_process":{"10659":{"rss":3262812160,"vms":12083286016,"shared":181018624,"text":2322432,"lib":0,"data":10355482624,"dirty":0,"uss":31309824,"pss":1641364480,"swap":0},"10468":{"rss":3648245760,"vms":12083286016,"shared":566476800,"text":2322432,"lib":0,"data":10355482624,"dirty":0,"uss":49172480,"pss":1786893312,"swap":0}},"nvidia_draw_absolute":195.79,"nvidia_estimated_attributable_power_draw":195.79,"average_gpu_estimated_utilization_absolute":0.99,"per_gpu_average_estimated_utilization_absolute":{"(0, 10468)":{"sm":99,"mem":61,"enc":0,"dec":0}},"average_gpu_estimated_utilization_relative":1.0,"per_gpu_performance_state":{"0":"P2"},"per_gpu_power_draw":{"0":195.79},"cpu_count_adjusted_average_load":[0.158125,0.161875,0.16],"realtime_carbon_intensity":335.5704697987,"disk_write_speed":42.2883334356,"process_ids":[10659,10468]}
{"timestamp":1572412400.5992000103,"rapl_power_draw_absolute":86.8064670172,"rapl_estimated_attributable_power_draw":22.1721339557,"cpu_time_seconds":{"10659":{"user":1.11,"system":3.02,"children_user":0.07,"children_system":2.16},"10468":{"user":85.65,"system":23.18,"children_user":0.08,"children_system":0.18}},"average_relative_cpu_utilization":0.2651637548,"absolute_cpu_utilization":1.0037648499,"relative_mem_usage":0.1754474703,"absolute_mem_usage":3609824256.0,"absolute_mem_percent_usage":0.0267198462,"mem_info_per_process":{"10659":{"rss":3262812160,"vms":12083286016,"shared":181018624,"text":2322432,"lib":0,"data":10355482624,"dirty":0,"uss":31485952,"pss":1642917888,"swap":0},"10468":{"rss":3648245760,"vms":12083286016,"shared":566476800,"text":2322432,"lib":0,"data":10355482624,"dirty":0,"uss":78082048,"pss":1857338368,"swap":0}},"nvidia_draw_absolute":196.88,"nvidia_estimated_attributable_power_draw":196.88,"average_gpu_estimated_utilization_absolute":0.99,"per_gpu_average_estimated_utilization_absolute":{"(0, 10468)":{"sm":99.0,"mem":61.5,"enc":0.0,"dec":0.0}},"average_gpu_estimated_utilization_relative":1.0,"per_gpu_performance_state":{"0":"P2"},"per_gpu_power_draw":{"0":196.88},"cpu_count_adjusted_average_load":[0.1571875,0.1615625,0.16],"realtime_carbon_intensity":335.5704697987,"disk_write_speed":26.3441449137,"process_ids":[10659,10468]}
{"timestamp":1572412408.6897420883,"rapl_power_draw_absolute":81.9565561909,"rapl_estimated_attributable_power_draw":22.9541679159,"cpu_time_seconds":{"10659":{"user":1.21,"system":3.27,"children_user":0.07,"children_system":2.34},"10468":{"user":91.93,"system":24.98,"children_user":0.08,"children_system":0.18}},"average_relative_cpu_utilization":0.2932407001,"absolute_cpu_utilization":0.9987541685,"relative_mem_usage":0.1751755578,"absolute_mem_usage":3609811968.0,"absolute_mem_percent_usage":0.0267197553,"mem_info_per_process":{"10659":{"rss":3262812160,"vms":12083286016,"shared":181018624,"text":2322432,"lib":0,"data":10355482624,"dirty":0,"uss":31490048,"pss":1642915840,"swap":0},"10468":{"rss":3648245760,"vms":12083286016,"shared":566476800,"text":2322432,"lib":0,"data":10355482624,"dirty":0,"uss":78086144,"pss":1857319936,"swap":0}},"nvidia_draw_absolute":199.01,"nvidia_estimated_attributable_power_draw":199.01,"average_gpu_estimated_utilization_absolute":0.985,"per_gpu_average_estimated_utilization_absolute":{"(0, 10468)":{"sm":98.5,"mem":61.0,"enc":0.0,"dec":0.0}},"average_gpu_estimated_utilization_relative":1.0,"per_gpu_performance_state":{"0":"P2"},"per_gpu_power_draw":{"0":199.01},"cpu_count_adjusted_average_load":[0.1621875,0.1625,0.1603125],"realtime_carbon_intensity":335.5704697987,"disk_write_speed":29.9024711121,"process_ids":[10659,10468]}
{"timestamp":1572412418.3151168823,"rapl_power_draw_absolute":91.6689990844,"rapl_estimated_attributable_power_draw":16.5390465515,"cpu_time_seconds":{"10659":{"user":1.32,"system":3.52,"children_user":0.07,"children_system":2.54},"10468":{"user":99.66,"system":26.88,"children_user":0.08,"children_system":0.18}},"average_relative_cpu_utilization":0.1823091309,"absolute_cpu_utilization":0.9987345948,"relative_mem_usage":0.1651778463,"absolute_mem_usage":3586306048.0,"absolute_mem_percent_usage":0.0265457649,"mem_info_per_process":{"10659":{"rss":3262812160,"vms":12083286016,"shared":181018624,"text":2322432,"lib":0,"data":10355482624,"dirty":0,"uss":31485952,"pss":1642211328,"swap":0},"10468":{"rss":3648245760,"vms":12083286016,"shared":566476800,"text":2322432,"lib":0,"data":10355482624,"dirty":0,"uss":76410880,"pss":1836197888,"swap":0}},"nvidia_draw_absolute":197.83,"nvidia_estimated_attributable_power_draw":197.83,"average_gpu_estimated_utilization_absolute":0.99,"per_gpu_average_estimated_utilization_absolute":{"(0, 10468)":{"sm":99,"mem":61,"enc":0,"dec":0}},"average_gpu_estimated_utilization_relative":1.0,"per_gpu_performance_state":{"0":"P2"},"per_gpu_power_draw":{"0":197.83},"cpu_count_adjusted_average_load":[0.1640625,0.1628125,0.160625],"realtime_carbon_intensity":335.5704697987,"disk_write_speed":37.1767975249,"process_ids":[10659,10468]}
{"timestamp":1572412426.4837670326,"rapl_power_draw_absolute":88.1133722163,"rapl_estimated_attributable_power_draw":20.0848286052,"cpu_time_seconds":{"10659":{"user":1.44,"system":3.81,"children_user":0.08,"children_system":2.74},"10468":{"user":105.97,"system":28.75,"children_user":0.08,"children_system":0.18}},"average_relative_cpu_utilization":0.2375800696,"absolute_cpu_utilization":1.0037747899,"relative_mem_usage":0.1480905756,"absolute_mem_usage":3542599680.0,"absolute_mem_percent_usage":0.0262222513,"mem_info_per_process":{"10659":{"rss":3262812160,"vms":12083286016,"shared":181018624,"text":2322432,"lib":0,"data":10355482624,"dirty":0,"uss":31490048,"pss":1641956352,"swap":0},"10468":{"rss":3648245760,"vms":12083286016,"shared":566476800,"text":2322432,"lib":0,"data":10355482624,"dirty":0,"uss":71335936,"pss":1797817344,"swap":0}},"nvidia_draw_absolute":199.23,"nvidia_estimated_attributable_power_draw":199.23,"average_gpu_estimated_utilization_absolute":0.99,"per_gpu_average_estimated_utilization_absolute":{"(0, 10468)":{"sm":99,"mem":61,"enc":0,"dec":0}},"average_gpu_estimated_utilization_relative":1.0,"per_gpu_performance_state":{"0":"P2"},"per_gpu_power_draw":{"0":199.23},"cpu_count_adjusted_average_load":[0.165625,0.163125,0.160625],"realtime_carbon_intensity":335.5704697987,"disk_write_speed":33.2345204164,"process_ids":[10659,10468]}
{"timestamp":1572412434.607929945,"rapl_power_draw_absolute":84.5937778798,"rapl_estimated_attributable_power_draw":24.0903696933,"cpu_time_seconds":{"10659":{"user":1.56,"system":4.1,"children_user":0.09,"children_system":2.94},"10468":{"user":112.26,"system":30.58,"children_user":0.08,"children_system":0.18}},"average_relative_cpu_utilization":0.2982063463,"absolute_cpu_utilization":1.0037503538,"relative_mem_usage":0.1753186509,"absolute_mem_usage":3607305216.0,"absolute_mem_percent_usage":0.0267012004,"mem_info_per_process":{"10659":{"rss":3262812160,"vms":12083286016,"shared":181018624,"text":2322432,"lib":0,"data":10355482624,"dirty":0,"uss":31543296,"pss":1642958848,"swap":0},"10468":{"rss":3648245760,"vms":12083286016,"shared":566476800,"text":2322432,"lib":0,"data":10355482624,"dirty":0,"uss":76316672,"pss":1856486400,"swap":0}},"nvidia_draw_absolute":201.03,"nvidia_estimated_attributable_power_draw":201.03,"average_gpu_estimated_utilization_absolute":0.99,"per_gpu_average_estimated_utilization_absolute":{"(0, 10468)":{"sm":99,"mem":61,"enc":0,"dec":0}},"average_gpu_estimated_utilization_relative":1.0,"per_gpu_performance_state":{"0":"P2"},"per_gpu_power_draw":{"0":201.03},"cpu_count_adjusted_average_load":[0.16125,0.1625,0.1603125],"realtime_carbon_intensity":335.5704697987,"disk_write_speed":22.9081981629,"process_ids":[10659,10468]}
{"timestamp":1572412442.8199748993,"rapl_power_draw_absolute":86.2222364159,"rapl_estimated_attributable_power_draw":20.6201280604,"cpu_time_seconds":{"10659":{"user":1.66,"system":4.35,"children_user":0.09,"children_system":3.13},"10468":{"user":118.51,"system":32.54,"children_user":0.08,"children_system":0.18}},"average_relative_cpu_utilization":0.2468912094,"absolute_cpu_utilization":0.9937769772,"relative_mem_usage":0.1752807781,"absolute_mem_usage":3607289856.0,"absolute_mem_percent_usage":0.0267010867,"mem_info_per_process":{"10659":{"rss":3262812160,"vms":12083286016,"shared":181018624,"text":2322432,"lib":0,"data":10355482624,"dirty":0,"uss":31543296,"pss":1642955776,"swap":0},"10468":{"rss":3648245760,"vms":12083286016,"shared":566476800,"text":2322432,"lib":0,"data":10355482624,"dirty":0,"uss":76320768,"pss":1856470016,"swap":0}},"nvidia_draw_absolute":199.61,"nvidia_estimated_attributable_power_draw":199.61,"average_gpu_estimated_utilization_absolute":0.99,"per_gpu_average_estimated_utilization_absolute":{"(0, 10468)":{"sm":99.0,"mem":61.5,"enc":0.0,"dec":0.0}},"average_gpu_estimated_utilization_relative":1.0,"per_gpu_performance_state":{"0":"P2"},"per_gpu_power_draw":{"0":199.61},"cpu_count_adjusted_average_load":[0.1659375,0.1634375,0.160625],"realtime_carbon_intensity":335.5704697987,"disk_write_speed":27.5563318515,"process_ids":[10659,10468]}
{"timestamp":1572412451.2246069908,"rapl_power_draw_absolute":87.3259473237,"rapl_estimated_attributable_power_draw":17.9004546565,"cpu_time_seconds":{"10659":{"user":1.74,"system":4.64,"children_user":0.11,"children_system":3.31},"10468":{"user":125.12,"system":34.34,"children_user":0.08,"children_system":0.18}},"average_relative_cpu_utilization":0.2087125703,"absolute_cpu_utilization":1.0037426195,"relative_mem_usage":0.1731968324,"absolute_mem_usage":3583998976.0,"absolute_mem_percent_usage":0.026528688,"mem_info_per_process":{"10659":{"rss":3262812160,"vms":12083286016,"shared":181018624,"text":2322432,"lib":0,"data":10355482624,"dirty":0,"uss":31551488,"pss":1642182656,"swap":0},"10468":{"rss":3648245760,"vms":12083286016,"shared":566476800,"text":2322432,"lib":0,"data":10355482624,"dirty":0,"uss":72097792,"pss":1838167040,"swap":0}},"nvidia_draw_absolute":201.44,"nvidia_estimated_attributable_power_draw":201.44,"average_gpu_estimated_utilization_absolute":0.99,"per_gpu_average_estimated_utilization_absolute":{"(0, 10468)":{"sm":99,"mem":61,"enc":0,"dec":0}},"average_gpu_estimated_utilization_relative":1.0,"per_gpu_performance_state":{"0":"P2"},"per_gpu_power_draw":{"0":201.44},"cpu_count_adjusted_average_load":[0.1665625,0.16375,0.1609375],"realtime_carbon_intensity":335.5704697987,"disk_write_speed":29.811322364,"process_ids":[10659,10468]}
{"timestamp":1572412459.7822890282,"rapl_power_draw_absolute":87.7396169514,"rapl_estimated_attributable_power_draw":20.4388804397,"cpu_time_seconds":{"10659":{"user":1.85,"system":4.89,"children_user":0.12,"children_system":3.5},"10468":{"user":131.64,"system":36.38,"children_user":0.08,"children_system":0.18}},"average_relative_cpu_utilization":0.2433319307,"absolute_cpu_utilization":1.0037521632,"relative_mem_usage":0.1466908716,"absolute_mem_usage":3520104448.0,"absolute_mem_percent_usage":0.026055742,"mem_info_per_process":{"10659":{"rss":3262812160,"vms":12083286016,"shared":181018624,"text":2322432,"lib":0,"data":10355482624,"dirty":0,"uss":31555584,"pss":1641911296,"swap":0},"10468":{"rss":3648245760,"vms":12083286016,"shared":566476800,"text":2322432,"lib":0,"data":10355482624,"dirty":0,"uss":55111680,"pss":1791525888,"swap":0}},"nvidia_draw_absolute":201.53,"nvidia_estimated_attributable_power_draw":201.53,"average_gpu_estimated_utilization_absolute":0.98,"per_gpu_average_estimated_utilization_absolute":{"(0, 10468)":{"sm":98,"mem":61,"enc":0,"dec":0}},"average_gpu_estimated_utilization_relative":1.0,"per_gpu_performance_state":{"0":"P2"},"per_gpu_power_draw":{"0":201.53},"cpu_count_adjusted_average_load":[0.1646875,0.1634375,0.1609375],"realtime_carbon_intensity":335.5704697987,"disk_write_speed":34.9645119161,"process_ids":[10659,10468]}
{"timestamp":1572412467.9090759754,"rapl_power_draw_absolute":89.7101578437,"rapl_estimated_attributable_power_draw":19.7337090893,"cpu_time_seconds":{"10659":{"user":1.96,"system":5.18,"children_user":0.12,"children_system":3.7},"10468":{"user":137.99,"system":38.16,"children_user":0.08,"children_system":0.18}},"average_relative_cpu_utilization":0.2284011398,"absolute_cpu_utilization":1.003780493,"relative_mem_usage":0.1465883671,"absolute_mem_usage":3519425536.0,"absolute_mem_percent_usage":0.0260507167,"mem_info_per_process":{"10659":{"rss":3262812160,"vms":12083286016,"shared":181018624,"text":2322432,"lib":0,"data":10355482624,"dirty":0,"uss":31432704,"pss":1641533440,"swap":0},"10468":{"rss":3648245760,"vms":12083286016,"shared":566476800,"text":2322432,"lib":0,"data":10355482624,"dirty":0,"uss":55115776,"pss":1791343616,"swap":0}},"nvidia_draw_absolute":203.44,"nvidia_estimated_attributable_power_draw":203.44,"average_gpu_estimated_utilization_absolute":0.9833333333,"per_gpu_average_estimated_utilization_absolute":{"(0, 10468)":{"sm":98.3333333333,"mem":61.3333333333,"enc":0.0,"dec":0.0}},"average_gpu_estimated_utilization_relative":1.0,"per_gpu_performance_state":{"0":"P2"},"per_gpu_power_draw":{"0":203.44},"cpu_count_adjusted_average_load":[0.1665625,0.16375,0.1609375],"realtime_carbon_intensity":335.5704697987,"disk_write_speed":31.5212188223,"process_ids":[10659,10468]}
{"timestamp":1572412475.987637043,"rapl_power_draw_absolute":89.8524499123,"rapl_estimated_attributable_power_draw":19.570792441,"cpu_time_seconds":{"10659":{"user":2.09,"system":5.42,"children_user":0.13,"children_system":3.89},"10468":{"user":144.55,"system":39.68,"children_user":0.08,"children_system":0.18}},"average_relative_cpu_utilization":0.2260880605,"absolute_cpu_utilization":1.0037579071,"relative_mem_usage":0.146596732,"absolute_mem_usage":3519437824.0,"absolute_mem_percent_usage":0.0260508077,"mem_info_per_process":{"10659":{"rss":3262812160,"vms":12083286016,"shared":181018624,"text":2322432,"lib":0,"data":10355482624,"dirty":0,"uss":31436800,"pss":1641535488,"swap":0},"10468":{"rss":3648245760,"vms":12083286016,"shared":566476800,"text":2322432,"lib":0,"data":10355482624,"dirty":0,"uss":55119872,"pss":1791345664,"swap":0}},"nvidia_draw_absolute":200.87,"nvidia_estimated_attributable_power_draw":200.87,"average_gpu_estimated_utilization_absolute":0.985,"per_gpu_average_estimated_utilization_absolute":{"(0, 10468)":{"sm":98.5,"mem":61.5,"enc":0.0,"dec":0.0}},"average_gpu_estimated_utilization_relative":1.0,"per_gpu_performance_state":{"0":"P2"},"per_gpu_power_draw":{"0":200.87},"cpu_count_adjusted_average_load":[0.1603125,0.1625,0.160625],"realtime_carbon_intensity":335.5704697987,"disk_write_speed":31.3729559535,"process_ids":[10659,10468]}
{"timestamp":1572412484.1683750153,"rapl_power_draw_absolute":89.7936797038,"rapl_estimated_attributable_power_draw":19.8015520048,"cpu_time_seconds":{"10659":{"user":2.19,"system":5.73,"children_user":0.14,"children_system":4.08},"10468":{"user":150.89,"system":41.52,"children_user":0.08,"children_system":0.18}},"average_relative_cpu_utilization":0.2290869669,"absolute_cpu_utilization":0.998772918,"relative_mem_usage":0.1465863147,"absolute_mem_usage":3519450112.0,"absolute_mem_percent_usage":0.0260508987,"mem_info_per_process":{"10659":{"rss":3262812160,"vms":12083286016,"shared":181018624,"text":2322432,"lib":0,"data":10355482624,"dirty":0,"uss":31440896,"pss":1641537536,"swap":0},"10468":{"rss":3648245760,"vms":12083286016,"shared":566476800,"text":2322432,"lib":0,"data":10355482624,"dirty":0,"uss":55123968,"pss":1791347712,"swap":0}},"nvidia_draw_absolute":203.7,"nvidia_estimated_attributable_power_draw":203.7,"average_gpu_estimated_utilization_absolute":0.985,"per_gpu_average_estimated_utilization_absolute":{"(0, 10468)":{"sm":98.5,"mem":61.5,"enc":0.0,"dec":0.0}},"average_gpu_estimated_utilization_relative":1.0,"per_gpu_performance_state":{"0":"P2"},"per_gpu_power_draw":{"0":203.7},"cpu_count_adjusted_average_load":[0.1665625,0.16375,0.1609375],"realtime_carbon_intensity":335.5704697987,"disk_write_speed":18.6534302435,"process_ids":[10659,10468]}
{"timestamp":1572412492.2760059834,"rapl_power_draw_absolute":89.3044722842,"rapl_estimated_attributable_power_draw":19.6807151332,"cpu_time_seconds":{"10659":{"user":2.26,"system":5.99,"children_user":0.14,"children_system":4.28},"10468":{"user":157.2,"system":43.32,"children_user":0.08,"children_system":0.18}},"average_relative_cpu_utilization":0.2288279679,"absolute_cpu_utilization":0.9987647091,"relative_mem_usage":0.1465957682,"absolute_mem_usage":3519450112.0,"absolute_mem_percent_usage":0.0260508987,"mem_info_per_process":{"10659":{"rss":3262812160,"vms":12083286016,"shared":181018624,"text":2322432,"lib":0,"data":10355482624,"dirty":0,"uss":31440896,"pss":1641537536,"swap":0},"10468":{"rss":3648245760,"vms":12083286016,"shared":566476800,"text":2322432,"lib":0,"data":10355482624,"dirty":0,"uss":55123968,"pss":1791347712,"swap":0}},"nvidia_draw_absolute":202.97,"nvidia_estimated_attributable_power_draw":202.97,"average_gpu_estimated_utilization_absolute":0.99,"per_gpu_average_estimated_utilization_absolute":{"(0, 10468)":{"sm":99,"mem":61,"enc":0,"dec":0}},"average_gpu_estimated_utilization_relative":1.0,"per_gpu_performance_state":{"0":"P2"},"per_gpu_power_draw":{"0":202.97},"cpu_count_adjusted_average_load":[0.168125,0.164375,0.16125],"realtime_carbon_intensity":335.5704697987,"disk_write_speed":29.8354969733,"process_ids":[10659,10468]}
{"timestamp":1572412500.4294428825,"rapl_power_draw_absolute":89.5922336201,"rapl_estimated_attributable_power_draw":19.472859478,"cpu_time_seconds":{"10659":{"user":2.34,"system":6.3,"children_user":0.15,"children_system":4.48},"10468":{"user":163.55,"system":45.12,"children_user":0.08,"children_system":0.18}},"average_relative_cpu_utilization":0.2254714458,"absolute_cpu_utilization":0.9987763722,"relative_mem_usage":0.1465333531,"absolute_mem_usage":3519452160.0,"absolute_mem_percent_usage":0.0260509138,"mem_info_per_process":{"10659":{"rss":3262812160,"vms":12083286016,"shared":181018624,"text":2322432,"lib":0,"data":10355482624,"dirty":0,"uss":31444992,"pss":1641537536,"swap":0},"10468":{"rss":3648245760,"vms":12083286016,"shared":566476800,"text":2322432,"lib":0,"data":10355482624,"dirty":0,"uss":55128064,"pss":1791341568,"swap":0}},"nvidia_draw_absolute":204.56,"nvidia_estimated_attributable_power_draw":204.56,"average_gpu_estimated_utilization_absolute":0.99,"per_gpu_average_estimated_utilization_absolute":{"(0, 10468)":{"sm":99.0,"mem":61.5,"enc":0.0,"dec":0.0}},"average_gpu_estimated_utilization_relative":1.0,"per_gpu_performance_state":{"0":"P2"},"per_gpu_power_draw":{"0":204.56},"cpu_count_adjusted_average_load":[0.17375,0.165625,0.1615625],"realtime_carbon_intensity":335.5704697987,"disk_write_speed":29.6803586647,"process_ids":[10659,10468]}
{"timestamp":1572412508.5722920895,"rapl_power_draw_absolute":89.789212822,"rapl_estimated_attributable_power_draw":19.5980656459,"cpu_time_seconds":{"10659":{"user":2.47,"system":6.58,"children_user":0.16,"children_system":4.66},"10468":{"user":169.72,"system":47.1,"children_user":0.08,"children_system":0.18}},"average_relative_cpu_utilization":0.2264921171,"absolute_cpu_utilization":0.998787991,"relative_mem_usage":0.1465289919,"absolute_mem_usage":3519464448.0,"absolute_mem_percent_usage":0.0260510048,"mem_info_per_process":{"10659":{"rss":3262812160,"vms":12083286016,"shared":181018624,"text":2322432,"lib":0,"data":10355482624,"dirty":0,"uss":31449088,"pss":1641539584,"swap":0},"10468":{"rss":3648245760,"vms":12083286016,"shared":566476800,"text":2322432,"lib":0,"data":10355482624,"dirty":0,"uss":55132160,"pss":1791343616,"swap":0}},"nvidia_draw_absolute":204.3,"nvidia_estimated_attributable_power_draw":204.3,"average_gpu_estimated_utilization_absolute":0.99,"per_gpu_average_estimated_utilization_absolute":{"(0, 10468)":{"sm":99.0,"mem":61.5,"enc":0.0,"dec":0.0}},"average_gpu_estimated_utilization_relative":1.0,"per_gpu_performance_state":{"0":"P2"},"per_gpu_power_draw":{"0":204.3},"cpu_count_adjusted_average_load":[0.1784375,0.166875,0.1621875],"realtime_carbon_intensity":335.5704697987,"disk_write_speed":22.8724588523,"process_ids":[10659,10468]}
{"timestamp":1572412516.7680490017,"rapl_power_draw_absolute":89.8656046744,"rapl_estimated_attributable_power_draw":19.4074288302,"cpu_time_seconds":{"10659":{"user":2.58,"system":6.84,"children_user":0.16,"children_system":4.85},"10468":{"user":175.96,"system":49.05,"children_user":0.08,"children_system":0.18}},"average_relative_cpu_utilization":0.2239559998,"absolute_cpu_utilization":0.9987647648,"relative_mem_usage":0.1465216945,"absolute_mem_usage":3519489024.0,"absolute_mem_percent_usage":0.0260511867,"mem_info_per_process":{"10659":{"rss":3262812160,"vms":12083286016,"shared":181018624,"text":2322432,"lib":0,"data":10355482624,"dirty":0,"uss":31457280,"pss":1641543680,"swap":0},"10468":{"rss":3648245760,"vms":12083286016,"shared":566476800,"text":2322432,"lib":0,"data":10355482624,"dirty":0,"uss":55140352,"pss":1791347712,"swap":0}},"nvidia_draw_absolute":202.84,"nvidia_estimated_attributable_power_draw":202.84,"average_gpu_estimated_utilization_absolute":0.99,"per_gpu_average_estimated_utilization_absolute":{"(0, 10468)":{"sm":99.0,"mem":61.5,"enc":0.0,"dec":0.0}},"average_gpu_estimated_utilization_relative":1.0,"per_gpu_performance_state":{"0":"P2"},"per_gpu_power_draw":{"0":202.84},"cpu_count_adjusted_average_load":[0.1740625,0.1659375,0.161875],"realtime_carbon_intensity":335.5704697987,"disk_write_speed":16.3203054745,"process_ids":[10659,10468]}
