{"timestamp":1572416193.3229079247,"rapl_power_draw_absolute":87.7956762441,"rapl_estimated_attributable_power_draw":19.8049609102,"cpu_time_seconds":{"979":{"user":0.0,"system":0.04,"children_user":0.0,"children_system":0.05},"718":{"user":11.51,"system":3.22,"children_user":0.08,"children_system":0.17}},"average_relative_cpu_utilization":0.2355612707,"absolute_cpu_utilization":0.998754581,"relative_mem_usage":0.1530588881,"absolute_mem_usage":3710105600.0,"absolute_mem_percent_usage":0.0274621267,"mem_info_per_process":{"979":{"rss":3264352256,"vms":11947323392,"shared":174006272,"text":2322432,"lib":0,"data":10219520000,"dirty":0,"uss":106733568,"pss":1681775616,"swap":0},"718":{"rss":3657342976,"vms":11947323392,"shared":567136256,"text":2322432,"lib":0,"data":10219520000,"dirty":0,"uss":123334656,"pss":1798261760,"swap":0}},"nvidia_draw_absolute":103.89,"nvidia_estimated_attributable_power_draw":103.89,"average_gpu_estimated_utilization_absolute":0.81,"per_gpu_average_estimated_utilization_absolute":{"(0, 718)":{"sm":81.0,"mem":23.5,"enc":0.0,"dec":0.0}},"average_gpu_estimated_utilization_relative":1.0,"per_gpu_performance_state":{"0":"P2"},"per_gpu_power_draw":{"0":103.89},"cpu_count_adjusted_average_load":[0.1571875,0.1528125,0.156875],"realtime_carbon_intensity":339.3663136256,"disk_write_speed":29.6346036995,"process_ids":[979,718]}
{"timestamp":1572416201.4563069344,"rapl_power_draw_absolute":88.3723038616,"rapl_estimated_attributable_power_draw":19.1537187777,"cpu_time_seconds":{"979":{"user":0.11,"system":0.29,"children_user":0.01,"children_system":0.24},"718":{"user":19.64,"system":3.22,"children_user":0.08,"children_system":0.17}},"average_relative_cpu_utilization":0.22521772,"absolute_cpu_utilization":0.9987619239,"relative_mem_usage":0.1535344963,"absolute_mem_usage":3743029248.0,"absolute_mem_percent_usage":0.0277058269,"mem_info_per_process":{"979":{"rss":3271335936,"vms":11947323392,"shared":180973568,"text":2322432,"lib":0,"data":10219520000,"dirty":0,"uss":117620736,"pss":1688143872,"swap":0},"718":{"rss":3657342976,"vms":11947323392,"shared":567136256,"text":2322432,"lib":0,"data":10219520000,"dirty":0,"uss":134062080,"pss":1803202560,"swap":0}},"nvidia_draw_absolute":105.7,"nvidia_estimated_attributable_power_draw":105.7,"average_gpu_estimated_utilization_absolute":0.805,"per_gpu_average_estimated_utilization_absolute":{"(0, 718)":{"sm":80.5,"mem":23.0,"enc":0.0,"dec":0.0}},"average_gpu_estimated_utilization_relative":1.0,"per_gpu_performance_state":{"0":"P2"},"per_gpu_power_draw":{"0":105.7},"cpu_count_adjusted_average_load":[0.16625,0.155,0.1575],"realtime_carbon_intensity":339.3663136256,"disk_write_speed":41.9648217408,"process_ids":[979,718]}
{"timestamp":1572416209.5413959026,"rapl_power_draw_absolute":88.2011644496,"rapl_estimated_attributable_power_draw":19.0163027256,"cpu_time_seconds":{"979":{"user":0.23,"system":0.58,"children_user":0.02,"children_system":0.43},"718":{"user":27.71,"system":3.24,"children_user":0.08,"children_system":0.17}},"average_relative_cpu_utilization":0.2239560399,"absolute_cpu_utilization":0.9987677284,"relative_mem_usage":0.1536118907,"absolute_mem_usage":3745099776.0,"absolute_mem_percent_usage":0.0277211529,"mem_info_per_process":{"979":{"rss":3271335936,"vms":11947323392,"shared":180973568,"text":2322432,"lib":0,"data":10219520000,"dirty":0,"uss":118312960,"pss":1688489984,"swap":0},"718":{"rss":3657342976,"vms":11947323392,"shared":567136256,"text":2322432,"lib":0,"data":10219520000,"dirty":0,"uss":134750208,"pss":1803546624,"swap":0}},"nvidia_draw_absolute":103.89,"nvidia_estimated_attributable_power_draw":103.89,"average_gpu_estimated_utilization_absolute":0.815,"per_gpu_average_estimated_utilization_absolute":{"(0, 718)":{"sm":81.5,"mem":23.0,"enc":0.0,"dec":0.0}},"average_gpu_estimated_utilization_relative":1.0,"per_gpu_performance_state":{"0":"P2"},"per_gpu_power_draw":{"0":103.89},"cpu_count_adjusted_average_load":[0.1678125,0.1553125,0.1578125],"realtime_carbon_intensity":339.3663136256,"disk_write_speed":39.4835216981,"process_ids":[979,718]}
{"timestamp":1572416217.6506180763,"rapl_power_draw_absolute":88.0210657786,"rapl_estimated_attributable_power_draw":19.2535831147,"cpu_time_seconds":{"979":{"user":0.33,"system":0.88,"children_user":0.03,"children_system":0.61},"718":{"user":35.82,"system":3.24,"children_user":0.08,"children_system":0.17}},"average_relative_cpu_utilization":0.2275226233,"absolute_cpu_utilization":0.9987186187,"relative_mem_usage":0.1536314947,"absolute_mem_usage":3745112064.0,"absolute_mem_percent_usage":0.0277212439,"mem_info_per_process":{"979":{"rss":3271335936,"vms":11947323392,"shared":180973568,"text":2322432,"lib":0,"data":10219520000,"dirty":0,"uss":118317056,"pss":1688492032,"swap":0},"718":{"rss":3657342976,"vms":11947323392,"shared":567136256,"text":2322432,"lib":0,"data":10219520000,"dirty":0,"uss":134754304,"pss":1803548672,"swap":0}},"nvidia_draw_absolute":107.11,"nvidia_estimated_attributable_power_draw":107.11,"average_gpu_estimated_utilization_absolute":0.8133333333,"per_gpu_average_estimated_utilization_absolute":{"(0, 718)":{"sm":81.3333333333,"mem":23.6666666667,"enc":0.0,"dec":0.0}},"average_gpu_estimated_utilization_relative":1.0,"per_gpu_performance_state":{"0":"P2"},"per_gpu_power_draw":{"0":107.11},"cpu_count_adjusted_average_load":[0.16375,0.155,0.1575],"realtime_carbon_intensity":339.3663136256,"disk_write_speed":37.6557896199,"process_ids":[979,718]}
{"timestamp":1572416225.7298018932,"rapl_power_draw_absolute":87.9218455335,"rapl_estimated_attributable_power_draw":19.325494479,"cpu_time_seconds":{"979":{"user":0.45,"system":1.14,"children_user":0.03,"children_system":0.8},"718":{"user":43.9,"system":3.24,"children_user":0.08,"children_system":0.17}},"average_relative_cpu_utilization":0.2285638919,"absolute_cpu_utilization":0.9987638433,"relative_mem_usage":0.1536204608,"absolute_mem_usage":3745124352.0,"absolute_mem_percent_usage":0.0277213348,"mem_info_per_process":{"979":{"rss":3271335936,"vms":11947323392,"shared":180973568,"text":2322432,"lib":0,"data":10219520000,"dirty":0,"uss":118321152,"pss":1688494080,"swap":0},"718":{"rss":3657342976,"vms":11947323392,"shared":567136256,"text":2322432,"lib":0,"data":10219520000,"dirty":0,"uss":134758400,"pss":1803550720,"swap":0}},"nvidia_draw_absolute":105.52,"nvidia_estimated_attributable_power_draw":105.52,"average_gpu_estimated_utilization_absolute":0.815,"per_gpu_average_estimated_utilization_absolute":{"(0, 718)":{"sm":81.5,"mem":23.5,"enc":0.0,"dec":0.0}},"average_gpu_estimated_utilization_relative":1.0,"per_gpu_performance_state":{"0":"P2"},"per_gpu_power_draw":{"0":105.52},"cpu_count_adjusted_average_load":[0.163125,0.155,0.1575],"realtime_carbon_intensity":339.3663136256,"disk_write_speed":27.1121761397,"process_ids":[979,718]}
{"timestamp":1572416233.8217589855,"rapl_power_draw_absolute":88.1874809125,"rapl_estimated_attributable_power_draw":19.2681564429,"cpu_time_seconds":{"979":{"user":0.55,"system":1.41,"children_user":0.04,"children_system":1.0},"718":{"user":51.99,"system":3.25,"children_user":0.08,"children_system":0.17}},"average_relative_cpu_utilization":0.2271108072,"absolute_cpu_utilization":1.0037784967,"relative_mem_usage":0.1536301022,"absolute_mem_usage":3745136640.0,"absolute_mem_percent_usage":0.0277214258,"mem_info_per_process":{"979":{"rss":3271335936,"vms":11947323392,"shared":180973568,"text":2322432,"lib":0,"data":10219520000,"dirty":0,"uss":118325248,"pss":1688496128,"swap":0},"718":{"rss":3657342976,"vms":11947323392,"shared":567136256,"text":2322432,"lib":0,"data":10219520000,"dirty":0,"uss":134762496,"pss":1803552768,"swap":0}},"nvidia_draw_absolute":106.09,"nvidia_estimated_attributable_power_draw":106.09,"average_gpu_estimated_utilization_absolute":0.81,"per_gpu_average_estimated_utilization_absolute":{"(0, 718)":{"sm":81.0,"mem":23.5,"enc":0.0,"dec":0.0}},"average_gpu_estimated_utilization_relative":1.0,"per_gpu_performance_state":{"0":"P2"},"per_gpu_power_draw":{"0":106.09},"cpu_count_adjusted_average_load":[0.1596875,0.154375,0.1575],"realtime_carbon_intensity":339.3663136256,"disk_write_speed":36.5898992274,"process_ids":[979,718]}
{"timestamp":1572416241.9187710285,"rapl_power_draw_absolute":88.0273149195,"rapl_estimated_attributable_power_draw":19.193649111,"cpu_time_seconds":{"979":{"user":0.68,"system":1.67,"children_user":0.04,"children_system":1.2},"718":{"user":60.08,"system":3.26,"children_user":0.08,"children_system":0.17}},"average_relative_cpu_utilization":0.2264924761,"absolute_cpu_utilization":0.9987809821,"relative_mem_usage":0.1536264002,"absolute_mem_usage":3745173504.0,"absolute_mem_percent_usage":0.0277216986,"mem_info_per_process":{"979":{"rss":3271335936,"vms":11947323392,"shared":180973568,"text":2322432,"lib":0,"data":10219520000,"dirty":0,"uss":118337536,"pss":1688502272,"swap":0},"718":{"rss":3657342976,"vms":11947323392,"shared":567136256,"text":2322432,"lib":0,"data":10219520000,"dirty":0,"uss":134774784,"pss":1803558912,"swap":0}},"nvidia_draw_absolute":105.98,"nvidia_estimated_attributable_power_draw":105.98,"average_gpu_estimated_utilization_absolute":0.805,"per_gpu_average_estimated_utilization_absolute":{"(0, 718)":{"sm":80.5,"mem":23.0,"enc":0.0,"dec":0.0}},"average_gpu_estimated_utilization_relative":1.0,"per_gpu_performance_state":{"0":"P2"},"per_gpu_power_draw":{"0":105.98},"cpu_count_adjusted_average_load":[0.1590625,0.1546875,0.1575],"realtime_carbon_intensity":339.3663136256,"disk_write_speed":24.7989859541,"process_ids":[979,718]}
{"timestamp":1572416249.998734951,"rapl_power_draw_absolute":87.9413960018,"rapl_estimated_attributable_power_draw":19.4544312762,"cpu_time_seconds":{"979":{"user":0.76,"system":1.93,"children_user":0.04,"children_system":1.4},"718":{"user":68.15,"system":3.27,"children_user":0.08,"children_system":0.17}},"average_relative_cpu_utilization":0.2302324998,"absolute_cpu_utilization":1.0037715052,"relative_mem_usage":0.1536187481,"absolute_mem_usage":3745185792.0,"absolute_mem_percent_usage":0.0277217896,"mem_info_per_process":{"979":{"rss":3271335936,"vms":11947323392,"shared":180973568,"text":2322432,"lib":0,"data":10219520000,"dirty":0,"uss":118341632,"pss":1688504320,"swap":0},"718":{"rss":3657342976,"vms":11947323392,"shared":567136256,"text":2322432,"lib":0,"data":10219520000,"dirty":0,"uss":134778880,"pss":1803560960,"swap":0}},"nvidia_draw_absolute":107.1,"nvidia_estimated_attributable_power_draw":107.1,"average_gpu_estimated_utilization_absolute":0.81,"per_gpu_average_estimated_utilization_absolute":{"(0, 718)":{"sm":81.0,"mem":23.6666666667,"enc":0.0,"dec":0.0}},"average_gpu_estimated_utilization_relative":1.0,"per_gpu_performance_state":{"0":"P2"},"per_gpu_power_draw":{"0":107.1},"cpu_count_adjusted_average_load":[0.16375,0.155625,0.1578125],"realtime_carbon_intensity":336.7645075741,"disk_write_speed":34.8327152434,"process_ids":[979,718]}
{"timestamp":1572416258.1681489944,"rapl_power_draw_absolute":88.0688331511,"rapl_estimated_attributable_power_draw":19.222944761,"cpu_time_seconds":{"979":{"user":0.88,"system":2.21,"children_user":0.05,"children_system":1.6},"718":{"user":76.31,"system":3.28,"children_user":0.08,"children_system":0.17}},"average_relative_cpu_utilization":0.2270053698,"absolute_cpu_utilization":0.99875428,"relative_mem_usage":0.1536072259,"absolute_mem_usage":3745198080.0,"absolute_mem_percent_usage":0.0277218806,"mem_info_per_process":{"979":{"rss":3271335936,"vms":11947323392,"shared":180973568,"text":2322432,"lib":0,"data":10219520000,"dirty":0,"uss":118345728,"pss":1688506368,"swap":0},"718":{"rss":3657342976,"vms":11947323392,"shared":567136256,"text":2322432,"lib":0,"data":10219520000,"dirty":0,"uss":134782976,"pss":1803563008,"swap":0}},"nvidia_draw_absolute":105.61,"nvidia_estimated_attributable_power_draw":105.61,"average_gpu_estimated_utilization_absolute":0.815,"per_gpu_average_estimated_utilization_absolute":{"(0, 718)":{"sm":81.5,"mem":23.5,"enc":0.0,"dec":0.0}},"average_gpu_estimated_utilization_relative":1.0,"per_gpu_performance_state":{"0":"P2"},"per_gpu_power_draw":{"0":105.61},"cpu_count_adjusted_average_load":[0.1678125,0.1565625,0.158125],"realtime_carbon_intensity":336.7645075741,"disk_write_speed":25.530991812,"process_ids":[979,718]}
{"timestamp":1572416266.2445969582,"rapl_power_draw_absolute":88.2628915571,"rapl_estimated_attributable_power_draw":19.1712913656,"cpu_time_seconds":{"979":{"user":0.97,"system":2.48,"children_user":0.07,"children_system":1.78},"718":{"user":84.39,"system":3.28,"children_user":0.08,"children_system":0.17}},"average_relative_cpu_utilization":0.2257258578,"absolute_cpu_utilization":0.9987652349,"relative_mem_usage":0.1536120137,"absolute_mem_usage":3745210368.0,"absolute_mem_percent_usage":0.0277219715,"mem_info_per_process":{"979":{"rss":3271335936,"vms":11947323392,"shared":180973568,"text":2322432,"lib":0,"data":10219520000,"dirty":0,"uss":118349824,"pss":1688508416,"swap":0},"718":{"rss":3657342976,"vms":11947323392,"shared":567136256,"text":2322432,"lib":0,"data":10219520000,"dirty":0,"uss":134787072,"pss":1803565056,"swap":0}},"nvidia_draw_absolute":108.44,"nvidia_estimated_attributable_power_draw":108.44,"average_gpu_estimated_utilization_absolute":0.815,"per_gpu_average_estimated_utilization_absolute":{"(0, 718)":{"sm":81.5,"mem":23.5,"enc":0.0,"dec":0.0}},"average_gpu_estimated_utilization_relative":1.0,"per_gpu_performance_state":{"0":"P2"},"per_gpu_power_draw":{"0":108.44},"cpu_count_adjusted_average_load":[0.166875,0.1565625,0.158125],"realtime_carbon_intensity":336.7645075741,"disk_write_speed":3.5920024219,"process_ids":[979,718]}
{"timestamp":1572416274.3657391071,"rapl_power_draw_absolute":87.7752711373,"rapl_estimated_attributable_power_draw":19.7334464749,"cpu_time_seconds":{"979":{"user":1.0,"system":2.72,"children_user":0.09,"children_system":1.96},"718":{"user":92.51,"system":3.28,"children_user":0.08,"children_system":0.17}},"average_relative_cpu_utilization":0.2344579436,"absolute_cpu_utilization":0.9987827901,"relative_mem_usage":0.1536407557,"absolute_mem_usage":3745222656.0,"absolute_mem_percent_usage":0.0277220625,"mem_info_per_process":{"979":{"rss":3271335936,"vms":11947323392,"shared":180973568,"text":2322432,"lib":0,"data":10219520000,"dirty":0,"uss":118353920,"pss":1688510464,"swap":0},"718":{"rss":3657342976,"vms":11947323392,"shared":567136256,"text":2322432,"lib":0,"data":10219520000,"dirty":0,"uss":134791168,"pss":1803567104,"swap":0}},"nvidia_draw_absolute":106.0,"nvidia_estimated_attributable_power_draw":106.0,"average_gpu_estimated_utilization_absolute":0.8166666667,"per_gpu_average_estimated_utilization_absolute":{"(0, 718)":{"sm":81.6666666667,"mem":23.6666666667,"enc":0.0,"dec":0.0}},"average_gpu_estimated_utilization_relative":1.0,"per_gpu_performance_state":{"0":"P2"},"per_gpu_power_draw":{"0":106.0},"cpu_count_adjusted_average_load":[0.174375,0.15875,0.15875],"realtime_carbon_intensity":336.7645075741,"disk_write_speed":20.6571833961,"process_ids":[979,718]}
{"timestamp":1572416282.450330019,"rapl_power_draw_absolute":87.6617991669,"rapl_estimated_attributable_power_draw":19.636091943,"cpu_time_seconds":{"979":{"user":1.08,"system":2.98,"children_user":0.09,"children_system":2.16},"718":{"user":100.59,"system":3.28,"children_user":0.08,"children_system":0.17}},"average_relative_cpu_utilization":0.2330920131,"absolute_cpu_utilization":0.998771701,"relative_mem_usage":0.15364348,"absolute_mem_usage":3745234944.0,"absolute_mem_percent_usage":0.0277221534,"mem_info_per_process":{"979":{"rss":3271335936,"vms":11947323392,"shared":180973568,"text":2322432,"lib":0,"data":10219520000,"dirty":0,"uss":118358016,"pss":1688512512,"swap":0},"718":{"rss":3657342976,"vms":11947323392,"shared":567136256,"text":2322432,"lib":0,"data":10219520000,"dirty":0,"uss":134795264,"pss":1803569152,"swap":0}},"nvidia_draw_absolute":109.79,"nvidia_estimated_attributable_power_draw":109.79,"average_gpu_estimated_utilization_absolute":0.8133333333,"per_gpu_average_estimated_utilization_absolute":{"(0, 718)":{"sm":81.3333333333,"mem":23.6666666667,"enc":0.0,"dec":0.0}},"average_gpu_estimated_utilization_relative":1.0,"per_gpu_performance_state":{"0":"P2"},"per_gpu_power_draw":{"0":109.79},"cpu_count_adjusted_average_load":[0.176875,0.1596875,0.1590625],"realtime_carbon_intensity":336.7645075741,"disk_write_speed":17.5781384896,"process_ids":[979,718]}
{"timestamp":1572416290.5172989368,"rapl_power_draw_absolute":87.7284015608,"rapl_estimated_attributable_power_draw":19.6192623756,"cpu_time_seconds":{"979":{"user":1.14,"system":3.24,"children_user":0.1,"children_system":2.35},"718":{"user":108.66,"system":3.29,"children_user":0.08,"children_system":0.17}},"average_relative_cpu_utilization":0.2330913178,"absolute_cpu_utilization":0.998781088,"relative_mem_usage":0.1536559126,"absolute_mem_usage":3745247232.0,"absolute_mem_percent_usage":0.0277222444,"mem_info_per_process":{"979":{"rss":3271335936,"vms":11947323392,"shared":180973568,"text":2322432,"lib":0,"data":10219520000,"dirty":0,"uss":118362112,"pss":1688514560,"swap":0},"718":{"rss":3657342976,"vms":11947323392,"shared":567136256,"text":2322432,"lib":0,"data":10219520000,"dirty":0,"uss":134799360,"pss":1803571200,"swap":0}},"nvidia_draw_absolute":108.38,"nvidia_estimated_attributable_power_draw":108.38,"average_gpu_estimated_utilization_absolute":0.815,"per_gpu_average_estimated_utilization_absolute":{"(0, 718)":{"sm":81.5,"mem":23.5,"enc":0.0,"dec":0.0}},"average_gpu_estimated_utilization_relative":1.0,"per_gpu_performance_state":{"0":"P2"},"per_gpu_power_draw":{"0":108.38},"cpu_count_adjusted_average_load":[0.1725,0.1590625,0.15875],"realtime_carbon_intensity":336.7645075741,"disk_write_speed":29.6245691022,"process_ids":[979,718]}
{"timestamp":1572416298.6595909595,"rapl_power_draw_absolute":82.9652168358,"rapl_estimated_attributable_power_draw":22.6829343785,"cpu_time_seconds":{"979":{"user":1.25,"system":3.49,"children_user":0.1,"children_system":2.55},"718":{"user":116.8,"system":3.29,"children_user":0.08,"children_system":0.17}},"average_relative_cpu_utilization":0.2865227399,"absolute_cpu_utilization":0.9987930321,"relative_mem_usage":0.1819614593,"absolute_mem_usage":3800219648.0,"absolute_mem_percent_usage":0.0281291491,"mem_info_per_process":{"979":{"rss":3271335936,"vms":11947323392,"shared":180973568,"text":2322432,"lib":0,"data":10219520000,"dirty":0,"uss":118525952,"pss":1689265152,"swap":0},"718":{"rss":3657342976,"vms":11947323392,"shared":567136256,"text":2322432,"lib":0,"data":10219520000,"dirty":0,"uss":152289280,"pss":1840139264,"swap":0}},"nvidia_draw_absolute":110.28,"nvidia_estimated_attributable_power_draw":110.28,"average_gpu_estimated_utilization_absolute":0.8033333333,"per_gpu_average_estimated_utilization_absolute":{"(0, 718)":{"sm":80.3333333333,"mem":23.3333333333,"enc":0.0,"dec":0.0}},"average_gpu_estimated_utilization_relative":1.0,"per_gpu_performance_state":{"0":"P2"},"per_gpu_power_draw":{"0":110.28},"cpu_count_adjusted_average_load":[0.1675,0.1584375,0.15875],"realtime_carbon_intensity":336.7645075741,"disk_write_speed":23.9734790462,"process_ids":[979,718]}
{"timestamp":1572416307.3388669491,"rapl_power_draw_absolute":86.8380591146,"rapl_estimated_attributable_power_draw":21.45570908,"cpu_time_seconds":{"979":{"user":1.36,"system":3.73,"children_user":0.12,"children_system":2.73},"718":{"user":125.48,"system":3.29,"children_user":0.08,"children_system":0.17}},"average_relative_cpu_utilization":0.2560416314,"absolute_cpu_utilization":1.003769994,"relative_mem_usage":0.1817189539,"absolute_mem_usage":3800169472.0,"absolute_mem_percent_usage":0.0281287777,"mem_info_per_process":{"979":{"rss":3271335936,"vms":11947323392,"shared":180973568,"text":2322432,"lib":0,"data":10219520000,"dirty":0,"uss":118530048,"pss":1689263104,"swap":0},"718":{"rss":3657342976,"vms":11947323392,"shared":567136256,"text":2322432,"lib":0,"data":10219520000,"dirty":0,"uss":152276992,"pss":1840099328,"swap":0}},"nvidia_draw_absolute":111.09,"nvidia_estimated_attributable_power_draw":111.09,"average_gpu_estimated_utilization_absolute":0.795,"per_gpu_average_estimated_utilization_absolute":{"(0, 718)":{"sm":79.5,"mem":22.75,"enc":0.0,"dec":0.0}},"average_gpu_estimated_utilization_relative":1.0,"per_gpu_performance_state":{"0":"P2"},"per_gpu_power_draw":{"0":111.09},"cpu_count_adjusted_average_load":[0.1725,0.16,0.1590625],"realtime_carbon_intensity":336.7645075741,"disk_write_speed":2.2963494031,"process_ids":[979,718]}
{"timestamp":1572416315.9490659237,"rapl_power_draw_absolute":82.5208283956,"rapl_estimated_attributable_power_draw":21.9678444439,"cpu_time_seconds":{"979":{"user":1.39,"system":4.0,"children_user":0.12,"children_system":2.93},"718":{"user":134.07,"system":3.31,"children_user":0.08,"children_system":0.17}},"average_relative_cpu_utilization":0.2785372316,"absolute_cpu_utilization":0.9987523365,"relative_mem_usage":0.1814720355,"absolute_mem_usage":3800188928.0,"absolute_mem_percent_usage":0.0281289217,"mem_info_per_process":{"979":{"rss":3271335936,"vms":11947323392,"shared":180973568,"text":2322432,"lib":0,"data":10219520000,"dirty":0,"uss":118534144,"pss":1689264128,"swap":0},"718":{"rss":3657342976,"vms":11947323392,"shared":567136256,"text":2322432,"lib":0,"data":10219520000,"dirty":0,"uss":152281088,"pss":1840109568,"swap":0}},"nvidia_draw_absolute":106.35,"nvidia_estimated_attributable_power_draw":106.35,"average_gpu_estimated_utilization_absolute":0.8,"per_gpu_average_estimated_utilization_absolute":{"(0, 718)":{"sm":80,"mem":23,"enc":0,"dec":0}},"average_gpu_estimated_utilization_relative":1.0,"per_gpu_performance_state":{"0":"P2"},"per_gpu_power_draw":{"0":106.35},"cpu_count_adjusted_average_load":[0.1940625,0.165,0.160625],"realtime_carbon_intensity":336.7645075741,"disk_write_speed":10.5424255373,"process_ids":[979,718]}
{"timestamp":1572416327.1462059021,"rapl_power_draw_absolute":88.9941761099,"rapl_estimated_attributable_power_draw":17.5411017793,"cpu_time_seconds":{"979":{"user":1.46,"system":4.25,"children_user":0.12,"children_system":3.13},"718":{"user":145.27,"system":3.31,"children_user":0.08,"children_system":0.17}},"average_relative_cpu_utilization":0.1995942302,"absolute_cpu_utilization":1.0037812848,"relative_mem_usage":0.1781552866,"absolute_mem_usage":3789600768.0,"absolute_mem_percent_usage":0.0280505484,"mem_info_per_process":{"979":{"rss":3271335936,"vms":11947323392,"shared":180973568,"text":2322432,"lib":0,"data":10219520000,"dirty":0,"uss":118538240,"pss":1688922112,"swap":0},"718":{"rss":3657342976,"vms":11947323392,"shared":567136256,"text":2322432,"lib":0,"data":10219520000,"dirty":0,"uss":151003136,"pss":1831137280,"swap":0}},"nvidia_draw_absolute":112.02,"nvidia_estimated_attributable_power_draw":112.02,"average_gpu_estimated_utilization_absolute":0.8033333333,"per_gpu_average_estimated_utilization_absolute":{"(0, 718)":{"sm":80.3333333333,"mem":23.3333333333,"enc":0.0,"dec":0.0}},"average_gpu_estimated_utilization_relative":1.0,"per_gpu_performance_state":{"0":"P2"},"per_gpu_power_draw":{"0":112.02},"cpu_count_adjusted_average_load":[0.1834375,0.16375,0.1603125],"realtime_carbon_intensity":336.7645075741,"disk_write_speed":11.0039256908,"process_ids":[979,718]}
{"timestamp":1572416335.7262239456,"rapl_power_draw_absolute":85.3902969683,"rapl_estimated_attributable_power_draw":20.7357925538,"cpu_time_seconds":{"979":{"user":1.52,"system":4.5,"children_user":0.12,"children_system":3.34},"718":{"user":153.85,"system":3.31,"children_user":0.08,"children_system":0.17}},"average_relative_cpu_utilization":0.2550903875,"absolute_cpu_utilization":0.9987966871,"relative_mem_usage":0.1546622122,"absolute_mem_usage":3756114944.0,"absolute_mem_percent_usage":0.027802687,"mem_info_per_process":{"979":{"rss":3271335936,"vms":11947323392,"shared":180973568,"text":2322432,"lib":0,"data":10219520000,"dirty":0,"uss":118546432,"pss":1688782848,"swap":0},"718":{"rss":3657342976,"vms":11947323392,"shared":567136256,"text":2322432,"lib":0,"data":10219520000,"dirty":0,"uss":142921728,"pss":1805863936,"swap":0}},"nvidia_draw_absolute":108.73,"nvidia_estimated_attributable_power_draw":108.73,"average_gpu_estimated_utilization_absolute":0.8133333333,"per_gpu_average_estimated_utilization_absolute":{"(0, 718)":{"sm":81.3333333333,"mem":23.6666666667,"enc":0.0,"dec":0.0}},"average_gpu_estimated_utilization_relative":1.0,"per_gpu_performance_state":{"0":"P2"},"per_gpu_power_draw":{"0":108.73},"cpu_count_adjusted_average_load":[0.18125,0.1634375,0.1603125],"realtime_carbon_intensity":336.7645075741,"disk_write_speed":19.5234067979,"process_ids":[979,718]}
{"timestamp":1572416343.85531497,"rapl_power_draw_absolute":86.8479583609,"rapl_estimated_attributable_power_draw":19.8322897433,"cpu_time_seconds":{"979":{"user":1.59,"system":4.76,"children_user":0.14,"children_system":3.52},"718":{"user":161.98,"system":3.32,"children_user":0.08,"children_system":0.17}},"average_relative_cpu_utilization":0.2384250177,"absolute_cpu_utilization":1.0037549287,"relative_mem_usage":0.1545904858,"absolute_mem_usage":3755673600.0,"absolute_mem_percent_usage":0.0277994201,"mem_info_per_process":{"979":{"rss":3271335936,"vms":11947323392,"shared":180973568,"text":2322432,"lib":0,"data":10219520000,"dirty":0,"uss":118435840,"pss":1688552448,"swap":0},"718":{"rss":3657342976,"vms":11947323392,"shared":567136256,"text":2322432,"lib":0,"data":10219520000,"dirty":0,"uss":142925824,"pss":1805759488,"swap":0}},"nvidia_draw_absolute":109.8,"nvidia_estimated_attributable_power_draw":109.8,"average_gpu_estimated_utilization_absolute":0.82,"per_gpu_average_estimated_utilization_absolute":{"(0, 718)":{"sm":82.0,"mem":23.5,"enc":0.0,"dec":0.0}},"average_gpu_estimated_utilization_relative":1.0,"per_gpu_performance_state":{"0":"P2"},"per_gpu_power_draw":{"0":109.8},"cpu_count_adjusted_average_load":[0.181875,0.164375,0.160625],"realtime_carbon_intensity":336.7645075741,"disk_write_speed":16.6880867827,"process_ids":[979,718]}
{"timestamp":1572416352.0098190308,"rapl_power_draw_absolute":86.6572089016,"rapl_estimated_attributable_power_draw":19.7853465304,"cpu_time_seconds":{"979":{"user":1.68,"system":5.0,"children_user":0.14,"children_system":3.73},"718":{"user":170.12,"system":3.33,"children_user":0.08,"children_system":0.17}},"average_relative_cpu_utilization":0.2384267209,"absolute_cpu_utilization":1.0037557192,"relative_mem_usage":0.1545909395,"absolute_mem_usage":3755685888.0,"absolute_mem_percent_usage":0.0277995111,"mem_info_per_process":{"979":{"rss":3271335936,"vms":11947323392,"shared":180973568,"text":2322432,"lib":0,"data":10219520000,"dirty":0,"uss":118439936,"pss":1688554496,"swap":0},"718":{"rss":3657342976,"vms":11947323392,"shared":567136256,"text":2322432,"lib":0,"data":10219520000,"dirty":0,"uss":142929920,"pss":1805761536,"swap":0}},"nvidia_draw_absolute":110.14,"nvidia_estimated_attributable_power_draw":110.14,"average_gpu_estimated_utilization_absolute":0.8166666667,"per_gpu_average_estimated_utilization_absolute":{"(0, 718)":{"sm":81.6666666667,"mem":23.3333333333,"enc":0.0,"dec":0.0}},"average_gpu_estimated_utilization_relative":1.0,"per_gpu_performance_state":{"0":"P2"},"per_gpu_power_draw":{"0":110.14},"cpu_count_adjusted_average_load":[0.1778125,0.1640625,0.160625],"realtime_carbon_intensity":336.7645075741,"disk_write_speed":17.7999370969,"process_ids":[979,718]}
{"timestamp":1572416360.0899200439,"rapl_power_draw_absolute":86.7551623582,"rapl_estimated_attributable_power_draw":19.7468558565,"cpu_time_seconds":{"979":{"user":1.76,"system":5.24,"children_user":0.16,"children_system":3.92},"718":{"user":178.2,"system":3.33,"children_user":0.08,"children_system":0.17}},"average_relative_cpu_utilization":0.2375211908,"absolute_cpu_utilization":0.9987889628,"relative_mem_usage":0.1546085451,"absolute_mem_usage":3755698176.0,"absolute_mem_percent_usage":0.0277996021,"mem_info_per_process":{"979":{"rss":3271335936,"vms":11947323392,"shared":180973568,"text":2322432,"lib":0,"data":10219520000,"dirty":0,"uss":118444032,"pss":1688556544,"swap":0},"718":{"rss":3657342976,"vms":11947323392,"shared":567136256,"text":2322432,"lib":0,"data":10219520000,"dirty":0,"uss":142934016,"pss":1805763584,"swap":0}},"nvidia_draw_absolute":109.69,"nvidia_estimated_attributable_power_draw":109.69,"average_gpu_estimated_utilization_absolute":0.8175,"per_gpu_average_estimated_utilization_absolute":{"(0, 718)":{"sm":81.75,"mem":23.75,"enc":0.0,"dec":0.0}},"average_gpu_estimated_utilization_relative":1.0,"per_gpu_performance_state":{"0":"P2"},"per_gpu_power_draw":{"0":109.69},"cpu_count_adjusted_average_load":[0.17375,0.1634375,0.1603125],"realtime_carbon_intensity":336.7645075741,"disk_write_speed":21.9528210809,"process_ids":[979,718]}
{"timestamp":1572416368.1536109447,"rapl_power_draw_absolute":86.8255291607,"rapl_estimated_attributable_power_draw":19.6800896548,"cpu_time_seconds":{"979":{"user":1.84,"system":5.5,"children_user":0.16,"children_system":4.12},"718":{"user":186.26,"system":3.33,"children_user":0.08,"children_system":0.17}},"average_relative_cpu_utilization":0.2363978472,"absolute_cpu_utilization":0.9987950185,"relative_mem_usage":0.1545992754,"absolute_mem_usage":3755710464.0,"absolute_mem_percent_usage":0.027799693,"mem_info_per_process":{"979":{"rss":3271335936,"vms":11947323392,"shared":180973568,"text":2322432,"lib":0,"data":10219520000,"dirty":0,"uss":118448128,"pss":1688558592,"swap":0},"718":{"rss":3657342976,"vms":11947323392,"shared":567136256,"text":2322432,"lib":0,"data":10219520000,"dirty":0,"uss":142938112,"pss":1805765632,"swap":0}},"nvidia_draw_absolute":111.83,"nvidia_estimated_attributable_power_draw":111.83,"average_gpu_estimated_utilization_absolute":0.815,"per_gpu_average_estimated_utilization_absolute":{"(0, 718)":{"sm":81.5,"mem":23.5,"enc":0.0,"dec":0.0}},"average_gpu_estimated_utilization_relative":1.0,"per_gpu_performance_state":{"0":"P2"},"per_gpu_power_draw":{"0":111.83},"cpu_count_adjusted_average_load":[0.178125,0.1646875,0.1609375],"realtime_carbon_intensity":336.7645075741,"disk_write_speed":18.678897582,"process_ids":[979,718]}
{"timestamp":1572416376.3010509014,"rapl_power_draw_absolute":86.9821499682,"rapl_estimated_attributable_power_draw":19.7527354638,"cpu_time_seconds":{"979":{"user":1.92,"system":5.75,"children_user":0.17,"children_system":4.32},"718":{"user":194.41,"system":3.34,"children_user":0.08,"children_system":0.17}},"average_relative_cpu_utilization":0.2370203322,"absolute_cpu_utilization":1.0037827619,"relative_mem_usage":0.1545669028,"absolute_mem_usage":3755735040.0,"absolute_mem_percent_usage":0.0277998749,"mem_info_per_process":{"979":{"rss":3271335936,"vms":11947323392,"shared":180973568,"text":2322432,"lib":0,"data":10219520000,"dirty":0,"uss":118456320,"pss":1688562688,"swap":0},"718":{"rss":3657342976,"vms":11947323392,"shared":567136256,"text":2322432,"lib":0,"data":10219520000,"dirty":0,"uss":142946304,"pss":1805769728,"swap":0}},"nvidia_draw_absolute":112.44,"nvidia_estimated_attributable_power_draw":112.44,"average_gpu_estimated_utilization_absolute":0.82,"per_gpu_average_estimated_utilization_absolute":{"(0, 718)":{"sm":82.0,"mem":23.5,"enc":0.0,"dec":0.0}},"average_gpu_estimated_utilization_relative":1.0,"per_gpu_performance_state":{"0":"P2"},"per_gpu_power_draw":{"0":112.44},"cpu_count_adjusted_average_load":[0.1740625,0.1640625,0.160625],"realtime_carbon_intensity":336.7645075741,"disk_write_speed":11.3978129959,"process_ids":[979,718]}
{"timestamp":1572416384.4113910198,"rapl_power_draw_absolute":87.1064369565,"rapl_estimated_attributable_power_draw":19.7443094416,"cpu_time_seconds":{"979":{"user":1.98,"system":6.03,"children_user":0.18,"children_system":4.51},"718":{"user":202.51,"system":3.34,"children_user":0.08,"children_system":0.17}},"average_relative_cpu_utilization":0.2363984309,"absolute_cpu_utilization":0.9987873258,"relative_mem_usage":0.1545543943,"absolute_mem_usage":3755681792.0,"absolute_mem_percent_usage":0.0277994808,"mem_info_per_process":{"979":{"rss":3271335936,"vms":11947323392,"shared":180973568,"text":2322432,"lib":0,"data":10219520000,"dirty":0,"uss":118460416,"pss":1688499200,"swap":0},"718":{"rss":3657342976,"vms":11947323392,"shared":567136256,"text":2322432,"lib":0,"data":10219520000,"dirty":0,"uss":142950400,"pss":1805771776,"swap":0}},"nvidia_draw_absolute":110.35,"nvidia_estimated_attributable_power_draw":110.35,"average_gpu_estimated_utilization_absolute":0.8133333333,"per_gpu_average_estimated_utilization_absolute":{"(0, 718)":{"sm":81.3333333333,"mem":23.6666666667,"enc":0.0,"dec":0.0}},"average_gpu_estimated_utilization_relative":1.0,"per_gpu_performance_state":{"0":"P2"},"per_gpu_power_draw":{"0":110.35},"cpu_count_adjusted_average_load":[0.1803125,0.165625,0.16125],"realtime_carbon_intensity":336.7645075741,"disk_write_speed":19.766811883,"process_ids":[979,718]}
{"timestamp":1572416392.4697520733,"rapl_power_draw_absolute":87.4750514581,"rapl_estimated_attributable_power_draw":19.5691255065,"cpu_time_seconds":{"979":{"user":2.06,"system":6.27,"children_user":0.18,"children_system":4.71},"718":{"user":210.57,"system":3.35,"children_user":0.08,"children_system":0.17}},"average_relative_cpu_utilization":0.2331694488,"absolute_cpu_utilization":1.00443117,"relative_mem_usage":0.1545470726,"absolute_mem_usage":3755759616.0,"absolute_mem_percent_usage":0.0278000568,"mem_info_per_process":{"979":{"rss":3271335936,"vms":11947323392,"shared":180973568,"text":2322432,"lib":0,"data":10219520000,"dirty":0,"uss":118464512,"pss":1688566784,"swap":0},"718":{"rss":3657342976,"vms":11947323392,"shared":567136256,"text":2322432,"lib":0,"data":10219520000,"dirty":0,"uss":142954496,"pss":1805773824,"swap":0}},"nvidia_draw_absolute":108.92,"nvidia_estimated_attributable_power_draw":108.92,"average_gpu_estimated_utilization_absolute":0.815,"per_gpu_average_estimated_utilization_absolute":{"(0, 718)":{"sm":81.5,"mem":23.0,"enc":0.0,"dec":0.0}},"average_gpu_estimated_utilization_relative":1.0,"per_gpu_performance_state":{"0":"P2"},"per_gpu_power_draw":{"0":108.92},"cpu_count_adjusted_average_load":[0.179375,0.1659375,0.16125],"realtime_carbon_intensity":336.7645075741,"disk_write_speed":23.2854860715,"process_ids":[979,718]}
{"timestamp":1572416400.5683031082,"rapl_power_draw_absolute":87.7428631311,"rapl_estimated_attributable_power_draw":19.3662331717,"cpu_time_seconds":{"979":{"user":2.16,"system":6.54,"children_user":0.19,"children_system":4.9},"718":{"user":218.65,"system":3.37,"children_user":0.08,"children_system":0.17}},"average_relative_cpu_utilization":0.2297065657,"absolute_cpu_utilization":1.0037525255,"relative_mem_usage":0.1545480732,"absolute_mem_usage":3755771904.0,"absolute_mem_percent_usage":0.0278001478,"mem_info_per_process":{"979":{"rss":3271335936,"vms":11947323392,"shared":180973568,"text":2322432,"lib":0,"data":10219520000,"dirty":0,"uss":118468608,"pss":1688568832,"swap":0},"718":{"rss":3657342976,"vms":11947323392,"shared":567136256,"text":2322432,"lib":0,"data":10219520000,"dirty":0,"uss":142958592,"pss":1805775872,"swap":0}},"nvidia_draw_absolute":109.19,"nvidia_estimated_attributable_power_draw":109.19,"average_gpu_estimated_utilization_absolute":0.815,"per_gpu_average_estimated_utilization_absolute":{"(0, 718)":{"sm":81.5,"mem":23.0,"enc":0.0,"dec":0.0}},"average_gpu_estimated_utilization_relative":1.0,"per_gpu_performance_state":{"0":"P2"},"per_gpu_power_draw":{"0":109.19},"cpu_count_adjusted_average_load":[0.1775,0.1659375,0.16125],"realtime_carbon_intensity":336.7645075741,"disk_write_speed":23.7269952793,"process_ids":[979,718]}
{"timestamp":1572416408.6382460594,"rapl_power_draw_absolute":87.364594539,"rapl_estimated_attributable_power_draw":19.6923675563,"cpu_time_seconds":{"979":{"user":2.24,"system":6.81,"children_user":0.2,"children_system":5.09},"718":{"user":226.72,"system":3.37,"children_user":0.08,"children_system":0.17}},"average_relative_cpu_utilization":0.2350135362,"absolute_cpu_utilization":0.9987301023,"relative_mem_usage":0.1545685455,"absolute_mem_usage":3755796480.0,"absolute_mem_percent_usage":0.0278003297,"mem_info_per_process":{"979":{"rss":3271335936,"vms":11947323392,"shared":180973568,"text":2322432,"lib":0,"data":10219520000,"dirty":0,"uss":118476800,"pss":1688572928,"swap":0},"718":{"rss":3657342976,"vms":11947323392,"shared":567136256,"text":2322432,"lib":0,"data":10219520000,"dirty":0,"uss":142966784,"pss":1805779968,"swap":0}},"nvidia_draw_absolute":109.67,"nvidia_estimated_attributable_power_draw":109.67,"average_gpu_estimated_utilization_absolute":0.8133333333,"per_gpu_average_estimated_utilization_absolute":{"(0, 718)":{"sm":81.3333333333,"mem":23.6666666667,"enc":0.0,"dec":0.0}},"average_gpu_estimated_utilization_relative":1.0,"per_gpu_performance_state":{"0":"P2"},"per_gpu_power_draw":{"0":109.67},"cpu_count_adjusted_average_load":[0.1784375,0.1665625,0.1615625],"realtime_carbon_intensity":336.7645075741,"disk_write_speed":21.0538597314,"process_ids":[979,718]}
{"timestamp":1572416416.719504118,"rapl_power_draw_absolute":87.1135300752,"rapl_estimated_attributable_power_draw":19.6822852018,"cpu_time_seconds":{"979":{"user":2.32,"system":7.07,"children_user":0.21,"children_system":5.27},"718":{"user":234.8,"system":3.38,"children_user":0.08,"children_system":0.17}},"average_relative_cpu_utilization":0.2356979257,"absolute_cpu_utilization":1.0087787153,"relative_mem_usage":0.15458883,"absolute_mem_usage":3755808768.0,"absolute_mem_percent_usage":0.0278004207,"mem_info_per_process":{"979":{"rss":3271335936,"vms":11947323392,"shared":180973568,"text":2322432,"lib":0,"data":10219520000,"dirty":0,"uss":118480896,"pss":1688574976,"swap":0},"718":{"rss":3657342976,"vms":11947323392,"shared":567136256,"text":2322432,"lib":0,"data":10219520000,"dirty":0,"uss":142970880,"pss":1805782016,"swap":0}},"nvidia_draw_absolute":110.28,"nvidia_estimated_attributable_power_draw":110.28,"average_gpu_estimated_utilization_absolute":0.8166666667,"per_gpu_average_estimated_utilization_absolute":{"(0, 718)":{"sm":81.6666666667,"mem":23.3333333333,"enc":0.0,"dec":0.0}},"average_gpu_estimated_utilization_relative":1.0,"per_gpu_performance_state":{"0":"P2"},"per_gpu_power_draw":{"0":110.28},"cpu_count_adjusted_average_load":[0.1753125,0.16625,0.1615625],"realtime_carbon_intensity":336.7645075741,"disk_write_speed":25.0323438404,"process_ids":[979,718]}
{"timestamp":1572416424.8133869171,"rapl_power_draw_absolute":87.2604445017,"rapl_estimated_attributable_power_draw":19.542815654,"cpu_time_seconds":{"979":{"user":2.42,"system":7.32,"children_user":0.22,"children_system":5.47},"718":{"user":242.88,"system":3.38,"children_user":0.08,"children_system":0.17}},"average_relative_cpu_utilization":0.2333629599,"absolute_cpu_utilization":0.9987800066,"relative_mem_usage":0.1545807877,"absolute_mem_usage":3755821056.0,"absolute_mem_percent_usage":0.0278005116,"mem_info_per_process":{"979":{"rss":3271335936,"vms":11947323392,"shared":180973568,"text":2322432,"lib":0,"data":10219520000,"dirty":0,"uss":118484992,"pss":1688577024,"swap":0},"718":{"rss":3657342976,"vms":11947323392,"shared":567136256,"text":2322432,"lib":0,"data":10219520000,"dirty":0,"uss":142974976,"pss":1805784064,"swap":0}},"nvidia_draw_absolute":110.53,"nvidia_estimated_attributable_power_draw":110.53,"average_gpu_estimated_utilization_absolute":0.8133333333,"per_gpu_average_estimated_utilization_absolute":{"(0, 718)":{"sm":81.3333333333,"mem":23.6666666667,"enc":0.0,"dec":0.0}},"average_gpu_estimated_utilization_relative":1.0,"per_gpu_performance_state":{"0":"P2"},"per_gpu_power_draw":{"0":110.53},"cpu_count_adjusted_average_load":[0.17125,0.1653125,0.16125],"realtime_carbon_intensity":336.7645075741,"disk_write_speed":26.793315024,"process_ids":[979,718]}
{"timestamp":1572416432.8907899857,"rapl_power_draw_absolute":87.3042009687,"rapl_estimated_attributable_power_draw":19.4841233166,"cpu_time_seconds":{"979":{"user":2.51,"system":7.57,"children_user":0.22,"children_system":5.67},"718":{"user":250.96,"system":3.39,"children_user":0.08,"children_system":0.17}},"average_relative_cpu_utilization":0.2325465772,"absolute_cpu_utilization":0.9987757367,"relative_mem_usage":0.1545812153,"absolute_mem_usage":3755833344.0,"absolute_mem_percent_usage":0.0278006026,"mem_info_per_process":{"979":{"rss":3271335936,"vms":11947323392,"shared":180973568,"text":2322432,"lib":0,"data":10219520000,"dirty":0,"uss":118489088,"pss":1688579072,"swap":0},"718":{"rss":3657342976,"vms":11947323392,"shared":567136256,"text":2322432,"lib":0,"data":10219520000,"dirty":0,"uss":142979072,"pss":1805786112,"swap":0}},"nvidia_draw_absolute":111.68,"nvidia_estimated_attributable_power_draw":111.68,"average_gpu_estimated_utilization_absolute":0.8133333333,"per_gpu_average_estimated_utilization_absolute":{"(0, 718)":{"sm":81.3333333333,"mem":23.6666666667,"enc":0.0,"dec":0.0}},"average_gpu_estimated_utilization_relative":1.0,"per_gpu_performance_state":{"0":"P2"},"per_gpu_power_draw":{"0":111.68},"cpu_count_adjusted_average_load":[0.1690625,0.165,0.16125],"realtime_carbon_intensity":336.7645075741,"disk_write_speed":36.6803984353,"process_ids":[979,718]}
{"timestamp":1572416441.0258710384,"rapl_power_draw_absolute":87.5723844261,"rapl_estimated_attributable_power_draw":19.4082626785,"cpu_time_seconds":{"979":{"user":2.66,"system":7.81,"children_user":0.24,"children_system":5.85},"718":{"user":259.08,"system":3.4,"children_user":0.08,"children_system":0.17}},"average_relative_cpu_utilization":0.2306726909,"absolute_cpu_utilization":0.9987845924,"relative_mem_usage":0.154561788,"absolute_mem_usage":3755845632.0,"absolute_mem_percent_usage":0.0278006935,"mem_info_per_process":{"979":{"rss":3271335936,"vms":11947323392,"shared":180973568,"text":2322432,"lib":0,"data":10219520000,"dirty":0,"uss":118493184,"pss":1688581120,"swap":0},"718":{"rss":3657342976,"vms":11947323392,"shared":567136256,"text":2322432,"lib":0,"data":10219520000,"dirty":0,"uss":142983168,"pss":1805788160,"swap":0}},"nvidia_draw_absolute":109.38,"nvidia_estimated_attributable_power_draw":109.38,"average_gpu_estimated_utilization_absolute":0.81,"per_gpu_average_estimated_utilization_absolute":{"(0, 718)":{"sm":81.0,"mem":23.5,"enc":0.0,"dec":0.0}},"average_gpu_estimated_utilization_relative":1.0,"per_gpu_performance_state":{"0":"P2"},"per_gpu_power_draw":{"0":109.38},"cpu_count_adjusted_average_load":[0.1703125,0.165625,0.1615625],"realtime_carbon_intensity":336.7645075741,"disk_write_speed":27.9967052522,"process_ids":[979,718]}
{"timestamp":1572416449.1297841072,"rapl_power_draw_absolute":87.2858625597,"rapl_estimated_attributable_power_draw":19.5633605467,"cpu_time_seconds":{"979":{"user":2.74,"system":8.08,"children_user":0.24,"children_system":6.05},"718":{"user":267.18,"system":3.4,"children_user":0.08,"children_system":0.17}},"average_relative_cpu_utilization":0.233636835,"absolute_cpu_utilization":0.9987816733,"relative_mem_usage":0.1545794906,"absolute_mem_usage":3755857920.0,"absolute_mem_percent_usage":0.0278007845,"mem_info_per_process":{"979":{"rss":3271335936,"vms":11947323392,"shared":180973568,"text":2322432,"lib":0,"data":10219520000,"dirty":0,"uss":118497280,"pss":1688583168,"swap":0},"718":{"rss":3657342976,"vms":11947323392,"shared":567136256,"text":2322432,"lib":0,"data":10219520000,"dirty":0,"uss":142987264,"pss":1805790208,"swap":0}},"nvidia_draw_absolute":110.34,"nvidia_estimated_attributable_power_draw":110.34,"average_gpu_estimated_utilization_absolute":0.8175,"per_gpu_average_estimated_utilization_absolute":{"(0, 718)":{"sm":81.75,"mem":23.75,"enc":0.0,"dec":0.0}},"average_gpu_estimated_utilization_relative":1.0,"per_gpu_performance_state":{"0":"P2"},"per_gpu_power_draw":{"0":110.34},"cpu_count_adjusted_average_load":[0.1703125,0.165625,0.1615625],"realtime_carbon_intensity":336.7645075741,"disk_write_speed":20.18016404,"process_ids":[979,718]}
{"timestamp":1572416457.2354021072,"rapl_power_draw_absolute":87.3449305405,"rapl_estimated_attributable_power_draw":19.6004074507,"cpu_time_seconds":{"979":{"user":2.83,"system":8.33,"children_user":0.24,"children_system":6.25},"718":{"user":275.28,"system":3.42,"children_user":0.08,"children_system":0.17}},"average_relative_cpu_utilization":0.233907737,"absolute_cpu_utilization":0.998781508,"relative_mem_usage":0.154586798,"absolute_mem_usage":3755870208.0,"absolute_mem_percent_usage":0.0278008754,"mem_info_per_process":{"979":{"rss":3271335936,"vms":11947323392,"shared":180973568,"text":2322432,"lib":0,"data":10219520000,"dirty":0,"uss":118501376,"pss":1688585216,"swap":0},"718":{"rss":3657342976,"vms":11947323392,"shared":567136256,"text":2322432,"lib":0,"data":10219520000,"dirty":0,"uss":142991360,"pss":1805792256,"swap":0}},"nvidia_draw_absolute":111.32,"nvidia_estimated_attributable_power_draw":111.32,"average_gpu_estimated_utilization_absolute":0.8175,"per_gpu_average_estimated_utilization_absolute":{"(0, 718)":{"sm":81.75,"mem":23.75,"enc":0.0,"dec":0.0}},"average_gpu_estimated_utilization_relative":1.0,"per_gpu_performance_state":{"0":"P2"},"per_gpu_power_draw":{"0":111.32},"cpu_count_adjusted_average_load":[0.1778125,0.1675,0.1621875],"realtime_carbon_intensity":336.7645075741,"disk_write_speed":27.3325960267,"process_ids":[979,718]}
{"timestamp":1572416465.3126070499,"rapl_power_draw_absolute":87.2059232135,"rapl_estimated_attributable_power_draw":19.6647084771,"cpu_time_seconds":{"979":{"user":2.93,"system":8.58,"children_user":0.25,"children_system":6.44},"718":{"user":283.34,"system":3.43,"children_user":0.08,"children_system":0.17}},"average_relative_cpu_utilization":0.2350096937,"absolute_cpu_utilization":0.9987634828,"relative_mem_usage":0.1545898944,"absolute_mem_usage":3755894784.0,"absolute_mem_percent_usage":0.0278010573,"mem_info_per_process":{"979":{"rss":3271335936,"vms":11947323392,"shared":180973568,"text":2322432,"lib":0,"data":10219520000,"dirty":0,"uss":118509568,"pss":1688589312,"swap":0},"718":{"rss":3657342976,"vms":11947323392,"shared":567136256,"text":2322432,"lib":0,"data":10219520000,"dirty":0,"uss":142999552,"pss":1805796352,"swap":0}},"nvidia_draw_absolute":112.35,"nvidia_estimated_attributable_power_draw":112.35,"average_gpu_estimated_utilization_absolute":0.8133333333,"per_gpu_average_estimated_utilization_absolute":{"(0, 718)":{"sm":81.3333333333,"mem":23.6666666667,"enc":0.0,"dec":0.0}},"average_gpu_estimated_utilization_relative":1.0,"per_gpu_performance_state":{"0":"P2"},"per_gpu_power_draw":{"0":112.35},"cpu_count_adjusted_average_load":[0.17625,0.1671875,0.1621875],"realtime_carbon_intensity":336.7645075741,"disk_write_speed":25.4690387842,"process_ids":[979,718]}
{"timestamp":1572416473.377737999,"rapl_power_draw_absolute":87.0497434582,"rapl_estimated_attributable_power_draw":19.6317948202,"cpu_time_seconds":{"979":{"user":3.02,"system":8.84,"children_user":0.25,"children_system":6.64},"718":{"user":291.4,"system":3.44,"children_user":0.08,"children_system":0.17}},"average_relative_cpu_utilization":0.235079361,"absolute_cpu_utilization":1.0037818749,"relative_mem_usage":0.1545910518,"absolute_mem_usage":3755907072.0,"absolute_mem_percent_usage":0.0278011483,"mem_info_per_process":{"979":{"rss":3271335936,"vms":11947323392,"shared":180973568,"text":2322432,"lib":0,"data":10219520000,"dirty":0,"uss":118513664,"pss":1688591360,"swap":0},"718":{"rss":3657342976,"vms":11947323392,"shared":567136256,"text":2322432,"lib":0,"data":10219520000,"dirty":0,"uss":143003648,"pss":1805798400,"swap":0}},"nvidia_draw_absolute":111.77,"nvidia_estimated_attributable_power_draw":111.77,"average_gpu_estimated_utilization_absolute":0.8133333333,"per_gpu_average_estimated_utilization_absolute":{"(0, 718)":{"sm":81.3333333333,"mem":23.6666666667,"enc":0.0,"dec":0.0}},"average_gpu_estimated_utilization_relative":1.0,"per_gpu_performance_state":{"0":"P2"},"per_gpu_power_draw":{"0":111.77},"cpu_count_adjusted_average_load":[0.175,0.1675,0.1621875],"realtime_carbon_intensity":336.7645075741,"disk_write_speed":21.9653314366,"process_ids":[979,718]}
{"timestamp":1572416481.4279088974,"rapl_power_draw_absolute":87.1659596764,"rapl_estimated_attributable_power_draw":19.6302767128,"cpu_time_seconds":{"979":{"user":3.1,"system":9.08,"children_user":0.26,"children_system":6.83},"718":{"user":299.45,"system":3.44,"children_user":0.08,"children_system":0.17}},"average_relative_cpu_utilization":0.2347333906,"absolute_cpu_utilization":0.9987901297,"relative_mem_usage":0.1545874137,"absolute_mem_usage":3755919360.0,"absolute_mem_percent_usage":0.0278012393,"mem_info_per_process":{"979":{"rss":3271335936,"vms":11947323392,"shared":180973568,"text":2322432,"lib":0,"data":10219520000,"dirty":0,"uss":118517760,"pss":1688593408,"swap":0},"718":{"rss":3657342976,"vms":11947323392,"shared":567136256,"text":2322432,"lib":0,"data":10219520000,"dirty":0,"uss":143007744,"pss":1805800448,"swap":0}},"nvidia_draw_absolute":111.01,"nvidia_estimated_attributable_power_draw":111.01,"average_gpu_estimated_utilization_absolute":0.8133333333,"per_gpu_average_estimated_utilization_absolute":{"(0, 718)":{"sm":81.3333333333,"mem":23.6666666667,"enc":0.0,"dec":0.0}},"average_gpu_estimated_utilization_relative":1.0,"per_gpu_performance_state":{"0":"P2"},"per_gpu_power_draw":{"0":111.01},"cpu_count_adjusted_average_load":[0.17125,0.1665625,0.1621875],"realtime_carbon_intensity":336.7645075741,"disk_write_speed":25.4746433028,"process_ids":[979,718]}
{"timestamp":1572416489.4873740673,"rapl_power_draw_absolute":87.3357285045,"rapl_estimated_attributable_power_draw":19.4865319568,"cpu_time_seconds":{"979":{"user":3.2,"system":9.32,"children_user":0.27,"children_system":7.0},"718":{"user":307.5,"system":3.45,"children_user":0.08,"children_system":0.17}},"average_relative_cpu_utilization":0.2322800424,"absolute_cpu_utilization":0.9987927181,"relative_mem_usage":0.154572019,"absolute_mem_usage":3755956224.0,"absolute_mem_percent_usage":0.0278015121,"mem_info_per_process":{"979":{"rss":3271335936,"vms":11947323392,"shared":180973568,"text":2322432,"lib":0,"data":10219520000,"dirty":0,"uss":118530048,"pss":1688599552,"swap":0},"718":{"rss":3657342976,"vms":11947323392,"shared":567136256,"text":2322432,"lib":0,"data":10219520000,"dirty":0,"uss":143020032,"pss":1805806592,"swap":0}},"nvidia_draw_absolute":112.47,"nvidia_estimated_attributable_power_draw":112.47,"average_gpu_estimated_utilization_absolute":0.815,"per_gpu_average_estimated_utilization_absolute":{"(0, 718)":{"sm":81.5,"mem":23.5,"enc":0.0,"dec":0.0}},"average_gpu_estimated_utilization_relative":1.0,"per_gpu_performance_state":{"0":"P2"},"per_gpu_power_draw":{"0":112.47},"cpu_count_adjusted_average_load":[0.180625,0.1690625,0.1628125],"realtime_carbon_intensity":336.7645075741,"disk_write_speed":19.8479663224,"process_ids":[979,718]}
{"timestamp":1572416497.5649940968,"rapl_power_draw_absolute":87.2164664681,"rapl_estimated_attributable_power_draw":19.4174979563,"cpu_time_seconds":{"979":{"user":3.26,"system":9.6,"children_user":0.28,"children_system":7.2},"718":{"user":315.58,"system":3.45,"children_user":0.08,"children_system":0.17}},"average_relative_cpu_utilization":0.2317419258,"absolute_cpu_utilization":0.9987797688,"relative_mem_usage":0.1545670793,"absolute_mem_usage":3755968512.0,"absolute_mem_percent_usage":0.0278016031,"mem_info_per_process":{"979":{"rss":3271335936,"vms":11947323392,"shared":180973568,"text":2322432,"lib":0,"data":10219520000,"dirty":0,"uss":118534144,"pss":1688601600,"swap":0},"718":{"rss":3657342976,"vms":11947323392,"shared":567136256,"text":2322432,"lib":0,"data":10219520000,"dirty":0,"uss":143024128,"pss":1805808640,"swap":0}},"nvidia_draw_absolute":110.28,"nvidia_estimated_attributable_power_draw":110.28,"average_gpu_estimated_utilization_absolute":0.815,"per_gpu_average_estimated_utilization_absolute":{"(0, 718)":{"sm":81.5,"mem":23.5,"enc":0.0,"dec":0.0}},"average_gpu_estimated_utilization_relative":1.0,"per_gpu_performance_state":{"0":"P2"},"per_gpu_power_draw":{"0":110.28},"cpu_count_adjusted_average_load":[0.1846875,0.17,0.163125],"realtime_carbon_intensity":336.7645075741,"disk_write_speed":15.1262739554,"process_ids":[979,718]}
{"timestamp":1572416505.6418440342,"rapl_power_draw_absolute":87.0087638146,"rapl_estimated_attributable_power_draw":19.567655097,"cpu_time_seconds":{"979":{"user":3.32,"system":9.84,"children_user":0.28,"children_system":7.39},"718":{"user":323.66,"system":3.45,"children_user":0.08,"children_system":0.17}},"average_relative_cpu_utilization":0.2344580542,"absolute_cpu_utilization":0.998781456,"relative_mem_usage":0.1545868046,"absolute_mem_usage":3755968512.0,"absolute_mem_percent_usage":0.0278016031,"mem_info_per_process":{"979":{"rss":3271335936,"vms":11947323392,"shared":180973568,"text":2322432,"lib":0,"data":10219520000,"dirty":0,"uss":118534144,"pss":1688601600,"swap":0},"718":{"rss":3657342976,"vms":11947323392,"shared":567136256,"text":2322432,"lib":0,"data":10219520000,"dirty":0,"uss":143024128,"pss":1805808640,"swap":0}},"nvidia_draw_absolute":108.93,"nvidia_estimated_attributable_power_draw":108.93,"average_gpu_estimated_utilization_absolute":0.82,"per_gpu_average_estimated_utilization_absolute":{"(0, 718)":{"sm":82.0,"mem":23.6666666667,"enc":0.0,"dec":0.0}},"average_gpu_estimated_utilization_relative":1.0,"per_gpu_performance_state":{"0":"P2"},"per_gpu_power_draw":{"0":108.93},"cpu_count_adjusted_average_load":[0.18,0.169375,0.163125],"realtime_carbon_intensity":336.7645075741,"disk_write_speed":21.0835310504,"process_ids":[979,718]}
{"timestamp":1572416513.7644810677,"rapl_power_draw_absolute":87.1313487771,"rapl_estimated_attributable_power_draw":19.7051186742,"cpu_time_seconds":{"979":{"user":3.41,"system":10.1,"children_user":0.29,"children_system":7.58},"718":{"user":331.79,"system":3.45,"children_user":0.08,"children_system":0.17}},"average_relative_cpu_utilization":0.2359063742,"absolute_cpu_utilization":1.0037757647,"relative_mem_usage":0.1545612066,"absolute_mem_usage":3755991040.0,"absolute_mem_percent_usage":0.0278017698,"mem_info_per_process":{"979":{"rss":3271335936,"vms":11947323392,"shared":180973568,"text":2322432,"lib":0,"data":10219520000,"dirty":0,"uss":118542336,"pss":1688605696,"swap":0},"718":{"rss":3657342976,"vms":11947323392,"shared":567136256,"text":2322432,"lib":0,"data":10219520000,"dirty":0,"uss":143032320,"pss":1805810688,"swap":0}},"nvidia_draw_absolute":111.29,"nvidia_estimated_attributable_power_draw":111.29,"average_gpu_estimated_utilization_absolute":0.8133333333,"per_gpu_average_estimated_utilization_absolute":{"(0, 718)":{"sm":81.3333333333,"mem":23.6666666667,"enc":0.0,"dec":0.0}},"average_gpu_estimated_utilization_relative":1.0,"per_gpu_performance_state":{"0":"P2"},"per_gpu_power_draw":{"0":111.29},"cpu_count_adjusted_average_load":[0.17375,0.1684375,0.1628125],"realtime_carbon_intensity":336.7645075741,"disk_write_speed":15.2858727536,"process_ids":[979,718]}
{"timestamp":1572416521.8708019257,"rapl_power_draw_absolute":87.5614814386,"rapl_estimated_attributable_power_draw":19.6142663599,"cpu_time_seconds":{"979":{"user":3.5,"system":10.34,"children_user":0.3,"children_system":7.78},"718":{"user":339.89,"system":3.45,"children_user":0.08,"children_system":0.17}},"average_relative_cpu_utilization":0.2333644841,"absolute_cpu_utilization":0.9987900981,"relative_mem_usage":0.1545400463,"absolute_mem_usage":3756005376.0,"absolute_mem_percent_usage":0.0278018759,"mem_info_per_process":{"979":{"rss":3271335936,"vms":11947323392,"shared":180973568,"text":2322432,"lib":0,"data":10219520000,"dirty":0,"uss":118546432,"pss":1688607744,"swap":0},"718":{"rss":3657342976,"vms":11947323392,"shared":567136256,"text":2322432,"lib":0,"data":10219520000,"dirty":0,"uss":143036416,"pss":1805814784,"swap":0}},"nvidia_draw_absolute":109.99,"nvidia_estimated_attributable_power_draw":109.99,"average_gpu_estimated_utilization_absolute":0.8166666667,"per_gpu_average_estimated_utilization_absolute":{"(0, 718)":{"sm":81.6666666667,"mem":23.3333333333,"enc":0.0,"dec":0.0}},"average_gpu_estimated_utilization_relative":1.0,"per_gpu_performance_state":{"0":"P2"},"per_gpu_power_draw":{"0":109.99},"cpu_count_adjusted_average_load":[0.183125,0.170625,0.1634375],"realtime_carbon_intensity":336.7645075741,"disk_write_speed":22.1147804324,"process_ids":[979,718]}
{"timestamp":1572416529.9847700596,"rapl_power_draw_absolute":87.2894804602,"rapl_estimated_attributable_power_draw":19.4534716518,"cpu_time_seconds":{"979":{"user":3.56,"system":10.62,"children_user":0.3,"children_system":7.97},"718":{"user":348.0,"system":3.46,"children_user":0.08,"children_system":0.17}},"average_relative_cpu_utilization":0.2320089641,"absolute_cpu_utilization":0.9987732785,"relative_mem_usage":0.1545603069,"absolute_mem_usage":3756029952.0,"absolute_mem_percent_usage":0.0278020579,"mem_info_per_process":{"979":{"rss":3271335936,"vms":11947323392,"shared":180973568,"text":2322432,"lib":0,"data":10219520000,"dirty":0,"uss":118554624,"pss":1688611840,"swap":0},"718":{"rss":3657342976,"vms":11947323392,"shared":567136256,"text":2322432,"lib":0,"data":10219520000,"dirty":0,"uss":143044608,"pss":1805818880,"swap":0}},"nvidia_draw_absolute":109.95,"nvidia_estimated_attributable_power_draw":109.95,"average_gpu_estimated_utilization_absolute":0.8175,"per_gpu_average_estimated_utilization_absolute":{"(0, 718)":{"sm":81.75,"mem":23.75,"enc":0.0,"dec":0.0}},"average_gpu_estimated_utilization_relative":1.0,"per_gpu_performance_state":{"0":"P2"},"per_gpu_power_draw":{"0":109.95},"cpu_count_adjusted_average_load":[0.1884375,0.171875,0.1640625],"realtime_carbon_intensity":336.7645075741,"disk_write_speed":36.2750120853,"process_ids":[979,718]}
{"timestamp":1572416538.0572969913,"rapl_power_draw_absolute":87.4053208653,"rapl_estimated_attributable_power_draw":19.5744845785,"cpu_time_seconds":{"979":{"user":3.68,"system":10.87,"children_user":0.32,"children_system":8.15},"718":{"user":356.06,"system":3.47,"children_user":0.08,"children_system":0.17}},"average_relative_cpu_utilization":0.2333637624,"absolute_cpu_utilization":0.9987918355,"relative_mem_usage":0.1545622975,"absolute_mem_usage":3756042240.0,"absolute_mem_percent_usage":0.0278021488,"mem_info_per_process":{"979":{"rss":3271335936,"vms":11947323392,"shared":180973568,"text":2322432,"lib":0,"data":10219520000,"dirty":0,"uss":118558720,"pss":1688613888,"swap":0},"718":{"rss":3657342976,"vms":11947323392,"shared":567136256,"text":2322432,"lib":0,"data":10219520000,"dirty":0,"uss":143048704,"pss":1805820928,"swap":0}},"nvidia_draw_absolute":110.91,"nvidia_estimated_attributable_power_draw":110.91,"average_gpu_estimated_utilization_absolute":0.8133333333,"per_gpu_average_estimated_utilization_absolute":{"(0, 718)":{"sm":81.3333333333,"mem":23.6666666667,"enc":0.0,"dec":0.0}},"average_gpu_estimated_utilization_relative":1.0,"per_gpu_performance_state":{"0":"P2"},"per_gpu_power_draw":{"0":110.91},"cpu_count_adjusted_average_load":[0.18875,0.1725,0.164375],"realtime_carbon_intensity":336.7645075741,"disk_write_speed":17.8670166668,"process_ids":[979,718]}
{"timestamp":1572416546.1601150036,"rapl_power_draw_absolute":87.5878151869,"rapl_estimated_attributable_power_draw":19.6108921598,"cpu_time_seconds":{"979":{"user":3.74,"system":11.17,"children_user":0.32,"children_system":8.34},"718":{"user":364.17,"system":3.47,"children_user":0.08,"children_system":0.17}},"average_relative_cpu_utilization":0.233249776,"absolute_cpu_utilization":1.0087555292,"relative_mem_usage":0.1545625686,"absolute_mem_usage":3756054528.0,"absolute_mem_percent_usage":0.0278022398,"mem_info_per_process":{"979":{"rss":3271335936,"vms":11947323392,"shared":180973568,"text":2322432,"lib":0,"data":10219520000,"dirty":0,"uss":118562816,"pss":1688615936,"swap":0},"718":{"rss":3657342976,"vms":11947323392,"shared":567136256,"text":2322432,"lib":0,"data":10219520000,"dirty":0,"uss":143052800,"pss":1805822976,"swap":0}},"nvidia_draw_absolute":111.87,"nvidia_estimated_attributable_power_draw":111.87,"average_gpu_estimated_utilization_absolute":0.815,"per_gpu_average_estimated_utilization_absolute":{"(0, 718)":{"sm":81.5,"mem":23.5,"enc":0.0,"dec":0.0}},"average_gpu_estimated_utilization_relative":1.0,"per_gpu_performance_state":{"0":"P2"},"per_gpu_power_draw":{"0":111.87},"cpu_count_adjusted_average_load":[0.19125,0.173125,0.1646875],"realtime_carbon_intensity":336.2887618705,"disk_write_speed":33.0290142134,"process_ids":[979,718]}
{"timestamp":1572416554.3262460232,"rapl_power_draw_absolute":87.3860466369,"rapl_estimated_attributable_power_draw":19.5335459114,"cpu_time_seconds":{"979":{"user":3.86,"system":11.45,"children_user":0.33,"children_system":8.54},"718":{"user":372.34,"system":3.47,"children_user":0.08,"children_system":0.17}},"average_relative_cpu_utilization":0.2328907294,"absolute_cpu_utilization":1.0037216205,"relative_mem_usage":0.1545576711,"absolute_mem_usage":3756054528.0,"absolute_mem_percent_usage":0.0278022398,"mem_info_per_process":{"979":{"rss":3271335936,"vms":11947323392,"shared":180973568,"text":2322432,"lib":0,"data":10219520000,"dirty":0,"uss":118562816,"pss":1688615936,"swap":0},"718":{"rss":3657342976,"vms":11947323392,"shared":567136256,"text":2322432,"lib":0,"data":10219520000,"dirty":0,"uss":143052800,"pss":1805822976,"swap":0}},"nvidia_draw_absolute":110.07,"nvidia_estimated_attributable_power_draw":110.07,"average_gpu_estimated_utilization_absolute":0.8166666667,"per_gpu_average_estimated_utilization_absolute":{"(0, 718)":{"sm":81.6666666667,"mem":23.3333333333,"enc":0.0,"dec":0.0}},"average_gpu_estimated_utilization_relative":1.0,"per_gpu_performance_state":{"0":"P2"},"per_gpu_power_draw":{"0":110.07},"cpu_count_adjusted_average_load":[0.1903125,0.17375,0.165],"realtime_carbon_intensity":336.2887618705,"disk_write_speed":37.5518103537,"process_ids":[979,718]}
{"timestamp":1572416562.3906230927,"rapl_power_draw_absolute":87.1745359538,"rapl_estimated_attributable_power_draw":19.4735035927,"cpu_time_seconds":{"979":{"user":3.97,"system":11.71,"children_user":0.34,"children_system":8.73},"718":{"user":380.39,"system":3.48,"children_user":0.08,"children_system":0.17}},"average_relative_cpu_utilization":0.232816236,"absolute_cpu_utilization":0.9987660246,"relative_mem_usage":0.1545648979,"absolute_mem_usage":3756066816.0,"absolute_mem_percent_usage":0.0278023307,"mem_info_per_process":{"979":{"rss":3271335936,"vms":11947323392,"shared":180973568,"text":2322432,"lib":0,"data":10219520000,"dirty":0,"uss":118566912,"pss":1688617984,"swap":0},"718":{"rss":3657342976,"vms":11947323392,"shared":567136256,"text":2322432,"lib":0,"data":10219520000,"dirty":0,"uss":143056896,"pss":1805825024,"swap":0}},"nvidia_draw_absolute":109.29,"nvidia_estimated_attributable_power_draw":109.29,"average_gpu_estimated_utilization_absolute":0.8166666667,"per_gpu_average_estimated_utilization_absolute":{"(0, 718)":{"sm":81.6666666667,"mem":23.3333333333,"enc":0.0,"dec":0.0}},"average_gpu_estimated_utilization_relative":1.0,"per_gpu_performance_state":{"0":"P2"},"per_gpu_power_draw":{"0":109.29},"cpu_count_adjusted_average_load":[0.1896875,0.1740625,0.165],"realtime_carbon_intensity":336.2887618705,"disk_write_speed":29.9081855305,"process_ids":[979,718]}
{"timestamp":1572416570.4638450146,"rapl_power_draw_absolute":87.4192943029,"rapl_estimated_attributable_power_draw":19.5407237125,"cpu_time_seconds":{"979":{"user":4.07,"system":11.97,"children_user":0.34,"children_system":8.93},"718":{"user":388.46,"system":3.49,"children_user":0.08,"children_system":0.17}},"average_relative_cpu_utilization":0.2328998693,"absolute_cpu_utilization":1.003752292,"relative_mem_usage":0.1545478355,"absolute_mem_usage":3756066816.0,"absolute_mem_percent_usage":0.0278023307,"mem_info_per_process":{"979":{"rss":3271335936,"vms":11947323392,"shared":180973568,"text":2322432,"lib":0,"data":10219520000,"dirty":0,"uss":118566912,"pss":1688617984,"swap":0},"718":{"rss":3657342976,"vms":11947323392,"shared":567136256,"text":2322432,"lib":0,"data":10219520000,"dirty":0,"uss":143056896,"pss":1805825024,"swap":0}},"nvidia_draw_absolute":112.89,"nvidia_estimated_attributable_power_draw":112.89,"average_gpu_estimated_utilization_absolute":0.82,"per_gpu_average_estimated_utilization_absolute":{"(0, 718)":{"sm":82.0,"mem":23.5,"enc":0.0,"dec":0.0}},"average_gpu_estimated_utilization_relative":1.0,"per_gpu_performance_state":{"0":"P2"},"per_gpu_power_draw":{"0":112.89},"cpu_count_adjusted_average_load":[0.184375,0.173125,0.165],"realtime_carbon_intensity":336.2887618705,"disk_write_speed":18.8867359791,"process_ids":[979,718]}
{"timestamp":1572416578.5821769238,"rapl_power_draw_absolute":87.2923994643,"rapl_estimated_attributable_power_draw":19.7016987827,"cpu_time_seconds":{"979":{"user":4.15,"system":12.24,"children_user":0.34,"children_system":9.12},"718":{"user":396.57,"system":3.5,"children_user":0.08,"children_system":0.17}},"average_relative_cpu_utilization":0.2353540951,"absolute_cpu_utilization":1.0037675725,"relative_mem_usage":0.1545524826,"absolute_mem_usage":3756079104.0,"absolute_mem_percent_usage":0.0278024217,"mem_info_per_process":{"979":{"rss":3271335936,"vms":11947323392,"shared":180973568,"text":2322432,"lib":0,"data":10219520000,"dirty":0,"uss":118571008,"pss":1688620032,"swap":0},"718":{"rss":3657342976,"vms":11947323392,"shared":567136256,"text":2322432,"lib":0,"data":10219520000,"dirty":0,"uss":143060992,"pss":1805827072,"swap":0}},"nvidia_draw_absolute":109.86,"nvidia_estimated_attributable_power_draw":109.86,"average_gpu_estimated_utilization_absolute":0.815,"per_gpu_average_estimated_utilization_absolute":{"(0, 718)":{"sm":81.5,"mem":23.5,"enc":0.0,"dec":0.0}},"average_gpu_estimated_utilization_relative":1.0,"per_gpu_performance_state":{"0":"P2"},"per_gpu_power_draw":{"0":109.86},"cpu_count_adjusted_average_load":[0.199375,0.176875,0.16625],"realtime_carbon_intensity":336.2887618705,"disk_write_speed":21.6065158588,"process_ids":[979,718]}
