{"timestamp":1572412306.4981060028,"rapl_power_draw_absolute":75.3042767046,"rapl_estimated_attributable_power_draw":16.1902141959,"cpu_time_seconds":{"27568":{"user":0.0,"system":0.04,"children_user":0.0,"children_system":0.06},"27513":{"user":11.69,"system":3.06,"children_user":0.15,"children_system":0.25}},"average_relative_cpu_utilization":0.2145878229,"absolute_cpu_utilization":0.9986100433,"relative_mem_usage":0.2195045636,"absolute_mem_usage":3471171584.0,"absolute_mem_percent_usage":0.0256934921,"mem_info_per_process":{"27568":{"rss":3261575168,"vms":12085178368,"shared":173830144,"text":2322432,"lib":0,"data":10357374976,"dirty":0,"uss":18575360,"pss":1636393984,"swap":0},"27513":{"rss":3653898240,"vms":12085178368,"shared":566304768,"text":2322432,"lib":0,"data":10357374976,"dirty":0,"uss":34426880,"pss":1781775360,"swap":0}},"nvidia_draw_absolute":173.04,"nvidia_estimated_attributable_power_draw":173.04,"average_gpu_estimated_utilization_absolute":0.99,"per_gpu_average_estimated_utilization_absolute":{"(0, 27513)":{"sm":99,"mem":61,"enc":0,"dec":0}},"average_gpu_estimated_utilization_relative":1.0,"per_gpu_performance_state":{"0":"P2"},"per_gpu_power_draw":{"0":173.04},"cpu_count_adjusted_average_load":[0.1540625,0.16625,0.1646875],"realtime_carbon_intensity":335.5704697987,"disk_write_speed":19.0068313595,"process_ids":[27568,27513]}
{"timestamp":1572412314.8784511089,"rapl_power_draw_absolute":76.99715177,"rapl_estimated_attributable_power_draw":16.8489071559,"cpu_time_seconds":{"27568":{"user":0.15,"system":0.36,"children_user":0.02,"children_system":0.34},"27513":{"user":18.5,"system":4.63,"children_user":0.15,"children_system":0.25}},"average_relative_cpu_utilization":0.2185763648,"absolute_cpu_utilization":0.9985156704,"relative_mem_usage":0.2213285733,"absolute_mem_usage":3502697472.0,"absolute_mem_percent_usage":0.0259268456,"mem_info_per_process":{"27568":{"rss":3267989504,"vms":12085178368,"shared":180232192,"text":2322432,"lib":0,"data":10357374976,"dirty":0,"uss":29900800,"pss":1643489280,"swap":0},"27513":{"rss":3653898240,"vms":12085178368,"shared":566304768,"text":2322432,"lib":0,"data":10357374976,"dirty":0,"uss":43352064,"pss":1785955328,"swap":0}},"nvidia_draw_absolute":174.55,"nvidia_estimated_attributable_power_draw":174.55,"average_gpu_estimated_utilization_absolute":0.98,"per_gpu_average_estimated_utilization_absolute":{"(0, 27513)":{"sm":98,"mem":61,"enc":0,"dec":0}},"average_gpu_estimated_utilization_relative":1.0,"per_gpu_performance_state":{"0":"P2"},"per_gpu_power_draw":{"0":174.55},"cpu_count_adjusted_average_load":[0.1540625,0.1659375,0.1646875],"realtime_carbon_intensity":335.5704697987,"disk_write_speed":21.8297155775,"process_ids":[27568,27513]}
{"timestamp":1572412323.1219029427,"rapl_power_draw_absolute":77.2479240469,"rapl_estimated_attributable_power_draw":16.9878876589,"cpu_time_seconds":{"27568":{"user":0.3,"system":0.65,"children_user":0.04,"children_system":0.61},"27513":{"user":24.96,"system":6.42,"children_user":0.15,"children_system":0.25}},"average_relative_cpu_utilization":0.2197675963,"absolute_cpu_utilization":0.9986114215,"relative_mem_usage":0.2213995548,"absolute_mem_usage":3502996480.0,"absolute_mem_percent_usage":0.0259290589,"mem_info_per_process":{"27568":{"rss":3267989504,"vms":12085178368,"shared":180232192,"text":2322432,"lib":0,"data":10357374976,"dirty":0,"uss":29962240,"pss":1643520000,"swap":0},"27513":{"rss":3653898240,"vms":12085178368,"shared":566304768,"text":2322432,"lib":0,"data":10357374976,"dirty":0,"uss":43413504,"pss":1786100736,"swap":0}},"nvidia_draw_absolute":177.3,"nvidia_estimated_attributable_power_draw":177.3,"average_gpu_estimated_utilization_absolute":0.985,"per_gpu_average_estimated_utilization_absolute":{"(0, 27513)":{"sm":98.5,"mem":61.5,"enc":0.0,"dec":0.0}},"average_gpu_estimated_utilization_relative":1.0,"per_gpu_performance_state":{"0":"P2"},"per_gpu_power_draw":{"0":177.3},"cpu_count_adjusted_average_load":[0.16125,0.1671875,0.165],"realtime_carbon_intensity":335.5704697987,"disk_write_speed":18.9104680836,"process_ids":[27568,27513]}
{"timestamp":1572412331.3898859024,"rapl_power_draw_absolute":77.2850408626,"rapl_estimated_attributable_power_draw":16.8612034059,"cpu_time_seconds":{"27568":{"user":0.44,"system":0.97,"children_user":0.06,"children_system":0.88},"27513":{"user":31.48,"system":8.18,"children_user":0.15,"children_system":0.25}},"average_relative_cpu_utilization":0.217847117,"absolute_cpu_utilization":0.9985657539,"relative_mem_usage":0.2214057732,"absolute_mem_usage":3503055872.0,"absolute_mem_percent_usage":0.0259294985,"mem_info_per_process":{"27568":{"rss":3268055040,"vms":12085178368,"shared":180297728,"text":2322432,"lib":0,"data":10357374976,"dirty":0,"uss":29978624,"pss":1643541504,"swap":0},"27513":{"rss":3653898240,"vms":12085178368,"shared":566304768,"text":2322432,"lib":0,"data":10357374976,"dirty":0,"uss":43429888,"pss":1786105856,"swap":0}},"nvidia_draw_absolute":175.9,"nvidia_estimated_attributable_power_draw":175.9,"average_gpu_estimated_utilization_absolute":0.99,"per_gpu_average_estimated_utilization_absolute":{"(0, 27513)":{"sm":99,"mem":61,"enc":0,"dec":0}},"average_gpu_estimated_utilization_relative":1.0,"per_gpu_performance_state":{"0":"P2"},"per_gpu_power_draw":{"0":175.9},"cpu_count_adjusted_average_load":[0.1675,0.1684375,0.165625],"realtime_carbon_intensity":335.5704697987,"disk_write_speed":30.7203140657,"process_ids":[27568,27513]}
{"timestamp":1572412339.6912269592,"rapl_power_draw_absolute":77.57166631,"rapl_estimated_attributable_power_draw":17.0597118677,"cpu_time_seconds":{"27568":{"user":0.6,"system":1.29,"children_user":0.06,"children_system":1.18},"27513":{"user":38.16,"system":9.8,"children_user":0.15,"children_system":0.25}},"average_relative_cpu_utilization":0.2197754468,"absolute_cpu_utilization":0.9986517657,"relative_mem_usage":0.2214020476,"absolute_mem_usage":3503055872.0,"absolute_mem_percent_usage":0.0259294985,"mem_info_per_process":{"27568":{"rss":3268055040,"vms":12085178368,"shared":180297728,"text":2322432,"lib":0,"data":10357374976,"dirty":0,"uss":29978624,"pss":1643541504,"swap":0},"27513":{"rss":3653898240,"vms":12085178368,"shared":566304768,"text":2322432,"lib":0,"data":10357374976,"dirty":0,"uss":43429888,"pss":1786105856,"swap":0}},"nvidia_draw_absolute":176.66,"nvidia_estimated_attributable_power_draw":176.66,"average_gpu_estimated_utilization_absolute":0.99,"per_gpu_average_estimated_utilization_absolute":{"(0, 27513)":{"sm":99.0,"mem":61.5,"enc":0.0,"dec":0.0}},"average_gpu_estimated_utilization_relative":1.0,"per_gpu_performance_state":{"0":"P2"},"per_gpu_power_draw":{"0":176.66},"cpu_count_adjusted_average_load":[0.1690625,0.16875,0.165625],"realtime_carbon_intensity":335.5704697987,"disk_write_speed":24.9620034811,"process_ids":[27568,27513]}
{"timestamp":1572412347.9620940685,"rapl_power_draw_absolute":77.5250957245,"rapl_estimated_attributable_power_draw":17.0415123886,"cpu_time_seconds":{"27568":{"user":0.77,"system":1.58,"children_user":0.08,"children_system":1.47},"27513":{"user":44.66,"system":11.58,"children_user":0.15,"children_system":0.25}},"average_relative_cpu_utilization":0.2196623314,"absolute_cpu_utilization":1.0035902186,"relative_mem_usage":0.2214198282,"absolute_mem_usage":3503105024.0,"absolute_mem_percent_usage":0.0259298623,"mem_info_per_process":{"27568":{"rss":3268055040,"vms":12085178368,"shared":180297728,"text":2322432,"lib":0,"data":10357374976,"dirty":0,"uss":29995008,"pss":1643549696,"swap":0},"27513":{"rss":3653898240,"vms":12085178368,"shared":566304768,"text":2322432,"lib":0,"data":10357374976,"dirty":0,"uss":43446272,"pss":1786114048,"swap":0}},"nvidia_draw_absolute":178.28,"nvidia_estimated_attributable_power_draw":178.28,"average_gpu_estimated_utilization_absolute":0.9833333333,"per_gpu_average_estimated_utilization_absolute":{"(0, 27513)":{"sm":98.3333333333,"mem":61.3333333333,"enc":0.0,"dec":0.0}},"average_gpu_estimated_utilization_relative":1.0,"per_gpu_performance_state":{"0":"P2"},"per_gpu_power_draw":{"0":178.28},"cpu_count_adjusted_average_load":[0.1646875,0.1678125,0.1653125],"realtime_carbon_intensity":335.5704697987,"disk_write_speed":29.1104534627,"process_ids":[27568,27513]}
{"timestamp":1572412356.2879729271,"rapl_power_draw_absolute":77.4261566808,"rapl_estimated_attributable_power_draw":16.7437907403,"cpu_time_seconds":{"27568":{"user":0.98,"system":1.89,"children_user":0.12,"children_system":1.73},"27513":{"user":51.34,"system":13.22,"children_user":0.15,"children_system":0.25}},"average_relative_cpu_utilization":0.2157381302,"absolute_cpu_utilization":0.9985907984,"relative_mem_usage":0.2214411881,"absolute_mem_usage":3503125504.0,"absolute_mem_percent_usage":0.0259300139,"mem_info_per_process":{"27568":{"rss":3268059136,"vms":12085178368,"shared":180297728,"text":2322432,"lib":0,"data":10357374976,"dirty":0,"uss":30003200,"pss":1643555840,"swap":0},"27513":{"rss":3653898240,"vms":12085178368,"shared":566304768,"text":2322432,"lib":0,"data":10357374976,"dirty":0,"uss":43450368,"pss":1786116096,"swap":0}},"nvidia_draw_absolute":177.77,"nvidia_estimated_attributable_power_draw":177.77,"average_gpu_estimated_utilization_absolute":0.99,"per_gpu_average_estimated_utilization_absolute":{"(0, 27513)":{"sm":99.0,"mem":61.5,"enc":0.0,"dec":0.0}},"average_gpu_estimated_utilization_relative":1.0,"per_gpu_performance_state":{"0":"P2"},"per_gpu_power_draw":{"0":177.77},"cpu_count_adjusted_average_load":[0.1584375,0.1665625,0.165],"realtime_carbon_intensity":335.5704697987,"disk_write_speed":20.6017467393,"process_ids":[27568,27513]}
{"timestamp":1572412364.580534935,"rapl_power_draw_absolute":77.3655253542,"rapl_estimated_attributable_power_draw":16.9893098763,"cpu_time_seconds":{"27568":{"user":1.12,"system":2.21,"children_user":0.15,"children_system":2.0},"27513":{"user":57.84,"system":15.02,"children_user":0.15,"children_system":0.25}},"average_relative_cpu_utilization":0.2194174754,"absolute_cpu_utilization":1.0035775718,"relative_mem_usage":0.2214096898,"absolute_mem_usage":3503137792.0,"absolute_mem_percent_usage":0.0259301049,"mem_info_per_process":{"27568":{"rss":3268059136,"vms":12085178368,"shared":180297728,"text":2322432,"lib":0,"data":10357374976,"dirty":0,"uss":30007296,"pss":1643557888,"swap":0},"27513":{"rss":3653898240,"vms":12085178368,"shared":566304768,"text":2322432,"lib":0,"data":10357374976,"dirty":0,"uss":43454464,"pss":1786118144,"swap":0}},"nvidia_draw_absolute":182.73,"nvidia_estimated_attributable_power_draw":182.73,"average_gpu_estimated_utilization_absolute":0.99,"per_gpu_average_estimated_utilization_absolute":{"(0, 27513)":{"sm":99.0,"mem":61.5,"enc":0.0,"dec":0.0}},"average_gpu_estimated_utilization_relative":1.0,"per_gpu_performance_state":{"0":"P2"},"per_gpu_power_draw":{"0":182.73},"cpu_count_adjusted_average_load":[0.1584375,0.16625,0.1646875],"realtime_carbon_intensity":335.5704697987,"disk_write_speed":17.8700954413,"process_ids":[27568,27513]}
{"timestamp":1572412372.8189489841,"rapl_power_draw_absolute":71.4317146947,"rapl_estimated_attributable_power_draw":20.8636357498,"cpu_time_seconds":{"27568":{"user":1.25,"system":2.51,"children_user":0.17,"children_system":2.27},"27513":{"user":64.26,"system":16.84,"children_user":0.15,"children_system":0.25}},"average_relative_cpu_utilization":0.2923752763,"absolute_cpu_utilization":0.9986106414,"relative_mem_usage":0.2893706657,"absolute_mem_usage":3609344000.0,"absolute_mem_percent_usage":0.0267162396,"mem_info_per_process":{"27568":{"rss":3268059136,"vms":12085178368,"shared":180297728,"text":2322432,"lib":0,"data":10357374976,"dirty":0,"uss":30314496,"pss":1645108224,"swap":0},"27513":{"rss":3653898240,"vms":12085178368,"shared":566304768,"text":2322432,"lib":0,"data":10357374976,"dirty":0,"uss":75042816,"pss":1858878464,"swap":0}},"nvidia_draw_absolute":179.93,"nvidia_estimated_attributable_power_draw":179.93,"average_gpu_estimated_utilization_absolute":0.985,"per_gpu_average_estimated_utilization_absolute":{"(0, 27513)":{"sm":98.5,"mem":61.0,"enc":0.0,"dec":0.0}},"average_gpu_estimated_utilization_relative":1.0,"per_gpu_performance_state":{"0":"P2"},"per_gpu_power_draw":{"0":179.93},"cpu_count_adjusted_average_load":[0.1509375,0.164375,0.1640625],"realtime_carbon_intensity":335.5704697987,"disk_write_speed":20.9821350529,"process_ids":[27568,27513]}
{"timestamp":1572412381.1070659161,"rapl_power_draw_absolute":71.84090525,"rapl_estimated_attributable_power_draw":19.5933885476,"cpu_time_seconds":{"27568":{"user":1.43,"system":2.84,"children_user":0.2,"children_system":2.52},"27513":{"user":70.75,"system":18.64,"children_user":0.15,"children_system":0.25}},"average_relative_cpu_utilization":0.2710936416,"absolute_cpu_utilization":0.9936101696,"relative_mem_usage":0.288238214,"absolute_mem_usage":3609314304.0,"absolute_mem_percent_usage":0.0267160197,"mem_info_per_process":{"27568":{"rss":3268059136,"vms":12085178368,"shared":180297728,"text":2322432,"lib":0,"data":10357374976,"dirty":0,"uss":30318592,"pss":1645104128,"swap":0},"27513":{"rss":3653898240,"vms":12085178368,"shared":566304768,"text":2322432,"lib":0,"data":10357374976,"dirty":0,"uss":75042816,"pss":1858848768,"swap":0}},"nvidia_draw_absolute":183.69,"nvidia_estimated_attributable_power_draw":183.69,"average_gpu_estimated_utilization_absolute":0.99,"per_gpu_average_estimated_utilization_absolute":{"(0, 27513)":{"sm":99,"mem":61,"enc":0,"dec":0}},"average_gpu_estimated_utilization_relative":1.0,"per_gpu_performance_state":{"0":"P2"},"per_gpu_power_draw":{"0":183.69},"cpu_count_adjusted_average_load":[0.1446875,0.1625,0.16375],"realtime_carbon_intensity":335.5704697987,"disk_write_speed":15.7914571004,"process_ids":[27568,27513]}
{"timestamp":1572412389.4401369095,"rapl_power_draw_absolute":73.316044017,"rapl_estimated_attributable_power_draw":17.8211273602,"cpu_time_seconds":{"27568":{"user":1.58,"system":3.14,"children_user":0.2,"children_system":2.8},"27513":{"user":77.3,"system":20.43,"children_user":0.15,"children_system":0.25}},"average_relative_cpu_utilization":0.2395022548,"absolute_cpu_utilization":0.9986131248,"relative_mem_usage":0.2763949517,"absolute_mem_usage":3586023424.0,"absolute_mem_percent_usage":0.0265436215,"mem_info_per_process":{"27568":{"rss":3268059136,"vms":12085178368,"shared":180297728,"text":2322432,"lib":0,"data":10357374976,"dirty":0,"uss":30306304,"pss":1644370944,"swap":0},"27513":{"rss":3653898240,"vms":12085178368,"shared":566304768,"text":2322432,"lib":0,"data":10357374976,"dirty":0,"uss":70406144,"pss":1840940032,"swap":0}},"nvidia_draw_absolute":184.86,"nvidia_estimated_attributable_power_draw":184.86,"average_gpu_estimated_utilization_absolute":0.985,"per_gpu_average_estimated_utilization_absolute":{"(0, 27513)":{"sm":98.5,"mem":61.0,"enc":0.0,"dec":0.0}},"average_gpu_estimated_utilization_relative":1.0,"per_gpu_performance_state":{"0":"P2"},"per_gpu_power_draw":{"0":184.86},"cpu_count_adjusted_average_load":[0.143125,0.161875,0.1634375],"realtime_carbon_intensity":335.5704697987,"disk_write_speed":15.159685172,"process_ids":[27568,27513]}
{"timestamp":1572412397.7337520123,"rapl_power_draw_absolute":76.9643929148,"rapl_estimated_attributable_power_draw":17.6372560365,"cpu_time_seconds":{"27568":{"user":1.71,"system":3.44,"children_user":0.22,"children_system":3.09},"27513":{"user":84.25,"system":21.76,"children_user":0.15,"children_system":0.25}},"average_relative_cpu_utilization":0.2298686458,"absolute_cpu_utilization":0.9985529553,"relative_mem_usage":0.2225348482,"absolute_mem_usage":3512609792.0,"absolute_mem_percent_usage":0.0260002163,"mem_info_per_process":{"27568":{"rss":3268059136,"vms":12085178368,"shared":180297728,"text":2322432,"lib":0,"data":10357374976,"dirty":0,"uss":30314496,"pss":1644371968,"swap":0},"27513":{"rss":3653898240,"vms":12085178368,"shared":566304768,"text":2322432,"lib":0,"data":10357374976,"dirty":0,"uss":47484928,"pss":1790438400,"swap":0}},"nvidia_draw_absolute":181.12,"nvidia_estimated_attributable_power_draw":181.12,"average_gpu_estimated_utilization_absolute":0.99,"per_gpu_average_estimated_utilization_absolute":{"(0, 27513)":{"sm":99.0,"mem":61.5,"enc":0.0,"dec":0.0}},"average_gpu_estimated_utilization_relative":1.0,"per_gpu_performance_state":{"0":"P2"},"per_gpu_power_draw":{"0":181.12},"cpu_count_adjusted_average_load":[0.1403125,0.160625,0.163125],"realtime_carbon_intensity":335.5704697987,"disk_write_speed":23.9371765995,"process_ids":[27568,27513]}
{"timestamp":1572412405.9873020649,"rapl_power_draw_absolute":76.6484697553,"rapl_estimated_attributable_power_draw":17.229939034,"cpu_time_seconds":{"27568":{"user":1.88,"system":3.74,"children_user":0.22,"children_system":3.38},"27513":{"user":91.23,"system":23.04,"children_user":0.15,"children_system":0.25}},"average_relative_cpu_utilization":0.225066935,"absolute_cpu_utilization":1.0036056752,"relative_mem_usage":0.2220074876,"absolute_mem_usage":3511764992.0,"absolute_mem_percent_usage":0.0259939631,"mem_info_per_process":{"27568":{"rss":3268059136,"vms":12085178368,"shared":180297728,"text":2322432,"lib":0,"data":10357374976,"dirty":0,"uss":30318592,"pss":1644046336,"swap":0},"27513":{"rss":3653898240,"vms":12085178368,"shared":566304768,"text":2322432,"lib":0,"data":10357374976,"dirty":0,"uss":47464448,"pss":1789935616,"swap":0}},"nvidia_draw_absolute":184.9,"nvidia_estimated_attributable_power_draw":184.9,"average_gpu_estimated_utilization_absolute":0.985,"per_gpu_average_estimated_utilization_absolute":{"(0, 27513)":{"sm":98.5,"mem":61.0,"enc":0.0,"dec":0.0}},"average_gpu_estimated_utilization_relative":1.0,"per_gpu_performance_state":{"0":"P2"},"per_gpu_power_draw":{"0":184.9},"cpu_count_adjusted_average_load":[0.135625,0.1590625,0.1625],"realtime_carbon_intensity":335.5704697987,"disk_write_speed":19.8221710557,"process_ids":[27568,27513]}
{"timestamp":1572412414.3143761158,"rapl_power_draw_absolute":78.2109906874,"rapl_estimated_attributable_power_draw":17.4480679463,"cpu_time_seconds":{"27568":{"user":2.02,"system":4.09,"children_user":0.24,"children_system":3.66},"27513":{"user":98.34,"system":24.25,"children_user":0.15,"children_system":0.25}},"average_relative_cpu_utilization":0.2231966463,"absolute_cpu_utilization":0.9985872842,"relative_mem_usage":0.2219839318,"absolute_mem_usage":3511085056.0,"absolute_mem_percent_usage":0.0259889302,"mem_info_per_process":{"27568":{"rss":3268059136,"vms":12085178368,"shared":180297728,"text":2322432,"lib":0,"data":10357374976,"dirty":0,"uss":30056448,"pss":1643642880,"swap":0},"27513":{"rss":3653898240,"vms":12085178368,"shared":566304768,"text":2322432,"lib":0,"data":10357374976,"dirty":0,"uss":47472640,"pss":1789913088,"swap":0}},"nvidia_draw_absolute":171.8,"nvidia_estimated_attributable_power_draw":171.8,"average_gpu_estimated_utilization_absolute":0.99,"per_gpu_average_estimated_utilization_absolute":{"(0, 27513)":{"sm":99.0,"mem":61.5,"enc":0.0,"dec":0.0}},"average_gpu_estimated_utilization_relative":1.0,"per_gpu_performance_state":{"0":"P2"},"per_gpu_power_draw":{"0":171.8},"cpu_count_adjusted_average_load":[0.1421875,0.16,0.1628125],"realtime_carbon_intensity":335.5704697987,"disk_write_speed":7.0783489775,"process_ids":[27568,27513]}
{"timestamp":1572412422.6148519516,"rapl_power_draw_absolute":77.9413305712,"rapl_estimated_attributable_power_draw":17.8623635205,"cpu_time_seconds":{"27568":{"user":2.11,"system":4.38,"children_user":0.26,"children_system":3.92},"27513":{"user":105.16,"system":25.73,"children_user":0.15,"children_system":0.25}},"average_relative_cpu_utilization":0.2298750348,"absolute_cpu_utilization":0.9986343786,"relative_mem_usage":0.2219150574,"absolute_mem_usage":3511016448.0,"absolute_mem_percent_usage":0.0259884224,"mem_info_per_process":{"27568":{"rss":3268059136,"vms":12085178368,"shared":180297728,"text":2322432,"lib":0,"data":10357374976,"dirty":0,"uss":30064640,"pss":1643553792,"swap":0},"27513":{"rss":3653898240,"vms":12085178368,"shared":566304768,"text":2322432,"lib":0,"data":10357374976,"dirty":0,"uss":47480832,"pss":1789917184,"swap":0}},"nvidia_draw_absolute":174.09,"nvidia_estimated_attributable_power_draw":174.09,"average_gpu_estimated_utilization_absolute":0.99,"per_gpu_average_estimated_utilization_absolute":{"(0, 27513)":{"sm":99.0,"mem":61.5,"enc":0.0,"dec":0.0}},"average_gpu_estimated_utilization_relative":1.0,"per_gpu_performance_state":{"0":"P2"},"per_gpu_power_draw":{"0":174.09},"cpu_count_adjusted_average_load":[0.1421875,0.159375,0.1625],"realtime_carbon_intensity":335.5704697987,"disk_write_speed":23.4166037034,"process_ids":[27568,27513]}
{"timestamp":1572412430.8719470501,"rapl_power_draw_absolute":76.6657572603,"rapl_estimated_attributable_power_draw":17.4833728321,"cpu_time_seconds":{"27568":{"user":2.25,"system":4.7,"children_user":0.28,"children_system":4.22},"27513":{"user":112.04,"system":27.12,"children_user":0.15,"children_system":0.25}},"average_relative_cpu_utilization":0.2286578302,"absolute_cpu_utilization":1.0036317136,"relative_mem_usage":0.2218253519,"absolute_mem_usage":3511056384.0,"absolute_mem_percent_usage":0.025988718,"mem_info_per_process":{"27568":{"rss":3268059136,"vms":12085178368,"shared":180297728,"text":2322432,"lib":0,"data":10357374976,"dirty":0,"uss":30081024,"pss":1643655168,"swap":0},"27513":{"rss":3653898240,"vms":12085178368,"shared":566304768,"text":2322432,"lib":0,"data":10357374976,"dirty":0,"uss":47497216,"pss":1789822976,"swap":0}},"nvidia_draw_absolute":174.05,"nvidia_estimated_attributable_power_draw":174.05,"average_gpu_estimated_utilization_absolute":0.98,"per_gpu_average_estimated_utilization_absolute":{"(0, 27513)":{"sm":98.0,"mem":61.5,"enc":0.0,"dec":0.0}},"average_gpu_estimated_utilization_relative":1.0,"per_gpu_performance_state":{"0":"P2"},"per_gpu_power_draw":{"0":174.05},"cpu_count_adjusted_average_load":[0.144375,0.159375,0.1621875],"realtime_carbon_intensity":335.5704697987,"disk_write_speed":21.1276049835,"process_ids":[27568,27513]}
{"timestamp":1572412439.1452291012,"rapl_power_draw_absolute":78.2577021618,"rapl_estimated_attributable_power_draw":17.8911057303,"cpu_time_seconds":{"27568":{"user":2.4,"system":5.02,"children_user":0.3,"children_system":4.48},"27513":{"user":119.06,"system":28.37,"children_user":0.15,"children_system":0.25}},"average_relative_cpu_utilization":0.2292584483,"absolute_cpu_utilization":0.9936455945,"relative_mem_usage":0.2219114147,"absolute_mem_usage":3511158784.0,"absolute_mem_percent_usage":0.025989476,"mem_info_per_process":{"27568":{"rss":3268059136,"vms":12085178368,"shared":180297728,"text":2322432,"lib":0,"data":10357374976,"dirty":0,"uss":30081024,"pss":1643655168,"swap":0},"27513":{"rss":3653898240,"vms":12085178368,"shared":566304768,"text":2322432,"lib":0,"data":10357374976,"dirty":0,"uss":47497216,"pss":1789925376,"swap":0}},"nvidia_draw_absolute":173.48,"nvidia_estimated_attributable_power_draw":173.48,"average_gpu_estimated_utilization_absolute":0.985,"per_gpu_average_estimated_utilization_absolute":{"(0, 27513)":{"sm":98.5,"mem":61.0,"enc":0.0,"dec":0.0}},"average_gpu_estimated_utilization_relative":1.0,"per_gpu_performance_state":{"0":"P2"},"per_gpu_power_draw":{"0":173.48},"cpu_count_adjusted_average_load":[0.1478125,0.1596875,0.1625],"realtime_carbon_intensity":335.5704697987,"disk_write_speed":15.4543399543,"process_ids":[27568,27513]}
{"timestamp":1572412447.4702661037,"rapl_power_draw_absolute":77.9259655502,"rapl_estimated_attributable_power_draw":17.7536547443,"cpu_time_seconds":{"27568":{"user":2.54,"system":5.35,"children_user":0.3,"children_system":4.78},"27513":{"user":126.03,"system":29.74,"children_user":0.15,"children_system":0.25}},"average_relative_cpu_utilization":0.2283917651,"absolute_cpu_utilization":1.0035666314,"relative_mem_usage":0.221927733,"absolute_mem_usage":3511183360.0,"absolute_mem_percent_usage":0.0259896579,"mem_info_per_process":{"27568":{"rss":3268059136,"vms":12085178368,"shared":180297728,"text":2322432,"lib":0,"data":10357374976,"dirty":0,"uss":30089216,"pss":1643659264,"swap":0},"27513":{"rss":3653898240,"vms":12085178368,"shared":566304768,"text":2322432,"lib":0,"data":10357374976,"dirty":0,"uss":47505408,"pss":1789929472,"swap":0}},"nvidia_draw_absolute":172.65,"nvidia_estimated_attributable_power_draw":172.65,"average_gpu_estimated_utilization_absolute":0.99,"per_gpu_average_estimated_utilization_absolute":{"(0, 27513)":{"sm":99.0,"mem":61.5,"enc":0.0,"dec":0.0}},"average_gpu_estimated_utilization_relative":1.0,"per_gpu_performance_state":{"0":"P2"},"per_gpu_power_draw":{"0":172.65},"cpu_count_adjusted_average_load":[0.1490625,0.1596875,0.1625],"realtime_carbon_intensity":335.5704697987,"disk_write_speed":15.1722361691,"process_ids":[27568,27513]}
{"timestamp":1572412455.8393819332,"rapl_power_draw_absolute":78.3535756366,"rapl_estimated_attributable_power_draw":18.0143871106,"cpu_time_seconds":{"27568":{"user":2.67,"system":5.69,"children_user":0.31,"children_system":5.07},"27513":{"user":133.16,"system":30.98,"children_user":0.15,"children_system":0.25}},"average_relative_cpu_utilization":0.2306653012,"absolute_cpu_utilization":0.998600026,"relative_mem_usage":0.2219764378,"absolute_mem_usage":3511195648.0,"absolute_mem_percent_usage":0.0259897488,"mem_info_per_process":{"27568":{"rss":3268059136,"vms":12085178368,"shared":180297728,"text":2322432,"lib":0,"data":10357374976,"dirty":0,"uss":30093312,"pss":1643661312,"swap":0},"27513":{"rss":3653898240,"vms":12085178368,"shared":566304768,"text":2322432,"lib":0,"data":10357374976,"dirty":0,"uss":47509504,"pss":1789931520,"swap":0}},"nvidia_draw_absolute":172.93,"nvidia_estimated_attributable_power_draw":172.93,"average_gpu_estimated_utilization_absolute":0.985,"per_gpu_average_estimated_utilization_absolute":{"(0, 27513)":{"sm":98.5,"mem":62.0,"enc":0.0,"dec":0.0}},"average_gpu_estimated_utilization_relative":1.0,"per_gpu_performance_state":{"0":"P2"},"per_gpu_power_draw":{"0":172.93},"cpu_count_adjusted_average_load":[0.1503125,0.159375,0.1621875],"realtime_carbon_intensity":335.5704697987,"disk_write_speed":18.6730454937,"process_ids":[27568,27513]}
{"timestamp":1572412464.1671900749,"rapl_power_draw_absolute":71.9244724996,"rapl_estimated_attributable_power_draw":21.2060495017,"cpu_time_seconds":{"27568":{"user":2.77,"system":6.03,"children_user":0.32,"children_system":5.33},"27513":{"user":139.9,"system":32.57,"children_user":0.15,"children_system":0.25}},"average_relative_cpu_utilization":0.2955710673,"absolute_cpu_utilization":1.0035696647,"relative_mem_usage":0.2878917054,"absolute_mem_usage":3589946368.0,"absolute_mem_percent_usage":0.026572659,"mem_info_per_process":{"27568":{"rss":3268059136,"vms":12085178368,"shared":180297728,"text":2322432,"lib":0,"data":10357374976,"dirty":0,"uss":30146560,"pss":1645007872,"swap":0},"27513":{"rss":3653898240,"vms":12085178368,"shared":566304768,"text":2322432,"lib":0,"data":10357374976,"dirty":0,"uss":62296064,"pss":1852495872,"swap":0}},"nvidia_draw_absolute":173.86,"nvidia_estimated_attributable_power_draw":173.86,"average_gpu_estimated_utilization_absolute":0.99,"per_gpu_average_estimated_utilization_absolute":{"(0, 27513)":{"sm":99,"mem":61,"enc":0,"dec":0}},"average_gpu_estimated_utilization_relative":1.0,"per_gpu_performance_state":{"0":"P2"},"per_gpu_power_draw":{"0":173.86},"cpu_count_adjusted_average_load":[0.145625,0.1584375,0.161875],"realtime_carbon_intensity":335.5704697987,"disk_write_speed":31.226278724,"process_ids":[27568,27513]}
{"timestamp":1572412472.4291660786,"rapl_power_draw_absolute":72.4569746282,"rapl_estimated_attributable_power_draw":19.7637401353,"cpu_time_seconds":{"27568":{"user":2.9,"system":6.37,"children_user":0.33,"children_system":5.61},"27513":{"user":146.43,"system":34.3,"children_user":0.15,"children_system":0.25}},"average_relative_cpu_utilization":0.2713455833,"absolute_cpu_utilization":0.9985891992,"relative_mem_usage":0.2863685494,"absolute_mem_usage":3589895168.0,"absolute_mem_percent_usage":0.02657228,"mem_info_per_process":{"27568":{"rss":3268059136,"vms":12085178368,"shared":180297728,"text":2322432,"lib":0,"data":10357374976,"dirty":0,"uss":30150656,"pss":1645002752,"swap":0},"27513":{"rss":3653898240,"vms":12085178368,"shared":566304768,"text":2322432,"lib":0,"data":10357374976,"dirty":0,"uss":62287872,"pss":1852453888,"swap":0}},"nvidia_draw_absolute":174.34,"nvidia_estimated_attributable_power_draw":174.34,"average_gpu_estimated_utilization_absolute":0.99,"per_gpu_average_estimated_utilization_absolute":{"(0, 27513)":{"sm":99.0,"mem":61.5,"enc":0.0,"dec":0.0}},"average_gpu_estimated_utilization_relative":1.0,"per_gpu_performance_state":{"0":"P2"},"per_gpu_power_draw":{"0":174.34},"cpu_count_adjusted_average_load":[0.1496875,0.15875,0.161875],"realtime_carbon_intensity":335.5704697987,"disk_write_speed":16.237314469,"process_ids":[27568,27513]}
{"timestamp":1572412480.7258999348,"rapl_power_draw_absolute":79.5440737347,"rapl_estimated_attributable_power_draw":18.6580315943,"cpu_time_seconds":{"27568":{"user":3.0,"system":6.69,"children_user":0.34,"children_system":5.88},"27513":{"user":152.9,"system":36.14,"children_user":0.15,"children_system":0.25}},"average_relative_cpu_utilization":0.2342458131,"absolute_cpu_utilization":1.0035918453,"relative_mem_usage":0.2375421141,"absolute_mem_usage":3535082496.0,"absolute_mem_percent_usage":0.0261665585,"mem_info_per_process":{"27568":{"rss":3268059136,"vms":12085178368,"shared":180297728,"text":2322432,"lib":0,"data":10357374976,"dirty":0,"uss":30150656,"pss":1644312576,"swap":0},"27513":{"rss":3653898240,"vms":12085178368,"shared":566304768,"text":2322432,"lib":0,"data":10357374976,"dirty":0,"uss":54775808,"pss":1805843456,"swap":0}},"nvidia_draw_absolute":173.77,"nvidia_estimated_attributable_power_draw":173.77,"average_gpu_estimated_utilization_absolute":0.985,"per_gpu_average_estimated_utilization_absolute":{"(0, 27513)":{"sm":98.5,"mem":62.0,"enc":0.0,"dec":0.0}},"average_gpu_estimated_utilization_relative":1.0,"per_gpu_performance_state":{"0":"P2"},"per_gpu_power_draw":{"0":173.77},"cpu_count_adjusted_average_load":[0.148125,0.158125,0.161875],"realtime_carbon_intensity":335.5704697987,"disk_write_speed":14.2426871021,"process_ids":[27568,27513]}
{"timestamp":1572412489.0596249104,"rapl_power_draw_absolute":79.2670195223,"rapl_estimated_attributable_power_draw":17.754454905,"cpu_time_seconds":{"27568":{"user":3.1,"system":7.02,"children_user":0.36,"children_system":6.16},"27513":{"user":159.52,"system":37.85,"children_user":0.15,"children_system":0.25}},"average_relative_cpu_utilization":0.224198918,"absolute_cpu_utilization":0.9991113011,"relative_mem_usage":0.221735492,"absolute_mem_usage":3519081472.0,"absolute_mem_percent_usage":0.0260481194,"mem_info_per_process":{"27568":{"rss":3268059136,"vms":12085178368,"shared":180297728,"text":2322432,"lib":0,"data":10357374976,"dirty":0,"uss":30154752,"pss":1644012544,"swap":0},"27513":{"rss":3653898240,"vms":12085178368,"shared":566304768,"text":2322432,"lib":0,"data":10357374976,"dirty":0,"uss":52690944,"pss":1792223232,"swap":0}},"nvidia_draw_absolute":173.68,"nvidia_estimated_attributable_power_draw":173.68,"average_gpu_estimated_utilization_absolute":0.985,"per_gpu_average_estimated_utilization_absolute":{"(0, 27513)":{"sm":98.5,"mem":61.0,"enc":0.0,"dec":0.0}},"average_gpu_estimated_utilization_relative":1.0,"per_gpu_performance_state":{"0":"P2"},"per_gpu_power_draw":{"0":173.68},"cpu_count_adjusted_average_load":[0.14625,0.1575,0.1615625],"realtime_carbon_intensity":335.5704697987,"disk_write_speed":21.7884687312,"process_ids":[27568,27513]}
{"timestamp":1572412497.3364648819,"rapl_power_draw_absolute":79.5048357693,"rapl_estimated_attributable_power_draw":18.1040581528,"cpu_time_seconds":{"27568":{"user":3.22,"system":7.32,"children_user":0.38,"children_system":6.45},"27513":{"user":166.07,"system":39.58,"children_user":0.15,"children_system":0.25}},"average_relative_cpu_utilization":0.2282986285,"absolute_cpu_utilization":0.9986072051,"relative_mem_usage":0.2215119915,"absolute_mem_usage":3518528512.0,"absolute_mem_percent_usage":0.0260440265,"mem_info_per_process":{"27568":{"rss":3268059136,"vms":12085178368,"shared":180297728,"text":2322432,"lib":0,"data":10357374976,"dirty":0,"uss":30130176,"pss":1643712512,"swap":0},"27513":{"rss":3653898240,"vms":12085178368,"shared":566304768,"text":2322432,"lib":0,"data":10357374976,"dirty":0,"uss":52695040,"pss":1791990784,"swap":0}},"nvidia_draw_absolute":172.81,"nvidia_estimated_attributable_power_draw":172.81,"average_gpu_estimated_utilization_absolute":0.99,"per_gpu_average_estimated_utilization_absolute":{"(0, 27513)":{"sm":99.0,"mem":61.5,"enc":0.0,"dec":0.0}},"average_gpu_estimated_utilization_relative":1.0,"per_gpu_performance_state":{"0":"P2"},"per_gpu_power_draw":{"0":172.81},"cpu_count_adjusted_average_load":[0.150625,0.158125,0.1615625],"realtime_carbon_intensity":335.5704697987,"disk_write_speed":17.8924483282,"process_ids":[27568,27513]}
{"timestamp":1572412505.5955710411,"rapl_power_draw_absolute":79.2246206526,"rapl_estimated_attributable_power_draw":18.0020359595,"cpu_time_seconds":{"27568":{"user":3.31,"system":7.64,"children_user":0.41,"children_system":6.73},"27513":{"user":172.59,"system":41.32,"children_user":0.15,"children_system":0.25}},"average_relative_cpu_utilization":0.227781994,"absolute_cpu_utilization":0.9985998031,"relative_mem_usage":0.2214056034,"absolute_mem_usage":3518612480.0,"absolute_mem_percent_usage":0.026044648,"mem_info_per_process":{"27568":{"rss":3268059136,"vms":12085178368,"shared":180297728,"text":2322432,"lib":0,"data":10357374976,"dirty":0,"uss":30138368,"pss":1643713536,"swap":0},"27513":{"rss":3653898240,"vms":12085178368,"shared":566304768,"text":2322432,"lib":0,"data":10357374976,"dirty":0,"uss":52690944,"pss":1792069632,"swap":0}},"nvidia_draw_absolute":174.21,"nvidia_estimated_attributable_power_draw":174.21,"average_gpu_estimated_utilization_absolute":0.99,"per_gpu_average_estimated_utilization_absolute":{"(0, 27513)":{"sm":99,"mem":61,"enc":0,"dec":0}},"average_gpu_estimated_utilization_relative":1.0,"per_gpu_performance_state":{"0":"P2"},"per_gpu_power_draw":{"0":174.21},"cpu_count_adjusted_average_load":[0.15125,0.158125,0.1615625],"realtime_carbon_intensity":335.5704697987,"disk_write_speed":14.7857981668,"process_ids":[27568,27513]}
{"timestamp":1572412514.004087925,"rapl_power_draw_absolute":79.3792859497,"rapl_estimated_attributable_power_draw":18.2279277755,"cpu_time_seconds":{"27568":{"user":3.45,"system":7.94,"children_user":0.42,"children_system":7.0},"27513":{"user":179.36,"system":42.96,"children_user":0.15,"children_system":0.25}},"average_relative_cpu_utilization":0.2304007251,"absolute_cpu_utilization":0.9986181976,"relative_mem_usage":0.2214386799,"absolute_mem_usage":3518624768.0,"absolute_mem_percent_usage":0.0260447389,"mem_info_per_process":{"27568":{"rss":3268059136,"vms":12085178368,"shared":180297728,"text":2322432,"lib":0,"data":10357374976,"dirty":0,"uss":30142464,"pss":1643715584,"swap":0},"27513":{"rss":3653898240,"vms":12085178368,"shared":566304768,"text":2322432,"lib":0,"data":10357374976,"dirty":0,"uss":52695040,"pss":1792071680,"swap":0}},"nvidia_draw_absolute":174.31,"nvidia_estimated_attributable_power_draw":174.31,"average_gpu_estimated_utilization_absolute":0.9866666667,"per_gpu_average_estimated_utilization_absolute":{"(0, 27513)":{"sm":98.6666666667,"mem":61.6666666667,"enc":0.0,"dec":0.0}},"average_gpu_estimated_utilization_relative":1.0,"per_gpu_performance_state":{"0":"P2"},"per_gpu_power_draw":{"0":174.31},"cpu_count_adjusted_average_load":[0.1540625,0.1584375,0.161875],"realtime_carbon_intensity":335.5704697987,"disk_write_speed":16.0563705943,"process_ids":[27568,27513]}
