{"timestamp":1572415950.6348440647,"rapl_power_draw_absolute":77.3667829889,"rapl_estimated_attributable_power_draw":17.9416973408,"cpu_time_seconds":{"10637":{"user":0.01,"system":0.04,"children_user":0.0,"children_system":0.05},"10575":{"user":10.68,"system":2.54,"children_user":1.09,"children_system":0.34}},"average_relative_cpu_utilization":0.231827423,"absolute_cpu_utilization":1.0036360671,"relative_mem_usage":0.2326750405,"absolute_mem_usage":3748923392.0,"absolute_mem_percent_usage":0.0277494014,"mem_info_per_process":{"10637":{"rss":3264970752,"vms":11436826624,"shared":173924352,"text":2322432,"lib":0,"data":9682432000,"dirty":0,"uss":99397632,"pss":1678674944,"swap":0},"10575":{"rss":3663671296,"vms":11436826624,"shared":572780544,"text":2322432,"lib":0,"data":9682432000,"dirty":0,"uss":134291456,"pss":1836559360,"swap":0}},"nvidia_draw_absolute":46.48,"nvidia_estimated_attributable_power_draw":46.48,"average_gpu_estimated_utilization_absolute":0.215,"per_gpu_average_estimated_utilization_absolute":{"(0, 10575)":{"sm":21.5,"mem":1.0,"enc":0.0,"dec":0.0}},"average_gpu_estimated_utilization_relative":1.0,"per_gpu_performance_state":{"0":"P2"},"per_gpu_power_draw":{"0":46.48},"cpu_count_adjusted_average_load":[0.1334375,0.144375,0.150625],"realtime_carbon_intensity":339.3663136256,"disk_write_speed":29.5829626523,"process_ids":[10637,10575]}
{"timestamp":1572415958.9655900002,"rapl_power_draw_absolute":78.0308405628,"rapl_estimated_attributable_power_draw":18.2806787239,"cpu_time_seconds":{"10637":{"user":0.2,"system":0.38,"children_user":0.01,"children_system":0.34},"10575":{"user":19.01,"system":2.54,"children_user":1.09,"children_system":0.34}},"average_relative_cpu_utilization":0.2342507077,"absolute_cpu_utilization":1.0035868119,"relative_mem_usage":0.2345250045,"absolute_mem_usage":3781004288.0,"absolute_mem_percent_usage":0.0279868631,"mem_info_per_process":{"10637":{"rss":3271569408,"vms":11436826624,"shared":180510720,"text":2322432,"lib":0,"data":9682432000,"dirty":0,"uss":110030848,"pss":1685327872,"swap":0},"10575":{"rss":3663671296,"vms":11436826624,"shared":572780544,"text":2322432,"lib":0,"data":9682432000,"dirty":0,"uss":144277504,"pss":1841368064,"swap":0}},"nvidia_draw_absolute":47.14,"nvidia_estimated_attributable_power_draw":47.14,"average_gpu_estimated_utilization_absolute":0.2166666667,"per_gpu_average_estimated_utilization_absolute":{"(0, 10575)":{"sm":21.6666666667,"mem":1.3333333333,"enc":0.0,"dec":0.0}},"average_gpu_estimated_utilization_relative":1.0,"per_gpu_performance_state":{"0":"P2"},"per_gpu_power_draw":{"0":47.14},"cpu_count_adjusted_average_load":[0.1321875,0.14375,0.1503125],"realtime_carbon_intensity":339.3663136256,"disk_write_speed":24.6739841872,"process_ids":[10637,10575]}
{"timestamp":1572415967.265969038,"rapl_power_draw_absolute":77.8558350623,"rapl_estimated_attributable_power_draw":17.9668651741,"cpu_time_seconds":{"10637":{"user":0.39,"system":0.69,"children_user":0.01,"children_system":0.65},"10575":{"user":27.29,"system":2.56,"children_user":1.09,"children_system":0.34}},"average_relative_cpu_utilization":0.230399008,"absolute_cpu_utilization":0.9985887255,"relative_mem_usage":0.234601247,"absolute_mem_usage":3782769664.0,"absolute_mem_percent_usage":0.0279999303,"mem_info_per_process":{"10637":{"rss":3271573504,"vms":11436826624,"shared":180510720,"text":2322432,"lib":0,"data":9682432000,"dirty":0,"uss":111034368,"pss":1685831680,"swap":0},"10575":{"rss":3663671296,"vms":11436826624,"shared":572780544,"text":2322432,"lib":0,"data":9682432000,"dirty":0,"uss":144449536,"pss":1841454080,"swap":0}},"nvidia_draw_absolute":46.87,"nvidia_estimated_attributable_power_draw":46.87,"average_gpu_estimated_utilization_absolute":0.2166666667,"per_gpu_average_estimated_utilization_absolute":{"(0, 10575)":{"sm":21.6666666667,"mem":1.3333333333,"enc":0.0,"dec":0.0}},"average_gpu_estimated_utilization_relative":1.0,"per_gpu_performance_state":{"0":"P2"},"per_gpu_power_draw":{"0":46.87},"cpu_count_adjusted_average_load":[0.1315625,0.1434375,0.1503125],"realtime_carbon_intensity":339.3663136256,"disk_write_speed":35.2186625044,"process_ids":[10637,10575]}
{"timestamp":1572415975.5654881001,"rapl_power_draw_absolute":77.7671790679,"rapl_estimated_attributable_power_draw":17.83402978,"cpu_time_seconds":{"10637":{"user":0.55,"system":1.06,"children_user":0.02,"children_system":0.95},"10575":{"user":35.58,"system":2.57,"children_user":1.09,"children_system":0.34}},"average_relative_cpu_utilization":0.2288121246,"absolute_cpu_utilization":0.9985684878,"relative_mem_usage":0.2345880646,"absolute_mem_usage":3782781952.0,"absolute_mem_percent_usage":0.0280000213,"mem_info_per_process":{"10637":{"rss":3271573504,"vms":11436826624,"shared":180510720,"text":2322432,"lib":0,"data":9682432000,"dirty":0,"uss":111038464,"pss":1685833728,"swap":0},"10575":{"rss":3663671296,"vms":11436826624,"shared":572780544,"text":2322432,"lib":0,"data":9682432000,"dirty":0,"uss":144453632,"pss":1841456128,"swap":0}},"nvidia_draw_absolute":46.86,"nvidia_estimated_attributable_power_draw":46.86,"average_gpu_estimated_utilization_absolute":0.21,"per_gpu_average_estimated_utilization_absolute":{"(0, 10575)":{"sm":21.0,"mem":1.5,"enc":0.0,"dec":0.0}},"average_gpu_estimated_utilization_relative":1.0,"per_gpu_performance_state":{"0":"P2"},"per_gpu_power_draw":{"0":46.86},"cpu_count_adjusted_average_load":[0.130625,0.1428125,0.15],"realtime_carbon_intensity":339.3663136256,"disk_write_speed":35.4512803271,"process_ids":[10637,10575]}
{"timestamp":1572415983.8631770611,"rapl_power_draw_absolute":78.3187203662,"rapl_estimated_attributable_power_draw":17.968188952,"cpu_time_seconds":{"10637":{"user":0.71,"system":1.45,"children_user":0.03,"children_system":1.24},"10575":{"user":43.88,"system":2.58,"children_user":1.09,"children_system":0.34}},"average_relative_cpu_utilization":0.228913334,"absolute_cpu_utilization":1.0035776969,"relative_mem_usage":0.2346071306,"absolute_mem_usage":3782843392.0,"absolute_mem_percent_usage":0.0280004761,"mem_info_per_process":{"10637":{"rss":3271573504,"vms":11436826624,"shared":180510720,"text":2322432,"lib":0,"data":9682432000,"dirty":0,"uss":111058944,"pss":1685843968,"swap":0},"10575":{"rss":3663671296,"vms":11436826624,"shared":572780544,"text":2322432,"lib":0,"data":9682432000,"dirty":0,"uss":144474112,"pss":1841466368,"swap":0}},"nvidia_draw_absolute":47.36,"nvidia_estimated_attributable_power_draw":47.36,"average_gpu_estimated_utilization_absolute":0.2166666667,"per_gpu_average_estimated_utilization_absolute":{"(0, 10575)":{"sm":21.6666666667,"mem":1.3333333333,"enc":0.0,"dec":0.0}},"average_gpu_estimated_utilization_relative":1.0,"per_gpu_performance_state":{"0":"P2"},"per_gpu_power_draw":{"0":47.36},"cpu_count_adjusted_average_load":[0.131875,0.1425,0.1496875],"realtime_carbon_intensity":339.3663136256,"disk_write_speed":31.1065488019,"process_ids":[10637,10575]}
{"timestamp":1572415992.1989099979,"rapl_power_draw_absolute":78.2864562455,"rapl_estimated_attributable_power_draw":17.812937342,"cpu_time_seconds":{"10637":{"user":0.88,"system":1.84,"children_user":0.04,"children_system":1.56},"10575":{"user":52.2,"system":2.6,"children_user":1.09,"children_system":0.34}},"average_relative_cpu_utilization":0.2268441242,"absolute_cpu_utilization":1.0035843964,"relative_mem_usage":0.234628694,"absolute_mem_usage":3782855680.0,"absolute_mem_percent_usage":0.028000567,"mem_info_per_process":{"10637":{"rss":3271573504,"vms":11436826624,"shared":180510720,"text":2322432,"lib":0,"data":9682432000,"dirty":0,"uss":111063040,"pss":1685846016,"swap":0},"10575":{"rss":3663671296,"vms":11436826624,"shared":572780544,"text":2322432,"lib":0,"data":9682432000,"dirty":0,"uss":144478208,"pss":1841468416,"swap":0}},"nvidia_draw_absolute":46.87,"nvidia_estimated_attributable_power_draw":46.87,"average_gpu_estimated_utilization_absolute":0.215,"per_gpu_average_estimated_utilization_absolute":{"(0, 10575)":{"sm":21.5,"mem":1.0,"enc":0.0,"dec":0.0}},"average_gpu_estimated_utilization_relative":1.0,"per_gpu_performance_state":{"0":"P2"},"per_gpu_power_draw":{"0":46.87},"cpu_count_adjusted_average_load":[0.1340625,0.1428125,0.1496875],"realtime_carbon_intensity":339.3663136256,"disk_write_speed":36.5003615832,"process_ids":[10637,10575]}
{"timestamp":1572416000.5390789509,"rapl_power_draw_absolute":77.9892645408,"rapl_estimated_attributable_power_draw":17.6304005259,"cpu_time_seconds":{"10637":{"user":1.09,"system":2.2,"children_user":0.06,"children_system":1.84},"10575":{"user":60.52,"system":2.62,"children_user":1.09,"children_system":0.34}},"average_relative_cpu_utilization":0.2252078648,"absolute_cpu_utilization":0.9985645968,"relative_mem_usage":0.2345967916,"absolute_mem_usage":3782866944.0,"absolute_mem_percent_usage":0.0280006504,"mem_info_per_process":{"10637":{"rss":3271573504,"vms":11436826624,"shared":180510720,"text":2322432,"lib":0,"data":9682432000,"dirty":0,"uss":111067136,"pss":1685847040,"swap":0},"10575":{"rss":3663671296,"vms":11436826624,"shared":572780544,"text":2322432,"lib":0,"data":9682432000,"dirty":0,"uss":144482304,"pss":1841470464,"swap":0}},"nvidia_draw_absolute":47.15,"nvidia_estimated_attributable_power_draw":47.15,"average_gpu_estimated_utilization_absolute":0.2166666667,"per_gpu_average_estimated_utilization_absolute":{"(0, 10575)":{"sm":21.6666666667,"mem":1.3333333333,"enc":0.0,"dec":0.0}},"average_gpu_estimated_utilization_relative":1.0,"per_gpu_performance_state":{"0":"P2"},"per_gpu_power_draw":{"0":47.15},"cpu_count_adjusted_average_load":[0.14,0.14375,0.15],"realtime_carbon_intensity":339.3663136256,"disk_write_speed":40.9681349487,"process_ids":[10637,10575]}
{"timestamp":1572416008.8139820099,"rapl_power_draw_absolute":78.1754747891,"rapl_estimated_attributable_power_draw":18.0402234024,"cpu_time_seconds":{"10637":{"user":1.28,"system":2.54,"children_user":0.09,"children_system":2.13},"10575":{"user":68.78,"system":2.64,"children_user":1.09,"children_system":0.34}},"average_relative_cpu_utilization":0.2303992026,"absolute_cpu_utilization":0.9985586924,"relative_mem_usage":0.234485098,"absolute_mem_usage":3782770688.0,"absolute_mem_percent_usage":0.0279999379,"mem_info_per_process":{"10637":{"rss":3271573504,"vms":11436826624,"shared":180510720,"text":2322432,"lib":0,"data":9682432000,"dirty":0,"uss":111071232,"pss":1685850112,"swap":0},"10575":{"rss":3663671296,"vms":11436826624,"shared":572780544,"text":2322432,"lib":0,"data":9682432000,"dirty":0,"uss":144486400,"pss":1841362944,"swap":0}},"nvidia_draw_absolute":47.26,"nvidia_estimated_attributable_power_draw":47.26,"average_gpu_estimated_utilization_absolute":0.215,"per_gpu_average_estimated_utilization_absolute":{"(0, 10575)":{"sm":21.5,"mem":1.0,"enc":0.0,"dec":0.0}},"average_gpu_estimated_utilization_relative":1.0,"per_gpu_performance_state":{"0":"P2"},"per_gpu_power_draw":{"0":47.26},"cpu_count_adjusted_average_load":[0.14,0.14375,0.15],"realtime_carbon_intensity":339.3663136256,"disk_write_speed":32.8511696201,"process_ids":[10637,10575]}
{"timestamp":1572416017.1113379002,"rapl_power_draw_absolute":78.1805539354,"rapl_estimated_attributable_power_draw":17.9178473489,"cpu_time_seconds":{"10637":{"user":1.45,"system":2.88,"children_user":0.1,"children_system":2.44},"10575":{"user":77.07,"system":2.65,"children_user":1.09,"children_system":0.34}},"average_relative_cpu_utilization":0.2286511859,"absolute_cpu_utilization":1.0035708892,"relative_mem_usage":0.2346140529,"absolute_mem_usage":3782892544.0,"absolute_mem_percent_usage":0.0280008399,"mem_info_per_process":{"10637":{"rss":3271573504,"vms":11436826624,"shared":180510720,"text":2322432,"lib":0,"data":9682432000,"dirty":0,"uss":111075328,"pss":1685852160,"swap":0},"10575":{"rss":3663671296,"vms":11436826624,"shared":572780544,"text":2322432,"lib":0,"data":9682432000,"dirty":0,"uss":144490496,"pss":1841474560,"swap":0}},"nvidia_draw_absolute":46.97,"nvidia_estimated_attributable_power_draw":46.97,"average_gpu_estimated_utilization_absolute":0.215,"per_gpu_average_estimated_utilization_absolute":{"(0, 10575)":{"sm":21.5,"mem":1.5,"enc":0.0,"dec":0.0}},"average_gpu_estimated_utilization_relative":1.0,"per_gpu_performance_state":{"0":"P2"},"per_gpu_power_draw":{"0":46.97},"cpu_count_adjusted_average_load":[0.14125,0.1440625,0.15],"realtime_carbon_intensity":339.3663136256,"disk_write_speed":21.6340226078,"process_ids":[10637,10575]}
{"timestamp":1572416025.3721730709,"rapl_power_draw_absolute":78.0376508254,"rapl_estimated_attributable_power_draw":17.8400196147,"cpu_time_seconds":{"10637":{"user":1.59,"system":3.23,"children_user":0.11,"children_system":2.73},"10575":{"user":85.31,"system":2.67,"children_user":1.09,"children_system":0.34}},"average_relative_cpu_utilization":0.2280345507,"absolute_cpu_utilization":0.9985896802,"relative_mem_usage":0.2345766773,"absolute_mem_usage":3782904832.0,"absolute_mem_percent_usage":0.0280009308,"mem_info_per_process":{"10637":{"rss":3271573504,"vms":11436826624,"shared":180510720,"text":2322432,"lib":0,"data":9682432000,"dirty":0,"uss":111079424,"pss":1685854208,"swap":0},"10575":{"rss":3663671296,"vms":11436826624,"shared":572780544,"text":2322432,"lib":0,"data":9682432000,"dirty":0,"uss":144494592,"pss":1841476608,"swap":0}},"nvidia_draw_absolute":47.22,"nvidia_estimated_attributable_power_draw":47.22,"average_gpu_estimated_utilization_absolute":0.2166666667,"per_gpu_average_estimated_utilization_absolute":{"(0, 10575)":{"sm":21.6666666667,"mem":1.3333333333,"enc":0.0,"dec":0.0}},"average_gpu_estimated_utilization_relative":1.0,"per_gpu_performance_state":{"0":"P2"},"per_gpu_power_draw":{"0":47.22},"cpu_count_adjusted_average_load":[0.13875,0.143125,0.1496875],"realtime_carbon_intensity":339.3663136256,"disk_write_speed":21.980494642,"process_ids":[10637,10575]}
{"timestamp":1572416033.6443600655,"rapl_power_draw_absolute":78.2197800116,"rapl_estimated_attributable_power_draw":17.8278735646,"cpu_time_seconds":{"10637":{"user":1.73,"system":3.58,"children_user":0.12,"children_system":3.03},"10575":{"user":93.58,"system":2.68,"children_user":1.09,"children_system":0.34}},"average_relative_cpu_utilization":0.2272555235,"absolute_cpu_utilization":0.9985565101,"relative_mem_usage":0.2345954427,"absolute_mem_usage":3782903808.0,"absolute_mem_percent_usage":0.0280009233,"mem_info_per_process":{"10637":{"rss":3271573504,"vms":11436826624,"shared":180510720,"text":2322432,"lib":0,"data":9682432000,"dirty":0,"uss":111079424,"pss":1685853184,"swap":0},"10575":{"rss":3663671296,"vms":11436826624,"shared":572780544,"text":2322432,"lib":0,"data":9682432000,"dirty":0,"uss":144494592,"pss":1841476608,"swap":0}},"nvidia_draw_absolute":47.36,"nvidia_estimated_attributable_power_draw":47.36,"average_gpu_estimated_utilization_absolute":0.2133333333,"per_gpu_average_estimated_utilization_absolute":{"(0, 10575)":{"sm":21.3333333333,"mem":1.3333333333,"enc":0.0,"dec":0.0}},"average_gpu_estimated_utilization_relative":1.0,"per_gpu_performance_state":{"0":"P2"},"per_gpu_power_draw":{"0":47.36},"cpu_count_adjusted_average_load":[0.14375,0.1440625,0.15],"realtime_carbon_intensity":339.3663136256,"disk_write_speed":31.7651638506,"process_ids":[10637,10575]}
{"timestamp":1572416041.9400749207,"rapl_power_draw_absolute":68.472221225,"rapl_estimated_attributable_power_draw":20.6409248913,"cpu_time_seconds":{"10637":{"user":1.92,"system":3.9,"children_user":0.12,"children_system":3.34},"10575":{"user":101.87,"system":2.69,"children_user":1.09,"children_system":0.34}},"average_relative_cpu_utilization":0.3013279778,"absolute_cpu_utilization":1.0035761438,"relative_mem_usage":0.3034928564,"absolute_mem_usage":3853878272.0,"absolute_mem_percent_usage":0.0285262738,"mem_info_per_process":{"10637":{"rss":3271573504,"vms":11436826624,"shared":180510720,"text":2322432,"lib":0,"data":9682432000,"dirty":0,"uss":111169536,"pss":1687133184,"swap":0},"10575":{"rss":3663671296,"vms":11436826624,"shared":572780544,"text":2322432,"lib":0,"data":9682432000,"dirty":0,"uss":152973312,"pss":1902602240,"swap":0}},"nvidia_draw_absolute":47.28,"nvidia_estimated_attributable_power_draw":47.28,"average_gpu_estimated_utilization_absolute":0.22,"per_gpu_average_estimated_utilization_absolute":{"(0, 10575)":{"sm":22,"mem":1,"enc":0,"dec":0}},"average_gpu_estimated_utilization_relative":1.0,"per_gpu_performance_state":{"0":"P2"},"per_gpu_power_draw":{"0":47.28},"cpu_count_adjusted_average_load":[0.1446875,0.144375,0.15],"realtime_carbon_intensity":339.3663136256,"disk_write_speed":31.731054547,"process_ids":[10637,10575]}
{"timestamp":1572416050.2566990852,"rapl_power_draw_absolute":71.8873253838,"rapl_estimated_attributable_power_draw":20.520157723,"cpu_time_seconds":{"10637":{"user":2.07,"system":4.26,"children_user":0.14,"children_system":3.65},"10575":{"user":110.16,"system":2.71,"children_user":1.09,"children_system":0.34}},"average_relative_cpu_utilization":0.2836747217,"absolute_cpu_utilization":0.998659226,"relative_mem_usage":0.3028370989,"absolute_mem_usage":3853761536.0,"absolute_mem_percent_usage":0.0285254097,"mem_info_per_process":{"10637":{"rss":3271573504,"vms":11436826624,"shared":180510720,"text":2322432,"lib":0,"data":9682432000,"dirty":0,"uss":111169536,"pss":1687130112,"swap":0},"10575":{"rss":3663671296,"vms":11436826624,"shared":572780544,"text":2322432,"lib":0,"data":9682432000,"dirty":0,"uss":152911872,"pss":1902550016,"swap":0}},"nvidia_draw_absolute":46.82,"nvidia_estimated_attributable_power_draw":46.82,"average_gpu_estimated_utilization_absolute":0.2133333333,"per_gpu_average_estimated_utilization_absolute":{"(0, 10575)":{"sm":21.3333333333,"mem":0.6666666667,"enc":0.0,"dec":0.0}},"average_gpu_estimated_utilization_relative":1.0,"per_gpu_performance_state":{"0":"P2"},"per_gpu_power_draw":{"0":46.82},"cpu_count_adjusted_average_load":[0.1440625,0.144375,0.15],"realtime_carbon_intensity":339.3663136256,"disk_write_speed":36.3098198811,"process_ids":[10637,10575]}
{"timestamp":1572416058.572468996,"rapl_power_draw_absolute":68.6728755214,"rapl_estimated_attributable_power_draw":18.5073224841,"cpu_time_seconds":{"10637":{"user":2.24,"system":4.62,"children_user":0.16,"children_system":3.95},"10575":{"user":118.47,"system":2.72,"children_user":1.09,"children_system":0.34}},"average_relative_cpu_utilization":0.2670022186,"absolute_cpu_utilization":0.9993751659,"relative_mem_usage":0.3008471718,"absolute_mem_usage":3835699200.0,"absolute_mem_percent_usage":0.0283917129,"mem_info_per_process":{"10637":{"rss":3271573504,"vms":11436826624,"shared":180510720,"text":2322432,"lib":0,"data":9682432000,"dirty":0,"uss":111177728,"pss":1686551552,"swap":0},"10575":{"rss":3663671296,"vms":11436826624,"shared":572780544,"text":2322432,"lib":0,"data":9682432000,"dirty":0,"uss":151199744,"pss":1886770176,"swap":0}},"nvidia_draw_absolute":47.86,"nvidia_estimated_attributable_power_draw":47.86,"average_gpu_estimated_utilization_absolute":0.2066666667,"per_gpu_average_estimated_utilization_absolute":{"(0, 10575)":{"sm":20.6666666667,"mem":1.3333333333,"enc":0.0,"dec":0.0}},"average_gpu_estimated_utilization_relative":1.0,"per_gpu_performance_state":{"0":"P2"},"per_gpu_power_draw":{"0":47.86},"cpu_count_adjusted_average_load":[0.1434375,0.1440625,0.15],"realtime_carbon_intensity":339.3663136256,"disk_write_speed":25.0278512318,"process_ids":[10637,10575]}
{"timestamp":1572416066.894701004,"rapl_power_draw_absolute":72.6884220372,"rapl_estimated_attributable_power_draw":17.8360550652,"cpu_time_seconds":{"10637":{"user":2.38,"system":5.01,"children_user":0.17,"children_system":4.25},"10575":{"user":126.77,"system":2.75,"children_user":1.09,"children_system":0.34}},"average_relative_cpu_utilization":0.2463070458,"absolute_cpu_utilization":1.0035602887,"relative_mem_usage":0.2361191978,"absolute_mem_usage":3777288192.0,"absolute_mem_percent_usage":0.0279593567,"mem_info_per_process":{"10637":{"rss":3271573504,"vms":11436826624,"shared":180510720,"text":2322432,"lib":0,"data":9682432000,"dirty":0,"uss":111181824,"pss":1686449152,"swap":0},"10575":{"rss":3663671296,"vms":11436826624,"shared":572780544,"text":2322432,"lib":0,"data":9682432000,"dirty":0,"uss":139038720,"pss":1840618496,"swap":0}},"nvidia_draw_absolute":46.97,"nvidia_estimated_attributable_power_draw":46.97,"average_gpu_estimated_utilization_absolute":0.21,"per_gpu_average_estimated_utilization_absolute":{"(0, 10575)":{"sm":21,"mem":1,"enc":0,"dec":0}},"average_gpu_estimated_utilization_relative":1.0,"per_gpu_performance_state":{"0":"P2"},"per_gpu_power_draw":{"0":46.97},"cpu_count_adjusted_average_load":[0.144375,0.144375,0.15],"realtime_carbon_intensity":339.3663136256,"disk_write_speed":23.4724071837,"process_ids":[10637,10575]}
{"timestamp":1572416075.2269370556,"rapl_power_draw_absolute":78.670652013,"rapl_estimated_attributable_power_draw":17.3750482254,"cpu_time_seconds":{"10637":{"user":2.52,"system":5.39,"children_user":0.18,"children_system":4.55},"10575":{"user":135.1,"system":2.75,"children_user":1.09,"children_system":0.34}},"average_relative_cpu_utilization":0.2195217854,"absolute_cpu_utilization":0.9986272345,"relative_mem_usage":0.2341283134,"absolute_mem_usage":3776020480.0,"absolute_mem_percent_usage":0.0279499731,"mem_info_per_process":{"10637":{"rss":3271573504,"vms":11436826624,"shared":180510720,"text":2322432,"lib":0,"data":9682432000,"dirty":0,"uss":111034368,"pss":1685827584,"swap":0},"10575":{"rss":3663671296,"vms":11436826624,"shared":572780544,"text":2322432,"lib":0,"data":9682432000,"dirty":0,"uss":139034624,"pss":1840123904,"swap":0}},"nvidia_draw_absolute":47.06,"nvidia_estimated_attributable_power_draw":47.06,"average_gpu_estimated_utilization_absolute":0.2066666667,"per_gpu_average_estimated_utilization_absolute":{"(0, 10575)":{"sm":20.6666666667,"mem":0.3333333333,"enc":0.0,"dec":0.0}},"average_gpu_estimated_utilization_relative":1.0,"per_gpu_performance_state":{"0":"P2"},"per_gpu_power_draw":{"0":47.06},"cpu_count_adjusted_average_load":[0.14375,0.144375,0.1496875],"realtime_carbon_intensity":339.3663136256,"disk_write_speed":19.6832604455,"process_ids":[10637,10575]}
{"timestamp":1572416083.6301839352,"rapl_power_draw_absolute":78.4756841482,"rapl_estimated_attributable_power_draw":17.6742596455,"cpu_time_seconds":{"10637":{"user":2.65,"system":5.74,"children_user":0.2,"children_system":4.84},"10575":{"user":143.5,"system":2.77,"children_user":1.09,"children_system":0.34}},"average_relative_cpu_utilization":0.2243164097,"absolute_cpu_utilization":1.0035667901,"relative_mem_usage":0.2340828074,"absolute_mem_usage":3776028672.0,"absolute_mem_percent_usage":0.0279500337,"mem_info_per_process":{"10637":{"rss":3271573504,"vms":11436826624,"shared":180510720,"text":2322432,"lib":0,"data":9682432000,"dirty":0,"uss":111038464,"pss":1685827584,"swap":0},"10575":{"rss":3663671296,"vms":11436826624,"shared":572780544,"text":2322432,"lib":0,"data":9682432000,"dirty":0,"uss":139038720,"pss":1840123904,"swap":0}},"nvidia_draw_absolute":46.71,"nvidia_estimated_attributable_power_draw":46.71,"average_gpu_estimated_utilization_absolute":0.21,"per_gpu_average_estimated_utilization_absolute":{"(0, 10575)":{"sm":21.0,"mem":0.5,"enc":0.0,"dec":0.0}},"average_gpu_estimated_utilization_relative":1.0,"per_gpu_performance_state":{"0":"P2"},"per_gpu_power_draw":{"0":46.71},"cpu_count_adjusted_average_load":[0.1409375,0.14375,0.1496875],"realtime_carbon_intensity":339.3663136256,"disk_write_speed":30.5900706168,"process_ids":[10637,10575]}
{"timestamp":1572416091.9624400139,"rapl_power_draw_absolute":78.5196349746,"rapl_estimated_attributable_power_draw":17.4999631004,"cpu_time_seconds":{"10637":{"user":2.83,"system":6.12,"children_user":0.21,"children_system":5.12},"10575":{"user":151.82,"system":2.78,"children_user":1.09,"children_system":0.34}},"average_relative_cpu_utilization":0.2217202606,"absolute_cpu_utilization":0.9986232891,"relative_mem_usage":0.2340759019,"absolute_mem_usage":3776040960.0,"absolute_mem_percent_usage":0.0279501247,"mem_info_per_process":{"10637":{"rss":3271573504,"vms":11436826624,"shared":180510720,"text":2322432,"lib":0,"data":9682432000,"dirty":0,"uss":111042560,"pss":1685829632,"swap":0},"10575":{"rss":3663671296,"vms":11436826624,"shared":572780544,"text":2322432,"lib":0,"data":9682432000,"dirty":0,"uss":139042816,"pss":1840125952,"swap":0}},"nvidia_draw_absolute":47.06,"nvidia_estimated_attributable_power_draw":47.06,"average_gpu_estimated_utilization_absolute":0.2066666667,"per_gpu_average_estimated_utilization_absolute":{"(0, 10575)":{"sm":20.6666666667,"mem":0.3333333333,"enc":0.0,"dec":0.0}},"average_gpu_estimated_utilization_relative":1.0,"per_gpu_performance_state":{"0":"P2"},"per_gpu_power_draw":{"0":47.06},"cpu_count_adjusted_average_load":[0.1471875,0.145,0.15],"realtime_carbon_intensity":339.3663136256,"disk_write_speed":30.616894096,"process_ids":[10637,10575]}
{"timestamp":1572416100.2472391129,"rapl_power_draw_absolute":78.9690893272,"rapl_estimated_attributable_power_draw":17.4933344191,"cpu_time_seconds":{"10637":{"user":2.96,"system":6.48,"children_user":0.24,"children_system":5.39},"10575":{"user":160.1,"system":2.79,"children_user":1.09,"children_system":0.34}},"average_relative_cpu_utilization":0.2202473283,"absolute_cpu_utilization":0.9985677263,"relative_mem_usage":0.2339187118,"absolute_mem_usage":3776032768.0,"absolute_mem_percent_usage":0.0279500641,"mem_info_per_process":{"10637":{"rss":3271573504,"vms":11436826624,"shared":180510720,"text":2322432,"lib":0,"data":9682432000,"dirty":0,"uss":111046656,"pss":1685828608,"swap":0},"10575":{"rss":3663671296,"vms":11436826624,"shared":572780544,"text":2322432,"lib":0,"data":9682432000,"dirty":0,"uss":139042816,"pss":1840114688,"swap":0}},"nvidia_draw_absolute":46.9,"nvidia_estimated_attributable_power_draw":46.9,"average_gpu_estimated_utilization_absolute":0.2066666667,"per_gpu_average_estimated_utilization_absolute":{"(0, 10575)":{"sm":20.6666666667,"mem":0.3333333333,"enc":0.0,"dec":0.0}},"average_gpu_estimated_utilization_relative":1.0,"per_gpu_performance_state":{"0":"P2"},"per_gpu_power_draw":{"0":46.9},"cpu_count_adjusted_average_load":[0.14375,0.1440625,0.1496875],"realtime_carbon_intensity":339.3663136256,"disk_write_speed":37.6273955708,"process_ids":[10637,10575]}
{"timestamp":1572416108.5299329758,"rapl_power_draw_absolute":78.5441729923,"rapl_estimated_attributable_power_draw":17.5213553102,"cpu_time_seconds":{"10637":{"user":3.16,"system":6.86,"children_user":0.24,"children_system":5.67},"10575":{"user":168.37,"system":2.8,"children_user":1.09,"children_system":0.34}},"average_relative_cpu_utilization":0.2219696744,"absolute_cpu_utilization":0.9986558135,"relative_mem_usage":0.2339065834,"absolute_mem_usage":3776057344.0,"absolute_mem_percent_usage":0.027950246,"mem_info_per_process":{"10637":{"rss":3271573504,"vms":11436826624,"shared":180510720,"text":2322432,"lib":0,"data":9682432000,"dirty":0,"uss":111054848,"pss":1685832704,"swap":0},"10575":{"rss":3663671296,"vms":11436826624,"shared":572780544,"text":2322432,"lib":0,"data":9682432000,"dirty":0,"uss":139051008,"pss":1840118784,"swap":0}},"nvidia_draw_absolute":46.87,"nvidia_estimated_attributable_power_draw":46.87,"average_gpu_estimated_utilization_absolute":0.21,"per_gpu_average_estimated_utilization_absolute":{"(0, 10575)":{"sm":21,"mem":1,"enc":0,"dec":0}},"average_gpu_estimated_utilization_relative":1.0,"per_gpu_performance_state":{"0":"P2"},"per_gpu_power_draw":{"0":46.87},"cpu_count_adjusted_average_load":[0.1528125,0.14625,0.1503125],"realtime_carbon_intensity":339.3663136256,"disk_write_speed":30.3741244831,"process_ids":[10637,10575]}
