{"timestamp":1572412401.6023960114,"rapl_power_draw_absolute":75.5337735972,"rapl_estimated_attributable_power_draw":17.2654276468,"cpu_time_seconds":{"28009":{"user":13.33,"system":3.46,"children_user":0.17,"children_system":0.32},"28085":{"user":0.01,"system":0.05,"children_user":0.0,"children_system":0.06}},"average_relative_cpu_utilization":0.2295145472,"absolute_cpu_utilization":0.9937243952,"relative_mem_usage":0.2190911477,"absolute_mem_usage":3463331840.0,"absolute_mem_percent_usage":0.0256354626,"mem_info_per_process":{"28009":{"rss":3649515520,"vms":12082794496,"shared":563949568,"text":2322432,"lib":0,"data":10354991104,"dirty":0,"uss":32579584,"pss":1780621312,"swap":0},"28085":{"rss":3259805696,"vms":12082794496,"shared":173887488,"text":2322432,"lib":0,"data":10354991104,"dirty":0,"uss":15839232,"pss":1634291712,"swap":0}},"nvidia_draw_absolute":178.98,"nvidia_estimated_attributable_power_draw":178.98,"average_gpu_estimated_utilization_absolute":0.99,"per_gpu_average_estimated_utilization_absolute":{"(0, 28009)":{"sm":99.0,"mem":61.5,"enc":0.0,"dec":0.0}},"average_gpu_estimated_utilization_relative":1.0,"per_gpu_performance_state":{"0":"P2"},"per_gpu_power_draw":{"0":178.98},"cpu_count_adjusted_average_load":[0.1365625,0.1596875,0.1625],"realtime_carbon_intensity":335.5704697987,"disk_write_speed":27.3892624111,"process_ids":[28009,28085]}
{"timestamp":1572412410.2389359474,"rapl_power_draw_absolute":77.8239739264,"rapl_estimated_attributable_power_draw":17.6683617208,"cpu_time_seconds":{"28009":{"user":20.3,"system":5.12,"children_user":0.17,"children_system":0.32},"28085":{"user":0.22,"system":0.5,"children_user":0.01,"children_system":0.36}},"average_relative_cpu_utilization":0.2276230617,"absolute_cpu_utilization":1.0036936488,"relative_mem_usage":0.2209011858,"absolute_mem_usage":3493708800.0,"absolute_mem_percent_usage":0.0258603118,"mem_info_per_process":{"28009":{"rss":3649515520,"vms":12082794496,"shared":563949568,"text":2322432,"lib":0,"data":10354991104,"dirty":0,"uss":42856448,"pss":1785596928,"swap":0},"28085":{"rss":3266101248,"vms":12082794496,"shared":180170752,"text":2322432,"lib":0,"data":10354991104,"dirty":0,"uss":25034752,"pss":1640220672,"swap":0}},"nvidia_draw_absolute":180.28,"nvidia_estimated_attributable_power_draw":180.28,"average_gpu_estimated_utilization_absolute":0.99,"per_gpu_average_estimated_utilization_absolute":{"(0, 28009)":{"sm":99.0,"mem":61.5,"enc":0.0,"dec":0.0}},"average_gpu_estimated_utilization_relative":1.0,"per_gpu_performance_state":{"0":"P2"},"per_gpu_power_draw":{"0":180.28},"cpu_count_adjusted_average_load":[0.1421875,0.16,0.1628125],"realtime_carbon_intensity":335.5704697987,"disk_write_speed":28.6942808008,"process_ids":[28009,28085]}
{"timestamp":1572412418.6312990189,"rapl_power_draw_absolute":77.8542825495,"rapl_estimated_attributable_power_draw":17.6749467514,"cpu_time_seconds":{"28009":{"user":26.96,"system":6.86,"children_user":0.17,"children_system":0.32},"28085":{"user":0.37,"system":0.89,"children_user":0.03,"children_system":0.65}},"average_relative_cpu_utilization":0.2276160757,"absolute_cpu_utilization":1.0035895317,"relative_mem_usage":0.2209193504,"absolute_mem_usage":3494381568.0,"absolute_mem_percent_usage":0.0258652916,"mem_info_per_process":{"28009":{"rss":3649515520,"vms":12082794496,"shared":563949568,"text":2322432,"lib":0,"data":10354991104,"dirty":0,"uss":43229184,"pss":1785784320,"swap":0},"28085":{"rss":3266101248,"vms":12082794496,"shared":180170752,"text":2322432,"lib":0,"data":10354991104,"dirty":0,"uss":25112576,"pss":1640255488,"swap":0}},"nvidia_draw_absolute":183.49,"nvidia_estimated_attributable_power_draw":183.49,"average_gpu_estimated_utilization_absolute":0.9866666667,"per_gpu_average_estimated_utilization_absolute":{"(0, 28009)":{"sm":98.6666666667,"mem":61.3333333333,"enc":0.0,"dec":0.0}},"average_gpu_estimated_utilization_relative":1.0,"per_gpu_performance_state":{"0":"P2"},"per_gpu_power_draw":{"0":183.49},"cpu_count_adjusted_average_load":[0.1409375,0.159375,0.1625],"realtime_carbon_intensity":335.5704697987,"disk_write_speed":28.5908214255,"process_ids":[28009,28085]}
{"timestamp":1572412427.0124940872,"rapl_power_draw_absolute":76.9171753146,"rapl_estimated_attributable_power_draw":17.1706527674,"cpu_time_seconds":{"28009":{"user":33.67,"system":8.53,"children_user":0.17,"children_system":0.32},"28085":{"user":0.56,"system":1.29,"children_user":0.04,"children_system":0.97}},"average_relative_cpu_utilization":0.2234630475,"absolute_cpu_utilization":0.9987272114,"relative_mem_usage":0.2209308785,"absolute_mem_usage":3494401024.0,"absolute_mem_percent_usage":0.0258654356,"mem_info_per_process":{"28009":{"rss":3649515520,"vms":12082794496,"shared":563949568,"text":2322432,"lib":0,"data":10354991104,"dirty":0,"uss":43233280,"pss":1785781248,"swap":0},"28085":{"rss":3266105344,"vms":12082794496,"shared":180170752,"text":2322432,"lib":0,"data":10354991104,"dirty":0,"uss":25120768,"pss":1640265728,"swap":0}},"nvidia_draw_absolute":182.44,"nvidia_estimated_attributable_power_draw":182.44,"average_gpu_estimated_utilization_absolute":0.99,"per_gpu_average_estimated_utilization_absolute":{"(0, 28009)":{"sm":99.0,"mem":61.5,"enc":0.0,"dec":0.0}},"average_gpu_estimated_utilization_relative":1.0,"per_gpu_performance_state":{"0":"P2"},"per_gpu_power_draw":{"0":182.44},"cpu_count_adjusted_average_load":[0.143125,0.159375,0.1625],"realtime_carbon_intensity":335.5704697987,"disk_write_speed":34.5841639537,"process_ids":[28009,28085]}
{"timestamp":1572412435.3815131187,"rapl_power_draw_absolute":76.6930673449,"rapl_estimated_attributable_power_draw":16.9312396005,"cpu_time_seconds":{"28009":{"user":40.35,"system":10.22,"children_user":0.17,"children_system":0.32},"28085":{"user":0.74,"system":1.7,"children_user":0.06,"children_system":1.26}},"average_relative_cpu_utilization":0.2207465347,"absolute_cpu_utilization":0.9994717722,"relative_mem_usage":0.2209663128,"absolute_mem_usage":3494418432.0,"absolute_mem_percent_usage":0.0258655645,"mem_info_per_process":{"28009":{"rss":3649515520,"vms":12082794496,"shared":563949568,"text":2322432,"lib":0,"data":10354991104,"dirty":0,"uss":43237376,"pss":1785788416,"swap":0},"28085":{"rss":3266105344,"vms":12082794496,"shared":180170752,"text":2322432,"lib":0,"data":10354991104,"dirty":0,"uss":25124864,"pss":1640267776,"swap":0}},"nvidia_draw_absolute":184.45,"nvidia_estimated_attributable_power_draw":184.45,"average_gpu_estimated_utilization_absolute":0.99,"per_gpu_average_estimated_utilization_absolute":{"(0, 28009)":{"sm":99.0,"mem":61.5,"enc":0.0,"dec":0.0}},"average_gpu_estimated_utilization_relative":1.0,"per_gpu_performance_state":{"0":"P2"},"per_gpu_power_draw":{"0":184.45},"cpu_count_adjusted_average_load":[0.1478125,0.1596875,0.1625],"realtime_carbon_intensity":335.5704697987,"disk_write_speed":33.4833527509,"process_ids":[28009,28085]}
{"timestamp":1572412443.7524609566,"rapl_power_draw_absolute":78.158632728,"rapl_estimated_attributable_power_draw":17.3326666262,"cpu_time_seconds":{"28009":{"user":47.07,"system":11.88,"children_user":0.17,"children_system":0.32},"28085":{"user":0.92,"system":2.14,"children_user":0.06,"children_system":1.56}},"average_relative_cpu_utilization":0.2218408775,"absolute_cpu_utilization":1.0036036909,"relative_mem_usage":0.2209539603,"absolute_mem_usage":3494443008.0,"absolute_mem_percent_usage":0.0258657464,"mem_info_per_process":{"28009":{"rss":3649515520,"vms":12082794496,"shared":563949568,"text":2322432,"lib":0,"data":10354991104,"dirty":0,"uss":43245568,"pss":1785792512,"swap":0},"28085":{"rss":3266105344,"vms":12082794496,"shared":180170752,"text":2322432,"lib":0,"data":10354991104,"dirty":0,"uss":25133056,"pss":1640271872,"swap":0}},"nvidia_draw_absolute":185.15,"nvidia_estimated_attributable_power_draw":185.15,"average_gpu_estimated_utilization_absolute":0.9866666667,"per_gpu_average_estimated_utilization_absolute":{"(0, 28009)":{"sm":98.6666666667,"mem":61.6666666667,"enc":0.0,"dec":0.0}},"average_gpu_estimated_utilization_relative":1.0,"per_gpu_performance_state":{"0":"P2"},"per_gpu_power_draw":{"0":185.15},"cpu_count_adjusted_average_load":[0.1484375,0.1596875,0.1625],"realtime_carbon_intensity":335.5704697987,"disk_write_speed":24.9918521469,"process_ids":[28009,28085]}
{"timestamp":1572412452.1960039139,"rapl_power_draw_absolute":78.0369928133,"rapl_estimated_attributable_power_draw":17.1846402006,"cpu_time_seconds":{"28009":{"user":53.79,"system":13.61,"children_user":0.17,"children_system":0.32},"28085":{"user":1.07,"system":2.56,"children_user":0.07,"children_system":1.86}},"average_relative_cpu_utilization":0.2201356437,"absolute_cpu_utilization":1.0035857273,"relative_mem_usage":0.2209818081,"absolute_mem_usage":3494455296.0,"absolute_mem_percent_usage":0.0258658373,"mem_info_per_process":{"28009":{"rss":3649515520,"vms":12082794496,"shared":563949568,"text":2322432,"lib":0,"data":10354991104,"dirty":0,"uss":43249664,"pss":1785794560,"swap":0},"28085":{"rss":3266105344,"vms":12082794496,"shared":180170752,"text":2322432,"lib":0,"data":10354991104,"dirty":0,"uss":25137152,"pss":1640273920,"swap":0}},"nvidia_draw_absolute":184.67,"nvidia_estimated_attributable_power_draw":184.67,"average_gpu_estimated_utilization_absolute":0.99,"per_gpu_average_estimated_utilization_absolute":{"(0, 28009)":{"sm":99.0,"mem":61.5,"enc":0.0,"dec":0.0}},"average_gpu_estimated_utilization_relative":1.0,"per_gpu_performance_state":{"0":"P2"},"per_gpu_power_draw":{"0":184.67},"cpu_count_adjusted_average_load":[0.1496875,0.159375,0.1621875],"realtime_carbon_intensity":335.5704697987,"disk_write_speed":26.1496911883,"process_ids":[28009,28085]}
{"timestamp":1572412460.5635280609,"rapl_power_draw_absolute":78.895403588,"rapl_estimated_attributable_power_draw":17.374667047,"cpu_time_seconds":{"28009":{"user":60.5,"system":15.27,"children_user":0.17,"children_system":0.32},"28085":{"user":1.24,"system":2.94,"children_user":0.08,"children_system":2.18}},"average_relative_cpu_utilization":0.2201547397,"absolute_cpu_utilization":1.0036523149,"relative_mem_usage":0.2209502496,"absolute_mem_usage":3494467584.0,"absolute_mem_percent_usage":0.0258659283,"mem_info_per_process":{"28009":{"rss":3649515520,"vms":12082794496,"shared":563949568,"text":2322432,"lib":0,"data":10354991104,"dirty":0,"uss":43253760,"pss":1785796608,"swap":0},"28085":{"rss":3266105344,"vms":12082794496,"shared":180170752,"text":2322432,"lib":0,"data":10354991104,"dirty":0,"uss":25141248,"pss":1640275968,"swap":0}},"nvidia_draw_absolute":184.54,"nvidia_estimated_attributable_power_draw":184.54,"average_gpu_estimated_utilization_absolute":0.99,"per_gpu_average_estimated_utilization_absolute":{"(0, 28009)":{"sm":99,"mem":61,"enc":0,"dec":0}},"average_gpu_estimated_utilization_relative":1.0,"per_gpu_performance_state":{"0":"P2"},"per_gpu_power_draw":{"0":184.54},"cpu_count_adjusted_average_load":[0.145625,0.1584375,0.161875],"realtime_carbon_intensity":335.5704697987,"disk_write_speed":28.3608175762,"process_ids":[28009,28085]}
{"timestamp":1572412468.9071040154,"rapl_power_draw_absolute":72.7970187014,"rapl_estimated_attributable_power_draw":20.173317074,"cpu_time_seconds":{"28009":{"user":67.11,"system":17.0,"children_user":0.17,"children_system":0.32},"28085":{"user":1.4,"system":3.34,"children_user":0.1,"children_system":2.45}},"average_relative_cpu_utilization":0.2762339565,"absolute_cpu_utilization":0.9986559621,"relative_mem_usage":0.285669072,"absolute_mem_usage":3568571392.0,"absolute_mem_percent_usage":0.0264144421,"mem_info_per_process":{"28009":{"rss":3649515520,"vms":12082794496,"shared":563949568,"text":2322432,"lib":0,"data":10354991104,"dirty":0,"uss":54992896,"pss":1846780928,"swap":0},"28085":{"rss":3266105344,"vms":12082794496,"shared":180170752,"text":2322432,"lib":0,"data":10354991104,"dirty":0,"uss":25190400,"pss":1641607168,"swap":0}},"nvidia_draw_absolute":184.44,"nvidia_estimated_attributable_power_draw":184.44,"average_gpu_estimated_utilization_absolute":0.9833333333,"per_gpu_average_estimated_utilization_absolute":{"(0, 28009)":{"sm":98.3333333333,"mem":61.6666666667,"enc":0.0,"dec":0.0}},"average_gpu_estimated_utilization_relative":1.0,"per_gpu_performance_state":{"0":"P2"},"per_gpu_power_draw":{"0":184.44},"cpu_count_adjusted_average_load":[0.1490625,0.15875,0.1621875],"realtime_carbon_intensity":335.5704697987,"disk_write_speed":30.2415646536,"process_ids":[28009,28085]}
{"timestamp":1572412477.2505850792,"rapl_power_draw_absolute":73.5877803635,"rapl_estimated_attributable_power_draw":19.0860610115,"cpu_time_seconds":{"28009":{"user":73.73,"system":18.73,"children_user":0.17,"children_system":0.32},"28085":{"user":1.58,"system":3.74,"children_user":0.12,"children_system":2.7}},"average_relative_cpu_utilization":0.2570254871,"absolute_cpu_utilization":1.0036755196,"relative_mem_usage":0.2819421484,"absolute_mem_usage":3548646400.0,"absolute_mem_percent_usage":0.026266958,"mem_info_per_process":{"28009":{"rss":3649515520,"vms":12082794496,"shared":563949568,"text":2322432,"lib":0,"data":10354991104,"dirty":0,"uss":52838400,"pss":1829714944,"swap":0},"28085":{"rss":3266105344,"vms":12082794496,"shared":180170752,"text":2322432,"lib":0,"data":10354991104,"dirty":0,"uss":25194496,"pss":1640898560,"swap":0}},"nvidia_draw_absolute":186.35,"nvidia_estimated_attributable_power_draw":186.35,"average_gpu_estimated_utilization_absolute":0.99,"per_gpu_average_estimated_utilization_absolute":{"(0, 28009)":{"sm":99.0,"mem":61.5,"enc":0.0,"dec":0.0}},"average_gpu_estimated_utilization_relative":1.0,"per_gpu_performance_state":{"0":"P2"},"per_gpu_power_draw":{"0":186.35},"cpu_count_adjusted_average_load":[0.15,0.15875,0.161875],"realtime_carbon_intensity":335.5704697987,"disk_write_speed":28.670284636,"process_ids":[28009,28085]}
{"timestamp":1572412485.6704549789,"rapl_power_draw_absolute":74.5335156003,"rapl_estimated_attributable_power_draw":18.5956230524,"cpu_time_seconds":{"28009":{"user":80.38,"system":20.5,"children_user":0.17,"children_system":0.32},"28085":{"user":1.76,"system":4.16,"children_user":0.13,"children_system":3.01}},"average_relative_cpu_utilization":0.2524921581,"absolute_cpu_utilization":1.0035685897,"relative_mem_usage":0.2211463729,"absolute_mem_usage":3488215040.0,"absolute_mem_percent_usage":0.0258196472,"mem_info_per_process":{"28009":{"rss":3649515520,"vms":12082794496,"shared":563949568,"text":2322432,"lib":0,"data":10354991104,"dirty":0,"uss":39022592,"pss":1783243776,"swap":0},"28085":{"rss":3266105344,"vms":12082794496,"shared":180170752,"text":2322432,"lib":0,"data":10354991104,"dirty":0,"uss":25194496,"pss":1640754176,"swap":0}},"nvidia_draw_absolute":188.23,"nvidia_estimated_attributable_power_draw":188.23,"average_gpu_estimated_utilization_absolute":0.99,"per_gpu_average_estimated_utilization_absolute":{"(0, 28009)":{"sm":99,"mem":62,"enc":0,"dec":0}},"average_gpu_estimated_utilization_relative":1.0,"per_gpu_performance_state":{"0":"P2"},"per_gpu_power_draw":{"0":188.23},"cpu_count_adjusted_average_load":[0.14625,0.1575,0.1615625],"realtime_carbon_intensity":335.5704697987,"disk_write_speed":24.0331384858,"process_ids":[28009,28085]}
{"timestamp":1572412494.1104660034,"rapl_power_draw_absolute":76.7894161092,"rapl_estimated_attributable_power_draw":16.6107665618,"cpu_time_seconds":{"28009":{"user":87.02,"system":22.31,"children_user":0.17,"children_system":0.32},"28085":{"user":1.88,"system":4.56,"children_user":0.15,"children_system":3.31}},"average_relative_cpu_utilization":0.2159817952,"absolute_cpu_utilization":0.9987342529,"relative_mem_usage":0.2196915925,"absolute_mem_usage":3487647744.0,"absolute_mem_percent_usage":0.0258154481,"mem_info_per_process":{"28009":{"rss":3649515520,"vms":12082794496,"shared":563949568,"text":2322432,"lib":0,"data":10354991104,"dirty":0,"uss":39030784,"pss":1783207936,"swap":0},"28085":{"rss":3266105344,"vms":12082794496,"shared":180170752,"text":2322432,"lib":0,"data":10354991104,"dirty":0,"uss":25145344,"pss":1640263680,"swap":0}},"nvidia_draw_absolute":187.98,"nvidia_estimated_attributable_power_draw":187.98,"average_gpu_estimated_utilization_absolute":0.99,"per_gpu_average_estimated_utilization_absolute":{"(0, 28009)":{"sm":99,"mem":62,"enc":0,"dec":0}},"average_gpu_estimated_utilization_relative":1.0,"per_gpu_performance_state":{"0":"P2"},"per_gpu_power_draw":{"0":187.98},"cpu_count_adjusted_average_load":[0.1446875,0.1571875,0.16125],"realtime_carbon_intensity":335.5704697987,"disk_write_speed":18.3103168582,"process_ids":[28009,28085]}
{"timestamp":1572412502.5403048992,"rapl_power_draw_absolute":79.8327375728,"rapl_estimated_attributable_power_draw":17.3348936732,"cpu_time_seconds":{"28009":{"user":93.62,"system":24.14,"children_user":0.17,"children_system":0.32},"28085":{"user":2.04,"system":5.0,"children_user":0.18,"children_system":3.59}},"average_relative_cpu_utilization":0.216909271,"absolute_cpu_utilization":0.9986802402,"relative_mem_usage":0.2195742172,"absolute_mem_usage":3487641600.0,"absolute_mem_percent_usage":0.0258154026,"mem_info_per_process":{"28009":{"rss":3649515520,"vms":12082794496,"shared":563949568,"text":2322432,"lib":0,"data":10354991104,"dirty":0,"uss":39034880,"pss":1783192576,"swap":0},"28085":{"rss":3266105344,"vms":12082794496,"shared":180170752,"text":2322432,"lib":0,"data":10354991104,"dirty":0,"uss":25149440,"pss":1640264704,"swap":0}},"nvidia_draw_absolute":185.94,"nvidia_estimated_attributable_power_draw":185.94,"average_gpu_estimated_utilization_absolute":0.99,"per_gpu_average_estimated_utilization_absolute":{"(0, 28009)":{"sm":99,"mem":61,"enc":0,"dec":0}},"average_gpu_estimated_utilization_relative":1.0,"per_gpu_performance_state":{"0":"P2"},"per_gpu_power_draw":{"0":185.94},"cpu_count_adjusted_average_load":[0.1534375,0.15875,0.161875],"realtime_carbon_intensity":335.5704697987,"disk_write_speed":28.7929001882,"process_ids":[28009,28085]}
{"timestamp":1572412510.9030930996,"rapl_power_draw_absolute":79.5128815997,"rapl_estimated_attributable_power_draw":17.0124811731,"cpu_time_seconds":{"28009":{"user":100.3,"system":25.83,"children_user":0.17,"children_system":0.32},"28085":{"user":2.23,"system":5.38,"children_user":0.2,"children_system":3.88}},"average_relative_cpu_utilization":0.2134269015,"absolute_cpu_utilization":0.9985440183,"relative_mem_usage":0.2195642706,"absolute_mem_usage":3487666176.0,"absolute_mem_percent_usage":0.0258155845,"mem_info_per_process":{"28009":{"rss":3649515520,"vms":12082794496,"shared":563949568,"text":2322432,"lib":0,"data":10354991104,"dirty":0,"uss":39043072,"pss":1783196672,"swap":0},"28085":{"rss":3266105344,"vms":12082794496,"shared":180170752,"text":2322432,"lib":0,"data":10354991104,"dirty":0,"uss":25157632,"pss":1640268800,"swap":0}},"nvidia_draw_absolute":186.45,"nvidia_estimated_attributable_power_draw":186.45,"average_gpu_estimated_utilization_absolute":0.99,"per_gpu_average_estimated_utilization_absolute":{"(0, 28009)":{"sm":99,"mem":62,"enc":0,"dec":0}},"average_gpu_estimated_utilization_relative":1.0,"per_gpu_performance_state":{"0":"P2"},"per_gpu_power_draw":{"0":186.45},"cpu_count_adjusted_average_load":[0.1540625,0.1584375,0.161875],"realtime_carbon_intensity":335.5704697987,"disk_write_speed":27.251185969,"process_ids":[28009,28085]}
{"timestamp":1572412519.2710309029,"rapl_power_draw_absolute":79.700780171,"rapl_estimated_attributable_power_draw":17.0864832837,"cpu_time_seconds":{"28009":{"user":106.94,"system":27.55,"children_user":0.17,"children_system":0.32},"28085":{"user":2.39,"system":5.82,"children_user":0.22,"children_system":4.18}},"average_relative_cpu_utilization":0.2138996691,"absolute_cpu_utilization":0.9987421734,"relative_mem_usage":0.2195196086,"absolute_mem_usage":3487703040.0,"absolute_mem_percent_usage":0.0258158574,"mem_info_per_process":{"28009":{"rss":3649515520,"vms":12082794496,"shared":563949568,"text":2322432,"lib":0,"data":10354991104,"dirty":0,"uss":39055360,"pss":1783202816,"swap":0},"28085":{"rss":3266105344,"vms":12082794496,"shared":180170752,"text":2322432,"lib":0,"data":10354991104,"dirty":0,"uss":25169920,"pss":1640274944,"swap":0}},"nvidia_draw_absolute":186.6,"nvidia_estimated_attributable_power_draw":186.6,"average_gpu_estimated_utilization_absolute":0.99,"per_gpu_average_estimated_utilization_absolute":{"(0, 28009)":{"sm":99.0,"mem":61.5,"enc":0.0,"dec":0.0}},"average_gpu_estimated_utilization_relative":1.0,"per_gpu_performance_state":{"0":"P2"},"per_gpu_power_draw":{"0":186.6},"cpu_count_adjusted_average_load":[0.151875,0.158125,0.1615625],"realtime_carbon_intensity":335.5704697987,"disk_write_speed":35.4317477213,"process_ids":[28009,28085]}
{"timestamp":1572412527.5806419849,"rapl_power_draw_absolute":73.1599003952,"rapl_estimated_attributable_power_draw":20.2418404424,"cpu_time_seconds":{"28009":{"user":113.51,"system":29.3,"children_user":0.17,"children_system":0.32},"28085":{"user":2.54,"system":6.23,"children_user":0.24,"children_system":4.44}},"average_relative_cpu_utilization":0.2758620495,"absolute_cpu_utilization":0.9987498152,"relative_mem_usage":0.2847675887,"absolute_mem_usage":3582013440.0,"absolute_mem_percent_usage":0.0265139397,"mem_info_per_process":{"28009":{"rss":3649519616,"vms":12082794496,"shared":563949568,"text":2322432,"lib":0,"data":10354991104,"dirty":0,"uss":63696896,"pss":1851194368,"swap":0},"28085":{"rss":3266105344,"vms":12082794496,"shared":180170752,"text":2322432,"lib":0,"data":10354991104,"dirty":0,"uss":25370624,"pss":1641751552,"swap":0}},"nvidia_draw_absolute":190.11,"nvidia_estimated_attributable_power_draw":190.11,"average_gpu_estimated_utilization_absolute":0.99,"per_gpu_average_estimated_utilization_absolute":{"(0, 28009)":{"sm":99.0,"mem":61.5,"enc":0.0,"dec":0.0}},"average_gpu_estimated_utilization_relative":1.0,"per_gpu_performance_state":{"0":"P2"},"per_gpu_power_draw":{"0":190.11},"cpu_count_adjusted_average_load":[0.145,0.15625,0.1609375],"realtime_carbon_intensity":335.5704697987,"disk_write_speed":22.4442659743,"process_ids":[28009,28085]}
{"timestamp":1572412535.932238102,"rapl_power_draw_absolute":81.54019954,"rapl_estimated_attributable_power_draw":16.1411506316,"cpu_time_seconds":{"28009":{"user":120.1,"system":31.07,"children_user":0.17,"children_system":0.32},"28085":{"user":2.69,"system":6.64,"children_user":0.25,"children_system":4.72}},"average_relative_cpu_utilization":0.1917941832,"absolute_cpu_utilization":1.0037321778,"relative_mem_usage":0.2621906186,"absolute_mem_usage":3542212608.0,"absolute_mem_percent_usage":0.0262193353,"mem_info_per_process":{"28009":{"rss":3649519616,"vms":12082794496,"shared":563949568,"text":2322432,"lib":0,"data":10354991104,"dirty":0,"uss":55443456,"pss":1820384256,"swap":0},"28085":{"rss":3266105344,"vms":12082794496,"shared":180170752,"text":2322432,"lib":0,"data":10354991104,"dirty":0,"uss":25374720,"pss":1641010176,"swap":0}},"nvidia_draw_absolute":193.07,"nvidia_estimated_attributable_power_draw":193.07,"average_gpu_estimated_utilization_absolute":0.99,"per_gpu_average_estimated_utilization_absolute":{"(0, 28009)":{"sm":99,"mem":62,"enc":0,"dec":0}},"average_gpu_estimated_utilization_relative":1.0,"per_gpu_performance_state":{"0":"P2"},"per_gpu_power_draw":{"0":193.07},"cpu_count_adjusted_average_load":[0.144375,0.1559375,0.1609375],"realtime_carbon_intensity":335.5704697987,"disk_write_speed":23.5649240524,"process_ids":[28009,28085]}
{"timestamp":1572412544.3875370026,"rapl_power_draw_absolute":79.7607221124,"rapl_estimated_attributable_power_draw":18.2037220536,"cpu_time_seconds":{"28009":{"user":126.67,"system":32.95,"children_user":0.17,"children_system":0.32},"28085":{"user":2.88,"system":7.05,"children_user":0.28,"children_system":5.02}},"average_relative_cpu_utilization":0.2290885339,"absolute_cpu_utilization":0.9986494566,"relative_mem_usage":0.2190514314,"absolute_mem_usage":3494412288.0,"absolute_mem_percent_usage":0.025865519,"mem_info_per_process":{"28009":{"rss":3649519616,"vms":12082794496,"shared":563949568,"text":2322432,"lib":0,"data":10354991104,"dirty":0,"uss":42553344,"pss":1785744384,"swap":0},"28085":{"rss":3266105344,"vms":12082794496,"shared":180170752,"text":2322432,"lib":0,"data":10354991104,"dirty":0,"uss":25378816,"pss":1640735744,"swap":0}},"nvidia_draw_absolute":190.87,"nvidia_estimated_attributable_power_draw":190.87,"average_gpu_estimated_utilization_absolute":0.99,"per_gpu_average_estimated_utilization_absolute":{"(0, 28009)":{"sm":99,"mem":62,"enc":0,"dec":0}},"average_gpu_estimated_utilization_relative":1.0,"per_gpu_performance_state":{"0":"P2"},"per_gpu_power_draw":{"0":190.87},"cpu_count_adjusted_average_load":[0.148125,0.15625,0.1609375],"realtime_carbon_intensity":335.5704697987,"disk_write_speed":16.9631471714,"process_ids":[28009,28085]}
{"timestamp":1572412552.7618010044,"rapl_power_draw_absolute":79.4214206218,"rapl_estimated_attributable_power_draw":17.8243071882,"cpu_time_seconds":{"28009":{"user":133.29,"system":34.71,"children_user":0.17,"children_system":0.32},"28085":{"user":3.03,"system":7.44,"children_user":0.3,"children_system":5.31}},"average_relative_cpu_utilization":0.2249561387,"absolute_cpu_utilization":0.9986310257,"relative_mem_usage":0.2188199422,"absolute_mem_usage":3493599232.0,"absolute_mem_percent_usage":0.0258595008,"mem_info_per_process":{"28009":{"rss":3649519616,"vms":12082794496,"shared":563949568,"text":2322432,"lib":0,"data":10354991104,"dirty":0,"uss":42541056,"pss":1785566208,"swap":0},"28085":{"rss":3266105344,"vms":12082794496,"shared":180170752,"text":2322432,"lib":0,"data":10354991104,"dirty":0,"uss":25190400,"pss":1640301568,"swap":0}},"nvidia_draw_absolute":191.67,"nvidia_estimated_attributable_power_draw":191.67,"average_gpu_estimated_utilization_absolute":0.985,"per_gpu_average_estimated_utilization_absolute":{"(0, 28009)":{"sm":98.5,"mem":62.0,"enc":0.0,"dec":0.0}},"average_gpu_estimated_utilization_relative":1.0,"per_gpu_performance_state":{"0":"P2"},"per_gpu_power_draw":{"0":191.67},"cpu_count_adjusted_average_load":[0.1540625,0.1575,0.16125],"realtime_carbon_intensity":335.5704697987,"disk_write_speed":19.7749477963,"process_ids":[28009,28085]}
{"timestamp":1572412561.1055419445,"rapl_power_draw_absolute":80.3144489408,"rapl_estimated_attributable_power_draw":17.5725762005,"cpu_time_seconds":{"28009":{"user":139.98,"system":36.37,"children_user":0.17,"children_system":0.32},"28085":{"user":3.18,"system":7.86,"children_user":0.32,"children_system":5.59}},"average_relative_cpu_utilization":0.2188026609,"absolute_cpu_utilization":0.99861543,"relative_mem_usage":0.2187398299,"absolute_mem_usage":3493623808.0,"absolute_mem_percent_usage":0.0258596827,"mem_info_per_process":{"28009":{"rss":3649519616,"vms":12082794496,"shared":563949568,"text":2322432,"lib":0,"data":10354991104,"dirty":0,"uss":42549248,"pss":1785570304,"swap":0},"28085":{"rss":3266105344,"vms":12082794496,"shared":180170752,"text":2322432,"lib":0,"data":10354991104,"dirty":0,"uss":25198592,"pss":1640305664,"swap":0}},"nvidia_draw_absolute":192.78,"nvidia_estimated_attributable_power_draw":192.78,"average_gpu_estimated_utilization_absolute":0.99,"per_gpu_average_estimated_utilization_absolute":{"(0, 28009)":{"sm":99.0,"mem":61.5,"enc":0.0,"dec":0.0}},"average_gpu_estimated_utilization_relative":1.0,"per_gpu_performance_state":{"0":"P2"},"per_gpu_power_draw":{"0":192.78},"cpu_count_adjusted_average_load":[0.1496875,0.15625,0.1609375],"realtime_carbon_intensity":335.5704697987,"disk_write_speed":18.706755471,"process_ids":[28009,28085]}
{"timestamp":1572412569.5696530342,"rapl_power_draw_absolute":79.7351550263,"rapl_estimated_attributable_power_draw":17.9131268212,"cpu_time_seconds":{"28009":{"user":146.7,"system":38.12,"children_user":0.17,"children_system":0.32},"28085":{"user":3.34,"system":8.26,"children_user":0.33,"children_system":5.88}},"average_relative_cpu_utilization":0.2252162563,"absolute_cpu_utilization":0.9986644051,"relative_mem_usage":0.218775369,"absolute_mem_usage":3493648384.0,"absolute_mem_percent_usage":0.0258598646,"mem_info_per_process":{"28009":{"rss":3649519616,"vms":12082794496,"shared":563949568,"text":2322432,"lib":0,"data":10354991104,"dirty":0,"uss":42557440,"pss":1785574400,"swap":0},"28085":{"rss":3266105344,"vms":12082794496,"shared":180170752,"text":2322432,"lib":0,"data":10354991104,"dirty":0,"uss":25206784,"pss":1640309760,"swap":0}},"nvidia_draw_absolute":192.78,"nvidia_estimated_attributable_power_draw":192.78,"average_gpu_estimated_utilization_absolute":0.99,"per_gpu_average_estimated_utilization_absolute":{"(0, 28009)":{"sm":99,"mem":61,"enc":0,"dec":0}},"average_gpu_estimated_utilization_relative":1.0,"per_gpu_performance_state":{"0":"P2"},"per_gpu_power_draw":{"0":192.78},"cpu_count_adjusted_average_load":[0.15,0.15625,0.1609375],"realtime_carbon_intensity":335.5704697987,"disk_write_speed":15.2967994022,"process_ids":[28009,28085]}
{"timestamp":1572412577.9104299545,"rapl_power_draw_absolute":78.308843199,"rapl_estimated_attributable_power_draw":17.324388517,"cpu_time_seconds":{"28009":{"user":153.26,"system":39.9,"children_user":0.17,"children_system":0.32},"28085":{"user":3.45,"system":8.65,"children_user":0.35,"children_system":6.18}},"average_relative_cpu_utilization":0.2214680618,"absolute_cpu_utilization":0.9985965917,"relative_mem_usage":0.2187714971,"absolute_mem_usage":3493648384.0,"absolute_mem_percent_usage":0.0258598646,"mem_info_per_process":{"28009":{"rss":3649519616,"vms":12082794496,"shared":563949568,"text":2322432,"lib":0,"data":10354991104,"dirty":0,"uss":42557440,"pss":1785574400,"swap":0},"28085":{"rss":3266105344,"vms":12082794496,"shared":180170752,"text":2322432,"lib":0,"data":10354991104,"dirty":0,"uss":25206784,"pss":1640309760,"swap":0}},"nvidia_draw_absolute":191.73,"nvidia_estimated_attributable_power_draw":191.73,"average_gpu_estimated_utilization_absolute":0.985,"per_gpu_average_estimated_utilization_absolute":{"(0, 28009)":{"sm":98.5,"mem":62.0,"enc":0.0,"dec":0.0}},"average_gpu_estimated_utilization_relative":1.0,"per_gpu_performance_state":{"0":"P2"},"per_gpu_power_draw":{"0":191.73},"cpu_count_adjusted_average_load":[0.1484375,0.155625,0.160625],"realtime_carbon_intensity":335.5704697987,"disk_write_speed":22.7695456328,"process_ids":[28009,28085]}
{"timestamp":1572412586.2387099266,"rapl_power_draw_absolute":78.1434656017,"rapl_estimated_attributable_power_draw":17.4747988305,"cpu_time_seconds":{"28009":{"user":159.79,"system":41.7,"children_user":0.17,"children_system":0.32},"28085":{"user":3.61,"system":9.02,"children_user":0.36,"children_system":6.48}},"average_relative_cpu_utilization":0.2240899082,"absolute_cpu_utilization":0.9936109976,"relative_mem_usage":0.21879376,"absolute_mem_usage":3493660672.0,"absolute_mem_percent_usage":0.0258599556,"mem_info_per_process":{"28009":{"rss":3649519616,"vms":12082794496,"shared":563949568,"text":2322432,"lib":0,"data":10354991104,"dirty":0,"uss":42561536,"pss":1785576448,"swap":0},"28085":{"rss":3266105344,"vms":12082794496,"shared":180170752,"text":2322432,"lib":0,"data":10354991104,"dirty":0,"uss":25210880,"pss":1640311808,"swap":0}},"nvidia_draw_absolute":192.97,"nvidia_estimated_attributable_power_draw":192.97,"average_gpu_estimated_utilization_absolute":0.99,"per_gpu_average_estimated_utilization_absolute":{"(0, 28009)":{"sm":99.0,"mem":61.5,"enc":0.0,"dec":0.0}},"average_gpu_estimated_utilization_relative":1.0,"per_gpu_performance_state":{"0":"P2"},"per_gpu_power_draw":{"0":192.97},"cpu_count_adjusted_average_load":[0.151875,0.15625,0.160625],"realtime_carbon_intensity":335.5704697987,"disk_write_speed":24.7974182939,"process_ids":[28009,28085]}
{"timestamp":1572412594.5816259384,"rapl_power_draw_absolute":78.153333699,"rapl_estimated_attributable_power_draw":17.3345523288,"cpu_time_seconds":{"28009":{"user":166.37,"system":43.47,"children_user":0.17,"children_system":0.32},"28085":{"user":3.76,"system":9.42,"children_user":0.37,"children_system":6.78}},"average_relative_cpu_utilization":0.2220844494,"absolute_cpu_utilization":1.0036123975,"relative_mem_usage":0.2188183288,"absolute_mem_usage":3493672960.0,"absolute_mem_percent_usage":0.0258600465,"mem_info_per_process":{"28009":{"rss":3649519616,"vms":12082794496,"shared":563949568,"text":2322432,"lib":0,"data":10354991104,"dirty":0,"uss":42565632,"pss":1785578496,"swap":0},"28085":{"rss":3266105344,"vms":12082794496,"shared":180170752,"text":2322432,"lib":0,"data":10354991104,"dirty":0,"uss":25214976,"pss":1640313856,"swap":0}},"nvidia_draw_absolute":193.0,"nvidia_estimated_attributable_power_draw":193.0,"average_gpu_estimated_utilization_absolute":0.99,"per_gpu_average_estimated_utilization_absolute":{"(0, 28009)":{"sm":99,"mem":62,"enc":0,"dec":0}},"average_gpu_estimated_utilization_relative":1.0,"per_gpu_performance_state":{"0":"P2"},"per_gpu_power_draw":{"0":193.0},"cpu_count_adjusted_average_load":[0.1521875,0.15625,0.160625],"realtime_carbon_intensity":335.5704697987,"disk_write_speed":24.1817909273,"process_ids":[28009,28085]}
{"timestamp":1572412602.9940159321,"rapl_power_draw_absolute":78.3162523563,"rapl_estimated_attributable_power_draw":17.4924593416,"cpu_time_seconds":{"28009":{"user":172.97,"system":45.29,"children_user":0.17,"children_system":0.32},"28085":{"user":3.91,"system":9.84,"children_user":0.38,"children_system":7.08}},"average_relative_cpu_utilization":0.2238076192,"absolute_cpu_utilization":1.0035397304,"relative_mem_usage":0.2186489578,"absolute_mem_usage":3493598208.0,"absolute_mem_percent_usage":0.0258594932,"mem_info_per_process":{"28009":{"rss":3649519616,"vms":12082794496,"shared":563949568,"text":2322432,"lib":0,"data":10354991104,"dirty":0,"uss":42573824,"pss":1785582592,"swap":0},"28085":{"rss":3266105344,"vms":12082794496,"shared":180170752,"text":2322432,"lib":0,"data":10354991104,"dirty":0,"uss":25223168,"pss":1640218624,"swap":0}},"nvidia_draw_absolute":194.05,"nvidia_estimated_attributable_power_draw":194.05,"average_gpu_estimated_utilization_absolute":0.99,"per_gpu_average_estimated_utilization_absolute":{"(0, 28009)":{"sm":99.0,"mem":61.5,"enc":0.0,"dec":0.0}},"average_gpu_estimated_utilization_relative":1.0,"per_gpu_performance_state":{"0":"P2"},"per_gpu_power_draw":{"0":194.05},"cpu_count_adjusted_average_load":[0.1553125,0.156875,0.1609375],"realtime_carbon_intensity":335.5704697987,"disk_write_speed":21.3720318774,"process_ids":[28009,28085]}
