{"timestamp":1572411390.6460549831,"rapl_power_draw_absolute":88.7508599818,"rapl_estimated_attributable_power_draw":19.8301025933,"cpu_time_seconds":{"5171":{"user":0.0,"system":0.05,"children_user":0.0,"children_system":0.05},"5111":{"user":10.54,"system":2.98,"children_user":1.0,"children_system":0.29}},"average_relative_cpu_utilization":0.2312867977,"absolute_cpu_utilization":1.0037412676,"relative_mem_usage":0.1583219575,"absolute_mem_usage":3827914752.0,"absolute_mem_percent_usage":0.0283341477,"mem_info_per_process":{"5171":{"rss":3261632512,"vms":11470499840,"shared":173826048,"text":2322432,"lib":0,"data":9716105216,"dirty":0,"uss":96940032,"pss":1675812864,"swap":0},"5111":{"rss":3660816384,"vms":11470499840,"shared":573165568,"text":2322432,"lib":0,"data":9716105216,"dirty":0,"uss":157949952,"pss":1897211904,"swap":0}},"nvidia_draw_absolute":40.8,"nvidia_estimated_attributable_power_draw":40.8,"average_gpu_estimated_utilization_absolute":0.29,"per_gpu_average_estimated_utilization_absolute":{"(0, 5111)":{"sm":29,"mem":2,"enc":0,"dec":0}},"average_gpu_estimated_utilization_relative":1.0,"per_gpu_performance_state":{"0":"P2"},"per_gpu_power_draw":{"0":40.8},"cpu_count_adjusted_average_load":[0.148125,0.1615625,0.1584375],"realtime_carbon_intensity":337.461173778,"disk_write_speed":11.9157548442,"process_ids":[5171,5111]}
{"timestamp":1572411398.8483889103,"rapl_power_draw_absolute":88.8807205769,"rapl_estimated_attributable_power_draw":19.7338312095,"cpu_time_seconds":{"5171":{"user":0.07,"system":0.32,"children_user":0.0,"children_system":0.25},"5111":{"user":18.74,"system":2.98,"children_user":1.0,"children_system":0.29}},"average_relative_cpu_utilization":0.2296132654,"absolute_cpu_utilization":0.9987762124,"relative_mem_usage":0.1596021935,"absolute_mem_usage":3860398080.0,"absolute_mem_percent_usage":0.0285745886,"mem_info_per_process":{"5171":{"rss":3268517888,"vms":11470499840,"shared":180187136,"text":2322432,"lib":0,"data":9716105216,"dirty":0,"uss":107642880,"pss":1682757632,"swap":0},"5111":{"rss":3660816384,"vms":11470499840,"shared":573165568,"text":2322432,"lib":0,"data":9716105216,"dirty":0,"uss":167956480,"pss":1902041088,"swap":0}},"nvidia_draw_absolute":41.15,"nvidia_estimated_attributable_power_draw":41.15,"average_gpu_estimated_utilization_absolute":0.29,"per_gpu_average_estimated_utilization_absolute":{"(0, 5111)":{"sm":29,"mem":1,"enc":0,"dec":0}},"average_gpu_estimated_utilization_relative":1.0,"per_gpu_performance_state":{"0":"P2"},"per_gpu_power_draw":{"0":41.15},"cpu_count_adjusted_average_load":[0.146875,0.160625,0.158125],"realtime_carbon_intensity":337.461173778,"disk_write_speed":27.2022295354,"process_ids":[5171,5111]}
{"timestamp":1572411406.9579319954,"rapl_power_draw_absolute":88.9745737592,"rapl_estimated_attributable_power_draw":19.7940004511,"cpu_time_seconds":{"5171":{"user":0.16,"system":0.6,"children_user":0.02,"children_system":0.43},"5111":{"user":26.85,"system":2.98,"children_user":1.0,"children_system":0.29}},"average_relative_cpu_utilization":0.2304965891,"absolute_cpu_utilization":1.0037743903,"relative_mem_usage":0.1596596265,"absolute_mem_usage":3862003712.0,"absolute_mem_percent_usage":0.0285864735,"mem_info_per_process":{"5171":{"rss":3268521984,"vms":11470499840,"shared":180187136,"text":2322432,"lib":0,"data":9716105216,"dirty":0,"uss":108417024,"pss":1683146752,"swap":0},"5111":{"rss":3660816384,"vms":11470499840,"shared":573165568,"text":2322432,"lib":0,"data":9716105216,"dirty":0,"uss":168251392,"pss":1902188544,"swap":0}},"nvidia_draw_absolute":40.99,"nvidia_estimated_attributable_power_draw":40.99,"average_gpu_estimated_utilization_absolute":0.29,"per_gpu_average_estimated_utilization_absolute":{"(0, 5111)":{"sm":29,"mem":1,"enc":0,"dec":0}},"average_gpu_estimated_utilization_relative":1.0,"per_gpu_performance_state":{"0":"P2"},"per_gpu_power_draw":{"0":40.99},"cpu_count_adjusted_average_load":[0.1478125,0.160625,0.158125],"realtime_carbon_intensity":337.461173778,"disk_write_speed":20.8700740484,"process_ids":[5171,5111]}
{"timestamp":1572411415.1214470863,"rapl_power_draw_absolute":88.7676572459,"rapl_estimated_attributable_power_draw":19.6437363528,"cpu_time_seconds":{"5171":{"user":0.24,"system":0.87,"children_user":0.03,"children_system":0.63},"5111":{"user":35.01,"system":2.98,"children_user":1.0,"children_system":0.29}},"average_relative_cpu_utilization":0.2288255799,"absolute_cpu_utilization":0.9987784365,"relative_mem_usage":0.1596583231,"absolute_mem_usage":3862016000.0,"absolute_mem_percent_usage":0.0285865644,"mem_info_per_process":{"5171":{"rss":3268521984,"vms":11470499840,"shared":180187136,"text":2322432,"lib":0,"data":9716105216,"dirty":0,"uss":108421120,"pss":1683148800,"swap":0},"5111":{"rss":3660816384,"vms":11470499840,"shared":573165568,"text":2322432,"lib":0,"data":9716105216,"dirty":0,"uss":168255488,"pss":1902190592,"swap":0}},"nvidia_draw_absolute":40.74,"nvidia_estimated_attributable_power_draw":40.74,"average_gpu_estimated_utilization_absolute":0.295,"per_gpu_average_estimated_utilization_absolute":{"(0, 5111)":{"sm":29.5,"mem":2.0,"enc":0.0,"dec":0.0}},"average_gpu_estimated_utilization_relative":1.0,"per_gpu_performance_state":{"0":"P2"},"per_gpu_power_draw":{"0":40.74},"cpu_count_adjusted_average_load":[0.1515625,0.1609375,0.158125],"realtime_carbon_intensity":337.461173778,"disk_write_speed":39.001543583,"process_ids":[5171,5111]}
{"timestamp":1572411423.2439229488,"rapl_power_draw_absolute":89.1856032709,"rapl_estimated_attributable_power_draw":19.6650348736,"cpu_time_seconds":{"5171":{"user":0.35,"system":1.15,"children_user":0.04,"children_system":0.84},"5111":{"user":43.14,"system":2.98,"children_user":1.0,"children_system":0.29}},"average_relative_cpu_utilization":0.227782675,"absolute_cpu_utilization":0.9987453765,"relative_mem_usage":0.1596644885,"absolute_mem_usage":3862086656.0,"absolute_mem_percent_usage":0.0285870874,"mem_info_per_process":{"5171":{"rss":3268587520,"vms":11470499840,"shared":180252672,"text":2322432,"lib":0,"data":9716105216,"dirty":0,"uss":108441600,"pss":1683171328,"swap":0},"5111":{"rss":3660816384,"vms":11470499840,"shared":573165568,"text":2322432,"lib":0,"data":9716105216,"dirty":0,"uss":168275968,"pss":1902197760,"swap":0}},"nvidia_draw_absolute":41.36,"nvidia_estimated_attributable_power_draw":41.36,"average_gpu_estimated_utilization_absolute":0.2933333333,"per_gpu_average_estimated_utilization_absolute":{"(0, 5111)":{"sm":29.3333333333,"mem":1.3333333333,"enc":0.0,"dec":0.0}},"average_gpu_estimated_utilization_relative":1.0,"per_gpu_performance_state":{"0":"P2"},"per_gpu_power_draw":{"0":41.36},"cpu_count_adjusted_average_load":[0.1640625,0.1634375,0.1590625],"realtime_carbon_intensity":337.461173778,"disk_write_speed":28.2948447784,"process_ids":[5171,5111]}
{"timestamp":1572411431.4097959995,"rapl_power_draw_absolute":89.0157173296,"rapl_estimated_attributable_power_draw":19.5604583766,"cpu_time_seconds":{"5171":{"user":0.44,"system":1.44,"children_user":0.05,"children_system":1.04},"5111":{"user":51.3,"system":2.98,"children_user":1.0,"children_system":0.29}},"average_relative_cpu_utilization":0.2270069243,"absolute_cpu_utilization":0.9987875246,"relative_mem_usage":0.1595966261,"absolute_mem_usage":3862100992.0,"absolute_mem_percent_usage":0.0285871935,"mem_info_per_process":{"5171":{"rss":3268591616,"vms":11470499840,"shared":180252672,"text":2322432,"lib":0,"data":9716105216,"dirty":0,"uss":108449792,"pss":1683177472,"swap":0},"5111":{"rss":3660816384,"vms":11470499840,"shared":573165568,"text":2322432,"lib":0,"data":9716105216,"dirty":0,"uss":168280064,"pss":1902193664,"swap":0}},"nvidia_draw_absolute":41.08,"nvidia_estimated_attributable_power_draw":41.08,"average_gpu_estimated_utilization_absolute":0.295,"per_gpu_average_estimated_utilization_absolute":{"(0, 5111)":{"sm":29.5,"mem":1.0,"enc":0.0,"dec":0.0}},"average_gpu_estimated_utilization_relative":1.0,"per_gpu_performance_state":{"0":"P2"},"per_gpu_power_draw":{"0":41.08},"cpu_count_adjusted_average_load":[0.1609375,0.1628125,0.15875],"realtime_carbon_intensity":337.461173778,"disk_write_speed":34.2675006128,"process_ids":[5171,5111]}
{"timestamp":1572411439.5379920006,"rapl_power_draw_absolute":89.1330635838,"rapl_estimated_attributable_power_draw":19.6457449945,"cpu_time_seconds":{"5171":{"user":0.53,"system":1.74,"children_user":0.06,"children_system":1.25},"5111":{"user":59.42,"system":2.99,"children_user":1.0,"children_system":0.29}},"average_relative_cpu_utilization":0.2275245953,"absolute_cpu_utilization":0.9995915454,"relative_mem_usage":0.1596656596,"absolute_mem_usage":3862107136.0,"absolute_mem_percent_usage":0.028587239,"mem_info_per_process":{"5171":{"rss":3268591616,"vms":11470499840,"shared":180252672,"text":2322432,"lib":0,"data":9716105216,"dirty":0,"uss":108449792,"pss":1683177472,"swap":0},"5111":{"rss":3660816384,"vms":11470499840,"shared":573165568,"text":2322432,"lib":0,"data":9716105216,"dirty":0,"uss":168280064,"pss":1902199808,"swap":0}},"nvidia_draw_absolute":40.59,"nvidia_estimated_attributable_power_draw":40.59,"average_gpu_estimated_utilization_absolute":0.295,"per_gpu_average_estimated_utilization_absolute":{"(0, 5111)":{"sm":29.5,"mem":2.0,"enc":0.0,"dec":0.0}},"average_gpu_estimated_utilization_relative":1.0,"per_gpu_performance_state":{"0":"P2"},"per_gpu_power_draw":{"0":40.59},"cpu_count_adjusted_average_load":[0.158125,0.1621875,0.15875],"realtime_carbon_intensity":337.461173778,"disk_write_speed":36.7153601591,"process_ids":[5171,5111]}
{"timestamp":1572411448.3564939499,"rapl_power_draw_absolute":84.2773392375,"rapl_estimated_attributable_power_draw":22.2799410568,"cpu_time_seconds":{"5171":{"user":0.65,"system":2.01,"children_user":0.06,"children_system":1.45},"5111":{"user":68.24,"system":3.0,"children_user":1.0,"children_system":0.29}},"average_relative_cpu_utilization":0.2742062749,"absolute_cpu_utilization":1.0037854118,"relative_mem_usage":0.1864857155,"absolute_mem_usage":3871954944.0,"absolute_mem_percent_usage":0.0286601323,"mem_info_per_process":{"5171":{"rss":3268591616,"vms":11470499840,"shared":180252672,"text":2322432,"lib":0,"data":9716105216,"dirty":0,"uss":108511232,"pss":1684458496,"swap":0},"5111":{"rss":3660816384,"vms":11470499840,"shared":573165568,"text":2322432,"lib":0,"data":9716105216,"dirty":0,"uss":169435136,"pss":1909550080,"swap":0}},"nvidia_draw_absolute":40.67,"nvidia_estimated_attributable_power_draw":40.67,"average_gpu_estimated_utilization_absolute":0.29,"per_gpu_average_estimated_utilization_absolute":{"(0, 5111)":{"sm":29,"mem":2,"enc":0,"dec":0}},"average_gpu_estimated_utilization_relative":1.0,"per_gpu_performance_state":{"0":"P2"},"per_gpu_power_draw":{"0":40.67},"cpu_count_adjusted_average_load":[0.1671875,0.1640625,0.159375],"realtime_carbon_intensity":337.461173778,"disk_write_speed":23.1683848671,"process_ids":[5171,5111]}
{"timestamp":1572411457.488437891,"rapl_power_draw_absolute":86.1006528871,"rapl_estimated_attributable_power_draw":20.802491009,"cpu_time_seconds":{"5171":{"user":0.76,"system":2.28,"children_user":0.07,"children_system":1.66},"5111":{"user":77.37,"system":3.0,"children_user":1.0,"children_system":0.29}},"average_relative_cpu_utilization":0.2484468171,"absolute_cpu_utilization":1.0037310761,"relative_mem_usage":0.1860847559,"absolute_mem_usage":3871956992.0,"absolute_mem_percent_usage":0.0286601475,"mem_info_per_process":{"5171":{"rss":3268591616,"vms":11470499840,"shared":180252672,"text":2322432,"lib":0,"data":9716105216,"dirty":0,"uss":108515328,"pss":1684456448,"swap":0},"5111":{"rss":3660816384,"vms":11470499840,"shared":573165568,"text":2322432,"lib":0,"data":9716105216,"dirty":0,"uss":169451520,"pss":1909533696,"swap":0}},"nvidia_draw_absolute":40.72,"nvidia_estimated_attributable_power_draw":40.72,"average_gpu_estimated_utilization_absolute":0.285,"per_gpu_average_estimated_utilization_absolute":{"(0, 5111)":{"sm":28.5,"mem":1.5,"enc":0.0,"dec":0.0}},"average_gpu_estimated_utilization_relative":1.0,"per_gpu_performance_state":{"0":"P2"},"per_gpu_power_draw":{"0":40.72},"cpu_count_adjusted_average_load":[0.1803125,0.166875,0.1603125],"realtime_carbon_intensity":337.461173778,"disk_write_speed":34.8572246441,"process_ids":[5171,5111]}
{"timestamp":1572411467.6213710308,"rapl_power_draw_absolute":89.7945668866,"rapl_estimated_attributable_power_draw":17.6429890244,"cpu_time_seconds":{"5171":{"user":0.87,"system":2.56,"children_user":0.08,"children_system":1.86},"5111":{"user":87.48,"system":3.02,"children_user":1.0,"children_system":0.29}},"average_relative_cpu_utilization":0.1991999925,"absolute_cpu_utilization":0.9987058887,"relative_mem_usage":0.1745564303,"absolute_mem_usage":3825848320.0,"absolute_mem_percent_usage":0.028318852,"mem_info_per_process":{"5171":{"rss":3269165056,"vms":11470499840,"shared":180252672,"text":2322432,"lib":0,"data":9716105216,"dirty":0,"uss":109113344,"pss":1684178944,"swap":0},"5111":{"rss":3660816384,"vms":11470499840,"shared":573165568,"text":2322432,"lib":0,"data":9716105216,"dirty":0,"uss":157003776,"pss":1875552256,"swap":0}},"nvidia_draw_absolute":41.34,"nvidia_estimated_attributable_power_draw":41.34,"average_gpu_estimated_utilization_absolute":0.29,"per_gpu_average_estimated_utilization_absolute":{"(0, 5111)":{"sm":29.0,"mem":1.3333333333,"enc":0.0,"dec":0.0}},"average_gpu_estimated_utilization_relative":1.0,"per_gpu_performance_state":{"0":"P2"},"per_gpu_power_draw":{"0":41.34},"cpu_count_adjusted_average_load":[0.171875,0.165625,0.16],"realtime_carbon_intensity":337.461173778,"disk_write_speed":37.5991871132,"process_ids":[5171,5111]}
{"timestamp":1572411475.7867109776,"rapl_power_draw_absolute":89.3445153976,"rapl_estimated_attributable_power_draw":20.2822275996,"cpu_time_seconds":{"5171":{"user":0.98,"system":2.9,"children_user":0.1,"children_system":2.05},"5111":{"user":95.61,"system":3.04,"children_user":1.0,"children_system":0.29}},"average_relative_cpu_utilization":0.2353513677,"absolute_cpu_utilization":1.0037604112,"relative_mem_usage":0.1562914194,"absolute_mem_usage":3777491968.0,"absolute_mem_percent_usage":0.0279609193,"mem_info_per_process":{"5171":{"rss":3269165056,"vms":11470499840,"shared":180252672,"text":2322432,"lib":0,"data":9716105216,"dirty":0,"uss":109117440,"pss":1684073472,"swap":0},"5111":{"rss":3660816384,"vms":11470499840,"shared":573165568,"text":2322432,"lib":0,"data":9716105216,"dirty":0,"uss":141135872,"pss":1843165184,"swap":0}},"nvidia_draw_absolute":40.74,"nvidia_estimated_attributable_power_draw":40.74,"average_gpu_estimated_utilization_absolute":0.28,"per_gpu_average_estimated_utilization_absolute":{"(0, 5111)":{"sm":28,"mem":1,"enc":0,"dec":0}},"average_gpu_estimated_utilization_relative":1.0,"per_gpu_performance_state":{"0":"P2"},"per_gpu_power_draw":{"0":40.74},"cpu_count_adjusted_average_load":[0.173125,0.1659375,0.16],"realtime_carbon_intensity":337.461173778,"disk_write_speed":35.7184112676,"process_ids":[5171,5111]}
{"timestamp":1572411483.9497690201,"rapl_power_draw_absolute":88.3844928632,"rapl_estimated_attributable_power_draw":19.5935492735,"cpu_time_seconds":{"5171":{"user":1.08,"system":3.22,"children_user":0.11,"children_system":2.26},"5111":{"user":103.77,"system":3.04,"children_user":1.0,"children_system":0.29}},"average_relative_cpu_utilization":0.2296127529,"absolute_cpu_utilization":0.9987652795,"relative_mem_usage":0.1561921387,"absolute_mem_usage":3776945152.0,"absolute_mem_percent_usage":0.0279568717,"mem_info_per_process":{"5171":{"rss":3269165056,"vms":11470499840,"shared":180252672,"text":2322432,"lib":0,"data":9716105216,"dirty":0,"uss":109080576,"pss":1683740672,"swap":0},"5111":{"rss":3660816384,"vms":11470499840,"shared":573165568,"text":2322432,"lib":0,"data":9716105216,"dirty":0,"uss":141139968,"pss":1842983936,"swap":0}},"nvidia_draw_absolute":40.74,"nvidia_estimated_attributable_power_draw":40.74,"average_gpu_estimated_utilization_absolute":0.27,"per_gpu_average_estimated_utilization_absolute":{"(0, 5111)":{"sm":27.0,"mem":1.25,"enc":0.0,"dec":0.0}},"average_gpu_estimated_utilization_relative":1.0,"per_gpu_performance_state":{"0":"P2"},"per_gpu_power_draw":{"0":40.74},"cpu_count_adjusted_average_load":[0.165625,0.164375,0.1596875],"realtime_carbon_intensity":337.461173778,"disk_write_speed":36.2587054898,"process_ids":[5171,5111]}
{"timestamp":1572411492.1401979923,"rapl_power_draw_absolute":88.4127741043,"rapl_estimated_attributable_power_draw":19.549572592,"cpu_time_seconds":{"5171":{"user":1.21,"system":3.54,"children_user":0.12,"children_system":2.48},"5111":{"user":111.96,"system":3.05,"children_user":1.0,"children_system":0.29}},"average_relative_cpu_utilization":0.2290856455,"absolute_cpu_utilization":0.9987459543,"relative_mem_usage":0.1561868739,"absolute_mem_usage":3776945152.0,"absolute_mem_percent_usage":0.0279568717,"mem_info_per_process":{"5171":{"rss":3269165056,"vms":11470499840,"shared":180252672,"text":2322432,"lib":0,"data":9716105216,"dirty":0,"uss":109080576,"pss":1683740672,"swap":0},"5111":{"rss":3660816384,"vms":11470499840,"shared":573165568,"text":2322432,"lib":0,"data":9716105216,"dirty":0,"uss":141139968,"pss":1842983936,"swap":0}},"nvidia_draw_absolute":41.12,"nvidia_estimated_attributable_power_draw":41.12,"average_gpu_estimated_utilization_absolute":0.27,"per_gpu_average_estimated_utilization_absolute":{"(0, 5111)":{"sm":27.0,"mem":1.5,"enc":0.0,"dec":0.0}},"average_gpu_estimated_utilization_relative":1.0,"per_gpu_performance_state":{"0":"P2"},"per_gpu_power_draw":{"0":41.12},"cpu_count_adjusted_average_load":[0.1675,0.165,0.16],"realtime_carbon_intensity":337.461173778,"disk_write_speed":29.3030182489,"process_ids":[5171,5111]}
{"timestamp":1572411500.3159940243,"rapl_power_draw_absolute":88.4298099771,"rapl_estimated_attributable_power_draw":19.2230967381,"cpu_time_seconds":{"5171":{"user":1.32,"system":3.82,"children_user":0.12,"children_system":2.71},"5111":{"user":120.13,"system":3.05,"children_user":1.0,"children_system":0.29}},"average_relative_cpu_utilization":0.2248514634,"absolute_cpu_utilization":0.9937750527,"relative_mem_usage":0.1562014575,"absolute_mem_usage":3776957440.0,"absolute_mem_percent_usage":0.0279569627,"mem_info_per_process":{"5171":{"rss":3269165056,"vms":11470499840,"shared":180252672,"text":2322432,"lib":0,"data":9716105216,"dirty":0,"uss":109084672,"pss":1683742720,"swap":0},"5111":{"rss":3660816384,"vms":11470499840,"shared":573165568,"text":2322432,"lib":0,"data":9716105216,"dirty":0,"uss":141144064,"pss":1842985984,"swap":0}},"nvidia_draw_absolute":40.55,"nvidia_estimated_attributable_power_draw":40.55,"average_gpu_estimated_utilization_absolute":0.275,"per_gpu_average_estimated_utilization_absolute":{"(0, 5111)":{"sm":27.5,"mem":1.0,"enc":0.0,"dec":0.0}},"average_gpu_estimated_utilization_relative":1.0,"per_gpu_performance_state":{"0":"P2"},"per_gpu_power_draw":{"0":40.55},"cpu_count_adjusted_average_load":[0.163125,0.1640625,0.1596875],"realtime_carbon_intensity":337.461173778,"disk_write_speed":27.963531371,"process_ids":[5171,5111]}
{"timestamp":1572411508.4290790558,"rapl_power_draw_absolute":88.6146824011,"rapl_estimated_attributable_power_draw":19.2761052637,"cpu_time_seconds":{"5171":{"user":1.44,"system":4.1,"children_user":0.14,"children_system":2.91},"5111":{"user":128.24,"system":3.06,"children_user":1.0,"children_system":0.29}},"average_relative_cpu_utilization":0.2247115264,"absolute_cpu_utilization":0.9987835352,"relative_mem_usage":0.1562019392,"absolute_mem_usage":3776969728.0,"absolute_mem_percent_usage":0.0279570536,"mem_info_per_process":{"5171":{"rss":3269165056,"vms":11470499840,"shared":180252672,"text":2322432,"lib":0,"data":9716105216,"dirty":0,"uss":109088768,"pss":1683744768,"swap":0},"5111":{"rss":3660816384,"vms":11470499840,"shared":573165568,"text":2322432,"lib":0,"data":9716105216,"dirty":0,"uss":141148160,"pss":1842988032,"swap":0}},"nvidia_draw_absolute":40.83,"nvidia_estimated_attributable_power_draw":40.83,"average_gpu_estimated_utilization_absolute":0.275,"per_gpu_average_estimated_utilization_absolute":{"(0, 5111)":{"sm":27.5,"mem":1.0,"enc":0.0,"dec":0.0}},"average_gpu_estimated_utilization_relative":1.0,"per_gpu_performance_state":{"0":"P2"},"per_gpu_power_draw":{"0":40.83},"cpu_count_adjusted_average_load":[0.1596875,0.163125,0.159375],"realtime_carbon_intensity":337.461173778,"disk_write_speed":28.0159456888,"process_ids":[5171,5111]}
{"timestamp":1572411516.6302559376,"rapl_power_draw_absolute":88.7141026639,"rapl_estimated_attributable_power_draw":19.4939772831,"cpu_time_seconds":{"5171":{"user":1.54,"system":4.4,"children_user":0.14,"children_system":3.14},"5111":{"user":136.44,"system":3.06,"children_user":1.0,"children_system":0.29}},"average_relative_cpu_utilization":0.2272613905,"absolute_cpu_utilization":0.9987725929,"relative_mem_usage":0.1562038233,"absolute_mem_usage":3776982016.0,"absolute_mem_percent_usage":0.0279571446,"mem_info_per_process":{"5171":{"rss":3269165056,"vms":11470499840,"shared":180252672,"text":2322432,"lib":0,"data":9716105216,"dirty":0,"uss":109092864,"pss":1683746816,"swap":0},"5111":{"rss":3660816384,"vms":11470499840,"shared":573165568,"text":2322432,"lib":0,"data":9716105216,"dirty":0,"uss":141152256,"pss":1842990080,"swap":0}},"nvidia_draw_absolute":40.94,"nvidia_estimated_attributable_power_draw":40.94,"average_gpu_estimated_utilization_absolute":0.2733333333,"per_gpu_average_estimated_utilization_absolute":{"(0, 5111)":{"sm":27.3333333333,"mem":1.6666666667,"enc":0.0,"dec":0.0}},"average_gpu_estimated_utilization_relative":1.0,"per_gpu_performance_state":{"0":"P2"},"per_gpu_power_draw":{"0":40.94},"cpu_count_adjusted_average_load":[0.156875,0.1625,0.1590625],"realtime_carbon_intensity":337.461173778,"disk_write_speed":48.8893572063,"process_ids":[5171,5111]}
{"timestamp":1572411524.7751009464,"rapl_power_draw_absolute":88.6694525031,"rapl_estimated_attributable_power_draw":19.2629984738,"cpu_time_seconds":{"5171":{"user":1.67,"system":4.72,"children_user":0.15,"children_system":3.36},"5111":{"user":144.58,"system":3.07,"children_user":1.0,"children_system":0.29}},"average_relative_cpu_utilization":0.2247121247,"absolute_cpu_utilization":0.9987785833,"relative_mem_usage":0.1562092059,"absolute_mem_usage":3777006592.0,"absolute_mem_percent_usage":0.0279573265,"mem_info_per_process":{"5171":{"rss":3269165056,"vms":11470499840,"shared":180252672,"text":2322432,"lib":0,"data":9716105216,"dirty":0,"uss":109101056,"pss":1683750912,"swap":0},"5111":{"rss":3660816384,"vms":11470499840,"shared":573165568,"text":2322432,"lib":0,"data":9716105216,"dirty":0,"uss":141160448,"pss":1842994176,"swap":0}},"nvidia_draw_absolute":41.83,"nvidia_estimated_attributable_power_draw":41.83,"average_gpu_estimated_utilization_absolute":0.29,"per_gpu_average_estimated_utilization_absolute":{"(0, 5111)":{"sm":29,"mem":1,"enc":0,"dec":0}},"average_gpu_estimated_utilization_relative":1.0,"per_gpu_performance_state":{"0":"P2"},"per_gpu_power_draw":{"0":41.83},"cpu_count_adjusted_average_load":[0.16125,0.1634375,0.159375],"realtime_carbon_intensity":337.461173778,"disk_write_speed":29.3926931445,"process_ids":[5171,5111]}
{"timestamp":1572411532.9098091125,"rapl_power_draw_absolute":82.5997665992,"rapl_estimated_attributable_power_draw":22.8148151543,"cpu_time_seconds":{"5171":{"user":1.77,"system":5.01,"children_user":0.16,"children_system":3.56},"5111":{"user":152.7,"system":3.08,"children_user":1.0,"children_system":0.29}},"average_relative_cpu_utilization":0.2877610546,"absolute_cpu_utilization":0.9994608223,"relative_mem_usage":0.1866938768,"absolute_mem_usage":3873301504.0,"absolute_mem_percent_usage":0.0286700995,"mem_info_per_process":{"5171":{"rss":3269165056,"vms":11470499840,"shared":180252672,"text":2322432,"lib":0,"data":9716105216,"dirty":0,"uss":109146112,"pss":1685065728,"swap":0},"5111":{"rss":3660816384,"vms":11470499840,"shared":573165568,"text":2322432,"lib":0,"data":9716105216,"dirty":0,"uss":169500672,"pss":1909588992,"swap":0}},"nvidia_draw_absolute":40.74,"nvidia_estimated_attributable_power_draw":40.74,"average_gpu_estimated_utilization_absolute":0.285,"per_gpu_average_estimated_utilization_absolute":{"(0, 5111)":{"sm":28.5,"mem":1.5,"enc":0.0,"dec":0.0}},"average_gpu_estimated_utilization_relative":1.0,"per_gpu_performance_state":{"0":"P2"},"per_gpu_power_draw":{"0":40.74},"cpu_count_adjusted_average_load":[0.1653125,0.164375,0.1596875],"realtime_carbon_intensity":337.461173778,"disk_write_speed":31.6712589432,"process_ids":[5171,5111]}
{"timestamp":1572411541.8555839062,"rapl_power_draw_absolute":85.1082391816,"rapl_estimated_attributable_power_draw":22.5011988936,"cpu_time_seconds":{"5171":{"user":1.87,"system":5.29,"children_user":0.16,"children_system":3.76},"5111":{"user":161.64,"system":3.09,"children_user":1.0,"children_system":0.29}},"average_relative_cpu_utilization":0.274578856,"absolute_cpu_utilization":1.0037711803,"relative_mem_usage":0.1851163347,"absolute_mem_usage":3852849152.0,"absolute_mem_percent_usage":0.0285187116,"mem_info_per_process":{"5171":{"rss":3269165056,"vms":11470499840,"shared":180252672,"text":2322432,"lib":0,"data":9716105216,"dirty":0,"uss":109146112,"pss":1684536320,"swap":0},"5111":{"rss":3660816384,"vms":11470499840,"shared":573165568,"text":2322432,"lib":0,"data":9716105216,"dirty":0,"uss":165617664,"pss":1893549056,"swap":0}},"nvidia_draw_absolute":41.08,"nvidia_estimated_attributable_power_draw":41.08,"average_gpu_estimated_utilization_absolute":0.28,"per_gpu_average_estimated_utilization_absolute":{"(0, 5111)":{"sm":28,"mem":1,"enc":0,"dec":0}},"average_gpu_estimated_utilization_relative":1.0,"per_gpu_performance_state":{"0":"P2"},"per_gpu_power_draw":{"0":41.08},"cpu_count_adjusted_average_load":[0.1721875,0.165625,0.1603125],"realtime_carbon_intensity":337.461173778,"disk_write_speed":44.7151042869,"process_ids":[5171,5111]}
{"timestamp":1572411549.9776389599,"rapl_power_draw_absolute":88.1001753865,"rapl_estimated_attributable_power_draw":20.3027681262,"cpu_time_seconds":{"5171":{"user":2.03,"system":5.54,"children_user":0.18,"children_system":3.96},"5111":{"user":169.76,"system":3.1,"children_user":1.0,"children_system":0.29}},"average_relative_cpu_utilization":0.2403735204,"absolute_cpu_utilization":0.9987339241,"relative_mem_usage":0.1569140637,"absolute_mem_usage":3779640320.0,"absolute_mem_percent_usage":0.0279768213,"mem_info_per_process":{"5171":{"rss":3269165056,"vms":11470499840,"shared":180252672,"text":2322432,"lib":0,"data":9716105216,"dirty":0,"uss":109150208,"pss":1684372480,"swap":0},"5111":{"rss":3660816384,"vms":11470499840,"shared":573165568,"text":2322432,"lib":0,"data":9716105216,"dirty":0,"uss":142946304,"pss":1843171328,"swap":0}},"nvidia_draw_absolute":40.34,"nvidia_estimated_attributable_power_draw":40.34,"average_gpu_estimated_utilization_absolute":0.28,"per_gpu_average_estimated_utilization_absolute":{"(0, 5111)":{"sm":28,"mem":2,"enc":0,"dec":0}},"average_gpu_estimated_utilization_relative":1.0,"per_gpu_performance_state":{"0":"P2"},"per_gpu_power_draw":{"0":40.34},"cpu_count_adjusted_average_load":[0.1671875,0.1646875,0.16],"realtime_carbon_intensity":337.461173778,"disk_write_speed":37.5059207935,"process_ids":[5171,5111]}
{"timestamp":1572411558.1457989216,"rapl_power_draw_absolute":88.3280417103,"rapl_estimated_attributable_power_draw":19.6426302272,"cpu_time_seconds":{"5171":{"user":2.15,"system":5.86,"children_user":0.19,"children_system":4.17},"5111":{"user":177.93,"system":3.1,"children_user":1.0,"children_system":0.29}},"average_relative_cpu_utilization":0.2302297707,"absolute_cpu_utilization":1.0037498645,"relative_mem_usage":0.1562144269,"absolute_mem_usage":3778397184.0,"absolute_mem_percent_usage":0.0279676197,"mem_info_per_process":{"5171":{"rss":3269165056,"vms":11470499840,"shared":180252672,"text":2322432,"lib":0,"data":9716105216,"dirty":0,"uss":109146112,"pss":1683788800,"swap":0},"5111":{"rss":3660816384,"vms":11470499840,"shared":573165568,"text":2322432,"lib":0,"data":9716105216,"dirty":0,"uss":142897152,"pss":1842565120,"swap":0}},"nvidia_draw_absolute":41.12,"nvidia_estimated_attributable_power_draw":41.12,"average_gpu_estimated_utilization_absolute":0.275,"per_gpu_average_estimated_utilization_absolute":{"(0, 5111)":{"sm":27.5,"mem":2.0,"enc":0.0,"dec":0.0}},"average_gpu_estimated_utilization_relative":1.0,"per_gpu_performance_state":{"0":"P2"},"per_gpu_power_draw":{"0":41.12},"cpu_count_adjusted_average_load":[0.158125,0.163125,0.159375],"realtime_carbon_intensity":337.461173778,"disk_write_speed":27.7592519406,"process_ids":[5171,5111]}
{"timestamp":1572411566.2705609798,"rapl_power_draw_absolute":88.0744411153,"rapl_estimated_attributable_power_draw":19.4795837261,"cpu_time_seconds":{"5171":{"user":2.27,"system":6.13,"children_user":0.2,"children_system":4.38},"5111":{"user":186.05,"system":3.11,"children_user":1.0,"children_system":0.29}},"average_relative_cpu_utilization":0.228919063,"absolute_cpu_utilization":1.0037326539,"relative_mem_usage":0.1562653038,"absolute_mem_usage":3778510848.0,"absolute_mem_percent_usage":0.027968461,"mem_info_per_process":{"5171":{"rss":3269165056,"vms":11470499840,"shared":180252672,"text":2322432,"lib":0,"data":9716105216,"dirty":0,"uss":109150208,"pss":1683788800,"swap":0},"5111":{"rss":3660816384,"vms":11470499840,"shared":573165568,"text":2322432,"lib":0,"data":9716105216,"dirty":0,"uss":142901248,"pss":1842670592,"swap":0}},"nvidia_draw_absolute":40.55,"nvidia_estimated_attributable_power_draw":40.55,"average_gpu_estimated_utilization_absolute":0.27,"per_gpu_average_estimated_utilization_absolute":{"(0, 5111)":{"sm":27,"mem":2,"enc":0,"dec":0}},"average_gpu_estimated_utilization_relative":1.0,"per_gpu_performance_state":{"0":"P2"},"per_gpu_power_draw":{"0":40.55},"cpu_count_adjusted_average_load":[0.155625,0.1625,0.159375],"realtime_carbon_intensity":337.461173778,"disk_write_speed":26.9562133296,"process_ids":[5171,5111]}
{"timestamp":1572411574.4311490059,"rapl_power_draw_absolute":88.3170878232,"rapl_estimated_attributable_power_draw":19.4774784567,"cpu_time_seconds":{"5171":{"user":2.38,"system":6.41,"children_user":0.21,"children_system":4.6},"5111":{"user":194.2,"system":3.11,"children_user":1.0,"children_system":0.29}},"average_relative_cpu_utilization":0.2282989248,"absolute_cpu_utilization":0.9987347992,"relative_mem_usage":0.1562830993,"absolute_mem_usage":3778523136.0,"absolute_mem_percent_usage":0.0279685519,"mem_info_per_process":{"5171":{"rss":3269165056,"vms":11470499840,"shared":180252672,"text":2322432,"lib":0,"data":9716105216,"dirty":0,"uss":109154304,"pss":1683790848,"swap":0},"5111":{"rss":3660816384,"vms":11470499840,"shared":573165568,"text":2322432,"lib":0,"data":9716105216,"dirty":0,"uss":142905344,"pss":1842672640,"swap":0}},"nvidia_draw_absolute":41.02,"nvidia_estimated_attributable_power_draw":41.02,"average_gpu_estimated_utilization_absolute":0.2733333333,"per_gpu_average_estimated_utilization_absolute":{"(0, 5111)":{"sm":27.3333333333,"mem":1.3333333333,"enc":0.0,"dec":0.0}},"average_gpu_estimated_utilization_relative":1.0,"per_gpu_performance_state":{"0":"P2"},"per_gpu_power_draw":{"0":41.02},"cpu_count_adjusted_average_load":[0.155625,0.1621875,0.159375],"realtime_carbon_intensity":337.461173778,"disk_write_speed":24.9792645783,"process_ids":[5171,5111]}
{"timestamp":1572411582.6387848854,"rapl_power_draw_absolute":88.593959966,"rapl_estimated_attributable_power_draw":19.4838524926,"cpu_time_seconds":{"5171":{"user":2.47,"system":6.71,"children_user":0.22,"children_system":4.81},"5111":{"user":202.41,"system":3.12,"children_user":1.0,"children_system":0.29}},"average_relative_cpu_utilization":0.2276216004,"absolute_cpu_utilization":1.0037341981,"relative_mem_usage":0.1562686126,"absolute_mem_usage":3778531328.0,"absolute_mem_percent_usage":0.0279686126,"mem_info_per_process":{"5171":{"rss":3269165056,"vms":11470499840,"shared":180252672,"text":2322432,"lib":0,"data":9716105216,"dirty":0,"uss":109158400,"pss":1683790848,"swap":0},"5111":{"rss":3660816384,"vms":11470499840,"shared":573165568,"text":2322432,"lib":0,"data":9716105216,"dirty":0,"uss":142909440,"pss":1842672640,"swap":0}},"nvidia_draw_absolute":40.55,"nvidia_estimated_attributable_power_draw":40.55,"average_gpu_estimated_utilization_absolute":0.27,"per_gpu_average_estimated_utilization_absolute":{"(0, 5111)":{"sm":27,"mem":2,"enc":0,"dec":0}},"average_gpu_estimated_utilization_relative":1.0,"per_gpu_performance_state":{"0":"P2"},"per_gpu_power_draw":{"0":40.55},"cpu_count_adjusted_average_load":[0.155625,0.161875,0.1590625],"realtime_carbon_intensity":337.461173778,"disk_write_speed":23.745185188,"process_ids":[5171,5111]}
{"timestamp":1572411590.7832970619,"rapl_power_draw_absolute":88.3600075645,"rapl_estimated_attributable_power_draw":19.2741501573,"cpu_time_seconds":{"5171":{"user":2.56,"system":7.02,"children_user":0.24,"children_system":5.02},"5111":{"user":210.55,"system":3.12,"children_user":1.0,"children_system":0.29}},"average_relative_cpu_utilization":0.225470734,"absolute_cpu_utilization":0.9987686147,"relative_mem_usage":0.1562717151,"absolute_mem_usage":3778543616.0,"absolute_mem_percent_usage":0.0279687035,"mem_info_per_process":{"5171":{"rss":3269165056,"vms":11470499840,"shared":180252672,"text":2322432,"lib":0,"data":9716105216,"dirty":0,"uss":109162496,"pss":1683792896,"swap":0},"5111":{"rss":3660816384,"vms":11470499840,"shared":573165568,"text":2322432,"lib":0,"data":9716105216,"dirty":0,"uss":142913536,"pss":1842674688,"swap":0}},"nvidia_draw_absolute":40.83,"nvidia_estimated_attributable_power_draw":40.83,"average_gpu_estimated_utilization_absolute":0.275,"per_gpu_average_estimated_utilization_absolute":{"(0, 5111)":{"sm":27.5,"mem":1.0,"enc":0.0,"dec":0.0}},"average_gpu_estimated_utilization_relative":1.0,"per_gpu_performance_state":{"0":"P2"},"per_gpu_power_draw":{"0":40.83},"cpu_count_adjusted_average_load":[0.158125,0.1625,0.159375],"realtime_carbon_intensity":337.461173778,"disk_write_speed":21.8811656415,"process_ids":[5171,5111]}
{"timestamp":1572411598.9909470081,"rapl_power_draw_absolute":88.3714669329,"rapl_estimated_attributable_power_draw":19.3115599553,"cpu_time_seconds":{"5171":{"user":2.66,"system":7.32,"children_user":0.26,"children_system":5.22},"5111":{"user":218.75,"system":3.13,"children_user":1.0,"children_system":0.29}},"average_relative_cpu_utilization":0.2262351404,"absolute_cpu_utilization":0.9987348995,"relative_mem_usage":0.1561810566,"absolute_mem_usage":3778532352.0,"absolute_mem_percent_usage":0.0279686202,"mem_info_per_process":{"5171":{"rss":3269165056,"vms":11470499840,"shared":180252672,"text":2322432,"lib":0,"data":9716105216,"dirty":0,"uss":109166592,"pss":1683791872,"swap":0},"5111":{"rss":3660816384,"vms":11470499840,"shared":573165568,"text":2322432,"lib":0,"data":9716105216,"dirty":0,"uss":142913536,"pss":1842660352,"swap":0}},"nvidia_draw_absolute":41.17,"nvidia_estimated_attributable_power_draw":41.17,"average_gpu_estimated_utilization_absolute":0.2733333333,"per_gpu_average_estimated_utilization_absolute":{"(0, 5111)":{"sm":27.3333333333,"mem":1.6666666667,"enc":0.0,"dec":0.0}},"average_gpu_estimated_utilization_relative":1.0,"per_gpu_performance_state":{"0":"P2"},"per_gpu_power_draw":{"0":41.17},"cpu_count_adjusted_average_load":[0.155625,0.1615625,0.1590625],"realtime_carbon_intensity":337.461173778,"disk_write_speed":28.7129926573,"process_ids":[5171,5111]}
{"timestamp":1572411607.2079761028,"rapl_power_draw_absolute":80.0509692242,"rapl_estimated_attributable_power_draw":23.6455453891,"cpu_time_seconds":{"5171":{"user":2.76,"system":7.62,"children_user":0.27,"children_system":5.42},"5111":{"user":226.97,"system":3.13,"children_user":1.0,"children_system":0.29}},"average_relative_cpu_utilization":0.3096979226,"absolute_cpu_utilization":1.0037973467,"relative_mem_usage":0.1864306402,"absolute_mem_usage":3873361920.0,"absolute_mem_percent_usage":0.0286705467,"mem_info_per_process":{"5171":{"rss":3269165056,"vms":11470499840,"shared":180252672,"text":2322432,"lib":0,"data":9716105216,"dirty":0,"uss":109178880,"pss":1685075968,"swap":0},"5111":{"rss":3660816384,"vms":11470499840,"shared":573165568,"text":2322432,"lib":0,"data":9716105216,"dirty":0,"uss":169529344,"pss":1909577728,"swap":0}},"nvidia_draw_absolute":41.01,"nvidia_estimated_attributable_power_draw":41.01,"average_gpu_estimated_utilization_absolute":0.305,"per_gpu_average_estimated_utilization_absolute":{"(0, 5111)":{"sm":30.5,"mem":2.0,"enc":0.0,"dec":0.0}},"average_gpu_estimated_utilization_relative":1.0,"per_gpu_performance_state":{"0":"P2"},"per_gpu_power_draw":{"0":41.01},"cpu_count_adjusted_average_load":[0.150625,0.160625,0.15875],"realtime_carbon_intensity":337.461173778,"disk_write_speed":32.2809453095,"process_ids":[5171,5111]}
{"timestamp":1572411615.3868238926,"rapl_power_draw_absolute":84.1403061161,"rapl_estimated_attributable_power_draw":22.2659508253,"cpu_time_seconds":{"5171":{"user":2.86,"system":7.92,"children_user":0.27,"children_system":5.61},"5111":{"user":235.14,"system":3.14,"children_user":1.0,"children_system":0.29}},"average_relative_cpu_utilization":0.274716642,"absolute_cpu_utilization":0.9987796629,"relative_mem_usage":0.1862328315,"absolute_mem_usage":3873362944.0,"absolute_mem_percent_usage":0.0286705543,"mem_info_per_process":{"5171":{"rss":3269165056,"vms":11470499840,"shared":180252672,"text":2322432,"lib":0,"data":9716105216,"dirty":0,"uss":109182976,"pss":1685074944,"swap":0},"5111":{"rss":3660816384,"vms":11470499840,"shared":573165568,"text":2322432,"lib":0,"data":9716105216,"dirty":0,"uss":169533440,"pss":1909571584,"swap":0}},"nvidia_draw_absolute":41.59,"nvidia_estimated_attributable_power_draw":41.59,"average_gpu_estimated_utilization_absolute":0.2966666667,"per_gpu_average_estimated_utilization_absolute":{"(0, 5111)":{"sm":29.6666666667,"mem":1.6666666667,"enc":0.0,"dec":0.0}},"average_gpu_estimated_utilization_relative":1.0,"per_gpu_performance_state":{"0":"P2"},"per_gpu_power_draw":{"0":41.59},"cpu_count_adjusted_average_load":[0.15125,0.1603125,0.15875],"realtime_carbon_intensity":337.461173778,"disk_write_speed":34.7154876264,"process_ids":[5171,5111]}
{"timestamp":1572411623.7202129364,"rapl_power_draw_absolute":84.1760961034,"rapl_estimated_attributable_power_draw":22.5906665304,"cpu_time_seconds":{"5171":{"user":2.98,"system":8.18,"children_user":0.29,"children_system":5.8},"5111":{"user":243.48,"system":3.14,"children_user":1.0,"children_system":0.29}},"average_relative_cpu_utilization":0.2789313008,"absolute_cpu_utilization":0.9987572157,"relative_mem_usage":0.1844197744,"absolute_mem_usage":3849720832.0,"absolute_mem_percent_usage":0.0284955559,"mem_info_per_process":{"5171":{"rss":3269165056,"vms":11470499840,"shared":180252672,"text":2322432,"lib":0,"data":9716105216,"dirty":0,"uss":109187072,"pss":1684374528,"swap":0},"5111":{"rss":3660816384,"vms":11470499840,"shared":573165568,"text":2322432,"lib":0,"data":9716105216,"dirty":0,"uss":164524032,"pss":1891635200,"swap":0}},"nvidia_draw_absolute":41.15,"nvidia_estimated_attributable_power_draw":41.15,"average_gpu_estimated_utilization_absolute":0.29,"per_gpu_average_estimated_utilization_absolute":{"(0, 5111)":{"sm":29.0,"mem":1.5,"enc":0.0,"dec":0.0}},"average_gpu_estimated_utilization_relative":1.0,"per_gpu_performance_state":{"0":"P2"},"per_gpu_power_draw":{"0":41.15},"cpu_count_adjusted_average_load":[0.1471875,0.1590625,0.1584375],"realtime_carbon_intensity":337.461173778,"disk_write_speed":28.6435392125,"process_ids":[5171,5111]}
{"timestamp":1572411632.698745966,"rapl_power_draw_absolute":87.482876128,"rapl_estimated_attributable_power_draw":21.0232261632,"cpu_time_seconds":{"5171":{"user":3.08,"system":8.45,"children_user":0.31,"children_system":6.0},"5111":{"user":252.45,"system":3.14,"children_user":1.0,"children_system":0.29}},"average_relative_cpu_utilization":0.250617669,"absolute_cpu_utilization":0.9987851852,"relative_mem_usage":0.1565066259,"absolute_mem_usage":3772133376.0,"absolute_mem_percent_usage":0.0279212551,"mem_info_per_process":{"5171":{"rss":3269165056,"vms":11470499840,"shared":180252672,"text":2322432,"lib":0,"data":9716105216,"dirty":0,"uss":109191168,"pss":1684080640,"swap":0},"5111":{"rss":3660816384,"vms":11470499840,"shared":573165568,"text":2322432,"lib":0,"data":9716105216,"dirty":0,"uss":137969664,"pss":1840891904,"swap":0}},"nvidia_draw_absolute":41.09,"nvidia_estimated_attributable_power_draw":41.09,"average_gpu_estimated_utilization_absolute":0.295,"per_gpu_average_estimated_utilization_absolute":{"(0, 5111)":{"sm":29.5,"mem":2.0,"enc":0.0,"dec":0.0}},"average_gpu_estimated_utilization_relative":1.0,"per_gpu_performance_state":{"0":"P2"},"per_gpu_power_draw":{"0":41.09},"cpu_count_adjusted_average_load":[0.1453125,0.15875,0.158125],"realtime_carbon_intensity":337.461173778,"disk_write_speed":32.7230999242,"process_ids":[5171,5111]}
{"timestamp":1572411640.8687698841,"rapl_power_draw_absolute":89.3675658386,"rapl_estimated_attributable_power_draw":19.5822458264,"cpu_time_seconds":{"5171":{"user":3.17,"system":8.74,"children_user":0.31,"children_system":6.22},"5111":{"user":260.62,"system":3.15,"children_user":1.0,"children_system":0.29}},"average_relative_cpu_utilization":0.2267476577,"absolute_cpu_utilization":0.9987756011,"relative_mem_usage":0.1558157282,"absolute_mem_usage":3771727872.0,"absolute_mem_percent_usage":0.0279182535,"mem_info_per_process":{"5171":{"rss":3269165056,"vms":11470499840,"shared":180252672,"text":2322432,"lib":0,"data":9716105216,"dirty":0,"uss":109146112,"pss":1683756032,"swap":0},"5111":{"rss":3660816384,"vms":11470499840,"shared":573165568,"text":2322432,"lib":0,"data":9716105216,"dirty":0,"uss":137973760,"pss":1840851968,"swap":0}},"nvidia_draw_absolute":41.0,"nvidia_estimated_attributable_power_draw":41.0,"average_gpu_estimated_utilization_absolute":0.29,"per_gpu_average_estimated_utilization_absolute":{"(0, 5111)":{"sm":29,"mem":1,"enc":0,"dec":0}},"average_gpu_estimated_utilization_relative":1.0,"per_gpu_performance_state":{"0":"P2"},"per_gpu_power_draw":{"0":41.0},"cpu_count_adjusted_average_load":[0.1515625,0.1596875,0.1584375],"realtime_carbon_intensity":337.461173778,"disk_write_speed":35.0544688074,"process_ids":[5171,5111]}
{"timestamp":1572411649.0437190533,"rapl_power_draw_absolute":89.0626916778,"rapl_estimated_attributable_power_draw":19.6504531802,"cpu_time_seconds":{"5171":{"user":3.3,"system":9.03,"children_user":0.32,"children_system":6.42},"5111":{"user":268.79,"system":3.15,"children_user":1.0,"children_system":0.29}},"average_relative_cpu_utilization":0.2283022778,"absolute_cpu_utilization":0.9987869132,"relative_mem_usage":0.1557955941,"absolute_mem_usage":3771740160.0,"absolute_mem_percent_usage":0.0279183445,"mem_info_per_process":{"5171":{"rss":3269165056,"vms":11470499840,"shared":180252672,"text":2322432,"lib":0,"data":9716105216,"dirty":0,"uss":109150208,"pss":1683758080,"swap":0},"5111":{"rss":3660816384,"vms":11470499840,"shared":573165568,"text":2322432,"lib":0,"data":9716105216,"dirty":0,"uss":137977856,"pss":1840854016,"swap":0}},"nvidia_draw_absolute":41.09,"nvidia_estimated_attributable_power_draw":41.09,"average_gpu_estimated_utilization_absolute":0.295,"per_gpu_average_estimated_utilization_absolute":{"(0, 5111)":{"sm":29.5,"mem":2.0,"enc":0.0,"dec":0.0}},"average_gpu_estimated_utilization_relative":1.0,"per_gpu_performance_state":{"0":"P2"},"per_gpu_power_draw":{"0":41.09},"cpu_count_adjusted_average_load":[0.15,0.15875,0.1584375],"realtime_carbon_intensity":337.461173778,"disk_write_speed":31.667791645,"process_ids":[5171,5111]}
{"timestamp":1572411657.1637260914,"rapl_power_draw_absolute":89.0813239891,"rapl_estimated_attributable_power_draw":19.6686285382,"cpu_time_seconds":{"5171":{"user":3.42,"system":9.31,"children_user":0.34,"children_system":6.62},"5111":{"user":276.91,"system":3.16,"children_user":1.0,"children_system":0.29}},"average_relative_cpu_utilization":0.2285636606,"absolute_cpu_utilization":0.9987902765,"relative_mem_usage":0.1558112596,"absolute_mem_usage":3771752448.0,"absolute_mem_percent_usage":0.0279184354,"mem_info_per_process":{"5171":{"rss":3269165056,"vms":11470499840,"shared":180252672,"text":2322432,"lib":0,"data":9716105216,"dirty":0,"uss":109154304,"pss":1683760128,"swap":0},"5111":{"rss":3660816384,"vms":11470499840,"shared":573165568,"text":2322432,"lib":0,"data":9716105216,"dirty":0,"uss":137981952,"pss":1840856064,"swap":0}},"nvidia_draw_absolute":41.23,"nvidia_estimated_attributable_power_draw":41.23,"average_gpu_estimated_utilization_absolute":0.29,"per_gpu_average_estimated_utilization_absolute":{"(0, 5111)":{"sm":29,"mem":2,"enc":0,"dec":0}},"average_gpu_estimated_utilization_relative":1.0,"per_gpu_performance_state":{"0":"P2"},"per_gpu_power_draw":{"0":41.23},"cpu_count_adjusted_average_load":[0.1503125,0.15875,0.158125],"realtime_carbon_intensity":337.461173778,"disk_write_speed":38.8576097817,"process_ids":[5171,5111]}
{"timestamp":1572411665.3034989834,"rapl_power_draw_absolute":89.0505467944,"rapl_estimated_attributable_power_draw":19.7064960631,"cpu_time_seconds":{"5171":{"user":3.53,"system":9.62,"children_user":0.35,"children_system":6.82},"5111":{"user":285.04,"system":3.16,"children_user":1.0,"children_system":0.29}},"average_relative_cpu_utilization":0.2290871688,"absolute_cpu_utilization":0.9987751236,"relative_mem_usage":0.1558075227,"absolute_mem_usage":3771764736.0,"absolute_mem_percent_usage":0.0279185264,"mem_info_per_process":{"5171":{"rss":3269165056,"vms":11470499840,"shared":180252672,"text":2322432,"lib":0,"data":9716105216,"dirty":0,"uss":109158400,"pss":1683762176,"swap":0},"5111":{"rss":3660816384,"vms":11470499840,"shared":573165568,"text":2322432,"lib":0,"data":9716105216,"dirty":0,"uss":137986048,"pss":1840858112,"swap":0}},"nvidia_draw_absolute":41.04,"nvidia_estimated_attributable_power_draw":41.04,"average_gpu_estimated_utilization_absolute":0.295,"per_gpu_average_estimated_utilization_absolute":{"(0, 5111)":{"sm":29.5,"mem":1.5,"enc":0.0,"dec":0.0}},"average_gpu_estimated_utilization_relative":1.0,"per_gpu_performance_state":{"0":"P2"},"per_gpu_power_draw":{"0":41.04},"cpu_count_adjusted_average_load":[0.1465625,0.1578125,0.1578125],"realtime_carbon_intensity":337.461173778,"disk_write_speed":40.3021845354,"process_ids":[5171,5111]}
{"timestamp":1572411673.4475939274,"rapl_power_draw_absolute":88.7280793236,"rapl_estimated_attributable_power_draw":19.936399479,"cpu_time_seconds":{"5171":{"user":3.66,"system":9.93,"children_user":0.36,"children_system":7.02},"5111":{"user":293.18,"system":3.17,"children_user":1.0,"children_system":0.29}},"average_relative_cpu_utilization":0.2330920113,"absolute_cpu_utilization":0.998779085,"relative_mem_usage":0.1558145949,"absolute_mem_usage":3771777024.0,"absolute_mem_percent_usage":0.0279186174,"mem_info_per_process":{"5171":{"rss":3269165056,"vms":11470499840,"shared":180252672,"text":2322432,"lib":0,"data":9716105216,"dirty":0,"uss":109162496,"pss":1683764224,"swap":0},"5111":{"rss":3660816384,"vms":11470499840,"shared":573165568,"text":2322432,"lib":0,"data":9716105216,"dirty":0,"uss":137990144,"pss":1840860160,"swap":0}},"nvidia_draw_absolute":41.48,"nvidia_estimated_attributable_power_draw":41.48,"average_gpu_estimated_utilization_absolute":0.295,"per_gpu_average_estimated_utilization_absolute":{"(0, 5111)":{"sm":29.5,"mem":1.0,"enc":0.0,"dec":0.0}},"average_gpu_estimated_utilization_relative":1.0,"per_gpu_performance_state":{"0":"P2"},"per_gpu_power_draw":{"0":41.48},"cpu_count_adjusted_average_load":[0.1528125,0.15875,0.158125],"realtime_carbon_intensity":337.461173778,"disk_write_speed":21.6177329967,"process_ids":[5171,5111]}
{"timestamp":1572411681.5814590454,"rapl_power_draw_absolute":88.5571443042,"rapl_estimated_attributable_power_draw":19.8302498344,"cpu_time_seconds":{"5171":{"user":3.74,"system":10.22,"children_user":0.36,"children_system":7.23},"5111":{"user":301.31,"system":3.18,"children_user":1.0,"children_system":0.29}},"average_relative_cpu_utilization":0.2320111099,"absolute_cpu_utilization":0.9987855977,"relative_mem_usage":0.1558106206,"absolute_mem_usage":3771789312.0,"absolute_mem_percent_usage":0.0279187083,"mem_info_per_process":{"5171":{"rss":3269165056,"vms":11470499840,"shared":180252672,"text":2322432,"lib":0,"data":9716105216,"dirty":0,"uss":109166592,"pss":1683766272,"swap":0},"5111":{"rss":3660816384,"vms":11470499840,"shared":573165568,"text":2322432,"lib":0,"data":9716105216,"dirty":0,"uss":137994240,"pss":1840862208,"swap":0}},"nvidia_draw_absolute":41.48,"nvidia_estimated_attributable_power_draw":41.48,"average_gpu_estimated_utilization_absolute":0.29,"per_gpu_average_estimated_utilization_absolute":{"(0, 5111)":{"sm":29.0,"mem":1.5,"enc":0.0,"dec":0.0}},"average_gpu_estimated_utilization_relative":1.0,"per_gpu_performance_state":{"0":"P2"},"per_gpu_power_draw":{"0":41.48},"cpu_count_adjusted_average_load":[0.153125,0.15875,0.158125],"realtime_carbon_intensity":337.461173778,"disk_write_speed":38.5353405661,"process_ids":[5171,5111]}
{"timestamp":1572411689.7380731106,"rapl_power_draw_absolute":88.9124481338,"rapl_estimated_attributable_power_draw":19.9359064002,"cpu_time_seconds":{"5171":{"user":3.85,"system":10.52,"children_user":0.37,"children_system":7.43},"5111":{"user":309.46,"system":3.18,"children_user":1.0,"children_system":0.29}},"average_relative_cpu_utilization":0.2322801769,"absolute_cpu_utilization":0.9987867014,"relative_mem_usage":0.1558139755,"absolute_mem_usage":3771801600.0,"absolute_mem_percent_usage":0.0279187993,"mem_info_per_process":{"5171":{"rss":3269165056,"vms":11470499840,"shared":180252672,"text":2322432,"lib":0,"data":9716105216,"dirty":0,"uss":109170688,"pss":1683768320,"swap":0},"5111":{"rss":3660816384,"vms":11470499840,"shared":573165568,"text":2322432,"lib":0,"data":9716105216,"dirty":0,"uss":137998336,"pss":1840864256,"swap":0}},"nvidia_draw_absolute":41.38,"nvidia_estimated_attributable_power_draw":41.38,"average_gpu_estimated_utilization_absolute":0.2966666667,"per_gpu_average_estimated_utilization_absolute":{"(0, 5111)":{"sm":29.6666666667,"mem":1.3333333333,"enc":0.0,"dec":0.0}},"average_gpu_estimated_utilization_relative":1.0,"per_gpu_performance_state":{"0":"P2"},"per_gpu_power_draw":{"0":41.38},"cpu_count_adjusted_average_load":[0.165625,0.16125,0.1590625],"realtime_carbon_intensity":337.461173778,"disk_write_speed":26.7928137898,"process_ids":[5171,5111]}
{"timestamp":1572411697.8731570244,"rapl_power_draw_absolute":88.7108880455,"rapl_estimated_attributable_power_draw":19.9643738502,"cpu_time_seconds":{"5171":{"user":3.93,"system":10.82,"children_user":0.38,"children_system":7.63},"5111":{"user":317.59,"system":3.2,"children_user":1.0,"children_system":0.29}},"average_relative_cpu_utilization":0.2331706453,"absolute_cpu_utilization":1.0037831317,"relative_mem_usage":0.1558062314,"absolute_mem_usage":3771813888.0,"absolute_mem_percent_usage":0.0279188902,"mem_info_per_process":{"5171":{"rss":3269165056,"vms":11470499840,"shared":180252672,"text":2322432,"lib":0,"data":9716105216,"dirty":0,"uss":109174784,"pss":1683770368,"swap":0},"5111":{"rss":3660816384,"vms":11470499840,"shared":573165568,"text":2322432,"lib":0,"data":9716105216,"dirty":0,"uss":138002432,"pss":1840866304,"swap":0}},"nvidia_draw_absolute":41.48,"nvidia_estimated_attributable_power_draw":41.48,"average_gpu_estimated_utilization_absolute":0.29,"per_gpu_average_estimated_utilization_absolute":{"(0, 5111)":{"sm":29,"mem":1,"enc":0,"dec":0}},"average_gpu_estimated_utilization_relative":1.0,"per_gpu_performance_state":{"0":"P2"},"per_gpu_power_draw":{"0":41.48},"cpu_count_adjusted_average_load":[0.169375,0.1621875,0.159375],"realtime_carbon_intensity":337.461173778,"disk_write_speed":29.4163721035,"process_ids":[5171,5111]}
{"timestamp":1572411705.9733688831,"rapl_power_draw_absolute":88.8302613096,"rapl_estimated_attributable_power_draw":19.8278228356,"cpu_time_seconds":{"5171":{"user":4.03,"system":11.09,"children_user":0.39,"children_system":7.83},"5111":{"user":325.68,"system":3.2,"children_user":1.0,"children_system":0.29}},"average_relative_cpu_utilization":0.2312065572,"absolute_cpu_utilization":0.9987892954,"relative_mem_usage":0.1557930582,"absolute_mem_usage":3771826176.0,"absolute_mem_percent_usage":0.0279189812,"mem_info_per_process":{"5171":{"rss":3269165056,"vms":11470499840,"shared":180252672,"text":2322432,"lib":0,"data":9716105216,"dirty":0,"uss":109178880,"pss":1683772416,"swap":0},"5111":{"rss":3660816384,"vms":11470499840,"shared":573165568,"text":2322432,"lib":0,"data":9716105216,"dirty":0,"uss":138006528,"pss":1840868352,"swap":0}},"nvidia_draw_absolute":41.22,"nvidia_estimated_attributable_power_draw":41.22,"average_gpu_estimated_utilization_absolute":0.295,"per_gpu_average_estimated_utilization_absolute":{"(0, 5111)":{"sm":29.5,"mem":1.5,"enc":0.0,"dec":0.0}},"average_gpu_estimated_utilization_relative":1.0,"per_gpu_performance_state":{"0":"P2"},"per_gpu_power_draw":{"0":41.22},"cpu_count_adjusted_average_load":[0.165625,0.1615625,0.1590625],"realtime_carbon_intensity":337.461173778,"disk_write_speed":36.9267827429,"process_ids":[5171,5111]}
{"timestamp":1572411714.1392250061,"rapl_power_draw_absolute":88.5965919752,"rapl_estimated_attributable_power_draw":19.7131888347,"cpu_time_seconds":{"5171":{"user":4.18,"system":11.34,"children_user":0.4,"children_system":8.04},"5111":{"user":333.85,"system":3.2,"children_user":1.0,"children_system":0.29}},"average_relative_cpu_utilization":0.2304072306,"absolute_cpu_utilization":0.9987763722,"relative_mem_usage":0.1557840506,"absolute_mem_usage":3771833344.0,"absolute_mem_percent_usage":0.0279190342,"mem_info_per_process":{"5171":{"rss":3269165056,"vms":11470499840,"shared":180252672,"text":2322432,"lib":0,"data":9716105216,"dirty":0,"uss":109182976,"pss":1683771392,"swap":0},"5111":{"rss":3660816384,"vms":11470499840,"shared":573165568,"text":2322432,"lib":0,"data":9716105216,"dirty":0,"uss":138010624,"pss":1840868352,"swap":0}},"nvidia_draw_absolute":41.0,"nvidia_estimated_attributable_power_draw":41.0,"average_gpu_estimated_utilization_absolute":0.2933333333,"per_gpu_average_estimated_utilization_absolute":{"(0, 5111)":{"sm":29.3333333333,"mem":1.6666666667,"enc":0.0,"dec":0.0}},"average_gpu_estimated_utilization_relative":1.0,"per_gpu_performance_state":{"0":"P2"},"per_gpu_power_draw":{"0":41.0},"cpu_count_adjusted_average_load":[0.1640625,0.16125,0.1590625],"realtime_carbon_intensity":337.461173778,"disk_write_speed":41.357496624,"process_ids":[5171,5111]}
{"timestamp":1572411722.520608902,"rapl_power_draw_absolute":85.1425110516,"rapl_estimated_attributable_power_draw":22.0858452295,"cpu_time_seconds":{"5171":{"user":4.32,"system":11.6,"children_user":0.42,"children_system":8.25},"5111":{"user":342.22,"system":3.22,"children_user":1.0,"children_system":0.29}},"average_relative_cpu_utilization":0.2688076579,"absolute_cpu_utilization":0.9987857593,"relative_mem_usage":0.1857091036,"absolute_mem_usage":3854192640.0,"absolute_mem_percent_usage":0.0285286561,"mem_info_per_process":{"5171":{"rss":3269165056,"vms":11470499840,"shared":180252672,"text":2322432,"lib":0,"data":9716105216,"dirty":0,"uss":109412352,"pss":1685251072,"swap":0},"5111":{"rss":3660816384,"vms":11470499840,"shared":573165568,"text":2322432,"lib":0,"data":9716105216,"dirty":0,"uss":156459008,"pss":1903070208,"swap":0}},"nvidia_draw_absolute":41.49,"nvidia_estimated_attributable_power_draw":41.49,"average_gpu_estimated_utilization_absolute":0.285,"per_gpu_average_estimated_utilization_absolute":{"(0, 5111)":{"sm":28.5,"mem":2.0,"enc":0.0,"dec":0.0}},"average_gpu_estimated_utilization_relative":1.0,"per_gpu_performance_state":{"0":"P2"},"per_gpu_power_draw":{"0":41.49},"cpu_count_adjusted_average_load":[0.1584375,0.16,0.15875],"realtime_carbon_intensity":337.461173778,"disk_write_speed":35.6905680143,"process_ids":[5171,5111]}
{"timestamp":1572411730.5960159302,"rapl_power_draw_absolute":83.697263326,"rapl_estimated_attributable_power_draw":23.1397558856,"cpu_time_seconds":{"5171":{"user":4.42,"system":11.89,"children_user":0.42,"children_system":8.44},"5111":{"user":350.28,"system":3.23,"children_user":1.0,"children_system":0.29}},"average_relative_cpu_utilization":0.2877607348,"absolute_cpu_utilization":0.9987642985,"relative_mem_usage":0.1857238387,"absolute_mem_usage":3854192640.0,"absolute_mem_percent_usage":0.0285286561,"mem_info_per_process":{"5171":{"rss":3269165056,"vms":11470499840,"shared":180252672,"text":2322432,"lib":0,"data":9716105216,"dirty":0,"uss":109416448,"pss":1685252096,"swap":0},"5111":{"rss":3660816384,"vms":11470499840,"shared":573165568,"text":2322432,"lib":0,"data":9716105216,"dirty":0,"uss":156463104,"pss":1903060992,"swap":0}},"nvidia_draw_absolute":41.5,"nvidia_estimated_attributable_power_draw":41.5,"average_gpu_estimated_utilization_absolute":0.292,"per_gpu_average_estimated_utilization_absolute":{"(0, 5111)":{"sm":29.2,"mem":1.6,"enc":0.0,"dec":0.0}},"average_gpu_estimated_utilization_relative":1.0,"per_gpu_performance_state":{"0":"P2"},"per_gpu_power_draw":{"0":41.5},"cpu_count_adjusted_average_load":[0.150625,0.1584375,0.158125],"realtime_carbon_intensity":337.461173778,"disk_write_speed":31.111199927,"process_ids":[5171,5111]}
{"timestamp":1572411738.7132589817,"rapl_power_draw_absolute":84.8642800153,"rapl_estimated_attributable_power_draw":22.6778242793,"cpu_time_seconds":{"5171":{"user":4.53,"system":12.16,"children_user":0.43,"children_system":8.64},"5111":{"user":358.4,"system":3.23,"children_user":1.0,"children_system":0.29}},"average_relative_cpu_utilization":0.2773840154,"absolute_cpu_utilization":0.9987412295,"relative_mem_usage":0.1842270913,"absolute_mem_usage":3833093120.0,"absolute_mem_percent_usage":0.0283724779,"mem_info_per_process":{"5171":{"rss":3269169152,"vms":11470499840,"shared":180252672,"text":2322432,"lib":0,"data":9716105216,"dirty":0,"uss":109424640,"pss":1684665344,"swap":0},"5111":{"rss":3660816384,"vms":11470499840,"shared":573165568,"text":2322432,"lib":0,"data":9716105216,"dirty":0,"uss":152461312,"pss":1886541824,"swap":0}},"nvidia_draw_absolute":40.72,"nvidia_estimated_attributable_power_draw":40.72,"average_gpu_estimated_utilization_absolute":0.295,"per_gpu_average_estimated_utilization_absolute":{"(0, 5111)":{"sm":29.5,"mem":1.5,"enc":0.0,"dec":0.0}},"average_gpu_estimated_utilization_relative":1.0,"per_gpu_performance_state":{"0":"P2"},"per_gpu_power_draw":{"0":40.72},"cpu_count_adjusted_average_load":[0.144375,0.156875,0.1578125],"realtime_carbon_intensity":337.461173778,"disk_write_speed":23.2749525332,"process_ids":[5171,5111]}
{"timestamp":1572411746.8860080242,"rapl_power_draw_absolute":83.8209151833,"rapl_estimated_attributable_power_draw":23.5974778316,"cpu_time_seconds":{"5171":{"user":4.61,"system":12.43,"children_user":0.44,"children_system":8.84},"5111":{"user":366.57,"system":3.24,"children_user":1.0,"children_system":0.29}},"average_relative_cpu_utilization":0.2941068113,"absolute_cpu_utilization":0.9987441075,"relative_mem_usage":0.1792564746,"absolute_mem_usage":3830203392.0,"absolute_mem_percent_usage":0.0283510882,"mem_info_per_process":{"5171":{"rss":3269169152,"vms":11470499840,"shared":180252672,"text":2322432,"lib":0,"data":9716105216,"dirty":0,"uss":109424640,"pss":1684500480,"swap":0},"5111":{"rss":3660816384,"vms":11470499840,"shared":573165568,"text":2322432,"lib":0,"data":9716105216,"dirty":0,"uss":151564288,"pss":1884713984,"swap":0}},"nvidia_draw_absolute":41.57,"nvidia_estimated_attributable_power_draw":41.57,"average_gpu_estimated_utilization_absolute":0.29,"per_gpu_average_estimated_utilization_absolute":{"(0, 5111)":{"sm":29,"mem":1,"enc":0,"dec":0}},"average_gpu_estimated_utilization_relative":1.0,"per_gpu_performance_state":{"0":"P2"},"per_gpu_power_draw":{"0":41.57},"cpu_count_adjusted_average_load":[0.1403125,0.155625,0.1575],"realtime_carbon_intensity":337.461173778,"disk_write_speed":33.7666454352,"process_ids":[5171,5111]}
{"timestamp":1572411755.0614991188,"rapl_power_draw_absolute":84.5002068344,"rapl_estimated_attributable_power_draw":22.6782601487,"cpu_time_seconds":{"5171":{"user":4.72,"system":12.72,"children_user":0.46,"children_system":9.03},"5111":{"user":374.75,"system":3.24,"children_user":1.0,"children_system":0.29}},"average_relative_cpu_utilization":0.2795458419,"absolute_cpu_utilization":1.0037879478,"relative_mem_usage":0.1792055618,"absolute_mem_usage":3830213632.0,"absolute_mem_percent_usage":0.028351164,"mem_info_per_process":{"5171":{"rss":3269169152,"vms":11470499840,"shared":180252672,"text":2322432,"lib":0,"data":9716105216,"dirty":0,"uss":109428736,"pss":1684501504,"swap":0},"5111":{"rss":3660816384,"vms":11470499840,"shared":573165568,"text":2322432,"lib":0,"data":9716105216,"dirty":0,"uss":151568384,"pss":1884715008,"swap":0}},"nvidia_draw_absolute":41.02,"nvidia_estimated_attributable_power_draw":41.02,"average_gpu_estimated_utilization_absolute":0.2866666667,"per_gpu_average_estimated_utilization_absolute":{"(0, 5111)":{"sm":28.6666666667,"mem":1.6666666667,"enc":0.0,"dec":0.0}},"average_gpu_estimated_utilization_relative":1.0,"per_gpu_performance_state":{"0":"P2"},"per_gpu_power_draw":{"0":41.02},"cpu_count_adjusted_average_load":[0.14,0.1553125,0.1571875],"realtime_carbon_intensity":337.461173778,"disk_write_speed":22.9199027314,"process_ids":[5171,5111]}
{"timestamp":1572411764.6691749096,"rapl_power_draw_absolute":88.4876904983,"rapl_estimated_attributable_power_draw":20.7194911546,"cpu_time_seconds":{"5171":{"user":4.81,"system":13.0,"children_user":0.47,"children_system":9.22},"5111":{"user":384.36,"system":3.24,"children_user":1.0,"children_system":0.29}},"average_relative_cpu_utilization":0.2424531384,"absolute_cpu_utilization":1.0041881497,"relative_mem_usage":0.167048373,"absolute_mem_usage":3789016064.0,"absolute_mem_percent_usage":0.0280462204,"mem_info_per_process":{"5171":{"rss":3269169152,"vms":11470499840,"shared":180252672,"text":2322432,"lib":0,"data":9716105216,"dirty":0,"uss":109432832,"pss":1684485120,"swap":0},"5111":{"rss":3660816384,"vms":11470499840,"shared":573165568,"text":2322432,"lib":0,"data":9716105216,"dirty":0,"uss":137981952,"pss":1857116160,"swap":0}},"nvidia_draw_absolute":41.73,"nvidia_estimated_attributable_power_draw":41.73,"average_gpu_estimated_utilization_absolute":0.2966666667,"per_gpu_average_estimated_utilization_absolute":{"(0, 5111)":{"sm":29.6666666667,"mem":1.3333333333,"enc":0.0,"dec":0.0}},"average_gpu_estimated_utilization_relative":1.0,"per_gpu_performance_state":{"0":"P2"},"per_gpu_power_draw":{"0":41.73},"cpu_count_adjusted_average_load":[0.1421875,0.1553125,0.1571875],"realtime_carbon_intensity":337.461173778,"disk_write_speed":29.1358240377,"process_ids":[5171,5111]}
{"timestamp":1572411772.8257870674,"rapl_power_draw_absolute":87.5945424278,"rapl_estimated_attributable_power_draw":19.9806060924,"cpu_time_seconds":{"5171":{"user":4.9,"system":13.28,"children_user":0.47,"children_system":9.44},"5111":{"user":392.51,"system":3.24,"children_user":1.0,"children_system":0.29}},"average_relative_cpu_utilization":0.2366795339,"absolute_cpu_utilization":0.9988115192,"relative_mem_usage":0.1553945432,"absolute_mem_usage":3746648064.0,"absolute_mem_percent_usage":0.0277326133,"mem_info_per_process":{"5171":{"rss":3269169152,"vms":11470499840,"shared":180252672,"text":2322432,"lib":0,"data":9716105216,"dirty":0,"uss":109432832,"pss":1684056064,"swap":0},"5111":{"rss":3660816384,"vms":11470499840,"shared":573165568,"text":2322432,"lib":0,"data":9716105216,"dirty":0,"uss":123072512,"pss":1830086656,"swap":0}},"nvidia_draw_absolute":40.83,"nvidia_estimated_attributable_power_draw":40.83,"average_gpu_estimated_utilization_absolute":0.3,"per_gpu_average_estimated_utilization_absolute":{"(0, 5111)":{"sm":30,"mem":1,"enc":0,"dec":0}},"average_gpu_estimated_utilization_relative":1.0,"per_gpu_performance_state":{"0":"P2"},"per_gpu_power_draw":{"0":40.83},"cpu_count_adjusted_average_load":[0.1459375,0.1559375,0.1571875],"realtime_carbon_intensity":337.461173778,"disk_write_speed":36.3870779211,"process_ids":[5171,5111]}
{"timestamp":1572411780.9709620476,"rapl_power_draw_absolute":87.6973505882,"rapl_estimated_attributable_power_draw":19.9505515396,"cpu_time_seconds":{"5171":{"user":5.02,"system":13.58,"children_user":0.48,"children_system":9.64},"5111":{"user":400.65,"system":3.24,"children_user":1.0,"children_system":0.29}},"average_relative_cpu_utilization":0.2361190571,"absolute_cpu_utilization":0.9988062735,"relative_mem_usage":0.1553127176,"absolute_mem_usage":3745885184.0,"absolute_mem_percent_usage":0.0277269665,"mem_info_per_process":{"5171":{"rss":3269169152,"vms":11470499840,"shared":180252672,"text":2322432,"lib":0,"data":9716105216,"dirty":0,"uss":109195264,"pss":1683651584,"swap":0},"5111":{"rss":3660816384,"vms":11470499840,"shared":573165568,"text":2322432,"lib":0,"data":9716105216,"dirty":0,"uss":123068416,"pss":1829969920,"swap":0}},"nvidia_draw_absolute":40.94,"nvidia_estimated_attributable_power_draw":40.94,"average_gpu_estimated_utilization_absolute":0.295,"per_gpu_average_estimated_utilization_absolute":{"(0, 5111)":{"sm":29.5,"mem":1.0,"enc":0.0,"dec":0.0}},"average_gpu_estimated_utilization_relative":1.0,"per_gpu_performance_state":{"0":"P2"},"per_gpu_power_draw":{"0":40.94},"cpu_count_adjusted_average_load":[0.145,0.1553125,0.1571875],"realtime_carbon_intensity":337.461173778,"disk_write_speed":20.8356337848,"process_ids":[5171,5111]}
{"timestamp":1572411789.1052820683,"rapl_power_draw_absolute":87.2245450118,"rapl_estimated_attributable_power_draw":19.7967549181,"cpu_time_seconds":{"5171":{"user":5.11,"system":13.84,"children_user":0.49,"children_system":9.86},"5111":{"user":408.78,"system":3.25,"children_user":1.0,"children_system":0.29}},"average_relative_cpu_utilization":0.2355632214,"absolute_cpu_utilization":0.9987876751,"relative_mem_usage":0.1553111222,"absolute_mem_usage":3745875968.0,"absolute_mem_percent_usage":0.0277268983,"mem_info_per_process":{"5171":{"rss":3269169152,"vms":11470499840,"shared":180252672,"text":2322432,"lib":0,"data":9716105216,"dirty":0,"uss":109195264,"pss":1683645440,"swap":0},"5111":{"rss":3660816384,"vms":11470499840,"shared":573165568,"text":2322432,"lib":0,"data":9716105216,"dirty":0,"uss":123068416,"pss":1829966848,"swap":0}},"nvidia_draw_absolute":40.85,"nvidia_estimated_attributable_power_draw":40.85,"average_gpu_estimated_utilization_absolute":0.295,"per_gpu_average_estimated_utilization_absolute":{"(0, 5111)":{"sm":29.5,"mem":2.0,"enc":0.0,"dec":0.0}},"average_gpu_estimated_utilization_relative":1.0,"per_gpu_performance_state":{"0":"P2"},"per_gpu_power_draw":{"0":40.85},"cpu_count_adjusted_average_load":[0.146875,0.1553125,0.1571875],"realtime_carbon_intensity":337.461173778,"disk_write_speed":40.7672777373,"process_ids":[5171,5111]}
{"timestamp":1572411797.2860589027,"rapl_power_draw_absolute":87.6200385024,"rapl_estimated_attributable_power_draw":19.7010160997,"cpu_time_seconds":{"5171":{"user":5.24,"system":14.13,"children_user":0.5,"children_system":10.06},"5111":{"user":416.96,"system":3.25,"children_user":1.0,"children_system":0.29}},"average_relative_cpu_utilization":0.2330923411,"absolute_cpu_utilization":0.9987670818,"relative_mem_usage":0.1553284668,"absolute_mem_usage":3745974272.0,"absolute_mem_percent_usage":0.0277276259,"mem_info_per_process":{"5171":{"rss":3269169152,"vms":11470499840,"shared":180252672,"text":2322432,"lib":0,"data":9716105216,"dirty":0,"uss":109195264,"pss":1683742720,"swap":0},"5111":{"rss":3660816384,"vms":11470499840,"shared":573165568,"text":2322432,"lib":0,"data":9716105216,"dirty":0,"uss":123068416,"pss":1829967872,"swap":0}},"nvidia_draw_absolute":41.02,"nvidia_estimated_attributable_power_draw":41.02,"average_gpu_estimated_utilization_absolute":0.295,"per_gpu_average_estimated_utilization_absolute":{"(0, 5111)":{"sm":29.5,"mem":1.5,"enc":0.0,"dec":0.0}},"average_gpu_estimated_utilization_relative":1.0,"per_gpu_performance_state":{"0":"P2"},"per_gpu_power_draw":{"0":41.02},"cpu_count_adjusted_average_load":[0.15,0.1559375,0.1571875],"realtime_carbon_intensity":337.461173778,"disk_write_speed":46.0998648099,"process_ids":[5171,5111]}
{"timestamp":1572411805.4456529617,"rapl_power_draw_absolute":87.7503207279,"rapl_estimated_attributable_power_draw":19.6877892997,"cpu_time_seconds":{"5171":{"user":5.38,"system":14.45,"children_user":0.5,"children_system":10.27},"5111":{"user":425.12,"system":3.25,"children_user":1.0,"children_system":0.29}},"average_relative_cpu_utilization":0.2325509222,"absolute_cpu_utilization":0.9987702777,"relative_mem_usage":0.1553266993,"absolute_mem_usage":3745974272.0,"absolute_mem_percent_usage":0.0277276259,"mem_info_per_process":{"5171":{"rss":3269169152,"vms":11470499840,"shared":180252672,"text":2322432,"lib":0,"data":9716105216,"dirty":0,"uss":109195264,"pss":1683742720,"swap":0},"5111":{"rss":3660816384,"vms":11470499840,"shared":573165568,"text":2322432,"lib":0,"data":9716105216,"dirty":0,"uss":123068416,"pss":1829967872,"swap":0}},"nvidia_draw_absolute":41.31,"nvidia_estimated_attributable_power_draw":41.31,"average_gpu_estimated_utilization_absolute":0.2966666667,"per_gpu_average_estimated_utilization_absolute":{"(0, 5111)":{"sm":29.6666666667,"mem":1.6666666667,"enc":0.0,"dec":0.0}},"average_gpu_estimated_utilization_relative":1.0,"per_gpu_performance_state":{"0":"P2"},"per_gpu_power_draw":{"0":41.31},"cpu_count_adjusted_average_load":[0.14625,0.1546875,0.156875],"realtime_carbon_intensity":337.461173778,"disk_write_speed":33.1595755763,"process_ids":[5171,5111]}
{"timestamp":1572411813.6182699203,"rapl_power_draw_absolute":88.2313082632,"rapl_estimated_attributable_power_draw":19.6729631294,"cpu_time_seconds":{"5171":{"user":5.48,"system":14.74,"children_user":0.5,"children_system":10.49},"5111":{"user":433.28,"system":3.27,"children_user":1.0,"children_system":0.29}},"average_relative_cpu_utilization":0.2310288509,"absolute_cpu_utilization":1.003722795,"relative_mem_usage":0.1553307356,"absolute_mem_usage":3745974272.0,"absolute_mem_percent_usage":0.0277276259,"mem_info_per_process":{"5171":{"rss":3269169152,"vms":11470499840,"shared":180252672,"text":2322432,"lib":0,"data":9716105216,"dirty":0,"uss":109195264,"pss":1683742720,"swap":0},"5111":{"rss":3660816384,"vms":11470499840,"shared":573165568,"text":2322432,"lib":0,"data":9716105216,"dirty":0,"uss":123068416,"pss":1829967872,"swap":0}},"nvidia_draw_absolute":41.43,"nvidia_estimated_attributable_power_draw":41.43,"average_gpu_estimated_utilization_absolute":0.2966666667,"per_gpu_average_estimated_utilization_absolute":{"(0, 5111)":{"sm":29.6666666667,"mem":1.6666666667,"enc":0.0,"dec":0.0}},"average_gpu_estimated_utilization_relative":1.0,"per_gpu_performance_state":{"0":"P2"},"per_gpu_power_draw":{"0":41.43},"cpu_count_adjusted_average_load":[0.1478125,0.155,0.156875],"realtime_carbon_intensity":337.461173778,"disk_write_speed":36.6700423152,"process_ids":[5171,5111]}
{"timestamp":1572411821.7430400848,"rapl_power_draw_absolute":88.151295131,"rapl_estimated_attributable_power_draw":19.6686402368,"cpu_time_seconds":{"5171":{"user":5.6,"system":15.02,"children_user":0.52,"children_system":10.69},"5111":{"user":441.4,"system":3.27,"children_user":1.0,"children_system":0.29}},"average_relative_cpu_utilization":0.2314733876,"absolute_cpu_utilization":0.9987690254,"relative_mem_usage":0.1553145387,"absolute_mem_usage":3745974272.0,"absolute_mem_percent_usage":0.0277276259,"mem_info_per_process":{"5171":{"rss":3269169152,"vms":11470499840,"shared":180252672,"text":2322432,"lib":0,"data":9716105216,"dirty":0,"uss":109195264,"pss":1683742720,"swap":0},"5111":{"rss":3660816384,"vms":11470499840,"shared":573165568,"text":2322432,"lib":0,"data":9716105216,"dirty":0,"uss":123068416,"pss":1829967872,"swap":0}},"nvidia_draw_absolute":41.12,"nvidia_estimated_attributable_power_draw":41.12,"average_gpu_estimated_utilization_absolute":0.295,"per_gpu_average_estimated_utilization_absolute":{"(0, 5111)":{"sm":29.5,"mem":1.5,"enc":0.0,"dec":0.0}},"average_gpu_estimated_utilization_relative":1.0,"per_gpu_performance_state":{"0":"P2"},"per_gpu_power_draw":{"0":41.12},"cpu_count_adjusted_average_load":[0.1459375,0.154375,0.1565625],"realtime_carbon_intensity":337.461173778,"disk_write_speed":42.3334700488,"process_ids":[5171,5111]}
{"timestamp":1572411829.8686709404,"rapl_power_draw_absolute":88.0384726314,"rapl_estimated_attributable_power_draw":19.6664946978,"cpu_time_seconds":{"5171":{"user":5.73,"system":15.31,"children_user":0.52,"children_system":10.9},"5111":{"user":449.51,"system":3.29,"children_user":1.0,"children_system":0.29}},"average_relative_cpu_utilization":0.2314741425,"absolute_cpu_utilization":0.9987713294,"relative_mem_usage":0.1553359331,"absolute_mem_usage":3745974272.0,"absolute_mem_percent_usage":0.0277276259,"mem_info_per_process":{"5171":{"rss":3269169152,"vms":11470499840,"shared":180252672,"text":2322432,"lib":0,"data":9716105216,"dirty":0,"uss":109195264,"pss":1683742720,"swap":0},"5111":{"rss":3660816384,"vms":11470499840,"shared":573165568,"text":2322432,"lib":0,"data":9716105216,"dirty":0,"uss":123068416,"pss":1829967872,"swap":0}},"nvidia_draw_absolute":41.58,"nvidia_estimated_attributable_power_draw":41.58,"average_gpu_estimated_utilization_absolute":0.295,"per_gpu_average_estimated_utilization_absolute":{"(0, 5111)":{"sm":29.5,"mem":1.0,"enc":0.0,"dec":0.0}},"average_gpu_estimated_utilization_relative":1.0,"per_gpu_performance_state":{"0":"P2"},"per_gpu_power_draw":{"0":41.58},"cpu_count_adjusted_average_load":[0.1453125,0.1540625,0.1565625],"realtime_carbon_intensity":337.461173778,"disk_write_speed":35.7900706961,"process_ids":[5171,5111]}
{"timestamp":1572411837.9791960716,"rapl_power_draw_absolute":88.0176003505,"rapl_estimated_attributable_power_draw":19.8049838241,"cpu_time_seconds":{"5171":{"user":5.86,"system":15.57,"children_user":0.54,"children_system":11.09},"5111":{"user":457.62,"system":3.29,"children_user":1.0,"children_system":0.29}},"average_relative_cpu_utilization":0.2333642541,"absolute_cpu_utilization":0.9987711714,"relative_mem_usage":0.1553270686,"absolute_mem_usage":3745974272.0,"absolute_mem_percent_usage":0.0277276259,"mem_info_per_process":{"5171":{"rss":3269169152,"vms":11470499840,"shared":180252672,"text":2322432,"lib":0,"data":9716105216,"dirty":0,"uss":109195264,"pss":1683742720,"swap":0},"5111":{"rss":3660816384,"vms":11470499840,"shared":573165568,"text":2322432,"lib":0,"data":9716105216,"dirty":0,"uss":123068416,"pss":1829967872,"swap":0}},"nvidia_draw_absolute":41.22,"nvidia_estimated_attributable_power_draw":41.22,"average_gpu_estimated_utilization_absolute":0.295,"per_gpu_average_estimated_utilization_absolute":{"(0, 5111)":{"sm":29.5,"mem":1.0,"enc":0.0,"dec":0.0}},"average_gpu_estimated_utilization_relative":1.0,"per_gpu_performance_state":{"0":"P2"},"per_gpu_power_draw":{"0":41.22},"cpu_count_adjusted_average_load":[0.1471875,0.1540625,0.1565625],"realtime_carbon_intensity":337.461173778,"disk_write_speed":24.7729929342,"process_ids":[5171,5111]}
{"timestamp":1572411846.1194651127,"rapl_power_draw_absolute":87.7188274978,"rapl_estimated_attributable_power_draw":19.9196902257,"cpu_time_seconds":{"5171":{"user":5.96,"system":15.86,"children_user":0.55,"children_system":11.29},"5111":{"user":465.76,"system":3.29,"children_user":1.0,"children_system":0.29}},"average_relative_cpu_utilization":0.2355634219,"absolute_cpu_utilization":0.9987754654,"relative_mem_usage":0.1553387034,"absolute_mem_usage":3745974272.0,"absolute_mem_percent_usage":0.0277276259,"mem_info_per_process":{"5171":{"rss":3269169152,"vms":11470499840,"shared":180252672,"text":2322432,"lib":0,"data":9716105216,"dirty":0,"uss":109195264,"pss":1683742720,"swap":0},"5111":{"rss":3660816384,"vms":11470499840,"shared":573165568,"text":2322432,"lib":0,"data":9716105216,"dirty":0,"uss":123068416,"pss":1829967872,"swap":0}},"nvidia_draw_absolute":41.03,"nvidia_estimated_attributable_power_draw":41.03,"average_gpu_estimated_utilization_absolute":0.295,"per_gpu_average_estimated_utilization_absolute":{"(0, 5111)":{"sm":29.5,"mem":2.0,"enc":0.0,"dec":0.0}},"average_gpu_estimated_utilization_relative":1.0,"per_gpu_performance_state":{"0":"P2"},"per_gpu_power_draw":{"0":41.03},"cpu_count_adjusted_average_load":[0.1453125,0.1534375,0.15625],"realtime_carbon_intensity":337.461173778,"disk_write_speed":37.0450050057,"process_ids":[5171,5111]}
{"timestamp":1572411854.3140690327,"rapl_power_draw_absolute":87.942781364,"rapl_estimated_attributable_power_draw":19.8839990972,"cpu_time_seconds":{"5171":{"user":6.07,"system":16.15,"children_user":0.55,"children_system":11.51},"5111":{"user":473.95,"system":3.3,"children_user":1.0,"children_system":0.29}},"average_relative_cpu_utilization":0.2344578882,"absolute_cpu_utilization":0.9995816499,"relative_mem_usage":0.1553418697,"absolute_mem_usage":3745974272.0,"absolute_mem_percent_usage":0.0277276259,"mem_info_per_process":{"5171":{"rss":3269169152,"vms":11470499840,"shared":180252672,"text":2322432,"lib":0,"data":9716105216,"dirty":0,"uss":109195264,"pss":1683742720,"swap":0},"5111":{"rss":3660816384,"vms":11470499840,"shared":573165568,"text":2322432,"lib":0,"data":9716105216,"dirty":0,"uss":123068416,"pss":1829967872,"swap":0}},"nvidia_draw_absolute":41.03,"nvidia_estimated_attributable_power_draw":41.03,"average_gpu_estimated_utilization_absolute":0.2966666667,"per_gpu_average_estimated_utilization_absolute":{"(0, 5111)":{"sm":29.6666666667,"mem":1.6666666667,"enc":0.0,"dec":0.0}},"average_gpu_estimated_utilization_relative":1.0,"per_gpu_performance_state":{"0":"P2"},"per_gpu_power_draw":{"0":41.03},"cpu_count_adjusted_average_load":[0.1446875,0.153125,0.15625],"realtime_carbon_intensity":337.461173778,"disk_write_speed":46.3938964481,"process_ids":[5171,5111]}
{"timestamp":1572411862.4370360374,"rapl_power_draw_absolute":87.8564808159,"rapl_estimated_attributable_power_draw":19.7748964326,"cpu_time_seconds":{"5171":{"user":6.22,"system":16.42,"children_user":0.57,"children_system":11.7},"5111":{"user":482.08,"system":3.3,"children_user":1.0,"children_system":0.29}},"average_relative_cpu_utilization":0.2333662411,"absolute_cpu_utilization":0.9991207949,"relative_mem_usage":0.1553453263,"absolute_mem_usage":3745974272.0,"absolute_mem_percent_usage":0.0277276259,"mem_info_per_process":{"5171":{"rss":3269169152,"vms":11470499840,"shared":180252672,"text":2322432,"lib":0,"data":9716105216,"dirty":0,"uss":109195264,"pss":1683742720,"swap":0},"5111":{"rss":3660816384,"vms":11470499840,"shared":573165568,"text":2322432,"lib":0,"data":9716105216,"dirty":0,"uss":123068416,"pss":1829967872,"swap":0}},"nvidia_draw_absolute":41.3,"nvidia_estimated_attributable_power_draw":41.3,"average_gpu_estimated_utilization_absolute":0.2966666667,"per_gpu_average_estimated_utilization_absolute":{"(0, 5111)":{"sm":29.6666666667,"mem":1.3333333333,"enc":0.0,"dec":0.0}},"average_gpu_estimated_utilization_relative":1.0,"per_gpu_performance_state":{"0":"P2"},"per_gpu_power_draw":{"0":41.3},"cpu_count_adjusted_average_load":[0.145625,0.153125,0.15625],"realtime_carbon_intensity":337.461173778,"disk_write_speed":38.4906235231,"process_ids":[5171,5111]}
{"timestamp":1572411870.5586760044,"rapl_power_draw_absolute":87.5402582576,"rapl_estimated_attributable_power_draw":20.0356275878,"cpu_time_seconds":{"5171":{"user":6.34,"system":16.71,"children_user":0.57,"children_system":11.91},"5111":{"user":490.19,"system":3.31,"children_user":1.0,"children_system":0.29}},"average_relative_cpu_utilization":0.2375200243,"absolute_cpu_utilization":0.998777894,"relative_mem_usage":0.1553408934,"absolute_mem_usage":3745974272.0,"absolute_mem_percent_usage":0.0277276259,"mem_info_per_process":{"5171":{"rss":3269169152,"vms":11470499840,"shared":180252672,"text":2322432,"lib":0,"data":9716105216,"dirty":0,"uss":109195264,"pss":1683742720,"swap":0},"5111":{"rss":3660816384,"vms":11470499840,"shared":573165568,"text":2322432,"lib":0,"data":9716105216,"dirty":0,"uss":123068416,"pss":1829967872,"swap":0}},"nvidia_draw_absolute":41.51,"nvidia_estimated_attributable_power_draw":41.51,"average_gpu_estimated_utilization_absolute":0.2966666667,"per_gpu_average_estimated_utilization_absolute":{"(0, 5111)":{"sm":29.6666666667,"mem":1.6666666667,"enc":0.0,"dec":0.0}},"average_gpu_estimated_utilization_relative":1.0,"per_gpu_performance_state":{"0":"P2"},"per_gpu_power_draw":{"0":41.51},"cpu_count_adjusted_average_load":[0.1471875,0.1534375,0.15625],"realtime_carbon_intensity":337.461173778,"disk_write_speed":32.5692467703,"process_ids":[5171,5111]}
