{"timestamp":1572412099.5030930042,"rapl_power_draw_absolute":77.6867751977,"rapl_estimated_attributable_power_draw":17.5550141888,"cpu_time_seconds":{"26115":{"user":11.9,"system":3.09,"children_user":0.11,"children_system":0.31},"26196":{"user":0.0,"system":0.05,"children_user":0.0,"children_system":0.05}},"average_relative_cpu_utilization":0.2267489875,"absolute_cpu_utilization":0.9987232262,"relative_mem_usage":0.2180201135,"absolute_mem_usage":3474717696.0,"absolute_mem_percent_usage":0.0257197403,"mem_info_per_process":{"26115":{"rss":3650678784,"vms":11983106048,"shared":566071296,"text":2322432,"lib":0,"data":10255302656,"dirty":0,"uss":34619392,"pss":1781003264,"swap":0},"26196":{"rss":3258732544,"vms":11983106048,"shared":173973504,"text":2322432,"lib":0,"data":10255302656,"dirty":0,"uss":22200320,"pss":1636894720,"swap":0}},"nvidia_draw_absolute":163.01,"nvidia_estimated_attributable_power_draw":163.01,"average_gpu_estimated_utilization_absolute":0.99,"per_gpu_average_estimated_utilization_absolute":{"(0, 26115)":{"sm":99,"mem":69,"enc":0,"dec":0}},"average_gpu_estimated_utilization_relative":1.0,"per_gpu_performance_state":{"0":"P2"},"per_gpu_power_draw":{"0":163.01},"cpu_count_adjusted_average_load":[0.1825,0.173125,0.1659375],"realtime_carbon_intensity":336.704610597,"disk_write_speed":25.5095291925,"process_ids":[26115,26196]}
{"timestamp":1572412108.0222260952,"rapl_power_draw_absolute":67.442685997,"rapl_estimated_attributable_power_draw":19.3176518657,"cpu_time_seconds":{"26115":{"user":18.8,"system":4.72,"children_user":0.11,"children_system":0.31},"26196":{"user":0.14,"system":0.4,"children_user":0.01,"children_system":0.33}},"average_relative_cpu_utilization":0.286301743,"absolute_cpu_utilization":1.0036111132,"relative_mem_usage":0.2884998793,"absolute_mem_usage":3613735936.0,"absolute_mem_percent_usage":0.0267487485,"mem_info_per_process":{"26115":{"rss":3650678784,"vms":11983106048,"shared":566071296,"text":2322432,"lib":0,"data":10255302656,"dirty":0,"uss":79028224,"pss":1859210240,"swap":0},"26196":{"rss":3265527808,"vms":11983106048,"shared":180756480,"text":2322432,"lib":0,"data":10255302656,"dirty":0,"uss":31272960,"pss":1644224512,"swap":0}},"nvidia_draw_absolute":167.59,"nvidia_estimated_attributable_power_draw":167.59,"average_gpu_estimated_utilization_absolute":0.985,"per_gpu_average_estimated_utilization_absolute":{"(0, 26115)":{"sm":98.5,"mem":69.0,"enc":0.0,"dec":0.0}},"average_gpu_estimated_utilization_relative":1.0,"per_gpu_performance_state":{"0":"P2"},"per_gpu_power_draw":{"0":167.59},"cpu_count_adjusted_average_load":[0.1759375,0.171875,0.165625],"realtime_carbon_intensity":336.704610597,"disk_write_speed":36.7182743487,"process_ids":[26115,26196]}
{"timestamp":1572412116.3625431061,"rapl_power_draw_absolute":69.7832046653,"rapl_estimated_attributable_power_draw":17.454119291,"cpu_time_seconds":{"26115":{"user":25.52,"system":6.34,"children_user":0.11,"children_system":0.31},"26196":{"user":0.29,"system":0.76,"children_user":0.03,"children_system":0.6}},"average_relative_cpu_utilization":0.2475198228,"absolute_cpu_utilization":1.0035998173,"relative_mem_usage":0.285247165,"absolute_mem_usage":3593183232.0,"absolute_mem_percent_usage":0.0265966181,"mem_info_per_process":{"26115":{"rss":3650678784,"vms":11983106048,"shared":566071296,"text":2322432,"lib":0,"data":10255302656,"dirty":0,"uss":75100160,"pss":1842933760,"swap":0},"26196":{"rss":3265654784,"vms":11983106048,"shared":180883456,"text":2322432,"lib":0,"data":10255302656,"dirty":0,"uss":31404032,"pss":1643745280,"swap":0}},"nvidia_draw_absolute":169.75,"nvidia_estimated_attributable_power_draw":169.75,"average_gpu_estimated_utilization_absolute":0.99,"per_gpu_average_estimated_utilization_absolute":{"(0, 26115)":{"sm":99,"mem":69,"enc":0,"dec":0}},"average_gpu_estimated_utilization_relative":1.0,"per_gpu_performance_state":{"0":"P2"},"per_gpu_power_draw":{"0":169.75},"cpu_count_adjusted_average_load":[0.168125,0.1703125,0.165],"realtime_carbon_intensity":336.704610597,"disk_write_speed":41.2927577188,"process_ids":[26115,26196]}
{"timestamp":1572412124.610822916,"rapl_power_draw_absolute":76.4471137906,"rapl_estimated_attributable_power_draw":17.398644639,"cpu_time_seconds":{"26115":{"user":32.23,"system":7.88,"children_user":0.11,"children_system":0.31},"26196":{"user":0.5,"system":1.06,"children_user":0.03,"children_system":0.89}},"average_relative_cpu_utilization":0.2280325402,"absolute_cpu_utilization":0.9986311743,"relative_mem_usage":0.2229518954,"absolute_mem_usage":3517611008.0,"absolute_mem_percent_usage":0.0260372351,"mem_info_per_process":{"26115":{"rss":3650678784,"vms":11983106048,"shared":566071296,"text":2322432,"lib":0,"data":10255302656,"dirty":0,"uss":51740672,"pss":1790889984,"swap":0},"26196":{"rss":3265654784,"vms":11983106048,"shared":180883456,"text":2322432,"lib":0,"data":10255302656,"dirty":0,"uss":31408128,"pss":1643572224,"swap":0}},"nvidia_draw_absolute":169.6,"nvidia_estimated_attributable_power_draw":169.6,"average_gpu_estimated_utilization_absolute":0.99,"per_gpu_average_estimated_utilization_absolute":{"(0, 26115)":{"sm":99,"mem":69,"enc":0,"dec":0}},"average_gpu_estimated_utilization_relative":1.0,"per_gpu_performance_state":{"0":"P2"},"per_gpu_power_draw":{"0":169.6},"cpu_count_adjusted_average_load":[0.1696875,0.170625,0.1653125],"realtime_carbon_intensity":336.704610597,"disk_write_speed":27.7845101085,"process_ids":[26115,26196]}
{"timestamp":1572412132.8388121128,"rapl_power_draw_absolute":77.3549287105,"rapl_estimated_attributable_power_draw":17.2544265586,"cpu_time_seconds":{"26115":{"user":38.9,"system":9.44,"children_user":0.11,"children_system":0.31},"26196":{"user":0.62,"system":1.38,"children_user":0.04,"children_system":1.16}},"average_relative_cpu_utilization":0.2232064446,"absolute_cpu_utilization":0.9987489475,"relative_mem_usage":0.22149846,"absolute_mem_usage":3516778496.0,"absolute_mem_percent_usage":0.0260310729,"mem_info_per_process":{"26115":{"rss":3650678784,"vms":11983106048,"shared":566071296,"text":2322432,"lib":0,"data":10255302656,"dirty":0,"uss":51683328,"pss":1790440448,"swap":0},"26196":{"rss":3265654784,"vms":11983106048,"shared":180883456,"text":2322432,"lib":0,"data":10255302656,"dirty":0,"uss":31412224,"pss":1643242496,"swap":0}},"nvidia_draw_absolute":170.15,"nvidia_estimated_attributable_power_draw":170.15,"average_gpu_estimated_utilization_absolute":0.98,"per_gpu_average_estimated_utilization_absolute":{"(0, 26115)":{"sm":98,"mem":69,"enc":0,"dec":0}},"average_gpu_estimated_utilization_relative":1.0,"per_gpu_performance_state":{"0":"P2"},"per_gpu_power_draw":{"0":170.15},"cpu_count_adjusted_average_load":[0.181875,0.173125,0.16625],"realtime_carbon_intensity":336.704610597,"disk_write_speed":36.580409697,"process_ids":[26115,26196]}
{"timestamp":1572412141.1248879433,"rapl_power_draw_absolute":79.1471484706,"rapl_estimated_attributable_power_draw":17.8055331476,"cpu_time_seconds":{"26115":{"user":45.66,"system":10.97,"children_user":0.11,"children_system":0.31},"26196":{"user":0.8,"system":1.73,"children_user":0.06,"children_system":1.45}},"average_relative_cpu_utilization":0.2253176112,"absolute_cpu_utilization":1.003581969,"relative_mem_usage":0.2213044981,"absolute_mem_usage":3516262400.0,"absolute_mem_percent_usage":0.0260272528,"mem_info_per_process":{"26115":{"rss":3650678784,"vms":11983106048,"shared":566071296,"text":2322432,"lib":0,"data":10255302656,"dirty":0,"uss":51687424,"pss":1790313472,"swap":0},"26196":{"rss":3265654784,"vms":11983106048,"shared":180883456,"text":2322432,"lib":0,"data":10255302656,"dirty":0,"uss":31342592,"pss":1642918912,"swap":0}},"nvidia_draw_absolute":172.72,"nvidia_estimated_attributable_power_draw":172.72,"average_gpu_estimated_utilization_absolute":0.985,"per_gpu_average_estimated_utilization_absolute":{"(0, 26115)":{"sm":98.5,"mem":69.0,"enc":0.0,"dec":0.0}},"average_gpu_estimated_utilization_relative":1.0,"per_gpu_performance_state":{"0":"P2"},"per_gpu_power_draw":{"0":172.72},"cpu_count_adjusted_average_load":[0.18,0.173125,0.16625],"realtime_carbon_intensity":336.704610597,"disk_write_speed":47.3219929118,"process_ids":[26115,26196]}
{"timestamp":1572412149.4364359379,"rapl_power_draw_absolute":77.3081826353,"rapl_estimated_attributable_power_draw":17.4560266261,"cpu_time_seconds":{"26115":{"user":52.42,"system":12.52,"children_user":0.11,"children_system":0.31},"26196":{"user":0.97,"system":2.05,"children_user":0.08,"children_system":1.76}},"average_relative_cpu_utilization":0.2262389179,"absolute_cpu_utilization":0.9987336565,"relative_mem_usage":0.2212927211,"absolute_mem_usage":3516274688.0,"absolute_mem_percent_usage":0.0260273437,"mem_info_per_process":{"26115":{"rss":3650678784,"vms":11983106048,"shared":566071296,"text":2322432,"lib":0,"data":10255302656,"dirty":0,"uss":51691520,"pss":1790315520,"swap":0},"26196":{"rss":3265654784,"vms":11983106048,"shared":180883456,"text":2322432,"lib":0,"data":10255302656,"dirty":0,"uss":31346688,"pss":1642920960,"swap":0}},"nvidia_draw_absolute":173.91,"nvidia_estimated_attributable_power_draw":173.91,"average_gpu_estimated_utilization_absolute":0.99,"per_gpu_average_estimated_utilization_absolute":{"(0, 26115)":{"sm":99,"mem":69,"enc":0,"dec":0}},"average_gpu_estimated_utilization_relative":1.0,"per_gpu_performance_state":{"0":"P2"},"per_gpu_power_draw":{"0":173.91},"cpu_count_adjusted_average_load":[0.180625,0.1734375,0.16625],"realtime_carbon_intensity":336.704610597,"disk_write_speed":36.5705055281,"process_ids":[26115,26196]}
{"timestamp":1572412157.6997699738,"rapl_power_draw_absolute":77.3346325428,"rapl_estimated_attributable_power_draw":17.6443908494,"cpu_time_seconds":{"26115":{"user":59.05,"system":14.16,"children_user":0.11,"children_system":0.31},"26196":{"user":1.14,"system":2.37,"children_user":0.1,"children_system":2.02}},"average_relative_cpu_utilization":0.2288203835,"absolute_cpu_utilization":0.9987152392,"relative_mem_usage":0.2212649174,"absolute_mem_usage":3516176384.0,"absolute_mem_percent_usage":0.0260266161,"mem_info_per_process":{"26115":{"rss":3650678784,"vms":11983106048,"shared":566071296,"text":2322432,"lib":0,"data":10255302656,"dirty":0,"uss":51695616,"pss":1790206976,"swap":0},"26196":{"rss":3265654784,"vms":11983106048,"shared":180883456,"text":2322432,"lib":0,"data":10255302656,"dirty":0,"uss":31350784,"pss":1642923008,"swap":0}},"nvidia_draw_absolute":174.54,"nvidia_estimated_attributable_power_draw":174.54,"average_gpu_estimated_utilization_absolute":0.985,"per_gpu_average_estimated_utilization_absolute":{"(0, 26115)":{"sm":98.5,"mem":69.0,"enc":0.0,"dec":0.0}},"average_gpu_estimated_utilization_relative":1.0,"per_gpu_performance_state":{"0":"P2"},"per_gpu_power_draw":{"0":174.54},"cpu_count_adjusted_average_load":[0.1746875,0.1721875,0.1659375],"realtime_carbon_intensity":336.704610597,"disk_write_speed":31.0303891187,"process_ids":[26115,26196]}
{"timestamp":1572412165.9878189564,"rapl_power_draw_absolute":73.2803333317,"rapl_estimated_attributable_power_draw":19.7051586934,"cpu_time_seconds":{"26115":{"user":65.56,"system":15.95,"children_user":0.11,"children_system":0.31},"26196":{"user":1.31,"system":2.74,"children_user":0.11,"children_system":2.3}},"average_relative_cpu_utilization":0.2669227944,"absolute_cpu_utilization":1.0037222497,"relative_mem_usage":0.2876632344,"absolute_mem_usage":3589460992.0,"absolute_mem_percent_usage":0.0265690662,"mem_info_per_process":{"26115":{"rss":3650678784,"vms":11983106048,"shared":566071296,"text":2322432,"lib":0,"data":10255302656,"dirty":0,"uss":62816256,"pss":1850956800,"swap":0},"26196":{"rss":3265654784,"vms":11983106048,"shared":180883456,"text":2322432,"lib":0,"data":10255302656,"dirty":0,"uss":31412224,"pss":1644275712,"swap":0}},"nvidia_draw_absolute":174.7,"nvidia_estimated_attributable_power_draw":174.7,"average_gpu_estimated_utilization_absolute":0.99,"per_gpu_average_estimated_utilization_absolute":{"(0, 26115)":{"sm":99,"mem":69,"enc":0,"dec":0}},"average_gpu_estimated_utilization_relative":1.0,"per_gpu_performance_state":{"0":"P2"},"per_gpu_power_draw":{"0":174.7},"cpu_count_adjusted_average_load":[0.1740625,0.1721875,0.16625],"realtime_carbon_intensity":336.704610597,"disk_write_speed":18.3170017844,"process_ids":[26115,26196]}
{"timestamp":1572412174.2396678925,"rapl_power_draw_absolute":72.5472872571,"rapl_estimated_attributable_power_draw":18.9037207346,"cpu_time_seconds":{"26115":{"user":72.15,"system":17.61,"children_user":0.11,"children_system":0.31},"26196":{"user":1.45,"system":3.06,"children_user":0.12,"children_system":2.56}},"average_relative_cpu_utilization":0.2580194772,"absolute_cpu_utilization":1.0037345996,"relative_mem_usage":0.285128366,"absolute_mem_usage":3573047296.0,"absolute_mem_percent_usage":0.0264475726,"mem_info_per_process":{"26115":{"rss":3650678784,"vms":11983106048,"shared":566071296,"text":2322432,"lib":0,"data":10255302656,"dirty":0,"uss":62832640,"pss":1835186176,"swap":0},"26196":{"rss":3265654784,"vms":11983106048,"shared":180883456,"text":2322432,"lib":0,"data":10255302656,"dirty":0,"uss":31412224,"pss":1643616256,"swap":0}},"nvidia_draw_absolute":176.42,"nvidia_estimated_attributable_power_draw":176.42,"average_gpu_estimated_utilization_absolute":0.99,"per_gpu_average_estimated_utilization_absolute":{"(0, 26115)":{"sm":99,"mem":69,"enc":0,"dec":0}},"average_gpu_estimated_utilization_relative":1.0,"per_gpu_performance_state":{"0":"P2"},"per_gpu_power_draw":{"0":176.42},"cpu_count_adjusted_average_load":[0.1725,0.1721875,0.1659375],"realtime_carbon_intensity":336.704610597,"disk_write_speed":36.9647277432,"process_ids":[26115,26196]}
{"timestamp":1572412182.5106580257,"rapl_power_draw_absolute":76.814746297,"rapl_estimated_attributable_power_draw":17.907683423,"cpu_time_seconds":{"26115":{"user":78.87,"system":19.17,"children_user":0.11,"children_system":0.31},"26196":{"user":1.62,"system":3.41,"children_user":0.13,"children_system":2.83}},"average_relative_cpu_utilization":0.2347945497,"absolute_cpu_utilization":1.0036129575,"relative_mem_usage":0.2181665254,"absolute_mem_usage":3530707968.0,"absolute_mem_percent_usage":0.0261341784,"mem_info_per_process":{"26115":{"rss":3650678784,"vms":11983106048,"shared":566071296,"text":2322432,"lib":0,"data":10255302656,"dirty":0,"uss":62373888,"pss":1793321984,"swap":0},"26196":{"rss":3265654784,"vms":11983106048,"shared":180883456,"text":2322432,"lib":0,"data":10255302656,"dirty":0,"uss":31416320,"pss":1643595776,"swap":0}},"nvidia_draw_absolute":175.16,"nvidia_estimated_attributable_power_draw":175.16,"average_gpu_estimated_utilization_absolute":0.99,"per_gpu_average_estimated_utilization_absolute":{"(0, 26115)":{"sm":99,"mem":69,"enc":0,"dec":0}},"average_gpu_estimated_utilization_relative":1.0,"per_gpu_performance_state":{"0":"P2"},"per_gpu_power_draw":{"0":175.16},"cpu_count_adjusted_average_load":[0.1675,0.1709375,0.165625],"realtime_carbon_intensity":336.704610597,"disk_write_speed":18.9865261566,"process_ids":[26115,26196]}
{"timestamp":1572412190.7901449203,"rapl_power_draw_absolute":77.2666788053,"rapl_estimated_attributable_power_draw":17.44994214,"cpu_time_seconds":{"26115":{"user":85.47,"system":20.85,"children_user":0.11,"children_system":0.31},"26196":{"user":1.75,"system":3.75,"children_user":0.15,"children_system":3.08}},"average_relative_cpu_utilization":0.2260915043,"absolute_cpu_utilization":1.0037408885,"relative_mem_usage":0.2232771163,"absolute_mem_usage":3528328192.0,"absolute_mem_percent_usage":0.0261165633,"mem_info_per_process":{"26115":{"rss":3650678784,"vms":11983106048,"shared":566071296,"text":2322432,"lib":0,"data":10255302656,"dirty":0,"uss":62377984,"pss":1791241216,"swap":0},"26196":{"rss":3265654784,"vms":11983106048,"shared":180883456,"text":2322432,"lib":0,"data":10255302656,"dirty":0,"uss":31420416,"pss":1643288576,"swap":0}},"nvidia_draw_absolute":176.3,"nvidia_estimated_attributable_power_draw":176.3,"average_gpu_estimated_utilization_absolute":0.99,"per_gpu_average_estimated_utilization_absolute":{"(0, 26115)":{"sm":99,"mem":69,"enc":0,"dec":0}},"average_gpu_estimated_utilization_relative":1.0,"per_gpu_performance_state":{"0":"P2"},"per_gpu_power_draw":{"0":176.3},"cpu_count_adjusted_average_load":[0.1684375,0.1709375,0.1659375],"realtime_carbon_intensity":336.704610597,"disk_write_speed":20.8252698097,"process_ids":[26115,26196]}
{"timestamp":1572412199.0621550083,"rapl_power_draw_absolute":77.4245434756,"rapl_estimated_attributable_power_draw":17.2630422572,"cpu_time_seconds":{"26115":{"user":92.05,"system":22.54,"children_user":0.11,"children_system":0.31},"26196":{"user":1.9,"system":4.07,"children_user":0.17,"children_system":3.34}},"average_relative_cpu_utilization":0.222947126,"absolute_cpu_utilization":0.9986272623,"relative_mem_usage":0.2231551001,"absolute_mem_usage":3527915520.0,"absolute_mem_percent_usage":0.0261135088,"mem_info_per_process":{"26115":{"rss":3650678784,"vms":11983106048,"shared":566071296,"text":2322432,"lib":0,"data":10255302656,"dirty":0,"uss":62382080,"pss":1791123456,"swap":0},"26196":{"rss":3265654784,"vms":11983106048,"shared":180883456,"text":2322432,"lib":0,"data":10255302656,"dirty":0,"uss":31424512,"pss":1642985472,"swap":0}},"nvidia_draw_absolute":177.04,"nvidia_estimated_attributable_power_draw":177.04,"average_gpu_estimated_utilization_absolute":0.99,"per_gpu_average_estimated_utilization_absolute":{"(0, 26115)":{"sm":99,"mem":69,"enc":0,"dec":0}},"average_gpu_estimated_utilization_relative":1.0,"per_gpu_performance_state":{"0":"P2"},"per_gpu_power_draw":{"0":177.04},"cpu_count_adjusted_average_load":[0.17,0.17125,0.1659375],"realtime_carbon_intensity":336.704610597,"disk_write_speed":19.8646987169,"process_ids":[26115,26196]}
{"timestamp":1572412207.3573739529,"rapl_power_draw_absolute":76.9942175665,"rapl_estimated_attributable_power_draw":17.2976848422,"cpu_time_seconds":{"26115":{"user":98.81,"system":24.08,"children_user":0.11,"children_system":0.31},"26196":{"user":2.01,"system":4.41,"children_user":0.19,"children_system":3.63}},"average_relative_cpu_utilization":0.224815854,"absolute_cpu_utilization":1.0036103907,"relative_mem_usage":0.2230769271,"absolute_mem_usage":3527927808.0,"absolute_mem_percent_usage":0.0261135997,"mem_info_per_process":{"26115":{"rss":3650678784,"vms":11983106048,"shared":566071296,"text":2322432,"lib":0,"data":10255302656,"dirty":0,"uss":62386176,"pss":1791125504,"swap":0},"26196":{"rss":3265654784,"vms":11983106048,"shared":180883456,"text":2322432,"lib":0,"data":10255302656,"dirty":0,"uss":31428608,"pss":1642987520,"swap":0}},"nvidia_draw_absolute":176.11,"nvidia_estimated_attributable_power_draw":176.11,"average_gpu_estimated_utilization_absolute":0.99,"per_gpu_average_estimated_utilization_absolute":{"(0, 26115)":{"sm":99,"mem":69,"enc":0,"dec":0}},"average_gpu_estimated_utilization_relative":1.0,"per_gpu_performance_state":{"0":"P2"},"per_gpu_power_draw":{"0":176.11},"cpu_count_adjusted_average_load":[0.175,0.1725,0.16625],"realtime_carbon_intensity":336.704610597,"disk_write_speed":33.1270848113,"process_ids":[26115,26196]}
{"timestamp":1572412215.5973510742,"rapl_power_draw_absolute":77.2472124037,"rapl_estimated_attributable_power_draw":17.3362773208,"cpu_time_seconds":{"26115":{"user":105.4,"system":25.74,"children_user":0.11,"children_system":0.31},"26196":{"user":2.16,"system":4.74,"children_user":0.2,"children_system":3.88}},"average_relative_cpu_utilization":0.2245580461,"absolute_cpu_utilization":1.0035668778,"relative_mem_usage":0.2230543648,"absolute_mem_usage":3527940096.0,"absolute_mem_percent_usage":0.0261136907,"mem_info_per_process":{"26115":{"rss":3650678784,"vms":11983106048,"shared":566071296,"text":2322432,"lib":0,"data":10255302656,"dirty":0,"uss":62390272,"pss":1791127552,"swap":0},"26196":{"rss":3265654784,"vms":11983106048,"shared":180883456,"text":2322432,"lib":0,"data":10255302656,"dirty":0,"uss":31432704,"pss":1642989568,"swap":0}},"nvidia_draw_absolute":178.43,"nvidia_estimated_attributable_power_draw":178.43,"average_gpu_estimated_utilization_absolute":0.99,"per_gpu_average_estimated_utilization_absolute":{"(0, 26115)":{"sm":99,"mem":69,"enc":0,"dec":0}},"average_gpu_estimated_utilization_relative":1.0,"per_gpu_performance_state":{"0":"P2"},"per_gpu_power_draw":{"0":178.43},"cpu_count_adjusted_average_load":[0.174375,0.1725,0.1665625],"realtime_carbon_intensity":336.704610597,"disk_write_speed":33.9383586844,"process_ids":[26115,26196]}
{"timestamp":1572412223.8694870472,"rapl_power_draw_absolute":77.7741330161,"rapl_estimated_attributable_power_draw":17.5621173139,"cpu_time_seconds":{"26115":{"user":112.06,"system":27.35,"children_user":0.11,"children_system":0.31},"26196":{"user":2.3,"system":5.08,"children_user":0.21,"children_system":4.18}},"average_relative_cpu_utilization":0.2260695853,"absolute_cpu_utilization":1.0035509782,"relative_mem_usage":0.2230842589,"absolute_mem_usage":3527952384.0,"absolute_mem_percent_usage":0.0261137816,"mem_info_per_process":{"26115":{"rss":3650678784,"vms":11983106048,"shared":566071296,"text":2322432,"lib":0,"data":10255302656,"dirty":0,"uss":62394368,"pss":1791129600,"swap":0},"26196":{"rss":3265654784,"vms":11983106048,"shared":180883456,"text":2322432,"lib":0,"data":10255302656,"dirty":0,"uss":31436800,"pss":1642991616,"swap":0}},"nvidia_draw_absolute":177.76,"nvidia_estimated_attributable_power_draw":177.76,"average_gpu_estimated_utilization_absolute":0.985,"per_gpu_average_estimated_utilization_absolute":{"(0, 26115)":{"sm":98.5,"mem":69.0,"enc":0.0,"dec":0.0}},"average_gpu_estimated_utilization_relative":1.0,"per_gpu_performance_state":{"0":"P2"},"per_gpu_power_draw":{"0":177.76},"cpu_count_adjusted_average_load":[0.173125,0.1721875,0.16625],"realtime_carbon_intensity":336.704610597,"disk_write_speed":25.5535100607,"process_ids":[26115,26196]}
{"timestamp":1572412232.1711258888,"rapl_power_draw_absolute":76.989941324,"rapl_estimated_attributable_power_draw":17.2984121755,"cpu_time_seconds":{"26115":{"user":118.95,"system":28.76,"children_user":0.11,"children_system":0.31},"26196":{"user":2.48,"system":5.44,"children_user":0.23,"children_system":4.46}},"average_relative_cpu_utilization":0.2248400517,"absolute_cpu_utilization":0.9935923204,"relative_mem_usage":0.2230782758,"absolute_mem_usage":3527964672.0,"absolute_mem_percent_usage":0.0261138726,"mem_info_per_process":{"26115":{"rss":3650678784,"vms":11983106048,"shared":566071296,"text":2322432,"lib":0,"data":10255302656,"dirty":0,"uss":62398464,"pss":1791131648,"swap":0},"26196":{"rss":3265654784,"vms":11983106048,"shared":180883456,"text":2322432,"lib":0,"data":10255302656,"dirty":0,"uss":31440896,"pss":1642993664,"swap":0}},"nvidia_draw_absolute":178.75,"nvidia_estimated_attributable_power_draw":178.75,"average_gpu_estimated_utilization_absolute":0.99,"per_gpu_average_estimated_utilization_absolute":{"(0, 26115)":{"sm":99,"mem":69,"enc":0,"dec":0}},"average_gpu_estimated_utilization_relative":1.0,"per_gpu_performance_state":{"0":"P2"},"per_gpu_power_draw":{"0":178.75},"cpu_count_adjusted_average_load":[0.173125,0.1721875,0.1665625],"realtime_carbon_intensity":336.704610597,"disk_write_speed":20.9504647829,"process_ids":[26115,26196]}
{"timestamp":1572412240.518871069,"rapl_power_draw_absolute":77.5146138443,"rapl_estimated_attributable_power_draw":16.8891651302,"cpu_time_seconds":{"26115":{"user":125.62,"system":30.44,"children_user":0.11,"children_system":0.31},"26196":{"user":2.6,"system":5.8,"children_user":0.25,"children_system":4.72}},"average_relative_cpu_utilization":0.2173836192,"absolute_cpu_utilization":0.9987610339,"relative_mem_usage":0.2230409846,"absolute_mem_usage":3527976960.0,"absolute_mem_percent_usage":0.0261139635,"mem_info_per_process":{"26115":{"rss":3650678784,"vms":11983106048,"shared":566071296,"text":2322432,"lib":0,"data":10255302656,"dirty":0,"uss":62402560,"pss":1791133696,"swap":0},"26196":{"rss":3265654784,"vms":11983106048,"shared":180883456,"text":2322432,"lib":0,"data":10255302656,"dirty":0,"uss":31444992,"pss":1642995712,"swap":0}},"nvidia_draw_absolute":179.42,"nvidia_estimated_attributable_power_draw":179.42,"average_gpu_estimated_utilization_absolute":0.99,"per_gpu_average_estimated_utilization_absolute":{"(0, 26115)":{"sm":99,"mem":69,"enc":0,"dec":0}},"average_gpu_estimated_utilization_relative":1.0,"per_gpu_performance_state":{"0":"P2"},"per_gpu_power_draw":{"0":179.42},"cpu_count_adjusted_average_load":[0.1703125,0.1715625,0.16625],"realtime_carbon_intensity":336.704610597,"disk_write_speed":24.0114213544,"process_ids":[26115,26196]}
