{"timestamp":1572412280.8569869995,"rapl_power_draw_absolute":66.983672926,"rapl_estimated_attributable_power_draw":19.8654624872,"cpu_time_seconds":{"27242":{"user":11.98,"system":3.2,"children_user":1.08,"children_system":0.38},"27342":{"user":0.0,"system":0.06,"children_user":0.0,"children_system":0.07}},"average_relative_cpu_utilization":0.2971651854,"absolute_cpu_utilization":0.99869197,"relative_mem_usage":0.2885504358,"absolute_mem_usage":3597358080.0,"absolute_mem_percent_usage":0.0266275202,"mem_info_per_process":{"27242":{"rss":3650605056,"vms":12015636480,"shared":564494336,"text":2322432,"lib":0,"data":10287833088,"dirty":0,"uss":67518464,"pss":1853898752,"swap":0},"27342":{"rss":3260248064,"vms":12015636480,"shared":173981696,"text":2322432,"lib":0,"data":10287833088,"dirty":0,"uss":32407552,"pss":1643533312,"swap":0}},"nvidia_draw_absolute":171.33,"nvidia_estimated_attributable_power_draw":171.33,"average_gpu_estimated_utilization_absolute":0.985,"per_gpu_average_estimated_utilization_absolute":{"(0, 27242)":{"sm":98.5,"mem":64.0,"enc":0.0,"dec":0.0}},"average_gpu_estimated_utilization_relative":1.0,"per_gpu_performance_state":{"0":"P2"},"per_gpu_power_draw":{"0":171.33},"cpu_count_adjusted_average_load":[0.149375,0.16625,0.1646875],"realtime_carbon_intensity":335.5704697987,"disk_write_speed":23.3759424702,"process_ids":[27242,27342]}
{"timestamp":1572412289.2808990479,"rapl_power_draw_absolute":70.1008297615,"rapl_estimated_attributable_power_draw":18.8580914715,"cpu_time_seconds":{"27242":{"user":18.78,"system":4.83,"children_user":1.08,"children_system":0.38},"27342":{"user":0.16,"system":0.41,"children_user":0.02,"children_system":0.34}},"average_relative_cpu_utilization":0.2669098277,"absolute_cpu_utilization":1.0036085071,"relative_mem_usage":0.2905614605,"absolute_mem_usage":3634050048.0,"absolute_mem_percent_usage":0.0268991129,"mem_info_per_process":{"27242":{"rss":3650605056,"vms":12015636480,"shared":564494336,"text":2322432,"lib":0,"data":10287833088,"dirty":0,"uss":81637376,"pss":1860470784,"swap":0},"27342":{"rss":3267325952,"vms":12015636480,"shared":181047296,"text":2322432,"lib":0,"data":10287833088,"dirty":0,"uss":41701376,"pss":1650240512,"swap":0}},"nvidia_draw_absolute":174.33,"nvidia_estimated_attributable_power_draw":174.33,"average_gpu_estimated_utilization_absolute":0.99,"per_gpu_average_estimated_utilization_absolute":{"(0, 27242)":{"sm":99.0,"mem":64.5,"enc":0.0,"dec":0.0}},"average_gpu_estimated_utilization_relative":1.0,"per_gpu_performance_state":{"0":"P2"},"per_gpu_power_draw":{"0":174.33},"cpu_count_adjusted_average_load":[0.1575,0.1675,0.165],"realtime_carbon_intensity":335.5704697987,"disk_write_speed":25.9914607446,"process_ids":[27242,27342]}
{"timestamp":1572412297.5786349773,"rapl_power_draw_absolute":79.0865250052,"rapl_estimated_attributable_power_draw":14.6155985155,"cpu_time_seconds":{"27242":{"user":25.61,"system":6.3,"children_user":1.08,"children_system":0.38},"27342":{"user":0.33,"system":0.74,"children_user":0.03,"children_system":0.62}},"average_relative_cpu_utilization":0.1772455123,"absolute_cpu_utilization":1.0037461374,"relative_mem_usage":0.2578735164,"absolute_mem_usage":3606079488.0,"absolute_mem_percent_usage":0.0266920758,"mem_info_per_process":{"27242":{"rss":3650605056,"vms":12015636480,"shared":564494336,"text":2322432,"lib":0,"data":10287833088,"dirty":0,"uss":80482304,"pss":1834243072,"swap":0},"27342":{"rss":3267325952,"vms":12015636480,"shared":181047296,"text":2322432,"lib":0,"data":10287833088,"dirty":0,"uss":41775104,"pss":1649579008,"swap":0}},"nvidia_draw_absolute":174.04,"nvidia_estimated_attributable_power_draw":174.04,"average_gpu_estimated_utilization_absolute":0.99,"per_gpu_average_estimated_utilization_absolute":{"(0, 27242)":{"sm":99,"mem":64,"enc":0,"dec":0}},"average_gpu_estimated_utilization_relative":1.0,"per_gpu_performance_state":{"0":"P2"},"per_gpu_power_draw":{"0":174.04},"cpu_count_adjusted_average_load":[0.159375,0.1675,0.1653125],"realtime_carbon_intensity":335.5704697987,"disk_write_speed":35.9983521262,"process_ids":[27242,27342]}
{"timestamp":1572412305.8394880295,"rapl_power_draw_absolute":72.8732128569,"rapl_estimated_attributable_power_draw":16.3657238212,"cpu_time_seconds":{"27242":{"user":32.22,"system":7.95,"children_user":1.08,"children_system":0.38},"27342":{"user":0.49,"system":1.1,"children_user":0.04,"children_system":0.91}},"average_relative_cpu_utilization":0.2244598339,"absolute_cpu_utilization":0.9987565914,"relative_mem_usage":0.2259216022,"absolute_mem_usage":3570607104.0,"absolute_mem_percent_usage":0.0264295104,"mem_info_per_process":{"27242":{"rss":3650605056,"vms":12015636480,"shared":564494336,"text":2322432,"lib":0,"data":10287833088,"dirty":0,"uss":77639680,"pss":1801860096,"swap":0},"27342":{"rss":3267325952,"vms":12015636480,"shared":181047296,"text":2322432,"lib":0,"data":10287833088,"dirty":0,"uss":41779200,"pss":1649328128,"swap":0}},"nvidia_draw_absolute":175.35,"nvidia_estimated_attributable_power_draw":175.35,"average_gpu_estimated_utilization_absolute":0.9833333333,"per_gpu_average_estimated_utilization_absolute":{"(0, 27242)":{"sm":98.3333333333,"mem":64.3333333333,"enc":0.0,"dec":0.0}},"average_gpu_estimated_utilization_relative":1.0,"per_gpu_performance_state":{"0":"P2"},"per_gpu_power_draw":{"0":175.35},"cpu_count_adjusted_average_load":[0.1540625,0.16625,0.1646875],"realtime_carbon_intensity":335.5704697987,"disk_write_speed":15.5002940278,"process_ids":[27242,27342]}
{"timestamp":1572412314.1700930595,"rapl_power_draw_absolute":77.0334232077,"rapl_estimated_attributable_power_draw":17.0298249241,"cpu_time_seconds":{"27242":{"user":38.94,"system":9.57,"children_user":1.08,"children_system":0.38},"27342":{"user":0.62,"system":1.46,"children_user":0.05,"children_system":1.22}},"average_relative_cpu_utilization":0.2206191801,"absolute_cpu_utilization":1.0036029778,"relative_mem_usage":0.2257086331,"absolute_mem_usage":3570114560.0,"absolute_mem_percent_usage":0.0264258646,"mem_info_per_process":{"27242":{"rss":3650605056,"vms":12015636480,"shared":564494336,"text":2322432,"lib":0,"data":10287833088,"dirty":0,"uss":77643776,"pss":1801684992,"swap":0},"27342":{"rss":3267330048,"vms":12015636480,"shared":181047296,"text":2322432,"lib":0,"data":10287833088,"dirty":0,"uss":41779200,"pss":1649006592,"swap":0}},"nvidia_draw_absolute":177.73,"nvidia_estimated_attributable_power_draw":177.73,"average_gpu_estimated_utilization_absolute":0.99,"per_gpu_average_estimated_utilization_absolute":{"(0, 27242)":{"sm":99,"mem":65,"enc":0,"dec":0}},"average_gpu_estimated_utilization_relative":1.0,"per_gpu_performance_state":{"0":"P2"},"per_gpu_power_draw":{"0":177.73},"cpu_count_adjusted_average_load":[0.1540625,0.1659375,0.1646875],"realtime_carbon_intensity":335.5704697987,"disk_write_speed":22.6371725914,"process_ids":[27242,27342]}
{"timestamp":1572412322.4241919518,"rapl_power_draw_absolute":77.3279928454,"rapl_estimated_attributable_power_draw":17.198777914,"cpu_time_seconds":{"27242":{"user":45.63,"system":11.14,"children_user":1.08,"children_system":0.38},"27342":{"user":0.76,"system":1.8,"children_user":0.08,"children_system":1.45}},"average_relative_cpu_utilization":0.2220936436,"absolute_cpu_utilization":1.0037678078,"relative_mem_usage":0.2256859502,"absolute_mem_usage":3570151424.0,"absolute_mem_percent_usage":0.0264261375,"mem_info_per_process":{"27242":{"rss":3650605056,"vms":12015636480,"shared":564494336,"text":2322432,"lib":0,"data":10287833088,"dirty":0,"uss":77656064,"pss":1801691136,"swap":0},"27342":{"rss":3267330048,"vms":12015636480,"shared":181047296,"text":2322432,"lib":0,"data":10287833088,"dirty":0,"uss":41791488,"pss":1649012736,"swap":0}},"nvidia_draw_absolute":177.64,"nvidia_estimated_attributable_power_draw":177.64,"average_gpu_estimated_utilization_absolute":0.99,"per_gpu_average_estimated_utilization_absolute":{"(0, 27242)":{"sm":99,"mem":65,"enc":0,"dec":0}},"average_gpu_estimated_utilization_relative":1.0,"per_gpu_performance_state":{"0":"P2"},"per_gpu_power_draw":{"0":177.64},"cpu_count_adjusted_average_load":[0.16125,0.1671875,0.165],"realtime_carbon_intensity":335.5704697987,"disk_write_speed":29.8214963703,"process_ids":[27242,27342]}
{"timestamp":1572412330.6766440868,"rapl_power_draw_absolute":77.2607687296,"rapl_estimated_attributable_power_draw":17.2356007632,"cpu_time_seconds":{"27242":{"user":52.26,"system":12.76,"children_user":1.08,"children_system":0.38},"27342":{"user":0.9,"system":2.13,"children_user":0.08,"children_system":1.74}},"average_relative_cpu_utilization":0.2228310897,"absolute_cpu_utilization":1.003750942,"relative_mem_usage":0.2256683542,"absolute_mem_usage":3570159616.0,"absolute_mem_percent_usage":0.0264261981,"mem_info_per_process":{"27242":{"rss":3650605056,"vms":12015636480,"shared":564494336,"text":2322432,"lib":0,"data":10287833088,"dirty":0,"uss":77660160,"pss":1801690112,"swap":0},"27342":{"rss":3267330048,"vms":12015636480,"shared":181047296,"text":2322432,"lib":0,"data":10287833088,"dirty":0,"uss":41795584,"pss":1649013760,"swap":0}},"nvidia_draw_absolute":178.25,"nvidia_estimated_attributable_power_draw":178.25,"average_gpu_estimated_utilization_absolute":0.99,"per_gpu_average_estimated_utilization_absolute":{"(0, 27242)":{"sm":99.0,"mem":64.5,"enc":0.0,"dec":0.0}},"average_gpu_estimated_utilization_relative":1.0,"per_gpu_performance_state":{"0":"P2"},"per_gpu_power_draw":{"0":178.25},"cpu_count_adjusted_average_load":[0.1675,0.1684375,0.165625],"realtime_carbon_intensity":335.5704697987,"disk_write_speed":20.7984485466,"process_ids":[27242,27342]}
{"timestamp":1572412338.9735209942,"rapl_power_draw_absolute":77.4763188795,"rapl_estimated_attributable_power_draw":17.3007317394,"cpu_time_seconds":{"27242":{"user":58.89,"system":14.43,"children_user":1.08,"children_system":0.38},"27342":{"user":1.02,"system":2.49,"children_user":0.1,"children_system":2.01}},"average_relative_cpu_utilization":0.2230706113,"absolute_cpu_utilization":1.0035984957,"relative_mem_usage":0.2256939994,"absolute_mem_usage":3570196480.0,"absolute_mem_percent_usage":0.026426471,"mem_info_per_process":{"27242":{"rss":3650605056,"vms":12015636480,"shared":564494336,"text":2322432,"lib":0,"data":10287833088,"dirty":0,"uss":77672448,"pss":1801696256,"swap":0},"27342":{"rss":3267330048,"vms":12015636480,"shared":181047296,"text":2322432,"lib":0,"data":10287833088,"dirty":0,"uss":41807872,"pss":1649019904,"swap":0}},"nvidia_draw_absolute":177.51,"nvidia_estimated_attributable_power_draw":177.51,"average_gpu_estimated_utilization_absolute":0.9833333333,"per_gpu_average_estimated_utilization_absolute":{"(0, 27242)":{"sm":98.3333333333,"mem":64.3333333333,"enc":0.0,"dec":0.0}},"average_gpu_estimated_utilization_relative":1.0,"per_gpu_performance_state":{"0":"P2"},"per_gpu_power_draw":{"0":177.51},"cpu_count_adjusted_average_load":[0.1690625,0.16875,0.165625],"realtime_carbon_intensity":335.5704697987,"disk_write_speed":28.0116882776,"process_ids":[27242,27342]}
{"timestamp":1572412347.2694160938,"rapl_power_draw_absolute":77.6789106565,"rapl_estimated_attributable_power_draw":17.3116074456,"cpu_time_seconds":{"27242":{"user":65.64,"system":15.98,"children_user":1.08,"children_system":0.38},"27342":{"user":1.2,"system":2.83,"children_user":0.13,"children_system":2.28}},"average_relative_cpu_utilization":0.2225879462,"absolute_cpu_utilization":1.0037471213,"relative_mem_usage":0.2256941504,"absolute_mem_usage":3570221056.0,"absolute_mem_percent_usage":0.0264266529,"mem_info_per_process":{"27242":{"rss":3650605056,"vms":12015636480,"shared":564494336,"text":2322432,"lib":0,"data":10287833088,"dirty":0,"uss":77680640,"pss":1801700352,"swap":0},"27342":{"rss":3267330048,"vms":12015636480,"shared":181047296,"text":2322432,"lib":0,"data":10287833088,"dirty":0,"uss":41816064,"pss":1649024000,"swap":0}},"nvidia_draw_absolute":180.02,"nvidia_estimated_attributable_power_draw":180.02,"average_gpu_estimated_utilization_absolute":0.99,"per_gpu_average_estimated_utilization_absolute":{"(0, 27242)":{"sm":99.0,"mem":64.5,"enc":0.0,"dec":0.0}},"average_gpu_estimated_utilization_relative":1.0,"per_gpu_performance_state":{"0":"P2"},"per_gpu_power_draw":{"0":180.02},"cpu_count_adjusted_average_load":[0.1646875,0.1678125,0.1653125],"realtime_carbon_intensity":335.5704697987,"disk_write_speed":30.0548592199,"process_ids":[27242,27342]}
{"timestamp":1572412355.7531681061,"rapl_power_draw_absolute":77.253667779,"rapl_estimated_attributable_power_draw":17.0456103156,"cpu_time_seconds":{"27242":{"user":72.47,"system":17.64,"children_user":1.08,"children_system":0.38},"27342":{"user":1.36,"system":3.19,"children_user":0.13,"children_system":2.55}},"average_relative_cpu_utilization":0.2201445332,"absolute_cpu_utilization":1.0037352456,"relative_mem_usage":0.2257238755,"absolute_mem_usage":3570245632.0,"absolute_mem_percent_usage":0.0264268348,"mem_info_per_process":{"27242":{"rss":3650605056,"vms":12015636480,"shared":564494336,"text":2322432,"lib":0,"data":10287833088,"dirty":0,"uss":77688832,"pss":1801704448,"swap":0},"27342":{"rss":3267330048,"vms":12015636480,"shared":181047296,"text":2322432,"lib":0,"data":10287833088,"dirty":0,"uss":41824256,"pss":1649028096,"swap":0}},"nvidia_draw_absolute":180.12,"nvidia_estimated_attributable_power_draw":180.12,"average_gpu_estimated_utilization_absolute":0.985,"per_gpu_average_estimated_utilization_absolute":{"(0, 27242)":{"sm":98.5,"mem":65.0,"enc":0.0,"dec":0.0}},"average_gpu_estimated_utilization_relative":1.0,"per_gpu_performance_state":{"0":"P2"},"per_gpu_power_draw":{"0":180.12},"cpu_count_adjusted_average_load":[0.1584375,0.1665625,0.165],"realtime_carbon_intensity":335.5704697987,"disk_write_speed":30.4475074453,"process_ids":[27242,27342]}
{"timestamp":1572412364.0526680946,"rapl_power_draw_absolute":77.6113269345,"rapl_estimated_attributable_power_draw":17.1836348641,"cpu_time_seconds":{"27242":{"user":79.11,"system":19.3,"children_user":1.08,"children_system":0.38},"27342":{"user":1.53,"system":3.54,"children_user":0.14,"children_system":2.81}},"average_relative_cpu_utilization":0.2209885762,"absolute_cpu_utilization":0.9987469837,"relative_mem_usage":0.2256951952,"absolute_mem_usage":3570257920.0,"absolute_mem_percent_usage":0.0264269257,"mem_info_per_process":{"27242":{"rss":3650605056,"vms":12015636480,"shared":564494336,"text":2322432,"lib":0,"data":10287833088,"dirty":0,"uss":77692928,"pss":1801706496,"swap":0},"27342":{"rss":3267330048,"vms":12015636480,"shared":181047296,"text":2322432,"lib":0,"data":10287833088,"dirty":0,"uss":41828352,"pss":1649030144,"swap":0}},"nvidia_draw_absolute":179.36,"nvidia_estimated_attributable_power_draw":179.36,"average_gpu_estimated_utilization_absolute":0.99,"per_gpu_average_estimated_utilization_absolute":{"(0, 27242)":{"sm":99.0,"mem":64.5,"enc":0.0,"dec":0.0}},"average_gpu_estimated_utilization_relative":1.0,"per_gpu_performance_state":{"0":"P2"},"per_gpu_power_draw":{"0":179.36},"cpu_count_adjusted_average_load":[0.1584375,0.16625,0.1646875],"realtime_carbon_intensity":335.5704697987,"disk_write_speed":24.6746876291,"process_ids":[27242,27342]}
{"timestamp":1572412372.4537770748,"rapl_power_draw_absolute":71.5139822306,"rapl_estimated_attributable_power_draw":21.393823555,"cpu_time_seconds":{"27242":{"user":85.86,"system":20.96,"children_user":1.08,"children_system":0.38},"27342":{"user":1.68,"system":3.86,"children_user":0.16,"children_system":3.1}},"average_relative_cpu_utilization":0.2999715401,"absolute_cpu_utilization":1.0036230477,"relative_mem_usage":0.2915745004,"absolute_mem_usage":3638496256.0,"absolute_mem_percent_usage":0.0269320235,"mem_info_per_process":{"27242":{"rss":3650605056,"vms":12015636480,"shared":564494336,"text":2322432,"lib":0,"data":10287833088,"dirty":0,"uss":84414464,"pss":1861893120,"swap":0},"27342":{"rss":3267330048,"vms":12015636480,"shared":181047296,"text":2322432,"lib":0,"data":10287833088,"dirty":0,"uss":41857024,"pss":1650331648,"swap":0}},"nvidia_draw_absolute":179.09,"nvidia_estimated_attributable_power_draw":179.09,"average_gpu_estimated_utilization_absolute":0.99,"per_gpu_average_estimated_utilization_absolute":{"(0, 27242)":{"sm":99.0,"mem":64.5,"enc":0.0,"dec":0.0}},"average_gpu_estimated_utilization_relative":1.0,"per_gpu_performance_state":{"0":"P2"},"per_gpu_power_draw":{"0":179.09},"cpu_count_adjusted_average_load":[0.1509375,0.164375,0.1640625],"realtime_carbon_intensity":335.5704697987,"disk_write_speed":28.9842264523,"process_ids":[27242,27342]}
{"timestamp":1572412380.7862040997,"rapl_power_draw_absolute":71.5715911363,"rapl_estimated_attributable_power_draw":20.3141799031,"cpu_time_seconds":{"27242":{"user":92.56,"system":22.59,"children_user":1.08,"children_system":0.38},"27342":{"user":1.86,"system":4.19,"children_user":0.17,"children_system":3.38}},"average_relative_cpu_utilization":0.2830966856,"absolute_cpu_utilization":1.0037100645,"relative_mem_usage":0.2908000166,"absolute_mem_usage":3638473728.0,"absolute_mem_percent_usage":0.0269318568,"mem_info_per_process":{"27242":{"rss":3650605056,"vms":12015636480,"shared":564494336,"text":2322432,"lib":0,"data":10287833088,"dirty":0,"uss":84418560,"pss":1861866496,"swap":0},"27342":{"rss":3267330048,"vms":12015636480,"shared":181047296,"text":2322432,"lib":0,"data":10287833088,"dirty":0,"uss":41861120,"pss":1650327552,"swap":0}},"nvidia_draw_absolute":178.88,"nvidia_estimated_attributable_power_draw":178.88,"average_gpu_estimated_utilization_absolute":0.98,"per_gpu_average_estimated_utilization_absolute":{"(0, 27242)":{"sm":98.0,"mem":64.5,"enc":0.0,"dec":0.0}},"average_gpu_estimated_utilization_relative":1.0,"per_gpu_performance_state":{"0":"P2"},"per_gpu_power_draw":{"0":178.88},"cpu_count_adjusted_average_load":[0.1446875,0.1625,0.16375],"realtime_carbon_intensity":335.5704697987,"disk_write_speed":19.9112547359,"process_ids":[27242,27342]}
{"timestamp":1572412389.1104590893,"rapl_power_draw_absolute":72.2884331712,"rapl_estimated_attributable_power_draw":18.4189692049,"cpu_time_seconds":{"27242":{"user":99.34,"system":24.13,"children_user":1.08,"children_system":0.38},"27342":{"user":2.04,"system":4.5,"children_user":0.18,"children_system":3.66}},"average_relative_cpu_utilization":0.2518759324,"absolute_cpu_utilization":0.9986058584,"relative_mem_usage":0.2823014259,"absolute_mem_usage":3619795968.0,"absolute_mem_percent_usage":0.0267936047,"mem_info_per_process":{"27242":{"rss":3650605056,"vms":12015636480,"shared":564494336,"text":2322432,"lib":0,"data":10287833088,"dirty":0,"uss":82796544,"pss":1845506048,"swap":0},"27342":{"rss":3267330048,"vms":12015636480,"shared":181047296,"text":2322432,"lib":0,"data":10287833088,"dirty":0,"uss":41869312,"pss":1649624064,"swap":0}},"nvidia_draw_absolute":181.77,"nvidia_estimated_attributable_power_draw":181.77,"average_gpu_estimated_utilization_absolute":0.99,"per_gpu_average_estimated_utilization_absolute":{"(0, 27242)":{"sm":99,"mem":65,"enc":0,"dec":0}},"average_gpu_estimated_utilization_relative":1.0,"per_gpu_performance_state":{"0":"P2"},"per_gpu_power_draw":{"0":181.77},"cpu_count_adjusted_average_load":[0.143125,0.161875,0.1634375],"realtime_carbon_intensity":335.5704697987,"disk_write_speed":23.9519396962,"process_ids":[27242,27342]}
{"timestamp":1572412397.3839690685,"rapl_power_draw_absolute":77.5294366642,"rapl_estimated_attributable_power_draw":18.1180658643,"cpu_time_seconds":{"27242":{"user":106.21,"system":25.55,"children_user":1.08,"children_system":0.38},"27342":{"user":2.2,"system":4.83,"children_user":0.19,"children_system":3.97}},"average_relative_cpu_utilization":0.234521336,"absolute_cpu_utilization":1.0035955556,"relative_mem_usage":0.2256701701,"absolute_mem_usage":3565686784.0,"absolute_mem_percent_usage":0.0263930904,"mem_info_per_process":{"27242":{"rss":3650605056,"vms":12015636480,"shared":564494336,"text":2322432,"lib":0,"data":10287833088,"dirty":0,"uss":72716288,"pss":1801468928,"swap":0},"27342":{"rss":3267330048,"vms":12015636480,"shared":181047296,"text":2322432,"lib":0,"data":10287833088,"dirty":0,"uss":41877504,"pss":1649624064,"swap":0}},"nvidia_draw_absolute":179.84,"nvidia_estimated_attributable_power_draw":179.84,"average_gpu_estimated_utilization_absolute":0.99,"per_gpu_average_estimated_utilization_absolute":{"(0, 27242)":{"sm":99.0,"mem":64.5,"enc":0.0,"dec":0.0}},"average_gpu_estimated_utilization_relative":1.0,"per_gpu_performance_state":{"0":"P2"},"per_gpu_power_draw":{"0":179.84},"cpu_count_adjusted_average_load":[0.1403125,0.160625,0.163125],"realtime_carbon_intensity":335.5704697987,"disk_write_speed":24.3138083075,"process_ids":[27242,27342]}
{"timestamp":1572412405.70510602,"rapl_power_draw_absolute":76.6733939721,"rapl_estimated_attributable_power_draw":17.3585790356,"cpu_time_seconds":{"27242":{"user":112.92,"system":27.16,"children_user":1.08,"children_system":0.38},"27342":{"user":2.35,"system":5.2,"children_user":0.2,"children_system":4.26}},"average_relative_cpu_utilization":0.2264803162,"absolute_cpu_utilization":0.998572273,"relative_mem_usage":0.2255315177,"absolute_mem_usage":3564983296.0,"absolute_mem_percent_usage":0.0263878832,"mem_info_per_process":{"27242":{"rss":3650605056,"vms":12015636480,"shared":564494336,"text":2322432,"lib":0,"data":10287833088,"dirty":0,"uss":72708096,"pss":1801070592,"swap":0},"27342":{"rss":3267330048,"vms":12015636480,"shared":181047296,"text":2322432,"lib":0,"data":10287833088,"dirty":0,"uss":41881600,"pss":1649323008,"swap":0}},"nvidia_draw_absolute":180.1,"nvidia_estimated_attributable_power_draw":180.1,"average_gpu_estimated_utilization_absolute":0.99,"per_gpu_average_estimated_utilization_absolute":{"(0, 27242)":{"sm":99.0,"mem":64.5,"enc":0.0,"dec":0.0}},"average_gpu_estimated_utilization_relative":1.0,"per_gpu_performance_state":{"0":"P2"},"per_gpu_power_draw":{"0":180.1},"cpu_count_adjusted_average_load":[0.135625,0.1590625,0.1625],"realtime_carbon_intensity":335.5704697987,"disk_write_speed":20.1715352498,"process_ids":[27242,27342]}
{"timestamp":1572412414.0324499607,"rapl_power_draw_absolute":77.9462208889,"rapl_estimated_attributable_power_draw":17.5191546166,"cpu_time_seconds":{"27242":{"user":119.65,"system":28.76,"children_user":1.08,"children_system":0.38},"27342":{"user":2.51,"system":5.54,"children_user":0.22,"children_system":4.54}},"average_relative_cpu_utilization":0.2246993672,"absolute_cpu_utilization":0.9986048387,"relative_mem_usage":0.2253916637,"absolute_mem_usage":3564518400.0,"absolute_mem_percent_usage":0.026384442,"mem_info_per_process":{"27242":{"rss":3650605056,"vms":12015636480,"shared":564494336,"text":2322432,"lib":0,"data":10287833088,"dirty":0,"uss":72712192,"pss":1800938496,"swap":0},"27342":{"rss":3267330048,"vms":12015636480,"shared":181047296,"text":2322432,"lib":0,"data":10287833088,"dirty":0,"uss":41840640,"pss":1649027072,"swap":0}},"nvidia_draw_absolute":180.6,"nvidia_estimated_attributable_power_draw":180.6,"average_gpu_estimated_utilization_absolute":0.99,"per_gpu_average_estimated_utilization_absolute":{"(0, 27242)":{"sm":99,"mem":65,"enc":0,"dec":0}},"average_gpu_estimated_utilization_relative":1.0,"per_gpu_performance_state":{"0":"P2"},"per_gpu_power_draw":{"0":180.6},"cpu_count_adjusted_average_load":[0.1421875,0.16,0.1628125],"realtime_carbon_intensity":335.5704697987,"disk_write_speed":13.3078364276,"process_ids":[27242,27342]}
{"timestamp":1572412422.443721056,"rapl_power_draw_absolute":77.921720725,"rapl_estimated_attributable_power_draw":18.1151466784,"cpu_time_seconds":{"27242":{"user":126.43,"system":30.4,"children_user":1.08,"children_system":0.38},"27342":{"user":2.64,"system":5.88,"children_user":0.24,"children_system":4.84}},"average_relative_cpu_utilization":0.2331592256,"absolute_cpu_utilization":1.0036081431,"relative_mem_usage":0.2253461979,"absolute_mem_usage":3564518400.0,"absolute_mem_percent_usage":0.026384442,"mem_info_per_process":{"27242":{"rss":3650605056,"vms":12015636480,"shared":564494336,"text":2322432,"lib":0,"data":10287833088,"dirty":0,"uss":72712192,"pss":1800938496,"swap":0},"27342":{"rss":3267330048,"vms":12015636480,"shared":181047296,"text":2322432,"lib":0,"data":10287833088,"dirty":0,"uss":41840640,"pss":1649027072,"swap":0}},"nvidia_draw_absolute":180.38,"nvidia_estimated_attributable_power_draw":180.38,"average_gpu_estimated_utilization_absolute":0.99,"per_gpu_average_estimated_utilization_absolute":{"(0, 27242)":{"sm":99.0,"mem":64.5,"enc":0.0,"dec":0.0}},"average_gpu_estimated_utilization_relative":1.0,"per_gpu_performance_state":{"0":"P2"},"per_gpu_power_draw":{"0":180.38},"cpu_count_adjusted_average_load":[0.1421875,0.159375,0.1625],"realtime_carbon_intensity":335.5704697987,"disk_write_speed":26.9748127459,"process_ids":[27242,27342]}
{"timestamp":1572412430.7439880371,"rapl_power_draw_absolute":76.7570903014,"rapl_estimated_attributable_power_draw":17.5475625477,"cpu_time_seconds":{"27242":{"user":133.09,"system":32.04,"children_user":1.08,"children_system":0.38},"27342":{"user":2.78,"system":6.22,"children_user":0.26,"children_system":5.11}},"average_relative_cpu_utilization":0.2289318487,"absolute_cpu_utilization":1.0037526823,"relative_mem_usage":0.2253308122,"absolute_mem_usage":3564530688.0,"absolute_mem_percent_usage":0.026384533,"mem_info_per_process":{"27242":{"rss":3650605056,"vms":12015636480,"shared":564494336,"text":2322432,"lib":0,"data":10287833088,"dirty":0,"uss":72716288,"pss":1800940544,"swap":0},"27342":{"rss":3267330048,"vms":12015636480,"shared":181047296,"text":2322432,"lib":0,"data":10287833088,"dirty":0,"uss":41844736,"pss":1649029120,"swap":0}},"nvidia_draw_absolute":180.32,"nvidia_estimated_attributable_power_draw":180.32,"average_gpu_estimated_utilization_absolute":0.9833333333,"per_gpu_average_estimated_utilization_absolute":{"(0, 27242)":{"sm":98.3333333333,"mem":64.6666666667,"enc":0.0,"dec":0.0}},"average_gpu_estimated_utilization_relative":1.0,"per_gpu_performance_state":{"0":"P2"},"per_gpu_power_draw":{"0":180.32},"cpu_count_adjusted_average_load":[0.144375,0.159375,0.1621875],"realtime_carbon_intensity":335.5704697987,"disk_write_speed":21.6918708788,"process_ids":[27242,27342]}
{"timestamp":1572412439.1361250877,"rapl_power_draw_absolute":78.2670169994,"rapl_estimated_attributable_power_draw":18.080792385,"cpu_time_seconds":{"27242":{"user":139.82,"system":33.71,"children_user":1.08,"children_system":0.38},"27342":{"user":2.93,"system":6.56,"children_user":0.27,"children_system":5.4}},"average_relative_cpu_utilization":0.2315551072,"absolute_cpu_utilization":1.0037083057,"relative_mem_usage":0.2253443855,"absolute_mem_usage":3564555264.0,"absolute_mem_percent_usage":0.0263847149,"mem_info_per_process":{"27242":{"rss":3650605056,"vms":12015636480,"shared":564494336,"text":2322432,"lib":0,"data":10287833088,"dirty":0,"uss":72724480,"pss":1800944640,"swap":0},"27342":{"rss":3267330048,"vms":12015636480,"shared":181047296,"text":2322432,"lib":0,"data":10287833088,"dirty":0,"uss":41852928,"pss":1649033216,"swap":0}},"nvidia_draw_absolute":179.58,"nvidia_estimated_attributable_power_draw":179.58,"average_gpu_estimated_utilization_absolute":0.99,"per_gpu_average_estimated_utilization_absolute":{"(0, 27242)":{"sm":99.0,"mem":64.5,"enc":0.0,"dec":0.0}},"average_gpu_estimated_utilization_relative":1.0,"per_gpu_performance_state":{"0":"P2"},"per_gpu_power_draw":{"0":179.58},"cpu_count_adjusted_average_load":[0.1478125,0.1596875,0.1625],"realtime_carbon_intensity":335.5704697987,"disk_write_speed":16.8380575145,"process_ids":[27242,27342]}
{"timestamp":1572412447.449901104,"rapl_power_draw_absolute":77.9288396238,"rapl_estimated_attributable_power_draw":17.7153934825,"cpu_time_seconds":{"27242":{"user":146.48,"system":35.36,"children_user":1.08,"children_system":0.38},"27342":{"user":3.06,"system":6.87,"children_user":0.3,"children_system":5.68}},"average_relative_cpu_utilization":0.2275157778,"absolute_cpu_utilization":0.9987013853,"relative_mem_usage":0.2253606045,"absolute_mem_usage":3564592128.0,"absolute_mem_percent_usage":0.0263849877,"mem_info_per_process":{"27242":{"rss":3650605056,"vms":12015636480,"shared":564494336,"text":2322432,"lib":0,"data":10287833088,"dirty":0,"uss":72736768,"pss":1800950784,"swap":0},"27342":{"rss":3267330048,"vms":12015636480,"shared":181047296,"text":2322432,"lib":0,"data":10287833088,"dirty":0,"uss":41865216,"pss":1649039360,"swap":0}},"nvidia_draw_absolute":180.88,"nvidia_estimated_attributable_power_draw":180.88,"average_gpu_estimated_utilization_absolute":0.99,"per_gpu_average_estimated_utilization_absolute":{"(0, 27242)":{"sm":99.0,"mem":64.5,"enc":0.0,"dec":0.0}},"average_gpu_estimated_utilization_relative":1.0,"per_gpu_performance_state":{"0":"P2"},"per_gpu_power_draw":{"0":180.88},"cpu_count_adjusted_average_load":[0.1490625,0.1596875,0.1625],"realtime_carbon_intensity":335.5704697987,"disk_write_speed":16.5857501008,"process_ids":[27242,27342]}
{"timestamp":1572412455.825592041,"rapl_power_draw_absolute":78.3644931153,"rapl_estimated_attributable_power_draw":18.102804468,"cpu_time_seconds":{"27242":{"user":153.2,"system":37.02,"children_user":1.08,"children_system":0.38},"27342":{"user":3.22,"system":7.2,"children_user":0.3,"children_system":5.98}},"average_relative_cpu_utilization":0.2315433926,"absolute_cpu_utilization":1.0035809449,"relative_mem_usage":0.225360506,"absolute_mem_usage":3564604416.0,"absolute_mem_percent_usage":0.0263850787,"mem_info_per_process":{"27242":{"rss":3650605056,"vms":12015636480,"shared":564494336,"text":2322432,"lib":0,"data":10287833088,"dirty":0,"uss":72740864,"pss":1800952832,"swap":0},"27342":{"rss":3267330048,"vms":12015636480,"shared":181047296,"text":2322432,"lib":0,"data":10287833088,"dirty":0,"uss":41869312,"pss":1649041408,"swap":0}},"nvidia_draw_absolute":182.48,"nvidia_estimated_attributable_power_draw":182.48,"average_gpu_estimated_utilization_absolute":0.985,"per_gpu_average_estimated_utilization_absolute":{"(0, 27242)":{"sm":98.5,"mem":65.0,"enc":0.0,"dec":0.0}},"average_gpu_estimated_utilization_relative":1.0,"per_gpu_performance_state":{"0":"P2"},"per_gpu_power_draw":{"0":182.48},"cpu_count_adjusted_average_load":[0.1503125,0.159375,0.1621875],"realtime_carbon_intensity":335.5704697987,"disk_write_speed":17.8508282825,"process_ids":[27242,27342]}
