{"timestamp":1572412187.8823580742,"rapl_power_draw_absolute":77.4751179061,"rapl_estimated_attributable_power_draw":16.880446057,"cpu_time_seconds":{"26748":{"user":12.15,"system":3.3,"children_user":0.11,"children_system":0.33},"26822":{"user":0.01,"system":0.06,"children_user":0.0,"children_system":0.06}},"average_relative_cpu_utilization":0.2177597663,"absolute_cpu_utilization":1.0036998774,"relative_mem_usage":0.219150532,"absolute_mem_usage":3462391808.0,"absolute_mem_percent_usage":0.0256285045,"mem_info_per_process":{"26748":{"rss":3651411968,"vms":12017795072,"shared":566116352,"text":2322432,"lib":0,"data":10289991680,"dirty":0,"uss":28889088,"pss":1774875648,"swap":0},"26822":{"rss":3259314176,"vms":12017795072,"shared":173862912,"text":2322432,"lib":0,"data":10289991680,"dirty":0,"uss":21721088,"pss":1636905984,"swap":0}},"nvidia_draw_absolute":171.14,"nvidia_estimated_attributable_power_draw":171.14,"average_gpu_estimated_utilization_absolute":0.985,"per_gpu_average_estimated_utilization_absolute":{"(0, 26748)":{"sm":98.5,"mem":64.0,"enc":0.0,"dec":0.0}},"average_gpu_estimated_utilization_relative":1.0,"per_gpu_performance_state":{"0":"P2"},"per_gpu_power_draw":{"0":171.14},"cpu_count_adjusted_average_load":[0.1665625,0.170625,0.165625],"realtime_carbon_intensity":336.704610597,"disk_write_speed":19.9591044084,"process_ids":[26748,26822]}
{"timestamp":1572412196.3677749634,"rapl_power_draw_absolute":78.0756563032,"rapl_estimated_attributable_power_draw":16.9242288687,"cpu_time_seconds":{"26748":{"user":18.7,"system":5.24,"children_user":0.11,"children_system":0.33},"26822":{"user":0.18,"system":0.46,"children_user":0.02,"children_system":0.36}},"average_relative_cpu_utilization":0.2163588159,"absolute_cpu_utilization":1.0037347247,"relative_mem_usage":0.2209640877,"absolute_mem_usage":3492619264.0,"absolute_mem_percent_usage":0.0258522471,"mem_info_per_process":{"26748":{"rss":3651411968,"vms":12017795072,"shared":566116352,"text":2322432,"lib":0,"data":10289991680,"dirty":0,"uss":38965248,"pss":1779752960,"swap":0},"26822":{"rss":3265966080,"vms":12017795072,"shared":180502528,"text":2322432,"lib":0,"data":10289991680,"dirty":0,"uss":31006720,"pss":1642894336,"swap":0}},"nvidia_draw_absolute":173.21,"nvidia_estimated_attributable_power_draw":173.21,"average_gpu_estimated_utilization_absolute":0.99,"per_gpu_average_estimated_utilization_absolute":{"(0, 26748)":{"sm":99,"mem":64,"enc":0,"dec":0}},"average_gpu_estimated_utilization_relative":1.0,"per_gpu_performance_state":{"0":"P2"},"per_gpu_power_draw":{"0":173.21},"cpu_count_adjusted_average_load":[0.17,0.17125,0.1659375],"realtime_carbon_intensity":336.704610597,"disk_write_speed":31.949618631,"process_ids":[26748,26822]}
{"timestamp":1572412204.6398079395,"rapl_power_draw_absolute":78.4117728922,"rapl_estimated_attributable_power_draw":16.5321271353,"cpu_time_seconds":{"26748":{"user":25.35,"system":6.86,"children_user":0.11,"children_system":0.33},"26822":{"user":0.36,"system":0.82,"children_user":0.04,"children_system":0.64}},"average_relative_cpu_utilization":0.2098629503,"absolute_cpu_utilization":0.9987426193,"relative_mem_usage":0.2209432408,"absolute_mem_usage":3493467136.0,"absolute_mem_percent_usage":0.025858523,"mem_info_per_process":{"26748":{"rss":3651411968,"vms":12017795072,"shared":566116352,"text":2322432,"lib":0,"data":10289991680,"dirty":0,"uss":39464960,"pss":1780002816,"swap":0},"26822":{"rss":3265966080,"vms":12017795072,"shared":180502528,"text":2322432,"lib":0,"data":10289991680,"dirty":0,"uss":31072256,"pss":1642927104,"swap":0}},"nvidia_draw_absolute":178.04,"nvidia_estimated_attributable_power_draw":178.04,"average_gpu_estimated_utilization_absolute":0.9833333333,"per_gpu_average_estimated_utilization_absolute":{"(0, 26748)":{"sm":98.3333333333,"mem":63.6666666667,"enc":0.0,"dec":0.0}},"average_gpu_estimated_utilization_relative":1.0,"per_gpu_performance_state":{"0":"P2"},"per_gpu_power_draw":{"0":178.04},"cpu_count_adjusted_average_load":[0.17125,0.1715625,0.1659375],"realtime_carbon_intensity":336.704610597,"disk_write_speed":22.582965114,"process_ids":[26748,26822]}
{"timestamp":1572412213.0354690552,"rapl_power_draw_absolute":78.0907423988,"rapl_estimated_attributable_power_draw":16.7674398188,"cpu_time_seconds":{"26748":{"user":32.07,"system":8.54,"children_user":0.11,"children_system":0.33},"26822":{"user":0.52,"system":1.23,"children_user":0.05,"children_system":0.97}},"average_relative_cpu_utilization":0.2141175068,"absolute_cpu_utilization":0.998605812,"relative_mem_usage":0.2209372673,"absolute_mem_usage":3493487616.0,"absolute_mem_percent_usage":0.0258586746,"mem_info_per_process":{"26748":{"rss":3651411968,"vms":12017795072,"shared":566116352,"text":2322432,"lib":0,"data":10289991680,"dirty":0,"uss":39469056,"pss":1780004864,"swap":0},"26822":{"rss":3265970176,"vms":12017795072,"shared":180502528,"text":2322432,"lib":0,"data":10289991680,"dirty":0,"uss":31080448,"pss":1642933248,"swap":0}},"nvidia_draw_absolute":175.05,"nvidia_estimated_attributable_power_draw":175.05,"average_gpu_estimated_utilization_absolute":0.99,"per_gpu_average_estimated_utilization_absolute":{"(0, 26748)":{"sm":99,"mem":64,"enc":0,"dec":0}},"average_gpu_estimated_utilization_relative":1.0,"per_gpu_performance_state":{"0":"P2"},"per_gpu_power_draw":{"0":175.05},"cpu_count_adjusted_average_load":[0.17625,0.1725,0.1665625],"realtime_carbon_intensity":336.704610597,"disk_write_speed":34.3107164363,"process_ids":[26748,26822]}
{"timestamp":1572412221.3929400444,"rapl_power_draw_absolute":78.5318731408,"rapl_estimated_attributable_power_draw":17.0455753421,"cpu_time_seconds":{"26748":{"user":38.79,"system":10.18,"children_user":0.11,"children_system":0.33},"26822":{"user":0.69,"system":1.59,"children_user":0.07,"children_system":1.27}},"average_relative_cpu_utilization":0.2166802303,"absolute_cpu_utilization":0.9987053332,"relative_mem_usage":0.2209469489,"absolute_mem_usage":3493512192.0,"absolute_mem_percent_usage":0.0258588565,"mem_info_per_process":{"26748":{"rss":3651411968,"vms":12017795072,"shared":566116352,"text":2322432,"lib":0,"data":10289991680,"dirty":0,"uss":39477248,"pss":1780008960,"swap":0},"26822":{"rss":3265970176,"vms":12017795072,"shared":180502528,"text":2322432,"lib":0,"data":10289991680,"dirty":0,"uss":31088640,"pss":1642937344,"swap":0}},"nvidia_draw_absolute":178.56,"nvidia_estimated_attributable_power_draw":178.56,"average_gpu_estimated_utilization_absolute":0.99,"per_gpu_average_estimated_utilization_absolute":{"(0, 26748)":{"sm":99,"mem":64,"enc":0,"dec":0}},"average_gpu_estimated_utilization_relative":1.0,"per_gpu_performance_state":{"0":"P2"},"per_gpu_power_draw":{"0":178.56},"cpu_count_adjusted_average_load":[0.173125,0.1721875,0.16625],"realtime_carbon_intensity":336.704610597,"disk_write_speed":21.136587138,"process_ids":[26748,26822]}
{"timestamp":1572412229.7893960476,"rapl_power_draw_absolute":77.4349851074,"rapl_estimated_attributable_power_draw":16.5575841218,"cpu_time_seconds":{"26748":{"user":45.52,"system":11.86,"children_user":0.11,"children_system":0.33},"26822":{"user":0.83,"system":2.02,"children_user":0.09,"children_system":1.58}},"average_relative_cpu_utilization":0.2131325034,"absolute_cpu_utilization":1.0035589391,"relative_mem_usage":0.220934219,"absolute_mem_usage":3493524480.0,"absolute_mem_percent_usage":0.0258589475,"mem_info_per_process":{"26748":{"rss":3651411968,"vms":12017795072,"shared":566116352,"text":2322432,"lib":0,"data":10289991680,"dirty":0,"uss":39481344,"pss":1780011008,"swap":0},"26822":{"rss":3265970176,"vms":12017795072,"shared":180502528,"text":2322432,"lib":0,"data":10289991680,"dirty":0,"uss":31092736,"pss":1642939392,"swap":0}},"nvidia_draw_absolute":177.89,"nvidia_estimated_attributable_power_draw":177.89,"average_gpu_estimated_utilization_absolute":0.9866666667,"per_gpu_average_estimated_utilization_absolute":{"(0, 26748)":{"sm":98.6666666667,"mem":64.3333333333,"enc":0.0,"dec":0.0}},"average_gpu_estimated_utilization_relative":1.0,"per_gpu_performance_state":{"0":"P2"},"per_gpu_power_draw":{"0":177.89},"cpu_count_adjusted_average_load":[0.173125,0.1721875,0.1665625],"realtime_carbon_intensity":336.704610597,"disk_write_speed":30.1835755571,"process_ids":[26748,26822]}
{"timestamp":1572412239.0173621178,"rapl_power_draw_absolute":77.1604487158,"rapl_estimated_attributable_power_draw":17.3554350293,"cpu_time_seconds":{"26748":{"user":52.96,"system":13.65,"children_user":0.11,"children_system":0.33},"26822":{"user":1.02,"system":2.36,"children_user":0.11,"children_system":1.91}},"average_relative_cpu_utilization":0.2253203729,"absolute_cpu_utilization":1.0036695227,"relative_mem_usage":0.2208941414,"absolute_mem_usage":3493536768.0,"absolute_mem_percent_usage":0.0258590384,"mem_info_per_process":{"26748":{"rss":3651411968,"vms":12017795072,"shared":566116352,"text":2322432,"lib":0,"data":10289991680,"dirty":0,"uss":39485440,"pss":1780013056,"swap":0},"26822":{"rss":3265970176,"vms":12017795072,"shared":180502528,"text":2322432,"lib":0,"data":10289991680,"dirty":0,"uss":31096832,"pss":1642941440,"swap":0}},"nvidia_draw_absolute":179.26,"nvidia_estimated_attributable_power_draw":179.26,"average_gpu_estimated_utilization_absolute":0.99,"per_gpu_average_estimated_utilization_absolute":{"(0, 26748)":{"sm":99,"mem":64,"enc":0,"dec":0}},"average_gpu_estimated_utilization_relative":1.0,"per_gpu_performance_state":{"0":"P2"},"per_gpu_power_draw":{"0":179.26},"cpu_count_adjusted_average_load":[0.174375,0.1721875,0.1665625],"realtime_carbon_intensity":336.704610597,"disk_write_speed":19.5767819578,"process_ids":[26748,26822]}
{"timestamp":1572412247.496628046,"rapl_power_draw_absolute":75.8384797673,"rapl_estimated_attributable_power_draw":17.7860448305,"cpu_time_seconds":{"26748":{"user":59.84,"system":15.24,"children_user":0.11,"children_system":0.33},"26822":{"user":1.17,"system":2.81,"children_user":0.12,"children_system":2.23}},"average_relative_cpu_utilization":0.2293401864,"absolute_cpu_utilization":0.9995304652,"relative_mem_usage":0.2849927175,"absolute_mem_usage":3555276800.0,"absolute_mem_percent_usage":0.026316036,"mem_info_per_process":{"26748":{"rss":3651411968,"vms":12017795072,"shared":566116352,"text":2322432,"lib":0,"data":10289991680,"dirty":0,"uss":39952384,"pss":1839964160,"swap":0},"26822":{"rss":3265970176,"vms":12017795072,"shared":180502528,"text":2322432,"lib":0,"data":10289991680,"dirty":0,"uss":31100928,"pss":1644259328,"swap":0}},"nvidia_draw_absolute":179.35,"nvidia_estimated_attributable_power_draw":179.35,"average_gpu_estimated_utilization_absolute":0.99,"per_gpu_average_estimated_utilization_absolute":{"(0, 26748)":{"sm":99,"mem":64,"enc":0,"dec":0}},"average_gpu_estimated_utilization_relative":1.0,"per_gpu_performance_state":{"0":"P2"},"per_gpu_power_draw":{"0":179.35},"cpu_count_adjusted_average_load":[0.171875,0.171875,0.1665625],"realtime_carbon_intensity":336.704610597,"disk_write_speed":33.8785500815,"process_ids":[26748,26822]}
{"timestamp":1572412255.95271492,"rapl_power_draw_absolute":72.7958660492,"rapl_estimated_attributable_power_draw":19.9846397337,"cpu_time_seconds":{"26748":{"user":66.51,"system":17.04,"children_user":0.11,"children_system":0.33},"26822":{"user":1.34,"system":3.16,"children_user":0.14,"children_system":2.55}},"average_relative_cpu_utilization":0.2734412759,"absolute_cpu_utilization":1.0035563446,"relative_mem_usage":0.2849646401,"absolute_mem_usage":3555294208.0,"absolute_mem_percent_usage":0.0263161649,"mem_info_per_process":{"26748":{"rss":3651411968,"vms":12017795072,"shared":566116352,"text":2322432,"lib":0,"data":10289991680,"dirty":0,"uss":39964672,"pss":1839953920,"swap":0},"26822":{"rss":3265970176,"vms":12017795072,"shared":180502528,"text":2322432,"lib":0,"data":10289991680,"dirty":0,"uss":31113216,"pss":1644262400,"swap":0}},"nvidia_draw_absolute":181.7,"nvidia_estimated_attributable_power_draw":181.7,"average_gpu_estimated_utilization_absolute":0.99,"per_gpu_average_estimated_utilization_absolute":{"(0, 26748)":{"sm":99,"mem":64,"enc":0,"dec":0}},"average_gpu_estimated_utilization_relative":1.0,"per_gpu_performance_state":{"0":"P2"},"per_gpu_power_draw":{"0":181.7},"cpu_count_adjusted_average_load":[0.1621875,0.1696875,0.1659375],"realtime_carbon_intensity":336.704610597,"disk_write_speed":15.9111030605,"process_ids":[26748,26822]}
{"timestamp":1572412264.290915966,"rapl_power_draw_absolute":71.8426209394,"rapl_estimated_attributable_power_draw":19.6553281886,"cpu_time_seconds":{"26748":{"user":73.08,"system":18.8,"children_user":0.11,"children_system":0.33},"26822":{"user":1.43,"system":3.62,"children_user":0.15,"children_system":2.78}},"average_relative_cpu_utilization":0.2724801719,"absolute_cpu_utilization":0.9987218235,"relative_mem_usage":0.2841489192,"absolute_mem_usage":3555304448.0,"absolute_mem_percent_usage":0.0263162407,"mem_info_per_process":{"26748":{"rss":3651411968,"vms":12017795072,"shared":566116352,"text":2322432,"lib":0,"data":10289991680,"dirty":0,"uss":39968768,"pss":1839953920,"swap":0},"26822":{"rss":3265970176,"vms":12017795072,"shared":180502528,"text":2322432,"lib":0,"data":10289991680,"dirty":0,"uss":31117312,"pss":1644264448,"swap":0}},"nvidia_draw_absolute":180.88,"nvidia_estimated_attributable_power_draw":180.88,"average_gpu_estimated_utilization_absolute":0.99,"per_gpu_average_estimated_utilization_absolute":{"(0, 26748)":{"sm":99,"mem":64,"enc":0,"dec":0}},"average_gpu_estimated_utilization_relative":1.0,"per_gpu_performance_state":{"0":"P2"},"per_gpu_power_draw":{"0":180.88},"cpu_count_adjusted_average_load":[0.159375,0.1690625,0.165625],"realtime_carbon_intensity":336.704610597,"disk_write_speed":35.7424412857,"process_ids":[26748,26822]}
{"timestamp":1572412272.653151989,"rapl_power_draw_absolute":79.487585434,"rapl_estimated_attributable_power_draw":18.122429118,"cpu_time_seconds":{"26748":{"user":79.83,"system":20.42,"children_user":0.11,"children_system":0.33},"26822":{"user":1.61,"system":4.01,"children_user":0.17,"children_system":3.1}},"average_relative_cpu_utilization":0.2280522323,"absolute_cpu_utilization":0.998780787,"relative_mem_usage":0.2274125354,"absolute_mem_usage":3509964800.0,"absolute_mem_percent_usage":0.0259806382,"mem_info_per_process":{"26748":{"rss":3651411968,"vms":12017795072,"shared":566116352,"text":2322432,"lib":0,"data":10289991680,"dirty":0,"uss":39772160,"pss":1795517440,"swap":0},"26822":{"rss":3265970176,"vms":12017795072,"shared":180502528,"text":2322432,"lib":0,"data":10289991680,"dirty":0,"uss":31117312,"pss":1643557888,"swap":0}},"nvidia_draw_absolute":181.9,"nvidia_estimated_attributable_power_draw":181.9,"average_gpu_estimated_utilization_absolute":0.985,"per_gpu_average_estimated_utilization_absolute":{"(0, 26748)":{"sm":98.5,"mem":64.0,"enc":0.0,"dec":0.0}},"average_gpu_estimated_utilization_relative":1.0,"per_gpu_performance_state":{"0":"P2"},"per_gpu_power_draw":{"0":181.9},"cpu_count_adjusted_average_load":[0.1565625,0.168125,0.1653125],"realtime_carbon_intensity":336.704610597,"disk_write_speed":24.5593368442,"process_ids":[26748,26822]}
{"timestamp":1572412281.0524721146,"rapl_power_draw_absolute":66.9274838242,"rapl_estimated_attributable_power_draw":19.6393789938,"cpu_time_seconds":{"26748":{"user":86.53,"system":22.07,"children_user":0.11,"children_system":0.33},"26822":{"user":1.78,"system":4.36,"children_user":0.19,"children_system":3.42}},"average_relative_cpu_utilization":0.2937399483,"absolute_cpu_utilization":0.9894303547,"relative_mem_usage":0.289357207,"absolute_mem_usage":3608264704.0,"absolute_mem_percent_usage":0.0267082506,"mem_info_per_process":{"26748":{"rss":3651411968,"vms":12017795072,"shared":566116352,"text":2322432,"lib":0,"data":10289991680,"dirty":0,"uss":73461760,"pss":1857132544,"swap":0},"26822":{"rss":3265970176,"vms":12017795072,"shared":180502528,"text":2322432,"lib":0,"data":10289991680,"dirty":0,"uss":32337920,"pss":1645332480,"swap":0}},"nvidia_draw_absolute":182.79,"nvidia_estimated_attributable_power_draw":182.79,"average_gpu_estimated_utilization_absolute":0.99,"per_gpu_average_estimated_utilization_absolute":{"(0, 26748)":{"sm":99,"mem":64,"enc":0,"dec":0}},"average_gpu_estimated_utilization_relative":1.0,"per_gpu_performance_state":{"0":"P2"},"per_gpu_power_draw":{"0":182.79},"cpu_count_adjusted_average_load":[0.149375,0.16625,0.1646875],"realtime_carbon_intensity":336.704610597,"disk_write_speed":24.8022121231,"process_ids":[26748,26822]}
{"timestamp":1572412289.4208209515,"rapl_power_draw_absolute":70.2186996316,"rapl_estimated_attributable_power_draw":18.9066141565,"cpu_time_seconds":{"26748":{"user":93.17,"system":23.72,"children_user":0.11,"children_system":0.33},"26822":{"user":1.95,"system":4.8,"children_user":0.2,"children_system":3.72}},"average_relative_cpu_utilization":0.2673739067,"absolute_cpu_utilization":0.9991208879,"relative_mem_usage":0.2882092489,"absolute_mem_usage":3606018048.0,"absolute_mem_percent_usage":0.026691621,"mem_info_per_process":{"26748":{"rss":3651411968,"vms":12017795072,"shared":566116352,"text":2322432,"lib":0,"data":10289991680,"dirty":0,"uss":73449472,"pss":1856585728,"swap":0},"26822":{"rss":3265970176,"vms":12017795072,"shared":180502528,"text":2322432,"lib":0,"data":10289991680,"dirty":0,"uss":31432704,"pss":1644550144,"swap":0}},"nvidia_draw_absolute":183.39,"nvidia_estimated_attributable_power_draw":183.39,"average_gpu_estimated_utilization_absolute":0.99,"per_gpu_average_estimated_utilization_absolute":{"(0, 26748)":{"sm":99,"mem":64,"enc":0,"dec":0}},"average_gpu_estimated_utilization_relative":1.0,"per_gpu_performance_state":{"0":"P2"},"per_gpu_power_draw":{"0":183.39},"cpu_count_adjusted_average_load":[0.1575,0.1675,0.165],"realtime_carbon_intensity":336.704610597,"disk_write_speed":23.562567969,"process_ids":[26748,26822]}
{"timestamp":1572412297.829957962,"rapl_power_draw_absolute":79.6429809454,"rapl_estimated_attributable_power_draw":14.4674434265,"cpu_time_seconds":{"26748":{"user":99.77,"system":25.53,"children_user":0.11,"children_system":0.33},"26822":{"user":2.1,"system":5.23,"children_user":0.2,"children_system":4.03}},"average_relative_cpu_utilization":0.1745116481,"absolute_cpu_utilization":0.9986237497,"relative_mem_usage":0.2502686062,"absolute_mem_usage":3557809152.0,"absolute_mem_percent_usage":0.0263347804,"mem_info_per_process":{"26748":{"rss":3651411968,"vms":12017795072,"shared":566116352,"text":2322432,"lib":0,"data":10289991680,"dirty":0,"uss":61087744,"pss":1821493248,"swap":0},"26822":{"rss":3265970176,"vms":12017795072,"shared":180502528,"text":2322432,"lib":0,"data":10289991680,"dirty":0,"uss":31432704,"pss":1643795456,"swap":0}},"nvidia_draw_absolute":183.11,"nvidia_estimated_attributable_power_draw":183.11,"average_gpu_estimated_utilization_absolute":0.985,"per_gpu_average_estimated_utilization_absolute":{"(0, 26748)":{"sm":98.5,"mem":64.0,"enc":0.0,"dec":0.0}},"average_gpu_estimated_utilization_relative":1.0,"per_gpu_performance_state":{"0":"P2"},"per_gpu_power_draw":{"0":183.11},"cpu_count_adjusted_average_load":[0.159375,0.1675,0.1653125],"realtime_carbon_intensity":336.704610597,"disk_write_speed":18.8731808769,"process_ids":[26748,26822]}
{"timestamp":1572412306.2754878998,"rapl_power_draw_absolute":74.5165155415,"rapl_estimated_attributable_power_draw":16.3306163566,"cpu_time_seconds":{"26748":{"user":106.52,"system":27.23,"children_user":0.11,"children_system":0.33},"26822":{"user":2.23,"system":5.66,"children_user":0.22,"children_system":4.34}},"average_relative_cpu_utilization":0.2189461106,"absolute_cpu_utilization":1.0037103483,"relative_mem_usage":0.2214589365,"absolute_mem_usage":3501119488.0,"absolute_mem_percent_usage":0.0259151655,"mem_info_per_process":{"26748":{"rss":3651411968,"vms":12017795072,"shared":566116352,"text":2322432,"lib":0,"data":10289991680,"dirty":0,"uss":41906176,"pss":1784270848,"swap":0},"26822":{"rss":3265970176,"vms":12017795072,"shared":180502528,"text":2322432,"lib":0,"data":10289991680,"dirty":0,"uss":31440896,"pss":1643501568,"swap":0}},"nvidia_draw_absolute":184.73,"nvidia_estimated_attributable_power_draw":184.73,"average_gpu_estimated_utilization_absolute":0.99,"per_gpu_average_estimated_utilization_absolute":{"(0, 26748)":{"sm":99,"mem":64,"enc":0,"dec":0}},"average_gpu_estimated_utilization_relative":1.0,"per_gpu_performance_state":{"0":"P2"},"per_gpu_power_draw":{"0":184.73},"cpu_count_adjusted_average_load":[0.1540625,0.16625,0.1646875],"realtime_carbon_intensity":336.704610597,"disk_write_speed":21.6183407554,"process_ids":[26748,26822]}
{"timestamp":1572412314.7160151005,"rapl_power_draw_absolute":76.977137114,"rapl_estimated_attributable_power_draw":16.836530769,"cpu_time_seconds":{"26748":{"user":113.44,"system":28.76,"children_user":0.11,"children_system":0.33},"26822":{"user":2.36,"system":6.09,"children_user":0.24,"children_system":4.64}},"average_relative_cpu_utilization":0.2184703421,"absolute_cpu_utilization":1.0037150499,"relative_mem_usage":0.2212568465,"absolute_mem_usage":3500186624.0,"absolute_mem_percent_usage":0.0259082604,"mem_info_per_process":{"26748":{"rss":3651411968,"vms":12017795072,"shared":566116352,"text":2322432,"lib":0,"data":10289991680,"dirty":0,"uss":41910272,"pss":1784108032,"swap":0},"26822":{"rss":3265970176,"vms":12017795072,"shared":180502528,"text":2322432,"lib":0,"data":10289991680,"dirty":0,"uss":31150080,"pss":1643018240,"swap":0}},"nvidia_draw_absolute":183.46,"nvidia_estimated_attributable_power_draw":183.46,"average_gpu_estimated_utilization_absolute":0.985,"per_gpu_average_estimated_utilization_absolute":{"(0, 26748)":{"sm":98.5,"mem":64.0,"enc":0.0,"dec":0.0}},"average_gpu_estimated_utilization_relative":1.0,"per_gpu_performance_state":{"0":"P2"},"per_gpu_power_draw":{"0":183.46},"cpu_count_adjusted_average_load":[0.1540625,0.1659375,0.1646875],"realtime_carbon_intensity":336.704610597,"disk_write_speed":22.5909727041,"process_ids":[26748,26822]}
{"timestamp":1572412323.1709620953,"rapl_power_draw_absolute":77.2778327551,"rapl_estimated_attributable_power_draw":17.0278056471,"cpu_time_seconds":{"26748":{"user":120.18,"system":30.47,"children_user":0.11,"children_system":0.33},"26822":{"user":2.51,"system":6.51,"children_user":0.26,"children_system":4.98}},"average_relative_cpu_utilization":0.2202635977,"absolute_cpu_utilization":0.9987370621,"relative_mem_usage":0.221175463,"absolute_mem_usage":3500185600.0,"absolute_mem_percent_usage":0.0259082529,"mem_info_per_process":{"26748":{"rss":3651411968,"vms":12017795072,"shared":566116352,"text":2322432,"lib":0,"data":10289991680,"dirty":0,"uss":41910272,"pss":1784107008,"swap":0},"26822":{"rss":3265970176,"vms":12017795072,"shared":180502528,"text":2322432,"lib":0,"data":10289991680,"dirty":0,"uss":31150080,"pss":1643018240,"swap":0}},"nvidia_draw_absolute":183.78,"nvidia_estimated_attributable_power_draw":183.78,"average_gpu_estimated_utilization_absolute":0.99,"per_gpu_average_estimated_utilization_absolute":{"(0, 26748)":{"sm":99,"mem":64,"enc":0,"dec":0}},"average_gpu_estimated_utilization_relative":1.0,"per_gpu_performance_state":{"0":"P2"},"per_gpu_power_draw":{"0":183.78},"cpu_count_adjusted_average_load":[0.16125,0.1671875,0.165],"realtime_carbon_intensity":336.704610597,"disk_write_speed":27.661699642,"process_ids":[26748,26822]}
{"timestamp":1572412331.6041491032,"rapl_power_draw_absolute":77.4183241534,"rapl_estimated_attributable_power_draw":16.882774291,"cpu_time_seconds":{"26748":{"user":126.92,"system":32.17,"children_user":0.11,"children_system":0.33},"26822":{"user":2.67,"system":6.98,"children_user":0.26,"children_system":5.3}},"average_relative_cpu_utilization":0.2177654436,"absolute_cpu_utilization":1.0037408119,"relative_mem_usage":0.2211899421,"absolute_mem_usage":3500192768.0,"absolute_mem_percent_usage":0.0259083059,"mem_info_per_process":{"26748":{"rss":3651411968,"vms":12017795072,"shared":566116352,"text":2322432,"lib":0,"data":10289991680,"dirty":0,"uss":41914368,"pss":1784107008,"swap":0},"26822":{"rss":3265970176,"vms":12017795072,"shared":180502528,"text":2322432,"lib":0,"data":10289991680,"dirty":0,"uss":31154176,"pss":1643017216,"swap":0}},"nvidia_draw_absolute":186.26,"nvidia_estimated_attributable_power_draw":186.26,"average_gpu_estimated_utilization_absolute":0.99,"per_gpu_average_estimated_utilization_absolute":{"(0, 26748)":{"sm":99,"mem":64,"enc":0,"dec":0}},"average_gpu_estimated_utilization_relative":1.0,"per_gpu_performance_state":{"0":"P2"},"per_gpu_power_draw":{"0":186.26},"cpu_count_adjusted_average_load":[0.1675,0.1684375,0.165625],"realtime_carbon_intensity":336.704610597,"disk_write_speed":19.1386148553,"process_ids":[26748,26822]}
{"timestamp":1572412340.0960121155,"rapl_power_draw_absolute":77.6736044463,"rapl_estimated_attributable_power_draw":16.9215997651,"cpu_time_seconds":{"26748":{"user":133.66,"system":33.93,"children_user":0.11,"children_system":0.33},"26822":{"user":2.8,"system":7.46,"children_user":0.27,"children_system":5.64}},"average_relative_cpu_utilization":0.2175290905,"absolute_cpu_utilization":1.0037296066,"relative_mem_usage":0.2211873407,"absolute_mem_usage":3500205056.0,"absolute_mem_percent_usage":0.0259083969,"mem_info_per_process":{"26748":{"rss":3651411968,"vms":12017795072,"shared":566116352,"text":2322432,"lib":0,"data":10289991680,"dirty":0,"uss":41918464,"pss":1784109056,"swap":0},"26822":{"rss":3265970176,"vms":12017795072,"shared":180502528,"text":2322432,"lib":0,"data":10289991680,"dirty":0,"uss":31158272,"pss":1643019264,"swap":0}},"nvidia_draw_absolute":187.63,"nvidia_estimated_attributable_power_draw":187.63,"average_gpu_estimated_utilization_absolute":0.99,"per_gpu_average_estimated_utilization_absolute":{"(0, 26748)":{"sm":99,"mem":64,"enc":0,"dec":0}},"average_gpu_estimated_utilization_relative":1.0,"per_gpu_performance_state":{"0":"P2"},"per_gpu_power_draw":{"0":187.63},"cpu_count_adjusted_average_load":[0.168125,0.1684375,0.165625],"realtime_carbon_intensity":336.704610597,"disk_write_speed":32.6346717684,"process_ids":[26748,26822]}
{"timestamp":1572412348.4978919029,"rapl_power_draw_absolute":77.640322497,"rapl_estimated_attributable_power_draw":16.8211776419,"cpu_time_seconds":{"26748":{"user":140.46,"system":35.53,"children_user":0.11,"children_system":0.33},"26822":{"user":2.94,"system":7.91,"children_user":0.29,"children_system":5.94}},"average_relative_cpu_utilization":0.2162121705,"absolute_cpu_utilization":0.9987410363,"relative_mem_usage":0.2211978504,"absolute_mem_usage":3500217344.0,"absolute_mem_percent_usage":0.0259084878,"mem_info_per_process":{"26748":{"rss":3651411968,"vms":12017795072,"shared":566116352,"text":2322432,"lib":0,"data":10289991680,"dirty":0,"uss":41922560,"pss":1784111104,"swap":0},"26822":{"rss":3265970176,"vms":12017795072,"shared":180502528,"text":2322432,"lib":0,"data":10289991680,"dirty":0,"uss":31162368,"pss":1643021312,"swap":0}},"nvidia_draw_absolute":185.72,"nvidia_estimated_attributable_power_draw":185.72,"average_gpu_estimated_utilization_absolute":0.99,"per_gpu_average_estimated_utilization_absolute":{"(0, 26748)":{"sm":99,"mem":64,"enc":0,"dec":0}},"average_gpu_estimated_utilization_relative":1.0,"per_gpu_performance_state":{"0":"P2"},"per_gpu_power_draw":{"0":185.72},"cpu_count_adjusted_average_load":[0.1646875,0.1678125,0.1653125],"realtime_carbon_intensity":335.5704697987,"disk_write_speed":24.7677266145,"process_ids":[26748,26822]}
{"timestamp":1572412357.0009019375,"rapl_power_draw_absolute":77.8915080905,"rapl_estimated_attributable_power_draw":16.6744794304,"cpu_time_seconds":{"26748":{"user":147.27,"system":37.23,"children_user":0.11,"children_system":0.33},"26822":{"user":3.12,"system":8.36,"children_user":0.3,"children_system":6.26}},"average_relative_cpu_utilization":0.2133672001,"absolute_cpu_utilization":1.0037137223,"relative_mem_usage":0.2212068292,"absolute_mem_usage":3500278784.0,"absolute_mem_percent_usage":0.0259089426,"mem_info_per_process":{"26748":{"rss":3651411968,"vms":12017795072,"shared":566116352,"text":2322432,"lib":0,"data":10289991680,"dirty":0,"uss":41934848,"pss":1784117248,"swap":0},"26822":{"rss":3265970176,"vms":12017795072,"shared":180502528,"text":2322432,"lib":0,"data":10289991680,"dirty":0,"uss":31191040,"pss":1643035648,"swap":0}},"nvidia_draw_absolute":184.42,"nvidia_estimated_attributable_power_draw":184.42,"average_gpu_estimated_utilization_absolute":0.99,"per_gpu_average_estimated_utilization_absolute":{"(0, 26748)":{"sm":99,"mem":64,"enc":0,"dec":0}},"average_gpu_estimated_utilization_relative":1.0,"per_gpu_performance_state":{"0":"P2"},"per_gpu_power_draw":{"0":184.42},"cpu_count_adjusted_average_load":[0.1584375,0.1665625,0.165],"realtime_carbon_intensity":335.5704697987,"disk_write_speed":27.7377995783,"process_ids":[26748,26822]}
