{"timestamp":1572292373.3567340374,"rapl_power_draw_absolute":72.3163941446,"rapl_estimated_attributable_power_draw":20.6760348058,"cpu_time_seconds":{"17046":{"user":0.01,"system":0.02,"children_user":0.0,"children_system":0.02},"17022":{"user":0.04,"system":0.0,"children_user":0.0,"children_system":0.0},"16991":{"user":50.25,"system":4.78,"children_user":1.1,"children_system":0.16}},"average_relative_cpu_utilization":0.2990814399,"absolute_cpu_utilization":0.9884571463,"relative_mem_usage":0.1726784481,"absolute_mem_usage":2537218048.0,"absolute_mem_percent_usage":0.0187804003,"mem_info_per_process":{"17046":{"rss":1302601728,"vms":3526746112,"shared":8372224,"text":2322432,"lib":0,"data":1903575040,"dirty":0,"uss":122044416,"pss":709224448,"swap":0},"17022":{"rss":11251712,"vms":28168192,"shared":5701632,"text":2322432,"lib":0,"data":5283840,"dirty":0,"uss":5570560,"pss":6040576,"swap":0},"16991":{"rss":1716862976,"vms":8614027264,"shared":123723776,"text":2322432,"lib":0,"data":6853091328,"dirty":0,"uss":535027712,"pss":1159310336,"swap":0}},"nvidia_draw_absolute":39.59,"nvidia_estimated_attributable_power_draw":39.59,"average_gpu_estimated_utilization_absolute":0.0275,"per_gpu_average_estimated_utilization_absolute":{"(0, 16991)":{"sm":2.75,"mem":0.0,"enc":0.0,"dec":0.0}},"average_gpu_estimated_utilization_relative":1.0,"per_gpu_performance_state":{"0":"P2"},"per_gpu_power_draw":{"0":39.59},"cpu_count_adjusted_average_load":[0.135625,0.143125,0.145],"realtime_carbon_intensity":212.1267297888,"disk_write_speed":48.3519118487,"process_ids":[17046,17022,16991]}
{"timestamp":1572292381.3959701061,"rapl_power_draw_absolute":73.3666784564,"rapl_estimated_attributable_power_draw":22.302582432,"cpu_time_seconds":{"17046":{"user":0.26,"system":0.16,"children_user":0.02,"children_system":0.18},"17022":{"user":0.04,"system":0.0,"children_user":0.0,"children_system":0.0},"16991":{"user":57.02,"system":6.02,"children_user":1.1,"children_system":0.16}},"average_relative_cpu_utilization":0.283473131,"absolute_cpu_utilization":1.0041189948,"relative_mem_usage":0.5111423753,"absolute_mem_usage":8997253120.0,"absolute_mem_percent_usage":0.0665973567,"mem_info_per_process":{"17046":{"rss":1309483008,"vms":3526746112,"shared":15241216,"text":2322432,"lib":0,"data":1903575040,"dirty":0,"uss":694669312,"pss":996848640,"swap":0},"17022":{"rss":11251712,"vms":28168192,"shared":5701632,"text":2322432,"lib":0,"data":5283840,"dirty":0,"uss":5570560,"pss":6027264,"swap":0},"16991":{"rss":4431589376,"vms":13379506176,"shared":578891776,"text":2322432,"lib":0,"data":11547578368,"dirty":0,"uss":3427917824,"pss":3866219520,"swap":0}},"nvidia_draw_absolute":39.39,"nvidia_estimated_attributable_power_draw":0.0,"average_gpu_estimated_utilization_absolute":0.0,"per_gpu_average_estimated_utilization_absolute":{"(0, 16991)":{"sm":0,"mem":0,"enc":0,"dec":0}},"average_gpu_estimated_utilization_relative":0.0,"per_gpu_performance_state":{"0":"P2"},"per_gpu_power_draw":{"0":39.39},"cpu_count_adjusted_average_load":[0.1340625,0.1425,0.145],"realtime_carbon_intensity":212.1267297888,"disk_write_speed":46.8842273228,"process_ids":[17046,17022,16991]}
{"timestamp":1572292389.2940740585,"rapl_power_draw_absolute":73.3128163851,"rapl_estimated_attributable_power_draw":22.9374875267,"cpu_time_seconds":{"17046":{"user":0.46,"system":0.31,"children_user":0.02,"children_system":0.33},"17022":{"user":0.04,"system":0.0,"children_user":0.0,"children_system":0.0},"16991":{"user":64.91,"system":6.03,"children_user":1.1,"children_system":0.16}},"average_relative_cpu_utilization":0.2932322079,"absolute_cpu_utilization":0.9983888898,"relative_mem_usage":0.5101877481,"absolute_mem_usage":8996333568.0,"absolute_mem_percent_usage":0.0665905502,"mem_info_per_process":{"17046":{"rss":1309483008,"vms":3526746112,"shared":15241216,"text":2322432,"lib":0,"data":1903575040,"dirty":0,"uss":694702080,"pss":996862976,"swap":0},"17022":{"rss":11251712,"vms":28168192,"shared":5701632,"text":2322432,"lib":0,"data":5283840,"dirty":0,"uss":5570560,"pss":6025216,"swap":0},"16991":{"rss":4431310848,"vms":13378981888,"shared":578891776,"text":2322432,"lib":0,"data":11547054080,"dirty":0,"uss":3427450880,"pss":3865721856,"swap":0}},"nvidia_draw_absolute":39.49,"nvidia_estimated_attributable_power_draw":0.0,"average_gpu_estimated_utilization_absolute":0.0,"per_gpu_average_estimated_utilization_absolute":{"(0, 16991)":{"sm":0,"mem":0,"enc":0,"dec":0}},"average_gpu_estimated_utilization_relative":0.0,"per_gpu_performance_state":{"0":"P2"},"per_gpu_power_draw":{"0":39.49},"cpu_count_adjusted_average_load":[0.1334375,0.1425,0.1446875],"realtime_carbon_intensity":212.1267297888,"disk_write_speed":33.5874970248,"process_ids":[17046,17022,16991]}
{"timestamp":1572292397.2885599136,"rapl_power_draw_absolute":71.29239419,"rapl_estimated_attributable_power_draw":22.7788653723,"cpu_time_seconds":{"17046":{"user":0.65,"system":0.49,"children_user":0.04,"children_system":0.48},"17022":{"user":0.04,"system":0.0,"children_user":0.0,"children_system":0.0},"16991":{"user":72.83,"system":6.1,"children_user":1.1,"children_system":0.16}},"average_relative_cpu_utilization":0.298499773,"absolute_cpu_utilization":0.9984857252,"relative_mem_usage":0.5110712139,"absolute_mem_usage":9013218304.0,"absolute_mem_percent_usage":0.0667155304,"mem_info_per_process":{"17046":{"rss":1309483008,"vms":3526746112,"shared":15241216,"text":2322432,"lib":0,"data":1903575040,"dirty":0,"uss":699088896,"pss":999055360,"swap":0},"17022":{"rss":11251712,"vms":28168192,"shared":5701632,"text":2322432,"lib":0,"data":5283840,"dirty":0,"uss":5570560,"pss":6026240,"swap":0},"16991":{"rss":4439719936,"vms":13714788352,"shared":587001856,"text":2322432,"lib":0,"data":11882860544,"dirty":0,"uss":3432239104,"pss":3871238144,"swap":0}},"nvidia_draw_absolute":48.08,"nvidia_estimated_attributable_power_draw":48.08,"average_gpu_estimated_utilization_absolute":0.2375,"per_gpu_average_estimated_utilization_absolute":{"(0, 16991)":{"sm":23.75,"mem":4.75,"enc":0.0,"dec":0.0}},"average_gpu_estimated_utilization_relative":1.0,"per_gpu_performance_state":{"0":"P2"},"per_gpu_power_draw":{"0":48.08},"cpu_count_adjusted_average_load":[0.141875,0.14375,0.1453125],"realtime_carbon_intensity":212.1267297888,"disk_write_speed":55.6763994063,"process_ids":[17046,17022,16991]}
{"timestamp":1572292405.2590179443,"rapl_power_draw_absolute":70.9928641314,"rapl_estimated_attributable_power_draw":22.7801996551,"cpu_time_seconds":{"17046":{"user":0.89,"system":0.64,"children_user":0.07,"children_system":0.62},"17022":{"user":0.04,"system":0.0,"children_user":0.0,"children_system":0.0},"16991":{"user":80.57,"system":6.34,"children_user":1.1,"children_system":0.16}},"average_relative_cpu_utilization":0.2999770004,"absolute_cpu_utilization":1.0034108766,"relative_mem_usage":0.5106342562,"absolute_mem_usage":9020339200.0,"absolute_mem_percent_usage":0.066768239,"mem_info_per_process":{"17046":{"rss":1309483008,"vms":3526746112,"shared":15241216,"text":2322432,"lib":0,"data":1903575040,"dirty":0,"uss":701452288,"pss":1000237056,"swap":0},"17022":{"rss":11251712,"vms":28168192,"shared":5701632,"text":2322432,"lib":0,"data":5283840,"dirty":0,"uss":5570560,"pss":6026240,"swap":0},"16991":{"rss":4439785472,"vms":13714788352,"shared":587067392,"text":2322432,"lib":0,"data":11882860544,"dirty":0,"uss":3434602496,"pss":3872450560,"swap":0}},"nvidia_draw_absolute":52.86,"nvidia_estimated_attributable_power_draw":52.86,"average_gpu_estimated_utilization_absolute":0.33,"per_gpu_average_estimated_utilization_absolute":{"(0, 16991)":{"sm":33.0,"mem":6.5,"enc":0.0,"dec":0.0}},"average_gpu_estimated_utilization_relative":1.0,"per_gpu_performance_state":{"0":"P2"},"per_gpu_power_draw":{"0":52.86},"cpu_count_adjusted_average_load":[0.1440625,0.144375,0.1453125],"realtime_carbon_intensity":212.1267297888,"disk_write_speed":51.4691478406,"process_ids":[17046,17022,16991]}
{"timestamp":1572292413.2019779682,"rapl_power_draw_absolute":71.4256073344,"rapl_estimated_attributable_power_draw":22.8880082187,"cpu_time_seconds":{"17046":{"user":1.06,"system":0.84,"children_user":0.08,"children_system":0.78},"17022":{"user":0.04,"system":0.0,"children_user":0.0,"children_system":0.0},"16991":{"user":88.28,"system":6.58,"children_user":1.1,"children_system":0.16}},"average_relative_cpu_utilization":0.2999846351,"absolute_cpu_utilization":1.0034767224,"relative_mem_usage":0.5100448736,"absolute_mem_usage":9024455680.0,"absolute_mem_percent_usage":0.0667987091,"mem_info_per_process":{"17046":{"rss":1309483008,"vms":3526746112,"shared":15241216,"text":2322432,"lib":0,"data":1903575040,"dirty":0,"uss":702824448,"pss":1000923136,"swap":0},"17022":{"rss":11251712,"vms":28168192,"shared":5701632,"text":2322432,"lib":0,"data":5283840,"dirty":0,"uss":5570560,"pss":6026240,"swap":0},"16991":{"rss":4439785472,"vms":13714788352,"shared":587067392,"text":2322432,"lib":0,"data":11882860544,"dirty":0,"uss":3435974656,"pss":3873136640,"swap":0}},"nvidia_draw_absolute":52.08,"nvidia_estimated_attributable_power_draw":52.08,"average_gpu_estimated_utilization_absolute":0.35,"per_gpu_average_estimated_utilization_absolute":{"(0, 16991)":{"sm":35,"mem":7,"enc":0,"dec":0}},"average_gpu_estimated_utilization_relative":1.0,"per_gpu_performance_state":{"0":"P2"},"per_gpu_power_draw":{"0":52.08},"cpu_count_adjusted_average_load":[0.145,0.144375,0.1453125],"realtime_carbon_intensity":212.1267297888,"disk_write_speed":53.1025882576,"process_ids":[17046,17022,16991]}
{"timestamp":1572292421.1479110718,"rapl_power_draw_absolute":71.432696626,"rapl_estimated_attributable_power_draw":22.7121352244,"cpu_time_seconds":{"17046":{"user":1.3,"system":1.0,"children_user":0.09,"children_system":0.93},"17022":{"user":0.04,"system":0.0,"children_user":0.0,"children_system":0.0},"16991":{"user":95.91,"system":6.9,"children_user":1.1,"children_system":0.16}},"average_relative_cpu_utilization":0.2970378947,"absolute_cpu_utilization":1.0084215802,"relative_mem_usage":0.5094034582,"absolute_mem_usage":9027355648.0,"absolute_mem_percent_usage":0.0668201745,"mem_info_per_process":{"17046":{"rss":1309483008,"vms":3526746112,"shared":15241216,"text":2322432,"lib":0,"data":1903575040,"dirty":0,"uss":703791104,"pss":1001406464,"swap":0},"17022":{"rss":11251712,"vms":28168192,"shared":5701632,"text":2322432,"lib":0,"data":5283840,"dirty":0,"uss":5570560,"pss":6026240,"swap":0},"16991":{"rss":4439785472,"vms":13714788352,"shared":587067392,"text":2322432,"lib":0,"data":11882860544,"dirty":0,"uss":3436941312,"pss":3873619968,"swap":0}},"nvidia_draw_absolute":51.88,"nvidia_estimated_attributable_power_draw":51.88,"average_gpu_estimated_utilization_absolute":0.35,"per_gpu_average_estimated_utilization_absolute":{"(0, 16991)":{"sm":35,"mem":7,"enc":0,"dec":0}},"average_gpu_estimated_utilization_relative":1.0,"per_gpu_performance_state":{"0":"P2"},"per_gpu_power_draw":{"0":51.88},"cpu_count_adjusted_average_load":[0.144375,0.144375,0.1453125],"realtime_carbon_intensity":212.1267297888,"disk_write_speed":50.7707919174,"process_ids":[17046,17022,16991]}
{"timestamp":1572292429.0891211033,"rapl_power_draw_absolute":71.6381355598,"rapl_estimated_attributable_power_draw":22.8374232784,"cpu_time_seconds":{"17046":{"user":1.53,"system":1.16,"children_user":0.1,"children_system":1.08},"17022":{"user":0.04,"system":0.0,"children_user":0.0,"children_system":0.0},"16991":{"user":103.53,"system":7.22,"children_user":1.1,"children_system":0.16}},"average_relative_cpu_utilization":0.2980380918,"absolute_cpu_utilization":0.998474808,"relative_mem_usage":0.5084174061,"absolute_mem_usage":9028850688.0,"absolute_mem_percent_usage":0.0668312408,"mem_info_per_process":{"17046":{"rss":1309483008,"vms":3526746112,"shared":15241216,"text":2322432,"lib":0,"data":1903575040,"dirty":0,"uss":704290816,"pss":1001656320,"swap":0},"17022":{"rss":11251712,"vms":28168192,"shared":5701632,"text":2322432,"lib":0,"data":5283840,"dirty":0,"uss":5570560,"pss":6023168,"swap":0},"16991":{"rss":4439785472,"vms":13714788352,"shared":587067392,"text":2322432,"lib":0,"data":11882860544,"dirty":0,"uss":3437441024,"pss":3873868800,"swap":0}},"nvidia_draw_absolute":49.35,"nvidia_estimated_attributable_power_draw":49.35,"average_gpu_estimated_utilization_absolute":0.345,"per_gpu_average_estimated_utilization_absolute":{"(0, 16991)":{"sm":34.5,"mem":7.0,"enc":0.0,"dec":0.0}},"average_gpu_estimated_utilization_relative":1.0,"per_gpu_performance_state":{"0":"P2"},"per_gpu_power_draw":{"0":49.35},"cpu_count_adjusted_average_load":[0.1453125,0.1446875,0.1453125],"realtime_carbon_intensity":212.1267297888,"disk_write_speed":51.0691812589,"process_ids":[17046,17022,16991]}
{"timestamp":1572292437.0528969765,"rapl_power_draw_absolute":77.1794575463,"rapl_estimated_attributable_power_draw":20.5862844243,"cpu_time_seconds":{"17046":{"user":1.77,"system":1.34,"children_user":0.12,"children_system":1.24},"17022":{"user":0.04,"system":0.0,"children_user":0.0,"children_system":0.0},"16991":{"user":111.22,"system":7.5,"children_user":1.1,"children_system":0.16}},"average_relative_cpu_utilization":0.2424419251,"absolute_cpu_utilization":1.0034000182,"relative_mem_usage":0.5018546051,"absolute_mem_usage":9029924864.0,"absolute_mem_percent_usage":0.0668391918,"mem_info_per_process":{"17046":{"rss":1309483008,"vms":3526746112,"shared":15241216,"text":2322432,"lib":0,"data":1903575040,"dirty":0,"uss":704729088,"pss":1001875456,"swap":0},"17022":{"rss":11251712,"vms":28168192,"shared":5701632,"text":2322432,"lib":0,"data":5283840,"dirty":0,"uss":5570560,"pss":6023168,"swap":0},"16991":{"rss":4439785472,"vms":13714788352,"shared":587067392,"text":2322432,"lib":0,"data":11882860544,"dirty":0,"uss":3437879296,"pss":3873847296,"swap":0}},"nvidia_draw_absolute":51.68,"nvidia_estimated_attributable_power_draw":51.68,"average_gpu_estimated_utilization_absolute":0.345,"per_gpu_average_estimated_utilization_absolute":{"(0, 16991)":{"sm":34.5,"mem":7.0,"enc":0.0,"dec":0.0}},"average_gpu_estimated_utilization_relative":1.0,"per_gpu_performance_state":{"0":"P2"},"per_gpu_power_draw":{"0":51.68},"cpu_count_adjusted_average_load":[0.146875,0.145,0.145625],"realtime_carbon_intensity":212.1267297888,"disk_write_speed":52.6469435857,"process_ids":[17046,17022,16991]}
{"timestamp":1572292445.0219779015,"rapl_power_draw_absolute":82.1026775721,"rapl_estimated_attributable_power_draw":21.2168922326,"cpu_time_seconds":{"17046":{"user":2.0,"system":1.5,"children_user":0.12,"children_system":1.41},"17022":{"user":0.04,"system":0.0,"children_user":0.0,"children_system":0.0},"16991":{"user":118.93,"system":7.76,"children_user":1.1,"children_system":0.16}},"average_relative_cpu_utilization":0.2356278021,"absolute_cpu_utilization":1.0034572238,"relative_mem_usage":0.5006738725,"absolute_mem_usage":9030834176.0,"absolute_mem_percent_usage":0.0668459225,"mem_info_per_process":{"17046":{"rss":1309483008,"vms":3526746112,"shared":15241216,"text":2322432,"lib":0,"data":1903575040,"dirty":0,"uss":705032192,"pss":1002027008,"swap":0},"17022":{"rss":11251712,"vms":28168192,"shared":5701632,"text":2322432,"lib":0,"data":5283840,"dirty":0,"uss":5570560,"pss":6023168,"swap":0},"16991":{"rss":4439785472,"vms":13714788352,"shared":587067392,"text":2322432,"lib":0,"data":11882860544,"dirty":0,"uss":3438182400,"pss":3873998848,"swap":0}},"nvidia_draw_absolute":49.74,"nvidia_estimated_attributable_power_draw":49.74,"average_gpu_estimated_utilization_absolute":0.35,"per_gpu_average_estimated_utilization_absolute":{"(0, 16991)":{"sm":35,"mem":7,"enc":0,"dec":0}},"average_gpu_estimated_utilization_relative":1.0,"per_gpu_performance_state":{"0":"P2"},"per_gpu_power_draw":{"0":49.74},"cpu_count_adjusted_average_load":[0.148125,0.1453125,0.145625],"realtime_carbon_intensity":212.1267297888,"disk_write_speed":36.6626868748,"process_ids":[17046,17022,16991]}
{"timestamp":1572292452.9878590107,"rapl_power_draw_absolute":82.0699110294,"rapl_estimated_attributable_power_draw":21.0363167018,"cpu_time_seconds":{"17046":{"user":2.23,"system":1.68,"children_user":0.12,"children_system":1.58},"17022":{"user":0.04,"system":0.0,"children_user":0.0,"children_system":0.0},"16991":{"user":126.63,"system":8.03,"children_user":1.1,"children_system":0.16}},"average_relative_cpu_utilization":0.2345209412,"absolute_cpu_utilization":1.0034051367,"relative_mem_usage":0.4997288246,"absolute_mem_usage":9031436288.0,"absolute_mem_percent_usage":0.0668503793,"mem_info_per_process":{"17046":{"rss":1309483008,"vms":3526746112,"shared":15241216,"text":2322432,"lib":0,"data":1903575040,"dirty":0,"uss":705232896,"pss":1002127360,"swap":0},"17022":{"rss":11251712,"vms":28168192,"shared":5701632,"text":2322432,"lib":0,"data":5283840,"dirty":0,"uss":5570560,"pss":6023168,"swap":0},"16991":{"rss":4439785472,"vms":13714788352,"shared":587067392,"text":2322432,"lib":0,"data":11882860544,"dirty":0,"uss":3438383104,"pss":3874099200,"swap":0}},"nvidia_draw_absolute":49.44,"nvidia_estimated_attributable_power_draw":49.44,"average_gpu_estimated_utilization_absolute":0.355,"per_gpu_average_estimated_utilization_absolute":{"(0, 16991)":{"sm":35.5,"mem":7.0,"enc":0.0,"dec":0.0}},"average_gpu_estimated_utilization_relative":1.0,"per_gpu_performance_state":{"0":"P2"},"per_gpu_power_draw":{"0":49.44},"cpu_count_adjusted_average_load":[0.14625,0.145,0.145625],"realtime_carbon_intensity":212.1267297888,"disk_write_speed":58.8399521533,"process_ids":[17046,17022,16991]}
{"timestamp":1572292460.9561400414,"rapl_power_draw_absolute":81.8221221702,"rapl_estimated_attributable_power_draw":20.8408315656,"cpu_time_seconds":{"17046":{"user":2.45,"system":1.87,"children_user":0.13,"children_system":1.74},"17022":{"user":0.04,"system":0.0,"children_user":0.0,"children_system":0.0},"16991":{"user":134.36,"system":8.26,"children_user":1.1,"children_system":0.16}},"average_relative_cpu_utilization":0.2316467598,"absolute_cpu_utilization":0.9934223306,"relative_mem_usage":0.4985552508,"absolute_mem_usage":9031952384.0,"absolute_mem_percent_usage":0.0668541994,"mem_info_per_process":{"17046":{"rss":1309483008,"vms":3526746112,"shared":15241216,"text":2322432,"lib":0,"data":1903575040,"dirty":0,"uss":705404928,"pss":1002213376,"swap":0},"17022":{"rss":11251712,"vms":28168192,"shared":5701632,"text":2322432,"lib":0,"data":5283840,"dirty":0,"uss":5570560,"pss":6023168,"swap":0},"16991":{"rss":4439785472,"vms":13714788352,"shared":587067392,"text":2322432,"lib":0,"data":11882860544,"dirty":0,"uss":3438555136,"pss":3874185216,"swap":0}},"nvidia_draw_absolute":49.05,"nvidia_estimated_attributable_power_draw":49.05,"average_gpu_estimated_utilization_absolute":0.35,"per_gpu_average_estimated_utilization_absolute":{"(0, 16991)":{"sm":35,"mem":7,"enc":0,"dec":0}},"average_gpu_estimated_utilization_relative":1.0,"per_gpu_performance_state":{"0":"P2"},"per_gpu_power_draw":{"0":49.05},"cpu_count_adjusted_average_load":[0.1478125,0.1453125,0.145625],"realtime_carbon_intensity":212.1267297888,"disk_write_speed":39.2774190407,"process_ids":[17046,17022,16991]}
{"timestamp":1572292468.9024169445,"rapl_power_draw_absolute":82.433880331,"rapl_estimated_attributable_power_draw":22.8035940158,"cpu_time_seconds":{"17046":{"user":2.64,"system":2.04,"children_user":0.14,"children_system":1.9},"17022":{"user":0.04,"system":0.0,"children_user":0.0,"children_system":0.0},"16991":{"user":142.05,"system":8.53,"children_user":1.1,"children_system":0.16}},"average_relative_cpu_utilization":0.2361742919,"absolute_cpu_utilization":1.0033921776,"relative_mem_usage":0.6844236503,"absolute_mem_usage":9136552960.0,"absolute_mem_percent_usage":0.0676284493,"mem_info_per_process":{"17046":{"rss":1309483008,"vms":3526746112,"shared":15241216,"text":2322432,"lib":0,"data":1903575040,"dirty":0,"uss":705671168,"pss":1003482112,"swap":0},"17022":{"rss":11251712,"vms":28168192,"shared":5701632,"text":2322432,"lib":0,"data":5283840,"dirty":0,"uss":5570560,"pss":6240256,"swap":0},"16991":{"rss":4439785472,"vms":13714788352,"shared":587067392,"text":2322432,"lib":0,"data":11882860544,"dirty":0,"uss":3467440128,"pss":3948148736,"swap":0}},"nvidia_draw_absolute":50.22,"nvidia_estimated_attributable_power_draw":50.22,"average_gpu_estimated_utilization_absolute":0.35,"per_gpu_average_estimated_utilization_absolute":{"(0, 16991)":{"sm":35,"mem":7,"enc":0,"dec":0}},"average_gpu_estimated_utilization_relative":1.0,"per_gpu_performance_state":{"0":"P2"},"per_gpu_power_draw":{"0":50.22},"cpu_count_adjusted_average_load":[0.1459375,0.145,0.145625],"realtime_carbon_intensity":212.1267297888,"disk_write_speed":46.7035959107,"process_ids":[17046,17022,16991]}
{"timestamp":1572292476.870290041,"rapl_power_draw_absolute":75.3117551621,"rapl_estimated_attributable_power_draw":25.1205983604,"cpu_time_seconds":{"17046":{"user":2.84,"system":2.22,"children_user":0.16,"children_system":2.06},"17022":{"user":0.04,"system":0.0,"children_user":0.0,"children_system":0.0},"16991":{"user":149.75,"system":8.8,"children_user":1.1,"children_system":0.16}},"average_relative_cpu_utilization":0.2980356581,"absolute_cpu_utilization":0.9984483748,"relative_mem_usage":0.6839342205,"absolute_mem_usage":9137011712.0,"absolute_mem_percent_usage":0.0676318449,"mem_info_per_process":{"17046":{"rss":1309483008,"vms":3526746112,"shared":15241216,"text":2322432,"lib":0,"data":1903575040,"dirty":0,"uss":705806336,"pss":1003554816,"swap":0},"17022":{"rss":11251712,"vms":28168192,"shared":5701632,"text":2322432,"lib":0,"data":5283840,"dirty":0,"uss":5570560,"pss":6248448,"swap":0},"16991":{"rss":4439785472,"vms":13714788352,"shared":587067392,"text":2322432,"lib":0,"data":11882860544,"dirty":0,"uss":3467583488,"pss":3948248064,"swap":0}},"nvidia_draw_absolute":50.81,"nvidia_estimated_attributable_power_draw":50.81,"average_gpu_estimated_utilization_absolute":0.34,"per_gpu_average_estimated_utilization_absolute":{"(0, 16991)":{"sm":34,"mem":7,"enc":0,"dec":0}},"average_gpu_estimated_utilization_relative":1.0,"per_gpu_performance_state":{"0":"P2"},"per_gpu_power_draw":{"0":50.81},"cpu_count_adjusted_average_load":[0.138125,0.1434375,0.145],"realtime_carbon_intensity":212.1267297888,"disk_write_speed":53.5438000586,"process_ids":[17046,17022,16991]}
{"timestamp":1572292484.8119380474,"rapl_power_draw_absolute":73.2057845914,"rapl_estimated_attributable_power_draw":24.7934014605,"cpu_time_seconds":{"17046":{"user":3.08,"system":2.38,"children_user":0.18,"children_system":2.21},"17022":{"user":0.04,"system":0.0,"children_user":0.0,"children_system":0.0},"16991":{"user":157.44,"system":9.06,"children_user":1.1,"children_system":0.16}},"average_relative_cpu_utilization":0.3026871386,"absolute_cpu_utilization":1.0041507462,"relative_mem_usage":0.6826423665,"absolute_mem_usage":9137343488.0,"absolute_mem_percent_usage":0.0676343007,"mem_info_per_process":{"17046":{"rss":1309483008,"vms":3526746112,"shared":15241216,"text":2322432,"lib":0,"data":1903575040,"dirty":0,"uss":705921024,"pss":1003612160,"swap":0},"17022":{"rss":11251712,"vms":28168192,"shared":5701632,"text":2322432,"lib":0,"data":5283840,"dirty":0,"uss":5570560,"pss":6248448,"swap":0},"16991":{"rss":4439785472,"vms":13714788352,"shared":587067392,"text":2322432,"lib":0,"data":11882860544,"dirty":0,"uss":3467689984,"pss":3948301312,"swap":0}},"nvidia_draw_absolute":49.75,"nvidia_estimated_attributable_power_draw":49.75,"average_gpu_estimated_utilization_absolute":0.345,"per_gpu_average_estimated_utilization_absolute":{"(0, 16991)":{"sm":34.5,"mem":7.0,"enc":0.0,"dec":0.0}},"average_gpu_estimated_utilization_relative":1.0,"per_gpu_performance_state":{"0":"P2"},"per_gpu_power_draw":{"0":49.75},"cpu_count_adjusted_average_load":[0.1359375,0.1428125,0.1446875],"realtime_carbon_intensity":212.1267297888,"disk_write_speed":54.7568204442,"process_ids":[17046,17022,16991]}
{"timestamp":1572292492.763669014,"rapl_power_draw_absolute":74.2425665188,"rapl_estimated_attributable_power_draw":25.308573315,"cpu_time_seconds":{"17046":{"user":3.32,"system":2.54,"children_user":0.18,"children_system":2.37},"17022":{"user":0.04,"system":0.0,"children_user":0.0,"children_system":0.0},"16991":{"user":165.16,"system":9.29,"children_user":1.1,"children_system":0.16}},"average_relative_cpu_utilization":0.3044021219,"absolute_cpu_utilization":0.9984683681,"relative_mem_usage":0.6811751377,"absolute_mem_usage":9137589248.0,"absolute_mem_percent_usage":0.0676361198,"mem_info_per_process":{"17046":{"rss":1309483008,"vms":3526746112,"shared":15241216,"text":2322432,"lib":0,"data":1903575040,"dirty":0,"uss":706002944,"pss":1003653120,"swap":0},"17022":{"rss":11251712,"vms":28168192,"shared":5701632,"text":2322432,"lib":0,"data":5283840,"dirty":0,"uss":5570560,"pss":6248448,"swap":0},"16991":{"rss":4439785472,"vms":13714788352,"shared":587067392,"text":2322432,"lib":0,"data":11882860544,"dirty":0,"uss":3467771904,"pss":3948342272,"swap":0}},"nvidia_draw_absolute":49.63,"nvidia_estimated_attributable_power_draw":49.63,"average_gpu_estimated_utilization_absolute":0.35,"per_gpu_average_estimated_utilization_absolute":{"(0, 16991)":{"sm":35,"mem":7,"enc":0,"dec":0}},"average_gpu_estimated_utilization_relative":1.0,"per_gpu_performance_state":{"0":"P2"},"per_gpu_power_draw":{"0":49.63},"cpu_count_adjusted_average_load":[0.135,0.1425,0.1446875],"realtime_carbon_intensity":212.1267297888,"disk_write_speed":51.6234738086,"process_ids":[17046,17022,16991]}
{"timestamp":1572292500.718542099,"rapl_power_draw_absolute":74.7294774241,"rapl_estimated_attributable_power_draw":25.3211050199,"cpu_time_seconds":{"17046":{"user":3.55,"system":2.7,"children_user":0.21,"children_system":2.52},"17022":{"user":0.04,"system":0.0,"children_user":0.0,"children_system":0.0},"16991":{"user":172.88,"system":9.53,"children_user":1.1,"children_system":0.16}},"average_relative_cpu_utilization":0.3034684044,"absolute_cpu_utilization":0.9984358559,"relative_mem_usage":0.6796244846,"absolute_mem_usage":9137785856.0,"absolute_mem_percent_usage":0.0676375751,"mem_info_per_process":{"17046":{"rss":1309483008,"vms":3526746112,"shared":15241216,"text":2322432,"lib":0,"data":1903575040,"dirty":0,"uss":706068480,"pss":1003685888,"swap":0},"17022":{"rss":11251712,"vms":28168192,"shared":5701632,"text":2322432,"lib":0,"data":5283840,"dirty":0,"uss":5570560,"pss":6248448,"swap":0},"16991":{"rss":4439785472,"vms":13714788352,"shared":587067392,"text":2322432,"lib":0,"data":11882860544,"dirty":0,"uss":3467837440,"pss":3948375040,"swap":0}},"nvidia_draw_absolute":51.4,"nvidia_estimated_attributable_power_draw":51.4,"average_gpu_estimated_utilization_absolute":0.35,"per_gpu_average_estimated_utilization_absolute":{"(0, 16991)":{"sm":35,"mem":7,"enc":0,"dec":0}},"average_gpu_estimated_utilization_relative":1.0,"per_gpu_performance_state":{"0":"P2"},"per_gpu_power_draw":{"0":51.4},"cpu_count_adjusted_average_load":[0.12625,0.1403125,0.14375],"realtime_carbon_intensity":212.1267297888,"disk_write_speed":46.9792333946,"process_ids":[17046,17022,16991]}
{"timestamp":1572292508.6561388969,"rapl_power_draw_absolute":64.0952286962,"rapl_estimated_attributable_power_draw":30.0373070413,"cpu_time_seconds":{"17046":{"user":3.77,"system":2.86,"children_user":0.21,"children_system":2.67},"17022":{"user":0.04,"system":0.0,"children_user":0.0,"children_system":0.0},"16991":{"user":180.47,"system":9.88,"children_user":1.1,"children_system":0.16}},"average_relative_cpu_utilization":0.4385618565,"absolute_cpu_utilization":0.9984425851,"relative_mem_usage":0.7157601045,"absolute_mem_usage":9138638848.0,"absolute_mem_percent_usage":0.0676438889,"mem_info_per_process":{"17046":{"rss":1309483008,"vms":3526746112,"shared":15241216,"text":2322432,"lib":0,"data":1903575040,"dirty":0,"uss":706146304,"pss":1003737088,"swap":0},"17022":{"rss":11251712,"vms":28168192,"shared":5701632,"text":2322432,"lib":0,"data":5283840,"dirty":0,"uss":5570560,"pss":6273024,"swap":0},"16991":{"rss":4439785472,"vms":13714788352,"shared":587067392,"text":2322432,"lib":0,"data":11882860544,"dirty":0,"uss":3467919360,"pss":3948992512,"swap":0}},"nvidia_draw_absolute":50.42,"nvidia_estimated_attributable_power_draw":50.42,"average_gpu_estimated_utilization_absolute":0.36,"per_gpu_average_estimated_utilization_absolute":{"(0, 16991)":{"sm":36.0,"mem":7.5,"enc":0.0,"dec":0.0}},"average_gpu_estimated_utilization_relative":1.0,"per_gpu_performance_state":{"0":"P2"},"per_gpu_power_draw":{"0":50.42},"cpu_count_adjusted_average_load":[0.12125,0.1390625,0.1434375],"realtime_carbon_intensity":212.1267297888,"disk_write_speed":45.2759609685,"process_ids":[17046,17022,16991]}
{"timestamp":1572292516.6040890217,"rapl_power_draw_absolute":64.0065113365,"rapl_estimated_attributable_power_draw":30.0650280051,"cpu_time_seconds":{"17046":{"user":4.0,"system":3.04,"children_user":0.24,"children_system":2.81},"17022":{"user":0.04,"system":0.0,"children_user":0.0,"children_system":0.0},"16991":{"user":188.1,"system":10.2,"children_user":1.1,"children_system":0.16}},"average_relative_cpu_utilization":0.4407700953,"absolute_cpu_utilization":1.003686776,"relative_mem_usage":0.7157946068,"absolute_mem_usage":9138847744.0,"absolute_mem_percent_usage":0.0676454352,"mem_info_per_process":{"17046":{"rss":1309483008,"vms":3526746112,"shared":15241216,"text":2322432,"lib":0,"data":1903575040,"dirty":0,"uss":706215936,"pss":1003771904,"swap":0},"17022":{"rss":11251712,"vms":28168192,"shared":5701632,"text":2322432,"lib":0,"data":5283840,"dirty":0,"uss":5570560,"pss":6273024,"swap":0},"16991":{"rss":4439785472,"vms":13714788352,"shared":587067392,"text":2322432,"lib":0,"data":11882860544,"dirty":0,"uss":3467988992,"pss":3949027328,"swap":0}},"nvidia_draw_absolute":51.98,"nvidia_estimated_attributable_power_draw":51.98,"average_gpu_estimated_utilization_absolute":0.36,"per_gpu_average_estimated_utilization_absolute":{"(0, 16991)":{"sm":36.0,"mem":7.5,"enc":0.0,"dec":0.0}},"average_gpu_estimated_utilization_relative":1.0,"per_gpu_performance_state":{"0":"P2"},"per_gpu_power_draw":{"0":51.98},"cpu_count_adjusted_average_load":[0.114375,0.136875,0.1428125],"realtime_carbon_intensity":212.1267297888,"disk_write_speed":53.7145930717,"process_ids":[17046,17022,16991]}
{"timestamp":1572292524.5552899837,"rapl_power_draw_absolute":63.8812863664,"rapl_estimated_attributable_power_draw":29.4739363731,"cpu_time_seconds":{"17046":{"user":4.22,"system":3.23,"children_user":0.27,"children_system":2.95},"17022":{"user":0.04,"system":0.0,"children_user":0.0,"children_system":0.0},"16991":{"user":195.81,"system":10.44,"children_user":1.1,"children_system":0.16}},"average_relative_cpu_utilization":0.4306990912,"absolute_cpu_utilization":0.9935249011,"relative_mem_usage":0.715828618,"absolute_mem_usage":9138982912.0,"absolute_mem_percent_usage":0.0676464357,"mem_info_per_process":{"17046":{"rss":1309483008,"vms":3526746112,"shared":15241216,"text":2322432,"lib":0,"data":1903575040,"dirty":0,"uss":706260992,"pss":1003794432,"swap":0},"17022":{"rss":11251712,"vms":28168192,"shared":5701632,"text":2322432,"lib":0,"data":5283840,"dirty":0,"uss":5570560,"pss":6273024,"swap":0},"16991":{"rss":4439785472,"vms":13714788352,"shared":587067392,"text":2322432,"lib":0,"data":11882860544,"dirty":0,"uss":3468034048,"pss":3949049856,"swap":0}},"nvidia_draw_absolute":50.04,"nvidia_estimated_attributable_power_draw":50.04,"average_gpu_estimated_utilization_absolute":0.36,"per_gpu_average_estimated_utilization_absolute":{"(0, 16991)":{"sm":36.0,"mem":7.5,"enc":0.0,"dec":0.0}},"average_gpu_estimated_utilization_relative":1.0,"per_gpu_performance_state":{"0":"P2"},"per_gpu_power_draw":{"0":50.04},"cpu_count_adjusted_average_load":[0.1128125,0.13625,0.1425],"realtime_carbon_intensity":212.1267297888,"disk_write_speed":33.6056707639,"process_ids":[17046,17022,16991]}
{"timestamp":1572292532.5147230625,"rapl_power_draw_absolute":63.6668281461,"rapl_estimated_attributable_power_draw":29.8851373493,"cpu_time_seconds":{"17046":{"user":4.42,"system":3.4,"children_user":0.28,"children_system":3.11},"17022":{"user":0.04,"system":0.0,"children_user":0.0,"children_system":0.0},"16991":{"user":203.51,"system":10.71,"children_user":1.1,"children_system":0.16}},"average_relative_cpu_utilization":0.4388299597,"absolute_cpu_utilization":1.0034412007,"relative_mem_usage":0.7158421909,"absolute_mem_usage":9139118080.0,"absolute_mem_percent_usage":0.0676474362,"mem_info_per_process":{"17046":{"rss":1309483008,"vms":3526746112,"shared":15241216,"text":2322432,"lib":0,"data":1903575040,"dirty":0,"uss":706306048,"pss":1003816960,"swap":0},"17022":{"rss":11251712,"vms":28168192,"shared":5701632,"text":2322432,"lib":0,"data":5283840,"dirty":0,"uss":5570560,"pss":6273024,"swap":0},"16991":{"rss":4439785472,"vms":13714788352,"shared":587067392,"text":2322432,"lib":0,"data":11882860544,"dirty":0,"uss":3468079104,"pss":3949072384,"swap":0}},"nvidia_draw_absolute":50.22,"nvidia_estimated_attributable_power_draw":50.22,"average_gpu_estimated_utilization_absolute":0.355,"per_gpu_average_estimated_utilization_absolute":{"(0, 16991)":{"sm":35.5,"mem":7.0,"enc":0.0,"dec":0.0}},"average_gpu_estimated_utilization_relative":1.0,"per_gpu_performance_state":{"0":"P2"},"per_gpu_power_draw":{"0":50.22},"cpu_count_adjusted_average_load":[0.1096875,0.1346875,0.141875],"realtime_carbon_intensity":212.1267297888,"disk_write_speed":50.1938003799,"process_ids":[17046,17022,16991]}
{"timestamp":1572292540.4792571068,"rapl_power_draw_absolute":65.9052382294,"rapl_estimated_attributable_power_draw":25.9194130199,"cpu_time_seconds":{"17046":{"user":4.64,"system":3.57,"children_user":0.29,"children_system":3.27},"17022":{"user":0.04,"system":0.0,"children_user":0.0,"children_system":0.0},"16991":{"user":211.24,"system":10.95,"children_user":1.1,"children_system":0.16}},"average_relative_cpu_utilization":0.355107016,"absolute_cpu_utilization":1.0034326613,"relative_mem_usage":0.7131076027,"absolute_mem_usage":9136209920.0,"absolute_mem_percent_usage":0.0676259101,"mem_info_per_process":{"17046":{"rss":1309483008,"vms":3526746112,"shared":15241216,"text":2322432,"lib":0,"data":1903575040,"dirty":0,"uss":706383872,"pss":1003479040,"swap":0},"17022":{"rss":11251712,"vms":28168192,"shared":5701632,"text":2322432,"lib":0,"data":5283840,"dirty":0,"uss":5570560,"pss":6155264,"swap":0},"16991":{"rss":4439785472,"vms":13714788352,"shared":587067392,"text":2322432,"lib":0,"data":11882860544,"dirty":0,"uss":3468017664,"pss":3946603520,"swap":0}},"nvidia_draw_absolute":49.53,"nvidia_estimated_attributable_power_draw":49.53,"average_gpu_estimated_utilization_absolute":0.345,"per_gpu_average_estimated_utilization_absolute":{"(0, 16991)":{"sm":34.5,"mem":7.0,"enc":0.0,"dec":0.0}},"average_gpu_estimated_utilization_relative":1.0,"per_gpu_performance_state":{"0":"P2"},"per_gpu_power_draw":{"0":49.53},"cpu_count_adjusted_average_load":[0.1096875,0.1340625,0.1415625],"realtime_carbon_intensity":212.1267297888,"disk_write_speed":42.7902083244,"process_ids":[17046,17022,16991]}
{"timestamp":1572292548.4733068943,"rapl_power_draw_absolute":63.9586469576,"rapl_estimated_attributable_power_draw":29.1744237612,"cpu_time_seconds":{"17046":{"user":4.83,"system":3.76,"children_user":0.29,"children_system":3.43},"17022":{"user":0.04,"system":0.0,"children_user":0.0,"children_system":0.0},"16991":{"user":218.94,"system":11.24,"children_user":1.1,"children_system":0.16}},"average_relative_cpu_utilization":0.4245962175,"absolute_cpu_utilization":0.9984085057,"relative_mem_usage":0.7115095685,"absolute_mem_usage":9136200704.0,"absolute_mem_percent_usage":0.0676258419,"mem_info_per_process":{"17046":{"rss":1309483008,"vms":3526746112,"shared":15241216,"text":2322432,"lib":0,"data":1903575040,"dirty":0,"uss":706420736,"pss":1003484160,"swap":0},"17022":{"rss":11251712,"vms":28168192,"shared":5701632,"text":2322432,"lib":0,"data":5283840,"dirty":0,"uss":5570560,"pss":6147072,"swap":0},"16991":{"rss":4439785472,"vms":13714788352,"shared":587067392,"text":2322432,"lib":0,"data":11882860544,"dirty":0,"uss":3468054528,"pss":3946523648,"swap":0}},"nvidia_draw_absolute":49.15,"nvidia_estimated_attributable_power_draw":49.15,"average_gpu_estimated_utilization_absolute":0.35,"per_gpu_average_estimated_utilization_absolute":{"(0, 16991)":{"sm":35,"mem":7,"enc":0,"dec":0}},"average_gpu_estimated_utilization_relative":1.0,"per_gpu_performance_state":{"0":"P2"},"per_gpu_power_draw":{"0":49.15},"cpu_count_adjusted_average_load":[0.1084375,0.1334375,0.14125],"realtime_carbon_intensity":212.1267297888,"disk_write_speed":52.4181464971,"process_ids":[17046,17022,16991]}
